{"type":"FeatureCollection","features":[
{"type":"Feature","geometry":{"type":"LineString","coordinates":[[35.26643,-15.05958],[35.26662,-15.05956],[35.277,-15.05844],[35.27936,-15.05819],[35.28059,-15.05806],[35.28296,-15.0578],[35.28418,-15.05767],[35.28517,-15.05758],[35.28597,-15.05748],[35.28686,-15.05736],[35.28727,-15.05728],[35.28804,-15.05714],[35.28874,-15.057],[35.28966,-15.05675],[35.29069,-15.05646],[35.29315,-15.05562],[35.29421,-15.05521],[35.29456,-15.05508],[35.29528,-15.05485],[35.29582,-15.05468],[35.29627,-15.05455],[35.29753,-15.05422],[35.29851,-15.054],[35.29924,-15.05388],[35.30012,-15.05375],[35.30062,-15.05369],[35.30108,-15.05364],[35.3017,-15.05358],[35.30226,-15.05354],[35.30282,-15.05351],[35.30306,-15.0535],[35.30359,-15.05349],[35.30411,-15.05348],[35.30427,-15.05348],[35.30464,-15.05349],[35.305,-15.05351],[35.30545,-15.05352],[35.30581,-15.05354],[35.30633,-15.05357],[35.3068,-15.05361],[35.30722,-15.05365],[35.30942,-15.05384],[35.30999,-15.05389],[35.31162,-15.05403],[35.31572,-15.05439],[35.31642,-15.05446],[35.31664,-15.05448],[35.31721,-15.0545],[35.31855,-15.05451],[35.31895,-15.05449],[35.31974,-15.05442],[35.32031,-15.05436],[35.32103,-15.05423],[35.32169,-15.05411],[35.32224,-15.05398],[35.32276,-15.05383],[35.32341,-15.05364],[35.32386,-15.05348],[35.32437,-15.05329],[35.32489,-15.05308],[35.32539,-15.05285],[35.3259,-15.05258],[35.32639,-15.05233],[35.32725,-15.0518],[35.32926,-15.05036],[35.33029,-15.04977],[35.33106,-15.04932],[35.33201,-15.04889],[35.33305,-15.04855],[35.33423,-15.04815],[35.33537,-15.04784],[35.33696,-15.04759],[35.33859,-15.04751],[35.3405,-15.04743],[35.34237,-15.04755],[35.3453,-15.04779],[35.35037,-15.04879],[35.35768,-15.05026],[35.35897,-15.05046],[35.36067,-15.05059],[35.36241,-15.05063],[35.36382,-15.05053],[35.36524,-15.05038],[35.36796,-15.04988],[35.36895,-15.04976],[35.37073,-15.04971],[35.37267,-15.04983],[35.37458,-15.05024],[35.37691,-15.05093],[35.37853,-15.05134],[35.38025,-15.05157],[35.38147,-15.05169],[35.38268,-15.05177],[35.38426,-15.05173],[35.38588,-15.0516],[35.38707,-15.0514],[35.38885,-15.05106],[35.38945,-15.05089],[35.39016,-15.05072],[35.39256,-15.05014],[35.39329,-15.04996],[35.39346,-15.04992],[35.39482,-15.0496],[35.39678,-15.04913],[35.39837,-15.04875],[35.39925,-15.04854],[35.40035,-15.04814],[35.4015,-15.04756],[35.40211,-15.04715],[35.40564,-15.04464],[35.40853,-15.04258],[35.40974,-15.04156],[35.41117,-15.0401],[35.41283,-15.03778],[35.41418,-15.03549],[35.4152,-15.03409],[35.41686,-15.03204],[35.41929,-15.02937],[35.42008,-15.02861],[35.42242,-15.02646],[35.42438,-15.02503],[35.42518,-15.0243],[35.42585,-15.02341],[35.42629,-15.02246],[35.42696,-15.02142],[35.42772,-15.02061],[35.42859,-15.01986],[35.43046,-15.01886],[35.43229,-15.0178],[35.43359,-15.01668],[35.4344,-15.01619],[35.43592,-15.01535],[35.43656,-15.01479],[35.43696,-15.01412],[35.43721,-15.01354],[35.43757,-15.01275],[35.4379,-15.01216],[35.43827,-15.01179],[35.43857,-15.01152],[35.4389,-15.01132],[35.43931,-15.01113],[35.43987,-15.01092],[35.44062,-15.01072],[35.44137,-15.01025],[35.44194,-15.00981],[35.44296,-15.00874],[35.444,-15.00809],[35.44472,-15.00743],[35.44487,-15.00701],[35.44503,-15.00649],[35.44509,-15.00618],[35.44511,-15.00582],[35.44509,-15.00554],[35.44501,-15.00517],[35.44489,-15.00485],[35.44475,-15.00461],[35.44458,-15.00436],[35.44436,-15.00408],[35.44412,-15.00373],[35.44395,-15.00335],[35.44385,-15.003],[35.44381,-15.00274],[35.44379,-15.00249],[35.44386,-15.00212],[35.44398,-15.00174],[35.44413,-15.00144],[35.44432,-15.00117],[35.4445,-15.001],[35.44477,-15.00078],[35.445,-15.00064],[35.4453,-15.00051],[35.4456,-15.00043],[35.4459,-15.00039],[35.44615,-15.00038],[35.44655,-15.00043],[35.44684,-15.00051],[35.44712,-15.00063],[35.44744,-15.00082],[35.44806,-15.00123],[35.44838,-15.00138],[35.44869,-15.00146],[35.44899,-15.0015],[35.44929,-15.0015],[35.44958,-15.00148],[35.44987,-15.00141],[35.45014,-15.00128],[35.4505,-15.00107],[35.45072,-15.00091],[35.45093,-15.00068],[35.45108,-15.00048],[35.45121,-15.00023],[35.45134,-14.99989],[35.45142,-14.99951],[35.45149,-14.99905],[35.4516,-14.9987],[35.45171,-14.99846],[35.45186,-14.9982],[35.45205,-14.99797],[35.45224,-14.99778],[35.45249,-14.99761],[35.45277,-14.99746],[35.45302,-14.99737],[35.45339,-14.99728],[35.4539,-14.9972],[35.45438,-14.99708],[35.45469,-14.99697],[35.45503,-14.99681],[35.45541,-14.9966],[35.45582,-14.99629],[35.45622,-14.996],[35.45655,-14.99581],[35.45689,-14.99563],[35.45727,-14.9955],[35.4576,-14.99543],[35.45796,-14.99536],[35.45838,-14.99535],[35.45879,-14.99536],[35.45919,-14.99544],[35.45958,-14.99554],[35.45964,-14.99556],[35.46005,-14.99572],[35.46037,-14.99591],[35.46065,-14.9961],[35.46114,-14.99653],[35.4615,-14.99684],[35.46214,-14.99728],[35.46253,-14.99746],[35.46349,-14.9978],[35.46394,-14.99802],[35.46434,-14.99827],[35.46466,-14.99853],[35.46516,-14.99901],[35.46546,-14.99926],[35.46611,-14.99973],[35.46654,-14.99999],[35.46713,-15.00029],[35.46817,-15.00079],[35.46879,-15.0011],[35.46918,-15.00136],[35.46941,-15.00155],[35.46969,-15.00183],[35.46988,-15.00208],[35.47022,-15.00254],[35.47052,-15.00289],[35.47087,-15.00322],[35.4712,-15.00343],[35.47157,-15.00364],[35.47195,-15.00381],[35.47232,-15.00392],[35.47277,-15.00401],[35.47316,-15.00404],[35.47333,-15.00403],[35.47362,-15.00402],[35.47393,-15.00398],[35.47435,-15.00389],[35.47461,-15.0038],[35.47506,-15.00359],[35.47537,-15.00342],[35.47566,-15.0032],[35.47595,-15.00295],[35.47608,-15.00282],[35.47617,-15.00273],[35.47641,-15.00241],[35.47657,-15.00216],[35.47673,-15.00182],[35.47684,-15.00156],[35.47688,-15.00141],[35.47692,-15.00126],[35.47706,-15.00082],[35.47723,-15.00044],[35.47744,-15.00009],[35.47772,-14.99974],[35.47799,-14.99946],[35.47824,-14.99924],[35.47856,-14.99901],[35.47893,-14.99881],[35.47928,-14.99866],[35.47962,-14.99855],[35.48013,-14.99845],[35.4807,-14.99834],[35.48113,-14.99822],[35.48138,-14.99812],[35.48168,-14.99797],[35.48216,-14.99768],[35.48258,-14.99747],[35.48292,-14.99733],[35.48347,-14.99718],[35.48386,-14.99713],[35.48419,-14.99712],[35.48459,-14.99714],[35.48491,-14.99719],[35.48524,-14.99727],[35.48557,-14.99739],[35.48582,-14.99749],[35.48624,-14.99775],[35.48659,-14.99799],[35.48688,-14.99825],[35.48714,-14.99853],[35.48743,-14.99889],[35.48766,-14.99914],[35.48794,-14.99939],[35.48829,-14.99964],[35.48833,-14.99966],[35.48863,-14.99982],[35.48895,-14.99997],[35.48941,-15.0001],[35.48965,-15.00015]]},"properties":{"id":24412630,"rt":"rail","name":"","ref":"","usage":"main","gauge":"1067","electrified":"no","km":28.182}},
{"type":"Feature","geometry":{"type":"LineString","coordinates":[[33.6299,-13.89545],[33.62881,-13.8955],[33.62799,-13.89557],[33.62749,-13.89569],[33.62693,-13.89591],[33.62608,-13.89641],[33.62503,-13.89706],[33.62444,-13.89741],[33.62407,-13.89759],[33.62359,-13.89777],[33.62288,-13.89791],[33.62209,-13.89794],[33.62179,-13.89791],[33.6209,-13.8978],[33.61893,-13.89714],[33.61799,-13.89691],[33.61712,-13.89684],[33.61648,-13.8969],[33.61586,-13.89702],[33.61243,-13.89813],[33.61097,-13.89861],[33.60802,-13.89958],[33.60519,-13.90051],[33.60114,-13.90165],[33.59902,-13.90225],[33.59568,-13.90313],[33.59536,-13.90323],[33.59342,-13.9036],[33.59146,-13.90387],[33.59132,-13.90388],[33.59041,-13.90401],[33.59011,-13.90406],[33.5891,-13.9042],[33.58826,-13.90435],[33.58783,-13.90448],[33.5875,-13.90463],[33.58605,-13.90537],[33.58515,-13.90583],[33.58441,-13.90619],[33.58288,-13.90658],[33.58195,-13.90678],[33.57737,-13.90785],[33.57674,-13.90814],[33.57615,-13.90841],[33.57456,-13.90918],[33.56749,-13.91254],[33.56652,-13.91302],[33.56424,-13.91413],[33.56209,-13.91516],[33.56126,-13.91547],[33.56066,-13.91564],[33.55984,-13.91582],[33.55929,-13.9159],[33.5587,-13.91596],[33.55821,-13.91597],[33.55777,-13.91595],[33.55722,-13.9159],[33.55671,-13.91583],[33.55625,-13.91573],[33.55549,-13.91555],[33.55509,-13.91542],[33.5544,-13.91514],[33.55285,-13.91441],[33.55017,-13.91315],[33.54289,-13.90968],[33.54177,-13.90915],[33.54097,-13.90878],[33.54053,-13.90857],[33.53966,-13.9081],[33.53782,-13.90665],[33.53631,-13.90546],[33.53584,-13.90509],[33.53326,-13.903],[33.53302,-13.9028],[33.5325,-13.90238],[33.53238,-13.90229],[33.53131,-13.90146],[33.52925,-13.89982],[33.52781,-13.89868],[33.52707,-13.89816],[33.52626,-13.89778],[33.52571,-13.89762],[33.52518,-13.89751],[33.52167,-13.89735],[33.51779,-13.8972],[33.51702,-13.89718],[33.51679,-13.89718],[33.5146,-13.89732],[33.51431,-13.89734],[33.51125,-13.89756],[33.51096,-13.89758],[33.50995,-13.89764],[33.50901,-13.89771],[33.50811,-13.89778],[33.50763,-13.89781],[33.50156,-13.89826],[33.49598,-13.89866],[33.49156,-13.89896],[33.48727,-13.89929],[33.48472,-13.89948],[33.48426,-13.89954],[33.4839,-13.89961],[33.48353,-13.8997],[33.48318,-13.8998],[33.4828,-13.89991],[33.48217,-13.90012],[33.47859,-13.90125],[33.47686,-13.9018],[33.47489,-13.90243],[33.47212,-13.90329],[33.47166,-13.90343],[33.47133,-13.90355],[33.471,-13.9037],[33.47072,-13.90385],[33.47039,-13.90404],[33.4699,-13.90435],[33.46723,-13.90603],[33.46691,-13.90623],[33.46657,-13.90645],[33.46609,-13.90676],[33.46577,-13.90695],[33.46543,-13.90713],[33.465,-13.90732],[33.4646,-13.90748],[33.46412,-13.90764],[33.46326,-13.90787],[33.45811,-13.90912],[33.45581,-13.90968],[33.45031,-13.91103],[33.44963,-13.91118],[33.44924,-13.91125],[33.44889,-13.91128],[33.44858,-13.91128],[33.44821,-13.91126],[33.44783,-13.91118],[33.44744,-13.91108],[33.44711,-13.91097],[33.44677,-13.91084],[33.44645,-13.91067],[33.44519,-13.90986],[33.44485,-13.90965],[33.44451,-13.90949],[33.44416,-13.90935],[33.4438,-13.90924],[33.4433,-13.90912],[33.44304,-13.90908],[33.44265,-13.90906],[33.44227,-13.90908],[33.44183,-13.90915],[33.44128,-13.90927],[33.44073,-13.90941],[33.44034,-13.90951],[33.43999,-13.9096],[33.43942,-13.90977],[33.43556,-13.91086],[33.43267,-13.91161],[33.43139,-13.91183],[33.42873,-13.91218],[33.42105,-13.91332],[33.41939,-13.91358],[33.41838,-13.91355],[33.41651,-13.91311],[33.41565,-13.91288],[33.4075,-13.91072],[33.40348,-13.90955],[33.40269,-13.90919],[33.40188,-13.9087],[33.40093,-13.90801],[33.40019,-13.90726],[33.40011,-13.90719],[33.3991,-13.90578],[33.39879,-13.90528],[33.39742,-13.90303],[33.39679,-13.90203],[33.3965,-13.90157],[33.39627,-13.90119],[33.39609,-13.90092],[33.39581,-13.90056],[33.39564,-13.90033],[33.39519,-13.89976],[33.39461,-13.89904],[33.39373,-13.89799],[33.39281,-13.89689],[33.39247,-13.89658],[33.39214,-13.8963],[33.39186,-13.89609],[33.39159,-13.89591],[33.39117,-13.89567],[33.39077,-13.89546],[33.39042,-13.89531],[33.39014,-13.8952],[33.38977,-13.89508],[33.3893,-13.89495],[33.3889,-13.89487],[33.38843,-13.89479],[33.38798,-13.89475],[33.38748,-13.89473],[33.38702,-13.89475],[33.38651,-13.8948],[33.38603,-13.89489],[33.38552,-13.89501],[33.38495,-13.89519],[33.3845,-13.89536],[33.38404,-13.89558],[33.38367,-13.89579],[33.38303,-13.89616],[33.38227,-13.89662],[33.38189,-13.89686],[33.38157,-13.89708],[33.3812,-13.89736],[33.38094,-13.89758],[33.38004,-13.89845],[33.37948,-13.89902],[33.3789,-13.89956],[33.37784,-13.90059],[33.3774,-13.90102],[33.377,-13.90137],[33.37636,-13.90191],[33.37602,-13.90217],[33.3755,-13.90254],[33.37489,-13.9029],[33.37447,-13.90315],[33.37387,-13.90346],[33.3731,-13.9038],[33.3726,-13.90398],[33.37197,-13.90419],[33.37108,-13.90446],[33.37069,-13.90455],[33.37019,-13.90465],[33.36967,-13.90472],[33.36906,-13.90479],[33.36841,-13.90482],[33.36711,-13.90486],[33.3666,-13.90487],[33.3653,-13.90491],[33.36437,-13.90493],[33.36392,-13.90496],[33.36344,-13.90501],[33.36296,-13.90508],[33.36255,-13.90515],[33.36207,-13.90525],[33.36156,-13.90538],[33.36094,-13.90556],[33.36036,-13.90577],[33.36005,-13.9059],[33.35958,-13.90605],[33.35895,-13.90642],[33.35851,-13.90666],[33.35803,-13.90696],[33.35759,-13.90724],[33.35716,-13.90756],[33.35668,-13.90794],[33.3561,-13.90845],[33.35566,-13.90888],[33.35439,-13.91015],[33.35361,-13.91093],[33.35332,-13.91122],[33.35299,-13.91156],[33.35257,-13.91199],[33.35212,-13.91241],[33.35191,-13.91258],[33.35171,-13.91275],[33.35144,-13.91294],[33.35123,-13.91309],[33.35089,-13.91329],[33.35055,-13.91346],[33.35021,-13.91362],[33.34977,-13.91381],[33.34951,-13.91391],[33.34917,-13.914],[33.3487,-13.91413],[33.34781,-13.91432],[33.34688,-13.91454],[33.34642,-13.91464],[33.3457,-13.9148],[33.34502,-13.91495],[33.34485,-13.91498],[33.34469,-13.91501],[33.34451,-13.91504],[33.34431,-13.91506],[33.34388,-13.91508],[33.34345,-13.91508],[33.34254,-13.9151],[33.34176,-13.91509],[33.34038,-13.9151],[33.33957,-13.91511],[33.33852,-13.91513],[33.33796,-13.91513],[33.33748,-13.91513],[33.33728,-13.91514],[33.3372,-13.91514],[33.33659,-13.91514],[33.33635,-13.91513],[33.3361,-13.91512],[33.33577,-13.91508],[33.33551,-13.91503],[33.33483,-13.91485],[33.33402,-13.91461],[33.33343,-13.91443],[33.32878,-13.91303],[33.32692,-13.9125],[33.32616,-13.91229],[33.32573,-13.91217],[33.32474,-13.91208],[33.32382,-13.91221],[33.32373,-13.91222],[33.3214,-13.91309],[33.32031,-13.9135],[33.31999,-13.91361],[33.31975,-13.91368],[33.31956,-13.91374],[33.31936,-13.91378],[33.31914,-13.91382],[33.31896,-13.91385],[33.31879,-13.91385],[33.31861,-13.91386],[33.31837,-13.91386],[33.31813,-13.91385],[33.31782,-13.91382],[33.31754,-13.91377],[33.31728,-13.9137],[33.31689,-13.9136],[33.31618,-13.91341],[33.31494,-13.91308],[33.31288,-13.91252],[33.31205,-13.9123],[33.31189,-13.91226],[33.31171,-13.91222],[33.31154,-13.91219],[33.31139,-13.91217],[33.31124,-13.91216],[33.31113,-13.91215],[33.31102,-13.91214],[33.31092,-13.91214],[33.31078,-13.91214],[33.31063,-13.91214],[33.31047,-13.91215],[33.31033,-13.91216],[33.31019,-13.91218],[33.31002,-13.9122],[33.30986,-13.91224],[33.30968,-13.91228],[33.30938,-13.91237],[33.30891,-13.91252],[33.30802,-13.91282],[33.30708,-13.91314],[33.30684,-13.91321],[33.30659,-13.91327],[33.30636,-13.91331],[33.30611,-13.91335],[33.3058,-13.91338],[33.30548,-13.9134],[33.30521,-13.91339],[33.30487,-13.91335],[33.30476,-13.91333],[33.3046,-13.91329],[33.30438,-13.91323],[33.30393,-13.9131]]},"properties":{"id":25111708,"rt":"rail","name":"","ref":"","usage":"main","gauge":"1067","electrified":"no","km":38.281}},
{"type":"Feature","geometry":{"type":"LineString","coordinates":[[35.0249,-15.12056],[35.02527,-15.12109],[35.02543,-15.12129],[35.02558,-15.12149],[35.02572,-15.12163],[35.02585,-15.12175],[35.02595,-15.12182],[35.02606,-15.12189],[35.02621,-15.12199],[35.02636,-15.12206],[35.02654,-15.12214],[35.02671,-15.12219],[35.0269,-15.12223],[35.02707,-15.12226],[35.02724,-15.12227],[35.02747,-15.12227],[35.02769,-15.12224],[35.02798,-15.12218],[35.02821,-15.12212],[35.02863,-15.12202],[35.02916,-15.12188],[35.0311,-15.12138],[35.03397,-15.12063],[35.03528,-15.1203],[35.03594,-15.12014],[35.03647,-15.12008]]},"properties":{"id":25359393,"rt":"rail","name":"","ref":"","usage":"main","gauge":"1067","electrified":"no","km":1.352}},
{"type":"Feature","geometry":{"type":"LineString","coordinates":[[35.05244,-15.42054],[35.05249,-15.42025],[35.05321,-15.41606],[35.05374,-15.41297],[35.05388,-15.4121],[35.05414,-15.41062],[35.05456,-15.40814],[35.05498,-15.40575],[35.05529,-15.4039],[35.05562,-15.402],[35.056,-15.39964],[35.05642,-15.3973],[35.05667,-15.39644],[35.0573,-15.39445],[35.05785,-15.39275],[35.05811,-15.39195],[35.05833,-15.39122],[35.05858,-15.39044],[35.0587,-15.39005],[35.05896,-15.38924],[35.05965,-15.38703],[35.05986,-15.38639],[35.06008,-15.38565],[35.06091,-15.38305],[35.06129,-15.38184],[35.06161,-15.38086],[35.06205,-15.37944],[35.06248,-15.3781],[35.06275,-15.37724],[35.06304,-15.37633],[35.06344,-15.37505],[35.06552,-15.36852],[35.06635,-15.36583],[35.06685,-15.3643],[35.06802,-15.36056],[35.06867,-15.35851],[35.06952,-15.35588],[35.06993,-15.35456],[35.07074,-15.35193],[35.0715,-15.34957],[35.07232,-15.347],[35.07295,-15.345],[35.07362,-15.3429],[35.07425,-15.3409]]},"properties":{"id":26202641,"rt":"rail","name":"","ref":"","usage":"main","gauge":"1067","electrified":"no","km":9.176}},
{"type":"Feature","geometry":{"type":"LineString","coordinates":[[34.09659,-13.80501],[34.09572,-13.80346],[34.09527,-13.80261],[34.09473,-13.80189],[34.09356,-13.80084],[34.09208,-13.79957],[34.09099,-13.79865],[34.08785,-13.79602],[34.08745,-13.79571],[34.08706,-13.79537],[34.08652,-13.79483],[34.08616,-13.79431],[34.08598,-13.79362],[34.08574,-13.7929],[34.08552,-13.79227],[34.08526,-13.79184]]},"properties":{"id":26236513,"rt":"rail","name":"","ref":"","usage":"main","gauge":"1067","electrified":"no","km":1.949}},
{"type":"Feature","geometry":{"type":"LineString","coordinates":[[34.60001,-14.40853],[34.6,-14.40811],[34.59991,-14.40525],[34.59981,-14.40446],[34.5995,-14.40373],[34.59898,-14.40303],[34.59843,-14.40243],[34.59567,-14.39908],[34.59398,-14.39705],[34.5936,-14.39668],[34.59327,-14.39653],[34.59294,-14.39642],[34.59258,-14.39641],[34.59221,-14.39644]]},"properties":{"id":28745723,"rt":"rail","name":"","ref":"","usage":"main","gauge":"1067","electrified":"no","km":1.706}},
{"type":"Feature","geometry":{"type":"LineString","coordinates":[[34.52802,-14.16754],[34.52769,-14.16425],[34.52678,-14.15507],[34.52674,-14.15465],[34.52585,-14.14549],[34.52584,-14.1454],[34.52566,-14.14345],[34.5254,-14.14078],[34.52497,-14.13692],[34.52489,-14.13602],[34.52475,-14.13439],[34.52459,-14.13241],[34.52452,-14.1317],[34.52442,-14.13075],[34.52394,-14.1261],[34.52339,-14.12083],[34.52334,-14.12026],[34.52327,-14.11958],[34.52299,-14.11665],[34.52296,-14.11632],[34.52278,-14.11469],[34.52249,-14.11179],[34.52248,-14.11168],[34.52244,-14.11116],[34.52241,-14.11083],[34.52238,-14.11034],[34.52226,-14.10885],[34.52221,-14.10824],[34.52189,-14.10572],[34.52178,-14.10471],[34.52171,-14.1041],[34.52161,-14.10321],[34.52153,-14.10248],[34.52124,-14.09921],[34.52123,-14.09908],[34.52114,-14.09835],[34.52106,-14.098],[34.52103,-14.09783],[34.52099,-14.09766],[34.52083,-14.09694],[34.52026,-14.09446]]},"properties":{"id":28910097,"rt":"rail","name":"","ref":"","usage":"main","gauge":"1067","electrified":"no","km":8.173}},
{"type":"Feature","geometry":{"type":"LineString","coordinates":[[34.09659,-13.80501],[34.09709,-13.8058],[34.09773,-13.80694],[34.09797,-13.80715],[34.09823,-13.80733],[34.09847,-13.80743],[34.09874,-13.80753],[34.09902,-13.80759],[34.09936,-13.8076],[34.09973,-13.80755],[34.09999,-13.80748],[34.10022,-13.80737],[34.10042,-13.80726],[34.10081,-13.80698],[34.10108,-13.80675],[34.10126,-13.80657],[34.10141,-13.80636],[34.10152,-13.80612],[34.1016,-13.80585],[34.10163,-13.80555],[34.10163,-13.8054],[34.10161,-13.80521],[34.10152,-13.8049],[34.1014,-13.80462],[34.10122,-13.80437],[34.10092,-13.80407],[34.10076,-13.80389],[34.10064,-13.80372],[34.10021,-13.80296],[34.09986,-13.80232],[34.09968,-13.80202],[34.09928,-13.80129],[34.09902,-13.8009],[34.09872,-13.80053],[34.09846,-13.80025],[34.09827,-13.80003],[34.09813,-13.79979],[34.09806,-13.79958],[34.098,-13.79934],[34.098,-13.79898],[34.09805,-13.7987],[34.09818,-13.79843],[34.09834,-13.79816],[34.09855,-13.79796],[34.09874,-13.79781],[34.09892,-13.79771],[34.09916,-13.79763],[34.09946,-13.79757],[34.09971,-13.79757],[34.09989,-13.79758],[34.10003,-13.79762],[34.10023,-13.79769],[34.10043,-13.79778],[34.10065,-13.79793],[34.10087,-13.79814],[34.10121,-13.79847],[34.10191,-13.79918],[34.10228,-13.79955],[34.10251,-13.79971],[34.10279,-13.79988],[34.10325,-13.80002],[34.10357,-13.80006],[34.10385,-13.80005],[34.10409,-13.80001],[34.10486,-13.79984],[34.10527,-13.79975],[34.1056,-13.79962],[34.10588,-13.79944],[34.1061,-13.79923],[34.10632,-13.79898],[34.10643,-13.7988],[34.10654,-13.79855],[34.10657,-13.7985],[34.10661,-13.79827],[34.10665,-13.79803],[34.10669,-13.7976],[34.10672,-13.79673],[34.10671,-13.79648],[34.10665,-13.79623],[34.10656,-13.79594],[34.10645,-13.79574],[34.10629,-13.79555],[34.10612,-13.79539],[34.10595,-13.79527],[34.10581,-13.7952],[34.1056,-13.79511],[34.10539,-13.79507],[34.10524,-13.79505],[34.10497,-13.79504],[34.10454,-13.79512],[34.104,-13.79528],[34.10314,-13.7956],[34.10284,-13.79567],[34.10254,-13.79567],[34.10232,-13.79562],[34.10203,-13.79553],[34.10177,-13.79537],[34.10157,-13.7952],[34.1014,-13.79501],[34.10125,-13.79475],[34.10115,-13.79452],[34.1011,-13.79426],[34.10109,-13.79403],[34.10113,-13.79379],[34.10121,-13.79356],[34.10134,-13.79328],[34.1017,-13.79267],[34.1019,-13.79231],[34.10199,-13.79208],[34.10203,-13.79189],[34.10204,-13.79167],[34.10201,-13.79146],[34.10196,-13.79123],[34.10187,-13.79102],[34.10173,-13.7908],[34.10156,-13.79058],[34.10122,-13.79019],[34.10078,-13.78971],[34.10053,-13.78943],[34.10034,-13.78917],[34.10019,-13.78891],[34.10011,-13.78874],[34.10005,-13.7885],[34.1,-13.78825],[34.09999,-13.7879],[34.09998,-13.78745],[34.09998,-13.78698],[34.10002,-13.78674]]},"properties":{"id":28951785,"rt":"rail","name":"","ref":"","usage":"main","gauge":"1067","electrified":"no","km":4.766}},
{"type":"Feature","geometry":{"type":"LineString","coordinates":[[34.1054,-13.78363],[34.10568,-13.78352],[34.10588,-13.78344],[34.10605,-13.7834],[34.10629,-13.78336],[34.10647,-13.78335],[34.10665,-13.78336],[34.10687,-13.78341],[34.1071,-13.78349],[34.10831,-13.78398],[34.10889,-13.7842],[34.10914,-13.78432],[34.10933,-13.78443],[34.10947,-13.78453],[34.10965,-13.7847],[34.1098,-13.78492],[34.1099,-13.7851],[34.10997,-13.7853],[34.11004,-13.78559],[34.11012,-13.78591],[34.11022,-13.78618],[34.11032,-13.78638],[34.11055,-13.78667],[34.11072,-13.78684],[34.11094,-13.78699],[34.11122,-13.78712],[34.11179,-13.78741],[34.11216,-13.78759],[34.11256,-13.78776],[34.113,-13.7879],[34.11329,-13.78799],[34.11385,-13.78812],[34.1143,-13.78819],[34.1175,-13.78854],[34.1179,-13.78859],[34.11827,-13.78868],[34.11857,-13.78876],[34.1192,-13.78896],[34.12034,-13.78937],[34.12116,-13.78966],[34.12159,-13.78981],[34.122,-13.78993],[34.12252,-13.79006],[34.12293,-13.79014],[34.12357,-13.79023],[34.12381,-13.79024],[34.12525,-13.79024],[34.12652,-13.7902],[34.12678,-13.79018],[34.12711,-13.79009],[34.12737,-13.78998],[34.12755,-13.78984],[34.12772,-13.78969],[34.12782,-13.78955],[34.12796,-13.78933],[34.12849,-13.78846],[34.12875,-13.78805],[34.12894,-13.78785],[34.12924,-13.78763],[34.12947,-13.78753],[34.12989,-13.78746],[34.13016,-13.78744],[34.13038,-13.78747],[34.13057,-13.78753],[34.13079,-13.78762],[34.13106,-13.7878],[34.13165,-13.78825],[34.13187,-13.78841],[34.13206,-13.78851],[34.13223,-13.78858],[34.13403,-13.78895],[34.13433,-13.78898],[34.13446,-13.789],[34.13463,-13.78899],[34.13477,-13.78898],[34.13506,-13.78892],[34.13533,-13.78884],[34.13554,-13.78875],[34.13576,-13.7886],[34.13601,-13.7884],[34.13617,-13.78819],[34.13629,-13.78799],[34.13641,-13.78774],[34.13648,-13.78748],[34.13653,-13.78718],[34.13665,-13.78598],[34.1368,-13.78528],[34.13932,-13.78276],[34.13971,-13.78244],[34.1401,-13.78223],[34.14062,-13.78212],[34.14092,-13.78212],[34.14147,-13.78224],[34.14176,-13.78243],[34.1429,-13.78352],[34.14343,-13.7838],[34.1438,-13.78387],[34.14593,-13.78375],[34.14635,-13.78354],[34.14674,-13.78317],[34.14691,-13.78292],[34.14706,-13.78221],[34.14691,-13.7786],[34.1469,-13.77805],[34.14695,-13.77781],[34.14706,-13.7775],[34.14749,-13.7768],[34.14845,-13.7757],[34.14951,-13.77437],[34.14965,-13.77415],[34.14982,-13.77359],[34.14979,-13.77286],[34.14873,-13.77034],[34.14864,-13.76969],[34.14872,-13.76914],[34.14884,-13.76878],[34.14912,-13.7683],[34.14941,-13.76798],[34.15005,-13.76759],[34.15081,-13.76737],[34.15135,-13.76739],[34.15242,-13.76765],[34.15626,-13.76878],[34.15654,-13.76892],[34.15695,-13.76928],[34.15713,-13.76955],[34.15803,-13.77148],[34.15839,-13.7719],[34.15862,-13.77208],[34.15927,-13.77236],[34.16417,-13.774],[34.16472,-13.77412],[34.16501,-13.77413],[34.16548,-13.77404],[34.16791,-13.77324],[34.16849,-13.77283],[34.16881,-13.77237],[34.16902,-13.77181],[34.16904,-13.7715],[34.1687,-13.76648],[34.1688,-13.76589],[34.16897,-13.76555],[34.16942,-13.7651],[34.17005,-13.76481],[34.1703,-13.76477],[34.17078,-13.7648],[34.17113,-13.7649],[34.17146,-13.76506],[34.17178,-13.76534],[34.172,-13.76562],[34.1725,-13.76647],[34.17289,-13.76677],[34.17312,-13.76691],[34.17351,-13.76701],[34.17422,-13.76698],[34.18145,-13.76326],[34.18547,-13.76133],[34.18638,-13.76086],[34.19109,-13.75858],[34.19306,-13.75763],[34.19336,-13.75741],[34.19362,-13.75713],[34.19378,-13.75686],[34.19385,-13.75659],[34.1939,-13.75625],[34.1939,-13.75596],[34.19376,-13.75551],[34.19369,-13.75526],[34.19366,-13.75498],[34.19368,-13.75468],[34.19371,-13.75448],[34.1938,-13.75423],[34.19396,-13.75398],[34.19417,-13.75374],[34.19443,-13.75353],[34.19499,-13.75307],[34.19643,-13.75187],[34.1982,-13.75047],[34.19873,-13.75004],[34.20028,-13.74857],[34.20362,-13.74546],[34.20397,-13.74514],[34.20432,-13.74493],[34.2046,-13.74482],[34.20485,-13.74475],[34.20508,-13.74473],[34.2054,-13.74475],[34.20573,-13.7448],[34.20595,-13.74487],[34.20611,-13.74494],[34.20626,-13.74501],[34.20642,-13.74512],[34.20659,-13.74526],[34.20672,-13.74539],[34.20694,-13.74563],[34.20721,-13.7459],[34.20779,-13.7465],[34.20807,-13.7468],[34.20842,-13.74717],[34.20864,-13.74739],[34.20883,-13.74754],[34.209,-13.74764],[34.20925,-13.74774],[34.2095,-13.74779],[34.20979,-13.74781],[34.21021,-13.74781],[34.21048,-13.74784],[34.21071,-13.7479],[34.2109,-13.74798],[34.21108,-13.74809],[34.21134,-13.74833],[34.21188,-13.74889],[34.21262,-13.74966],[34.21313,-13.7502]]},"properties":{"id":28951868,"rt":"rail","name":"","ref":"","usage":"main","gauge":"1067","electrified":"no","km":16.603}},
{"type":"Feature","geometry":{"type":"LineString","coordinates":[[33.79786,-13.89334],[33.79845,-13.89495],[33.79856,-13.89527],[33.79865,-13.89554],[33.79869,-13.89566],[33.79881,-13.896],[33.79949,-13.89796],[33.8003,-13.90021],[33.80042,-13.90053],[33.80048,-13.9007],[33.80067,-13.90123]]},"properties":{"id":28951928,"rt":"rail","name":"","ref":"","usage":"industrial","gauge":"","electrified":"no","km":0.928}},
{"type":"Feature","geometry":{"type":"LineString","coordinates":[[35.04161,-15.7891],[35.04159,-15.7891],[35.0409,-15.78905],[35.04045,-15.78908],[35.04008,-15.78916],[35.03972,-15.78931],[35.03959,-15.78939],[35.0394,-15.78952],[35.03913,-15.78975],[35.0383,-15.79057],[35.03764,-15.79121],[35.0371,-15.79168],[35.03697,-15.7918],[35.03594,-15.79249],[35.03535,-15.79279],[35.03473,-15.79306],[35.03412,-15.79326],[35.03333,-15.79344],[35.03176,-15.79374],[35.03137,-15.79378],[35.03104,-15.7938],[35.03075,-15.79377],[35.03009,-15.79368],[35.02981,-15.79364],[35.02955,-15.7936],[35.02906,-15.79348],[35.02873,-15.79336],[35.02838,-15.79318],[35.02747,-15.79265],[35.02685,-15.79229],[35.02673,-15.79224],[35.02659,-15.79219],[35.02639,-15.79214],[35.02616,-15.79209],[35.0259,-15.79205],[35.02495,-15.79187],[35.02448,-15.79178],[35.02381,-15.79166],[35.02356,-15.79158],[35.02335,-15.79149],[35.02319,-15.79139],[35.02295,-15.79117],[35.0228,-15.79098],[35.0227,-15.79078],[35.02261,-15.79054],[35.02249,-15.78988],[35.02237,-15.78952],[35.02217,-15.7892],[35.02106,-15.78819],[35.02088,-15.78807],[35.02062,-15.78796],[35.02031,-15.78792],[35.01996,-15.78794],[35.01962,-15.78805],[35.01894,-15.78844],[35.01869,-15.78854],[35.01841,-15.78858],[35.01812,-15.78855],[35.01794,-15.78851],[35.01762,-15.7884],[35.01444,-15.78752],[35.01429,-15.78747],[35.01424,-15.78746]]},"properties":{"id":29244120,"rt":"rail","name":"","ref":"","usage":"main","gauge":"1067","electrified":"no","km":3.395}},
{"type":"Feature","geometry":{"type":"LineString","coordinates":[[34.23377,-13.75323],[34.23385,-13.75353],[34.23391,-13.75397],[34.23376,-13.75548],[34.23386,-13.75596],[34.23401,-13.75632],[34.23419,-13.7566],[34.23468,-13.75697],[34.23515,-13.75734],[34.23561,-13.75776],[34.23584,-13.75821],[34.23589,-13.75866],[34.23567,-13.75971],[34.23562,-13.76034],[34.23575,-13.76077],[34.23595,-13.76117],[34.23634,-13.76151],[34.23674,-13.76169],[34.23714,-13.76179],[34.23777,-13.76183],[34.2389,-13.76187],[34.23929,-13.76197],[34.23966,-13.76207],[34.24006,-13.76243],[34.24035,-13.76284],[34.24049,-13.76325],[34.24045,-13.76371],[34.24036,-13.76419],[34.24018,-13.76508],[34.24012,-13.76543],[34.24016,-13.76583],[34.24031,-13.76624],[34.24055,-13.76656],[34.24079,-13.76677],[34.2411,-13.76694],[34.24136,-13.76702],[34.24178,-13.76705],[34.2422,-13.76697],[34.24251,-13.76682],[34.24285,-13.76659],[34.24307,-13.76627],[34.24368,-13.76493],[34.24382,-13.76405],[34.2438,-13.76284],[34.24383,-13.76248],[34.244,-13.76201],[34.24431,-13.76161],[34.24471,-13.76134],[34.24515,-13.76119],[34.24547,-13.76116],[34.24583,-13.7612],[34.24644,-13.76137],[34.24837,-13.76193],[34.24916,-13.7621],[34.25172,-13.76233],[34.25235,-13.76228],[34.25356,-13.76195],[34.25406,-13.76195],[34.2551,-13.76222],[34.25825,-13.76308],[34.25877,-13.76312],[34.25915,-13.76309],[34.25952,-13.76297],[34.26,-13.76269],[34.2604,-13.76229],[34.26065,-13.76187],[34.26095,-13.76086],[34.26175,-13.75833],[34.26208,-13.75766],[34.26252,-13.75705],[34.26343,-13.75593],[34.26456,-13.7546],[34.26528,-13.75372],[34.26626,-13.75252],[34.26651,-13.75229],[34.26683,-13.75209],[34.26717,-13.75194],[34.26763,-13.75188],[34.2681,-13.7519],[34.26854,-13.75203],[34.27016,-13.75273],[34.2719,-13.75337],[34.27292,-13.75367],[34.27625,-13.75439],[34.27949,-13.75513],[34.28133,-13.7556],[34.28224,-13.75589],[34.28342,-13.75631],[34.28409,-13.75649],[34.28472,-13.75662],[34.28544,-13.7567],[34.28651,-13.75668],[34.2894,-13.75662],[34.28981,-13.75657],[34.29013,-13.75649],[34.29041,-13.75632],[34.29068,-13.75611],[34.29091,-13.75578],[34.29109,-13.75533],[34.29232,-13.7509],[34.29254,-13.75045],[34.29277,-13.75008],[34.29308,-13.74977],[34.29342,-13.74954],[34.29376,-13.74937],[34.29414,-13.74924],[34.29453,-13.74918],[34.2949,-13.74919],[34.29525,-13.74926],[34.29629,-13.74956],[34.29681,-13.74972],[34.29732,-13.74984],[34.29778,-13.74987],[34.29823,-13.74983],[34.29873,-13.7497],[34.29922,-13.74949],[34.29956,-13.74931],[34.29989,-13.74907],[34.30019,-13.74877],[34.30047,-13.74845]]},"properties":{"id":29399475,"rt":"rail","name":"","ref":"","usage":"main","gauge":"1067","electrified":"no","km":10.301}},
{"type":"Feature","geometry":{"type":"LineString","coordinates":[[33.8016,-13.90382],[33.80164,-13.90408],[33.8017,-13.90431],[33.80171,-13.90441],[33.80171,-13.90454],[33.8017,-13.90473],[33.80167,-13.90492],[33.80161,-13.9051],[33.8015,-13.90532],[33.80138,-13.90551],[33.80123,-13.90569],[33.80107,-13.90581],[33.80091,-13.90592],[33.80079,-13.90598],[33.80069,-13.90602],[33.80056,-13.90607],[33.80038,-13.90612],[33.80019,-13.90615],[33.79995,-13.90614],[33.79803,-13.90596],[33.79746,-13.90595]]},"properties":{"id":29699953,"rt":"rail","name":"","ref":"","usage":"industrial","gauge":"","electrified":"no","km":0.643}},
{"type":"Feature","geometry":{"type":"LineString","coordinates":[[34.49469,-13.95787],[34.4948,-13.95689],[34.49508,-13.95479],[34.49513,-13.95446],[34.49585,-13.94895],[34.49595,-13.9482],[34.49631,-13.94545],[34.49667,-13.94275],[34.49686,-13.94125],[34.49703,-13.94008],[34.49708,-13.93923],[34.49703,-13.93875],[34.4969,-13.93827],[34.49678,-13.93801],[34.49665,-13.93776],[34.49649,-13.93751],[34.49631,-13.93728],[34.4957,-13.93673],[34.49509,-13.9362],[34.49241,-13.93389],[34.48872,-13.93073],[34.48418,-13.92681],[34.48416,-13.9268],[34.48226,-13.92517],[34.48122,-13.92428],[34.47879,-13.9222],[34.47875,-13.92216],[34.47795,-13.92145],[34.4775,-13.92098],[34.47717,-13.92055],[34.47715,-13.92053],[34.47711,-13.92048],[34.47608,-13.91908],[34.47574,-13.91863]]},"properties":{"id":31860791,"rt":"rail","name":"","ref":"","usage":"main","gauge":"1067","electrified":"no","km":5.37}},
{"type":"Feature","geometry":{"type":"LineString","coordinates":[[34.60001,-14.40853],[34.60015,-14.41327],[34.6002,-14.41432],[34.6003,-14.41686],[34.60032,-14.41735],[34.60033,-14.41772],[34.60035,-14.41814],[34.60039,-14.41931],[34.60041,-14.41978],[34.60049,-14.42113],[34.60064,-14.4217],[34.60084,-14.42225],[34.60142,-14.42361],[34.60221,-14.42545],[34.60313,-14.4277],[34.60405,-14.42991],[34.60491,-14.43202],[34.60578,-14.4342],[34.60794,-14.43937],[34.60895,-14.44188],[34.61082,-14.44636],[34.61125,-14.44697],[34.61172,-14.44738],[34.61282,-14.44832],[34.61832,-14.45286],[34.62156,-14.45555],[34.62637,-14.45952],[34.62732,-14.46032],[34.62822,-14.46108],[34.63138,-14.46366],[34.63151,-14.46376],[34.63495,-14.46662],[34.63528,-14.46689],[34.63831,-14.46941],[34.64181,-14.47232],[34.64873,-14.47807],[34.6548,-14.48309],[34.65533,-14.48356],[34.65577,-14.48419],[34.65612,-14.48479],[34.65849,-14.48885],[34.66381,-14.49808],[34.66619,-14.50229],[34.66933,-14.50779],[34.67093,-14.51046],[34.6739,-14.51567]]},"properties":{"id":33764217,"rt":"rail","name":"","ref":"","usage":"main","gauge":"1067","electrified":"no","km":14.847}},
{"type":"Feature","geometry":{"type":"LineString","coordinates":[[35.07783,-15.29001],[35.07718,-15.28826],[35.07615,-15.28555],[35.07565,-15.28424],[35.07492,-15.28233],[35.07364,-15.27891],[35.07287,-15.27693],[35.07175,-15.27398],[35.07061,-15.27092],[35.06949,-15.26796],[35.06896,-15.26659],[35.06895,-15.26656],[35.06769,-15.26324],[35.06666,-15.2605],[35.0656,-15.25772],[35.06427,-15.25414],[35.06286,-15.25042],[35.06264,-15.2498],[35.06264,-15.24979],[35.06167,-15.24726],[35.06097,-15.2454],[35.05997,-15.24276],[35.05892,-15.23998],[35.05832,-15.23839],[35.05775,-15.23689],[35.05742,-15.23604],[35.05742,-15.23604],[35.05718,-15.23552],[35.05688,-15.23498],[35.05638,-15.23424],[35.05555,-15.23307],[35.05408,-15.23108],[35.05276,-15.22925],[35.05174,-15.22785],[35.04979,-15.22515],[35.04937,-15.22456],[35.0477,-15.22221],[35.04604,-15.21996],[35.04595,-15.21983],[35.04499,-15.21851],[35.04376,-15.21684],[35.04211,-15.21454],[35.04145,-15.2135],[35.04114,-15.21286],[35.04086,-15.2122],[35.04073,-15.21166],[35.04055,-15.21066],[35.04031,-15.20925],[35.03903,-15.20128],[35.038,-15.19484],[35.03733,-15.19078],[35.03664,-15.18639],[35.0358,-15.1812],[35.03539,-15.17862],[35.03477,-15.17477],[35.0339,-15.16939],[35.03372,-15.16828],[35.03349,-15.16679],[35.03314,-15.16463],[35.03301,-15.16383],[35.03271,-15.16189],[35.03231,-15.15934],[35.03203,-15.15772],[35.03161,-15.15502],[35.03129,-15.15306],[35.03087,-15.15044],[35.03046,-15.14781],[35.03029,-15.14672],[35.02968,-15.14299],[35.0291,-15.13939],[35.02898,-15.13865],[35.02878,-15.13734],[35.02863,-15.13644],[35.02848,-15.13539],[35.02845,-15.13508],[35.02845,-15.13502],[35.02843,-15.13473],[35.02844,-15.13426],[35.02846,-15.13396],[35.02847,-15.13378],[35.02853,-15.13332],[35.02865,-15.13267],[35.02907,-15.13129],[35.02947,-15.13005],[35.0296,-15.12954],[35.02965,-15.12916],[35.02962,-15.1287],[35.0295,-15.12827]]},"properties":{"id":33764236,"rt":"rail","name":"","ref":"","usage":"main","gauge":"1067","electrified":"no","km":19.038}},
{"type":"Feature","geometry":{"type":"LineString","coordinates":[[35.27811,-15.98384],[35.27877,-15.98522],[35.27915,-15.98601],[35.27962,-15.98682],[35.2812,-15.98899],[35.28227,-15.99077],[35.28249,-15.991],[35.28276,-15.99115],[35.28308,-15.99123],[35.28386,-15.99118],[35.28439,-15.99125],[35.28541,-15.99151],[35.28569,-15.99161],[35.28593,-15.99179],[35.28609,-15.992],[35.28618,-15.99223],[35.2862,-15.99246],[35.28619,-15.99269],[35.28615,-15.99292],[35.28608,-15.99331],[35.28608,-15.99353],[35.28612,-15.99376],[35.28622,-15.994],[35.28642,-15.99428]]},"properties":{"id":33870687,"rt":"rail","name":"","ref":"","usage":"","gauge":"1067","electrified":"no","km":1.608}},
{"type":"Feature","geometry":{"type":"LineString","coordinates":[[35.26642,-16.3218],[35.26605,-16.32169],[35.26585,-16.3216],[35.2656,-16.32157],[35.26534,-16.32161],[35.26505,-16.32175],[35.26481,-16.32197],[35.26468,-16.32221],[35.26427,-16.32319],[35.26411,-16.32344],[35.26389,-16.32364],[35.26371,-16.32374],[35.2629,-16.32384],[35.26266,-16.32392],[35.26247,-16.324],[35.26231,-16.32413],[35.2615,-16.32539],[35.26132,-16.32568],[35.26115,-16.32609],[35.26114,-16.32638],[35.26118,-16.32662],[35.26129,-16.32689],[35.2615,-16.32725],[35.26194,-16.32766],[35.26211,-16.32777],[35.26234,-16.3279],[35.26283,-16.32813],[35.26313,-16.32825],[35.26331,-16.32835],[35.26346,-16.32845],[35.26358,-16.32856],[35.26369,-16.32869],[35.26384,-16.32888],[35.26403,-16.32923],[35.2643,-16.32979],[35.2644,-16.32995],[35.2646,-16.33011],[35.2648,-16.33023],[35.26496,-16.33027],[35.26513,-16.3303],[35.26528,-16.33029],[35.26555,-16.33022],[35.26572,-16.33014],[35.26589,-16.33003],[35.26606,-16.32982],[35.26629,-16.32945],[35.26638,-16.32931],[35.26658,-16.32915],[35.26683,-16.32903],[35.26701,-16.32898],[35.26718,-16.32897],[35.26737,-16.32898],[35.26752,-16.32903],[35.26786,-16.32924],[35.26805,-16.32939],[35.26821,-16.32955],[35.26831,-16.3297],[35.26836,-16.32982],[35.2684,-16.32999],[35.2684,-16.33014],[35.2683,-16.33091],[35.26823,-16.33135],[35.26814,-16.33174],[35.26802,-16.33207],[35.26757,-16.33278],[35.26746,-16.33301],[35.26741,-16.33322],[35.26739,-16.33331],[35.2674,-16.33348],[35.26749,-16.33418],[35.26751,-16.3344],[35.2675,-16.33458],[35.26741,-16.33482],[35.2673,-16.33498],[35.26697,-16.33534],[35.26671,-16.3356],[35.26656,-16.33583],[35.26649,-16.33606],[35.26646,-16.33638],[35.26651,-16.33674],[35.26666,-16.33739],[35.26666,-16.3376],[35.26663,-16.33777],[35.26652,-16.33799],[35.2663,-16.33825],[35.26616,-16.33844],[35.26606,-16.33868],[35.26602,-16.33897],[35.26604,-16.33946],[35.26599,-16.33968],[35.2659,-16.33986],[35.26579,-16.34003],[35.26561,-16.3402],[35.26546,-16.34029],[35.26519,-16.34037],[35.26495,-16.3404],[35.26443,-16.34039],[35.26422,-16.3404],[35.26402,-16.34047],[35.26378,-16.3406],[35.26356,-16.34083],[35.26346,-16.34101],[35.26339,-16.34121],[35.26341,-16.3415],[35.26354,-16.3419],[35.26362,-16.34211],[35.26364,-16.34228],[35.26363,-16.34252],[35.26356,-16.34273],[35.26345,-16.34292],[35.26332,-16.34309],[35.26315,-16.34322],[35.26289,-16.34332],[35.26256,-16.34336],[35.26237,-16.34331],[35.26173,-16.34312],[35.26153,-16.34309],[35.26137,-16.3431],[35.26113,-16.34314],[35.26096,-16.34322],[35.26079,-16.34334],[35.26062,-16.3435],[35.26055,-16.34361],[35.26047,-16.34381],[35.26027,-16.3448],[35.26023,-16.34503],[35.26023,-16.34527],[35.26027,-16.34547],[35.26036,-16.34567],[35.26046,-16.3458],[35.26058,-16.34591],[35.26082,-16.34613],[35.26096,-16.34629],[35.26105,-16.34645],[35.26111,-16.34661],[35.26113,-16.34679],[35.26113,-16.34696],[35.26109,-16.34715],[35.26099,-16.34744],[35.26093,-16.34765],[35.26091,-16.34786],[35.26094,-16.34803],[35.26102,-16.34823],[35.26114,-16.34841],[35.26133,-16.34866],[35.26144,-16.34882],[35.26152,-16.34904],[35.26155,-16.34925],[35.26155,-16.34941],[35.26149,-16.34965],[35.26141,-16.34982],[35.26118,-16.35009],[35.26093,-16.35024],[35.26072,-16.35031],[35.26041,-16.35046],[35.26027,-16.35057],[35.26007,-16.35079],[35.25998,-16.35103],[35.25995,-16.35127],[35.25997,-16.35141],[35.26003,-16.35163],[35.26017,-16.35188],[35.26042,-16.35214],[35.26061,-16.35233],[35.26074,-16.35251],[35.26081,-16.35269],[35.26085,-16.35287],[35.26087,-16.35306],[35.26094,-16.35333],[35.26102,-16.3535],[35.26115,-16.35365],[35.26132,-16.35383],[35.26324,-16.35513],[35.26356,-16.3554],[35.26379,-16.35562],[35.26428,-16.35621],[35.26454,-16.35649],[35.26499,-16.35702],[35.26522,-16.35728],[35.26532,-16.35738],[35.26549,-16.35747],[35.26581,-16.35759],[35.26627,-16.35772],[35.26648,-16.35781],[35.26665,-16.35793],[35.26677,-16.35807],[35.26688,-16.35823],[35.26694,-16.35839],[35.26698,-16.35853],[35.26699,-16.3587],[35.26696,-16.35888],[35.26691,-16.35903],[35.26688,-16.35911],[35.26679,-16.35929],[35.26665,-16.35942],[35.26639,-16.35959],[35.26548,-16.36013],[35.26533,-16.36024],[35.26521,-16.36037],[35.26512,-16.36053],[35.26504,-16.36072],[35.265,-16.36091],[35.26501,-16.3611],[35.26504,-16.36128],[35.26513,-16.36149],[35.26523,-16.36165],[35.26535,-16.36176],[35.26547,-16.36185],[35.26561,-16.36193],[35.26582,-16.36199],[35.26651,-16.36211],[35.2669,-16.36218],[35.26708,-16.36225],[35.26723,-16.36233],[35.26735,-16.36242],[35.26746,-16.36254],[35.26755,-16.36268],[35.2676,-16.36279],[35.26764,-16.36297],[35.26768,-16.36324],[35.26771,-16.3635],[35.26776,-16.36395],[35.26773,-16.36426],[35.26764,-16.36443],[35.26751,-16.36465],[35.26738,-16.36476],[35.26724,-16.36484],[35.26711,-16.36491],[35.2669,-16.36496],[35.26671,-16.36496],[35.26647,-16.36491],[35.26608,-16.36478],[35.26584,-16.36465],[35.26567,-16.36461],[35.26543,-16.36462],[35.26525,-16.36465],[35.26501,-16.36476],[35.26486,-16.36486],[35.26475,-16.36499],[35.26467,-16.36511],[35.26461,-16.36528],[35.2645,-16.36578],[35.26432,-16.36636],[35.26422,-16.36652],[35.26413,-16.36665]]},"properties":{"id":44050340,"rt":"rail","name":"","ref":"","usage":"","gauge":"1067","electrified":"no","km":7.651}},
{"type":"Feature","geometry":{"type":"LineString","coordinates":[[35.28491,-16.29734],[35.28525,-16.29627],[35.2855,-16.29552],[35.28569,-16.29503],[35.28581,-16.29473],[35.28605,-16.29427],[35.28633,-16.29374],[35.28721,-16.29216],[35.28809,-16.29062],[35.28904,-16.289],[35.28972,-16.28771],[35.28996,-16.28735],[35.29027,-16.287],[35.29061,-16.28665],[35.29117,-16.28588],[35.29144,-16.28559],[35.29211,-16.28504],[35.29228,-16.28483],[35.29246,-16.28452],[35.29267,-16.28376],[35.29279,-16.28349],[35.29309,-16.28315],[35.29357,-16.28266],[35.29377,-16.28237],[35.29387,-16.28213],[35.29393,-16.28184],[35.29392,-16.28156],[35.29384,-16.28114],[35.29362,-16.27983],[35.29351,-16.27876],[35.29347,-16.27827],[35.29337,-16.27785],[35.29321,-16.27744],[35.29309,-16.2771],[35.29302,-16.2767],[35.29299,-16.27633],[35.29299,-16.27615],[35.29307,-16.27586],[35.29319,-16.27557],[35.29337,-16.27516],[35.29347,-16.27486],[35.29367,-16.27347],[35.29377,-16.27311],[35.29394,-16.27268],[35.29404,-16.27244],[35.29406,-16.2724],[35.2944,-16.27158],[35.29479,-16.27062],[35.29505,-16.27001],[35.2953,-16.26943],[35.29566,-16.26859],[35.29667,-16.26618],[35.2968,-16.26584],[35.29686,-16.26569],[35.29691,-16.26552],[35.29699,-16.26508],[35.29711,-16.26414],[35.29712,-16.26403],[35.29716,-16.2637],[35.29719,-16.26333],[35.29718,-16.26303],[35.29718,-16.26288],[35.29712,-16.26259],[35.29699,-16.26216],[35.29638,-16.25986],[35.29632,-16.25956],[35.29628,-16.25923],[35.29621,-16.25872],[35.2961,-16.25838],[35.29593,-16.25802],[35.29568,-16.25761],[35.29541,-16.25717],[35.29527,-16.25692]]},"properties":{"id":44050613,"rt":"rail","name":"","ref":"","usage":"","gauge":"1067","electrified":"no","km":4.895}},
{"type":"Feature","geometry":{"type":"LineString","coordinates":[[35.32738,-16.11477],[35.32721,-16.1151],[35.32702,-16.11529],[35.32668,-16.11544],[35.32628,-16.11553],[35.32597,-16.11563],[35.32572,-16.11584],[35.32553,-16.11613],[35.32541,-16.11645],[35.32521,-16.11674],[35.32496,-16.11693],[35.32461,-16.11714],[35.32435,-16.11736],[35.32416,-16.11778],[35.32415,-16.11816],[35.32425,-16.11845],[35.32445,-16.1187],[35.32465,-16.11884],[35.32498,-16.11896],[35.32532,-16.11897],[35.32568,-16.11907],[35.32601,-16.11923],[35.32627,-16.11949],[35.32653,-16.11995],[35.32682,-16.12029],[35.32715,-16.12063],[35.32738,-16.12088],[35.32756,-16.12122],[35.32762,-16.12163],[35.32762,-16.122],[35.32749,-16.1225],[35.32742,-16.12284],[35.32746,-16.12317],[35.3276,-16.12374],[35.32762,-16.12387],[35.32762,-16.12411],[35.32758,-16.12434],[35.3275,-16.12451],[35.32738,-16.12472],[35.32717,-16.12493],[35.32699,-16.12511],[35.32687,-16.12524],[35.32676,-16.12547],[35.32659,-16.12589],[35.3264,-16.12622],[35.32622,-16.12643],[35.3259,-16.12675],[35.32572,-16.12691],[35.3254,-16.12717],[35.32509,-16.12734],[35.32473,-16.12756],[35.32444,-16.12777],[35.32409,-16.128],[35.32378,-16.12808],[35.32321,-16.12813],[35.32293,-16.12823],[35.32269,-16.12842],[35.32248,-16.12868],[35.32237,-16.12901],[35.32222,-16.12958],[35.32207,-16.12991],[35.32182,-16.13023],[35.3216,-16.13049],[35.32085,-16.13142],[35.32021,-16.13223],[35.3199,-16.13263],[35.31959,-16.13305],[35.31914,-16.13381],[35.31901,-16.1341],[35.31896,-16.13445],[35.319,-16.13477],[35.31913,-16.13506],[35.31932,-16.13531],[35.31971,-16.13584],[35.32004,-16.1364],[35.32019,-16.13665],[35.32025,-16.1369],[35.32027,-16.13712],[35.32023,-16.1374],[35.32011,-16.13774],[35.31951,-16.13873],[35.31934,-16.13896],[35.31917,-16.13914],[35.31892,-16.1393],[35.31845,-16.13947],[35.31785,-16.13965],[35.31765,-16.13968],[35.31745,-16.13968],[35.31715,-16.13962],[35.31689,-16.13952],[35.31664,-16.13946],[35.31638,-16.13942],[35.31611,-16.13946],[35.31596,-16.13949],[35.31418,-16.1401],[35.31351,-16.14029],[35.31307,-16.14038],[35.31092,-16.14067],[35.30834,-16.141],[35.30636,-16.14157],[35.30595,-16.14171],[35.30552,-16.14188],[35.3046,-16.14235],[35.304,-16.14272],[35.3023,-16.14395],[35.30175,-16.14423],[35.30101,-16.14454],[35.30053,-16.14471],[35.29896,-16.14516],[35.29855,-16.1453],[35.29835,-16.1454],[35.29816,-16.14554],[35.29607,-16.14727],[35.29543,-16.14785],[35.2946,-16.14879],[35.29316,-16.15049],[35.29263,-16.15109],[35.29217,-16.15172],[35.29139,-16.15321],[35.29118,-16.15361],[35.29108,-16.15383],[35.29101,-16.15405],[35.29097,-16.15454],[35.29101,-16.15484],[35.29109,-16.15515],[35.29137,-16.15589],[35.29164,-16.15664],[35.2917,-16.15694],[35.29169,-16.15725],[35.29155,-16.15758],[35.29126,-16.15792],[35.28947,-16.15934],[35.28902,-16.15977],[35.28855,-16.16047]]},"properties":{"id":44050697,"rt":"rail","name":"","ref":"","usage":"","gauge":"1067","electrified":"no","km":8.034}},
{"type":"Feature","geometry":{"type":"LineString","coordinates":[[35.49972,-14.99832],[35.50398,-14.99929],[35.50738,-15.0001],[35.5076,-15.00015],[35.50786,-15.00021],[35.50875,-15.0004],[35.50921,-15.00047],[35.50959,-15.00053],[35.51003,-15.00057],[35.51069,-15.00061],[35.51122,-15.00061],[35.51182,-15.00058],[35.51203,-15.00056],[35.51244,-15.00052],[35.51304,-15.00041],[35.51357,-15.0003],[35.51425,-15.00012],[35.51507,-14.99984],[35.51605,-14.99947],[35.51671,-14.99921]]},"properties":{"id":44688310,"rt":"rail","name":"","ref":"","usage":"main","gauge":"1067","electrified":"no","km":1.878}},
{"type":"Feature","geometry":{"type":"LineString","coordinates":[[35.81599,-14.96117],[35.81703,-14.96133],[35.81833,-14.96155],[35.81925,-14.96174],[35.82171,-14.96229],[35.82234,-14.96243],[35.82402,-14.96279],[35.82611,-14.96325],[35.82715,-14.96349],[35.82947,-14.96395],[35.8316,-14.96447],[35.83349,-14.96487],[35.83518,-14.96528],[35.8362,-14.96555],[35.84009,-14.96665],[35.84239,-14.96732],[35.84489,-14.96805],[35.84976,-14.96942],[35.85129,-14.96986],[35.85342,-14.97051],[35.85436,-14.97088],[35.8557,-14.9714],[35.86099,-14.97364],[35.8617,-14.97395],[35.86657,-14.97601],[35.86768,-14.97648],[35.86848,-14.97688],[35.86935,-14.97734],[35.87506,-14.98047],[35.87604,-14.98099],[35.87752,-14.98176],[35.87797,-14.982]]},"properties":{"id":44689898,"rt":"rail","name":"","ref":"","usage":"main","gauge":"1067","electrified":"no","km":7.09}},
{"type":"Feature","geometry":{"type":"LineString","coordinates":[[33.63031,-13.89543],[33.63258,-13.89521],[33.63449,-13.89507],[33.63725,-13.89499],[33.63777,-13.89493],[33.63842,-13.89474],[33.63893,-13.89453],[33.63927,-13.89435],[33.64181,-13.893],[33.64259,-13.89257],[33.64435,-13.89161],[33.64475,-13.89141],[33.64524,-13.89119],[33.64554,-13.89107],[33.64583,-13.89099],[33.64608,-13.89093],[33.64642,-13.89087],[33.64682,-13.89084],[33.64722,-13.89081],[33.64785,-13.89078],[33.64873,-13.89071],[33.65259,-13.89047],[33.65402,-13.89038],[33.65448,-13.89038],[33.65471,-13.8904],[33.65506,-13.89043],[33.65537,-13.8905],[33.65572,-13.89059],[33.65602,-13.8907],[33.65622,-13.89077],[33.65648,-13.89089],[33.65684,-13.89108],[33.65741,-13.89145],[33.65846,-13.89215],[33.66034,-13.89341],[33.66176,-13.89435],[33.66353,-13.89554],[33.66449,-13.89617],[33.6649,-13.89638],[33.66548,-13.89661],[33.6659,-13.89671],[33.66621,-13.89675],[33.66692,-13.89684],[33.66851,-13.89697],[33.66892,-13.89704],[33.66926,-13.89712],[33.66972,-13.8973],[33.67008,-13.89747],[33.67036,-13.89762],[33.67063,-13.89782],[33.67099,-13.89811],[33.67126,-13.89838],[33.67153,-13.89868],[33.67169,-13.89889],[33.6718,-13.89908],[33.67219,-13.89967],[33.67272,-13.90044],[33.67306,-13.90095],[33.67336,-13.90141],[33.67363,-13.90178],[33.67425,-13.90242],[33.67456,-13.90273],[33.67457,-13.90274],[33.67523,-13.90339],[33.67567,-13.90384],[33.67597,-13.90409],[33.67633,-13.90435],[33.67679,-13.90461],[33.67709,-13.90475],[33.67735,-13.90484],[33.67769,-13.90493],[33.67807,-13.90502],[33.67837,-13.90506],[33.67875,-13.90507],[33.67913,-13.90506],[33.67978,-13.90498],[33.67998,-13.90495],[33.68172,-13.90462],[33.68234,-13.90453],[33.68281,-13.90451],[33.68312,-13.90451],[33.68367,-13.90459],[33.68395,-13.90465],[33.68441,-13.9048],[33.68497,-13.90503],[33.68548,-13.90535],[33.68607,-13.90573],[33.68647,-13.90599],[33.68655,-13.90605],[33.68711,-13.90642],[33.68739,-13.90659],[33.68772,-13.90676],[33.68813,-13.90694],[33.6884,-13.90702],[33.68887,-13.90714],[33.68933,-13.9072],[33.68964,-13.90722],[33.69012,-13.90722],[33.69078,-13.90722],[33.69129,-13.90721],[33.69233,-13.90718],[33.6946,-13.90716],[33.69687,-13.90711],[33.69859,-13.9071],[33.69933,-13.90707],[33.69968,-13.90703],[33.70008,-13.90696],[33.70083,-13.90679],[33.70229,-13.90646],[33.70276,-13.90636],[33.70413,-13.90604],[33.70419,-13.90603],[33.70453,-13.90595],[33.70519,-13.90582],[33.70536,-13.9058],[33.70563,-13.90576],[33.70598,-13.90573],[33.70999,-13.90576],[33.71064,-13.90578],[33.71215,-13.9058],[33.7145,-13.90582],[33.71674,-13.90585],[33.71736,-13.90583],[33.71912,-13.90561],[33.72227,-13.90515],[33.7244,-13.90488],[33.72607,-13.90465],[33.72653,-13.90454],[33.727,-13.90437],[33.72763,-13.90407],[33.72803,-13.90381],[33.72834,-13.90356],[33.72863,-13.90331],[33.72923,-13.9028],[33.73042,-13.90178],[33.73163,-13.90076],[33.73282,-13.89974],[33.73303,-13.89957],[33.73326,-13.89942],[33.73344,-13.89931]]},"properties":{"id":48067991,"rt":"rail","name":"","ref":"","usage":"main","gauge":"1067","electrified":"no","km":12.14}},
{"type":"Feature","geometry":{"type":"LineString","coordinates":[[35.04085,-15.11955],[35.04219,-15.11944],[35.04273,-15.11938],[35.04331,-15.1193],[35.04417,-15.11912],[35.04495,-15.11892],[35.04548,-15.11872],[35.04579,-15.11862],[35.04602,-15.11851],[35.04605,-15.1185],[35.04663,-15.11824],[35.0473,-15.11791],[35.04805,-15.11746],[35.04864,-15.11707],[35.04933,-15.11653],[35.04983,-15.11609],[35.05014,-15.11581],[35.05068,-15.11523],[35.05108,-15.11477],[35.05179,-15.11384],[35.05211,-15.11343],[35.05264,-15.11286],[35.05312,-15.11241],[35.0538,-15.11187],[35.05433,-15.11151],[35.05477,-15.11123],[35.05532,-15.11095],[35.05589,-15.11068],[35.05645,-15.11048],[35.05724,-15.11024],[35.058,-15.11007],[35.05865,-15.10998],[35.05868,-15.10997],[35.05939,-15.10995],[35.05968,-15.10993],[35.0602,-15.10988],[35.06065,-15.10982],[35.0612,-15.10969],[35.06173,-15.10949],[35.06214,-15.1093],[35.06251,-15.10909],[35.06291,-15.10884],[35.06329,-15.10852],[35.0637,-15.10813],[35.06404,-15.10772],[35.06453,-15.10708],[35.06485,-15.10671],[35.06516,-15.10644],[35.06544,-15.10621],[35.06576,-15.10598],[35.06615,-15.10575],[35.06645,-15.1056],[35.06673,-15.10547],[35.06712,-15.10533],[35.06781,-15.10513],[35.06804,-15.10509],[35.06807,-15.10508],[35.06831,-15.10505],[35.06887,-15.10503],[35.06929,-15.10503],[35.06969,-15.10507],[35.07027,-15.10518],[35.07068,-15.10529],[35.07121,-15.10548],[35.07171,-15.10573],[35.07238,-15.10613],[35.07561,-15.10813],[35.07716,-15.10909],[35.07753,-15.10932],[35.07779,-15.10948],[35.07857,-15.10996],[35.07891,-15.11021],[35.07936,-15.11048],[35.07973,-15.11066],[35.08001,-15.11079],[35.08031,-15.11092],[35.08067,-15.11105],[35.08094,-15.11113],[35.08138,-15.11126],[35.08185,-15.11136],[35.08225,-15.11142],[35.08262,-15.11147],[35.08306,-15.11149],[35.08352,-15.11151],[35.08403,-15.11149],[35.08451,-15.11145],[35.08493,-15.11138],[35.08535,-15.1113],[35.08572,-15.11121],[35.08609,-15.1111],[35.0865,-15.11096],[35.08681,-15.11084],[35.0871,-15.11071],[35.08746,-15.11054],[35.08769,-15.11042],[35.08794,-15.11028]]},"properties":{"id":78434806,"rt":"rail","name":"","ref":"","usage":"main","gauge":"1067","electrified":"no","km":5.811}},
{"type":"Feature","geometry":{"type":"LineString","coordinates":[[35.23622,-15.07273],[35.23597,-15.07066],[35.23594,-15.07024],[35.23597,-15.06996],[35.23607,-15.06966],[35.23625,-15.06929],[35.23689,-15.06817],[35.23691,-15.06812],[35.23696,-15.06797],[35.23696,-15.06774],[35.23691,-15.06741],[35.23681,-15.06722],[35.23661,-15.06695],[35.23651,-15.06682],[35.23635,-15.06658],[35.23622,-15.06624],[35.23609,-15.0659],[35.23606,-15.06557],[35.23609,-15.06535],[35.23621,-15.06501],[35.23635,-15.06478],[35.2366,-15.06452],[35.23697,-15.06432],[35.23727,-15.06426],[35.23765,-15.06419],[35.23798,-15.06412],[35.23828,-15.06403],[35.23864,-15.06389]]},"properties":{"id":78435599,"rt":"rail","name":"","ref":"","usage":"","gauge":"","electrified":"no","km":1.212}},
{"type":"Feature","geometry":{"type":"LineString","coordinates":[[35.23661,-15.06695],[35.23684,-15.06711],[35.23721,-15.06733],[35.23833,-15.06798],[35.23867,-15.06823],[35.23874,-15.06832],[35.23919,-15.0689],[35.24132,-15.07276]]},"properties":{"id":78435805,"rt":"rail","name":"","ref":"","usage":"","gauge":"","electrified":"no","km":0.843}},
{"type":"Feature","geometry":{"type":"LineString","coordinates":[[32.89041,-13.79065],[32.89008,-13.79076],[32.8899,-13.7908],[32.88968,-13.79085],[32.88933,-13.79089],[32.88826,-13.791],[32.88726,-13.79103],[32.88681,-13.79101],[32.88622,-13.79092],[32.88557,-13.79079],[32.88516,-13.79068],[32.88461,-13.7905],[32.88399,-13.79026],[32.883,-13.78985],[32.88231,-13.78947],[32.88162,-13.78902],[32.88094,-13.78844],[32.88023,-13.7877],[32.87933,-13.78646],[32.87825,-13.78468],[32.87682,-13.78248],[32.87586,-13.78092],[32.87477,-13.77914],[32.87366,-13.77751],[32.87232,-13.77605],[32.87095,-13.77491],[32.86925,-13.77373],[32.86777,-13.77263],[32.86677,-13.77208],[32.8651,-13.7714],[32.86416,-13.77094],[32.86362,-13.77058],[32.86287,-13.76957],[32.86204,-13.76806],[32.86164,-13.76704],[32.86116,-13.76592],[32.86043,-13.76409],[32.85968,-13.76252],[32.85898,-13.76085],[32.85853,-13.75986],[32.8577,-13.75871],[32.85665,-13.75759],[32.85404,-13.75478],[32.85311,-13.7537],[32.85265,-13.75331],[32.85216,-13.75288],[32.85126,-13.75226],[32.84992,-13.75142],[32.84429,-13.74794],[32.83605,-13.74271],[32.83486,-13.7418],[32.83363,-13.74067],[32.83243,-13.73938],[32.83137,-13.7382],[32.83091,-13.73766],[32.82983,-13.73614],[32.82889,-13.73447],[32.82825,-13.73296],[32.82767,-13.73115],[32.82711,-13.72935],[32.82631,-13.72688],[32.82609,-13.72609],[32.82603,-13.72562],[32.82601,-13.7251],[32.82604,-13.72465],[32.82613,-13.72413],[32.82624,-13.72371],[32.82633,-13.72347],[32.82648,-13.72314],[32.827,-13.72215],[32.8276,-13.72087],[32.82771,-13.72057],[32.82781,-13.72013],[32.82787,-13.71978],[32.82788,-13.71925],[32.82785,-13.71887],[32.82778,-13.71846],[32.82765,-13.71798],[32.82746,-13.7175],[32.82723,-13.71704],[32.82673,-13.71633],[32.82596,-13.71523],[32.82528,-13.7143],[32.82462,-13.71347],[32.82419,-13.71299],[32.8235,-13.71234],[32.8231,-13.712],[32.82268,-13.71166],[32.82185,-13.71112],[32.82068,-13.71042],[32.81944,-13.70969],[32.81882,-13.70929],[32.81831,-13.70887],[32.81777,-13.70836],[32.81731,-13.70788],[32.81699,-13.7075],[32.81639,-13.70663],[32.81577,-13.70547],[32.81493,-13.70375],[32.81445,-13.70284],[32.81404,-13.70211],[32.81359,-13.7014],[32.81318,-13.70088],[32.81282,-13.70047],[32.81249,-13.70016],[32.81198,-13.6997],[32.81157,-13.69937],[32.81084,-13.69892],[32.81015,-13.69855],[32.80941,-13.69824],[32.80858,-13.69791],[32.80667,-13.69722],[32.80454,-13.69642],[32.80194,-13.69545],[32.79718,-13.69371],[32.79294,-13.69213],[32.79023,-13.69113],[32.789,-13.69069],[32.78847,-13.69053],[32.78788,-13.69036],[32.78714,-13.69018],[32.78412,-13.6897],[32.78031,-13.68906],[32.77751,-13.68865],[32.77535,-13.68836],[32.76985,-13.68751],[32.76787,-13.68717],[32.7656,-13.68682],[32.76371,-13.68653],[32.75955,-13.6859],[32.75624,-13.6854],[32.75613,-13.68538],[32.75465,-13.68517],[32.75414,-13.68512],[32.75341,-13.68508],[32.75294,-13.68506],[32.75251,-13.68504],[32.7517,-13.68504],[32.751,-13.68508],[32.75043,-13.68514],[32.74966,-13.68523],[32.74759,-13.68556],[32.74477,-13.68598],[32.74179,-13.68642],[32.73946,-13.68677],[32.7388,-13.68687],[32.73825,-13.6869],[32.73769,-13.68687],[32.73714,-13.68679],[32.73666,-13.68665],[32.73632,-13.68652],[32.73508,-13.68582],[32.73356,-13.6849],[32.73209,-13.68402],[32.73054,-13.68303],[32.72887,-13.68204],[32.72835,-13.68178],[32.7277,-13.68149],[32.72592,-13.68069],[32.72501,-13.68029],[32.7246,-13.68008],[32.72421,-13.67984],[32.72362,-13.67938],[32.72266,-13.67855],[32.72207,-13.67803],[32.72119,-13.67728],[32.72072,-13.67686],[32.72018,-13.67642],[32.7197,-13.67612],[32.71909,-13.67576],[32.71855,-13.6755],[32.71796,-13.6753],[32.71719,-13.67504],[32.71654,-13.67487],[32.71583,-13.67478],[32.71474,-13.67466],[32.71312,-13.67443],[32.71009,-13.67405],[32.70661,-13.67363],[32.70468,-13.6734],[32.70417,-13.67332],[32.70345,-13.67316],[32.70264,-13.67291],[32.702,-13.67274],[32.70155,-13.67264],[32.70079,-13.67252],[32.6994,-13.67232],[32.69614,-13.67185],[32.68996,-13.67099],[32.68868,-13.6708],[32.68763,-13.67065],[32.68694,-13.67054],[32.68653,-13.6705],[32.68626,-13.67048],[32.68584,-13.67048],[32.68553,-13.67052],[32.68519,-13.67058],[32.68476,-13.67071],[32.6844,-13.67081],[32.68399,-13.67101],[32.68337,-13.67134],[32.68176,-13.67226],[32.67974,-13.67342],[32.67919,-13.6738],[32.67863,-13.67425],[32.67827,-13.67458],[32.67782,-13.67492],[32.67776,-13.67496],[32.67732,-13.67523],[32.67672,-13.6755],[32.67618,-13.67562],[32.67585,-13.67566],[32.67553,-13.67566],[32.67509,-13.67562],[32.67426,-13.67549],[32.67145,-13.67506],[32.67051,-13.6749],[32.66998,-13.67483],[32.66969,-13.67479],[32.66914,-13.67476],[32.66793,-13.6748],[32.66687,-13.67476],[32.66562,-13.67466],[32.66325,-13.67441],[32.66201,-13.67429],[32.66056,-13.67413],[32.66043,-13.67411],[32.65936,-13.67399],[32.65918,-13.67397],[32.65868,-13.67393],[32.65843,-13.6739],[32.65781,-13.67377],[32.65676,-13.67334],[32.6566,-13.67327],[32.65647,-13.67321],[32.65624,-13.6731],[32.65593,-13.67299],[32.65567,-13.67292],[32.6556,-13.6729],[32.65546,-13.67288],[32.65497,-13.67281],[32.65472,-13.6728],[32.65434,-13.6728],[32.65362,-13.67285],[32.65311,-13.6729],[32.653,-13.67291],[32.65287,-13.67292],[32.65104,-13.67309],[32.64996,-13.67319],[32.64987,-13.6732],[32.64794,-13.67334],[32.64614,-13.67352],[32.64601,-13.67355],[32.64563,-13.67357],[32.64525,-13.67361],[32.64498,-13.6736],[32.64469,-13.67355],[32.64437,-13.67344],[32.64411,-13.6733],[32.64369,-13.67301],[32.64351,-13.67286],[32.64337,-13.67275],[32.64316,-13.6726],[32.64061,-13.67081],[32.63882,-13.66954],[32.63809,-13.66903],[32.63718,-13.66839]]},"properties":{"id":107987807,"rt":"rail","name":"","ref":"","usage":"main","gauge":"1067","electrified":"no","km":34.114}},
{"type":"Feature","geometry":{"type":"LineString","coordinates":[[35.06055,-15.66188],[35.0608,-15.66115],[35.0611,-15.6603],[35.06124,-15.66005],[35.06141,-15.65982],[35.06159,-15.65962],[35.0618,-15.65945],[35.06214,-15.65922],[35.06312,-15.6586],[35.06341,-15.65838],[35.06361,-15.65819],[35.06376,-15.65796],[35.06387,-15.65774],[35.06395,-15.65746],[35.064,-15.65716],[35.06402,-15.65681],[35.06401,-15.65648],[35.0639,-15.65321],[35.06382,-15.65254],[35.06364,-15.65199],[35.06344,-15.65171],[35.06087,-15.64924],[35.05924,-15.64768],[35.05871,-15.64718],[35.05846,-15.64695],[35.05728,-15.64583],[35.0571,-15.64565],[35.05694,-15.64539],[35.05683,-15.64507],[35.05675,-15.64456],[35.05662,-15.64379],[35.05632,-15.6422],[35.05571,-15.63877],[35.05558,-15.63843],[35.05539,-15.63812],[35.05471,-15.63755],[35.05442,-15.63729],[35.05421,-15.63696],[35.0541,-15.63662],[35.05362,-15.63443],[35.05351,-15.63411],[35.05336,-15.63384],[35.05314,-15.63365],[35.05281,-15.63348],[35.05243,-15.63336],[35.05162,-15.63323],[35.05124,-15.63312],[35.04955,-15.63213],[35.04924,-15.63202],[35.04825,-15.63183],[35.0479,-15.63169],[35.04787,-15.63166],[35.04768,-15.63149],[35.04748,-15.63124],[35.04727,-15.63087],[35.04605,-15.6287],[35.04597,-15.62848],[35.04593,-15.62826],[35.04593,-15.62807]]},"properties":{"id":154231603,"rt":"rail","name":"","ref":"","usage":"main","gauge":"1067","electrified":"no","km":4.749}},
{"type":"Feature","geometry":{"type":"LineString","coordinates":[[35.0295,-15.12827],[35.02943,-15.12815],[35.02925,-15.12784]]},"properties":{"id":160512527,"rt":"rail","name":"","ref":"","usage":"main","gauge":"1067","electrified":"no","km":0.055}},
{"type":"Feature","geometry":{"type":"LineString","coordinates":[[35.0117,-15.77768],[35.0109,-15.77717],[35.0106,-15.77698],[35.01039,-15.77676],[35.01024,-15.7765],[35.01018,-15.77636],[35.01013,-15.7762],[35.00994,-15.77505],[35.00992,-15.77477],[35.00995,-15.77465],[35.00998,-15.77448],[35.01007,-15.77429],[35.01037,-15.77366],[35.01037,-15.77365],[35.01039,-15.77362],[35.01043,-15.77332],[35.01041,-15.77302],[35.0104,-15.77295],[35.01028,-15.77243],[35.01002,-15.77128],[35.01001,-15.77124],[35.00994,-15.77089],[35.00992,-15.77057],[35.00994,-15.77017]]},"properties":{"id":179279900,"rt":"rail","name":"","ref":"","usage":"main","gauge":"1067","electrified":"no","km":0.931}},
{"type":"Feature","geometry":{"type":"LineString","coordinates":[[35.01424,-15.78746],[35.014,-15.78739]]},"properties":{"id":179279901,"rt":"rail","name":"","ref":"","usage":"main","gauge":"1067","electrified":"no","km":0.027}},
{"type":"Feature","geometry":{"type":"LineString","coordinates":[[35.19982,-15.8856],[35.19983,-15.8854],[35.19982,-15.88522],[35.19976,-15.885],[35.1997,-15.8848],[35.19957,-15.88455],[35.19949,-15.88444],[35.19938,-15.88434],[35.19913,-15.88417],[35.19784,-15.88345],[35.19767,-15.88336],[35.19739,-15.88327],[35.19702,-15.88323],[35.19688,-15.88324],[35.19611,-15.88329],[35.19562,-15.88331],[35.19523,-15.88324],[35.19502,-15.88316],[35.19482,-15.88306],[35.1944,-15.88278],[35.1934,-15.88214],[35.19306,-15.88196],[35.19287,-15.88189],[35.19253,-15.88181],[35.19181,-15.8817],[35.19156,-15.88161],[35.19127,-15.88143],[35.19105,-15.88127],[35.19053,-15.88088],[35.19033,-15.88076],[35.1901,-15.88066],[35.18949,-15.88044],[35.18931,-15.88033],[35.18917,-15.8802],[35.18905,-15.88004],[35.18905,-15.88003],[35.18875,-15.87955],[35.18867,-15.87944],[35.18855,-15.87934],[35.1883,-15.87921],[35.18815,-15.87917],[35.18798,-15.87914],[35.18758,-15.87908],[35.18722,-15.87901],[35.18701,-15.87892],[35.18687,-15.87884],[35.18673,-15.87876],[35.18656,-15.87861],[35.18645,-15.87847],[35.18634,-15.87828],[35.18621,-15.87795],[35.18618,-15.87763],[35.1862,-15.87737],[35.18623,-15.87724],[35.18627,-15.87709],[35.18645,-15.87665],[35.1866,-15.87625],[35.18661,-15.87602],[35.1866,-15.8758],[35.18655,-15.8756],[35.18644,-15.87538],[35.18621,-15.87512],[35.18602,-15.87501],[35.1858,-15.87493],[35.18569,-15.87491],[35.18557,-15.87489],[35.18534,-15.8749],[35.18518,-15.87493],[35.185,-15.87499],[35.18481,-15.87512],[35.18465,-15.87523],[35.18453,-15.87533],[35.18434,-15.87548],[35.18412,-15.87563],[35.18404,-15.87567],[35.18384,-15.87576],[35.18363,-15.87582],[35.18339,-15.87584],[35.18318,-15.87583],[35.18292,-15.87578],[35.18278,-15.87574],[35.18263,-15.87567],[35.18246,-15.87557],[35.18206,-15.87535],[35.18113,-15.87486],[35.18098,-15.87478],[35.18072,-15.87466],[35.1806,-15.87463],[35.18043,-15.87457],[35.18014,-15.87454],[35.17988,-15.8745],[35.17943,-15.87445],[35.17917,-15.8744],[35.17899,-15.87435],[35.17897,-15.87434],[35.17882,-15.87426],[35.17869,-15.87417],[35.17865,-15.87414],[35.17856,-15.87406],[35.17846,-15.87396],[35.17838,-15.87384],[35.17829,-15.87367],[35.17793,-15.87247],[35.17781,-15.87208],[35.17774,-15.87192],[35.17765,-15.87176],[35.17752,-15.87164],[35.17747,-15.8716],[35.17735,-15.87151],[35.1772,-15.87143],[35.17702,-15.87136],[35.17681,-15.87134],[35.17664,-15.87135],[35.17621,-15.87141],[35.17609,-15.87143],[35.17573,-15.87145],[35.17389,-15.87149],[35.17363,-15.87144],[35.17343,-15.87135],[35.17319,-15.87118],[35.17305,-15.87103],[35.17289,-15.87075],[35.17284,-15.87054],[35.17283,-15.87027],[35.17286,-15.87016],[35.17288,-15.87008],[35.17292,-15.86998],[35.17331,-15.86914],[35.17342,-15.86887],[35.17349,-15.86858],[35.17351,-15.86838],[35.1735,-15.86818],[35.17349,-15.86806],[35.17334,-15.86773],[35.17323,-15.86756],[35.1731,-15.8674],[35.17215,-15.86672],[35.17141,-15.86619],[35.17109,-15.86589],[35.17084,-15.86557],[35.17035,-15.86492],[35.17009,-15.86473],[35.16976,-15.86457],[35.16949,-15.86454],[35.16799,-15.86446],[35.16764,-15.86439],[35.16735,-15.8643],[35.16697,-15.86417],[35.16682,-15.86412],[35.16664,-15.86408],[35.16647,-15.86407],[35.16591,-15.86411],[35.16561,-15.86411],[35.16536,-15.86406],[35.16512,-15.86394],[35.16495,-15.86381],[35.16484,-15.86367],[35.16472,-15.8635],[35.16422,-15.86228],[35.16416,-15.86214],[35.16406,-15.86195],[35.16393,-15.86177],[35.16375,-15.86159],[35.16339,-15.86135],[35.16311,-15.86124],[35.16288,-15.86118],[35.16183,-15.861],[35.16145,-15.86099],[35.16109,-15.86103],[35.16048,-15.86118],[35.15985,-15.86134],[35.1595,-15.86137],[35.15915,-15.86133],[35.1589,-15.86128],[35.15841,-15.86107],[35.15754,-15.86065],[35.15728,-15.86057],[35.15698,-15.86053],[35.15672,-15.86055],[35.1565,-15.86058],[35.15617,-15.86068],[35.15418,-15.86131],[35.15183,-15.86204],[35.15152,-15.86216],[35.15124,-15.86234],[35.15114,-15.86242],[35.15104,-15.86253],[35.15088,-15.86272],[35.15054,-15.86316],[35.15006,-15.86381],[35.1498,-15.86404],[35.14864,-15.86468],[35.148,-15.86501],[35.14777,-15.86507],[35.14754,-15.86508],[35.14723,-15.86502],[35.14673,-15.86481],[35.14639,-15.86465],[35.14608,-15.86444],[35.14595,-15.86427],[35.14582,-15.86398],[35.14564,-15.86347],[35.14551,-15.86316],[35.14542,-15.86304],[35.14529,-15.86291],[35.14518,-15.86283],[35.14506,-15.86277],[35.14498,-15.86273],[35.14481,-15.86268],[35.14463,-15.86266],[35.14434,-15.86266],[35.14411,-15.86268],[35.14394,-15.86268],[35.14375,-15.86266],[35.14337,-15.86253],[35.14292,-15.86234],[35.14141,-15.86172],[35.14116,-15.86157],[35.14096,-15.86133],[35.14054,-15.86065],[35.14044,-15.86057],[35.14004,-15.86034],[35.13941,-15.86],[35.13926,-15.85991],[35.13871,-15.85968],[35.13847,-15.85954],[35.13831,-15.85938],[35.13818,-15.85917],[35.13806,-15.85871],[35.13787,-15.85776],[35.13787,-15.8576],[35.13788,-15.8575],[35.13795,-15.85726],[35.13808,-15.85697],[35.13811,-15.85676],[35.1381,-15.8566],[35.13806,-15.85636],[35.1379,-15.85609],[35.13772,-15.8559],[35.13749,-15.85574],[35.13724,-15.85565],[35.13697,-15.85562],[35.13625,-15.85569],[35.13581,-15.85578],[35.13564,-15.85585],[35.13548,-15.85595],[35.13533,-15.85613],[35.13521,-15.8563],[35.13495,-15.85693],[35.13486,-15.85708],[35.13474,-15.85724],[35.1346,-15.85738],[35.13438,-15.85751],[35.13418,-15.85759],[35.13397,-15.85764],[35.13374,-15.85766],[35.13246,-15.85763],[35.13213,-15.85759],[35.13121,-15.85736],[35.13094,-15.85733],[35.13062,-15.85737],[35.13038,-15.85747],[35.1302,-15.85759],[35.13006,-15.85778],[35.12998,-15.85795],[35.12992,-15.85815],[35.12991,-15.85842],[35.12993,-15.8588],[35.12992,-15.85899],[35.1299,-15.85911],[35.12985,-15.85926],[35.12982,-15.85937],[35.12971,-15.85957],[35.12957,-15.85972],[35.12932,-15.8599],[35.1292,-15.85996],[35.129,-15.86002],[35.12888,-15.86004],[35.12868,-15.86005],[35.1275,-15.85991],[35.12583,-15.85973],[35.12506,-15.85972],[35.12483,-15.8597],[35.12459,-15.85965],[35.12428,-15.85952],[35.12373,-15.85921]]},"properties":{"id":179290966,"rt":"rail","name":"","ref":"","usage":"","gauge":"1067","electrified":"no","km":10.972}},
{"type":"Feature","geometry":{"type":"LineString","coordinates":[[35.12913,-16.56414],[35.13611,-16.56159],[35.13665,-16.56134],[35.13724,-16.561],[35.13774,-16.56065],[35.1382,-16.56025],[35.13865,-16.55983],[35.13896,-16.55947],[35.14054,-16.55753],[35.1412,-16.55667],[35.14175,-16.55583],[35.14214,-16.55539],[35.14256,-16.55506],[35.14283,-16.55488],[35.14312,-16.55471],[35.1438,-16.55446]]},"properties":{"id":208745788,"rt":"rail","name":"","ref":"","usage":"","gauge":"1067","electrified":"no","km":1.958}},
{"type":"Feature","geometry":{"type":"LineString","coordinates":[[35.04574,-15.4597],[35.04569,-15.46004],[35.04552,-15.46091],[35.0453,-15.4616],[35.04501,-15.4623],[35.04475,-15.4628],[35.04451,-15.4632],[35.04375,-15.46423],[35.04204,-15.46657],[35.04185,-15.46686],[35.04175,-15.46713],[35.04168,-15.46754],[35.04165,-15.46791],[35.04175,-15.46831],[35.042,-15.46904],[35.04326,-15.47279],[35.04363,-15.4739],[35.04422,-15.47565],[35.04513,-15.47835],[35.04529,-15.47884],[35.0454,-15.47925],[35.04549,-15.47973],[35.04555,-15.48025],[35.04558,-15.48075],[35.04559,-15.48101],[35.04559,-15.48104],[35.04558,-15.48134],[35.04554,-15.48173],[35.04544,-15.48238],[35.04535,-15.48275],[35.04512,-15.48352],[35.04442,-15.48588],[35.04405,-15.48714],[35.04373,-15.48815],[35.04334,-15.48951],[35.04291,-15.49096],[35.04276,-15.49144],[35.04258,-15.49206],[35.04253,-15.4923],[35.04252,-15.4925],[35.04254,-15.49268],[35.04259,-15.49287],[35.04266,-15.49307],[35.04302,-15.49403],[35.04322,-15.49457],[35.04326,-15.49474],[35.0433,-15.49505],[35.04334,-15.49712],[35.04334,-15.49734],[35.04332,-15.49751],[35.04328,-15.49766],[35.04322,-15.49782],[35.04313,-15.498],[35.04301,-15.49817],[35.04285,-15.49836],[35.0425,-15.4987],[35.04183,-15.49933],[35.04115,-15.49998],[35.04046,-15.50061],[35.0398,-15.50123],[35.03954,-15.50148],[35.03928,-15.50173],[35.03914,-15.50187],[35.03897,-15.5021],[35.03892,-15.50224],[35.03888,-15.50243],[35.03885,-15.50269],[35.03881,-15.50417],[35.03874,-15.50572],[35.03872,-15.50591],[35.03872,-15.50594],[35.03863,-15.5063],[35.0385,-15.50664],[35.03834,-15.50696],[35.03814,-15.50726],[35.03725,-15.50861],[35.03648,-15.50975],[35.03511,-15.5118],[35.03418,-15.51317],[35.03402,-15.51347],[35.03384,-15.51391],[35.03374,-15.51427],[35.03365,-15.51482],[35.03328,-15.5177],[35.03304,-15.51935],[35.03279,-15.52119],[35.03257,-15.52286],[35.03253,-15.52327],[35.03254,-15.52358],[35.03257,-15.52388],[35.03266,-15.52421],[35.03277,-15.52448],[35.0332,-15.52527],[35.03361,-15.52595],[35.03385,-15.52636],[35.03396,-15.52656],[35.03405,-15.52675],[35.03414,-15.52699],[35.03421,-15.5273],[35.03425,-15.52765],[35.03424,-15.52806],[35.03415,-15.52845],[35.03404,-15.52876],[35.03394,-15.52897],[35.03373,-15.52928],[35.03331,-15.52988],[35.03247,-15.53095],[35.03096,-15.53289],[35.03072,-15.53317],[35.0304,-15.53356],[35.02988,-15.53426],[35.02882,-15.53565],[35.02799,-15.53673],[35.02769,-15.53711],[35.02755,-15.53732],[35.02742,-15.53753],[35.02732,-15.53775],[35.02717,-15.53828],[35.02714,-15.53853],[35.02713,-15.5388],[35.02715,-15.53907],[35.02722,-15.53942],[35.02736,-15.53994]]},"properties":{"id":214481788,"rt":"rail","name":"","ref":"","usage":"main","gauge":"1067","electrified":"no","km":9.79}},
{"type":"Feature","geometry":{"type":"LineString","coordinates":[[35.0145,-15.58237],[35.01529,-15.58231],[35.01702,-15.58219],[35.01742,-15.58217],[35.01767,-15.58218],[35.01796,-15.58226],[35.01825,-15.5824],[35.01847,-15.58255],[35.01865,-15.58275],[35.01877,-15.58292],[35.01913,-15.58358],[35.01926,-15.58376],[35.01943,-15.58394],[35.0196,-15.58407],[35.0197,-15.58412],[35.02,-15.58425],[35.02037,-15.58433],[35.02097,-15.5844],[35.02251,-15.58453],[35.02291,-15.58456],[35.02328,-15.58457],[35.02394,-15.58455],[35.02435,-15.58451],[35.02463,-15.58448],[35.027,-15.58387],[35.02733,-15.5838],[35.02754,-15.58378],[35.02786,-15.58382],[35.02811,-15.5839],[35.02827,-15.58398],[35.02844,-15.58411],[35.02858,-15.58426],[35.02871,-15.58442],[35.02881,-15.5846],[35.02888,-15.58489],[35.02889,-15.58511],[35.02887,-15.58534],[35.02882,-15.58554],[35.0287,-15.58579],[35.0284,-15.58615],[35.02767,-15.58702],[35.0275,-15.58726],[35.02742,-15.58744],[35.02738,-15.58759],[35.02736,-15.58784],[35.02737,-15.58799],[35.02742,-15.58824],[35.02753,-15.58848],[35.02768,-15.58872],[35.02787,-15.58888],[35.02816,-15.58906],[35.02885,-15.58944],[35.02889,-15.58946],[35.02947,-15.58976],[35.02969,-15.58986],[35.02995,-15.58992],[35.03012,-15.58993],[35.03059,-15.58992],[35.03149,-15.58983],[35.03325,-15.58969],[35.03594,-15.58947],[35.03845,-15.58926],[35.04003,-15.58913],[35.04058,-15.58908],[35.04092,-15.58908],[35.0411,-15.5891],[35.04131,-15.58916],[35.04158,-15.58927],[35.04195,-15.58943],[35.04221,-15.58954],[35.04238,-15.58959],[35.04254,-15.58962],[35.04277,-15.58964],[35.0432,-15.58964],[35.04379,-15.58963],[35.04396,-15.58963],[35.04409,-15.58966],[35.04425,-15.58971],[35.04444,-15.58979],[35.04463,-15.5899],[35.04486,-15.59014],[35.0449,-15.5902],[35.04496,-15.59029],[35.04506,-15.59049],[35.04513,-15.59072],[35.04514,-15.59095],[35.04509,-15.59138],[35.0449,-15.5924],[35.04485,-15.59274],[35.04485,-15.59298],[35.04489,-15.59317],[35.04493,-15.59337],[35.04504,-15.59356],[35.04515,-15.59371],[35.04529,-15.59387],[35.04551,-15.59403],[35.04576,-15.59419],[35.04599,-15.59435],[35.04619,-15.59451],[35.04637,-15.59465],[35.04645,-15.59478],[35.04655,-15.59493],[35.0466,-15.59504],[35.04668,-15.59528],[35.0467,-15.59551],[35.04666,-15.59577],[35.04644,-15.59654],[35.04606,-15.59772],[35.0455,-15.59942],[35.04524,-15.60027],[35.04515,-15.60057],[35.04509,-15.6008],[35.04508,-15.60103],[35.04509,-15.60162],[35.04511,-15.60177],[35.04515,-15.60197],[35.04522,-15.60212],[35.04532,-15.60233],[35.04554,-15.60256],[35.04579,-15.60275],[35.04666,-15.60332],[35.04794,-15.6042],[35.04842,-15.60452],[35.04862,-15.60467],[35.04878,-15.60482],[35.0489,-15.60498],[35.04898,-15.60514],[35.04905,-15.6053],[35.0491,-15.6055],[35.0491,-15.60578],[35.04908,-15.60597],[35.04898,-15.60624],[35.04885,-15.60646],[35.04863,-15.60669],[35.04753,-15.60745],[35.04723,-15.60766],[35.04703,-15.60782],[35.04688,-15.608],[35.04678,-15.60816],[35.04669,-15.60836],[35.04659,-15.6086],[35.04624,-15.60986],[35.0461,-15.61036],[35.04605,-15.61054],[35.046,-15.61082],[35.04603,-15.61106],[35.04607,-15.61125],[35.04613,-15.61143],[35.04628,-15.61174],[35.04705,-15.61295],[35.04731,-15.61333],[35.04763,-15.61373],[35.04862,-15.6148],[35.04887,-15.61511],[35.04901,-15.61535],[35.04911,-15.61556],[35.04916,-15.61578],[35.04917,-15.61609],[35.04911,-15.61646],[35.04885,-15.61749],[35.04869,-15.61806],[35.04856,-15.61844],[35.04838,-15.61872],[35.04777,-15.61934],[35.04686,-15.62019],[35.04626,-15.62075],[35.04608,-15.62097],[35.04589,-15.62127],[35.04578,-15.62156],[35.04571,-15.62183],[35.04568,-15.62212],[35.0457,-15.62234],[35.04573,-15.62253],[35.04585,-15.6229],[35.04605,-15.62326],[35.04696,-15.62449],[35.04715,-15.62481],[35.04727,-15.62509],[35.04731,-15.62534],[35.04731,-15.62566],[35.04728,-15.62587],[35.04717,-15.62616],[35.04695,-15.6265],[35.04633,-15.62719],[35.0462,-15.62739],[35.04606,-15.62761],[35.04596,-15.62785],[35.04593,-15.62807]]},"properties":{"id":214481790,"rt":"rail","name":"","ref":"","usage":"main","gauge":"1067","electrified":"no","km":9.086}},
{"type":"Feature","geometry":{"type":"LineString","coordinates":[[35.21256,-15.0679],[35.21362,-15.06815]]},"properties":{"id":214481794,"rt":"rail","name":"","ref":"","usage":"main","gauge":"1067","electrified":"no","km":0.117}},
{"type":"Feature","geometry":{"type":"LineString","coordinates":[[35.02736,-15.53994],[35.02748,-15.54035]]},"properties":{"id":214481795,"rt":"rail","name":"","ref":"","usage":"main","gauge":"1067","electrified":"no","km":0.047}},
{"type":"Feature","geometry":{"type":"LineString","coordinates":[[35.07783,-15.29001],[35.07812,-15.29077],[35.07827,-15.29117],[35.07842,-15.29169],[35.0789,-15.29374],[35.07931,-15.29551],[35.07944,-15.29606],[35.07953,-15.29644],[35.07972,-15.29725],[35.07987,-15.2979],[35.07988,-15.29795],[35.07997,-15.29829],[35.08004,-15.29857],[35.08026,-15.29906],[35.08039,-15.29929],[35.08052,-15.2995],[35.08092,-15.30011],[35.08137,-15.30081],[35.0817,-15.30134]]},"properties":{"id":214481799,"rt":"rail","name":"","ref":"","usage":"main","gauge":"1067","electrified":"no","km":1.338}},
{"type":"Feature","geometry":{"type":"LineString","coordinates":[[35.02748,-15.54035],[35.02783,-15.54143],[35.02788,-15.54169],[35.02786,-15.54201],[35.02746,-15.54399],[35.02692,-15.54665],[35.02683,-15.5472],[35.02683,-15.54767],[35.02692,-15.5482],[35.0273,-15.55051],[35.02731,-15.55083],[35.02731,-15.55105],[35.02722,-15.55142],[35.02704,-15.55185],[35.02585,-15.55468],[35.02551,-15.55549],[35.02529,-15.55597],[35.0251,-15.55626],[35.02491,-15.55649],[35.02391,-15.55751],[35.02343,-15.558],[35.02004,-15.56143],[35.01982,-15.56171],[35.01959,-15.56216],[35.01886,-15.56412],[35.01828,-15.56559],[35.0178,-15.56686],[35.01766,-15.56723],[35.01717,-15.56839],[35.016,-15.57034],[35.01327,-15.57486],[35.01244,-15.57632],[35.01229,-15.57667],[35.01222,-15.57696],[35.0122,-15.57726],[35.0123,-15.57816],[35.01257,-15.58026],[35.01268,-15.58108],[35.01279,-15.58144],[35.01297,-15.58174],[35.01318,-15.58197],[35.01349,-15.58219],[35.01376,-15.58229],[35.01413,-15.58236],[35.0145,-15.58237]]},"properties":{"id":214481800,"rt":"rail","name":"","ref":"","usage":"main","gauge":"1067","electrified":"no","km":5.282}},
{"type":"Feature","geometry":{"type":"LineString","coordinates":[[35.23887,-15.06372],[35.23897,-15.06368],[35.23995,-15.06337],[35.24003,-15.06334],[35.24058,-15.0632],[35.24096,-15.06311],[35.2418,-15.06297],[35.24267,-15.0629],[35.24272,-15.06289],[35.24388,-15.06294],[35.24408,-15.06297],[35.24539,-15.06318],[35.24645,-15.06334],[35.24765,-15.06346],[35.24778,-15.06347],[35.24833,-15.06348],[35.24851,-15.06349],[35.24935,-15.06346],[35.24979,-15.06344],[35.25081,-15.06335],[35.25164,-15.06323],[35.25302,-15.06292],[35.25354,-15.0628],[35.25523,-15.0622],[35.25551,-15.06208],[35.25629,-15.06175],[35.25687,-15.0615],[35.25832,-15.06097],[35.25868,-15.06087],[35.2607,-15.06032],[35.2618,-15.06013],[35.26296,-15.05997],[35.2638,-15.05988],[35.26405,-15.05985],[35.26505,-15.05974]]},"properties":{"id":214481802,"rt":"rail","name":"","ref":"","usage":"main","gauge":"1067","electrified":"no","km":2.888}},
{"type":"Feature","geometry":{"type":"LineString","coordinates":[[32.89327,-13.78795],[32.89344,-13.78758],[32.89448,-13.78571],[32.89581,-13.78345],[32.89604,-13.78311]]},"properties":{"id":242538233,"rt":"rail","name":"","ref":"","usage":"","gauge":"1067","electrified":"no","km":0.616}},
{"type":"Feature","geometry":{"type":"LineString","coordinates":[[35.0817,-15.30134],[35.08239,-15.30241]]},"properties":{"id":264599025,"rt":"rail","name":"","ref":"","usage":"main","gauge":"1067","electrified":"no","km":0.14}},
{"type":"Feature","geometry":{"type":"LineString","coordinates":[[35.08239,-15.30241],[35.08278,-15.30302],[35.08295,-15.30327],[35.0832,-15.30366],[35.08587,-15.30778],[35.08622,-15.30831],[35.08648,-15.30871],[35.0867,-15.30907],[35.08688,-15.30942],[35.08701,-15.30976],[35.0871,-15.31006],[35.08716,-15.31038],[35.08718,-15.31058],[35.0872,-15.31087],[35.0872,-15.31114],[35.08718,-15.31144],[35.08713,-15.31176],[35.08706,-15.31199],[35.08696,-15.31227],[35.08687,-15.31253],[35.08649,-15.31346],[35.08609,-15.31429],[35.08586,-15.31482],[35.08492,-15.31692],[35.08426,-15.31839],[35.08118,-15.3253],[35.07863,-15.33084]]},"properties":{"id":264599026,"rt":"rail","name":"","ref":"","usage":"main","gauge":"1067","electrified":"no","km":3.491}},
{"type":"Feature","geometry":{"type":"LineString","coordinates":[[35.03986,-15.11958],[35.04085,-15.11955]]},"properties":{"id":264611963,"rt":"rail","name":"","ref":"","usage":"main","gauge":"1067","electrified":"no","km":0.106}},
{"type":"Feature","geometry":{"type":"LineString","coordinates":[[34.96391,-15.01591],[34.96343,-15.01506]]},"properties":{"id":264612207,"rt":"rail","name":"","ref":"","usage":"main","gauge":"1067","electrified":"no","km":0.108}},
{"type":"Feature","geometry":{"type":"LineString","coordinates":[[34.83669,-14.79668],[34.83514,-14.79256],[34.83439,-14.7906],[34.83191,-14.78402],[34.83063,-14.78063],[34.82817,-14.77411],[34.82714,-14.77133],[34.82456,-14.76446],[34.82365,-14.76199],[34.82339,-14.76131],[34.82306,-14.76067],[34.82265,-14.76003],[34.82007,-14.75619],[34.81618,-14.75032],[34.81542,-14.74915],[34.81204,-14.74404],[34.80607,-14.73492],[34.80305,-14.73039],[34.80172,-14.72839],[34.79974,-14.72536],[34.79675,-14.72089],[34.79638,-14.72014],[34.79594,-14.71837],[34.79495,-14.71438],[34.79374,-14.70944],[34.79327,-14.70738],[34.79205,-14.70224],[34.79096,-14.69774],[34.78973,-14.69371],[34.7862,-14.68243],[34.78272,-14.67125],[34.78184,-14.66829],[34.78115,-14.66609],[34.78077,-14.66493],[34.78002,-14.66247],[34.77873,-14.65833],[34.77845,-14.65742],[34.77802,-14.65608],[34.77772,-14.65511],[34.77717,-14.65335],[34.77684,-14.65231],[34.77665,-14.6517],[34.77635,-14.65068]]},"properties":{"id":264612208,"rt":"rail","name":"","ref":"","usage":"main","gauge":"1067","electrified":"no","km":17.63}},
{"type":"Feature","geometry":{"type":"LineString","coordinates":[[33.13832,-13.91813],[33.13719,-13.91784]]},"properties":{"id":264774221,"rt":"rail","name":"","ref":"","usage":"main","gauge":"1067","electrified":"no","km":0.126}},
{"type":"Feature","geometry":{"type":"LineString","coordinates":[[33.13719,-13.91784],[33.13622,-13.91756],[33.13226,-13.91657],[33.12541,-13.91493],[33.12412,-13.91462],[33.12079,-13.91399],[33.11882,-13.91346],[33.11786,-13.91309],[33.11658,-13.91246],[33.11524,-13.91159],[33.11157,-13.90858],[33.10696,-13.90475],[33.10279,-13.90129],[33.09648,-13.89532],[33.09539,-13.89431],[33.09393,-13.89288],[33.09346,-13.89233],[33.09286,-13.89147],[33.09178,-13.88964],[33.09088,-13.88792],[33.08919,-13.88495],[33.0878,-13.8824],[33.08436,-13.87562],[33.0824,-13.87147],[33.08087,-13.86802],[33.08035,-13.86686],[33.07971,-13.86567],[33.07898,-13.86455],[33.07807,-13.86337],[33.07596,-13.86071],[33.07212,-13.85613],[33.06777,-13.85082],[33.06737,-13.85033],[33.0638,-13.84617],[33.06248,-13.84486],[33.05506,-13.83751],[33.05429,-13.83675],[33.04939,-13.83189],[33.04821,-13.83073],[33.0473,-13.82983],[33.04519,-13.82776],[33.04462,-13.8272],[33.04158,-13.82421],[33.0404,-13.82336],[33.03952,-13.82288],[33.03194,-13.82063],[33.02756,-13.81935],[33.01385,-13.81533],[33.00681,-13.81317],[33.00606,-13.81291],[33.00475,-13.8123],[32.99231,-13.8062],[32.98588,-13.80305],[32.98507,-13.8028],[32.98417,-13.80268],[32.9826,-13.80246],[32.98019,-13.80225],[32.978,-13.80205],[32.97036,-13.80135],[32.96882,-13.80111],[32.96749,-13.80074],[32.9659,-13.80016],[32.95856,-13.7976],[32.9568,-13.79695],[32.95337,-13.79567],[32.95305,-13.79555],[32.9509,-13.79478],[32.94686,-13.79333],[32.94654,-13.79321],[32.94515,-13.79273],[32.94362,-13.79244],[32.94183,-13.79214],[32.93788,-13.79146],[32.92621,-13.78951],[32.92412,-13.78918],[32.92365,-13.78905],[32.9232,-13.78889],[32.92287,-13.78873],[32.92268,-13.78862],[32.9223,-13.7884],[32.9219,-13.78809],[32.92138,-13.78759],[32.92103,-13.78719],[32.92067,-13.78665],[32.92018,-13.78559],[32.91937,-13.78387],[32.91892,-13.78297],[32.91868,-13.78253],[32.91831,-13.78206],[32.91733,-13.78096],[32.91651,-13.78002],[32.91596,-13.77945],[32.91545,-13.77899],[32.91477,-13.77849],[32.91411,-13.77811],[32.91336,-13.77776],[32.91275,-13.77754],[32.91193,-13.77731],[32.91134,-13.7772],[32.91053,-13.77715],[32.90992,-13.77713],[32.90903,-13.77723],[32.90839,-13.77735],[32.9079,-13.77748],[32.90564,-13.77792],[32.90085,-13.779],[32.90003,-13.77919],[32.89957,-13.77936],[32.89919,-13.77951],[32.89876,-13.77977],[32.89835,-13.78001],[32.89797,-13.78032],[32.89759,-13.78067],[32.89723,-13.78113],[32.89695,-13.78154],[32.89629,-13.78269],[32.89615,-13.78293],[32.89604,-13.78311],[32.89513,-13.78471],[32.89327,-13.78795],[32.89308,-13.78828],[32.89298,-13.78845],[32.89264,-13.78894],[32.8923,-13.78938],[32.89201,-13.78968],[32.89144,-13.79014],[32.89094,-13.79044],[32.89041,-13.79065]]},"properties":{"id":264774226,"rt":"rail","name":"","ref":"","usage":"main","gauge":"1067","electrified":"no","km":33.486}},
{"type":"Feature","geometry":{"type":"LineString","coordinates":[[35.26505,-15.05974],[35.26543,-15.0597]]},"properties":{"id":265398918,"rt":"rail","name":"","ref":"","usage":"main","gauge":"1067","electrified":"no","km":0.041}},
{"type":"Feature","geometry":{"type":"LineString","coordinates":[[35.48965,-15.00015],[35.49004,-15.00018]]},"properties":{"id":265399104,"rt":"rail","name":"","ref":"","usage":"main","gauge":"1067","electrified":"no","km":0.042}},
{"type":"Feature","geometry":{"type":"LineString","coordinates":[[33.99296,-13.79726],[33.99215,-13.79739]]},"properties":{"id":290456885,"rt":"rail","name":"","ref":"","usage":"main","gauge":"1067","electrified":"no","km":0.089}},
{"type":"Feature","geometry":{"type":"LineString","coordinates":[[33.99215,-13.79739],[33.99152,-13.79747],[33.99099,-13.7977],[33.99074,-13.79791],[33.99053,-13.79814],[33.99046,-13.79822],[33.99027,-13.79855],[33.9902,-13.79883],[33.99017,-13.79896],[33.99015,-13.79934],[33.99024,-13.79979],[33.99037,-13.8002],[33.99064,-13.80052],[33.99094,-13.80075],[33.99317,-13.80239],[33.99504,-13.80376],[33.99517,-13.80389],[33.99564,-13.80432],[33.99586,-13.80478],[33.99598,-13.80512],[33.99602,-13.80547],[33.99566,-13.81159],[33.99562,-13.81214],[33.9954,-13.81264],[33.99507,-13.81305],[33.99462,-13.81342],[33.99399,-13.81364],[33.99056,-13.81418],[33.98948,-13.81422],[33.98892,-13.81407],[33.98839,-13.81385],[33.98785,-13.81349],[33.98734,-13.81304],[33.98674,-13.81242],[33.98465,-13.81056],[33.98337,-13.80972],[33.97933,-13.80732],[33.97825,-13.80689],[33.9778,-13.80678],[33.97741,-13.80677],[33.97647,-13.80688],[33.97565,-13.80716],[33.97465,-13.8078],[33.97416,-13.80834],[33.97407,-13.80844],[33.97344,-13.80938],[33.97302,-13.81003],[33.97237,-13.81102],[33.97203,-13.81132],[33.97162,-13.81158],[33.97047,-13.81222],[33.96959,-13.81269],[33.96923,-13.81292],[33.9689,-13.8132],[33.96843,-13.81407],[33.96705,-13.81729],[33.96658,-13.81825],[33.96614,-13.81874],[33.96562,-13.81914]]},"properties":{"id":290456886,"rt":"rail","name":"","ref":"","usage":"main","gauge":"1067","electrified":"no","km":6.335}},
{"type":"Feature","geometry":{"type":"LineString","coordinates":[[35.28652,-15.99441],[35.28743,-15.99554],[35.28905,-15.99747],[35.28931,-15.99768],[35.28959,-15.99786],[35.29061,-15.99831],[35.29093,-15.99847],[35.2912,-15.9987],[35.29139,-15.9989],[35.29197,-15.99978],[35.2921,-16.00003],[35.29215,-16.00027],[35.29215,-16.00053],[35.29209,-16.00082],[35.29199,-16.00101],[35.29127,-16.0021],[35.29118,-16.00233],[35.29116,-16.00254],[35.29118,-16.00274],[35.29124,-16.00294],[35.29134,-16.00312],[35.29151,-16.0033],[35.29164,-16.0034],[35.29176,-16.00347],[35.29272,-16.0039],[35.2929,-16.004],[35.29306,-16.00412],[35.29322,-16.00426],[35.29337,-16.00444],[35.29346,-16.00463],[35.29352,-16.00488],[35.29373,-16.00572],[35.29377,-16.00593],[35.29383,-16.00609],[35.29399,-16.00636],[35.29416,-16.00652],[35.29436,-16.00664],[35.29455,-16.00671],[35.29479,-16.00674],[35.29503,-16.00672],[35.29571,-16.00663],[35.2962,-16.0066],[35.29635,-16.00662],[35.29719,-16.00666],[35.29764,-16.00665],[35.29854,-16.0066],[35.29951,-16.00654],[35.2997,-16.0065],[35.30007,-16.00638],[35.30044,-16.00616],[35.30064,-16.00599],[35.30133,-16.00548],[35.30165,-16.00528],[35.30192,-16.00517],[35.30232,-16.00508],[35.30364,-16.00493],[35.30397,-16.00493],[35.3043,-16.00496],[35.30459,-16.00504],[35.30488,-16.0052],[35.30519,-16.00541],[35.30539,-16.00565],[35.30555,-16.0059],[35.3057,-16.00625],[35.30615,-16.00799],[35.30616,-16.00803],[35.30705,-16.01177],[35.30713,-16.01224],[35.30714,-16.01264],[35.30704,-16.01369],[35.30682,-16.01549],[35.30663,-16.01646],[35.30651,-16.01675],[35.30625,-16.01724],[35.30573,-16.01795],[35.30474,-16.01913],[35.30455,-16.01947],[35.30444,-16.01978],[35.30441,-16.02009],[35.30443,-16.02041],[35.30447,-16.02063],[35.30456,-16.02086],[35.30474,-16.02115],[35.30675,-16.02365],[35.30721,-16.02417],[35.30792,-16.02489],[35.30854,-16.02547],[35.30887,-16.02575],[35.30922,-16.02596],[35.3098,-16.02624],[35.31027,-16.02651],[35.31048,-16.02675],[35.31069,-16.02702],[35.31085,-16.0273],[35.31095,-16.02768],[35.311,-16.02864],[35.31113,-16.02965],[35.3114,-16.03113],[35.31249,-16.03599],[35.31265,-16.03631],[35.31284,-16.03653],[35.3139,-16.03754],[35.31403,-16.03779],[35.3141,-16.03805],[35.31409,-16.03837],[35.314,-16.03861],[35.31355,-16.03941],[35.31321,-16.04017],[35.313,-16.04089],[35.31293,-16.04174],[35.31292,-16.04363],[35.31287,-16.04395],[35.31278,-16.04427],[35.3124,-16.04496],[35.31232,-16.04532],[35.31231,-16.04564],[35.31238,-16.04594],[35.31258,-16.04655],[35.31266,-16.0469],[35.31269,-16.04725],[35.31268,-16.0475],[35.31261,-16.04772],[35.31222,-16.04833],[35.31206,-16.04866],[35.31205,-16.04893],[35.3121,-16.04918],[35.31222,-16.04944],[35.31245,-16.04981],[35.3127,-16.05022],[35.31287,-16.05062],[35.31358,-16.05297],[35.31373,-16.05344],[35.31387,-16.05381],[35.31427,-16.05501],[35.31515,-16.05751],[35.31535,-16.0578],[35.31554,-16.05802],[35.31611,-16.05845],[35.3164,-16.05867],[35.31651,-16.05878],[35.31672,-16.05903],[35.31721,-16.05966],[35.31772,-16.06031],[35.3181,-16.06085],[35.31825,-16.06109]]},"properties":{"id":296587194,"rt":"rail","name":"","ref":"","usage":"","gauge":"1067","electrified":"no","km":9.921}},
{"type":"Feature","geometry":{"type":"LineString","coordinates":[[35.2816,-16.19055],[35.28218,-16.19097]]},"properties":{"id":296587198,"rt":"rail","name":"","ref":"","usage":"","gauge":"1067","electrified":"no","km":0.078}},
{"type":"Feature","geometry":{"type":"LineString","coordinates":[[35.28642,-15.99428],[35.28652,-15.99441]]},"properties":{"id":296587199,"rt":"rail","name":"","ref":"","usage":"","gauge":"1067","electrified":"no","km":0.018}},
{"type":"Feature","geometry":{"type":"LineString","coordinates":[[35.2857,-16.19575],[35.28593,-16.19671],[35.28611,-16.19745],[35.28619,-16.19789],[35.28625,-16.19854],[35.28627,-16.19875],[35.28629,-16.19904],[35.28631,-16.19951],[35.28637,-16.19978],[35.28648,-16.20005],[35.28688,-16.2008],[35.28706,-16.20111],[35.28729,-16.20151],[35.28752,-16.20185],[35.28765,-16.20209],[35.2877,-16.20231],[35.28779,-16.20252],[35.28793,-16.20272],[35.28817,-16.20291],[35.28849,-16.20304],[35.28881,-16.20312],[35.28911,-16.20318],[35.28959,-16.20334],[35.29012,-16.20344],[35.29118,-16.20353],[35.29151,-16.20356],[35.29182,-16.20363],[35.29257,-16.20384],[35.29278,-16.20388],[35.2931,-16.20397],[35.29329,-16.20402],[35.2937,-16.20412],[35.29395,-16.20422],[35.2942,-16.20434],[35.29641,-16.20575],[35.2967,-16.20594],[35.29738,-16.2064],[35.29764,-16.20663],[35.29787,-16.2069],[35.29801,-16.20719],[35.29811,-16.20748],[35.2983,-16.20803]]},"properties":{"id":296587200,"rt":"rail","name":"","ref":"","usage":"","gauge":"1067","electrified":"no","km":2.144}},
{"type":"Feature","geometry":{"type":"LineString","coordinates":[[35.26167,-16.44785],[35.26153,-16.44718],[35.26147,-16.44672],[35.26145,-16.44639],[35.26179,-16.44348],[35.26217,-16.44018],[35.2623,-16.43861],[35.26242,-16.43567],[35.26242,-16.43488],[35.26239,-16.43447],[35.26229,-16.43398],[35.26206,-16.43333],[35.26156,-16.43212],[35.26133,-16.43175],[35.26104,-16.43144],[35.25935,-16.4299],[35.25915,-16.42957],[35.25907,-16.42924],[35.25898,-16.42853],[35.25884,-16.42819],[35.2585,-16.42768],[35.25835,-16.42728],[35.25838,-16.42698],[35.25896,-16.42548],[35.25898,-16.42513],[35.25894,-16.42478],[35.25835,-16.42338],[35.25829,-16.423],[35.25834,-16.42266],[35.25943,-16.42091],[35.2595,-16.42064],[35.25955,-16.41821],[35.25944,-16.41788],[35.25886,-16.41711],[35.25875,-16.41677],[35.25876,-16.41646],[35.25887,-16.41614],[35.25971,-16.41493]]},"properties":{"id":297667453,"rt":"rail","name":"","ref":"","usage":"","gauge":"","electrified":"no","km":3.913}},
{"type":"Feature","geometry":{"type":"LineString","coordinates":[[35.14963,-16.55134],[35.15023,-16.55078],[35.15366,-16.5474],[35.15926,-16.54185],[35.16759,-16.5336],[35.16851,-16.53269],[35.1686,-16.53259],[35.16922,-16.53198],[35.16934,-16.53185],[35.1695,-16.53169],[35.16965,-16.53154],[35.16975,-16.53144]]},"properties":{"id":297668077,"rt":"rail","name":"","ref":"","usage":"","gauge":"1067","electrified":"no","km":3.082}},
{"type":"Feature","geometry":{"type":"LineString","coordinates":[[35.05134,-15.71414],[35.05131,-15.71387],[35.05124,-15.71367],[35.05115,-15.71349],[35.05107,-15.71337],[35.05088,-15.71312],[35.05069,-15.71285],[35.05052,-15.71254],[35.05035,-15.71208],[35.05014,-15.71155],[35.04998,-15.71126],[35.04979,-15.71099],[35.04963,-15.71076],[35.04952,-15.71056],[35.04946,-15.71034],[35.04943,-15.71008],[35.04942,-15.70892],[35.04945,-15.70851],[35.04954,-15.70817],[35.04994,-15.70731],[35.05001,-15.70703],[35.04998,-15.70667],[35.04984,-15.70629],[35.04958,-15.70599],[35.0494,-15.70584],[35.04917,-15.7057],[35.04897,-15.70559],[35.04871,-15.70546],[35.04851,-15.70531],[35.04837,-15.70516],[35.04825,-15.705],[35.04815,-15.70483],[35.04807,-15.70455],[35.04805,-15.70437],[35.04805,-15.7042],[35.04807,-15.70405],[35.04811,-15.7039],[35.04824,-15.70362],[35.04844,-15.70326],[35.04869,-15.70283],[35.04889,-15.70249],[35.049,-15.70224],[35.04905,-15.70204],[35.04907,-15.70185],[35.04907,-15.70168],[35.04906,-15.70153],[35.049,-15.70133],[35.04894,-15.70118],[35.04884,-15.70102],[35.04867,-15.70084],[35.0485,-15.70069],[35.04828,-15.70054],[35.04792,-15.70031],[35.04776,-15.70019],[35.04761,-15.70003],[35.04751,-15.6999],[35.04743,-15.69974],[35.04734,-15.69952],[35.04721,-15.69904],[35.04718,-15.69894],[35.0471,-15.69877],[35.04695,-15.69857],[35.04681,-15.69843],[35.04655,-15.69819],[35.0463,-15.69796],[35.04616,-15.69778],[35.04607,-15.69758],[35.04603,-15.69744],[35.04599,-15.69721],[35.046,-15.697],[35.04601,-15.69692],[35.04606,-15.69673],[35.04614,-15.69653],[35.04627,-15.69634],[35.04639,-15.69621],[35.04651,-15.69611],[35.04666,-15.69601],[35.04691,-15.69589],[35.04728,-15.69574],[35.04789,-15.69553],[35.04813,-15.69543],[35.04827,-15.69534],[35.04838,-15.69525],[35.04852,-15.69511],[35.04864,-15.69495],[35.04872,-15.69481],[35.04881,-15.69457],[35.04886,-15.69438],[35.04896,-15.69396],[35.04902,-15.69374],[35.04911,-15.69357],[35.04922,-15.69339],[35.0494,-15.69318],[35.04982,-15.69286],[35.05006,-15.69266],[35.05021,-15.6925],[35.05032,-15.69233],[35.05045,-15.69209],[35.05063,-15.6917],[35.05074,-15.69153],[35.05088,-15.69137],[35.05102,-15.69125],[35.05129,-15.69105],[35.05188,-15.69064],[35.05213,-15.69048],[35.05233,-15.69036],[35.05264,-15.69026],[35.05319,-15.69011]]},"properties":{"id":297864592,"rt":"rail","name":"","ref":"","usage":"main","gauge":"1067","electrified":"no","km":3.35}},
{"type":"Feature","geometry":{"type":"LineString","coordinates":[[35.04117,-15.73538],[35.04119,-15.73526],[35.04122,-15.73512],[35.04118,-15.73482],[35.0411,-15.73449],[35.04088,-15.73377],[35.04078,-15.73315],[35.04076,-15.73274],[35.04079,-15.73233],[35.04086,-15.73209],[35.04095,-15.73191],[35.04105,-15.73175],[35.04125,-15.73152],[35.04149,-15.73134],[35.04175,-15.73123],[35.04204,-15.73115],[35.04276,-15.731],[35.04352,-15.73085],[35.04396,-15.73073],[35.04417,-15.73065],[35.04436,-15.73056],[35.04452,-15.73045],[35.0447,-15.73031]]},"properties":{"id":297864593,"rt":"rail","name":"","ref":"","usage":"main","gauge":"1067","electrified":"no","km":0.848}},
{"type":"Feature","geometry":{"type":"LineString","coordinates":[[35.04114,-15.73549],[35.04116,-15.73543],[35.04117,-15.73538]]},"properties":{"id":297864594,"rt":"rail","name":"","ref":"","usage":"main","gauge":"1067","electrified":"no","km":0.013}},
{"type":"Feature","geometry":{"type":"LineString","coordinates":[[35.0447,-15.73031],[35.0448,-15.73022]]},"properties":{"id":297864595,"rt":"rail","name":"","ref":"","usage":"main","gauge":"1067","electrified":"no","km":0.015}},
{"type":"Feature","geometry":{"type":"LineString","coordinates":[[35.04032,-15.73632],[35.04047,-15.73626]]},"properties":{"id":297864596,"rt":"rail","name":"","ref":"","usage":"main","gauge":"1067","electrified":"no","km":0.017}},
{"type":"Feature","geometry":{"type":"LineString","coordinates":[[35.04047,-15.73626],[35.04067,-15.73615],[35.04084,-15.73599],[35.04089,-15.73594],[35.04106,-15.73569],[35.04114,-15.73549]]},"properties":{"id":297864597,"rt":"rail","name":"","ref":"","usage":"main","gauge":"1067","electrified":"no","km":0.115}},
{"type":"Feature","geometry":{"type":"LineString","coordinates":[[34.80924,-15.421],[34.80967,-15.42018],[34.81032,-15.41932],[34.8108,-15.41881],[34.81127,-15.41846],[34.81184,-15.41815],[34.81357,-15.41728],[34.81586,-15.41613],[34.81643,-15.41585],[34.81803,-15.41507],[34.81894,-15.41464],[34.81959,-15.41431],[34.82026,-15.41392],[34.82086,-15.41351],[34.82144,-15.41305],[34.82268,-15.41196],[34.823,-15.41169],[34.82328,-15.41145],[34.82395,-15.41085],[34.8261,-15.40894],[34.82629,-15.40877],[34.82641,-15.40867],[34.82941,-15.40611],[34.83055,-15.4051],[34.83199,-15.40386],[34.83287,-15.40328],[34.83462,-15.40242],[34.83561,-15.40189],[34.83618,-15.40146],[34.837,-15.40068],[34.8381,-15.39936],[34.83896,-15.3983],[34.83971,-15.39745],[34.84083,-15.39633],[34.84245,-15.39471],[34.84512,-15.392],[34.84763,-15.38891],[34.84786,-15.3886],[34.84836,-15.38796],[34.84871,-15.38748],[34.84901,-15.38698],[34.84936,-15.38627],[34.84961,-15.38562],[34.84979,-15.38504],[34.85016,-15.38356],[34.85033,-15.38285],[34.85054,-15.38218],[34.8506,-15.38204],[34.85081,-15.38157],[34.85109,-15.38107],[34.85141,-15.38064],[34.85181,-15.38017],[34.85221,-15.37979],[34.85328,-15.37875],[34.85367,-15.37835],[34.85402,-15.37792],[34.8544,-15.37741],[34.85461,-15.37702],[34.85484,-15.37656],[34.85506,-15.37593],[34.85524,-15.37528],[34.85533,-15.37452],[34.8554,-15.37281],[34.85551,-15.36916],[34.85554,-15.36873],[34.85562,-15.36824]]},"properties":{"id":305838107,"rt":"rail","name":"","ref":"","usage":"main","gauge":"1067","electrified":"no","km":8.055}},
{"type":"Feature","geometry":{"type":"LineString","coordinates":[[34.50166,-15.74008],[34.5018,-15.73984],[34.5027,-15.73873],[34.50302,-15.73827],[34.50357,-15.73758],[34.5036,-15.73755],[34.50409,-15.73695],[34.50447,-15.73656],[34.50481,-15.73623],[34.50534,-15.73582],[34.50573,-15.73554],[34.5063,-15.73512],[34.5066,-15.73485],[34.50684,-15.73461],[34.50713,-15.73425],[34.50754,-15.73369],[34.50858,-15.7321],[34.50896,-15.7316],[34.50942,-15.73107],[34.50989,-15.73068],[34.51026,-15.73044],[34.51086,-15.73014],[34.51121,-15.73],[34.51167,-15.72986],[34.51219,-15.72977],[34.51316,-15.72957],[34.51397,-15.72935],[34.51461,-15.72907],[34.51492,-15.72889],[34.51519,-15.72868],[34.51549,-15.72842],[34.51573,-15.72814],[34.51607,-15.72771],[34.51671,-15.72679],[34.51706,-15.72629],[34.51731,-15.72603],[34.5179,-15.72554],[34.51847,-15.72506],[34.51913,-15.72452],[34.51993,-15.72383],[34.52036,-15.72333],[34.52067,-15.72272],[34.52083,-15.72224],[34.52092,-15.72177],[34.52099,-15.72116],[34.52098,-15.72093],[34.52095,-15.72065],[34.52087,-15.72012],[34.52073,-15.71926],[34.52068,-15.71866],[34.52068,-15.71833],[34.52075,-15.71782],[34.52083,-15.71749],[34.52096,-15.71717],[34.52109,-15.71687],[34.5212,-15.71668],[34.52175,-15.71595],[34.52238,-15.71503],[34.52269,-15.7146],[34.52281,-15.71438],[34.52294,-15.71413],[34.52305,-15.7139],[34.52316,-15.71347],[34.52342,-15.71187],[34.52358,-15.71096],[34.52371,-15.71045],[34.52386,-15.71007],[34.52407,-15.70965],[34.52429,-15.70935],[34.52456,-15.70906],[34.52483,-15.70881],[34.52505,-15.70863],[34.52539,-15.70843],[34.52568,-15.70827],[34.52603,-15.70815],[34.52635,-15.70806],[34.52696,-15.70792],[34.52764,-15.70777],[34.52817,-15.70766],[34.52979,-15.70729],[34.53022,-15.70715],[34.53065,-15.70696],[34.53097,-15.70679],[34.53136,-15.7065],[34.53162,-15.70625],[34.5319,-15.70594],[34.53207,-15.70574],[34.53227,-15.70542],[34.53242,-15.70511],[34.53264,-15.70456],[34.53295,-15.70377],[34.53312,-15.70336],[34.5332,-15.70324],[34.53328,-15.70308],[34.53351,-15.70275],[34.53377,-15.70242],[34.53403,-15.7021],[34.53479,-15.70131],[34.53523,-15.70065],[34.53576,-15.69967],[34.53613,-15.69897],[34.53649,-15.69843],[34.53678,-15.69808],[34.53736,-15.69754],[34.53788,-15.69707],[34.53839,-15.69661],[34.5387,-15.69622],[34.5389,-15.69587],[34.53905,-15.69556],[34.53917,-15.69517],[34.53931,-15.69476],[34.5394,-15.69443],[34.5395,-15.69401],[34.53965,-15.69354],[34.53977,-15.69304],[34.53984,-15.69258],[34.53984,-15.6921],[34.53979,-15.69161],[34.53965,-15.69115],[34.53945,-15.69072],[34.5388,-15.68954],[34.53856,-15.68897],[34.53848,-15.68876],[34.53839,-15.68841],[34.53836,-15.6882],[34.53835,-15.68803],[34.53834,-15.68772],[34.53843,-15.68717],[34.53846,-15.68698],[34.53853,-15.68673],[34.53867,-15.68635],[34.53889,-15.68597],[34.53902,-15.68579],[34.53925,-15.68553],[34.53956,-15.68522],[34.53968,-15.68511],[34.54003,-15.68479],[34.54032,-15.68459],[34.54042,-15.68452],[34.54058,-15.68448],[34.54113,-15.68423],[34.54183,-15.68393],[34.54234,-15.68368],[34.54276,-15.68345],[34.54303,-15.68324],[34.54337,-15.68294],[34.54364,-15.68261],[34.54381,-15.68239],[34.5441,-15.68191],[34.54489,-15.68047],[34.54517,-15.67997],[34.54536,-15.67961],[34.54629,-15.67797],[34.54646,-15.67759],[34.54655,-15.67719],[34.54659,-15.67686],[34.54663,-15.67649],[34.54668,-15.67513],[34.54672,-15.67455],[34.54677,-15.6741],[34.54683,-15.6738],[34.54696,-15.67308],[34.54713,-15.67225],[34.54721,-15.6718],[34.54726,-15.67143],[34.54733,-15.67068],[34.54734,-15.67],[34.54759,-15.66368],[34.5477,-15.66038],[34.54772,-15.65999],[34.54773,-15.65977],[34.54775,-15.65903],[34.5478,-15.6587],[34.54788,-15.6584],[34.54802,-15.658],[34.54838,-15.65703],[34.54871,-15.65626],[34.54903,-15.65538],[34.54942,-15.65446],[34.5497,-15.65385],[34.54995,-15.65336],[34.55025,-15.65285]]},"properties":{"id":306972639,"rt":"rail","name":"","ref":"","usage":"main","gauge":"1067","electrified":"no","km":12.002}},
{"type":"Feature","geometry":{"type":"LineString","coordinates":[[34.80924,-15.421],[34.80879,-15.42183],[34.80833,-15.42267],[34.80795,-15.42331],[34.8076,-15.42371],[34.80721,-15.42409],[34.80671,-15.42447],[34.80343,-15.42656],[34.80255,-15.42726],[34.80197,-15.42785],[34.79981,-15.43022],[34.79861,-15.43155],[34.79804,-15.43219],[34.79754,-15.4328],[34.79705,-15.43357],[34.79638,-15.43481],[34.7955,-15.43647],[34.79533,-15.4368],[34.79331,-15.44051],[34.79261,-15.44218],[34.79159,-15.44464],[34.79073,-15.44679],[34.78967,-15.44927],[34.78914,-15.45059],[34.78891,-15.45144],[34.78881,-15.45241],[34.78885,-15.45313],[34.7892,-15.45591],[34.7892,-15.45666],[34.78911,-15.45743],[34.78889,-15.45824],[34.78866,-15.45884],[34.78843,-15.45926],[34.78764,-15.46057],[34.78631,-15.46266],[34.78599,-15.4631],[34.78551,-15.46361],[34.78472,-15.4642],[34.78366,-15.46484],[34.78283,-15.46537],[34.78208,-15.46594],[34.78119,-15.46672],[34.77884,-15.46872],[34.77504,-15.472],[34.7748,-15.47221],[34.77399,-15.47273],[34.77257,-15.47334],[34.77151,-15.47363],[34.77023,-15.47374],[34.7689,-15.47368],[34.76711,-15.47365],[34.76641,-15.47363],[34.76543,-15.47362],[34.76506,-15.47364],[34.76462,-15.47372],[34.76404,-15.47385],[34.76355,-15.474],[34.76321,-15.47415],[34.76285,-15.47431],[34.76229,-15.47461],[34.7615,-15.47503],[34.76103,-15.47528]]},"properties":{"id":310224961,"rt":"rail","name":"","ref":"","usage":"main","gauge":"1067","electrified":"no","km":8.627}},
{"type":"Feature","geometry":{"type":"LineString","coordinates":[[34.86819,-15.33979],[34.86825,-15.33925],[34.86841,-15.33841],[34.86865,-15.33759],[34.86891,-15.33691],[34.86941,-15.33594],[34.87026,-15.33439],[34.87073,-15.33353],[34.87255,-15.33017],[34.87456,-15.32648],[34.87682,-15.32236],[34.87785,-15.32045],[34.87827,-15.31975],[34.87858,-15.3193],[34.87893,-15.31885],[34.8794,-15.31833],[34.87985,-15.3179],[34.88145,-15.31641],[34.88358,-15.3144],[34.88592,-15.31221],[34.8862,-15.31198],[34.88639,-15.31182],[34.88687,-15.31146],[34.88751,-15.31105],[34.88821,-15.3107],[34.88866,-15.3105],[34.8894,-15.31021],[34.89236,-15.30924],[34.89702,-15.30779],[34.9049,-15.30521],[34.90577,-15.3049],[34.90665,-15.30448],[34.9074,-15.30402],[34.90808,-15.30349],[34.90893,-15.30272],[34.91435,-15.29714]]},"properties":{"id":310224962,"rt":"rail","name":"","ref":"","usage":"main","gauge":"1067","electrified":"no","km":7.221}},
{"type":"Feature","geometry":{"type":"LineString","coordinates":[[34.81969,-15.41497],[34.82203,-15.41292],[34.82227,-15.41271],[34.8224,-15.41258],[34.82264,-15.4123]]},"properties":{"id":324993961,"rt":"rail","name":"","ref":"","usage":"","gauge":"","electrified":"no","km":0.434}},
{"type":"Feature","geometry":{"type":"LineString","coordinates":[[34.82328,-15.41145],[34.82307,-15.41169],[34.82295,-15.41184],[34.82275,-15.41214],[34.82264,-15.4123],[34.82252,-15.41249],[34.82237,-15.41268],[34.82205,-15.41297],[34.82013,-15.41465],[34.81969,-15.41497],[34.81939,-15.4152]]},"properties":{"id":324993963,"rt":"rail","name":"","ref":"","usage":"","gauge":"","electrified":"no","km":0.593}},
{"type":"Feature","geometry":{"type":"LineString","coordinates":[[34.823,-15.41169],[34.82265,-15.41191],[34.82233,-15.41214],[34.82204,-15.41235],[34.82131,-15.41298],[34.82039,-15.41371],[34.82006,-15.41392],[34.81976,-15.41408],[34.81955,-15.4142],[34.81917,-15.41437]]},"properties":{"id":324993971,"rt":"rail","name":"","ref":"","usage":"","gauge":"","electrified":"no","km":0.509}},
{"type":"Feature","geometry":{"type":"LineString","coordinates":[[34.82275,-15.41214],[34.8226,-15.4123],[34.82248,-15.41241],[34.82107,-15.41364],[34.81993,-15.41463]]},"properties":{"id":324993978,"rt":"rail","name":"","ref":"","usage":"","gauge":"","electrified":"no","km":0.41}},
{"type":"Feature","geometry":{"type":"LineString","coordinates":[[35.03647,-15.12008],[35.03577,-15.12024],[35.03349,-15.12083],[35.03305,-15.12099],[35.0326,-15.12119],[35.03213,-15.12146],[35.03165,-15.12179],[35.0312,-15.12217],[35.03082,-15.12259],[35.03032,-15.1233],[35.02915,-15.12519]]},"properties":{"id":325394526,"rt":"rail","name":"","ref":"","usage":"main","gauge":"1067","electrified":"no","km":1.023}},
{"type":"Feature","geometry":{"type":"LineString","coordinates":[[35.02298,-15.11736],[35.02125,-15.11445],[35.02083,-15.11375],[35.02007,-15.11246],[35.01955,-15.11149],[35.01935,-15.11104],[35.01913,-15.11057],[35.01892,-15.11006],[35.01853,-15.10901],[35.01818,-15.10805],[35.01787,-15.10724],[35.01735,-15.10607],[35.01692,-15.10522],[35.01629,-15.10408],[35.01618,-15.10389],[35.01595,-15.10345],[35.01544,-15.10255],[35.01517,-15.10208],[35.0149,-15.10165],[35.01167,-15.09788],[35.00636,-15.09186],[35.00436,-15.0896],[35.00407,-15.08928],[35.00361,-15.08861],[35.00293,-15.08745],[35.00252,-15.08659],[35.00137,-15.08452],[34.99943,-15.08095],[34.99693,-15.07634],[34.99409,-15.07112],[34.9902,-15.06405],[34.98933,-15.06242],[34.9885,-15.06095],[34.98353,-15.05188],[34.98166,-15.04844],[34.98071,-15.04673],[34.97674,-15.03943],[34.9758,-15.03769],[34.97357,-15.03369],[34.96991,-15.02691],[34.96535,-15.01854],[34.96429,-15.01662],[34.96391,-15.01591]]},"properties":{"id":325395425,"rt":"rail","name":"","ref":"","usage":"main","gauge":"1067","electrified":"no","km":12.985}},
{"type":"Feature","geometry":{"type":"LineString","coordinates":[[35.02925,-15.12784],[35.02905,-15.12747]]},"properties":{"id":325395426,"rt":"rail","name":"","ref":"","usage":"main","gauge":"1067","electrified":"no","km":0.046}},
{"type":"Feature","geometry":{"type":"LineString","coordinates":[[35.02915,-15.12519],[35.02728,-15.12817]]},"properties":{"id":325395428,"rt":"rail","name":"","ref":"","usage":"main","gauge":"1067","electrified":"no","km":0.387}},
{"type":"Feature","geometry":{"type":"LineString","coordinates":[[35.02728,-15.12817],[35.02684,-15.12893],[35.02481,-15.13217],[35.02475,-15.13225],[35.02444,-15.13267],[35.02429,-15.13286],[35.02406,-15.13307],[35.02377,-15.13335],[35.02342,-15.13361],[35.02302,-15.13387],[35.02267,-15.13406],[35.02229,-15.13425],[35.02199,-15.13435],[35.0217,-15.13445],[35.0215,-15.1345],[35.02127,-15.13454],[35.02092,-15.13461],[35.02061,-15.13463],[35.02035,-15.13465],[35.01967,-15.13465],[35.01814,-15.13455],[35.01722,-15.1345],[35.01678,-15.13452],[35.0164,-15.13456],[35.01589,-15.13465],[35.0154,-15.1348],[35.01499,-15.13495],[35.01459,-15.13513],[35.01414,-15.13534],[35.01137,-15.13654],[35.01071,-15.13682],[35.00939,-15.13745],[35.00884,-15.13779],[35.00841,-15.13813],[35.00771,-15.13882],[35.00727,-15.1394],[35.00549,-15.1424],[35.00464,-15.1438],[35.00262,-15.14665],[35.00182,-15.14783],[35.00093,-15.14889],[34.99961,-15.15032],[34.99516,-15.15499],[34.99457,-15.15572],[34.99299,-15.15828],[34.9909,-15.16168],[34.99036,-15.16238],[34.98657,-15.16661],[34.98349,-15.17011],[34.9829,-15.17089],[34.98254,-15.17162],[34.98229,-15.17235],[34.98221,-15.17299],[34.9822,-15.17372],[34.98241,-15.17621],[34.98242,-15.17645],[34.98242,-15.17673],[34.9824,-15.17714],[34.98232,-15.17773],[34.98224,-15.17809],[34.98213,-15.17843],[34.98198,-15.17884],[34.98181,-15.17921],[34.98164,-15.17953],[34.98146,-15.17981],[34.98121,-15.18017],[34.98097,-15.18046],[34.98076,-15.18068],[34.98051,-15.18092],[34.9803,-15.1811],[34.97993,-15.18139],[34.97971,-15.18154],[34.97936,-15.18175]]},"properties":{"id":325395430,"rt":"rail","name":"","ref":"","usage":"main","gauge":"1067","electrified":"no","km":8.383}},
{"type":"Feature","geometry":{"type":"LineString","coordinates":[[34.73113,-15.49815],[34.72897,-15.5026],[34.72874,-15.50307],[34.72846,-15.50367],[34.72832,-15.50398],[34.72823,-15.50424],[34.72814,-15.50455],[34.72807,-15.50505],[34.72799,-15.50577],[34.72793,-15.50641],[34.72787,-15.50677],[34.7278,-15.50706],[34.72764,-15.50749],[34.72746,-15.50784],[34.72727,-15.50813],[34.72709,-15.50838],[34.72682,-15.50865],[34.72624,-15.50908],[34.72599,-15.50925],[34.72481,-15.51003],[34.72287,-15.51138],[34.72279,-15.51143],[34.7209,-15.5127],[34.71967,-15.51353],[34.71783,-15.51479],[34.71592,-15.51608],[34.71505,-15.51668]]},"properties":{"id":325491739,"rt":"rail","name":"","ref":"","usage":"main","gauge":"1067","electrified":"no","km":2.816}},
{"type":"Feature","geometry":{"type":"LineString","coordinates":[[34.67955,-14.53461],[34.68091,-14.53553],[34.68125,-14.53583],[34.68155,-14.53614],[34.68321,-14.53862],[34.68344,-14.53896],[34.68472,-14.54088],[34.68751,-14.54501],[34.68877,-14.54687],[34.69046,-14.54938],[34.69215,-14.55194],[34.69427,-14.55511],[34.69763,-14.56007],[34.69894,-14.56206],[34.70044,-14.56427],[34.70121,-14.56543],[34.70204,-14.56668],[34.70213,-14.56682],[34.70234,-14.56714],[34.70312,-14.5683],[34.70454,-14.57041],[34.70793,-14.57544],[34.70922,-14.57736]]},"properties":{"id":326545856,"rt":"rail","name":"","ref":"","usage":"main","gauge":"1067","electrified":"no","km":5.741}},
{"type":"Feature","geometry":{"type":"LineString","coordinates":[[34.67929,-14.53442],[34.67955,-14.53461]]},"properties":{"id":326545857,"rt":"rail","name":"","ref":"","usage":"main","gauge":"1067","electrified":"no","km":0.035}},
{"type":"Feature","geometry":{"type":"LineString","coordinates":[[34.59221,-14.39644],[34.59168,-14.39649]]},"properties":{"id":326548288,"rt":"rail","name":"","ref":"","usage":"main","gauge":"1067","electrified":"no","km":0.057}},
{"type":"Feature","geometry":{"type":"LineString","coordinates":[[34.59011,-14.39262],[34.58997,-14.3923],[34.5898,-14.39201],[34.58907,-14.39112],[34.58735,-14.3891],[34.58648,-14.3881],[34.58541,-14.38682],[34.5852,-14.38651],[34.58453,-14.38538],[34.58316,-14.38305],[34.58234,-14.38147],[34.58093,-14.3792],[34.57981,-14.37716],[34.57836,-14.37459],[34.57205,-14.36367],[34.56837,-14.3573],[34.55813,-14.3396],[34.55675,-14.33717],[34.55575,-14.33549],[34.55414,-14.33263],[34.54996,-14.32547],[34.54732,-14.32087],[34.54511,-14.31716],[34.54275,-14.31303],[34.54041,-14.30897],[34.53881,-14.30616],[34.53631,-14.30185],[34.53509,-14.29976],[34.53174,-14.294],[34.53134,-14.29328],[34.53089,-14.29247],[34.53058,-14.29163],[34.5305,-14.29137],[34.53042,-14.29096],[34.52996,-14.28621]]},"properties":{"id":326548289,"rt":"rail","name":"","ref":"","usage":"main","gauge":"1067","electrified":"no","km":13.552}},
{"type":"Feature","geometry":{"type":"LineString","coordinates":[[35.21438,-16.49499],[35.21533,-16.49457],[35.21586,-16.49433],[35.21651,-16.49407],[35.21715,-16.49388],[35.21783,-16.4938],[35.21983,-16.49379],[35.22219,-16.49386],[35.22382,-16.4939],[35.22436,-16.49387],[35.22437,-16.49387],[35.22489,-16.49374],[35.22822,-16.49282],[35.22852,-16.49273],[35.22887,-16.49265],[35.22912,-16.49263],[35.22938,-16.49263],[35.2308,-16.49267],[35.23144,-16.49276],[35.23239,-16.49301],[35.23297,-16.49311],[35.23367,-16.49314],[35.23442,-16.49306],[35.23517,-16.49296],[35.23786,-16.4924],[35.23883,-16.49215],[35.23947,-16.49191],[35.24009,-16.49164],[35.24236,-16.49057],[35.24279,-16.49034],[35.24328,-16.49004],[35.24359,-16.48979],[35.24382,-16.48959],[35.24407,-16.48936],[35.24451,-16.48895],[35.24507,-16.48829],[35.24536,-16.48784],[35.24563,-16.48736],[35.24572,-16.48708],[35.24592,-16.48646],[35.24633,-16.48395],[35.2465,-16.48336],[35.24673,-16.48279],[35.247,-16.48226],[35.24732,-16.48182],[35.24765,-16.48143],[35.25211,-16.47714],[35.25385,-16.47552],[35.25414,-16.47529],[35.25461,-16.47495],[35.25612,-16.47392],[35.25638,-16.47374],[35.25679,-16.47338],[35.25714,-16.47299],[35.25718,-16.47295],[35.2576,-16.47238],[35.25766,-16.47231],[35.25803,-16.47162],[35.25902,-16.46972],[35.25908,-16.46961],[35.25911,-16.46954],[35.25948,-16.46874],[35.25964,-16.46824],[35.25973,-16.46781],[35.25979,-16.46737],[35.2598,-16.46676],[35.25965,-16.46478],[35.25964,-16.46431],[35.25965,-16.46384],[35.25971,-16.46349],[35.25977,-16.46317],[35.25994,-16.46267],[35.26021,-16.4619]]},"properties":{"id":327674012,"rt":"rail","name":"","ref":"","usage":"","gauge":"","electrified":"no","km":6.989}},
{"type":"Feature","geometry":{"type":"LineString","coordinates":[[35.20353,-17.09365],[35.2038,-17.09265],[35.20391,-17.09226],[35.20396,-17.09199],[35.20402,-17.09175],[35.20405,-17.0916],[35.20408,-17.09137],[35.2041,-17.09107],[35.20412,-17.09035],[35.20421,-17.08739],[35.20425,-17.08608],[35.20425,-17.08589],[35.20427,-17.08533],[35.20429,-17.08453]]},"properties":{"id":339321429,"rt":"rail","name":"","ref":"","usage":"","gauge":"1067","electrified":"no","km":1.021}},
{"type":"Feature","geometry":{"type":"LineString","coordinates":[[34.97936,-15.18175],[34.9789,-15.18198]]},"properties":{"id":346443132,"rt":"rail","name":"","ref":"","usage":"main","gauge":"1067","electrified":"no","km":0.056}},
{"type":"Feature","geometry":{"type":"LineString","coordinates":[[34.9789,-15.18198],[34.9781,-15.18229],[34.97731,-15.18255],[34.97527,-15.18327],[34.97367,-15.18383],[34.97242,-15.18427],[34.97085,-15.18482],[34.97005,-15.18511],[34.96958,-15.18534],[34.96906,-15.18567],[34.96855,-15.18604],[34.96814,-15.18644],[34.96748,-15.1872],[34.96633,-15.18848],[34.96509,-15.18988],[34.96376,-15.1914],[34.96268,-15.19263],[34.96244,-15.1929],[34.96194,-15.19345],[34.96164,-15.19383],[34.96132,-15.19429],[34.96057,-15.19547],[34.95993,-15.19652],[34.95926,-15.19754],[34.95807,-15.19947],[34.95739,-15.20055],[34.95681,-15.20142],[34.9504,-15.20936],[34.94858,-15.21162],[34.94668,-15.21398],[34.94575,-15.21511],[34.94548,-15.21547],[34.94531,-15.21574],[34.94515,-15.21603],[34.94491,-15.21653],[34.94471,-15.21717],[34.9446,-15.21772],[34.94452,-15.21878],[34.94448,-15.22055],[34.94431,-15.22487],[34.94426,-15.22573],[34.94414,-15.22636],[34.9439,-15.22705],[34.94366,-15.22756],[34.94332,-15.22809],[34.94216,-15.22972],[34.94071,-15.23178],[34.94015,-15.2324],[34.93961,-15.23277],[34.939,-15.23307],[34.93833,-15.23326],[34.93773,-15.23332],[34.93727,-15.23333],[34.93646,-15.23334],[34.93581,-15.23339],[34.93515,-15.23358],[34.93457,-15.23385],[34.93394,-15.23428],[34.93302,-15.23489],[34.93251,-15.23529],[34.93202,-15.2358],[34.93166,-15.23638],[34.93142,-15.23697],[34.93129,-15.23755],[34.93125,-15.23856],[34.93098,-15.24433],[34.93052,-15.25446],[34.93051,-15.25489],[34.93039,-15.25717],[34.93035,-15.25799],[34.93021,-15.25865],[34.92985,-15.25971],[34.92912,-15.26162],[34.92813,-15.26423],[34.92526,-15.27163],[34.92498,-15.27234],[34.92468,-15.27298],[34.92432,-15.27351],[34.92374,-15.27415],[34.92101,-15.27638],[34.92002,-15.27718],[34.91928,-15.27795],[34.91886,-15.27869],[34.9185,-15.27958],[34.91837,-15.28017],[34.91833,-15.28102],[34.9186,-15.285],[34.91885,-15.28796],[34.91889,-15.28858],[34.9189,-15.28915],[34.9188,-15.29016],[34.91863,-15.29086],[34.91823,-15.29189],[34.91768,-15.29294],[34.91714,-15.29378],[34.91658,-15.2947],[34.91584,-15.29557],[34.91435,-15.29714]]},"properties":{"id":346443133,"rt":"rail","name":"","ref":"","usage":"main","gauge":"1067","electrified":"no","km":15.701}},
{"type":"Feature","geometry":{"type":"LineString","coordinates":[[35.01662,-15.10459],[35.01691,-15.10505],[35.01708,-15.10536],[35.01737,-15.10593],[35.01755,-15.10631],[35.01783,-15.10695],[35.01804,-15.10744],[35.01819,-15.10783],[35.01833,-15.10824],[35.01872,-15.10931],[35.01897,-15.10997],[35.01912,-15.11033],[35.01933,-15.11081],[35.01964,-15.11147],[35.01997,-15.1121],[35.0202,-15.1125],[35.02055,-15.11309],[35.02125,-15.1143],[35.02329,-15.11769],[35.02355,-15.11812],[35.02424,-15.11929],[35.02442,-15.11964],[35.02473,-15.12026]]},"properties":{"id":346445096,"rt":"rail","name":"","ref":"","usage":"","gauge":"","electrified":"no","km":1.952}},
{"type":"Feature","geometry":{"type":"LineString","coordinates":[[34.28218,-15.80922],[34.28203,-15.80944],[34.28191,-15.80974],[34.28174,-15.81015],[34.28162,-15.81059],[34.2815,-15.81111],[34.28141,-15.8117],[34.28128,-15.81301],[34.28115,-15.81442],[34.28099,-15.81594],[34.281,-15.81928],[34.28101,-15.82085],[34.28103,-15.82232],[34.28102,-15.82334],[34.28103,-15.82441],[34.28105,-15.82621],[34.28099,-15.827],[34.2809,-15.82755],[34.28081,-15.82796],[34.28064,-15.82851],[34.2805,-15.82886],[34.28031,-15.82924],[34.28006,-15.82969],[34.27982,-15.83006],[34.27959,-15.83039],[34.27929,-15.83075],[34.27898,-15.83107],[34.27729,-15.83257],[34.27528,-15.83436],[34.27463,-15.83493],[34.27427,-15.83519],[34.27391,-15.83543],[34.27352,-15.83564],[34.27296,-15.83586],[34.2719,-15.83621],[34.26961,-15.837],[34.26797,-15.83756],[34.26727,-15.8378],[34.26641,-15.83815],[34.26527,-15.83871],[34.26379,-15.83948],[34.26249,-15.84016],[34.26124,-15.8408],[34.26065,-15.84114],[34.25997,-15.84156],[34.25886,-15.84232],[34.25812,-15.84282],[34.25751,-15.84316],[34.25671,-15.84356],[34.25507,-15.84423],[34.25276,-15.84516],[34.2508,-15.84594],[34.24513,-15.84818],[34.2409,-15.84992],[34.23936,-15.85055],[34.23709,-15.85145],[34.23463,-15.85242],[34.23089,-15.85392],[34.22825,-15.85479],[34.2234,-15.85624],[34.22023,-15.85718],[34.21558,-15.85856],[34.20924,-15.86046],[34.20506,-15.86171],[34.20317,-15.86227],[34.20188,-15.86267],[34.19989,-15.86327],[34.19879,-15.86375],[34.19553,-15.86569],[34.18271,-15.87352],[34.17876,-15.87589],[34.17731,-15.87677],[34.1769,-15.877],[34.17642,-15.87724],[34.17577,-15.87748],[34.17529,-15.87763],[34.17436,-15.87784],[34.17198,-15.87835],[34.16834,-15.87918],[34.16734,-15.8794],[34.1663,-15.87963],[34.16342,-15.88025],[34.16094,-15.88078],[34.15973,-15.88105],[34.15634,-15.88183],[34.15256,-15.88266],[34.14984,-15.88326],[34.14648,-15.88398],[34.14285,-15.88477],[34.13964,-15.88546],[34.13769,-15.88591],[34.13584,-15.88632],[34.13422,-15.88668],[34.13361,-15.88678],[34.13296,-15.88687],[34.13234,-15.88689],[34.13169,-15.88686],[34.13024,-15.88678],[34.12594,-15.8865],[34.12166,-15.88623],[34.12014,-15.88614],[34.11841,-15.88603],[34.11764,-15.88598],[34.11718,-15.88597],[34.11666,-15.88601],[34.11618,-15.88608],[34.11571,-15.88622],[34.11516,-15.88646],[34.11484,-15.88663],[34.11454,-15.88682],[34.11429,-15.887],[34.11401,-15.88724],[34.1137,-15.88759],[34.11345,-15.88789],[34.11227,-15.88931],[34.11127,-15.89048],[34.11031,-15.89167],[34.10929,-15.8929],[34.10867,-15.8937],[34.10809,-15.89443],[34.10721,-15.89548],[34.10535,-15.89775],[34.10134,-15.9027],[34.0986,-15.90605],[34.09652,-15.90858],[34.09519,-15.91024],[34.09411,-15.91157],[34.09356,-15.91224],[34.09321,-15.91268],[34.09289,-15.91305],[34.09262,-15.91337],[34.09232,-15.91369],[34.09199,-15.91401],[34.09167,-15.9143],[34.09138,-15.91453],[34.09113,-15.91471],[34.09095,-15.91483],[34.09052,-15.91508],[34.08987,-15.91544],[34.08882,-15.91598],[34.08777,-15.91653],[34.08647,-15.91721],[34.08562,-15.91765],[34.08473,-15.91809],[34.08402,-15.91839],[34.08208,-15.91912],[34.08033,-15.91974],[34.07757,-15.92072],[34.07665,-15.92105],[34.07619,-15.92126],[34.07565,-15.92157],[34.07528,-15.92186],[34.07487,-15.92225],[34.07461,-15.92259],[34.0744,-15.92293],[34.0742,-15.92327],[34.07401,-15.9237],[34.07386,-15.92419],[34.07375,-15.92478],[34.07367,-15.9254],[34.0735,-15.92659],[34.07341,-15.92703],[34.07327,-15.92754],[34.07315,-15.92788],[34.0731,-15.92798]]},"properties":{"id":383523120,"rt":"rail","name":"","ref":"","usage":"main","gauge":"1067","electrified":"no","km":28.081}},
{"type":"Feature","geometry":{"type":"LineString","coordinates":[[33.82759,-13.89791],[33.82801,-13.89818]]},"properties":{"id":400029092,"rt":"rail","name":"","ref":"","usage":"main","gauge":"1067","electrified":"no","km":0.054}},
{"type":"Feature","geometry":{"type":"LineString","coordinates":[[33.82801,-13.89818],[33.82821,-13.89831],[33.82854,-13.89852],[33.82869,-13.89862],[33.82886,-13.89876],[33.82907,-13.89897],[33.82928,-13.89923],[33.82938,-13.89937],[33.82947,-13.89952],[33.82956,-13.89969],[33.82965,-13.89996],[33.82986,-13.90075],[33.83008,-13.90149],[33.83012,-13.90164],[33.83024,-13.90212],[33.83028,-13.90228],[33.8303,-13.90237],[33.83031,-13.9024],[33.83034,-13.90251],[33.83036,-13.90272],[33.83037,-13.90296],[33.83034,-13.90338],[33.8303,-13.90369],[33.8303,-13.90384],[33.83029,-13.90398],[33.8303,-13.90412],[33.83032,-13.90425],[33.83036,-13.9044],[33.83042,-13.90454],[33.83052,-13.90471],[33.83065,-13.90488],[33.83078,-13.90501],[33.8309,-13.90512],[33.83104,-13.9052],[33.83123,-13.90533],[33.83145,-13.9054],[33.83161,-13.90545],[33.83183,-13.90547],[33.83202,-13.90547],[33.83225,-13.90545],[33.8324,-13.90541],[33.83255,-13.90536],[33.83278,-13.90525],[33.83337,-13.90482],[33.83374,-13.90457],[33.83472,-13.90399],[33.83531,-13.90372],[33.83554,-13.90365],[33.83574,-13.90361],[33.83599,-13.90359],[33.83621,-13.9036],[33.83705,-13.90374],[33.83783,-13.90387],[33.83824,-13.90392],[33.83922,-13.9041],[33.83934,-13.90412],[33.8396,-13.90414],[33.83991,-13.90411],[33.84037,-13.904],[33.84075,-13.90381],[33.84137,-13.90336],[33.84172,-13.90306],[33.8418,-13.90298],[33.84251,-13.90244],[33.84283,-13.90218],[33.84394,-13.90126],[33.84409,-13.90114],[33.84537,-13.9001],[33.84702,-13.89874],[33.8478,-13.8981],[33.84913,-13.89704],[33.85155,-13.8951],[33.85255,-13.8943],[33.8531,-13.89385],[33.85336,-13.89364],[33.85359,-13.89341],[33.85382,-13.89317],[33.85402,-13.8929],[33.8542,-13.89262],[33.85432,-13.89238],[33.85442,-13.89215],[33.85454,-13.89181],[33.85465,-13.89149],[33.85542,-13.88919],[33.85562,-13.88872],[33.85566,-13.88864],[33.85578,-13.88838],[33.85609,-13.88787],[33.85648,-13.88723],[33.85698,-13.88667],[33.857,-13.88665],[33.85763,-13.88607],[33.85781,-13.88593],[33.85839,-13.88549],[33.86,-13.88436],[33.86022,-13.88421],[33.86142,-13.88336],[33.86183,-13.88304],[33.86319,-13.88211],[33.86331,-13.88203],[33.86377,-13.88171],[33.86489,-13.88091],[33.86731,-13.87925],[33.86778,-13.87896],[33.86826,-13.87873],[33.86884,-13.87853],[33.86925,-13.87847],[33.86994,-13.87841],[33.87071,-13.8785],[33.87252,-13.87894],[33.87356,-13.87918],[33.875,-13.87952],[33.87604,-13.87976],[33.87641,-13.87986],[33.87663,-13.87991],[33.87698,-13.87999],[33.87725,-13.88002],[33.87743,-13.88003],[33.87768,-13.88003],[33.87798,-13.87998],[33.87842,-13.87983],[33.87884,-13.87959],[33.87895,-13.87951],[33.87905,-13.87943],[33.87935,-13.8791],[33.8795,-13.87889],[33.87955,-13.87881],[33.87991,-13.87816],[33.88034,-13.87755],[33.88093,-13.87692],[33.88162,-13.87646],[33.88204,-13.87627],[33.88247,-13.87615],[33.8831,-13.87603],[33.88358,-13.87602],[33.88408,-13.87607],[33.8846,-13.87618],[33.88549,-13.87654],[33.88613,-13.87684],[33.88662,-13.87708],[33.88698,-13.87725],[33.88726,-13.87747],[33.88751,-13.87774],[33.8877,-13.87812],[33.88777,-13.87853],[33.88772,-13.87885],[33.88753,-13.8794],[33.88728,-13.88017],[33.88725,-13.88054],[33.88731,-13.88119],[33.88736,-13.88163],[33.88745,-13.88197],[33.88754,-13.88216],[33.88765,-13.88236],[33.88791,-13.88265],[33.88817,-13.88283],[33.88843,-13.88292],[33.88863,-13.883],[33.88969,-13.88316],[33.89256,-13.88361],[33.89535,-13.88404],[33.89555,-13.88405],[33.89588,-13.88406],[33.89645,-13.88399],[33.89692,-13.88387],[33.89701,-13.88385],[33.89707,-13.88382],[33.89746,-13.88367],[33.89788,-13.88344],[33.8982,-13.88319],[33.89847,-13.88299],[33.89929,-13.88202],[33.90138,-13.87943],[33.90184,-13.87919],[33.90232,-13.87908],[33.90312,-13.8792],[33.90398,-13.87978],[33.90517,-13.88027],[33.90564,-13.88033],[33.90612,-13.88028],[33.90665,-13.88007],[33.90706,-13.87978],[33.90802,-13.87876],[33.90851,-13.87846],[33.90909,-13.87832],[33.90963,-13.87842],[33.91013,-13.87865],[33.9117,-13.87945],[33.91224,-13.87953],[33.91277,-13.87946],[33.91325,-13.87936],[33.91384,-13.87901],[33.91683,-13.87674],[33.9196,-13.87468],[33.92024,-13.87417],[33.92146,-13.87321],[33.92157,-13.87311],[33.92238,-13.87232],[33.92303,-13.87145],[33.92367,-13.87036],[33.92375,-13.87021],[33.92423,-13.8692],[33.92555,-13.86651],[33.92586,-13.86586],[33.92627,-13.86473],[33.92648,-13.8635],[33.92657,-13.86306],[33.92674,-13.86227],[33.92684,-13.86204],[33.92724,-13.86109],[33.92805,-13.85986],[33.92987,-13.85832],[33.92997,-13.85823],[33.93073,-13.85746],[33.93106,-13.85696],[33.93118,-13.85679],[33.93176,-13.85596],[33.93272,-13.8546],[33.93338,-13.85365],[33.9338,-13.85303],[33.93423,-13.85241],[33.93457,-13.8519],[33.93481,-13.85158],[33.93509,-13.85138],[33.93559,-13.85113],[33.93616,-13.85088],[33.9373,-13.85044],[33.93835,-13.85002],[33.93883,-13.84971],[33.939,-13.84952],[33.93918,-13.84933],[33.93944,-13.84879],[33.93981,-13.84747],[33.94013,-13.84637],[33.94075,-13.84482],[33.94087,-13.84432],[33.94083,-13.84386],[33.94082,-13.84379],[33.94067,-13.84328],[33.94064,-13.84315],[33.9403,-13.84265],[33.93966,-13.84186],[33.93956,-13.84164],[33.9394,-13.84131],[33.93925,-13.8407],[33.93938,-13.83994],[33.93965,-13.83933],[33.94032,-13.83861],[33.94329,-13.83528],[33.94375,-13.83481],[33.94433,-13.83439],[33.94472,-13.8342],[33.94528,-13.83403],[33.94687,-13.8336],[33.94779,-13.83315],[33.948,-13.83306],[33.94886,-13.83248],[33.94985,-13.8317],[33.95006,-13.83137],[33.9502,-13.83104],[33.95025,-13.83063],[33.9502,-13.83033],[33.94994,-13.82976],[33.94967,-13.82947],[33.94902,-13.82909],[33.94858,-13.82881],[33.94843,-13.82864],[33.94809,-13.82828],[33.94803,-13.82781],[33.94803,-13.82738],[33.94812,-13.82704],[33.94844,-13.82647],[33.94922,-13.82528],[33.95019,-13.82371],[33.95178,-13.82111],[33.95197,-13.8208],[33.95269,-13.81961],[33.95294,-13.81946],[33.95323,-13.81928],[33.95392,-13.81918],[33.95452,-13.81931],[33.95499,-13.81957],[33.9555,-13.82023],[33.95589,-13.82092],[33.95625,-13.82122],[33.95663,-13.82141],[33.95753,-13.82181],[33.95802,-13.82202],[33.95921,-13.82255],[33.95993,-13.82276],[33.96039,-13.82276],[33.96076,-13.82267],[33.96159,-13.82213],[33.96289,-13.82117],[33.96504,-13.81958],[33.96562,-13.81914]]},"properties":{"id":400029093,"rt":"rail","name":"","ref":"","usage":"main","gauge":"1067","electrified":"no","km":22.615}},
{"type":"Feature","geometry":{"type":"LineString","coordinates":[[32.89292,-13.78818],[32.89347,-13.78723],[32.89497,-13.78463],[32.89556,-13.78366],[32.89602,-13.78301],[32.89618,-13.78283]]},"properties":{"id":415220593,"rt":"rail","name":"","ref":"","usage":"","gauge":"1067","electrified":"no","km":0.692}},
{"type":"Feature","geometry":{"type":"LineString","coordinates":[[32.89308,-13.78828],[32.89319,-13.78798],[32.89347,-13.78723]]},"properties":{"id":415220594,"rt":"rail","name":"","ref":"","usage":"","gauge":"1067","electrified":"no","km":0.124}},
{"type":"Feature","geometry":{"type":"LineString","coordinates":[[32.89319,-13.78798],[32.89372,-13.7869],[32.89501,-13.78466],[32.89541,-13.78398],[32.89569,-13.78354],[32.89618,-13.78283],[32.89629,-13.78269]]},"properties":{"id":415220595,"rt":"rail","name":"","ref":"","usage":"","gauge":"1067","electrified":"no","km":0.678}},
{"type":"Feature","geometry":{"type":"LineString","coordinates":[[32.89287,-13.78814],[32.89494,-13.78461],[32.8954,-13.78379],[32.89555,-13.78356],[32.89568,-13.78339],[32.89602,-13.78301]]},"properties":{"id":415220596,"rt":"rail","name":"","ref":"","usage":"","gauge":"1067","electrified":"no","km":0.665}},
{"type":"Feature","geometry":{"type":"LineString","coordinates":[[33.04821,-13.83073],[33.04805,-13.83052],[33.04761,-13.83009]]},"properties":{"id":415221089,"rt":"rail","name":"","ref":"","usage":"","gauge":"","electrified":"no","km":0.096}},
{"type":"Feature","geometry":{"type":"LineString","coordinates":[[33.04519,-13.82776],[33.04548,-13.82809],[33.04905,-13.83161],[33.04939,-13.83189]]},"properties":{"id":415221090,"rt":"rail","name":"","ref":"","usage":"","gauge":"","electrified":"no","km":0.646}},
{"type":"Feature","geometry":{"type":"LineString","coordinates":[[33.20432,-13.9184],[33.20378,-13.9183],[33.19914,-13.91788],[33.19852,-13.91787]]},"properties":{"id":415222002,"rt":"rail","name":"","ref":"","usage":"","gauge":"","electrified":"no","km":0.629}},
{"type":"Feature","geometry":{"type":"LineString","coordinates":[[33.20001,-13.918],[33.20034,-13.91808],[33.20097,-13.91814]]},"properties":{"id":415222003,"rt":"rail","name":"","ref":"","usage":"","gauge":"","electrified":"no","km":0.105}},
{"type":"Feature","geometry":{"type":"LineString","coordinates":[[33.33728,-13.91514],[33.33758,-13.9151],[33.33777,-13.91508],[33.33863,-13.91507],[33.34008,-13.91506],[33.34136,-13.91506],[33.34246,-13.91505],[33.34309,-13.91505],[33.34345,-13.91508]]},"properties":{"id":415223251,"rt":"rail","name":"","ref":"","usage":"","gauge":"","electrified":"no","km":0.667}},
{"type":"Feature","geometry":{"type":"LineString","coordinates":[[33.34082,-13.91513],[33.34102,-13.91514],[33.34122,-13.91513],[33.34149,-13.91512],[33.34176,-13.91509]]},"properties":{"id":415223252,"rt":"rail","name":"","ref":"","usage":"","gauge":"","electrified":"no","km":0.102}},
{"type":"Feature","geometry":{"type":"LineString","coordinates":[[33.51431,-13.89734],[33.51363,-13.89744],[33.50919,-13.89776],[33.50875,-13.89779],[33.50852,-13.89779],[33.50811,-13.89778]]},"properties":{"id":415223606,"rt":"rail","name":"","ref":"","usage":"","gauge":"","electrified":"no","km":0.672}},
{"type":"Feature","geometry":{"type":"LineString","coordinates":[[33.75666,-13.90261],[33.75707,-13.90273],[33.76221,-13.90373],[33.76256,-13.90375]]},"properties":{"id":415225704,"rt":"rail","name":"","ref":"","usage":"","gauge":"1067","electrified":"no","km":0.65}},
{"type":"Feature","geometry":{"type":"LineString","coordinates":[[33.75707,-13.90273],[33.75736,-13.90282],[33.76187,-13.9037],[33.76221,-13.90373]]},"properties":{"id":415225705,"rt":"rail","name":"","ref":"","usage":"","gauge":"1067","electrified":"no","km":0.566}},
{"type":"Feature","geometry":{"type":"LineString","coordinates":[[33.75736,-13.90282],[33.75772,-13.90293],[33.76156,-13.90368],[33.76187,-13.9037]]},"properties":{"id":415225706,"rt":"rail","name":"","ref":"","usage":"","gauge":"1067","electrified":"no","km":0.497}},
{"type":"Feature","geometry":{"type":"LineString","coordinates":[[33.75772,-13.90293],[33.75802,-13.90303],[33.76109,-13.90364],[33.76156,-13.90368]]},"properties":{"id":415225707,"rt":"rail","name":"","ref":"","usage":"","gauge":"1067","electrified":"no","km":0.423}},
{"type":"Feature","geometry":{"type":"LineString","coordinates":[[33.80042,-13.90053],[33.80035,-13.90021],[33.80033,-13.90013],[33.79882,-13.8959],[33.79869,-13.89566]]},"properties":{"id":415225708,"rt":"rail","name":"","ref":"","usage":"","gauge":"","electrified":"no","km":0.573}},
{"type":"Feature","geometry":{"type":"LineString","coordinates":[[33.79882,-13.8959],[33.79901,-13.89629],[33.80027,-13.89984],[33.80033,-13.90013]]},"properties":{"id":415225709,"rt":"rail","name":"","ref":"","usage":"","gauge":"","electrified":"no","km":0.498}},
{"type":"Feature","geometry":{"type":"LineString","coordinates":[[33.80027,-13.89984],[33.80017,-13.89943],[33.79968,-13.89811],[33.79966,-13.8979],[33.79966,-13.89789],[33.79968,-13.89761],[33.7997,-13.89746],[33.79976,-13.89732],[33.79983,-13.89717],[33.79989,-13.89705],[33.79991,-13.89703],[33.80002,-13.89692],[33.80138,-13.89579],[33.80176,-13.8954],[33.80261,-13.89452],[33.80284,-13.8943],[33.80363,-13.89347],[33.80392,-13.89315],[33.80416,-13.89285],[33.80437,-13.89254],[33.80487,-13.89172]]},"properties":{"id":415225710,"rt":"rail","name":"","ref":"","usage":"","gauge":"","electrified":"no","km":1.13}},
{"type":"Feature","geometry":{"type":"LineString","coordinates":[[33.80261,-13.89452],[33.80293,-13.8943],[33.80311,-13.8942],[33.80325,-13.89404],[33.80447,-13.89272]]},"properties":{"id":415225711,"rt":"rail","name":"","ref":"","usage":"","gauge":"","electrified":"no","km":0.285}},
{"type":"Feature","geometry":{"type":"LineString","coordinates":[[33.80311,-13.8942],[33.8034,-13.89403],[33.80361,-13.89389],[33.80378,-13.89372],[33.80405,-13.89348]]},"properties":{"id":415225712,"rt":"rail","name":"","ref":"","usage":"","gauge":"","electrified":"no","km":0.13}},
{"type":"Feature","geometry":{"type":"LineString","coordinates":[[33.7993,-13.89611],[33.79953,-13.89676],[33.79958,-13.89705],[33.79961,-13.89737],[33.79966,-13.89789]]},"properties":{"id":415225713,"rt":"rail","name":"","ref":"","usage":"","gauge":"","electrified":"no","km":0.203}},
{"type":"Feature","geometry":{"type":"LineString","coordinates":[[33.79961,-13.89737],[33.79953,-13.89703],[33.79947,-13.89684],[33.79926,-13.89626]]},"properties":{"id":415225714,"rt":"rail","name":"","ref":"","usage":"","gauge":"","electrified":"no","km":0.129}},
{"type":"Feature","geometry":{"type":"LineString","coordinates":[[33.80017,-13.89943],[33.80008,-13.89905],[33.80007,-13.89888],[33.80008,-13.89873],[33.80013,-13.89855],[33.80018,-13.89843],[33.80027,-13.89829],[33.80039,-13.89816],[33.80051,-13.89806],[33.80072,-13.89795],[33.8011,-13.89782],[33.8029,-13.89726],[33.80327,-13.89713],[33.80381,-13.89695],[33.80404,-13.89678],[33.80507,-13.89595],[33.80591,-13.89531],[33.80709,-13.8941],[33.80719,-13.89392],[33.80727,-13.89373],[33.80735,-13.89349],[33.80746,-13.89316],[33.80783,-13.89199],[33.80801,-13.89151],[33.80812,-13.89112],[33.80816,-13.8909],[33.80819,-13.89072],[33.80815,-13.89049],[33.80805,-13.89021],[33.80798,-13.89007],[33.80787,-13.88986],[33.80764,-13.88942]]},"properties":{"id":415225715,"rt":"rail","name":"","ref":"","usage":"","gauge":"","electrified":"no","km":1.575}},
{"type":"Feature","geometry":{"type":"LineString","coordinates":[[33.80507,-13.89595],[33.80665,-13.89505],[33.80678,-13.89497],[33.80691,-13.89487],[33.80705,-13.89475],[33.80734,-13.89438]]},"properties":{"id":415225716,"rt":"rail","name":"","ref":"","usage":"","gauge":"","electrified":"no","km":0.304}},
{"type":"Feature","geometry":{"type":"LineString","coordinates":[[33.80288,-13.89909],[33.80257,-13.89868],[33.80247,-13.89853],[33.80241,-13.89835],[33.80237,-13.89812],[33.80243,-13.89783],[33.8025,-13.89763],[33.80258,-13.89751],[33.80265,-13.89742],[33.80277,-13.89734],[33.8029,-13.89726]]},"properties":{"id":415225717,"rt":"rail","name":"","ref":"","usage":"","gauge":"","electrified":"no","km":0.241}},
{"type":"Feature","geometry":{"type":"LineString","coordinates":[[33.80048,-13.9007],[33.80041,-13.90056],[33.80024,-13.90017],[33.79945,-13.89798],[33.79888,-13.89631],[33.79881,-13.896]]},"properties":{"id":415225718,"rt":"rail","name":"","ref":"","usage":"","gauge":"","electrified":"no","km":0.553}},
{"type":"Feature","geometry":{"type":"LineString","coordinates":[[33.79888,-13.89631],[33.79897,-13.89666],[33.79942,-13.89799],[33.80024,-13.90025],[33.80041,-13.90056]]},"properties":{"id":415225719,"rt":"rail","name":"","ref":"","usage":"","gauge":"","electrified":"no","km":0.501}},
{"type":"Feature","geometry":{"type":"LineString","coordinates":[[33.79897,-13.89666],[33.79904,-13.89702],[33.79936,-13.89793]]},"properties":{"id":415225720,"rt":"rail","name":"","ref":"","usage":"","gauge":"","electrified":"no","km":0.148}},
{"type":"Feature","geometry":{"type":"LineString","coordinates":[[33.79904,-13.89702],[33.79905,-13.89732],[33.79903,-13.89766],[33.79902,-13.89782],[33.79902,-13.8979],[33.79903,-13.89803],[33.79904,-13.89814],[33.79909,-13.89828],[33.79926,-13.89877],[33.79958,-13.89968]]},"properties":{"id":415225721,"rt":"rail","name":"","ref":"","usage":"","gauge":"","electrified":"no","km":0.306}},
{"type":"Feature","geometry":{"type":"LineString","coordinates":[[33.79856,-13.89527],[33.79859,-13.89555],[33.79866,-13.89586],[33.79885,-13.89658]]},"properties":{"id":415225722,"rt":"rail","name":"","ref":"","usage":"","gauge":"","electrified":"no","km":0.149}},
{"type":"Feature","geometry":{"type":"LineString","coordinates":[[33.79865,-13.89554],[33.79839,-13.89435],[33.79836,-13.89404],[33.79837,-13.89377],[33.79841,-13.89355],[33.79846,-13.89335],[33.79859,-13.89276],[33.79944,-13.88897],[33.79945,-13.88882],[33.79944,-13.88865],[33.7994,-13.88849],[33.79911,-13.88711]]},"properties":{"id":415225723,"rt":"rail","name":"","ref":"","usage":"","gauge":"","electrified":"no","km":0.957}},
{"type":"Feature","geometry":{"type":"LineString","coordinates":[[33.93423,-13.85241],[33.93405,-13.85276],[33.93128,-13.85674],[33.93106,-13.85696]]},"properties":{"id":415226957,"rt":"rail","name":"","ref":"","usage":"","gauge":"","electrified":"no","km":0.612}},
{"type":"Feature","geometry":{"type":"LineString","coordinates":[[33.93176,-13.85596],[33.93188,-13.85572],[33.93248,-13.85488]]},"properties":{"id":415226958,"rt":"rail","name":"","ref":"","usage":"","gauge":"","electrified":"no","km":0.143}},
{"type":"Feature","geometry":{"type":"LineString","coordinates":[[33.96159,-13.82213],[33.96199,-13.8219],[33.96536,-13.8194],[33.96562,-13.81914]]},"properties":{"id":415229230,"rt":"rail","name":"","ref":"","usage":"","gauge":"","electrified":"no","km":0.548}},
{"type":"Feature","geometry":{"type":"LineString","coordinates":[[33.96504,-13.81958],[33.96474,-13.81974],[33.96332,-13.82081]]},"properties":{"id":415229231,"rt":"rail","name":"","ref":"","usage":"","gauge":"","electrified":"no","km":0.231}},
{"type":"Feature","geometry":{"type":"LineString","coordinates":[[34.18547,-13.76133],[34.18596,-13.76102],[34.19071,-13.75871],[34.19109,-13.75858]]},"properties":{"id":415230281,"rt":"rail","name":"","ref":"","usage":"","gauge":"","electrified":"no","km":0.68}},
{"type":"Feature","geometry":{"type":"LineString","coordinates":[[34.18739,-13.76044],[34.18678,-13.76073],[34.18638,-13.76086]]},"properties":{"id":415230282,"rt":"rail","name":"","ref":"","usage":"","gauge":"","electrified":"no","km":0.119}},
{"type":"Feature","geometry":{"type":"LineString","coordinates":[[34.51778,-13.98778],[34.51788,-13.98806],[34.51795,-13.98844],[34.51808,-13.98917],[34.51819,-13.98986],[34.51835,-13.99081],[34.51838,-13.99106],[34.51838,-13.99135]]},"properties":{"id":415234852,"rt":"rail","name":"","ref":"","usage":"","gauge":"1067","electrified":"no","km":0.403}},
{"type":"Feature","geometry":{"type":"LineString","coordinates":[[34.51838,-13.99106],[34.5184,-13.99071],[34.51835,-13.99026],[34.51811,-13.98896],[34.51799,-13.98832],[34.51788,-13.98806]]},"properties":{"id":415234853,"rt":"rail","name":"","ref":"","usage":"","gauge":"1067","electrified":"no","km":0.34}},
{"type":"Feature","geometry":{"type":"LineString","coordinates":[[34.51835,-13.99026],[34.51841,-13.99045],[34.51844,-13.99066],[34.51843,-13.99087],[34.51843,-13.99116],[34.51846,-13.99147],[34.51847,-13.99154],[34.51853,-13.99188],[34.51855,-13.99199],[34.51861,-13.99232],[34.51877,-13.99318],[34.51882,-13.99344]]},"properties":{"id":415234854,"rt":"rail","name":"","ref":"","usage":"","gauge":"1067","electrified":"no","km":0.358}},
{"type":"Feature","geometry":{"type":"LineString","coordinates":[[34.51861,-13.99232],[34.51861,-13.99193],[34.51869,-13.99171],[34.51879,-13.99152],[34.51884,-13.99147],[34.51896,-13.99134],[34.51915,-13.99123],[34.52044,-13.99083]]},"properties":{"id":415234855,"rt":"rail","name":"","ref":"","usage":"","gauge":"1067","electrified":"no","km":0.29}},
{"type":"Feature","geometry":{"type":"LineString","coordinates":[[34.51853,-13.99188],[34.51854,-13.99163],[34.51856,-13.99152],[34.51857,-13.99146],[34.51863,-13.99129],[34.51872,-13.99115],[34.51885,-13.99104],[34.51895,-13.99096],[34.51911,-13.99085],[34.51958,-13.99067],[34.52051,-13.99039]]},"properties":{"id":415234856,"rt":"rail","name":"","ref":"","usage":"","gauge":"1067","electrified":"no","km":0.299}},
{"type":"Feature","geometry":{"type":"LineString","coordinates":[[34.52209,-14.23447],[34.52195,-14.23396],[34.52125,-14.23213],[34.52099,-14.23159]]},"properties":{"id":415234857,"rt":"rail","name":"","ref":"","usage":"","gauge":"","electrified":"no","km":0.342}},
{"type":"Feature","geometry":{"type":"LineString","coordinates":[[34.60033,-14.41772],[34.60027,-14.41722],[34.60017,-14.41465],[34.6002,-14.41432]]},"properties":{"id":415238075,"rt":"rail","name":"","ref":"","usage":"","gauge":"","electrified":"no","km":0.379}},
{"type":"Feature","geometry":{"type":"LineString","coordinates":[[34.95706,-14.98381],[34.95708,-14.98424],[34.95723,-14.98526],[34.95767,-14.98824],[34.95775,-14.98852]]},"properties":{"id":415241383,"rt":"rail","name":"","ref":"","usage":"","gauge":"","electrified":"no","km":0.529}},
{"type":"Feature","geometry":{"type":"LineString","coordinates":[[34.95784,-14.98909],[34.95783,-14.98875],[34.95756,-14.98687],[34.9571,-14.98379],[34.95708,-14.98366],[34.95699,-14.98329]]},"properties":{"id":415241386,"rt":"rail","name":"","ref":"","usage":"","gauge":"","electrified":"no","km":0.652}},
{"type":"Feature","geometry":{"type":"LineString","coordinates":[[34.95701,-14.98344],[34.95696,-14.98374],[34.95689,-14.98393],[34.95675,-14.98413],[34.95657,-14.9843],[34.95638,-14.98438],[34.95596,-14.98449],[34.95538,-14.98459]]},"properties":{"id":415241390,"rt":"rail","name":"","ref":"","usage":"","gauge":"","electrified":"no","km":0.242}},
{"type":"Feature","geometry":{"type":"LineString","coordinates":[[34.95596,-14.98449],[34.95621,-14.98446],[34.95644,-14.98448],[34.95671,-14.98458],[34.95692,-14.98471],[34.9571,-14.9849],[34.95718,-14.98504],[34.95723,-14.98526]]},"properties":{"id":415241394,"rt":"rail","name":"","ref":"","usage":"","gauge":"","electrified":"no","km":0.181}},
{"type":"Feature","geometry":{"type":"LineString","coordinates":[[34.95783,-14.98875],[34.95782,-14.98841],[34.95759,-14.9868],[34.95718,-14.98406],[34.9571,-14.98379]]},"properties":{"id":415241398,"rt":"rail","name":"","ref":"","usage":"","gauge":"","electrified":"no","km":0.558}},
{"type":"Feature","geometry":{"type":"LineString","coordinates":[[34.95782,-14.98841],[34.95783,-14.98816],[34.95777,-14.98777],[34.95754,-14.98615],[34.95727,-14.98439],[34.95718,-14.98406]]},"properties":{"id":415241402,"rt":"rail","name":"","ref":"","usage":"","gauge":"","electrified":"no","km":0.489}},
{"type":"Feature","geometry":{"type":"LineString","coordinates":[[34.95727,-14.98439],[34.95738,-14.98476],[34.95783,-14.98791],[34.95783,-14.98816]]},"properties":{"id":415241405,"rt":"rail","name":"","ref":"","usage":"","gauge":"","electrified":"no","km":0.424}},
{"type":"Feature","geometry":{"type":"LineString","coordinates":[[35.23727,-15.06426],[35.23699,-15.06428],[35.23678,-15.06429],[35.23644,-15.06427],[35.2361,-15.06422],[35.23572,-15.06414],[35.23533,-15.06401],[35.23485,-15.06379],[35.23514,-15.064],[35.23533,-15.06419],[35.23546,-15.06438],[35.2358,-15.06507],[35.23582,-15.0651],[35.23609,-15.0659]]},"properties":{"id":415522641,"rt":"rail","name":"","ref":"","usage":"","gauge":"","electrified":"no","km":0.545}},
{"type":"Feature","geometry":{"type":"LineString","coordinates":[[35.23681,-15.06722],[35.23701,-15.06747],[35.23716,-15.06768],[35.23725,-15.06789],[35.23732,-15.06812],[35.23731,-15.06828],[35.23731,-15.06832],[35.23725,-15.06853],[35.2372,-15.06867],[35.23687,-15.06927]]},"properties":{"id":415522642,"rt":"rail","name":"","ref":"","usage":"","gauge":"","electrified":"no","km":0.254}},
{"type":"Feature","geometry":{"type":"LineString","coordinates":[[35.23485,-15.06379],[35.23472,-15.06372],[35.23463,-15.06368],[35.23448,-15.06361],[35.2343,-15.06351],[35.23389,-15.06337],[35.23356,-15.06324],[35.23284,-15.06291]]},"properties":{"id":415522643,"rt":"rail","name":"","ref":"","usage":"","gauge":"","electrified":"no","km":0.237}},
{"type":"Feature","geometry":{"type":"LineString","coordinates":[[35.2343,-15.06351],[35.23384,-15.06327]]},"properties":{"id":415522644,"rt":"rail","name":"","ref":"","usage":"","gauge":"","electrified":"no","km":0.056}},
{"type":"Feature","geometry":{"type":"LineString","coordinates":[[35.23434,-15.06347],[35.23384,-15.06327],[35.23374,-15.06323],[35.23308,-15.06291],[35.22999,-15.06122],[35.22899,-15.0607],[35.22862,-15.06047],[35.22832,-15.06026],[35.22802,-15.06005]]},"properties":{"id":415522645,"rt":"rail","name":"","ref":"","usage":"","gauge":"","electrified":"no","km":0.779}},
{"type":"Feature","geometry":{"type":"LineString","coordinates":[[35.22825,-15.06018],[35.22862,-15.06033],[35.22899,-15.06053],[35.23344,-15.06294],[35.23388,-15.06318],[35.23412,-15.06336]]},"properties":{"id":415522646,"rt":"rail","name":"","ref":"","usage":"","gauge":"","electrified":"no","km":0.723}},
{"type":"Feature","geometry":{"type":"LineString","coordinates":[[35.23308,-15.06291],[35.2328,-15.0628],[35.23218,-15.06255],[35.23161,-15.06228]]},"properties":{"id":415522647,"rt":"rail","name":"","ref":"","usage":"","gauge":"","electrified":"no","km":0.173}},
{"type":"Feature","geometry":{"type":"LineString","coordinates":[[35.23161,-15.06215],[35.2328,-15.0628]]},"properties":{"id":415522648,"rt":"rail","name":"","ref":"","usage":"","gauge":"","electrified":"no","km":0.147}},
{"type":"Feature","geometry":{"type":"LineString","coordinates":[[35.23374,-15.06323],[35.2292,-15.06075],[35.22832,-15.06026]]},"properties":{"id":415522649,"rt":"rail","name":"","ref":"","usage":"","gauge":"","electrified":"no","km":0.669}},
{"type":"Feature","geometry":{"type":"LineString","coordinates":[[35.22999,-15.06122],[35.23015,-15.06134],[35.23053,-15.06156]]},"properties":{"id":415522650,"rt":"rail","name":"","ref":"","usage":"","gauge":"","electrified":"no","km":0.069}},
{"type":"Feature","geometry":{"type":"LineString","coordinates":[[35.50795,-15.00016],[35.50854,-15.00028],[35.50921,-15.0004],[35.50979,-15.00048],[35.51009,-15.00052],[35.51079,-15.00056],[35.51125,-15.00056],[35.5119,-15.00053],[35.51239,-15.00047],[35.51294,-15.00039],[35.51339,-15.0003],[35.51389,-15.00018],[35.51436,-15.00004],[35.51479,-14.99989],[35.51643,-14.99928],[35.51671,-14.99921]]},"properties":{"id":415524024,"rt":"rail","name":"","ref":"","usage":"","gauge":"1067","electrified":"no","km":0.967}},
{"type":"Feature","geometry":{"type":"LineString","coordinates":[[35.50007,-14.99834],[35.50034,-14.99835],[35.5009,-14.99848],[35.50167,-14.99866],[35.50231,-14.9988],[35.50334,-14.99904],[35.50358,-14.99909],[35.50394,-14.99918],[35.50466,-14.99934],[35.50591,-14.99963],[35.50756,-15.00003],[35.50782,-15.00012],[35.50795,-15.00016]]},"properties":{"id":415524025,"rt":"rail","name":"","ref":"","usage":"","gauge":"1067","electrified":"no","km":0.871}},
{"type":"Feature","geometry":{"type":"LineString","coordinates":[[35.86961,-14.9774],[35.8702,-14.97765],[35.87059,-14.97786],[35.87507,-14.9803],[35.87579,-14.98078]]},"properties":{"id":415527487,"rt":"rail","name":"","ref":"","usage":"","gauge":"1067","electrified":"no","km":0.764}},
{"type":"Feature","geometry":{"type":"LineString","coordinates":[[35.87059,-14.97786],[35.87092,-14.97797],[35.8713,-14.97809],[35.87227,-14.9786]]},"properties":{"id":415527488,"rt":"rail","name":"","ref":"","usage":"","gauge":"1067","electrified":"no","km":0.199}},
{"type":"Feature","geometry":{"type":"LineString","coordinates":[[35.07972,-15.29725],[35.07977,-15.29768],[35.07993,-15.29832],[35.08001,-15.29861],[35.08023,-15.2991],[35.08049,-15.2995],[35.08109,-15.30045],[35.08137,-15.30081]]},"properties":{"id":416156357,"rt":"rail","name":"","ref":"","usage":"","gauge":"1067","electrified":"no","km":0.44}},
{"type":"Feature","geometry":{"type":"LineString","coordinates":[[35.05846,-15.64695],[35.0582,-15.64676],[35.05754,-15.64615],[35.05708,-15.64569],[35.05692,-15.64546],[35.05682,-15.64525],[35.05675,-15.645],[35.05665,-15.64426],[35.05662,-15.64379]]},"properties":{"id":416159063,"rt":"rail","name":"","ref":"","usage":"","gauge":"1067","electrified":"no","km":0.425}},
{"type":"Feature","geometry":{"type":"LineString","coordinates":[[35.02645,-15.73922],[35.02776,-15.73916],[35.02803,-15.73917],[35.02828,-15.7392],[35.02871,-15.73929],[35.02894,-15.73935],[35.02935,-15.73942],[35.02959,-15.73944],[35.03166,-15.73937],[35.03207,-15.73943],[35.03312,-15.73963],[35.03328,-15.73963],[35.03347,-15.7396],[35.03386,-15.7395],[35.03411,-15.73946],[35.03433,-15.73944],[35.03456,-15.73947],[35.03477,-15.73951],[35.03501,-15.73955],[35.0352,-15.73955],[35.03542,-15.73952],[35.03569,-15.73943],[35.03604,-15.73925],[35.0371,-15.73863],[35.0373,-15.73849],[35.03753,-15.73829],[35.03764,-15.73817],[35.03774,-15.738],[35.03789,-15.73775]]},"properties":{"id":416162832,"rt":"rail","name":"","ref":"","usage":"","gauge":"","electrified":"no","km":1.307}},
{"type":"Feature","geometry":{"type":"LineString","coordinates":[[35.03386,-15.7395],[35.03327,-15.73973],[35.03137,-15.74071],[35.03106,-15.74088]]},"properties":{"id":416162834,"rt":"rail","name":"","ref":"","usage":"","gauge":"","electrified":"no","km":0.337}},
{"type":"Feature","geometry":{"type":"LineString","coordinates":[[35.03327,-15.73973],[35.03298,-15.73984],[35.0316,-15.74054],[35.03137,-15.74071]]},"properties":{"id":416162835,"rt":"rail","name":"","ref":"","usage":"","gauge":"","electrified":"no","km":0.231}},
{"type":"Feature","geometry":{"type":"LineString","coordinates":[[35.03312,-15.73963],[35.03288,-15.73965],[35.03271,-15.73968],[35.03247,-15.73975],[35.03224,-15.73984],[35.03101,-15.74039]]},"properties":{"id":416162836,"rt":"rail","name":"","ref":"","usage":"","gauge":"","electrified":"no","km":0.243}},
{"type":"Feature","geometry":{"type":"LineString","coordinates":[[35.01762,-15.7884],[35.01739,-15.7883],[35.01473,-15.78756],[35.01444,-15.78752]]},"properties":{"id":416162839,"rt":"rail","name":"","ref":"","usage":"","gauge":"","electrified":"no","km":0.355}},
{"type":"Feature","geometry":{"type":"LineString","coordinates":[[35.01794,-15.78851],[35.01765,-15.78845],[35.01746,-15.7884],[35.01457,-15.78759],[35.01429,-15.78747]]},"properties":{"id":416162840,"rt":"rail","name":"","ref":"","usage":"","gauge":"","electrified":"no","km":0.408}},
{"type":"Feature","geometry":{"type":"LineString","coordinates":[[35.02452,-15.7874],[35.02362,-15.7876],[35.02342,-15.78767],[35.02317,-15.78782],[35.023,-15.78797],[35.02285,-15.78814],[35.02273,-15.78829],[35.02261,-15.7885],[35.02255,-15.78866],[35.0225,-15.78887],[35.02246,-15.78915],[35.02247,-15.78934],[35.02257,-15.78983],[35.02263,-15.79015],[35.02269,-15.79049],[35.02274,-15.79071],[35.02283,-15.79089],[35.02296,-15.79108],[35.0232,-15.79132],[35.02338,-15.79145],[35.02359,-15.79154],[35.02407,-15.79164],[35.02541,-15.7919],[35.02637,-15.79208],[35.02665,-15.79215],[35.02689,-15.79224],[35.02711,-15.79238],[35.02747,-15.79265]]},"properties":{"id":416164997,"rt":"rail","name":"","ref":"","usage":"","gauge":"","electrified":"no","km":1.073}},
{"type":"Feature","geometry":{"type":"LineString","coordinates":[[35.02711,-15.79238],[35.02762,-15.79264],[35.02826,-15.79291],[35.02881,-15.79319],[35.02924,-15.79335],[35.02958,-15.79342],[35.02982,-15.79346],[35.03043,-15.79355],[35.03075,-15.79357],[35.03111,-15.79356],[35.03136,-15.79355],[35.03159,-15.79352],[35.0318,-15.79348],[35.03202,-15.79343],[35.03282,-15.79328]]},"properties":{"id":416164998,"rt":"rail","name":"","ref":"","usage":"","gauge":"","electrified":"no","km":0.64}},
{"type":"Feature","geometry":{"type":"LineString","coordinates":[[35.03111,-15.79356],[35.03073,-15.79353],[35.03035,-15.79349],[35.03016,-15.79343],[35.02998,-15.79334],[35.02974,-15.79316],[35.02954,-15.79289],[35.0294,-15.7927],[35.0292,-15.79243],[35.02758,-15.79023],[35.02748,-15.7899],[35.02748,-15.7897],[35.0275,-15.78959],[35.02753,-15.78939],[35.02761,-15.78919],[35.02794,-15.78868],[35.02795,-15.78867],[35.02834,-15.78795]]},"properties":{"id":416164999,"rt":"rail","name":"","ref":"","usage":"","gauge":"","electrified":"no","km":0.835}},
{"type":"Feature","geometry":{"type":"LineString","coordinates":[[35.02826,-15.79291],[35.02798,-15.79271],[35.02768,-15.79243],[35.02691,-15.79149]]},"properties":{"id":416165001,"rt":"rail","name":"","ref":"","usage":"","gauge":"","electrified":"no","km":0.215}},
{"type":"Feature","geometry":{"type":"LineString","coordinates":[[35.06264,-15.8077],[35.06292,-15.80727],[35.06324,-15.80668],[35.06332,-15.80655],[35.06342,-15.80642],[35.06359,-15.8063],[35.06374,-15.80621],[35.06388,-15.80615],[35.064,-15.80613],[35.06416,-15.80611],[35.06425,-15.80611],[35.06452,-15.80614],[35.06525,-15.80633]]},"properties":{"id":416165005,"rt":"rail","name":"","ref":"","usage":"","gauge":"","electrified":"no","km":0.373}},
{"type":"Feature","geometry":{"type":"LineString","coordinates":[[35.06372,-15.82079],[35.06355,-15.82062],[35.06344,-15.82045],[35.06333,-15.8202],[35.06327,-15.81993],[35.06313,-15.81811],[35.06309,-15.81738]]},"properties":{"id":416165006,"rt":"rail","name":"","ref":"","usage":"","gauge":"","electrified":"no","km":0.394}},
{"type":"Feature","geometry":{"type":"LineString","coordinates":[[35.06301,-15.81264],[35.06253,-15.81345],[35.06238,-15.81375],[35.06231,-15.81392],[35.06226,-15.8141],[35.06223,-15.81436]]},"properties":{"id":416165011,"rt":"rail","name":"","ref":"","usage":"","gauge":"","electrified":"no","km":0.211}},
{"type":"Feature","geometry":{"type":"LineString","coordinates":[[35.0623,-15.81422],[35.06228,-15.81454],[35.06208,-15.81819],[35.06209,-15.8184],[35.0621,-15.81856],[35.06219,-15.81904],[35.06224,-15.81924],[35.0623,-15.81937],[35.06258,-15.81989]]},"properties":{"id":416165014,"rt":"rail","name":"","ref":"","usage":"","gauge":"","electrified":"no","km":0.641}},
{"type":"Feature","geometry":{"type":"LineString","coordinates":[[35.06443,-15.81351],[35.06433,-15.81369],[35.06429,-15.81386],[35.06426,-15.81405],[35.0642,-15.81529]]},"properties":{"id":416167816,"rt":"rail","name":"","ref":"","usage":"","gauge":"","electrified":"no","km":0.201}},
{"type":"Feature","geometry":{"type":"LineString","coordinates":[[35.0665,-15.8193],[35.06608,-15.81832],[35.06567,-15.81744],[35.06564,-15.81734],[35.06554,-15.81706],[35.06547,-15.81694],[35.06538,-15.81681],[35.06525,-15.81669],[35.06514,-15.8166],[35.06501,-15.81655],[35.06486,-15.8165],[35.06469,-15.81646],[35.06445,-15.81642]]},"properties":{"id":416167817,"rt":"rail","name":"","ref":"","usage":"","gauge":"","electrified":"no","km":0.414}},
{"type":"Feature","geometry":{"type":"LineString","coordinates":[[35.06418,-15.81638],[35.06402,-15.81636],[35.06387,-15.81632],[35.06374,-15.81627],[35.06362,-15.81618],[35.0635,-15.81608],[35.06339,-15.81596],[35.06331,-15.81578],[35.06326,-15.81566],[35.06323,-15.81556],[35.06319,-15.81544]]},"properties":{"id":416304367,"rt":"rail","name":"","ref":"","usage":"","gauge":"","electrified":"no","km":0.162}},
{"type":"Feature","geometry":{"type":"LineString","coordinates":[[35.06445,-15.81642],[35.06466,-15.81652],[35.06483,-15.81664],[35.06498,-15.81681],[35.06506,-15.81694],[35.06513,-15.81706],[35.06598,-15.81898]]},"properties":{"id":416304368,"rt":"rail","name":"","ref":"","usage":"","gauge":"","electrified":"no","km":0.337}},
{"type":"Feature","geometry":{"type":"LineString","coordinates":[[35.063,-15.82018],[35.06289,-15.81997],[35.06281,-15.81973],[35.06277,-15.81951],[35.06275,-15.81928],[35.06275,-15.81909],[35.06283,-15.81764]]},"properties":{"id":416304369,"rt":"rail","name":"","ref":"","usage":"","gauge":"","electrified":"no","km":0.287}},
{"type":"Feature","geometry":{"type":"LineString","coordinates":[[35.06298,-15.818],[35.063,-15.81784],[35.06303,-15.81763],[35.0631,-15.8162],[35.06313,-15.81563]]},"properties":{"id":416304371,"rt":"rail","name":"","ref":"","usage":"","gauge":"","electrified":"no","km":0.264}},
{"type":"Feature","geometry":{"type":"LineString","coordinates":[[35.0626,-15.81835],[35.06258,-15.81805],[35.0626,-15.8174]]},"properties":{"id":416304372,"rt":"rail","name":"","ref":"","usage":"","gauge":"","electrified":"no","km":0.106}},
{"type":"Feature","geometry":{"type":"LineString","coordinates":[[35.06272,-15.81694],[35.06262,-15.81852],[35.0626,-15.81908],[35.06261,-15.81929],[35.06265,-15.81948],[35.06271,-15.81966],[35.06276,-15.81979],[35.06285,-15.81997]]},"properties":{"id":416304379,"rt":"rail","name":"","ref":"","usage":"","gauge":"","electrified":"no","km":0.342}},
{"type":"Feature","geometry":{"type":"LineString","coordinates":[[35.06307,-15.82033],[35.06283,-15.82006],[35.06268,-15.81989],[35.06255,-15.81968],[35.0624,-15.8194],[35.06232,-15.81922],[35.06225,-15.81897],[35.06217,-15.81851],[35.06216,-15.81833],[35.06217,-15.81807],[35.06219,-15.81762],[35.06223,-15.81682],[35.06236,-15.81445],[35.06234,-15.81421]]},"properties":{"id":416304380,"rt":"rail","name":"","ref":"","usage":"","gauge":"","electrified":"no","km":0.708}},
{"type":"Feature","geometry":{"type":"LineString","coordinates":[[35.06296,-15.82025],[35.06279,-15.82007],[35.06266,-15.81991],[35.06252,-15.8197],[35.0624,-15.81947],[35.06229,-15.81925],[35.06222,-15.81903],[35.06215,-15.8186],[35.06213,-15.81842],[35.06212,-15.81814],[35.06233,-15.81429],[35.06234,-15.81421],[35.06238,-15.81406],[35.06243,-15.81386]]},"properties":{"id":416304381,"rt":"rail","name":"","ref":"","usage":"","gauge":"","electrified":"no","km":0.736}},
{"type":"Feature","geometry":{"type":"LineString","coordinates":[[35.06263,-15.81413],[35.06258,-15.81548],[35.06256,-15.81612],[35.06255,-15.8163]]},"properties":{"id":416304382,"rt":"rail","name":"","ref":"","usage":"","gauge":"","electrified":"no","km":0.241}},
{"type":"Feature","geometry":{"type":"LineString","coordinates":[[35.06256,-15.81612],[35.06252,-15.81574],[35.06252,-15.8155],[35.06255,-15.81462],[35.06259,-15.81394],[35.06262,-15.81373],[35.06268,-15.81359],[35.06275,-15.81346],[35.06286,-15.81331],[35.06297,-15.81317],[35.06306,-15.8131],[35.06317,-15.81302],[35.06326,-15.81297],[35.06339,-15.81292],[35.06354,-15.81288],[35.06383,-15.81283]]},"properties":{"id":416304383,"rt":"rail","name":"","ref":"","usage":"","gauge":"","electrified":"no","km":0.441}},
{"type":"Feature","geometry":{"type":"LineString","coordinates":[[35.06289,-15.81496],[35.06292,-15.8146],[35.06295,-15.81409]]},"properties":{"id":416304387,"rt":"rail","name":"","ref":"","usage":"","gauge":"","electrified":"no","km":0.097}},
{"type":"Feature","geometry":{"type":"LineString","coordinates":[[35.06274,-15.81417],[35.06279,-15.81435],[35.06282,-15.8145],[35.06284,-15.81466],[35.06281,-15.81536],[35.06275,-15.81563],[35.0627,-15.81575],[35.06265,-15.81592]]},"properties":{"id":416304701,"rt":"rail","name":"","ref":"","usage":"","gauge":"","electrified":"no","km":0.198}},
{"type":"Feature","geometry":{"type":"LineString","coordinates":[[35.06547,-15.81694],[35.06539,-15.8168],[35.06534,-15.81673],[35.06527,-15.81666]]},"properties":{"id":416304702,"rt":"rail","name":"","ref":"","usage":"","gauge":"","electrified":"no","km":0.038}},
{"type":"Feature","geometry":{"type":"LineString","coordinates":[[35.26267,-16.45285],[35.2626,-16.45321],[35.261,-16.45741],[35.26076,-16.45785]]},"properties":{"id":416928883,"rt":"rail","name":"","ref":"","usage":"","gauge":"","electrified":"no","km":0.593}},
{"type":"Feature","geometry":{"type":"LineString","coordinates":[[35.26239,-16.45358],[35.26213,-16.45405],[35.26199,-16.45424],[35.26184,-16.4544],[35.2617,-16.45449],[35.26154,-16.45458],[35.26127,-16.45468],[35.26096,-16.45471],[35.26062,-16.45467],[35.26034,-16.45457]]},"properties":{"id":416928887,"rt":"rail","name":"","ref":"","usage":"","gauge":"","electrified":"no","km":0.279}},
{"type":"Feature","geometry":{"type":"LineString","coordinates":[[35.26062,-16.45467],[35.26085,-16.45479],[35.26109,-16.45501],[35.26125,-16.45524],[35.26135,-16.45549],[35.26138,-16.45568],[35.2614,-16.45599],[35.26128,-16.45635],[35.26101,-16.45706],[35.26089,-16.45751]]},"properties":{"id":416928891,"rt":"rail","name":"","ref":"","usage":"","gauge":"","electrified":"no","km":0.357}},
{"type":"Feature","geometry":{"type":"LineString","coordinates":[[35.26213,-16.45405],[35.2614,-16.45599]]},"properties":{"id":416928895,"rt":"rail","name":"","ref":"","usage":"","gauge":"","electrified":"no","km":0.229}},
{"type":"Feature","geometry":{"type":"LineString","coordinates":[[34.55025,-15.65285],[34.55093,-15.65172]]},"properties":{"id":424480566,"rt":"rail","name":"","ref":"","usage":"main","gauge":"1067","electrified":"no","km":0.145}},
{"type":"Feature","geometry":{"type":"LineString","coordinates":[[34.65078,-15.57935],[34.65095,-15.57914],[34.65148,-15.57854],[34.65192,-15.57815],[34.65235,-15.57776],[34.65268,-15.5775],[34.653,-15.57728],[34.65318,-15.57717],[34.65346,-15.577]]},"properties":{"id":424480567,"rt":"rail","name":"","ref":"","usage":"main","gauge":"1067","electrified":"no","km":0.391}},
{"type":"Feature","geometry":{"type":"LineString","coordinates":[[34.70079,-15.52628],[34.71182,-15.51888]]},"properties":{"id":427096625,"rt":"rail","name":"","ref":"","usage":"main","gauge":"1067","electrified":"no","km":1.44}},
{"type":"Feature","geometry":{"type":"LineString","coordinates":[[34.58582,-15.6288],[34.58761,-15.62971],[34.58854,-15.63001],[34.5896,-15.63008],[34.59044,-15.63],[34.59131,-15.62974],[34.59222,-15.62934],[34.5932,-15.62884],[34.5949,-15.62794],[34.59605,-15.62732],[34.5974,-15.62669],[34.59874,-15.62621],[34.60019,-15.62582],[34.60652,-15.62456],[34.6069,-15.62448],[34.60755,-15.62427],[34.60814,-15.62394],[34.60882,-15.62346],[34.60916,-15.62315],[34.6104,-15.62202],[34.61176,-15.62089],[34.61244,-15.62035],[34.61359,-15.61931],[34.61442,-15.61858],[34.61542,-15.61782],[34.61662,-15.61678],[34.61849,-15.61516],[34.61922,-15.61452],[34.61988,-15.61395],[34.62068,-15.61328],[34.62141,-15.61251],[34.6219,-15.61178],[34.62321,-15.60963],[34.62379,-15.60906],[34.62437,-15.60864],[34.62576,-15.60773],[34.62651,-15.607],[34.62697,-15.6064],[34.62731,-15.60592],[34.62769,-15.60533],[34.62808,-15.60481],[34.62886,-15.60377],[34.62954,-15.60284],[34.62986,-15.60242],[34.63016,-15.60211],[34.63055,-15.60176],[34.63086,-15.60152],[34.63123,-15.60132],[34.63275,-15.60053],[34.63352,-15.60015],[34.63385,-15.59992],[34.63403,-15.59978],[34.63434,-15.59946],[34.63453,-15.59922],[34.63477,-15.5989],[34.63484,-15.59875],[34.63504,-15.59829],[34.63518,-15.5978],[34.63525,-15.59726],[34.63526,-15.59696],[34.63538,-15.59582],[34.63546,-15.59538],[34.63555,-15.595],[34.63573,-15.59456],[34.63617,-15.59389],[34.63676,-15.59335],[34.63753,-15.59288],[34.63884,-15.59212],[34.63966,-15.59142],[34.64007,-15.59086],[34.64048,-15.58997],[34.64116,-15.58843],[34.6413,-15.58812],[34.64159,-15.58775],[34.6419,-15.58736],[34.64217,-15.5871],[34.64281,-15.58663],[34.64351,-15.58618],[34.64509,-15.58525],[34.64513,-15.58522],[34.64661,-15.58432],[34.64743,-15.58381],[34.64784,-15.58344],[34.6481,-15.58318],[34.64842,-15.58275],[34.64894,-15.582],[34.64974,-15.58079],[34.65078,-15.57935]]},"properties":{"id":427096626,"rt":"rail","name":"","ref":"","usage":"main","gauge":"1067","electrified":"no","km":9.476}},
{"type":"Feature","geometry":{"type":"LineString","coordinates":[[35.13544,-15.0898],[35.13564,-15.0897]]},"properties":{"id":436607059,"rt":"rail","name":"","ref":"","usage":"main","gauge":"1067","electrified":"no","km":0.024}},
{"type":"Feature","geometry":{"type":"LineString","coordinates":[[35.13564,-15.0897],[35.13658,-15.08922],[35.13782,-15.08869],[35.13844,-15.08847],[35.13874,-15.08836],[35.13904,-15.08826],[35.13906,-15.08826],[35.13929,-15.08817],[35.13967,-15.08806],[35.14056,-15.0878],[35.14131,-15.08761],[35.14142,-15.08759],[35.14205,-15.08747],[35.14216,-15.08744],[35.14288,-15.08731],[35.14357,-15.08721],[35.14422,-15.08714],[35.14505,-15.08708],[35.14603,-15.08702],[35.14666,-15.08694],[35.14723,-15.08684],[35.14801,-15.08667],[35.14861,-15.08649],[35.14885,-15.08641],[35.14913,-15.08631],[35.14986,-15.086],[35.15048,-15.08569],[35.1509,-15.08547],[35.15152,-15.08507],[35.15209,-15.08468],[35.15278,-15.08407],[35.15351,-15.08335],[35.15425,-15.0825],[35.15473,-15.08204],[35.15491,-15.08189],[35.15514,-15.0817],[35.15548,-15.08145],[35.15585,-15.08121],[35.15626,-15.08098],[35.15664,-15.08079],[35.15705,-15.08063],[35.15766,-15.08044],[35.15842,-15.08028],[35.15907,-15.0802],[35.15956,-15.08019],[35.16004,-15.08021],[35.16025,-15.08023],[35.16083,-15.0803],[35.16131,-15.08041],[35.16226,-15.0807],[35.16311,-15.08094],[35.16364,-15.08104],[35.16424,-15.0811],[35.16521,-15.08112],[35.16593,-15.08103],[35.16652,-15.08089],[35.16696,-15.08077],[35.16744,-15.08059],[35.16953,-15.07956],[35.17098,-15.07893],[35.17306,-15.07815],[35.17486,-15.07757],[35.17639,-15.07714],[35.17802,-15.07673],[35.17942,-15.07641],[35.18004,-15.07625],[35.1804,-15.07615],[35.18071,-15.07606],[35.18128,-15.07589],[35.18179,-15.07573],[35.18229,-15.07557],[35.18274,-15.07542],[35.1832,-15.07525],[35.18367,-15.07508],[35.18424,-15.07486],[35.18481,-15.07464],[35.18543,-15.07438],[35.18591,-15.07416],[35.18628,-15.07402],[35.18688,-15.07374],[35.18741,-15.07348],[35.18798,-15.07321],[35.18853,-15.07291],[35.18982,-15.07227],[35.19127,-15.07163],[35.19156,-15.07151],[35.19261,-15.0711],[35.19286,-15.07101],[35.1933,-15.07084],[35.19419,-15.07051],[35.19499,-15.07024],[35.19544,-15.0701],[35.19598,-15.06993],[35.19649,-15.06978],[35.19721,-15.06959],[35.19746,-15.06952],[35.1976,-15.06948],[35.19829,-15.06932],[35.19859,-15.06924],[35.19907,-15.06913],[35.19963,-15.06901],[35.2002,-15.06891],[35.20064,-15.06884],[35.20072,-15.06881],[35.20127,-15.0687],[35.20246,-15.06852],[35.20289,-15.06846],[35.20368,-15.06835],[35.20456,-15.06826],[35.20474,-15.06826],[35.20707,-15.068],[35.20813,-15.06789],[35.2099,-15.0677],[35.21012,-15.06767],[35.21042,-15.06764],[35.21076,-15.06764],[35.21112,-15.06764],[35.21155,-15.06767],[35.2121,-15.06778],[35.21242,-15.06786],[35.21256,-15.0679]]},"properties":{"id":436607060,"rt":"rail","name":"","ref":"","usage":"main","gauge":"1067","electrified":"no","km":8.824}},
{"type":"Feature","geometry":{"type":"LineString","coordinates":[[35.26543,-15.0597],[35.26635,-15.05959]]},"properties":{"id":438338496,"rt":"rail","name":"","ref":"","usage":"main","gauge":"1067","electrified":"no","km":0.1}},
{"type":"Feature","geometry":{"type":"LineString","coordinates":[[35.26635,-15.05959],[35.26643,-15.05958]]},"properties":{"id":438338497,"rt":"rail","name":"","ref":"","usage":"main","gauge":"1067","electrified":"no","km":0.009}},
{"type":"Feature","geometry":{"type":"LineString","coordinates":[[35.21362,-15.06815],[35.21389,-15.0682],[35.21422,-15.06825],[35.21451,-15.06825],[35.21482,-15.06821],[35.21527,-15.06813],[35.21552,-15.06804],[35.21607,-15.06777],[35.21636,-15.06754],[35.21664,-15.06723],[35.21695,-15.0668],[35.21736,-15.06618],[35.21778,-15.06572],[35.21823,-15.06537],[35.21868,-15.06511],[35.21928,-15.06485],[35.21968,-15.06466],[35.22007,-15.06441],[35.22041,-15.06412],[35.22075,-15.06376],[35.22114,-15.0632]]},"properties":{"id":439155388,"rt":"rail","name":"","ref":"","usage":"main","gauge":"1067","electrified":"no","km":1.033}},
{"type":"Feature","geometry":{"type":"LineString","coordinates":[[35.22114,-15.0632],[35.22134,-15.06289]]},"properties":{"id":439155389,"rt":"rail","name":"","ref":"","usage":"main","gauge":"1067","electrified":"no","km":0.041}},
{"type":"Feature","geometry":{"type":"LineString","coordinates":[[34.30047,-13.74845],[34.30332,-13.74388],[34.31121,-13.73122],[34.31298,-13.7284],[34.31582,-13.72396],[34.31655,-13.72319],[34.31685,-13.72301],[34.31728,-13.72269],[34.31773,-13.72245],[34.31867,-13.7221],[34.31919,-13.72198],[34.31979,-13.72192],[34.32024,-13.72195],[34.32071,-13.72197],[34.32134,-13.72208],[34.32192,-13.72225],[34.32262,-13.72257],[34.32327,-13.72295],[34.32359,-13.72322],[34.32403,-13.72362],[34.32439,-13.72404],[34.32491,-13.72487],[34.325,-13.72509],[34.32514,-13.72541],[34.32573,-13.72686],[34.32698,-13.72984],[34.32763,-13.73138],[34.32824,-13.73285],[34.32903,-13.73474],[34.32983,-13.73598],[34.3306,-13.73686],[34.33126,-13.73741],[34.33189,-13.73786],[34.33253,-13.73824],[34.33561,-13.73949],[34.33852,-13.74067],[34.34375,-13.74279],[34.34828,-13.74459],[34.35164,-13.74594],[34.35424,-13.74697],[34.35523,-13.74732],[34.35705,-13.74777],[34.35808,-13.74794],[34.3591,-13.74806],[34.36045,-13.74808],[34.36182,-13.748],[34.36578,-13.74767],[34.36687,-13.74769],[34.36792,-13.74779],[34.36887,-13.7479],[34.36961,-13.74807],[34.37012,-13.74821],[34.3706,-13.74833],[34.38219,-13.75215],[34.38627,-13.75345],[34.38665,-13.75358],[34.38965,-13.7546],[34.39437,-13.75617],[34.40055,-13.75818],[34.40215,-13.75861],[34.40948,-13.76039],[34.40996,-13.7605],[34.41144,-13.76085],[34.4153,-13.76178],[34.41796,-13.76241],[34.42389,-13.76386],[34.42711,-13.7646],[34.42861,-13.76495],[34.42907,-13.76506],[34.43397,-13.76624],[34.44022,-13.76775],[34.44181,-13.76811],[34.44455,-13.76877],[34.45015,-13.77012],[34.45366,-13.77099],[34.45617,-13.77159],[34.45865,-13.7722],[34.45973,-13.77248],[34.46056,-13.77289],[34.46097,-13.77323],[34.46132,-13.77361],[34.46169,-13.77408],[34.46193,-13.77451],[34.46221,-13.77532],[34.46229,-13.77609],[34.46215,-13.7799],[34.46204,-13.78266],[34.46202,-13.78314],[34.46198,-13.78428],[34.46185,-13.78752],[34.46181,-13.78867],[34.4618,-13.78898],[34.46179,-13.78935],[34.46175,-13.79033],[34.46169,-13.79204],[34.46168,-13.79251],[34.46165,-13.79279],[34.46161,-13.79303],[34.46154,-13.79326],[34.46142,-13.7935],[34.46125,-13.7937],[34.46105,-13.79389],[34.46057,-13.79418],[34.46024,-13.79438]]},"properties":{"id":440411561,"rt":"rail","name":"","ref":"","usage":"main","gauge":"1067","electrified":"no","km":23.054}},
{"type":"Feature","geometry":{"type":"LineString","coordinates":[[35.2933,-16.23415],[35.29315,-16.23427]]},"properties":{"id":442972756,"rt":"rail","name":"","ref":"","usage":"","gauge":"1067","electrified":"no","km":0.021}},
{"type":"Feature","geometry":{"type":"LineString","coordinates":[[34.50272,-13.97837],[34.50265,-13.97825]]},"properties":{"id":453533626,"rt":"rail","name":"","ref":"","usage":"main","gauge":"1067","electrified":"no","km":0.015}},
{"type":"Feature","geometry":{"type":"LineString","coordinates":[[34.50265,-13.97825],[34.50229,-13.9775],[34.50213,-13.97718],[34.50128,-13.97554],[34.50014,-13.97316]]},"properties":{"id":453533628,"rt":"rail","name":"","ref":"","usage":"main","gauge":"1067","electrified":"no","km":0.628}},
{"type":"Feature","geometry":{"type":"LineString","coordinates":[[34.46024,-13.79438],[34.45947,-13.79483],[34.45884,-13.79521]]},"properties":{"id":464760174,"rt":"rail","name":"","ref":"","usage":"main","gauge":"1067","electrified":"no","km":0.177}},
{"type":"Feature","geometry":{"type":"LineString","coordinates":[[34.45884,-13.79521],[34.45868,-13.79531],[34.4573,-13.79612],[34.45601,-13.79689],[34.45564,-13.7971],[34.45556,-13.79714],[34.45424,-13.79793],[34.45394,-13.79812],[34.4522,-13.79911],[34.45187,-13.79937],[34.4485,-13.80257],[34.44736,-13.80364],[34.44703,-13.80396],[34.44661,-13.80435],[34.44583,-13.80507],[34.44545,-13.80556],[34.44518,-13.80604],[34.4448,-13.80681],[34.44432,-13.80781],[34.44388,-13.80868],[34.44296,-13.81054],[34.44115,-13.81421],[34.43825,-13.82004],[34.43722,-13.82209],[34.43684,-13.82295],[34.43666,-13.82368],[34.43664,-13.82441],[34.43676,-13.82517],[34.43711,-13.82615],[34.43733,-13.82669],[34.43826,-13.82905],[34.43964,-13.83254],[34.43998,-13.83341],[34.44062,-13.83502],[34.44091,-13.83574],[34.44196,-13.83841],[34.44226,-13.83916],[34.44272,-13.8403],[34.44354,-13.84236],[34.44469,-13.84527],[34.44499,-13.84604],[34.44605,-13.84871],[34.44668,-13.85034],[34.44719,-13.85168],[34.44789,-13.85342],[34.44844,-13.85478]]},"properties":{"id":464760175,"rt":"rail","name":"","ref":"","usage":"main","gauge":"1067","electrified":"no","km":7.783}},
{"type":"Feature","geometry":{"type":"LineString","coordinates":[[34.46222,-13.78087],[34.46228,-13.78115],[34.46231,-13.78124],[34.46234,-13.78131],[34.46251,-13.78158],[34.46262,-13.78171],[34.4628,-13.78184],[34.46299,-13.78195],[34.46331,-13.78202],[34.46371,-13.78207]]},"properties":{"id":464765667,"rt":"rail","name":"","ref":"","usage":"","gauge":"1067","electrified":"no","km":0.232}},
{"type":"Feature","geometry":{"type":"LineString","coordinates":[[35.10865,-15.85618],[35.1084,-15.85619]]},"properties":{"id":469920455,"rt":"rail","name":"","ref":"","usage":"","gauge":"1067","electrified":"no","km":0.027}},
{"type":"Feature","geometry":{"type":"LineString","coordinates":[[35.12354,-15.8591],[35.12238,-15.85842],[35.12211,-15.85832],[35.11928,-15.85775],[35.1186,-15.85752],[35.11789,-15.8572],[35.11619,-15.85639],[35.11594,-15.85633],[35.11574,-15.85632],[35.1155,-15.85636],[35.11528,-15.85645],[35.1151,-15.85661],[35.11496,-15.85676],[35.11484,-15.85698],[35.11477,-15.85722],[35.11469,-15.85763],[35.11455,-15.85797],[35.11438,-15.85831],[35.11416,-15.85858],[35.11388,-15.85874],[35.11363,-15.85881],[35.11334,-15.85882],[35.11309,-15.85875],[35.11287,-15.85863],[35.11264,-15.85841],[35.11251,-15.85819],[35.11191,-15.85657],[35.11175,-15.85634],[35.11152,-15.85613],[35.11129,-15.85599],[35.11106,-15.85589],[35.11081,-15.85583],[35.1105,-15.8558],[35.11014,-15.85582],[35.10989,-15.85588],[35.10941,-15.85606],[35.10928,-15.8561],[35.10913,-15.85613],[35.10865,-15.85618]]},"properties":{"id":469920456,"rt":"rail","name":"","ref":"","usage":"","gauge":"1067","electrified":"no","km":2.009}},
{"type":"Feature","geometry":{"type":"LineString","coordinates":[[35.12373,-15.85921],[35.12354,-15.8591]]},"properties":{"id":469920457,"rt":"rail","name":"","ref":"","usage":"","gauge":"1067","electrified":"no","km":0.024}},
{"type":"Feature","geometry":{"type":"LineString","coordinates":[[35.09314,-15.84937],[35.09256,-15.84982],[35.0925,-15.84987],[35.09233,-15.84999],[35.09204,-15.85014],[35.09123,-15.85055],[35.09093,-15.85064],[35.09069,-15.85069],[35.09004,-15.85071],[35.09003,-15.85071],[35.08962,-15.85078],[35.08914,-15.85091],[35.08878,-15.851],[35.08844,-15.85103],[35.08808,-15.85101],[35.08781,-15.85097],[35.0876,-15.85093],[35.08671,-15.85073],[35.0855,-15.85046],[35.08518,-15.85044],[35.08498,-15.85047],[35.08489,-15.85048],[35.08449,-15.85052],[35.08375,-15.85061],[35.08371,-15.85062],[35.08336,-15.85066],[35.08249,-15.85077],[35.08233,-15.85079],[35.08214,-15.8508],[35.08198,-15.85078],[35.0817,-15.85069],[35.0816,-15.85064],[35.08141,-15.85052],[35.08091,-15.85012],[35.08087,-15.85008],[35.08062,-15.84986],[35.08043,-15.84962],[35.07996,-15.84876],[35.0795,-15.84787],[35.07882,-15.84662],[35.07876,-15.84647],[35.07873,-15.84628],[35.07874,-15.84606],[35.07879,-15.84588],[35.07886,-15.8457],[35.079,-15.8455],[35.08024,-15.84378],[35.08032,-15.84364],[35.08038,-15.8435],[35.08047,-15.84328],[35.08053,-15.84307],[35.08085,-15.84151],[35.08087,-15.84122],[35.08086,-15.84104],[35.08083,-15.84033],[35.08081,-15.84008],[35.0807,-15.83887],[35.08067,-15.83843],[35.08066,-15.83822],[35.08067,-15.83807],[35.0807,-15.83791],[35.08074,-15.83775],[35.08136,-15.83587],[35.08157,-15.83523],[35.08166,-15.83491],[35.08169,-15.83464],[35.08167,-15.83441],[35.08161,-15.8342],[35.08152,-15.83398],[35.08139,-15.83379],[35.08118,-15.83356],[35.08088,-15.83337],[35.08066,-15.83327],[35.08038,-15.8332],[35.0773,-15.83256],[35.07584,-15.83227],[35.0754,-15.83218],[35.07513,-15.8321],[35.07486,-15.83199],[35.07455,-15.83175],[35.07429,-15.83147],[35.07415,-15.83127],[35.07401,-15.83095],[35.07393,-15.83066],[35.0738,-15.83011],[35.07364,-15.82943],[35.07364,-15.82941],[35.07361,-15.82931],[35.07356,-15.82917],[35.07347,-15.82899],[35.07335,-15.82881],[35.0732,-15.82864],[35.07267,-15.82811],[35.07251,-15.82796],[35.0724,-15.82781],[35.07232,-15.82766],[35.07224,-15.82747],[35.07218,-15.82724],[35.07213,-15.82683],[35.07209,-15.82651],[35.07204,-15.8263],[35.07196,-15.82612],[35.07186,-15.82593],[35.07174,-15.82578],[35.07157,-15.82562],[35.07144,-15.82553],[35.07126,-15.82542],[35.07093,-15.82529],[35.06949,-15.82473],[35.0689,-15.82448],[35.06864,-15.82434],[35.06775,-15.82372],[35.0657,-15.82223],[35.06487,-15.82165],[35.06284,-15.82022],[35.06268,-15.82008],[35.06249,-15.81987],[35.06233,-15.81962],[35.06224,-15.81945],[35.06218,-15.81932],[35.06214,-15.81919],[35.06211,-15.81906],[35.06204,-15.81865],[35.06201,-15.81851],[35.062,-15.81833],[35.06203,-15.81768]]},"properties":{"id":469920458,"rt":"rail","name":"","ref":"","usage":"","gauge":"1067","electrified":"no","km":6.324}},
{"type":"Feature","geometry":{"type":"LineString","coordinates":[[35.19978,-15.88585],[35.19982,-15.8856]]},"properties":{"id":469932905,"rt":"rail","name":"","ref":"","usage":"","gauge":"1067","electrified":"no","km":0.028}},
{"type":"Feature","geometry":{"type":"LineString","coordinates":[[35.25485,-15.93583],[35.2549,-15.93529],[35.25505,-15.93406],[35.25503,-15.93371],[35.25494,-15.93343],[35.25477,-15.93312],[35.25433,-15.93232],[35.25425,-15.93198],[35.25427,-15.93171],[35.25436,-15.93148],[35.2545,-15.93125],[35.25479,-15.93085],[35.2549,-15.93058],[35.25496,-15.93028],[35.25495,-15.93004],[35.25428,-15.92871],[35.25418,-15.92846],[35.25411,-15.92818],[35.25409,-15.92788],[35.25407,-15.9256],[35.25405,-15.92511],[35.25401,-15.92474],[35.2539,-15.92438],[35.2535,-15.92344],[35.25324,-15.92295],[35.25306,-15.92268],[35.25285,-15.92246],[35.25253,-15.92218],[35.25224,-15.92195],[35.25186,-15.92173],[35.25152,-15.9216],[35.25048,-15.9212],[35.25006,-15.92102],[35.24973,-15.9208],[35.2494,-15.92053],[35.2492,-15.92031],[35.24833,-15.91896],[35.24819,-15.91873],[35.24794,-15.91841],[35.24762,-15.91814],[35.24712,-15.91787],[35.24464,-15.9166],[35.24424,-15.9163],[35.2438,-15.91582],[35.24357,-15.91555],[35.24341,-15.91526],[35.24332,-15.91498],[35.24332,-15.9146],[35.24349,-15.91314],[35.24351,-15.91289],[35.24351,-15.91264],[35.24348,-15.91237],[35.24339,-15.91211],[35.24337,-15.91207],[35.2431,-15.91167],[35.24229,-15.91082],[35.24092,-15.9094],[35.24089,-15.90937],[35.24059,-15.90917],[35.2402,-15.909],[35.23974,-15.90888],[35.23941,-15.90887],[35.23885,-15.90895],[35.23805,-15.90919],[35.23754,-15.90938],[35.23728,-15.90943],[35.23697,-15.90941],[35.23682,-15.90937],[35.23666,-15.90931],[35.23646,-15.90918],[35.23632,-15.90905],[35.2362,-15.90887],[35.23608,-15.90866],[35.23605,-15.90846],[35.23605,-15.90829],[35.2361,-15.90801],[35.2362,-15.9078],[35.23657,-15.90702],[35.23675,-15.90659],[35.23682,-15.90619],[35.23681,-15.90598],[35.2368,-15.90563],[35.23675,-15.90529],[35.23663,-15.90492],[35.23647,-15.90456],[35.23635,-15.9044],[35.23618,-15.90417],[35.23569,-15.90373],[35.23526,-15.90348],[35.23444,-15.90312],[35.23405,-15.90294],[35.23373,-15.90277],[35.23342,-15.90254],[35.23073,-15.9004],[35.23039,-15.90012],[35.22709,-15.89757],[35.22536,-15.89645],[35.22465,-15.89606],[35.22385,-15.89568],[35.2235,-15.89554],[35.22125,-15.8949],[35.21862,-15.8942],[35.21778,-15.89406],[35.21699,-15.89398],[35.21422,-15.89376],[35.21271,-15.89364]]},"properties":{"id":469932908,"rt":"rail","name":"","ref":"","usage":"","gauge":"1067","electrified":"no","km":7.611}},
{"type":"Feature","geometry":{"type":"LineString","coordinates":[[35.31825,-16.06109],[35.31832,-16.06119]]},"properties":{"id":469970859,"rt":"rail","name":"","ref":"","usage":"","gauge":"1067","electrified":"no","km":0.013}},
{"type":"Feature","geometry":{"type":"LineString","coordinates":[[35.31832,-16.06119],[35.31868,-16.0617],[35.31901,-16.06224],[35.31908,-16.06241],[35.31912,-16.06267],[35.3191,-16.06299],[35.31859,-16.06461],[35.31849,-16.06499],[35.31846,-16.06518],[35.31846,-16.06539],[35.31853,-16.06581],[35.3187,-16.06627],[35.31885,-16.06673],[35.31897,-16.06703],[35.31906,-16.06718],[35.31919,-16.06732],[35.31945,-16.0675],[35.3197,-16.06757],[35.32037,-16.06762],[35.3207,-16.06776],[35.32104,-16.06799],[35.32127,-16.06811],[35.32224,-16.06839],[35.32242,-16.0685],[35.32256,-16.06863],[35.32268,-16.0688],[35.32277,-16.06902],[35.32282,-16.06925],[35.3228,-16.06946],[35.32274,-16.06968],[35.32246,-16.07043],[35.32242,-16.07071],[35.32247,-16.07097],[35.32257,-16.07118],[35.32267,-16.07133],[35.32311,-16.07194],[35.32325,-16.07221],[35.32344,-16.07274],[35.32363,-16.07313],[35.32385,-16.07356],[35.32408,-16.07386],[35.32436,-16.07417],[35.32454,-16.07442],[35.32461,-16.07462],[35.32465,-16.07488],[35.32462,-16.07518],[35.32457,-16.07548],[35.32429,-16.07661],[35.32419,-16.07719],[35.32411,-16.07753],[35.32396,-16.07785],[35.32372,-16.07837],[35.32364,-16.07869],[35.32358,-16.07941],[35.3235,-16.07974],[35.32339,-16.08012],[35.32288,-16.08175],[35.32277,-16.08201],[35.32262,-16.0822],[35.32211,-16.08272],[35.32196,-16.08292],[35.32184,-16.08313]]},"properties":{"id":469970860,"rt":"rail","name":"","ref":"","usage":"","gauge":"1067","electrified":"no","km":2.881}},
{"type":"Feature","geometry":{"type":"LineString","coordinates":[[35.32184,-16.08313],[35.32173,-16.08334]]},"properties":{"id":469970861,"rt":"rail","name":"","ref":"","usage":"","gauge":"1067","electrified":"no","km":0.026}},
{"type":"Feature","geometry":{"type":"LineString","coordinates":[[35.32173,-16.08334],[35.32161,-16.08358],[35.32151,-16.08384],[35.32146,-16.08412],[35.3213,-16.08536],[35.32128,-16.08568],[35.32128,-16.08601],[35.32133,-16.08655],[35.32134,-16.08693],[35.32129,-16.08725],[35.32119,-16.08751],[35.3207,-16.08842],[35.32028,-16.08903],[35.32009,-16.08921],[35.31977,-16.0894],[35.31945,-16.08955],[35.3191,-16.08972],[35.31891,-16.08988],[35.31873,-16.09014],[35.31845,-16.09084],[35.31837,-16.0911],[35.31837,-16.09142],[35.31842,-16.09197],[35.31839,-16.09227],[35.31831,-16.09246],[35.31723,-16.09374],[35.31711,-16.0941],[35.31711,-16.09431],[35.31722,-16.09463],[35.31781,-16.0955],[35.3179,-16.09581],[35.31791,-16.09614],[35.31773,-16.09716],[35.31775,-16.09737],[35.3178,-16.09758],[35.31817,-16.09833],[35.3182,-16.09859],[35.31817,-16.0988],[35.31808,-16.09904],[35.31786,-16.09933],[35.31739,-16.0998],[35.3172,-16.10008],[35.31709,-16.10034],[35.31701,-16.10063],[35.31702,-16.10089],[35.31708,-16.10109],[35.31721,-16.10132],[35.3174,-16.10163],[35.31752,-16.10195],[35.31754,-16.10251],[35.31752,-16.10266],[35.31747,-16.10283],[35.31735,-16.10309],[35.31716,-16.10332]]},"properties":{"id":469970862,"rt":"rail","name":"","ref":"","usage":"","gauge":"1067","electrified":"no","km":2.491}},
{"type":"Feature","geometry":{"type":"LineString","coordinates":[[33.73344,-13.89931],[33.73366,-13.89919],[33.73387,-13.89908],[33.73402,-13.89901],[33.73437,-13.89889],[33.73458,-13.89883],[33.73465,-13.89881],[33.73503,-13.89873],[33.73542,-13.89868],[33.73572,-13.89866],[33.73609,-13.89868],[33.73631,-13.8987],[33.73653,-13.89873],[33.73672,-13.89876],[33.7369,-13.89879],[33.73746,-13.89889],[33.73808,-13.89903],[33.73851,-13.89912],[33.73891,-13.89921],[33.73921,-13.89927],[33.73977,-13.89937],[33.7401,-13.89944],[33.74114,-13.89965],[33.74172,-13.89977],[33.74192,-13.8998],[33.74223,-13.89986],[33.74326,-13.90006],[33.74394,-13.90018],[33.74409,-13.9002],[33.74491,-13.90036],[33.74715,-13.90076],[33.74766,-13.90085],[33.74794,-13.90089],[33.74992,-13.90127],[33.75106,-13.90151],[33.75157,-13.90161],[33.75279,-13.90185],[33.75391,-13.90208],[33.75564,-13.90241],[33.75624,-13.90253],[33.75666,-13.90261],[33.75949,-13.90316],[33.76196,-13.90363],[33.76256,-13.90375],[33.76319,-13.90385],[33.76342,-13.90385],[33.76366,-13.90383],[33.76397,-13.90376],[33.76425,-13.90365],[33.76452,-13.9035],[33.76476,-13.90329],[33.76493,-13.90312],[33.76509,-13.90293],[33.76521,-13.90273],[33.76531,-13.90252],[33.76539,-13.90228],[33.76546,-13.90205],[33.76547,-13.90192],[33.76548,-13.90173],[33.76547,-13.90141],[33.76542,-13.90094],[33.76541,-13.90074],[33.76537,-13.9001],[33.76533,-13.89963],[33.76534,-13.89944],[33.76535,-13.89928],[33.76537,-13.89917],[33.76539,-13.89907],[33.76541,-13.89898],[33.7655,-13.89875],[33.76554,-13.89865],[33.76558,-13.89856],[33.76571,-13.89833],[33.7658,-13.89822],[33.76585,-13.89816],[33.766,-13.898],[33.76615,-13.89786],[33.76626,-13.89778],[33.76637,-13.8977],[33.76657,-13.89758],[33.76689,-13.89745],[33.76705,-13.8974],[33.76722,-13.89737],[33.76742,-13.89734],[33.76767,-13.89733],[33.76787,-13.89733],[33.7681,-13.89737],[33.76821,-13.89739],[33.76854,-13.89744],[33.76873,-13.89748],[33.76892,-13.89752],[33.76936,-13.89763],[33.76956,-13.89767],[33.76961,-13.89769],[33.76972,-13.8977],[33.77,-13.89776],[33.77009,-13.89777],[33.77016,-13.89779],[33.77084,-13.89792],[33.77119,-13.898],[33.77157,-13.89808],[33.77205,-13.89818],[33.77251,-13.89829],[33.77339,-13.89848],[33.77375,-13.89856],[33.77421,-13.89868],[33.77468,-13.8988],[33.77497,-13.89889],[33.77524,-13.89898],[33.77542,-13.89904],[33.77559,-13.89908],[33.77586,-13.89917],[33.77608,-13.89925],[33.7766,-13.89941],[33.77691,-13.8995],[33.77731,-13.89962],[33.77873,-13.9001],[33.77905,-13.90021],[33.77979,-13.90045],[33.77987,-13.90048],[33.7801,-13.90056],[33.78042,-13.90065],[33.78072,-13.90072],[33.78102,-13.90076],[33.78131,-13.90079],[33.78179,-13.90081],[33.78209,-13.9008],[33.78262,-13.90076],[33.78336,-13.9007],[33.78363,-13.90069],[33.785,-13.90059],[33.78526,-13.90061],[33.78552,-13.90068],[33.78574,-13.90074],[33.78598,-13.90082],[33.7862,-13.90095],[33.78639,-13.90108],[33.78658,-13.90122],[33.7868,-13.90146],[33.78695,-13.90167],[33.78716,-13.90205],[33.78723,-13.9023],[33.78725,-13.90241],[33.78728,-13.90262],[33.78729,-13.90287],[33.78728,-13.90312],[33.78728,-13.90318],[33.78725,-13.90374],[33.78716,-13.90527],[33.78713,-13.90586],[33.78714,-13.90603],[33.78714,-13.90609],[33.78715,-13.90621],[33.78718,-13.90632],[33.78725,-13.90655],[33.7873,-13.90666],[33.78735,-13.90677],[33.78749,-13.90699],[33.78769,-13.90724],[33.78785,-13.90738],[33.78811,-13.90755],[33.78834,-13.90767],[33.78859,-13.90777],[33.789,-13.90787],[33.78968,-13.908],[33.79015,-13.9081],[33.79034,-13.90814],[33.79044,-13.90816],[33.79054,-13.90816],[33.79068,-13.90816],[33.79081,-13.90816],[33.79093,-13.90814],[33.79102,-13.90813],[33.79114,-13.90809],[33.79127,-13.90804],[33.7914,-13.90799],[33.79151,-13.90792],[33.7916,-13.90787],[33.79168,-13.9078],[33.79176,-13.90773],[33.79184,-13.90766],[33.79192,-13.90755],[33.79201,-13.90743],[33.79211,-13.90726],[33.7922,-13.90706],[33.79239,-13.90667],[33.79257,-13.90632],[33.79274,-13.9061],[33.79293,-13.90592],[33.79315,-13.90577],[33.79337,-13.90567],[33.79355,-13.90561],[33.79375,-13.90558],[33.79395,-13.90557],[33.79413,-13.90557],[33.79435,-13.90558],[33.79465,-13.90563],[33.79552,-13.90573],[33.79627,-13.90583],[33.79658,-13.90587],[33.79694,-13.90589],[33.79746,-13.90595],[33.79757,-13.90597],[33.79801,-13.90603],[33.80014,-13.90626],[33.8007,-13.90632],[33.8013,-13.90639],[33.80226,-13.90651],[33.80247,-13.90653],[33.80284,-13.90657],[33.80316,-13.90662],[33.80401,-13.90673],[33.80559,-13.90697],[33.80573,-13.90699],[33.80587,-13.90701],[33.80604,-13.90702],[33.80625,-13.90704],[33.80648,-13.90702],[33.80667,-13.90701],[33.80688,-13.90699],[33.80709,-13.90694],[33.80727,-13.90689],[33.80749,-13.90683],[33.80771,-13.90674],[33.8078,-13.9067],[33.80798,-13.90661],[33.80835,-13.90637],[33.80884,-13.90601],[33.80942,-13.90561],[33.81005,-13.90518],[33.81013,-13.90513],[33.81024,-13.90507],[33.81049,-13.90496],[33.81074,-13.90487],[33.81093,-13.90483],[33.81115,-13.9048],[33.81141,-13.9048],[33.81167,-13.90482],[33.81188,-13.90486],[33.81209,-13.90492],[33.8123,-13.905],[33.81251,-13.90511],[33.81269,-13.90522],[33.81284,-13.90534],[33.81299,-13.90547],[33.81309,-13.90558],[33.81319,-13.90572],[33.81331,-13.90588],[33.8134,-13.90602],[33.81347,-13.90617],[33.81355,-13.90636],[33.81362,-13.90655],[33.81376,-13.90702],[33.81388,-13.90737],[33.81404,-13.90788],[33.81432,-13.9087],[33.8144,-13.90894],[33.81445,-13.90908],[33.81451,-13.90924],[33.81459,-13.9094],[33.81466,-13.90952],[33.81472,-13.90963],[33.81486,-13.90981],[33.81499,-13.90995],[33.81516,-13.9101],[33.81536,-13.91025],[33.81563,-13.9104],[33.81587,-13.9105],[33.8161,-13.91057],[33.81638,-13.91061],[33.81662,-13.91062],[33.81688,-13.9106],[33.81708,-13.91056],[33.81725,-13.91052],[33.8174,-13.91047],[33.81756,-13.91041],[33.81771,-13.91033],[33.81785,-13.91024],[33.81802,-13.91011],[33.81816,-13.90999],[33.81827,-13.90989],[33.81841,-13.90971],[33.81851,-13.90956],[33.8186,-13.9094],[33.8187,-13.90919],[33.81877,-13.90893],[33.81885,-13.90855],[33.81899,-13.90779],[33.81908,-13.90707],[33.81911,-13.90691],[33.81923,-13.9062],[33.81925,-13.90606],[33.81938,-13.90531],[33.81943,-13.90479],[33.81944,-13.90447],[33.81942,-13.90398],[33.8194,-13.90362],[33.81935,-13.90326],[33.8192,-13.90227],[33.81912,-13.90182],[33.81908,-13.90155],[33.81904,-13.90128],[33.81901,-13.9011],[33.81892,-13.90054],[33.81889,-13.90028],[33.81887,-13.90001],[33.81889,-13.89977],[33.81895,-13.89954],[33.81901,-13.89939],[33.81904,-13.89933],[33.81907,-13.89928],[33.81913,-13.89918],[33.81921,-13.89907],[33.81931,-13.89897],[33.81945,-13.89885],[33.81956,-13.89876],[33.81969,-13.89868],[33.81983,-13.89862],[33.82008,-13.89853],[33.82065,-13.89834],[33.82123,-13.89817],[33.82205,-13.89792],[33.82398,-13.89731],[33.82418,-13.89726],[33.82434,-13.89723],[33.82447,-13.89721],[33.82453,-13.8972],[33.82471,-13.89718],[33.82495,-13.89716],[33.82517,-13.89715],[33.82536,-13.89716],[33.82562,-13.89718],[33.82583,-13.8972],[33.82606,-13.89725],[33.82645,-13.89735],[33.82674,-13.89745],[33.82684,-13.89749],[33.82725,-13.8977],[33.82747,-13.89783],[33.82759,-13.89791]]},"properties":{"id":481676833,"rt":"rail","name":"","ref":"","usage":"main","gauge":"1067","electrified":"no","km":13.249}},
{"type":"Feature","geometry":{"type":"LineString","coordinates":[[34.52019,-14.09415],[34.52006,-14.09357],[34.51924,-14.08993],[34.51873,-14.08764],[34.518,-14.08414],[34.51752,-14.08206],[34.51723,-14.08076],[34.51692,-14.07937],[34.5167,-14.07843],[34.51629,-14.0765],[34.51564,-14.07352],[34.51498,-14.07063],[34.51435,-14.06783],[34.51419,-14.06711],[34.51404,-14.06636],[34.51397,-14.06607],[34.51373,-14.06498],[34.51311,-14.06213],[34.51289,-14.06117],[34.51288,-14.06112],[34.51272,-14.06039],[34.51263,-14.06002],[34.51132,-14.05403],[34.51103,-14.05279],[34.51052,-14.05056],[34.51029,-14.04956],[34.5101,-14.04868],[34.50999,-14.04817],[34.50963,-14.04654],[34.50951,-14.04603],[34.50951,-14.046],[34.50886,-14.04305],[34.50872,-14.04244],[34.50807,-14.03954],[34.50758,-14.03732],[34.50742,-14.03572],[34.50725,-14.0342],[34.50681,-14.03015],[34.50664,-14.02841],[34.50619,-14.02409],[34.50602,-14.02246],[34.50587,-14.0209],[34.50545,-14.01703],[34.50528,-14.01535],[34.50518,-14.01433],[34.5048,-14.01083],[34.50457,-14.00891],[34.50452,-14.0083],[34.5044,-14.00711],[34.50424,-14.00546],[34.50395,-14.00272],[34.50392,-14.00244],[34.50378,-14.00105],[34.50378,-14.00044],[34.50388,-13.99993],[34.50403,-13.99946],[34.50421,-13.99907],[34.50442,-13.99872],[34.50463,-13.99843],[34.50488,-13.99813],[34.50528,-13.99779],[34.50572,-13.99749],[34.50617,-13.99726],[34.50734,-13.99682],[34.50971,-13.99593],[34.51015,-13.99577],[34.51103,-13.99544],[34.513,-13.9947],[34.51462,-13.99412],[34.51626,-13.99349],[34.51731,-13.99311],[34.51759,-13.99299],[34.51783,-13.9929],[34.51801,-13.99275],[34.51815,-13.99261],[34.51828,-13.99244],[34.51838,-13.99225],[34.51844,-13.99203],[34.51845,-13.99183],[34.51841,-13.99156],[34.51838,-13.99135],[34.51819,-13.9901],[34.51778,-13.98778],[34.51762,-13.98734],[34.51747,-13.98711],[34.5173,-13.98691],[34.51714,-13.98672]]},"properties":{"id":484992647,"rt":"rail","name":"","ref":"","usage":"main","gauge":"1067","electrified":"no","km":13.128}},
{"type":"Feature","geometry":{"type":"LineString","coordinates":[[34.52026,-14.09446],[34.52019,-14.09415]]},"properties":{"id":484992648,"rt":"rail","name":"","ref":"","usage":"main","gauge":"1067","electrified":"no","km":0.035}},
{"type":"Feature","geometry":{"type":"LineString","coordinates":[[34.23366,-13.75309],[34.23377,-13.75323]]},"properties":{"id":491421101,"rt":"rail","name":"","ref":"","usage":"main","gauge":"1067","electrified":"no","km":0.02}},
{"type":"Feature","geometry":{"type":"LineString","coordinates":[[34.21313,-13.7502],[34.21359,-13.75068],[34.21393,-13.75104],[34.2142,-13.75131],[34.21453,-13.75168],[34.21471,-13.75184],[34.21488,-13.75197],[34.21508,-13.75207],[34.21526,-13.75215],[34.21561,-13.75223],[34.21639,-13.75239],[34.21662,-13.75247],[34.21676,-13.75254],[34.21688,-13.75261],[34.21706,-13.75274],[34.21731,-13.75302],[34.21764,-13.75348],[34.21788,-13.75374],[34.218,-13.75387],[34.21817,-13.75399],[34.21834,-13.75408],[34.21855,-13.75416],[34.21877,-13.75421],[34.21902,-13.75423],[34.2192,-13.75422],[34.21943,-13.75418],[34.21964,-13.75411],[34.21988,-13.754],[34.22009,-13.75385],[34.22025,-13.75369],[34.22048,-13.75344],[34.22107,-13.75275],[34.22129,-13.75254],[34.22149,-13.75242],[34.22169,-13.75233],[34.22187,-13.75227],[34.22212,-13.75223],[34.22236,-13.75222],[34.22373,-13.75222],[34.22438,-13.7522],[34.22458,-13.75219],[34.22487,-13.75215],[34.22518,-13.75202],[34.22565,-13.75169],[34.22731,-13.75003],[34.22768,-13.74981],[34.22818,-13.74968],[34.2286,-13.74971],[34.22906,-13.74978],[34.23069,-13.75044],[34.23128,-13.75067],[34.23177,-13.751],[34.23343,-13.75274],[34.23366,-13.75309]]},"properties":{"id":491421104,"rt":"rail","name":"","ref":"","usage":"main","gauge":"1067","electrified":"no","km":2.712}},
{"type":"Feature","geometry":{"type":"LineString","coordinates":[[34.41152,-15.82435],[34.4118,-15.82418]]},"properties":{"id":492407823,"rt":"rail","name":"","ref":"","usage":"main","gauge":"1067","electrified":"no","km":0.035}},
{"type":"Feature","geometry":{"type":"LineString","coordinates":[[34.39823,-15.823],[34.39914,-15.82285],[34.40023,-15.82267],[34.40095,-15.82263],[34.40159,-15.82268],[34.40208,-15.82279],[34.40245,-15.82289],[34.40385,-15.82337],[34.40556,-15.82395],[34.40715,-15.82453],[34.40801,-15.82479],[34.40842,-15.82487],[34.40892,-15.82492],[34.40931,-15.82493],[34.40973,-15.82491],[34.41014,-15.82485],[34.4105,-15.82477],[34.41088,-15.82463],[34.41123,-15.8245],[34.41152,-15.82435]]},"properties":{"id":492407824,"rt":"rail","name":"","ref":"","usage":"main","gauge":"1067","electrified":"no","km":1.477}},
{"type":"Feature","geometry":{"type":"LineString","coordinates":[[34.44912,-15.80569],[34.44987,-15.80567]]},"properties":{"id":492407825,"rt":"rail","name":"","ref":"","usage":"main","gauge":"1067","electrified":"no","km":0.08}},
{"type":"Feature","geometry":{"type":"LineString","coordinates":[[34.43956,-15.80629],[34.44213,-15.80606],[34.44469,-15.8058],[34.44555,-15.80574],[34.44616,-15.8057],[34.44712,-15.8057],[34.44846,-15.80569],[34.44912,-15.80569]]},"properties":{"id":492407826,"rt":"rail","name":"","ref":"","usage":"main","gauge":"1067","electrified":"no","km":1.026}},
{"type":"Feature","geometry":{"type":"LineString","coordinates":[[34.43867,-15.80638],[34.43956,-15.80629]]},"properties":{"id":492407827,"rt":"rail","name":"","ref":"","usage":"main","gauge":"1067","electrified":"no","km":0.096}},
{"type":"Feature","geometry":{"type":"LineString","coordinates":[[34.4118,-15.82418],[34.41209,-15.82398],[34.41237,-15.82375],[34.41263,-15.82352],[34.41291,-15.82321],[34.41312,-15.8229],[34.41334,-15.82256],[34.41352,-15.82218],[34.41367,-15.82179],[34.41382,-15.82112],[34.41402,-15.82015],[34.41418,-15.81962],[34.41432,-15.81926],[34.41446,-15.81899],[34.41467,-15.81863],[34.41491,-15.81831],[34.41516,-15.81804],[34.41541,-15.81781],[34.41633,-15.81707],[34.41634,-15.81706],[34.4181,-15.8157],[34.41866,-15.81521],[34.41912,-15.8147],[34.41949,-15.8142],[34.41996,-15.81335],[34.42038,-15.81254],[34.42065,-15.81203],[34.42093,-15.81164],[34.42122,-15.81133],[34.42151,-15.81108],[34.42185,-15.81084],[34.42225,-15.81063],[34.42275,-15.81045],[34.42319,-15.81035],[34.42357,-15.81031],[34.42389,-15.8103],[34.42443,-15.81036],[34.42729,-15.81059],[34.42789,-15.81065],[34.42845,-15.81063],[34.42898,-15.8106],[34.42966,-15.81049],[34.43169,-15.81016],[34.43226,-15.81005],[34.43271,-15.8099],[34.43312,-15.80974],[34.43354,-15.80952],[34.43405,-15.80917],[34.43469,-15.80863],[34.43563,-15.8078],[34.43627,-15.80727],[34.43661,-15.80702],[34.43699,-15.8068],[34.43736,-15.80665],[34.43773,-15.80654],[34.43815,-15.80645],[34.43867,-15.80638]]},"properties":{"id":492407828,"rt":"rail","name":"","ref":"","usage":"main","gauge":"1067","electrified":"no","km":3.829}},
{"type":"Feature","geometry":{"type":"LineString","coordinates":[[34.58343,-15.62757],[34.58582,-15.6288]]},"properties":{"id":492407834,"rt":"rail","name":"","ref":"","usage":"main","gauge":"1067","electrified":"no","km":0.29}},
{"type":"Feature","geometry":{"type":"LineString","coordinates":[[34.55093,-15.65172],[34.55135,-15.65104],[34.5516,-15.65053],[34.55184,-15.64988],[34.55214,-15.64911],[34.5522,-15.64889],[34.55232,-15.64862],[34.55257,-15.64819],[34.55275,-15.6479],[34.55298,-15.64769],[34.55336,-15.64736],[34.55398,-15.64685],[34.55434,-15.64652],[34.55471,-15.64611],[34.55491,-15.64585],[34.55506,-15.64566],[34.55525,-15.64536],[34.55537,-15.64511],[34.5555,-15.6447],[34.5556,-15.64414],[34.5557,-15.64352],[34.55587,-15.64241],[34.55594,-15.64181],[34.55606,-15.64113],[34.55618,-15.64081],[34.55627,-15.64057],[34.55642,-15.64022],[34.55681,-15.63959],[34.55705,-15.63928],[34.55791,-15.63835],[34.55847,-15.63777],[34.55935,-15.63691],[34.55992,-15.63627],[34.56018,-15.63593],[34.56038,-15.63559],[34.56061,-15.63512],[34.56074,-15.63474],[34.56082,-15.6344],[34.56087,-15.63394],[34.56085,-15.63351],[34.5608,-15.63309],[34.56073,-15.63195],[34.56066,-15.63115],[34.56066,-15.63069],[34.56088,-15.62982],[34.56105,-15.62949],[34.56136,-15.62901],[34.56247,-15.62763],[34.56349,-15.6264],[34.56429,-15.62542],[34.56498,-15.62456],[34.56572,-15.62367],[34.56663,-15.6226],[34.56724,-15.62179],[34.56766,-15.62126],[34.56832,-15.62049],[34.56862,-15.62015],[34.56902,-15.61977],[34.5694,-15.61948],[34.56975,-15.61924],[34.57,-15.61908],[34.57044,-15.61887],[34.57085,-15.61872],[34.5712,-15.61862],[34.57152,-15.61855],[34.57171,-15.61854],[34.5721,-15.6185],[34.57255,-15.61848],[34.57299,-15.61851],[34.57344,-15.61858],[34.57385,-15.61867],[34.57435,-15.61884],[34.57488,-15.6191],[34.57522,-15.61929],[34.57543,-15.61945],[34.57588,-15.61981],[34.5762,-15.62016],[34.57674,-15.62077],[34.57737,-15.62152],[34.57751,-15.62169],[34.5786,-15.62298],[34.57935,-15.62389],[34.57975,-15.62437],[34.57984,-15.62449],[34.58063,-15.62544],[34.58135,-15.62626],[34.58186,-15.6267],[34.58202,-15.62681],[34.58215,-15.62689],[34.58247,-15.62709],[34.58343,-15.62757]]},"properties":{"id":492407835,"rt":"rail","name":"","ref":"","usage":"main","gauge":"1067","electrified":"no","km":6.195}},
{"type":"Feature","geometry":{"type":"LineString","coordinates":[[34.65346,-15.577],[34.65406,-15.57669],[34.65775,-15.5751],[34.65867,-15.57471],[34.66089,-15.57375],[34.66135,-15.57356],[34.66182,-15.5733],[34.66223,-15.57302],[34.66266,-15.57266],[34.66303,-15.57229],[34.66338,-15.57187],[34.66364,-15.57148],[34.66386,-15.5711],[34.66514,-15.56883],[34.66557,-15.56801],[34.66593,-15.56709],[34.66653,-15.56525],[34.66671,-15.56481],[34.66693,-15.56438],[34.66734,-15.56377],[34.66765,-15.5634],[34.66795,-15.5631],[34.66866,-15.56241],[34.66895,-15.56213],[34.6696,-15.5615],[34.66983,-15.56123],[34.67009,-15.56082],[34.67029,-15.56043],[34.6705,-15.55996],[34.67074,-15.55935],[34.67126,-15.55803],[34.67143,-15.5577],[34.67171,-15.55724],[34.67204,-15.55679],[34.67238,-15.55643],[34.6727,-15.55614],[34.67462,-15.55466],[34.67627,-15.55337],[34.67688,-15.55292],[34.67716,-15.55268],[34.67759,-15.55226],[34.67798,-15.55175],[34.67842,-15.55106],[34.67872,-15.55028],[34.6789,-15.54968],[34.67916,-15.54897],[34.6795,-15.54792]]},"properties":{"id":492407836,"rt":"rail","name":"","ref":"","usage":"main","gauge":"1067","electrified":"no","km":4.465}},
{"type":"Feature","geometry":{"type":"LineString","coordinates":[[34.7533,-15.4783],[34.75183,-15.47851]]},"properties":{"id":492407837,"rt":"rail","name":"","ref":"","usage":"main","gauge":"1067","electrified":"no","km":0.159}},
{"type":"Feature","geometry":{"type":"LineString","coordinates":[[34.76103,-15.47528],[34.75963,-15.47603],[34.75809,-15.47686],[34.75715,-15.47735],[34.75677,-15.47751],[34.7563,-15.4777],[34.75564,-15.4779],[34.75487,-15.47807],[34.7533,-15.4783]]},"properties":{"id":492407838,"rt":"rail","name":"","ref":"","usage":"main","gauge":"1067","electrified":"no","km":0.903}},
{"type":"Feature","geometry":{"type":"LineString","coordinates":[[34.75183,-15.47851],[34.75012,-15.47875],[34.7491,-15.47891],[34.74854,-15.47904],[34.74801,-15.47923],[34.74765,-15.47938],[34.74723,-15.4796],[34.74689,-15.47982],[34.74659,-15.48006],[34.74619,-15.4804],[34.74583,-15.4808],[34.74566,-15.48101],[34.74553,-15.48121],[34.74525,-15.48159],[34.74477,-15.48232],[34.74415,-15.48326],[34.74359,-15.48401],[34.7431,-15.4846],[34.74247,-15.48526],[34.74095,-15.48687],[34.73951,-15.48842],[34.73762,-15.49042],[34.73635,-15.49179],[34.73557,-15.49264],[34.73309,-15.49528],[34.7323,-15.49619],[34.73199,-15.49662],[34.73178,-15.4969],[34.73139,-15.49759],[34.73113,-15.49815]]},"properties":{"id":492407839,"rt":"rail","name":"","ref":"","usage":"main","gauge":"1067","electrified":"no","km":3.212}},
{"type":"Feature","geometry":{"type":"LineString","coordinates":[[34.39715,-15.82316],[34.39769,-15.8231],[34.39823,-15.823]]},"properties":{"id":492407841,"rt":"rail","name":"","ref":"","usage":"main","gauge":"1067","electrified":"no","km":0.117}},
{"type":"Feature","geometry":{"type":"LineString","coordinates":[[34.39064,-15.82146],[34.39135,-15.82167],[34.39263,-15.8221],[34.39392,-15.82254],[34.39476,-15.82285],[34.39539,-15.82303],[34.39586,-15.82311],[34.3965,-15.82317],[34.39715,-15.82316]]},"properties":{"id":492407842,"rt":"rail","name":"","ref":"","usage":"main","gauge":"1067","electrified":"no","km":0.727}},
{"type":"Feature","geometry":{"type":"LineString","coordinates":[[34.36014,-15.81256],[34.36046,-15.81243],[34.36066,-15.81236],[34.36085,-15.81229],[34.36103,-15.81223],[34.36121,-15.81218],[34.36141,-15.81214],[34.36159,-15.81209],[34.36177,-15.81206],[34.36196,-15.81202],[34.36215,-15.81199],[34.36268,-15.81193]]},"properties":{"id":492407843,"rt":"rail","name":"","ref":"","usage":"main","gauge":"1067","electrified":"no","km":0.282}},
{"type":"Feature","geometry":{"type":"LineString","coordinates":[[34.35797,-15.814],[34.35855,-15.81349],[34.3587,-15.81339],[34.359,-15.81319],[34.35925,-15.81303],[34.3596,-15.81283],[34.36014,-15.81256]]},"properties":{"id":492407844,"rt":"rail","name":"","ref":"","usage":"main","gauge":"1067","electrified":"no","km":0.283}},
{"type":"Feature","geometry":{"type":"LineString","coordinates":[[34.38975,-15.82116],[34.39064,-15.82146]]},"properties":{"id":492407845,"rt":"rail","name":"","ref":"","usage":"main","gauge":"1067","electrified":"no","km":0.101}},
{"type":"Feature","geometry":{"type":"LineString","coordinates":[[34.38515,-15.82021],[34.38661,-15.82021],[34.38689,-15.82024],[34.38706,-15.82026],[34.38736,-15.82032],[34.38779,-15.82043],[34.38851,-15.8207],[34.38975,-15.82116]]},"properties":{"id":492407846,"rt":"rail","name":"","ref":"","usage":"main","gauge":"1067","electrified":"no","km":0.51}},
{"type":"Feature","geometry":{"type":"LineString","coordinates":[[34.38423,-15.8202],[34.38515,-15.82021]]},"properties":{"id":492407847,"rt":"rail","name":"","ref":"","usage":"main","gauge":"1067","electrified":"no","km":0.098}},
{"type":"Feature","geometry":{"type":"LineString","coordinates":[[34.36268,-15.81193],[34.3632,-15.81193],[34.36378,-15.81195],[34.36468,-15.81206],[34.36492,-15.81211],[34.36555,-15.81227],[34.36638,-15.8126],[34.36707,-15.81297],[34.36749,-15.81325],[34.3679,-15.81356],[34.36862,-15.81418],[34.37014,-15.81562],[34.37054,-15.81601],[34.37173,-15.81719],[34.37241,-15.81788],[34.37306,-15.81856],[34.3733,-15.81877],[34.37379,-15.81913],[34.37441,-15.81949],[34.37483,-15.8197],[34.37566,-15.81994],[34.37634,-15.82005],[34.37708,-15.82008],[34.37736,-15.82008],[34.37833,-15.82009],[34.38173,-15.82012],[34.38423,-15.8202]]},"properties":{"id":492407848,"rt":"rail","name":"","ref":"","usage":"main","gauge":"1067","electrified":"no","km":2.625}},
{"type":"Feature","geometry":{"type":"LineString","coordinates":[[34.33112,-15.81853],[34.33083,-15.81881],[34.33058,-15.81911],[34.33032,-15.8196]]},"properties":{"id":492407849,"rt":"rail","name":"","ref":"","usage":"main","gauge":"1067","electrified":"no","km":0.148}},
{"type":"Feature","geometry":{"type":"LineString","coordinates":[[34.35797,-15.814],[34.35768,-15.81427],[34.3573,-15.81468],[34.35672,-15.8155],[34.35631,-15.81631],[34.35606,-15.81697],[34.35582,-15.81776],[34.3556,-15.81856],[34.35536,-15.81918],[34.35495,-15.81985],[34.35464,-15.8202],[34.35432,-15.8205],[34.35385,-15.82082],[34.35342,-15.82103],[34.35298,-15.8212],[34.35257,-15.82128],[34.35158,-15.82136],[34.35031,-15.82143],[34.34865,-15.82158],[34.34715,-15.8217],[34.34567,-15.82181],[34.34468,-15.82185],[34.34423,-15.82188],[34.34365,-15.82181],[34.34308,-15.82167],[34.34037,-15.82083],[34.33937,-15.82054],[34.33869,-15.8203],[34.33805,-15.82003],[34.33775,-15.81988],[34.33733,-15.81964],[34.33688,-15.81936],[34.33568,-15.8186],[34.33458,-15.81803],[34.33408,-15.81785],[34.33369,-15.81776],[34.33322,-15.81771],[34.33276,-15.81773],[34.33236,-15.81781],[34.33198,-15.81795],[34.33162,-15.81814],[34.33137,-15.81833],[34.33112,-15.81853]]},"properties":{"id":492407850,"rt":"rail","name":"","ref":"","usage":"main","gauge":"1067","electrified":"no","km":3.466}},
{"type":"Feature","geometry":{"type":"LineString","coordinates":[[34.30002,-15.81312],[34.29965,-15.81277],[34.29928,-15.81248]]},"properties":{"id":492407851,"rt":"rail","name":"","ref":"","usage":"main","gauge":"1067","electrified":"no","km":0.107}},
{"type":"Feature","geometry":{"type":"LineString","coordinates":[[34.33032,-15.8196],[34.33017,-15.82016],[34.33012,-15.8205],[34.33013,-15.82087],[34.33022,-15.82138],[34.3304,-15.82209],[34.33057,-15.82259],[34.33068,-15.82292],[34.33078,-15.82339],[34.33081,-15.82376],[34.33078,-15.82413],[34.33069,-15.82453],[34.33056,-15.82492],[34.33051,-15.82503],[34.33039,-15.82527],[34.33016,-15.82562],[34.32997,-15.82586],[34.32976,-15.82608],[34.3295,-15.82631],[34.32925,-15.82648],[34.32887,-15.82669],[34.32848,-15.82688],[34.32798,-15.82703],[34.32742,-15.8271],[34.32694,-15.82707],[34.32648,-15.82701],[34.32618,-15.82694],[34.3261,-15.82691],[34.32584,-15.82682],[34.32544,-15.82663],[34.32509,-15.82641],[34.32474,-15.82615],[34.32429,-15.82574],[34.32376,-15.82524],[34.32357,-15.8251],[34.32336,-15.82497],[34.32307,-15.82481],[34.32268,-15.82466],[34.32237,-15.82459],[34.32205,-15.82456],[34.32194,-15.82455],[34.32169,-15.82455],[34.32138,-15.82455],[34.32108,-15.8246],[34.32081,-15.82466],[34.32055,-15.82472],[34.32039,-15.82477],[34.32017,-15.82487],[34.31967,-15.82519],[34.31904,-15.82566],[34.31857,-15.82601],[34.318,-15.82635],[34.31765,-15.82648],[34.31743,-15.82656],[34.31709,-15.82663],[34.31669,-15.82667],[34.31635,-15.82667],[34.31597,-15.82663],[34.31546,-15.82644],[34.31506,-15.82622],[34.31456,-15.82584],[34.3139,-15.82511],[34.31306,-15.82417],[34.31146,-15.82263],[34.3092,-15.8206],[34.30828,-15.81981],[34.30748,-15.81919],[34.30104,-15.81398],[34.30002,-15.81312]]},"properties":{"id":492407852,"rt":"rail","name":"","ref":"","usage":"main","gauge":"1067","electrified":"no","km":4.698}},
{"type":"Feature","geometry":{"type":"LineString","coordinates":[[34.28267,-15.80849],[34.28237,-15.80892],[34.28218,-15.80922]]},"properties":{"id":492407853,"rt":"rail","name":"","ref":"","usage":"main","gauge":"1067","electrified":"no","km":0.097}},
{"type":"Feature","geometry":{"type":"LineString","coordinates":[[34.29928,-15.81248],[34.29818,-15.81154],[34.29715,-15.81076],[34.29453,-15.80937],[34.29087,-15.80748],[34.28977,-15.80697],[34.28958,-15.80687],[34.28946,-15.80681],[34.28895,-15.80662],[34.28859,-15.80651],[34.28819,-15.80645],[34.288,-15.80642],[34.28771,-15.80639],[34.28723,-15.80638],[34.28681,-15.80639],[34.28634,-15.80644],[34.28592,-15.8065],[34.28551,-15.8066],[34.2852,-15.8067],[34.28483,-15.80686],[34.2843,-15.80711],[34.28387,-15.80736],[34.28339,-15.80776],[34.28307,-15.80805],[34.28267,-15.80849]]},"properties":{"id":492407855,"rt":"rail","name":"","ref":"","usage":"main","gauge":"1067","electrified":"no","km":2.037}},
{"type":"Feature","geometry":{"type":"LineString","coordinates":[[35.04578,-15.45943],[35.04574,-15.4597]]},"properties":{"id":495939941,"rt":"rail","name":"","ref":"","usage":"main","gauge":"1067","electrified":"no","km":0.03}},
{"type":"Feature","geometry":{"type":"LineString","coordinates":[[35.05244,-15.42054],[35.05199,-15.4232],[35.05151,-15.42587],[35.0512,-15.42771],[35.05043,-15.43228],[35.05009,-15.43427],[35.04984,-15.43571],[35.04954,-15.43743],[35.04882,-15.4416],[35.04877,-15.44188],[35.04799,-15.44653],[35.04761,-15.44878],[35.04705,-15.45201],[35.04649,-15.45532],[35.04613,-15.45739],[35.04578,-15.45943]]},"properties":{"id":495939942,"rt":"rail","name":"","ref":"","usage":"main","gauge":"1067","electrified":"no","km":4.383}},
{"type":"Feature","geometry":{"type":"LineString","coordinates":[[35.28486,-16.2975],[35.28491,-16.29734]]},"properties":{"id":495970274,"rt":"rail","name":"","ref":"","usage":"","gauge":"1067","electrified":"no","km":0.019}},
{"type":"Feature","geometry":{"type":"LineString","coordinates":[[35.26642,-16.3218],[35.2666,-16.32182],[35.2668,-16.32181],[35.26707,-16.3217],[35.26783,-16.3212],[35.26827,-16.32093],[35.26881,-16.32058],[35.26919,-16.32035],[35.26959,-16.32005],[35.26978,-16.31987],[35.27082,-16.31859],[35.27097,-16.31832],[35.2712,-16.31787],[35.27151,-16.31752],[35.27194,-16.31709],[35.27248,-16.31654],[35.27275,-16.31615],[35.27295,-16.31574],[35.27314,-16.31526],[35.27317,-16.315],[35.27316,-16.3148],[35.27309,-16.31458],[35.27286,-16.31423],[35.27276,-16.31401],[35.27268,-16.31379],[35.27268,-16.31354],[35.2727,-16.31338],[35.27279,-16.31313],[35.27292,-16.31293],[35.2731,-16.3128],[35.27338,-16.31272],[35.27374,-16.31267],[35.27432,-16.3127],[35.27457,-16.31264],[35.27567,-16.31203],[35.27589,-16.31184],[35.27605,-16.31156],[35.27625,-16.31104],[35.27643,-16.31083],[35.27668,-16.31064],[35.27693,-16.31055],[35.27732,-16.31045],[35.27766,-16.31029],[35.27798,-16.31005],[35.27818,-16.3098],[35.27831,-16.30958],[35.27852,-16.30909],[35.27875,-16.3088],[35.27955,-16.30826],[35.27977,-16.30803],[35.27992,-16.30779],[35.28012,-16.30758],[35.28036,-16.30742],[35.28084,-16.30722],[35.28121,-16.30702],[35.28332,-16.30556],[35.28357,-16.30529],[35.28374,-16.30502],[35.28387,-16.30473],[35.28425,-16.30345],[35.28464,-16.30135],[35.28478,-16.30054],[35.2848,-16.30028],[35.28479,-16.30005],[35.28473,-16.29952],[35.28467,-16.299],[35.28465,-16.29874],[35.28464,-16.29852],[35.28468,-16.29818],[35.28476,-16.29784],[35.28486,-16.2975]]},"properties":{"id":495970275,"rt":"rail","name":"","ref":"","usage":"","gauge":"1067","electrified":"no","km":3.704}},
{"type":"Feature","geometry":{"type":"LineString","coordinates":[[35.28567,-16.19561],[35.2857,-16.19575]]},"properties":{"id":495970451,"rt":"rail","name":"","ref":"","usage":"","gauge":"1067","electrified":"no","km":0.016}},
{"type":"Feature","geometry":{"type":"LineString","coordinates":[[35.28218,-16.19097],[35.28249,-16.19118],[35.28272,-16.19132],[35.28292,-16.19141],[35.28326,-16.19156],[35.2835,-16.19164],[35.28385,-16.19179],[35.28411,-16.19199],[35.28422,-16.1921],[35.2843,-16.19221],[35.28438,-16.19237],[35.28445,-16.19253],[35.28454,-16.19277],[35.28458,-16.19287],[35.28488,-16.19357],[35.28503,-16.19391],[35.28522,-16.19435],[35.28532,-16.19459],[35.28549,-16.19506],[35.28567,-16.19561]]},"properties":{"id":495970452,"rt":"rail","name":"","ref":"","usage":"","gauge":"1067","electrified":"no","km":0.674}},
{"type":"Feature","geometry":{"type":"LineString","coordinates":[[34.51413,-14.2137],[34.5131,-14.21103],[34.51295,-14.21041],[34.51299,-14.20971],[34.51306,-14.20941]]},"properties":{"id":496169037,"rt":"rail","name":"","ref":"","usage":"main","gauge":"1067","electrified":"no","km":0.5}},
{"type":"Feature","geometry":{"type":"LineString","coordinates":[[34.51433,-14.21422],[34.51413,-14.2137]]},"properties":{"id":496169038,"rt":"rail","name":"","ref":"","usage":"main","gauge":"1067","electrified":"no","km":0.062}},
{"type":"Feature","geometry":{"type":"LineString","coordinates":[[34.51306,-14.20941],[34.51323,-14.20886]]},"properties":{"id":496169039,"rt":"rail","name":"","ref":"","usage":"main","gauge":"1067","electrified":"no","km":0.064}},
{"type":"Feature","geometry":{"type":"LineString","coordinates":[[34.51323,-14.20886],[34.51337,-14.20846],[34.51355,-14.20816],[34.51356,-14.20814],[34.52132,-14.19731],[34.52217,-14.19604],[34.5244,-14.19284],[34.52627,-14.19013],[34.52947,-14.18548],[34.5297,-14.18441],[34.52941,-14.18169],[34.52874,-14.1737],[34.52802,-14.16754]]},"properties":{"id":496169040,"rt":"rail","name":"","ref":"","usage":"main","gauge":"1067","electrified":"no","km":5.142}},
{"type":"Feature","geometry":{"type":"LineString","coordinates":[[34.49464,-13.95827],[34.49469,-13.95787]]},"properties":{"id":496174134,"rt":"rail","name":"","ref":"","usage":"main","gauge":"1067","electrified":"no","km":0.045}},
{"type":"Feature","geometry":{"type":"LineString","coordinates":[[34.50014,-13.97316],[34.49968,-13.97226],[34.49941,-13.97171],[34.49931,-13.9715],[34.49916,-13.97119],[34.49874,-13.97035],[34.49763,-13.96813],[34.4971,-13.96704],[34.49662,-13.96605],[34.49621,-13.96523],[34.49573,-13.96425],[34.49487,-13.96259],[34.49479,-13.96239],[34.49449,-13.96164],[34.49448,-13.96162],[34.49438,-13.96099],[34.49437,-13.96056],[34.49438,-13.96013],[34.49443,-13.95977],[34.49464,-13.95827]]},"properties":{"id":496174135,"rt":"rail","name":"","ref":"","usage":"main","gauge":"1067","electrified":"no","km":1.797}},
{"type":"Feature","geometry":{"type":"LineString","coordinates":[[34.47563,-13.91849],[34.47388,-13.91615],[34.47174,-13.91325],[34.4711,-13.91196],[34.46959,-13.90823],[34.46944,-13.90786],[34.4689,-13.90647],[34.46704,-13.90178],[34.46514,-13.89698],[34.465,-13.89661],[34.46251,-13.89033],[34.46134,-13.88735],[34.46054,-13.88535],[34.45982,-13.8835],[34.45922,-13.88193],[34.45886,-13.88106],[34.45828,-13.87963],[34.45723,-13.87696],[34.45688,-13.87606],[34.4565,-13.87514]]},"properties":{"id":496200701,"rt":"rail","name":"","ref":"","usage":"main","gauge":"1067","electrified":"no","km":5.264}},
{"type":"Feature","geometry":{"type":"LineString","coordinates":[[34.47574,-13.91863],[34.47563,-13.91849]]},"properties":{"id":496200702,"rt":"rail","name":"","ref":"","usage":"","gauge":"1067","electrified":"no","km":0.02}},
{"type":"Feature","geometry":{"type":"LineString","coordinates":[[34.51702,-13.98659],[34.5166,-13.98608],[34.51479,-13.98394],[34.51436,-13.9836],[34.51388,-13.98325],[34.51342,-13.98301],[34.51254,-13.98265],[34.50992,-13.98183],[34.50786,-13.98119],[34.50691,-13.9809],[34.50686,-13.98088],[34.50503,-13.9803],[34.50423,-13.98],[34.50388,-13.97981],[34.50355,-13.97955],[34.5033,-13.97931],[34.5031,-13.97904],[34.50293,-13.97878],[34.50272,-13.97837]]},"properties":{"id":497781918,"rt":"rail","name":"","ref":"","usage":"main","gauge":"1067","electrified":"no","km":1.858}},
{"type":"Feature","geometry":{"type":"LineString","coordinates":[[34.51714,-13.98672],[34.51702,-13.98659]]},"properties":{"id":497781922,"rt":"rail","name":"","ref":"","usage":"main","gauge":"1067","electrified":"no","km":0.019}},
{"type":"Feature","geometry":{"type":"LineString","coordinates":[[33.6299,-13.89545],[33.63031,-13.89543]]},"properties":{"id":506800914,"rt":"rail","name":"","ref":"","usage":"main","gauge":"1067","electrified":"no","km":0.044}},
{"type":"Feature","geometry":{"type":"LineString","coordinates":[[35.26462,-16.37986],[35.26471,-16.38008],[35.26488,-16.38028],[35.26567,-16.38104],[35.26589,-16.38142],[35.26659,-16.38331],[35.26666,-16.38367],[35.26664,-16.38403],[35.26655,-16.3844],[35.26623,-16.38508],[35.26512,-16.38707],[35.26494,-16.38748],[35.26486,-16.38791],[35.26488,-16.38836],[35.26502,-16.38934],[35.26501,-16.38977],[35.26491,-16.39016],[35.26471,-16.39053],[35.26446,-16.39083],[35.26416,-16.39124],[35.26391,-16.39171],[35.26372,-16.39224],[35.26362,-16.39271],[35.26364,-16.39327],[35.26372,-16.39395],[35.26374,-16.39419],[35.2637,-16.39458],[35.2636,-16.395],[35.26337,-16.39562],[35.26243,-16.3978],[35.2611,-16.4006],[35.26085,-16.40125],[35.26071,-16.40176],[35.26069,-16.4022],[35.26077,-16.40315],[35.26079,-16.40363],[35.26076,-16.40411],[35.26079,-16.40453],[35.26088,-16.4049],[35.26102,-16.40545],[35.2611,-16.40587],[35.26115,-16.40627],[35.26116,-16.40706],[35.26114,-16.40786],[35.26109,-16.40865],[35.2609,-16.40968]]},"properties":{"id":530507790,"rt":"rail","name":"","ref":"","usage":"","gauge":"1067","electrified":"no","km":3.53}},
{"type":"Feature","geometry":{"type":"LineString","coordinates":[[34.45646,-13.87502],[34.45594,-13.87372],[34.45533,-13.87222],[34.45453,-13.87013],[34.45359,-13.86779],[34.45107,-13.86143],[34.44948,-13.8574],[34.4493,-13.85698],[34.44868,-13.85539],[34.44844,-13.85478]]},"properties":{"id":543778862,"rt":"rail","name":"","ref":"","usage":"main","gauge":"1067","electrified":"no","km":2.411}},
{"type":"Feature","geometry":{"type":"LineString","coordinates":[[34.4565,-13.87514],[34.45646,-13.87502]]},"properties":{"id":543778865,"rt":"rail","name":"","ref":"","usage":"main","gauge":"1067","electrified":"no","km":0.014}},
{"type":"Feature","geometry":{"type":"LineString","coordinates":[[35.03647,-15.12008],[35.0375,-15.11982],[35.0384,-15.11968],[35.03915,-15.11961],[35.03986,-15.11958]]},"properties":{"id":588631275,"rt":"rail","name":"","ref":"","usage":"main","gauge":"1067","electrified":"no","km":0.369}},
{"type":"Feature","geometry":{"type":"LineString","coordinates":[[35.02863,-15.12202],[35.02829,-15.12213],[35.02808,-15.1222],[35.02795,-15.12227],[35.02781,-15.12239],[35.02764,-15.12254],[35.02751,-15.1227],[35.02744,-15.12281],[35.02738,-15.12293],[35.02732,-15.12303],[35.02726,-15.12323],[35.02721,-15.12343],[35.02719,-15.12363],[35.02718,-15.12383],[35.0272,-15.12403],[35.02726,-15.12427],[35.02743,-15.12463]]},"properties":{"id":603121078,"rt":"rail","name":"","ref":"","usage":"main","gauge":"1067","electrified":"no","km":0.372}},
{"type":"Feature","geometry":{"type":"LineString","coordinates":[[34.71505,-15.51668],[34.71367,-15.51763],[34.71182,-15.51888]]},"properties":{"id":603828974,"rt":"rail","name":"","ref":"","usage":"main","gauge":"1067","electrified":"no","km":0.424}},
{"type":"Feature","geometry":{"type":"LineString","coordinates":[[34.69878,-15.52765],[34.70079,-15.52628]]},"properties":{"id":622098569,"rt":"rail","name":"","ref":"","usage":"main","gauge":"1067","electrified":"no","km":0.264}},
{"type":"Feature","geometry":{"type":"LineString","coordinates":[[34.6795,-15.54792],[34.67992,-15.54657],[34.68009,-15.54608],[34.68032,-15.54543],[34.68059,-15.54449],[34.68076,-15.54402],[34.68102,-15.54327],[34.68126,-15.54245],[34.68139,-15.54202],[34.68178,-15.54083],[34.68206,-15.53987],[34.68235,-15.53919],[34.68266,-15.53854],[34.6829,-15.53812],[34.68313,-15.53776],[34.68354,-15.53724],[34.68397,-15.53678],[34.68434,-15.53637],[34.685,-15.53557],[34.68593,-15.53449],[34.68905,-15.53058],[34.69002,-15.52951],[34.6904,-15.52921],[34.69078,-15.52895],[34.69098,-15.52884],[34.69136,-15.52864],[34.69181,-15.52845],[34.69242,-15.52828],[34.69304,-15.52818],[34.69385,-15.52817],[34.69452,-15.52823],[34.6951,-15.52831],[34.69603,-15.52838],[34.69686,-15.52835],[34.69772,-15.52815],[34.69824,-15.52795],[34.69878,-15.52765]]},"properties":{"id":622098570,"rt":"rail","name":"","ref":"","usage":"main","gauge":"1067","electrified":"no","km":3.37}},
{"type":"Feature","geometry":{"type":"LineString","coordinates":[[35.00994,-15.77017],[35.01019,-15.76947],[35.01028,-15.76911],[35.01029,-15.76876],[35.01024,-15.76851],[35.01014,-15.76827],[35.0095,-15.76726],[35.0094,-15.76694],[35.00937,-15.76664],[35.00941,-15.7664],[35.00952,-15.76614],[35.00964,-15.76593],[35.00983,-15.76573],[35.01079,-15.76506],[35.01138,-15.76467],[35.01171,-15.76456],[35.012,-15.76453],[35.01227,-15.76455],[35.01249,-15.76462],[35.01325,-15.76498],[35.01346,-15.76507],[35.01366,-15.7651],[35.01384,-15.7651],[35.01399,-15.76509],[35.01413,-15.76507],[35.01433,-15.765],[35.01449,-15.76493],[35.01476,-15.76473],[35.01505,-15.7644],[35.01589,-15.76333],[35.01607,-15.76306],[35.01619,-15.76282],[35.01653,-15.76193],[35.01665,-15.7617],[35.01722,-15.76102],[35.01772,-15.76043],[35.01798,-15.76021],[35.01825,-15.76009],[35.02001,-15.75945],[35.02037,-15.75929],[35.02062,-15.75913],[35.02078,-15.75899],[35.02095,-15.75877],[35.02109,-15.75843],[35.02117,-15.75816],[35.02127,-15.75754],[35.02133,-15.75733],[35.02174,-15.75639],[35.02179,-15.75618],[35.02179,-15.75608],[35.0218,-15.75595],[35.02179,-15.75573],[35.02172,-15.75549],[35.02162,-15.75528],[35.02136,-15.75486],[35.02124,-15.75466],[35.02112,-15.75438],[35.02105,-15.75412],[35.02105,-15.75385],[35.0211,-15.7536],[35.02117,-15.75341],[35.02129,-15.75321],[35.02159,-15.75288],[35.02246,-15.75197],[35.02269,-15.75178],[35.02336,-15.75135],[35.02358,-15.75114],[35.02367,-15.75102],[35.02383,-15.75075],[35.02387,-15.75065],[35.02389,-15.75054],[35.02392,-15.75031],[35.02394,-15.74962],[35.02402,-15.74925],[35.0242,-15.74879],[35.0246,-15.74809],[35.02483,-15.7479],[35.02511,-15.74775],[35.02535,-15.74767],[35.02558,-15.74764],[35.02639,-15.74761],[35.02667,-15.74758],[35.02692,-15.74751],[35.02751,-15.74729],[35.02782,-15.7472],[35.02812,-15.74718],[35.02907,-15.74724],[35.02945,-15.74723],[35.0297,-15.74719],[35.02996,-15.74709],[35.03015,-15.74698],[35.03033,-15.74683]]},"properties":{"id":639333041,"rt":"rail","name":"","ref":"","usage":"main","gauge":"1067","electrified":"no","km":4.11}},
{"type":"Feature","geometry":{"type":"LineString","coordinates":[[34.52996,-14.28621],[34.52992,-14.28563]]},"properties":{"id":659063279,"rt":"rail","name":"","ref":"","usage":"main","gauge":"1067","electrified":"no","km":0.065}},
{"type":"Feature","geometry":{"type":"LineString","coordinates":[[34.52883,-14.27618],[34.52872,-14.27523],[34.52857,-14.27378],[34.52836,-14.27197],[34.52763,-14.2647],[34.52746,-14.26316],[34.52708,-14.25933],[34.52654,-14.25464],[34.52538,-14.24371],[34.52527,-14.24306],[34.52514,-14.24258],[34.52498,-14.24205],[34.52318,-14.23727],[34.52209,-14.23447],[34.52141,-14.23273],[34.52099,-14.23159],[34.52013,-14.22944],[34.51878,-14.22599],[34.51867,-14.22569],[34.51603,-14.2188],[34.51472,-14.21527],[34.51438,-14.21435],[34.51433,-14.21422]]},"properties":{"id":659063280,"rt":"rail","name":"","ref":"","usage":"main","gauge":"1067","electrified":"no","km":7.12}},
{"type":"Feature","geometry":{"type":"LineString","coordinates":[[35.60618,-14.97268],[35.60747,-14.97238],[35.60875,-14.97214],[35.60942,-14.97204],[35.61036,-14.9719],[35.61154,-14.97181],[35.61309,-14.97172],[35.61406,-14.97173],[35.61647,-14.97184],[35.61793,-14.97204],[35.61878,-14.97219],[35.62031,-14.97252],[35.62152,-14.9728],[35.63034,-14.97507],[35.63097,-14.97531],[35.63156,-14.9756],[35.63385,-14.977],[35.6346,-14.9773],[35.63568,-14.97763],[35.63649,-14.97773],[35.63679,-14.97775],[35.63751,-14.97771],[35.63863,-14.97751],[35.64798,-14.97487],[35.64907,-14.97456],[35.65061,-14.97413],[35.6523,-14.97367],[35.65467,-14.97297],[35.65629,-14.97253],[35.65789,-14.97209],[35.65981,-14.9716],[35.66206,-14.9711],[35.66539,-14.97032],[35.66714,-14.96992],[35.66816,-14.96966],[35.66862,-14.96956],[35.67147,-14.96897],[35.67578,-14.96795],[35.67898,-14.96732],[35.68981,-14.96534],[35.69373,-14.96463],[35.69901,-14.96386],[35.70983,-14.96247],[35.7127,-14.96215],[35.7153,-14.96189],[35.71737,-14.96165],[35.71896,-14.96149],[35.7237,-14.96099],[35.72661,-14.9607],[35.72901,-14.96051],[35.73201,-14.96031],[35.73659,-14.96002],[35.73949,-14.95985],[35.74172,-14.95972],[35.74746,-14.95951],[35.75164,-14.95935],[35.75408,-14.95927],[35.75727,-14.95923],[35.76017,-14.95923],[35.76197,-14.95921],[35.7651,-14.95922],[35.77006,-14.95923],[35.7868,-14.9598],[35.78954,-14.9599],[35.79201,-14.96],[35.79341,-14.96006],[35.79519,-14.96014],[35.79891,-14.9603],[35.80312,-14.96047],[35.80655,-14.96062],[35.80718,-14.96065],[35.80852,-14.96072],[35.81003,-14.96078],[35.81126,-14.96084],[35.81272,-14.96089],[35.81396,-14.96095],[35.8151,-14.96107],[35.81599,-14.96117]]},"properties":{"id":664512461,"rt":"rail","name":"","ref":"","usage":"main","gauge":"1067","electrified":"no","km":22.878}},
{"type":"Feature","geometry":{"type":"LineString","coordinates":[[35.5215,-14.99737],[35.52176,-14.99727]]},"properties":{"id":664512462,"rt":"rail","name":"","ref":"","usage":"main","gauge":"1067","electrified":"no","km":0.03}},
{"type":"Feature","geometry":{"type":"LineString","coordinates":[[34.08526,-13.79184],[34.08497,-13.79157],[34.0844,-13.79118],[34.08375,-13.79106],[34.0831,-13.79116],[34.08255,-13.79135],[34.07955,-13.79304],[34.07897,-13.79321],[34.07826,-13.79319],[34.07734,-13.79287],[34.07682,-13.79236],[34.07652,-13.79186],[34.07547,-13.78961],[34.07514,-13.78913],[34.07473,-13.78883],[34.07097,-13.78765],[34.07025,-13.7875],[34.06952,-13.78742],[34.06891,-13.78751],[34.06828,-13.78769],[34.06737,-13.78807],[34.06431,-13.78925],[34.06339,-13.78944],[34.06269,-13.78943],[34.062,-13.78928],[34.06127,-13.78897],[34.06061,-13.78855],[34.05914,-13.78719],[34.05811,-13.78634],[34.05696,-13.78567],[34.05525,-13.78464],[34.05285,-13.78322],[34.05183,-13.7827],[34.05038,-13.78201],[34.04759,-13.78068],[34.04711,-13.78051],[34.04666,-13.78044],[34.04623,-13.78045],[34.04582,-13.78053],[34.04552,-13.78061],[34.045,-13.78083],[34.04277,-13.78169],[34.04228,-13.78194],[34.04186,-13.7823],[34.04157,-13.78275],[34.04141,-13.7833],[34.04142,-13.78398],[34.04207,-13.78555],[34.04211,-13.78594],[34.04208,-13.7863],[34.04193,-13.78679],[34.04168,-13.78719],[34.04143,-13.78743],[34.04095,-13.7878],[34.04059,-13.78792],[34.04013,-13.78797],[34.03545,-13.78728],[34.03497,-13.78738],[34.03452,-13.78759],[34.03421,-13.78789],[34.03402,-13.78823],[34.03389,-13.78863],[34.03375,-13.79071],[34.0337,-13.7921],[34.03352,-13.79436],[34.03349,-13.79472],[34.0334,-13.79523],[34.03323,-13.79564],[34.03296,-13.79602],[34.03259,-13.79631],[34.03209,-13.79655],[34.0317,-13.79664],[34.03119,-13.79663],[34.02887,-13.79618],[34.0281,-13.79613],[34.02775,-13.79619],[34.02742,-13.79629],[34.02697,-13.79655],[34.02664,-13.79686],[34.02618,-13.79741],[34.02573,-13.79794],[34.0253,-13.79827],[34.02484,-13.79846],[34.02103,-13.79888],[34.02041,-13.79889],[34.01997,-13.79878],[34.01954,-13.79859],[34.01707,-13.79662],[34.01569,-13.79552],[34.01533,-13.79529],[34.01494,-13.79512],[34.0145,-13.79505],[34.01403,-13.79508],[34.01355,-13.79524],[34.01314,-13.79549],[34.01279,-13.79583],[34.00941,-13.79954],[34.00898,-13.79996],[34.00859,-13.80017],[34.0081,-13.8003],[34.0073,-13.80042],[34.00689,-13.80046],[34.00655,-13.80041],[34.00554,-13.79994],[34.00494,-13.79964],[34.00453,-13.79946],[34.00408,-13.79938],[34.00349,-13.79941],[34.00312,-13.79935],[34.00275,-13.79922],[34.00239,-13.79899],[34.00211,-13.79869],[34.00191,-13.79831],[34.00169,-13.79724],[34.00153,-13.79686],[34.00131,-13.79658],[34.00091,-13.7963],[34.0006,-13.79616],[34.00024,-13.79608],[33.99964,-13.79601],[33.99898,-13.79579],[33.99863,-13.7955],[33.99823,-13.79491],[33.9979,-13.79441],[33.99751,-13.79409],[33.99704,-13.79391],[33.99641,-13.79391],[33.99599,-13.79404],[33.99565,-13.79427],[33.99534,-13.79467],[33.99519,-13.79495],[33.99511,-13.79531],[33.99501,-13.79597],[33.99483,-13.79642],[33.9945,-13.79681],[33.994,-13.7971],[33.99296,-13.79726]]},"properties":{"id":673300183,"rt":"rail","name":"","ref":"","usage":"main","gauge":"1067","electrified":"no","km":13.167}},
{"type":"Feature","geometry":{"type":"LineString","coordinates":[[35.2933,-16.23415],[35.29337,-16.23409],[35.2943,-16.23341],[35.29442,-16.23329],[35.29461,-16.23301],[35.29474,-16.23282],[35.29486,-16.23264],[35.29508,-16.23229],[35.29509,-16.23226],[35.2953,-16.23182],[35.29556,-16.23114],[35.29577,-16.23071],[35.29592,-16.23049],[35.29606,-16.23028],[35.2964,-16.22984],[35.29684,-16.22925],[35.29721,-16.2287],[35.29805,-16.22759],[35.29841,-16.227],[35.29865,-16.22667],[35.2989,-16.22645],[35.29924,-16.22612],[35.29964,-16.2258],[35.29992,-16.22556],[35.30009,-16.22541],[35.30112,-16.22458],[35.30146,-16.22429],[35.30187,-16.22387],[35.30235,-16.22331],[35.30374,-16.22168],[35.30415,-16.22115],[35.3043,-16.22079],[35.30438,-16.22044],[35.30444,-16.22004],[35.30443,-16.21965],[35.30436,-16.21925],[35.30427,-16.21891],[35.30386,-16.21792],[35.3036,-16.21731],[35.30344,-16.2169],[35.30326,-16.2165],[35.30305,-16.21603],[35.30287,-16.21552],[35.30275,-16.21499],[35.30246,-16.2133],[35.30237,-16.21284],[35.30229,-16.21261],[35.30221,-16.21247],[35.30211,-16.21233],[35.30195,-16.21219],[35.30172,-16.21202],[35.30127,-16.21175],[35.30099,-16.2116],[35.30079,-16.21147],[35.30067,-16.21134],[35.30056,-16.21121],[35.30047,-16.21102],[35.30036,-16.21072],[35.30012,-16.20993],[35.3,-16.20963],[35.29989,-16.20948],[35.29976,-16.20933]]},"properties":{"id":678526779,"rt":"rail","name":"","ref":"","usage":"","gauge":"1067","electrified":"no","km":3.337}},
{"type":"Feature","geometry":{"type":"LineString","coordinates":[[35.02905,-15.12747],[35.02864,-15.12673],[35.02787,-15.12536],[35.02748,-15.12473],[35.02743,-15.12463]]},"properties":{"id":678526780,"rt":"rail","name":"","ref":"","usage":"main","gauge":"1067","electrified":"no","km":0.361}},
{"type":"Feature","geometry":{"type":"LineString","coordinates":[[35.14678,-16.55339],[35.14737,-16.55312],[35.14763,-16.55298],[35.14788,-16.55281],[35.14831,-16.55244],[35.14916,-16.55174],[35.14963,-16.55134]]},"properties":{"id":681218067,"rt":"rail","name":"","ref":"","usage":"","gauge":"","electrified":"no","km":0.382}},
{"type":"Feature","geometry":{"type":"LineString","coordinates":[[35.06184,-15.79854],[35.06153,-15.79825]]},"properties":{"id":773729350,"rt":"rail","name":"","ref":"","usage":"main","gauge":"1067","electrified":"no","km":0.046}},
{"type":"Feature","geometry":{"type":"LineString","coordinates":[[35.06203,-15.81768],[35.06216,-15.81519],[35.0622,-15.81454],[35.06223,-15.81436],[35.0623,-15.81411],[35.06233,-15.81401],[35.06236,-15.81393],[35.0624,-15.81384],[35.06256,-15.8135],[35.06292,-15.8129],[35.06327,-15.81229],[35.06402,-15.81105],[35.0641,-15.81089],[35.06417,-15.81072],[35.0642,-15.81057],[35.0642,-15.81041],[35.06417,-15.81025],[35.0641,-15.81006],[35.064,-15.80991],[35.06381,-15.80972],[35.06362,-15.8096],[35.06343,-15.8095],[35.06321,-15.8094],[35.06294,-15.80926],[35.0628,-15.80916],[35.0627,-15.80905],[35.06261,-15.80893],[35.06254,-15.8088],[35.06248,-15.80866],[35.06244,-15.80848],[35.06244,-15.80829],[35.06246,-15.80812],[35.06251,-15.80796],[35.06264,-15.8077],[35.06325,-15.80655],[35.0633,-15.80639],[35.06332,-15.80623],[35.06332,-15.80609],[35.0633,-15.80597],[35.06328,-15.80589],[35.06326,-15.80583],[35.06319,-15.80566],[35.06297,-15.80541],[35.0625,-15.80494],[35.06239,-15.80474],[35.06234,-15.80457],[35.06231,-15.80434],[35.06233,-15.80413],[35.06238,-15.80394],[35.06255,-15.80368],[35.06276,-15.80344],[35.06332,-15.80279],[35.06339,-15.8027],[35.06346,-15.80261],[35.06358,-15.80238],[35.06364,-15.80214],[35.06366,-15.80191],[35.06365,-15.80174],[35.06361,-15.80159],[35.06354,-15.80142],[35.06347,-15.80127],[35.06332,-15.80102],[35.06293,-15.80041],[35.06282,-15.80023],[35.06222,-15.79897],[35.06198,-15.79868],[35.06184,-15.79854]]},"properties":{"id":773729351,"rt":"rail","name":"","ref":"","usage":"main","gauge":"1067","electrified":"no","km":2.419}},
{"type":"Feature","geometry":{"type":"LineString","coordinates":[[33.80084,-13.90171],[33.80097,-13.90205],[33.8011,-13.90243],[33.80143,-13.90336],[33.8016,-13.90382],[33.80189,-13.90464],[33.80217,-13.90543],[33.80226,-13.90569],[33.8024,-13.90592],[33.80249,-13.90602],[33.8026,-13.90613],[33.8027,-13.90622],[33.80283,-13.90631],[33.80295,-13.90639],[33.80306,-13.90644],[33.80315,-13.90649],[33.80325,-13.90653],[33.8034,-13.90657],[33.80358,-13.9066],[33.80375,-13.90663],[33.80422,-13.9067],[33.80519,-13.90685],[33.80559,-13.90697]]},"properties":{"id":783158242,"rt":"rail","name":"","ref":"","usage":"industrial","gauge":"","electrified":"no","km":0.871}},
{"type":"Feature","geometry":{"type":"LineString","coordinates":[[33.80067,-13.90123],[33.80084,-13.90171]]},"properties":{"id":783158243,"rt":"rail","name":"","ref":"","usage":"industrial","gauge":"","electrified":"no","km":0.056}},
{"type":"Feature","geometry":{"type":"LineString","coordinates":[[33.79936,-13.89793],[33.79996,-13.89964]]},"properties":{"id":783158261,"rt":"rail","name":"","ref":"","usage":"","gauge":"","electrified":"no","km":0.201}},
{"type":"Feature","geometry":{"type":"LineString","coordinates":[[33.80327,-13.89713],[33.80348,-13.8971],[33.80367,-13.89706],[33.80386,-13.89702],[33.80399,-13.89696],[33.80413,-13.89688],[33.80426,-13.89679],[33.8048,-13.89636]]},"properties":{"id":783158278,"rt":"rail","name":"","ref":"","usage":"","gauge":"","electrified":"no","km":0.191}},
{"type":"Feature","geometry":{"type":"LineString","coordinates":[[33.80217,-13.90543],[33.80215,-13.90527],[33.80215,-13.9051],[33.80215,-13.90483],[33.80218,-13.90456],[33.8022,-13.90423],[33.8022,-13.90409],[33.80218,-13.90395],[33.80216,-13.90389],[33.80212,-13.90376],[33.80206,-13.90355],[33.80163,-13.90234]]},"properties":{"id":783158288,"rt":"rail","name":"","ref":"","usage":"","gauge":"","electrified":"no","km":0.354}},
{"type":"Feature","geometry":{"type":"LineString","coordinates":[[35.08819,-15.11012],[35.08853,-15.10989],[35.08877,-15.1097],[35.08915,-15.10939],[35.08938,-15.1092],[35.08963,-15.10895],[35.08983,-15.10873],[35.09011,-15.1084],[35.09034,-15.10812],[35.09049,-15.1079],[35.09073,-15.10755],[35.09095,-15.10719],[35.09122,-15.10665],[35.09146,-15.10608],[35.09161,-15.10565],[35.09189,-15.10476],[35.09206,-15.10435],[35.09225,-15.10396],[35.09243,-15.10363],[35.09264,-15.10328],[35.09267,-15.10323],[35.09294,-15.10283],[35.09336,-15.1023],[35.09369,-15.10196],[35.09409,-15.10157],[35.0946,-15.10113],[35.09502,-15.10084],[35.09535,-15.10062],[35.09569,-15.10043],[35.09623,-15.10016],[35.09669,-15.09997],[35.09722,-15.09978],[35.09776,-15.09962],[35.09834,-15.0995],[35.09891,-15.09942],[35.09947,-15.09938],[35.10007,-15.09937],[35.10064,-15.09941],[35.10184,-15.09956],[35.10258,-15.09964],[35.1034,-15.0997],[35.10404,-15.09973],[35.10447,-15.09972],[35.10599,-15.09963],[35.10674,-15.09953],[35.10784,-15.09933],[35.10823,-15.09923],[35.10949,-15.09887],[35.11073,-15.09841],[35.11227,-15.0977],[35.11462,-15.09639],[35.11577,-15.09589],[35.11796,-15.09505],[35.11943,-15.09462],[35.12863,-15.09265],[35.12944,-15.09246],[35.13147,-15.09179],[35.13158,-15.09175],[35.13307,-15.09106],[35.13417,-15.09052],[35.13484,-15.09014],[35.13544,-15.0898]]},"properties":{"id":817958029,"rt":"rail","name":"","ref":"","usage":"main","gauge":"1067","electrified":"no","km":5.875}},
{"type":"Feature","geometry":{"type":"LineString","coordinates":[[35.08794,-15.11028],[35.08819,-15.11012]]},"properties":{"id":817958030,"rt":"rail","name":"","ref":"","usage":"main","gauge":"1067","electrified":"no","km":0.032}},
{"type":"Feature","geometry":{"type":"LineString","coordinates":[[34.5015,-15.74041],[34.50156,-15.74026],[34.50166,-15.74008]]},"properties":{"id":817958031,"rt":"rail","name":"","ref":"","usage":"main","gauge":"1067","electrified":"no","km":0.041}},
{"type":"Feature","geometry":{"type":"LineString","coordinates":[[34.48714,-15.78133],[34.48738,-15.78094],[34.48749,-15.78076],[34.48762,-15.78044],[34.48783,-15.77988],[34.48796,-15.77946],[34.48865,-15.77687],[34.48896,-15.77579],[34.48924,-15.77508],[34.48962,-15.7743],[34.48994,-15.7736],[34.49192,-15.7694],[34.49255,-15.76805],[34.49291,-15.76738],[34.49323,-15.7669],[34.49381,-15.76603],[34.49418,-15.76543],[34.49444,-15.76496],[34.49467,-15.76433],[34.49481,-15.76373],[34.49502,-15.76266],[34.49517,-15.76197],[34.49533,-15.76141],[34.49554,-15.7609],[34.49571,-15.76063],[34.49612,-15.76],[34.49698,-15.75874],[34.49729,-15.75808],[34.49748,-15.75754],[34.49772,-15.75653],[34.49814,-15.75454],[34.4984,-15.75382],[34.49868,-15.7533],[34.49908,-15.7528],[34.49955,-15.75225],[34.50054,-15.75129],[34.50115,-15.75059],[34.50147,-15.74999],[34.50161,-15.74961],[34.50179,-15.74913],[34.50188,-15.74828],[34.50188,-15.74808],[34.50188,-15.74764],[34.50186,-15.74755],[34.50171,-15.7466]]},"properties":{"id":817958032,"rt":"rail","name":"","ref":"","usage":"main","gauge":"1067","electrified":"no","km":4.239}},
{"type":"Feature","geometry":{"type":"LineString","coordinates":[[35.25863,-15.94799],[35.25856,-15.9478]]},"properties":{"id":817958034,"rt":"rail","name":"","ref":"","usage":"","gauge":"1067","electrified":"no","km":0.022}},
{"type":"Feature","geometry":{"type":"LineString","coordinates":[[35.2724,-15.97605],[35.2718,-15.97496],[35.27152,-15.97459],[35.27116,-15.9742],[35.27085,-15.9739],[35.27055,-15.97367],[35.27023,-15.97351],[35.26993,-15.97339],[35.26961,-15.97326],[35.2693,-15.97306],[35.26909,-15.97287],[35.26886,-15.97256],[35.26845,-15.97194],[35.26827,-15.97173],[35.26804,-15.97155],[35.26772,-15.97135],[35.26717,-15.97104],[35.26695,-15.97084],[35.26682,-15.97063],[35.26674,-15.97039],[35.26673,-15.97012],[35.26678,-15.96994],[35.26686,-15.96973],[35.26701,-15.96933],[35.26704,-15.96909],[35.26699,-15.96886],[35.2669,-15.96864],[35.26675,-15.96841],[35.26629,-15.96784],[35.26604,-15.96753],[35.26574,-15.96725],[35.26543,-15.96703],[35.26493,-15.9668],[35.26304,-15.96597],[35.26098,-15.96519],[35.26046,-15.96493],[35.26003,-15.96463],[35.25972,-15.96431],[35.25946,-15.96385],[35.25906,-15.96307],[35.25899,-15.96273],[35.25901,-15.96239],[35.25907,-15.96206],[35.25936,-15.96003],[35.25951,-15.95909],[35.2597,-15.95782],[35.25979,-15.95729],[35.25999,-15.95681],[35.26018,-15.95649],[35.26031,-15.95618],[35.26038,-15.95572],[35.26047,-15.95444],[35.26055,-15.95338],[35.26063,-15.95232],[35.26063,-15.95195],[35.26053,-15.95161],[35.2604,-15.95134],[35.26002,-15.95069],[35.25898,-15.9489],[35.25875,-15.94838],[35.25863,-15.94799]]},"properties":{"id":817958035,"rt":"rail","name":"","ref":"","usage":"","gauge":"1067","electrified":"no","km":3.929}},
{"type":"Feature","geometry":{"type":"LineString","coordinates":[[35.05343,-15.68999],[35.05362,-15.68987],[35.0538,-15.68967],[35.05393,-15.68947],[35.054,-15.6893],[35.05404,-15.68915],[35.05405,-15.68911],[35.05406,-15.68893],[35.05406,-15.68874],[35.05403,-15.68856],[35.05386,-15.68787],[35.05383,-15.6875],[35.05389,-15.68712],[35.05403,-15.68676],[35.05451,-15.68599],[35.05473,-15.6855],[35.0548,-15.68528],[35.05482,-15.68506],[35.05476,-15.68441],[35.05465,-15.6835],[35.05469,-15.68312],[35.05478,-15.6828],[35.05506,-15.68241],[35.05534,-15.68209],[35.05576,-15.68167],[35.05684,-15.68028],[35.057,-15.67991],[35.05704,-15.67951],[35.05695,-15.67907],[35.05675,-15.67876],[35.05643,-15.67848],[35.05552,-15.67795],[35.05525,-15.67769],[35.05496,-15.67708],[35.05476,-15.67656],[35.05469,-15.67617],[35.05468,-15.67578],[35.05473,-15.67302],[35.05478,-15.67107],[35.05487,-15.67074],[35.05502,-15.67045],[35.05539,-15.66999],[35.05751,-15.66749],[35.05848,-15.66602],[35.05975,-15.66406],[35.05996,-15.66358],[35.06045,-15.66216]]},"properties":{"id":817958036,"rt":"rail","name":"","ref":"","usage":"main","gauge":"1067","electrified":"no","km":3.51}},
{"type":"Feature","geometry":{"type":"LineString","coordinates":[[35.05319,-15.69011],[35.05343,-15.68999]]},"properties":{"id":817958037,"rt":"rail","name":"","ref":"","usage":"main","gauge":"1067","electrified":"no","km":0.029}},
{"type":"Feature","geometry":{"type":"LineString","coordinates":[[35.06045,-15.66216],[35.06055,-15.66188]]},"properties":{"id":817958038,"rt":"rail","name":"","ref":"","usage":"main","gauge":"1067","electrified":"no","km":0.033}},
{"type":"Feature","geometry":{"type":"LineString","coordinates":[[34.74273,-14.61422],[34.74251,-14.61394]]},"properties":{"id":817958040,"rt":"rail","name":"","ref":"","usage":"main","gauge":"1067","electrified":"no","km":0.039}},
{"type":"Feature","geometry":{"type":"LineString","coordinates":[[34.75465,-14.62638],[34.75281,-14.62469],[34.75172,-14.62368],[34.74977,-14.62188],[34.74812,-14.62035],[34.74707,-14.61938],[34.74568,-14.61811],[34.74515,-14.61758],[34.74388,-14.61586],[34.74273,-14.61422]]},"properties":{"id":817958041,"rt":"rail","name":"","ref":"","usage":"main","gauge":"1067","electrified":"no","km":1.871}},
{"type":"Feature","geometry":{"type":"LineString","coordinates":[[34.75473,-14.62644],[34.75465,-14.62638]]},"properties":{"id":817958042,"rt":"rail","name":"","ref":"","usage":"main","gauge":"1067","electrified":"no","km":0.011}},
{"type":"Feature","geometry":{"type":"LineString","coordinates":[[34.76013,-14.63142],[34.75646,-14.62806],[34.75592,-14.62755],[34.75521,-14.62689],[34.75473,-14.62644]]},"properties":{"id":817958043,"rt":"rail","name":"","ref":"","usage":"main","gauge":"1067","electrified":"no","km":0.803}},
{"type":"Feature","geometry":{"type":"LineString","coordinates":[[34.76028,-14.63155],[34.76013,-14.63142]]},"properties":{"id":817958044,"rt":"rail","name":"","ref":"","usage":"main","gauge":"1067","electrified":"no","km":0.022}},
{"type":"Feature","geometry":{"type":"LineString","coordinates":[[34.77629,-14.65048],[34.7755,-14.64809],[34.77486,-14.64591],[34.77472,-14.64546],[34.77455,-14.64507],[34.77434,-14.64471],[34.77421,-14.64453],[34.77413,-14.64443],[34.7666,-14.63745],[34.76152,-14.63275],[34.76028,-14.63155]]},"properties":{"id":817958045,"rt":"rail","name":"","ref":"","usage":"main","gauge":"1067","electrified":"no","km":2.782}},
{"type":"Feature","geometry":{"type":"LineString","coordinates":[[34.74251,-14.61394],[34.74002,-14.61047],[34.73947,-14.60969],[34.73898,-14.6091],[34.73875,-14.60885],[34.73855,-14.60867],[34.73822,-14.60842],[34.7379,-14.60825],[34.73724,-14.60795],[34.73627,-14.60757],[34.73544,-14.60722],[34.73482,-14.60696],[34.73438,-14.60679],[34.73335,-14.60638],[34.73113,-14.60548],[34.72911,-14.60466],[34.72822,-14.60433],[34.72779,-14.60411],[34.72736,-14.60387],[34.72693,-14.6035],[34.72649,-14.60302],[34.72441,-14.59993],[34.72253,-14.59711],[34.7212,-14.59517],[34.71628,-14.58784],[34.71452,-14.58523],[34.71425,-14.58483],[34.70922,-14.57736]]},"properties":{"id":817958046,"rt":"rail","name":"","ref":"","usage":"main","gauge":"1067","electrified":"no","km":5.583}},
{"type":"Feature","geometry":{"type":"LineString","coordinates":[[34.77635,-14.65068],[34.77629,-14.65048]]},"properties":{"id":817958047,"rt":"rail","name":"","ref":"","usage":"main","gauge":"1067","electrified":"no","km":0.023}},
{"type":"Feature","geometry":{"type":"LineString","coordinates":[[34.52889,-14.27668],[34.52883,-14.27618]]},"properties":{"id":817958048,"rt":"rail","name":"","ref":"","usage":"main","gauge":"1067","electrified":"no","km":0.056}},
{"type":"Feature","geometry":{"type":"LineString","coordinates":[[34.52992,-14.28563],[34.52953,-14.2827],[34.52942,-14.28147],[34.52889,-14.27668]]},"properties":{"id":817958049,"rt":"rail","name":"","ref":"","usage":"main","gauge":"1067","electrified":"no","km":1.001}},
{"type":"Feature","geometry":{"type":"LineString","coordinates":[[34.10466,-13.78389],[34.1054,-13.78363]]},"properties":{"id":817958050,"rt":"rail","name":"","ref":"","usage":"main","gauge":"1067","electrified":"no","km":0.085}},
{"type":"Feature","geometry":{"type":"LineString","coordinates":[[34.10002,-13.78674],[34.10016,-13.78632],[34.10024,-13.78609],[34.10039,-13.78588],[34.10058,-13.78561],[34.10078,-13.78541],[34.101,-13.78521],[34.10125,-13.78505],[34.10154,-13.7849],[34.10187,-13.78478],[34.10466,-13.78389]]},"properties":{"id":817958051,"rt":"rail","name":"","ref":"","usage":"main","gauge":"1067","electrified":"no","km":0.627}},
{"type":"Feature","geometry":{"type":"LineString","coordinates":[[33.76196,-13.90363],[33.76242,-13.90365],[33.76268,-13.90366],[33.76282,-13.90365],[33.76294,-13.90363],[33.76302,-13.90359],[33.76321,-13.90345],[33.76338,-13.90329],[33.76348,-13.90314],[33.76357,-13.90294],[33.76359,-13.90279],[33.76359,-13.90259],[33.76353,-13.90237],[33.76348,-13.90221],[33.76344,-13.90213],[33.76336,-13.90202],[33.76322,-13.90188],[33.76309,-13.90178],[33.763,-13.90172],[33.76289,-13.90168],[33.76277,-13.90166],[33.76265,-13.90167],[33.76157,-13.90185]]},"properties":{"id":817958052,"rt":"rail","name":"","ref":"","usage":"","gauge":"1067","electrified":"no","km":0.528}},
{"type":"Feature","geometry":{"type":"LineString","coordinates":[[32.89608,-13.78313],[32.89553,-13.78408],[32.89519,-13.78469],[32.89492,-13.78517]]},"properties":{"id":817958054,"rt":"rail","name":"","ref":"","usage":"","gauge":"1067","electrified":"no","km":0.259}},
{"type":"Feature","geometry":{"type":"LineString","coordinates":[[32.89519,-13.78469],[32.89538,-13.78448],[32.89558,-13.78433],[32.89583,-13.78424],[32.89606,-13.78424],[32.89628,-13.78425],[32.8964,-13.78429],[32.89665,-13.78439]]},"properties":{"id":817958055,"rt":"rail","name":"","ref":"","usage":"","gauge":"1067","electrified":"no","km":0.179}},
{"type":"Feature","geometry":{"type":"LineString","coordinates":[[32.89782,-13.78503],[32.89665,-13.78439],[32.89642,-13.78425],[32.89627,-13.78412],[32.89614,-13.78394],[32.89604,-13.78371],[32.89602,-13.78353],[32.89603,-13.78332],[32.89608,-13.78313],[32.89615,-13.78293]]},"properties":{"id":817958056,"rt":"rail","name":"","ref":"","usage":"","gauge":"1067","electrified":"no","km":0.337}},
{"type":"Feature","geometry":{"type":"LineString","coordinates":[[35.20626,-17.01617],[35.20626,-17.01735],[35.20626,-17.01742],[35.20621,-17.01823],[35.20619,-17.01881],[35.20619,-17.02037],[35.20617,-17.02143],[35.20602,-17.02439],[35.20598,-17.02676],[35.20585,-17.02991],[35.20584,-17.03026],[35.20578,-17.03297],[35.20571,-17.03461],[35.20568,-17.03609],[35.20566,-17.03717]]},"properties":{"id":817958057,"rt":"rail","name":"","ref":"","usage":"","gauge":"1067","electrified":"no","km":2.336}},
{"type":"Feature","geometry":{"type":"LineString","coordinates":[[35.20657,-17.00526],[35.20656,-17.00579]]},"properties":{"id":817958058,"rt":"rail","name":"","ref":"","usage":"","gauge":"1067","electrified":"no","km":0.059}},
{"type":"Feature","geometry":{"type":"LineString","coordinates":[[33.30347,-13.91295],[33.30286,-13.91278],[33.30248,-13.91266],[33.30221,-13.91255],[33.30192,-13.9124],[33.30153,-13.91213],[33.30107,-13.91177],[33.29906,-13.90961],[33.2984,-13.90906],[33.29773,-13.90858],[33.29716,-13.90832],[33.2965,-13.90809],[33.2956,-13.9079],[33.29456,-13.90793],[33.29188,-13.90841],[33.29145,-13.90845],[33.29111,-13.90846],[33.29067,-13.90843],[33.28977,-13.90823],[33.28782,-13.90767],[33.28644,-13.9073],[33.28624,-13.90725],[33.28479,-13.90682],[33.28091,-13.90568],[33.27803,-13.9049],[33.27727,-13.90467],[33.27555,-13.90418],[33.27442,-13.90385],[33.27393,-13.90371],[33.27336,-13.90355],[33.27312,-13.9035],[33.27284,-13.90346],[33.27258,-13.90345],[33.27233,-13.90345],[33.27212,-13.90345],[33.27184,-13.90347],[33.27159,-13.90351],[33.27134,-13.90356],[33.27108,-13.90362],[33.27079,-13.90371],[33.27049,-13.90383],[33.27024,-13.90395],[33.26998,-13.90408],[33.26972,-13.90424],[33.26893,-13.90472],[33.26783,-13.90539],[33.26676,-13.90603],[33.26617,-13.90639],[33.26543,-13.90683],[33.26503,-13.90706],[33.26477,-13.9072],[33.26449,-13.90732],[33.26442,-13.90735],[33.26427,-13.90741],[33.26406,-13.90747],[33.26379,-13.90753],[33.2635,-13.90758],[33.26316,-13.90763],[33.26271,-13.90768]]},"properties":{"id":840827134,"rt":"rail","name":"","ref":"","usage":"main","gauge":"1067","electrified":"no","km":4.797}},
{"type":"Feature","geometry":{"type":"LineString","coordinates":[[33.30393,-13.9131],[33.30347,-13.91295]]},"properties":{"id":840827135,"rt":"rail","name":"","ref":"","usage":"main","gauge":"1067","electrified":"no","km":0.052}},
{"type":"Feature","geometry":{"type":"LineString","coordinates":[[33.26252,-13.90771],[33.25928,-13.90805],[33.25924,-13.90805],[33.25821,-13.90817],[33.25715,-13.90831],[33.25572,-13.90849],[33.25432,-13.90865],[33.24687,-13.90952],[33.24079,-13.91017],[33.23813,-13.9105],[33.23274,-13.91121],[33.22975,-13.91153],[33.22614,-13.91196],[33.21874,-13.91288],[33.218,-13.91303],[33.21659,-13.91344],[33.21545,-13.91391],[33.20779,-13.918],[33.20717,-13.91822],[33.20636,-13.91845],[33.2055,-13.91851],[33.20432,-13.9184],[33.20142,-13.91813],[33.20001,-13.918],[33.19852,-13.91787],[33.19749,-13.91779],[33.19645,-13.91771],[33.19481,-13.91776],[33.19321,-13.91792],[33.1833,-13.92012],[33.17724,-13.92162],[33.17557,-13.92178],[33.17432,-13.92182],[33.17377,-13.92184],[33.16868,-13.92196],[33.16823,-13.92195],[33.16328,-13.92207],[33.16214,-13.92208],[33.16052,-13.92208],[33.15986,-13.92201],[33.15779,-13.92171],[33.15385,-13.9212],[33.15141,-13.92087],[33.14821,-13.92044],[33.14609,-13.92013],[33.1452,-13.91993],[33.14478,-13.91983],[33.14308,-13.9194],[33.13832,-13.91813]]},"properties":{"id":840827143,"rt":"rail","name":"","ref":"","usage":"main","gauge":"1067","electrified":"no","km":13.683}},
{"type":"Feature","geometry":{"type":"LineString","coordinates":[[33.26271,-13.90768],[33.26252,-13.90771]]},"properties":{"id":840827144,"rt":"rail","name":"","ref":"","usage":"main","gauge":"1067","electrified":"no","km":0.021}},
{"type":"Feature","geometry":{"type":"LineString","coordinates":[[35.20851,-16.97749],[35.20813,-16.97845]]},"properties":{"id":844688313,"rt":"rail","name":"","ref":"","usage":"","gauge":"1067","electrified":"no","km":0.114}},
{"type":"Feature","geometry":{"type":"LineString","coordinates":[[35.20809,-16.97854],[35.20765,-16.97967],[35.20759,-16.97988],[35.20752,-16.98003],[35.20747,-16.98026],[35.20741,-16.98053]]},"properties":{"id":844688314,"rt":"rail","name":"","ref":"","usage":"","gauge":"1067","electrified":"no","km":0.233}},
{"type":"Feature","geometry":{"type":"LineString","coordinates":[[35.20813,-16.97845],[35.20809,-16.97854]]},"properties":{"id":844688315,"rt":"rail","name":"","ref":"","usage":"","gauge":"1067","electrified":"no","km":0.011}},
{"type":"Feature","geometry":{"type":"LineString","coordinates":[[35.20741,-16.98053],[35.20738,-16.98067]]},"properties":{"id":844688316,"rt":"rail","name":"","ref":"","usage":"","gauge":"1067","electrified":"no","km":0.016}},
{"type":"Feature","geometry":{"type":"LineString","coordinates":[[35.20738,-16.98067],[35.20732,-16.98108],[35.20727,-16.9816],[35.20724,-16.98222],[35.20724,-16.98274],[35.2072,-16.98421],[35.20716,-16.98511],[35.20709,-16.98771],[35.20706,-16.98853],[35.207,-16.99049]]},"properties":{"id":844688317,"rt":"rail","name":"","ref":"","usage":"","gauge":"1067","electrified":"no","km":1.093}},
{"type":"Feature","geometry":{"type":"LineString","coordinates":[[35.20689,-16.99492],[35.20684,-16.99611],[35.20681,-16.99682],[35.20657,-17.00526]]},"properties":{"id":844688319,"rt":"rail","name":"","ref":"","usage":"","gauge":"1067","electrified":"no","km":1.15}},
{"type":"Feature","geometry":{"type":"LineString","coordinates":[[35.20566,-17.03728],[35.20562,-17.03844],[35.20559,-17.03981],[35.20554,-17.04201]]},"properties":{"id":844688333,"rt":"rail","name":"","ref":"","usage":"","gauge":"1067","electrified":"no","km":0.526}},
{"type":"Feature","geometry":{"type":"LineString","coordinates":[[35.20554,-17.04201],[35.20554,-17.0421],[35.20554,-17.04226],[35.20547,-17.04484],[35.20543,-17.04615],[35.20542,-17.04632],[35.20542,-17.04644],[35.20536,-17.04818]]},"properties":{"id":844688334,"rt":"rail","name":"","ref":"","usage":"","gauge":"1067","electrified":"no","km":0.686}},
{"type":"Feature","geometry":{"type":"LineString","coordinates":[[35.20536,-17.04818],[35.20532,-17.04905],[35.20529,-17.04968],[35.2053,-17.0503],[35.20527,-17.05123]]},"properties":{"id":844688335,"rt":"rail","name":"","ref":"","usage":"","gauge":"1067","electrified":"no","km":0.339}},
{"type":"Feature","geometry":{"type":"LineString","coordinates":[[35.20526,-17.05147],[35.20522,-17.05347],[35.2052,-17.0538],[35.20515,-17.05469],[35.20514,-17.05524]]},"properties":{"id":844688340,"rt":"rail","name":"","ref":"","usage":"","gauge":"1067","electrified":"no","km":0.419}},
{"type":"Feature","geometry":{"type":"LineString","coordinates":[[35.20514,-17.05524],[35.20511,-17.05606],[35.2051,-17.05669],[35.20507,-17.05745],[35.20502,-17.05892],[35.20502,-17.05894]]},"properties":{"id":844688341,"rt":"rail","name":"","ref":"","usage":"","gauge":"1067","electrified":"no","km":0.412}},
{"type":"Feature","geometry":{"type":"LineString","coordinates":[[35.20492,-17.06316],[35.20491,-17.06346]]},"properties":{"id":844688344,"rt":"rail","name":"","ref":"","usage":"","gauge":"1067","electrified":"no","km":0.033}},
{"type":"Feature","geometry":{"type":"LineString","coordinates":[[35.20491,-17.06346],[35.20488,-17.06442],[35.20483,-17.06637],[35.20482,-17.06685],[35.20474,-17.06925],[35.20471,-17.07064],[35.20467,-17.07154],[35.2046,-17.07417],[35.20454,-17.07644],[35.20447,-17.07788]]},"properties":{"id":844688345,"rt":"rail","name":"","ref":"","usage":"","gauge":"1067","electrified":"no","km":1.604}},
{"type":"Feature","geometry":{"type":"LineString","coordinates":[[35.195,-17.12538],[35.19504,-17.12524],[35.19582,-17.12228],[35.19593,-17.12189],[35.19596,-17.12175],[35.19645,-17.11995]]},"properties":{"id":844688348,"rt":"rail","name":"","ref":"","usage":"","gauge":"1067","electrified":"no","km":0.623}},
{"type":"Feature","geometry":{"type":"LineString","coordinates":[[34.96343,-15.01506],[34.96269,-15.0137],[34.96196,-15.01237],[34.96145,-15.01147],[34.96119,-15.01093],[34.96099,-15.01039],[34.96092,-15.01002],[34.96083,-15.00958],[34.96057,-15.00777],[34.96005,-15.00408],[34.9599,-15.00299],[34.95846,-14.99318],[34.95788,-14.98934],[34.95786,-14.98922],[34.95784,-14.98909],[34.95775,-14.98852],[34.95754,-14.98706]]},"properties":{"id":956977544,"rt":"rail","name":"","ref":"","usage":"main","gauge":"1067","electrified":"no","km":3.203}},
{"type":"Feature","geometry":{"type":"LineString","coordinates":[[34.94871,-14.926],[34.94869,-14.92592]]},"properties":{"id":956977545,"rt":"rail","name":"","ref":"","usage":"main","gauge":"1067","electrified":"no","km":0.009}},
{"type":"Feature","geometry":{"type":"LineString","coordinates":[[34.95147,-14.94521],[34.94998,-14.93497],[34.94871,-14.926]]},"properties":{"id":956977546,"rt":"rail","name":"","ref":"","usage":"main","gauge":"1067","electrified":"no","km":2.157}},
{"type":"Feature","geometry":{"type":"LineString","coordinates":[[34.95148,-14.94529],[34.95147,-14.94521]]},"properties":{"id":956977547,"rt":"rail","name":"","ref":"","usage":"main","gauge":"1067","electrified":"no","km":0.009}},
{"type":"Feature","geometry":{"type":"LineString","coordinates":[[34.95423,-14.96391],[34.95284,-14.9542],[34.95226,-14.95062],[34.95148,-14.94529]]},"properties":{"id":956977555,"rt":"rail","name":"","ref":"","usage":"main","gauge":"1067","electrified":"no","km":2.091}},
{"type":"Feature","geometry":{"type":"LineString","coordinates":[[34.95424,-14.96399],[34.95423,-14.96391]]},"properties":{"id":956977556,"rt":"rail","name":"","ref":"","usage":"main","gauge":"1067","electrified":"no","km":0.009}},
{"type":"Feature","geometry":{"type":"LineString","coordinates":[[33.64873,-13.89071],[33.64914,-13.89073],[33.6535,-13.89045],[33.65402,-13.89038]]},"properties":{"id":1001687569,"rt":"rail","name":"","ref":"","usage":"","gauge":"","electrified":"no","km":0.573}},
{"type":"Feature","geometry":{"type":"LineString","coordinates":[[33.65259,-13.89047],[33.65221,-13.89045],[33.65135,-13.8905]]},"properties":{"id":1001687570,"rt":"rail","name":"","ref":"","usage":"","gauge":"","electrified":"no","km":0.134}},
{"type":"Feature","geometry":{"type":"LineString","coordinates":[[33.75239,-13.90056],[33.75267,-13.90061],[33.75287,-13.90069],[33.75304,-13.90079],[33.75312,-13.90086],[33.75317,-13.90091],[33.75412,-13.90171],[33.75432,-13.90183],[33.7545,-13.9019],[33.75467,-13.90194],[33.75502,-13.90201],[33.75537,-13.90208],[33.75714,-13.90242],[33.75797,-13.90257]]},"properties":{"id":1001690028,"rt":"rail","name":"","ref":"","usage":"","gauge":"","electrified":"no","km":0.659}},
{"type":"Feature","geometry":{"type":"LineString","coordinates":[[33.75502,-13.90201],[33.75482,-13.90194],[33.7547,-13.90187],[33.75453,-13.90175],[33.75379,-13.9011]]},"properties":{"id":1001690029,"rt":"rail","name":"","ref":"","usage":"","gauge":"","electrified":"no","km":0.168}},
{"type":"Feature","geometry":{"type":"LineString","coordinates":[[33.75412,-13.90171],[33.75436,-13.9019],[33.75456,-13.90202],[33.75478,-13.90211],[33.75497,-13.90216],[33.75624,-13.90253]]},"properties":{"id":1001690030,"rt":"rail","name":"","ref":"","usage":"","gauge":"","electrified":"no","km":0.249}},
{"type":"Feature","geometry":{"type":"LineString","coordinates":[[35.0448,-15.73022],[35.04496,-15.73],[35.0451,-15.72978],[35.04523,-15.7295],[35.04531,-15.7292],[35.04535,-15.72892],[35.04533,-15.72864],[35.04524,-15.72828],[35.04514,-15.72794],[35.04499,-15.72759],[35.04418,-15.72625],[35.04393,-15.72598],[35.04363,-15.72582],[35.04334,-15.72573],[35.04275,-15.72563],[35.04249,-15.72555],[35.0423,-15.72547],[35.04207,-15.7253],[35.0419,-15.72509],[35.04177,-15.72488],[35.04168,-15.72459],[35.04155,-15.72394],[35.04147,-15.72364],[35.04111,-15.72288],[35.04102,-15.72262],[35.04096,-15.72232],[35.04096,-15.72205],[35.04103,-15.7218],[35.04116,-15.72156],[35.04137,-15.72136],[35.04203,-15.72066],[35.04219,-15.72043],[35.0423,-15.72015],[35.04238,-15.71972],[35.04247,-15.71938],[35.04259,-15.71912],[35.04274,-15.71892],[35.04296,-15.71874],[35.0432,-15.71861],[35.04486,-15.7178],[35.04511,-15.71764],[35.04714,-15.71623],[35.0474,-15.71613],[35.04775,-15.71609],[35.0486,-15.71612],[35.04888,-15.71609],[35.04916,-15.71602],[35.04943,-15.71588],[35.05062,-15.71532],[35.05092,-15.71512],[35.05115,-15.71485],[35.05123,-15.71465],[35.05126,-15.71455]]},"properties":{"id":1002246945,"rt":"rail","name":"","ref":"","usage":"main","gauge":"1067","electrified":"no","km":2.6}},
{"type":"Feature","geometry":{"type":"LineString","coordinates":[[35.05126,-15.71455],[35.05131,-15.71435],[35.05134,-15.71414]]},"properties":{"id":1002246946,"rt":"rail","name":"","ref":"","usage":"main","gauge":"1067","electrified":"no","km":0.046}},
{"type":"Feature","geometry":{"type":"LineString","coordinates":[[35.03047,-15.74668],[35.03058,-15.74649],[35.03068,-15.74624],[35.03072,-15.74601],[35.03072,-15.74572],[35.03066,-15.74536],[35.0306,-15.74503],[35.03054,-15.74459],[35.03057,-15.74417],[35.03065,-15.74382],[35.03082,-15.74341],[35.03108,-15.74303],[35.03136,-15.74272],[35.03172,-15.74243],[35.03242,-15.74195],[35.03286,-15.74163],[35.03391,-15.74057],[35.03426,-15.74036],[35.03574,-15.73947],[35.03607,-15.73928],[35.03713,-15.73867],[35.03735,-15.73851],[35.03755,-15.73834],[35.03768,-15.73819],[35.03779,-15.73799],[35.03789,-15.73775],[35.03802,-15.73743],[35.03816,-15.73718],[35.03834,-15.73697],[35.03855,-15.73681],[35.03869,-15.73672],[35.03884,-15.73666],[35.0391,-15.73658],[35.04009,-15.73638],[35.04032,-15.73632]]},"properties":{"id":1002246947,"rt":"rail","name":"","ref":"","usage":"main","gauge":"1067","electrified":"no","km":1.7}},
{"type":"Feature","geometry":{"type":"LineString","coordinates":[[35.03033,-15.74683],[35.03047,-15.74668]]},"properties":{"id":1002246948,"rt":"rail","name":"","ref":"","usage":"main","gauge":"1067","electrified":"no","km":0.022}},
{"type":"Feature","geometry":{"type":"LineString","coordinates":[[34.47951,-15.79314],[34.47971,-15.7929],[34.48028,-15.79204],[34.48201,-15.78915],[34.48269,-15.78807],[34.48379,-15.78621],[34.48387,-15.78608],[34.48537,-15.78384],[34.48622,-15.78266],[34.48659,-15.78215],[34.48714,-15.78133]]},"properties":{"id":1005251942,"rt":"rail","name":"","ref":"","usage":"main","gauge":"1067","electrified":"no","km":1.547}},
{"type":"Feature","geometry":{"type":"LineString","coordinates":[[34.44987,-15.80567],[34.45386,-15.80566],[34.45476,-15.80566],[34.4548,-15.80566],[34.45558,-15.80557],[34.45695,-15.80525],[34.45861,-15.80484],[34.46224,-15.804],[34.46329,-15.80373],[34.46585,-15.8029],[34.46952,-15.80171],[34.47102,-15.80123],[34.47109,-15.8012],[34.47171,-15.80091],[34.47213,-15.80062],[34.47481,-15.79792],[34.47817,-15.79458],[34.47911,-15.7936],[34.47951,-15.79314]]},"properties":{"id":1005251947,"rt":"rail","name":"","ref":"","usage":"main","gauge":"1067","electrified":"no","km":3.618}},
{"type":"Feature","geometry":{"type":"LineString","coordinates":[[35.06153,-15.79825],[35.06086,-15.79763],[35.06063,-15.79743],[35.06041,-15.79728],[35.06022,-15.79715],[35.05962,-15.79678],[35.05916,-15.79648],[35.05811,-15.79584],[35.05774,-15.79563],[35.05712,-15.79536],[35.05574,-15.79481],[35.05544,-15.79466],[35.05526,-15.79452],[35.05509,-15.79435],[35.05495,-15.79414],[35.05486,-15.79393],[35.05478,-15.79364],[35.05432,-15.79171],[35.05422,-15.79138],[35.05407,-15.79107],[35.05385,-15.79082],[35.0533,-15.79032],[35.05302,-15.79009],[35.05268,-15.78989]]},"properties":{"id":1020071555,"rt":"rail","name":"","ref":"","usage":"main","gauge":"1067","electrified":"no","km":1.403}},
{"type":"Feature","geometry":{"type":"LineString","coordinates":[[35.05268,-15.78989],[35.05222,-15.78968]]},"properties":{"id":1020071556,"rt":"rail","name":"","ref":"","usage":"main","gauge":"1067","electrified":"no","km":0.054}},
{"type":"Feature","geometry":{"type":"LineString","coordinates":[[35.02572,-15.12115],[35.02483,-15.11969],[35.02471,-15.11953],[35.02451,-15.1193],[35.02431,-15.11907],[35.02423,-15.11897],[35.0241,-15.11875],[35.02394,-15.11856],[35.02385,-15.11848],[35.02355,-15.11812]]},"properties":{"id":1059417761,"rt":"rail","name":"","ref":"","usage":"","gauge":"","electrified":"no","km":0.411}},
{"type":"Feature","geometry":{"type":"LineString","coordinates":[[35.87797,-14.982],[35.87873,-14.98241],[35.8817,-14.98408],[35.8839,-14.98534],[35.88858,-14.98802],[35.88878,-14.98813],[35.89459,-14.99146],[35.89486,-14.99161],[35.89531,-14.99186],[35.89967,-14.99431],[35.9008,-14.99499],[35.90168,-14.99558],[35.90221,-14.99608],[35.9028,-14.99665],[35.90497,-14.9991],[35.9057,-14.99974],[35.90641,-15.0003],[35.90748,-15.00092],[35.90817,-15.00122],[35.90902,-15.00153],[35.90972,-15.00172],[35.9109,-15.00191],[35.91385,-15.00236]]},"properties":{"id":1087910963,"rt":"rail","name":"","ref":"","usage":"main","gauge":"1067","electrified":"no","km":4.533}},
{"type":"Feature","geometry":{"type":"LineString","coordinates":[[35.02385,-15.11848],[35.024,-15.1187],[35.02533,-15.12094]]},"properties":{"id":1087910964,"rt":"rail","name":"","ref":"","usage":"","gauge":"","electrified":"no","km":0.316}},
{"type":"Feature","geometry":{"type":"LineString","coordinates":[[35.02431,-15.11907],[35.02559,-15.12123]]},"properties":{"id":1087910965,"rt":"rail","name":"","ref":"","usage":"","gauge":"","electrified":"no","km":0.277}},
{"type":"Feature","geometry":{"type":"LineString","coordinates":[[35.02566,-15.12119],[35.02451,-15.1193]]},"properties":{"id":1087910966,"rt":"rail","name":"","ref":"","usage":"","gauge":"","electrified":"no","km":0.244}},
{"type":"Feature","geometry":{"type":"LineString","coordinates":[[35.02442,-15.11964],[35.02359,-15.11829],[35.02291,-15.11716],[35.02251,-15.11648],[35.02133,-15.11452],[35.02062,-15.11332],[35.02022,-15.11263],[35.01988,-15.11202],[35.01956,-15.1114],[35.01916,-15.11055],[35.01893,-15.10998],[35.01864,-15.10923],[35.01847,-15.10874],[35.01811,-15.10771],[35.0179,-15.10722],[35.01768,-15.10668],[35.01741,-15.10609],[35.01718,-15.10564],[35.01687,-15.10504],[35.01662,-15.10459],[35.01648,-15.10434],[35.01629,-15.10408]]},"properties":{"id":1087910967,"rt":"rail","name":"","ref":"","usage":"","gauge":"","electrified":"no","km":1.943}},
{"type":"Feature","geometry":{"type":"LineString","coordinates":[[35.02743,-15.12463],[35.02635,-15.12297],[35.02581,-15.1221],[35.02533,-15.12128],[35.0249,-15.12056]]},"properties":{"id":1087910968,"rt":"rail","name":"","ref":"","usage":"main","gauge":"1067","electrified":"no","km":0.528}},
{"type":"Feature","geometry":{"type":"LineString","coordinates":[[35.0249,-15.12056],[35.02473,-15.12026],[35.02454,-15.11995],[35.02367,-15.11852],[35.0232,-15.11771],[35.02298,-15.11736]]},"properties":{"id":1087910969,"rt":"rail","name":"","ref":"","usage":"main","gauge":"1067","electrified":"no","km":0.411}},
{"type":"Feature","geometry":{"type":"LineString","coordinates":[[34.95754,-14.98706],[34.95706,-14.98381],[34.95701,-14.98344],[34.95699,-14.98329],[34.95695,-14.9829],[34.9558,-14.97497],[34.95569,-14.97414],[34.95526,-14.97114],[34.95482,-14.96805],[34.95424,-14.96399]]},"properties":{"id":1087910970,"rt":"rail","name":"","ref":"","usage":"main","gauge":"1067","electrified":"no","km":2.59}},
{"type":"Feature","geometry":{"type":"LineString","coordinates":[[35.50007,-14.99834],[35.50318,-14.99905],[35.50624,-14.99976],[35.50689,-14.99993],[35.50795,-15.00016]]},"properties":{"id":1087910973,"rt":"rail","name":"","ref":"","usage":"","gauge":"1067","electrified":"no","km":0.87}},
{"type":"Feature","geometry":{"type":"LineString","coordinates":[[35.49972,-14.99832],[35.50007,-14.99834]]},"properties":{"id":1087910974,"rt":"rail","name":"","ref":"","usage":"","gauge":"","electrified":"no","km":0.038}},
{"type":"Feature","geometry":{"type":"LineString","coordinates":[[35.49004,-15.00018],[35.49037,-15.00021],[35.49074,-15.00018],[35.49115,-15.00012],[35.49156,-15.0],[35.49189,-14.99987],[35.49207,-14.99977],[35.49238,-14.9996],[35.49332,-14.99902],[35.49381,-14.99878],[35.49437,-14.99856],[35.49483,-14.9984],[35.49528,-14.99829],[35.49575,-14.99818],[35.4963,-14.9981],[35.49671,-14.99805],[35.49713,-14.99802],[35.49761,-14.99803],[35.49816,-14.99806],[35.49892,-14.99816],[35.49955,-14.99828],[35.49972,-14.99832]]},"properties":{"id":1087910975,"rt":"rail","name":"","ref":"","usage":"main","gauge":"1067","electrified":"no","km":1.093}},
{"type":"Feature","geometry":{"type":"LineString","coordinates":[[35.51671,-14.99921],[35.51726,-14.999],[35.51738,-14.99895],[35.51891,-14.99837],[35.51982,-14.99802],[35.5215,-14.99737]]},"properties":{"id":1087910976,"rt":"rail","name":"","ref":"","usage":"main","gauge":"1067","electrified":"no","km":0.554}},
{"type":"Feature","geometry":{"type":"LineString","coordinates":[[35.05968,-15.10993],[35.06023,-15.10984],[35.06047,-15.10981],[35.06096,-15.1097],[35.06147,-15.10954],[35.06201,-15.1093],[35.06249,-15.10906],[35.06301,-15.1087],[35.06326,-15.10849],[35.06359,-15.10818],[35.06383,-15.10791],[35.0642,-15.10745],[35.06445,-15.10712],[35.06472,-15.10681],[35.06494,-15.10659],[35.06525,-15.10632],[35.06546,-15.10616],[35.06579,-15.10592],[35.06621,-15.10567],[35.06663,-15.10546],[35.06713,-15.10528],[35.06772,-15.10512],[35.06815,-15.10504],[35.06869,-15.10499],[35.06905,-15.10499],[35.06955,-15.10502],[35.06996,-15.10508],[35.07042,-15.10518],[35.07099,-15.10535],[35.07147,-15.10555],[35.07189,-15.10577],[35.07282,-15.10635],[35.07453,-15.10741],[35.07594,-15.10829],[35.07688,-15.10887],[35.07716,-15.10909]]},"properties":{"id":1087910977,"rt":"rail","name":"","ref":"","usage":"","gauge":"1067","electrified":"no","km":2.187}},
{"type":"Feature","geometry":{"type":"LineString","coordinates":[[34.94869,-14.92592],[34.94857,-14.92504],[34.94817,-14.92248],[34.94809,-14.92185],[34.94757,-14.91824],[34.94718,-14.91565],[34.94661,-14.91161],[34.94646,-14.91063],[34.946,-14.90728],[34.94542,-14.90342],[34.94522,-14.90222],[34.94494,-14.90137],[34.94456,-14.90087],[34.94263,-14.89855],[34.9411,-14.89704],[34.94025,-14.89613],[34.93944,-14.8952],[34.93649,-14.89199],[34.93271,-14.88784],[34.93234,-14.88743],[34.92548,-14.8799],[34.92469,-14.87905],[34.92413,-14.87843],[34.92238,-14.8765],[34.92152,-14.87557],[34.92041,-14.87454],[34.91683,-14.87162],[34.9113,-14.86711],[34.90926,-14.86542],[34.89994,-14.8577],[34.89636,-14.85472],[34.89229,-14.85134],[34.8889,-14.84852],[34.88769,-14.84752],[34.88349,-14.84405],[34.88315,-14.84377],[34.88152,-14.84269],[34.88014,-14.84176],[34.87474,-14.83815],[34.86654,-14.83268],[34.86625,-14.83249]]},"properties":{"id":1087950201,"rt":"rail","name":"","ref":"","usage":"main","gauge":"1067","electrified":"no","km":14.218}},
{"type":"Feature","geometry":{"type":"LineString","coordinates":[[34.86625,-14.83249],[34.85579,-14.8255]]},"properties":{"id":1087950202,"rt":"rail","name":"","ref":"","usage":"main","gauge":"1067","electrified":"no","km":1.367}},
{"type":"Feature","geometry":{"type":"LineString","coordinates":[[35.12569,-16.56534],[35.12913,-16.56414]]},"properties":{"id":1087957305,"rt":"rail","name":"","ref":"","usage":"","gauge":"","electrified":"no","km":0.39}},
{"type":"Feature","geometry":{"type":"LineString","coordinates":[[34.85562,-15.36824],[34.85574,-15.36777],[34.85598,-15.36712],[34.85633,-15.36646],[34.85675,-15.36587],[34.85732,-15.36526],[34.85757,-15.36504],[34.85786,-15.3648],[34.85837,-15.36445],[34.85896,-15.36413],[34.86033,-15.36352],[34.86135,-15.36304],[34.86188,-15.36276],[34.86244,-15.36238],[34.86294,-15.36199],[34.86346,-15.36148],[34.86383,-15.36104],[34.86437,-15.36026],[34.86476,-15.35949],[34.86484,-15.35928],[34.8654,-15.35807],[34.86591,-15.35691],[34.86648,-15.35559],[34.86669,-15.35497],[34.86682,-15.35448],[34.86695,-15.35382],[34.86705,-15.35301],[34.86737,-15.34911],[34.86769,-15.34579],[34.86796,-15.34262],[34.86819,-15.33979]]},"properties":{"id":1168526629,"rt":"rail","name":"","ref":"","usage":"main","gauge":"1067","electrified":"no","km":3.674}},
{"type":"Feature","geometry":{"type":"LineString","coordinates":[[35.10458,-15.8582],[35.10437,-15.85804],[35.10424,-15.8579],[35.10413,-15.8577],[35.10406,-15.85749],[35.10403,-15.85731],[35.10404,-15.85715],[35.10405,-15.85699],[35.10409,-15.85682],[35.1042,-15.85659],[35.10436,-15.8564],[35.10499,-15.85569],[35.10656,-15.85388],[35.10704,-15.8533],[35.10716,-15.85307],[35.10722,-15.85282],[35.10725,-15.8526],[35.10724,-15.85236],[35.10716,-15.85203],[35.107,-15.85175],[35.1066,-15.85114]]},"properties":{"id":1172354415,"rt":"rail","name":"","ref":"","usage":"","gauge":"1067","electrified":"no","km":0.94}},
{"type":"Feature","geometry":{"type":"LineString","coordinates":[[35.1066,-15.85114],[35.10656,-15.85107]]},"properties":{"id":1172354416,"rt":"rail","name":"","ref":"","usage":"","gauge":"1067","electrified":"no","km":0.009}},
{"type":"Feature","geometry":{"type":"LineString","coordinates":[[35.04204,-15.78914],[35.04161,-15.7891]]},"properties":{"id":1183690324,"rt":"rail","name":"","ref":"","usage":"main","gauge":"1067","electrified":"no","km":0.046}},
{"type":"Feature","geometry":{"type":"LineString","coordinates":[[35.05222,-15.78968],[35.05198,-15.78958],[35.05175,-15.78952],[35.05152,-15.78948],[35.05051,-15.78935],[35.05016,-15.78934],[35.04983,-15.78937],[35.04951,-15.78942],[35.04914,-15.78953],[35.04888,-15.78962],[35.04879,-15.78967],[35.04844,-15.78987],[35.04635,-15.79124],[35.04607,-15.79136],[35.04584,-15.79142],[35.04562,-15.79143],[35.04542,-15.7914],[35.04525,-15.79135],[35.04513,-15.79129],[35.045,-15.79122],[35.04487,-15.79111],[35.0442,-15.79039],[35.04375,-15.78993],[35.0435,-15.78967],[35.04334,-15.78953],[35.0432,-15.78943],[35.04302,-15.78933],[35.04285,-15.78926],[35.0427,-15.78923],[35.04266,-15.78922],[35.04248,-15.78918],[35.04243,-15.78918],[35.04205,-15.78914],[35.04204,-15.78914]]},"properties":{"id":1183690325,"rt":"rail","name":"","ref":"","usage":"main","gauge":"1067","electrified":"no","km":1.252}},
{"type":"Feature","geometry":{"type":"LineString","coordinates":[[35.06347,-15.81431],[35.06373,-15.81409],[35.06431,-15.81362],[35.06443,-15.81351],[35.06456,-15.81335],[35.06464,-15.81319],[35.06467,-15.81306],[35.06468,-15.81261]]},"properties":{"id":1183932963,"rt":"rail","name":"","ref":"","usage":"","gauge":"","electrified":"no","km":0.243}},
{"type":"Feature","geometry":{"type":"LineString","coordinates":[[35.014,-15.78739],[35.01383,-15.7873],[35.0137,-15.78721],[35.01353,-15.78707],[35.01341,-15.7869],[35.01332,-15.78666],[35.01329,-15.78641],[35.01331,-15.78615],[35.01359,-15.78548],[35.01365,-15.78517],[35.01368,-15.78497],[35.01364,-15.78469],[35.01348,-15.78425],[35.01325,-15.78362],[35.0132,-15.78324],[35.01325,-15.78292],[35.01331,-15.78272],[35.01356,-15.78237],[35.01413,-15.78191],[35.01438,-15.78163],[35.01453,-15.78136],[35.01456,-15.78121],[35.01457,-15.78106],[35.01455,-15.78067],[35.01455,-15.78067]]},"properties":{"id":1185768934,"rt":"rail","name":"","ref":"","usage":"main","gauge":"1067","electrified":"no","km":0.846}},
{"type":"Feature","geometry":{"type":"LineString","coordinates":[[35.10656,-15.85107],[35.10593,-15.85011],[35.10576,-15.84986],[35.10565,-15.84976],[35.10556,-15.84968],[35.10538,-15.84955],[35.10503,-15.84938],[35.10485,-15.84934],[35.10467,-15.84931],[35.1045,-15.84932],[35.10431,-15.84935],[35.10414,-15.84939],[35.10395,-15.84944],[35.10369,-15.84951],[35.10352,-15.84951],[35.10339,-15.8495],[35.1031,-15.84944],[35.09977,-15.84867],[35.09947,-15.84859],[35.09924,-15.84848],[35.09906,-15.84837],[35.09876,-15.84821],[35.09739,-15.84736],[35.09715,-15.84723],[35.09691,-15.84714],[35.09682,-15.84712],[35.09677,-15.84711],[35.09661,-15.8471],[35.09646,-15.84711],[35.0963,-15.84715],[35.09613,-15.84722],[35.09597,-15.8473],[35.09562,-15.84753],[35.09498,-15.84797],[35.09447,-15.84829],[35.09314,-15.84937]]},"properties":{"id":1188250401,"rt":"rail","name":"","ref":"","usage":"","gauge":"1067","electrified":"no","km":1.67}},
{"type":"Feature","geometry":{"type":"LineString","coordinates":[[35.01455,-15.78067],[35.01455,-15.78061],[35.01422,-15.77919],[35.01411,-15.77886],[35.01396,-15.77862],[35.01379,-15.77845],[35.01363,-15.77833],[35.01333,-15.7782],[35.01305,-15.77813],[35.01288,-15.77811],[35.01274,-15.7781],[35.01257,-15.77808],[35.01227,-15.778],[35.01201,-15.77787],[35.0117,-15.77768]]},"properties":{"id":1190025389,"rt":"rail","name":"","ref":"","usage":"main","gauge":"1067","electrified":"no","km":0.508}},
{"type":"Feature","geometry":{"type":"LineString","coordinates":[[35.19645,-17.11995],[35.1966,-17.11937],[35.19704,-17.11781],[35.19799,-17.11434],[35.19821,-17.11347],[35.1988,-17.11125],[35.19906,-17.11028],[35.19925,-17.10961],[35.19953,-17.10862],[35.19955,-17.10856],[35.1997,-17.10801],[35.20026,-17.10582]]},"properties":{"id":1193785643,"rt":"rail","name":"","ref":"","usage":"","gauge":"1067","electrified":"no","km":1.623}},
{"type":"Feature","geometry":{"type":"LineString","coordinates":[[35.26021,-16.4619],[35.26022,-16.46187]]},"properties":{"id":1201027506,"rt":"rail","name":"","ref":"","usage":"","gauge":"","electrified":"no","km":0.004}},
{"type":"Feature","geometry":{"type":"LineString","coordinates":[[35.26022,-16.46187],[35.26023,-16.46185],[35.26037,-16.46134],[35.26042,-16.46064],[35.26052,-16.45861],[35.26061,-16.45822],[35.26076,-16.45785],[35.26089,-16.45751],[35.26239,-16.45358],[35.26267,-16.45285],[35.26275,-16.45253],[35.26277,-16.45233],[35.26277,-16.45216],[35.26273,-16.4519],[35.26245,-16.4508],[35.26167,-16.44785]]},"properties":{"id":1201027507,"rt":"rail","name":"","ref":"","usage":"","gauge":"","electrified":"no","km":1.617}},
{"type":"Feature","geometry":{"type":"LineString","coordinates":[[35.26087,-16.40987],[35.2609,-16.40968]]},"properties":{"id":1203132242,"rt":"rail","name":"","ref":"","usage":"","gauge":"","electrified":"no","km":0.021}},
{"type":"Feature","geometry":{"type":"LineString","coordinates":[[35.20447,-17.07788],[35.20445,-17.0793],[35.20443,-17.0801],[35.20439,-17.08114],[35.20435,-17.08271],[35.2043,-17.08428]]},"properties":{"id":1203903767,"rt":"rail","name":"","ref":"","usage":"","gauge":"1067","electrified":"no","km":0.712}},
{"type":"Feature","geometry":{"type":"LineString","coordinates":[[35.19368,-17.13036],[35.1937,-17.13028]]},"properties":{"id":1208796574,"rt":"rail","name":"Ramal de Vila Nova da Fronteira","ref":"","usage":"branch","gauge":"1067","electrified":"no","km":0.009}},
{"type":"Feature","geometry":{"type":"LineString","coordinates":[[35.19358,-17.13075],[35.19344,-17.13109],[35.19335,-17.13145],[35.19194,-17.13662],[35.19182,-17.13718],[35.19173,-17.13761]]},"properties":{"id":1208796575,"rt":"rail","name":"","ref":"","usage":"","gauge":"","electrified":"no","km":0.788}},
{"type":"Feature","geometry":{"type":"LineString","coordinates":[[35.19426,-17.1282],[35.19461,-17.12687],[35.1949,-17.12576],[35.19498,-17.12545]]},"properties":{"id":1208796579,"rt":"rail","name":"","ref":"","usage":"","gauge":"1067","electrified":"no","km":0.315}},
{"type":"Feature","geometry":{"type":"LineString","coordinates":[[35.19498,-17.12545],[35.195,-17.12538]]},"properties":{"id":1208796580,"rt":"rail","name":"","ref":"","usage":"","gauge":"1067","electrified":"no","km":0.008}},
{"type":"Feature","geometry":{"type":"LineString","coordinates":[[35.20026,-17.10582],[35.20037,-17.10544],[35.20059,-17.10463],[35.20081,-17.10389],[35.20087,-17.10364],[35.20133,-17.10192],[35.20255,-17.09738]]},"properties":{"id":1208796581,"rt":"rail","name":"","ref":"","usage":"","gauge":"1067","electrified":"no","km":0.97}},
{"type":"Feature","geometry":{"type":"LineString","coordinates":[[35.20255,-17.09738],[35.2026,-17.09722]]},"properties":{"id":1208796582,"rt":"rail","name":"","ref":"","usage":"","gauge":"1067","electrified":"no","km":0.019}},
{"type":"Feature","geometry":{"type":"LineString","coordinates":[[35.2026,-17.09722],[35.20304,-17.09549]]},"properties":{"id":1208796583,"rt":"rail","name":"","ref":"","usage":"","gauge":"1067","electrified":"no","km":0.198}},
{"type":"Feature","geometry":{"type":"LineString","coordinates":[[35.20304,-17.09549],[35.20353,-17.09365]]},"properties":{"id":1208796584,"rt":"rail","name":"Nyachilenda Railway Bridge","ref":"","usage":"","gauge":"1067","electrified":"no","km":0.211}},
{"type":"Feature","geometry":{"type":"LineString","coordinates":[[35.20566,-17.03717],[35.20566,-17.03728]]},"properties":{"id":1208796585,"rt":"rail","name":"","ref":"","usage":"","gauge":"1067","electrified":"no","km":0.012}},
{"type":"Feature","geometry":{"type":"LineString","coordinates":[[34.281,-15.81928],[34.28094,-15.81998],[34.28099,-15.82621],[34.28093,-15.82698],[34.28074,-15.82793],[34.28056,-15.82851],[34.28042,-15.82887],[34.28024,-15.82923],[34.27999,-15.8297],[34.27957,-15.83032],[34.27918,-15.83079],[34.2785,-15.83142],[34.27559,-15.83401],[34.27528,-15.83436]]},"properties":{"id":1209029776,"rt":"rail","name":"","ref":"","usage":"","gauge":"","electrified":"no","km":1.903}},
{"type":"Feature","geometry":{"type":"LineString","coordinates":[[34.49772,-15.75653],[34.49752,-15.75714],[34.49743,-15.75752],[34.49724,-15.75805],[34.49694,-15.75871],[34.49652,-15.75931],[34.49586,-15.76025],[34.49549,-15.76087],[34.49529,-15.76132],[34.49518,-15.76168],[34.4946,-15.76428],[34.49438,-15.76494],[34.49401,-15.76558],[34.49337,-15.76654],[34.49268,-15.76764],[34.49187,-15.76939],[34.49029,-15.77274],[34.49021,-15.77291],[34.48994,-15.7736]]},"properties":{"id":1209031919,"rt":"rail","name":"","ref":"","usage":"","gauge":"","electrified":"no","km":2.088}},
{"type":"Feature","geometry":{"type":"LineString","coordinates":[[34.49187,-15.76939],[34.49159,-15.76986],[34.4904,-15.77239],[34.49029,-15.77274]]},"properties":{"id":1209031920,"rt":"rail","name":"","ref":"","usage":"","gauge":"","electrified":"no","km":0.41}},
{"type":"Feature","geometry":{"type":"LineString","coordinates":[[34.50165,-15.74623],[34.50113,-15.74271],[34.50109,-15.74208],[34.50117,-15.74134],[34.50132,-15.74082],[34.5015,-15.74041]]},"properties":{"id":1209689558,"rt":"rail","name":"","ref":"","usage":"main","gauge":"1067","electrified":"no","km":0.658}},
{"type":"Feature","geometry":{"type":"LineString","coordinates":[[34.50171,-15.7466],[34.50165,-15.74623]]},"properties":{"id":1209689559,"rt":"rail","name":"","ref":"","usage":"main","gauge":"1067","electrified":"no","km":0.042}},
{"type":"Feature","geometry":{"type":"LineString","coordinates":[[34.65775,-15.5751],[34.65843,-15.57488],[34.66094,-15.57378],[34.66136,-15.57359],[34.66169,-15.57343],[34.66203,-15.57321],[34.6623,-15.57303],[34.66273,-15.57266],[34.66308,-15.57232],[34.66337,-15.57195],[34.6636,-15.57163],[34.66376,-15.57137],[34.6648,-15.56951],[34.66542,-15.5684],[34.66565,-15.56792],[34.66585,-15.56745],[34.66604,-15.56689],[34.66654,-15.56534],[34.6667,-15.56495],[34.66688,-15.56457],[34.66718,-15.56408],[34.6674,-15.56377],[34.66765,-15.56346],[34.66797,-15.56313],[34.66836,-15.56275],[34.66866,-15.56241]]},"properties":{"id":1209689583,"rt":"rail","name":"","ref":"","usage":"","gauge":"","electrified":"no","km":1.921}},
{"type":"Feature","geometry":{"type":"LineString","coordinates":[[34.80879,-15.42183],[34.80845,-15.42234],[34.80804,-15.42304],[34.80789,-15.42327],[34.80771,-15.4235],[34.80738,-15.42387],[34.80696,-15.42422],[34.80655,-15.42451],[34.80392,-15.42617],[34.80332,-15.42658],[34.80268,-15.42707],[34.80234,-15.42739],[34.80192,-15.42783],[34.8001,-15.42982],[34.7978,-15.43239],[34.79744,-15.43285],[34.79712,-15.43333],[34.7968,-15.43389],[34.79658,-15.43435],[34.79638,-15.43481]]},"properties":{"id":1209693523,"rt":"rail","name":"","ref":"","usage":"","gauge":"","electrified":"no","km":1.991}},
{"type":"Feature","geometry":{"type":"LineString","coordinates":[[34.92912,-15.26162],[34.92895,-15.26219],[34.92511,-15.27219],[34.92491,-15.27264],[34.92463,-15.27317],[34.92432,-15.2736],[34.92391,-15.27406],[34.92357,-15.27436],[34.92149,-15.27606],[34.92101,-15.27638]]},"properties":{"id":1209734080,"rt":"rail","name":"","ref":"","usage":"","gauge":"","electrified":"no","km":1.902}},
{"type":"Feature","geometry":{"type":"LineString","coordinates":[[35.22862,-15.06033],[35.22787,-15.05992]]},"properties":{"id":1209762365,"rt":"rail","name":"","ref":"","usage":"","gauge":"","electrified":"no","km":0.093}},
{"type":"Feature","geometry":{"type":"LineString","coordinates":[[35.22899,-15.06053],[35.22942,-15.06071],[35.23309,-15.0627],[35.23344,-15.06294]]},"properties":{"id":1209762366,"rt":"rail","name":"","ref":"","usage":"","gauge":"","electrified":"no","km":0.548}},
{"type":"Feature","geometry":{"type":"LineString","coordinates":[[35.23388,-15.06318],[35.23451,-15.06352]]},"properties":{"id":1209762368,"rt":"rail","name":"","ref":"","usage":"","gauge":"","electrified":"no","km":0.077}},
{"type":"Feature","geometry":{"type":"LineString","coordinates":[[35.23463,-15.06368],[35.23429,-15.06356],[35.23372,-15.06341],[35.23268,-15.06303]]},"properties":{"id":1209762369,"rt":"rail","name":"","ref":"","usage":"","gauge":"","electrified":"no","km":0.222}},
{"type":"Feature","geometry":{"type":"LineString","coordinates":[[35.23372,-15.06341],[35.23338,-15.06333],[35.23307,-15.06324],[35.23266,-15.06309]]},"properties":{"id":1209762370,"rt":"rail","name":"","ref":"","usage":"","gauge":"","electrified":"no","km":0.119}},
{"type":"Feature","geometry":{"type":"LineString","coordinates":[[35.23338,-15.06333],[35.23305,-15.06328],[35.23292,-15.06325],[35.23264,-15.06315]]},"properties":{"id":1209762371,"rt":"rail","name":"","ref":"","usage":"","gauge":"","electrified":"no","km":0.082}},
{"type":"Feature","geometry":{"type":"LineString","coordinates":[[35.22134,-15.06289],[35.22254,-15.06111],[35.22287,-15.06067],[35.22306,-15.06046],[35.22349,-15.06009],[35.22388,-15.05985],[35.22443,-15.05959],[35.22502,-15.05943],[35.22559,-15.05936],[35.22622,-15.0594],[35.22663,-15.05947],[35.22703,-15.05959],[35.22733,-15.05971],[35.22752,-15.0598],[35.22802,-15.06005],[35.22825,-15.06018],[35.22921,-15.06069],[35.23412,-15.06336],[35.23434,-15.06347],[35.23476,-15.06369],[35.23508,-15.06385],[35.23562,-15.06405],[35.2359,-15.06412],[35.23648,-15.06419],[35.237,-15.06419],[35.23757,-15.06412],[35.23808,-15.064],[35.23867,-15.0638]]},"properties":{"id":1209762372,"rt":"rail","name":"","ref":"","usage":"main","gauge":"1067","electrified":"no","km":2.173}},
{"type":"Feature","geometry":{"type":"LineString","coordinates":[[35.23867,-15.0638],[35.23887,-15.06372]]},"properties":{"id":1209762373,"rt":"rail","name":"","ref":"","usage":"main","gauge":"1067","electrified":"no","km":0.023}},
{"type":"Feature","geometry":{"type":"LineString","coordinates":[[35.52176,-14.99727],[35.52259,-14.99695],[35.52376,-14.99649],[35.52549,-14.99583],[35.5256,-14.99579],[35.52677,-14.99534],[35.5284,-14.9947],[35.52987,-14.99414],[35.53229,-14.9932],[35.53358,-14.9927],[35.54033,-14.99009],[35.54154,-14.98963],[35.54286,-14.98913],[35.54481,-14.98841],[35.54663,-14.98778],[35.54737,-14.98756],[35.54948,-14.98691],[35.55179,-14.98626],[35.55421,-14.98567],[35.55811,-14.98469],[35.56453,-14.98309],[35.56859,-14.98208],[35.56919,-14.98193],[35.56993,-14.98175],[35.57378,-14.98081],[35.57894,-14.9795]]},"properties":{"id":1209778753,"rt":"rail","name":"","ref":"","usage":"main","gauge":"1067","electrified":"no","km":6.463}},
{"type":"Feature","geometry":{"type":"LineString","coordinates":[[35.57894,-14.9795],[35.5793,-14.97942]]},"properties":{"id":1209778754,"rt":"rail","name":"","ref":"","usage":"main","gauge":"1067","electrified":"no","km":0.04}},
{"type":"Feature","geometry":{"type":"LineString","coordinates":[[35.5793,-14.97942],[35.58771,-14.97735],[35.59091,-14.97655],[35.59871,-14.97461],[35.60074,-14.9741],[35.60433,-14.97317],[35.60581,-14.97277]]},"properties":{"id":1209778756,"rt":"rail","name":"","ref":"","usage":"main","gauge":"1067","electrified":"no","km":2.942}},
{"type":"Feature","geometry":{"type":"LineString","coordinates":[[35.60581,-14.97277],[35.60618,-14.97268]]},"properties":{"id":1209778757,"rt":"rail","name":"","ref":"","usage":"main","gauge":"1067","electrified":"no","km":0.041}},
{"type":"Feature","geometry":{"type":"LineString","coordinates":[[35.68981,-14.96534],[35.68916,-14.96539],[35.67907,-14.96724],[35.6758,-14.96789],[35.67219,-14.96875],[35.67147,-14.96897]]},"properties":{"id":1209778759,"rt":"rail","name":"","ref":"","usage":"","gauge":"","electrified":"no","km":2.012}},
{"type":"Feature","geometry":{"type":"LineString","coordinates":[[35.87223,-14.97867],[35.87092,-14.97797]]},"properties":{"id":1209977017,"rt":"rail","name":"","ref":"","usage":"","gauge":"","electrified":"no","km":0.161}},
{"type":"Feature","geometry":{"type":"LineString","coordinates":[[35.87752,-14.98176],[35.87707,-14.98147],[35.87579,-14.98078],[35.86961,-14.9774],[35.86937,-14.9773],[35.86773,-14.97645],[35.86716,-14.97619],[35.8666,-14.97594],[35.86231,-14.97414],[35.8617,-14.97395]]},"properties":{"id":1209977018,"rt":"rail","name":"","ref":"","usage":"","gauge":"","electrified":"no","km":1.912}},
{"type":"Feature","geometry":{"type":"LineString","coordinates":[[35.1438,-16.55446],[35.14489,-16.55408],[35.1456,-16.55382]]},"properties":{"id":1216492208,"rt":"rail","name":"","ref":"","usage":"","gauge":"","electrified":"no","km":0.205}},
{"type":"Feature","geometry":{"type":"LineString","coordinates":[[35.17639,-16.52485],[35.17612,-16.52517],[35.17323,-16.52804],[35.17294,-16.52828]]},"properties":{"id":1216492209,"rt":"rail","name":"","ref":"","usage":"","gauge":"","electrified":"no","km":0.53}},
{"type":"Feature","geometry":{"type":"LineString","coordinates":[[35.26087,-16.40987],[35.26048,-16.41225],[35.26017,-16.41401],[35.26009,-16.41428],[35.25998,-16.41452],[35.25971,-16.41493]]},"properties":{"id":1216492212,"rt":"rail","name":"","ref":"","usage":"","gauge":"1067","electrified":"no","km":0.581}},
{"type":"Feature","geometry":{"type":"LineString","coordinates":[[35.26413,-16.36665],[35.26402,-16.36677],[35.26389,-16.36686],[35.26372,-16.36696],[35.26354,-16.36701],[35.26334,-16.36703],[35.26314,-16.36702],[35.26292,-16.36696],[35.26238,-16.36677],[35.26168,-16.36654],[35.26147,-16.3665],[35.26133,-16.3665],[35.26115,-16.36652],[35.26094,-16.36659],[35.26077,-16.36668],[35.26064,-16.36677],[35.2605,-16.36693],[35.25993,-16.36784],[35.25975,-16.36801],[35.25958,-16.36812],[35.25935,-16.36823],[35.25919,-16.36834],[35.25903,-16.36845],[35.25895,-16.36855],[35.25883,-16.36878],[35.25878,-16.36893],[35.25874,-16.36918],[35.2587,-16.36951],[35.25864,-16.36975],[35.25859,-16.36986],[35.25851,-16.36999],[35.25839,-16.3701],[35.25819,-16.37021],[35.25807,-16.37026],[35.25788,-16.37031],[35.25751,-16.37033],[35.25715,-16.37037],[35.25698,-16.37043],[35.25677,-16.37056],[35.25663,-16.37069],[35.25645,-16.37098],[35.25639,-16.37116],[35.25636,-16.37138],[35.2564,-16.37161],[35.25652,-16.37188],[35.25678,-16.37216],[35.25835,-16.37315],[35.25855,-16.37335],[35.2589,-16.37386],[35.25917,-16.37412],[35.26007,-16.37453],[35.26033,-16.37468],[35.26054,-16.3749],[35.26084,-16.37535],[35.26113,-16.37557],[35.26144,-16.37579],[35.26165,-16.37608],[35.26182,-16.37645],[35.26204,-16.37668],[35.26231,-16.37689],[35.26278,-16.37726],[35.26295,-16.37743],[35.26317,-16.37765],[35.26423,-16.37904],[35.2644,-16.37935],[35.26452,-16.37963]]},"properties":{"id":1216492213,"rt":"rail","name":"","ref":"","usage":"","gauge":"1067","electrified":"no","km":2.447}},
{"type":"Feature","geometry":{"type":"LineString","coordinates":[[35.26452,-16.37963],[35.26462,-16.37986]]},"properties":{"id":1216492214,"rt":"rail","name":"","ref":"","usage":"","gauge":"1067","electrified":"no","km":0.028}},
{"type":"Feature","geometry":{"type":"LineString","coordinates":[[35.29228,-16.24799],[35.29223,-16.24762],[35.29223,-16.24735],[35.29225,-16.2469],[35.29226,-16.24655],[35.29223,-16.24612],[35.29226,-16.24571],[35.29242,-16.24494],[35.29259,-16.24414],[35.29262,-16.24391],[35.29259,-16.24372],[35.29251,-16.24336],[35.2925,-16.24311],[35.29259,-16.24276],[35.29267,-16.24245],[35.29268,-16.24215],[35.29258,-16.24128],[35.29255,-16.24107],[35.29253,-16.24079],[35.29261,-16.24022],[35.29263,-16.2399],[35.29259,-16.23947],[35.29249,-16.23876],[35.29239,-16.23816],[35.29224,-16.23773],[35.29205,-16.23732],[35.29195,-16.23708],[35.29187,-16.23677],[35.29185,-16.23644],[35.29189,-16.23616],[35.29196,-16.23591],[35.29209,-16.23563],[35.29237,-16.23533],[35.29259,-16.23503],[35.29272,-16.23484],[35.29284,-16.23465],[35.29301,-16.23442],[35.29315,-16.23427]]},"properties":{"id":1216499178,"rt":"rail","name":"","ref":"","usage":"","gauge":"1067","electrified":"no","km":1.589}},
{"type":"Feature","geometry":{"type":"LineString","coordinates":[[35.29527,-16.25692],[35.29521,-16.25679]]},"properties":{"id":1216499179,"rt":"rail","name":"","ref":"","usage":"","gauge":"1067","electrified":"no","km":0.016}},
{"type":"Feature","geometry":{"type":"LineString","coordinates":[[35.29521,-16.25679],[35.2949,-16.25614],[35.29477,-16.25587],[35.29447,-16.25535],[35.29427,-16.25491],[35.29405,-16.25454],[35.29381,-16.25424],[35.29358,-16.25401],[35.29336,-16.25377],[35.2929,-16.25316],[35.29271,-16.25288],[35.2925,-16.25252],[35.2924,-16.25222],[35.29238,-16.252],[35.2924,-16.25177],[35.29247,-16.25147],[35.29257,-16.25111],[35.2926,-16.25097],[35.29259,-16.25081],[35.29253,-16.25049],[35.29246,-16.25016],[35.29244,-16.24987],[35.29245,-16.24935],[35.29246,-16.24893],[35.29244,-16.24867],[35.29233,-16.24821]]},"properties":{"id":1216499180,"rt":"rail","name":"","ref":"","usage":"","gauge":"1067","electrified":"no","km":1.046}},
{"type":"Feature","geometry":{"type":"LineString","coordinates":[[35.29233,-16.24821],[35.29228,-16.24799]]},"properties":{"id":1216499181,"rt":"rail","name":"","ref":"","usage":"","gauge":"1067","electrified":"no","km":0.025}},
{"type":"Feature","geometry":{"type":"LineString","coordinates":[[35.29834,-16.20811],[35.29849,-16.20847],[35.29864,-16.20869],[35.29884,-16.20885],[35.29925,-16.20905],[35.29954,-16.2092],[35.29976,-16.20933]]},"properties":{"id":1216499182,"rt":"rail","name":"","ref":"","usage":"","gauge":"1067","electrified":"no","km":0.212}},
{"type":"Feature","geometry":{"type":"LineString","coordinates":[[35.2983,-16.20803],[35.29834,-16.20811]]},"properties":{"id":1216499183,"rt":"rail","name":"","ref":"","usage":"","gauge":"1067","electrified":"no","km":0.01}},
{"type":"Feature","geometry":{"type":"LineString","coordinates":[[35.29329,-16.20402],[35.29369,-16.20415],[35.29394,-16.20425],[35.29419,-16.20438],[35.29611,-16.20561],[35.29641,-16.20575]]},"properties":{"id":1216499184,"rt":"rail","name":"","ref":"","usage":"","gauge":"","electrified":"no","km":0.386}},
{"type":"Feature","geometry":{"type":"LineString","coordinates":[[35.29369,-16.20415],[35.29393,-16.20428],[35.29418,-16.20441],[35.2958,-16.20545],[35.29611,-16.20561]]},"properties":{"id":1216499185,"rt":"rail","name":"","ref":"","usage":"","gauge":"","electrified":"no","km":0.305}},
{"type":"Feature","geometry":{"type":"LineString","coordinates":[[35.28849,-16.16058],[35.28687,-16.16294],[35.28658,-16.16344],[35.28521,-16.16676],[35.28508,-16.1672],[35.28503,-16.16761],[35.28499,-16.16828],[35.28493,-16.1698],[35.28469,-16.17089],[35.28447,-16.17246],[35.28437,-16.17293],[35.28405,-16.17428],[35.28378,-16.17512],[35.28366,-16.17551],[35.28365,-16.17588],[35.28373,-16.17673],[35.28376,-16.17756],[35.28373,-16.17791],[35.28364,-16.17831],[35.28346,-16.17865],[35.28327,-16.17889],[35.28248,-16.17949],[35.28214,-16.17971],[35.28172,-16.17986],[35.28137,-16.17999],[35.27993,-16.18076],[35.27957,-16.181],[35.27932,-16.18123],[35.2791,-16.18157],[35.27856,-16.18282],[35.27815,-16.18364],[35.27782,-16.18426],[35.27746,-16.18507],[35.27728,-16.1858],[35.27722,-16.18621],[35.2773,-16.18653],[35.27739,-16.18674],[35.27761,-16.187],[35.27784,-16.18724],[35.27808,-16.18746],[35.27828,-16.18761],[35.27864,-16.18784],[35.27896,-16.1881],[35.27959,-16.18879],[35.27991,-16.18915],[35.28035,-16.18956],[35.2808,-16.18997],[35.28137,-16.1904],[35.2816,-16.19055]]},"properties":{"id":1216502882,"rt":"rail","name":"","ref":"","usage":"","gauge":"1067","electrified":"no","km":3.937}},
{"type":"Feature","geometry":{"type":"LineString","coordinates":[[35.28855,-16.16047],[35.28849,-16.16058]]},"properties":{"id":1216502883,"rt":"rail","name":"","ref":"","usage":"","gauge":"1067","electrified":"no","km":0.014}},
{"type":"Feature","geometry":{"type":"LineString","coordinates":[[35.31698,-16.10348],[35.31677,-16.10366],[35.31661,-16.10385],[35.31596,-16.10496],[35.31577,-16.10528],[35.31573,-16.10552],[35.31575,-16.10573],[35.3158,-16.10597],[35.3159,-16.10615],[35.31605,-16.10632],[35.31612,-16.10636],[35.31626,-16.10646],[35.31689,-16.10688],[35.31716,-16.10705],[35.31851,-16.10799],[35.31866,-16.10819],[35.31885,-16.10839],[35.31895,-16.1085],[35.31899,-16.10853],[35.31906,-16.10859],[35.31913,-16.10865],[35.3193,-16.10874],[35.31949,-16.1088],[35.31999,-16.10882],[35.32024,-16.10884],[35.32036,-16.10886],[35.32049,-16.10889],[35.32124,-16.1092],[35.32161,-16.10936],[35.32221,-16.10967],[35.32315,-16.11032],[35.32419,-16.11084],[35.3245,-16.11105],[35.32526,-16.1117],[35.32544,-16.11194],[35.32567,-16.11236],[35.32583,-16.11254],[35.32608,-16.1127],[35.32657,-16.11288],[35.3269,-16.11308],[35.32714,-16.11339],[35.32739,-16.11415],[35.32744,-16.11443],[35.32738,-16.11477]]},"properties":{"id":1216502885,"rt":"rail","name":"","ref":"","usage":"","gauge":"1067","electrified":"no","km":1.981}},
{"type":"Feature","geometry":{"type":"LineString","coordinates":[[35.31716,-16.10332],[35.31698,-16.10348]]},"properties":{"id":1216502886,"rt":"rail","name":"","ref":"","usage":"","gauge":"1067","electrified":"no","km":0.026}},
{"type":"Feature","geometry":{"type":"LineString","coordinates":[[35.30705,-16.01177],[35.30695,-16.01148],[35.30688,-16.01123],[35.30618,-16.00826],[35.30616,-16.00803]]},"properties":{"id":1216507921,"rt":"rail","name":"","ref":"","usage":"","gauge":"","electrified":"no","km":0.427}},
{"type":"Feature","geometry":{"type":"LineString","coordinates":[[35.30695,-16.01148],[35.30686,-16.0113],[35.3068,-16.01107],[35.30622,-16.00856],[35.30618,-16.00826]]},"properties":{"id":1216507922,"rt":"rail","name":"","ref":"","usage":"","gauge":"","electrified":"no","km":0.368}},
{"type":"Feature","geometry":{"type":"LineString","coordinates":[[35.30622,-16.00856],[35.30628,-16.00901],[35.3067,-16.01079],[35.3068,-16.01107]]},"properties":{"id":1216507923,"rt":"rail","name":"","ref":"","usage":"","gauge":"","electrified":"no","km":0.286}},
{"type":"Feature","geometry":{"type":"LineString","coordinates":[[35.30607,-16.00829],[35.30628,-16.00901]]},"properties":{"id":1216507924,"rt":"rail","name":"","ref":"","usage":"","gauge":"","electrified":"no","km":0.083}},
{"type":"Feature","geometry":{"type":"LineString","coordinates":[[35.27811,-15.98384],[35.27781,-15.98322],[35.27732,-15.98233],[35.27662,-15.98133],[35.27629,-15.98105],[35.27592,-15.98077],[35.2757,-15.9805],[35.27559,-15.98021],[35.27555,-15.97988],[35.27553,-15.97953],[35.27541,-15.97914],[35.27519,-15.97873],[35.27493,-15.97835],[35.2746,-15.97798],[35.27424,-15.97769],[35.27376,-15.97744],[35.27336,-15.97723],[35.27298,-15.97695],[35.27271,-15.97664],[35.27245,-15.97616]]},"properties":{"id":1216571965,"rt":"rail","name":"","ref":"","usage":"","gauge":"1067","electrified":"no","km":1.083}},
{"type":"Feature","geometry":{"type":"LineString","coordinates":[[35.27245,-15.97616],[35.2724,-15.97605]]},"properties":{"id":1216571966,"rt":"rail","name":"","ref":"","usage":"","gauge":"1067","electrified":"no","km":0.013}},
{"type":"Feature","geometry":{"type":"LineString","coordinates":[[35.25856,-15.9478],[35.25846,-15.94747],[35.25846,-15.94716],[35.25852,-15.94678],[35.25858,-15.94646],[35.25866,-15.94591],[35.25867,-15.94533],[35.25866,-15.94447],[35.2586,-15.94408],[35.25841,-15.94318],[35.25821,-15.94228],[35.25799,-15.94157],[35.25782,-15.94118],[35.25755,-15.94068],[35.25689,-15.93959],[35.256,-15.93811],[35.25561,-15.93758],[35.25521,-15.93716],[35.25494,-15.93684],[35.25482,-15.9366],[35.25479,-15.93642],[35.2548,-15.93615],[35.25483,-15.93595]]},"properties":{"id":1216571967,"rt":"rail","name":"","ref":"","usage":"","gauge":"1067","electrified":"no","km":1.428}},
{"type":"Feature","geometry":{"type":"LineString","coordinates":[[35.25483,-15.93595],[35.25485,-15.93583]]},"properties":{"id":1216571968,"rt":"rail","name":"","ref":"","usage":"","gauge":"1067","electrified":"no","km":0.014}},
{"type":"Feature","geometry":{"type":"LineString","coordinates":[[35.21254,-15.89363],[35.21206,-15.8936],[35.21173,-15.8935],[35.21145,-15.89334],[35.21126,-15.89312],[35.21117,-15.89291],[35.211,-15.89252],[35.2108,-15.89211],[35.21056,-15.89181],[35.21023,-15.89153],[35.21012,-15.89146],[35.20992,-15.89136],[35.2097,-15.89129],[35.20947,-15.89124],[35.20925,-15.89121],[35.20876,-15.89122],[35.20617,-15.89128],[35.20586,-15.89128],[35.20566,-15.89124],[35.20529,-15.89111],[35.20493,-15.89093],[35.2048,-15.89087],[35.20333,-15.89023],[35.20249,-15.88985],[35.20218,-15.88971],[35.20184,-15.88954],[35.20167,-15.88941],[35.20156,-15.88931],[35.20139,-15.88911],[35.20037,-15.8876],[35.19999,-15.88705],[35.19989,-15.88686],[35.19985,-15.88676],[35.19978,-15.88654],[35.19975,-15.88638],[35.19974,-15.88623],[35.19978,-15.88585]]},"properties":{"id":1216571969,"rt":"rail","name":"","ref":"","usage":"","gauge":"1067","electrified":"no","km":1.794}},
{"type":"Feature","geometry":{"type":"LineString","coordinates":[[35.21271,-15.89364],[35.21254,-15.89363]]},"properties":{"id":1216571970,"rt":"rail","name":"","ref":"","usage":"","gauge":"1067","electrified":"no","km":0.018}},
{"type":"Feature","geometry":{"type":"LineString","coordinates":[[35.20037,-15.8876],[35.2005,-15.88784],[35.20133,-15.88908],[35.20153,-15.88934],[35.20173,-15.88951],[35.20195,-15.88962],[35.20218,-15.88971]]},"properties":{"id":1216571971,"rt":"rail","name":"","ref":"","usage":"","gauge":"","electrified":"no","km":0.312}},
{"type":"Feature","geometry":{"type":"LineString","coordinates":[[35.0622,-15.81454],[35.06214,-15.81486],[35.062,-15.81745],[35.06203,-15.81768]]},"properties":{"id":1216745994,"rt":"rail","name":"","ref":"","usage":"","gauge":"","electrified":"no","km":0.35}},
{"type":"Feature","geometry":{"type":"LineString","coordinates":[[35.06204,-15.81865],[35.06213,-15.81898],[35.06217,-15.81915],[35.06221,-15.81928],[35.06229,-15.81943],[35.06236,-15.81958],[35.0625,-15.8198],[35.06258,-15.81989],[35.06268,-15.82002],[35.06285,-15.82018],[35.06296,-15.82025],[35.06307,-15.82033],[35.06323,-15.82044],[35.06372,-15.82079],[35.06424,-15.82117],[35.06458,-15.82141],[35.06487,-15.82165]]},"properties":{"id":1216745995,"rt":"rail","name":"","ref":"","usage":"","gauge":"","electrified":"no","km":0.466}},
{"type":"Feature","geometry":{"type":"LineString","coordinates":[[35.06213,-15.81898],[35.06209,-15.81873],[35.06205,-15.81852],[35.06204,-15.81831],[35.06208,-15.81746],[35.06218,-15.81557],[35.06223,-15.81464],[35.06225,-15.81444],[35.0623,-15.81422],[35.06236,-15.81405],[35.06243,-15.81386],[35.06256,-15.81357],[35.06285,-15.81307],[35.06292,-15.8129]]},"properties":{"id":1216745996,"rt":"rail","name":"","ref":"","usage":"","gauge":"","electrified":"no","km":0.693}},
{"type":"Feature","geometry":{"type":"LineString","coordinates":[[35.06226,-15.81708],[35.06221,-15.81797],[35.0622,-15.81816],[35.0622,-15.81836],[35.06222,-15.81854],[35.06237,-15.81919],[35.06244,-15.81936],[35.06256,-15.81955],[35.06271,-15.81977],[35.06285,-15.81997],[35.06291,-15.82006],[35.063,-15.82018],[35.06307,-15.82028],[35.06323,-15.82044]]},"properties":{"id":1216745997,"rt":"rail","name":"","ref":"","usage":"","gauge":"","electrified":"no","km":0.404}},
{"type":"Feature","geometry":{"type":"LineString","coordinates":[[35.06243,-15.81437],[35.06246,-15.8146],[35.06234,-15.81624],[35.06232,-15.81664],[35.06227,-15.81767],[35.06227,-15.81791],[35.06228,-15.81806],[35.06228,-15.81819],[35.06228,-15.81829],[35.06228,-15.81836],[35.06228,-15.8185],[35.06228,-15.81861],[35.06241,-15.81909],[35.06244,-15.81921],[35.06251,-15.81941],[35.06259,-15.81954],[35.06271,-15.81977]]},"properties":{"id":1216745998,"rt":"rail","name":"","ref":"","usage":"","gauge":"","electrified":"no","km":0.61}},
{"type":"Feature","geometry":{"type":"LineString","coordinates":[[35.06234,-15.81709],[35.06228,-15.81819]]},"properties":{"id":1216746000,"rt":"rail","name":"","ref":"","usage":"","gauge":"","electrified":"no","km":0.122}},
{"type":"Feature","geometry":{"type":"LineString","coordinates":[[35.0624,-15.81812],[35.06247,-15.8183]]},"properties":{"id":1216746002,"rt":"rail","name":"","ref":"","usage":"","gauge":"","electrified":"no","km":0.021}},
{"type":"Feature","geometry":{"type":"LineString","coordinates":[[35.06244,-15.81831],[35.06241,-15.81889],[35.06241,-15.81909]]},"properties":{"id":1216746003,"rt":"rail","name":"","ref":"","usage":"","gauge":"","electrified":"no","km":0.087}},
{"type":"Feature","geometry":{"type":"LineString","coordinates":[[35.06228,-15.81836],[35.06231,-15.81819],[35.06233,-15.81812],[35.06239,-15.81786],[35.06242,-15.81774],[35.06243,-15.81749],[35.06246,-15.81694],[35.06249,-15.81669],[35.06253,-15.81646],[35.06255,-15.8163]]},"properties":{"id":1216746004,"rt":"rail","name":"","ref":"","usage":"","gauge":"","electrified":"no","km":0.231}},
{"type":"Feature","geometry":{"type":"LineString","coordinates":[[35.0622,-15.8138],[35.06214,-15.81486]]},"properties":{"id":1216746005,"rt":"rail","name":"","ref":"","usage":"","gauge":"","electrified":"no","km":0.118}},
{"type":"Feature","geometry":{"type":"LineString","coordinates":[[35.06326,-15.81297],[35.06311,-15.81303],[35.06297,-15.81312],[35.06286,-15.81321],[35.06274,-15.81333],[35.06266,-15.81344],[35.06256,-15.81357]]},"properties":{"id":1216746006,"rt":"rail","name":"","ref":"","usage":"","gauge":"","electrified":"no","km":0.102}},
{"type":"Feature","geometry":{"type":"LineString","coordinates":[[35.06252,-15.81412],[35.06246,-15.81557]]},"properties":{"id":1216746007,"rt":"rail","name":"","ref":"","usage":"","gauge":"","electrified":"no","km":0.161}},
{"type":"Feature","geometry":{"type":"LineString","coordinates":[[35.06255,-15.8163],[35.0626,-15.8161],[35.06263,-15.81601],[35.06265,-15.81592],[35.06268,-15.81568],[35.06275,-15.81439]]},"properties":{"id":1216746008,"rt":"rail","name":"","ref":"","usage":"","gauge":"","electrified":"no","km":0.214}},
{"type":"Feature","geometry":{"type":"LineString","coordinates":[[35.0626,-15.8161],[35.06262,-15.81594],[35.06269,-15.81466],[35.06271,-15.81456],[35.06275,-15.81439],[35.06275,-15.81431],[35.06274,-15.81417],[35.06271,-15.81402],[35.06269,-15.8139],[35.06269,-15.81378],[35.06271,-15.81364],[35.06275,-15.81352],[35.0628,-15.81341],[35.06286,-15.81331]]},"properties":{"id":1216746009,"rt":"rail","name":"","ref":"","usage":"","gauge":"","electrified":"no","km":0.315}},
{"type":"Feature","geometry":{"type":"LineString","coordinates":[[35.06282,-15.8145],[35.06287,-15.81469],[35.06288,-15.81482],[35.06289,-15.81496],[35.06284,-15.81537],[35.06281,-15.81548],[35.06275,-15.81563]]},"properties":{"id":1216746010,"rt":"rail","name":"","ref":"","usage":"","gauge":"","electrified":"no","km":0.128}},
{"type":"Feature","geometry":{"type":"LineString","coordinates":[[35.063,-15.81409],[35.06298,-15.81433],[35.06292,-15.8146]]},"properties":{"id":1216746011,"rt":"rail","name":"","ref":"","usage":"","gauge":"","electrified":"no","km":0.057}},
{"type":"Feature","geometry":{"type":"LineString","coordinates":[[35.06309,-15.81738],[35.0632,-15.81571],[35.06319,-15.81544],[35.06322,-15.81493],[35.06328,-15.81468],[35.06336,-15.81449],[35.06343,-15.81436],[35.06347,-15.81431]]},"properties":{"id":1216746013,"rt":"rail","name":"","ref":"","usage":"","gauge":"","electrified":"no","km":0.348}},
{"type":"Feature","geometry":{"type":"LineString","coordinates":[[35.06445,-15.81642],[35.06434,-15.8164],[35.06418,-15.81638],[35.06391,-15.81641],[35.0637,-15.81647],[35.06357,-15.81654],[35.06343,-15.81664],[35.0633,-15.81679],[35.0632,-15.81695],[35.06315,-15.81707],[35.06309,-15.81738]]},"properties":{"id":1216746015,"rt":"rail","name":"","ref":"","usage":"","gauge":"","electrified":"no","km":0.208}},
{"type":"Feature","geometry":{"type":"LineString","coordinates":[[35.06271,-15.81966],[35.06262,-15.81946],[35.06258,-15.81932],[35.06256,-15.81916],[35.06256,-15.81899],[35.0626,-15.81835],[35.06268,-15.81693]]},"properties":{"id":1216746016,"rt":"rail","name":"","ref":"","usage":"","gauge":"","electrified":"no","km":0.307}},
{"type":"Feature","geometry":{"type":"LineString","coordinates":[[35.06258,-15.81805],[35.06255,-15.81762],[35.06257,-15.81714],[35.06261,-15.81619]]},"properties":{"id":1216746017,"rt":"rail","name":"","ref":"","usage":"","gauge":"","electrified":"no","km":0.207}},
{"type":"Feature","geometry":{"type":"LineString","coordinates":[[35.0627,-15.81575],[35.06265,-15.81612],[35.06263,-15.81677],[35.0626,-15.8174]]},"properties":{"id":1216746018,"rt":"rail","name":"","ref":"","usage":"","gauge":"","electrified":"no","km":0.184}},
{"type":"Feature","geometry":{"type":"LineString","coordinates":[[35.06253,-15.81646],[35.06252,-15.81669],[35.06257,-15.81714]]},"properties":{"id":1216746019,"rt":"rail","name":"","ref":"","usage":"","gauge":"","electrified":"no","km":0.076}},
{"type":"Feature","geometry":{"type":"LineString","coordinates":[[35.06252,-15.81669],[35.06244,-15.81811]]},"properties":{"id":1216746020,"rt":"rail","name":"","ref":"","usage":"","gauge":"","electrified":"no","km":0.158}},
{"type":"Feature","geometry":{"type":"LineString","coordinates":[[35.06294,-15.81695],[35.06282,-15.81877],[35.0628,-15.81907]]},"properties":{"id":1216746021,"rt":"rail","name":"","ref":"","usage":"","gauge":"","electrified":"no","km":0.236}},
{"type":"Feature","geometry":{"type":"LineString","coordinates":[[35.06287,-15.81851],[35.06295,-15.8177],[35.06303,-15.81651],[35.0631,-15.8162]]},"properties":{"id":1216746022,"rt":"rail","name":"","ref":"","usage":"","gauge":"","electrified":"no","km":0.258}},
{"type":"Feature","geometry":{"type":"LineString","coordinates":[[35.06319,-15.81721],[35.06336,-15.81967],[35.06339,-15.81995],[35.06344,-15.82015],[35.06351,-15.82035],[35.06358,-15.82048],[35.06365,-15.8206],[35.06376,-15.82071],[35.06399,-15.82094]]},"properties":{"id":1216746023,"rt":"rail","name":"","ref":"","usage":"","gauge":"","electrified":"no","km":0.436}},
{"type":"Feature","geometry":{"type":"LineString","coordinates":[[35.06317,-15.81761],[35.06333,-15.81973],[35.06336,-15.81998],[35.06343,-15.82025],[35.06351,-15.82045],[35.06366,-15.82067],[35.06378,-15.82078],[35.06399,-15.82094],[35.06424,-15.82117]]},"properties":{"id":1216746024,"rt":"rail","name":"","ref":"","usage":"","gauge":"","electrified":"no","km":0.432}},
{"type":"Feature","geometry":{"type":"LineString","coordinates":[[35.06223,-15.81682],[35.06228,-15.81657],[35.0624,-15.8148],[35.06243,-15.81437],[35.06244,-15.81407],[35.0625,-15.81384],[35.06257,-15.8137],[35.06266,-15.81357],[35.06275,-15.81346]]},"properties":{"id":1216746025,"rt":"rail","name":"","ref":"","usage":"","gauge":"","electrified":"no","km":0.383}},
{"type":"Feature","geometry":{"type":"LineString","coordinates":[[35.01746,-15.7884],[35.01712,-15.78834],[35.01484,-15.78771],[35.01457,-15.78759]]},"properties":{"id":1216761843,"rt":"rail","name":"","ref":"","usage":"","gauge":"","electrified":"no","km":0.323}},
{"type":"Feature","geometry":{"type":"LineString","coordinates":[[35.03202,-15.79343],[35.03119,-15.79349],[35.03054,-15.79345],[35.03014,-15.79332],[35.02983,-15.79313],[35.02964,-15.7929],[35.02951,-15.79268],[35.0294,-15.79238],[35.02934,-15.79221],[35.02915,-15.79085]]},"properties":{"id":1216761845,"rt":"rail","name":"","ref":"","usage":"","gauge":"","electrified":"no","km":0.512}},
{"type":"Feature","geometry":{"type":"LineString","coordinates":[[35.02934,-15.79221],[35.02944,-15.79268],[35.02954,-15.79289]]},"properties":{"id":1216761846,"rt":"rail","name":"","ref":"","usage":"","gauge":"","electrified":"no","km":0.079}},
{"type":"Feature","geometry":{"type":"LineString","coordinates":[[35.02448,-15.79178],[35.02417,-15.79176]]},"properties":{"id":1216761847,"rt":"rail","name":"","ref":"","usage":"","gauge":"","electrified":"no","km":0.033}},
{"type":"Feature","geometry":{"type":"LineString","coordinates":[[35.02495,-15.79187],[35.02541,-15.7919]]},"properties":{"id":1216761848,"rt":"rail","name":"","ref":"","usage":"","gauge":"","electrified":"no","km":0.049}},
{"type":"Feature","geometry":{"type":"LineString","coordinates":[[35.02317,-15.78782],[35.0233,-15.78772],[35.02341,-15.78765],[35.0236,-15.78758],[35.02451,-15.78737]]},"properties":{"id":1216761849,"rt":"rail","name":"","ref":"","usage":"","gauge":"","electrified":"no","km":0.154}},
{"type":"Feature","geometry":{"type":"LineString","coordinates":[[35.02293,-15.7888],[35.02268,-15.7896],[35.02265,-15.78977],[35.02264,-15.78993],[35.02263,-15.79015]]},"properties":{"id":1216761851,"rt":"rail","name":"","ref":"","usage":"","gauge":"","electrified":"no","km":0.154}},
{"type":"Feature","geometry":{"type":"LineString","coordinates":[[35.02724,-15.73921],[35.02777,-15.73919],[35.02804,-15.73919],[35.02828,-15.73923],[35.02845,-15.73926],[35.02871,-15.73929]]},"properties":{"id":1216814860,"rt":"rail","name":"","ref":"","usage":"","gauge":"","electrified":"no","km":0.158}},
{"type":"Feature","geometry":{"type":"LineString","coordinates":[[35.02723,-15.73924],[35.02778,-15.73922],[35.02805,-15.73922],[35.02824,-15.73925],[35.02839,-15.73928],[35.02852,-15.7393],[35.0287,-15.73932],[35.02894,-15.73935]]},"properties":{"id":1216814861,"rt":"rail","name":"","ref":"","usage":"","gauge":"","electrified":"no","km":0.184}},
{"type":"Feature","geometry":{"type":"LineString","coordinates":[[35.03072,-15.53317],[35.03094,-15.53285],[35.03126,-15.53242],[35.03239,-15.53098],[35.03278,-15.53047],[35.03302,-15.53018],[35.03331,-15.52988]]},"properties":{"id":1216816199,"rt":"rail","name":"","ref":"","usage":"","gauge":"","electrified":"no","km":0.46}},
{"type":"Feature","geometry":{"type":"LineString","coordinates":[[35.03278,-15.53047],[35.03248,-15.53079],[35.03231,-15.53101],[35.03147,-15.53208],[35.03126,-15.53242]]},"properties":{"id":1216816200,"rt":"rail","name":"","ref":"","usage":"","gauge":"","electrified":"no","km":0.272}},
{"type":"Feature","geometry":{"type":"LineString","coordinates":[[35.05374,-15.41297],[35.0537,-15.41353],[35.05357,-15.41425],[35.05267,-15.41953],[35.05249,-15.42025]]},"properties":{"id":1217036959,"rt":"rail","name":"","ref":"","usage":"","gauge":"","electrified":"no","km":0.821}},
{"type":"Feature","geometry":{"type":"LineString","coordinates":[[35.07429,-15.34076],[35.0747,-15.33956],[35.07553,-15.3377],[35.07661,-15.33533],[35.07662,-15.33531],[35.0777,-15.33286],[35.07863,-15.33084]]},"properties":{"id":1217051058,"rt":"rail","name":"","ref":"","usage":"main","gauge":"1067","electrified":"no","km":1.198}},
{"type":"Feature","geometry":{"type":"LineString","coordinates":[[35.07425,-15.3409],[35.07429,-15.34076]]},"properties":{"id":1217051059,"rt":"rail","name":"","ref":"","usage":"main","gauge":"1067","electrified":"no","km":0.016}},
{"type":"Feature","geometry":{"type":"LineString","coordinates":[[35.02454,-15.11995],[35.02406,-15.11932],[35.02089,-15.11402],[35.02014,-15.11276],[35.01955,-15.11166],[35.01897,-15.11042],[35.01848,-15.10915],[35.01816,-15.10822],[35.01773,-15.1071],[35.01731,-15.10615],[35.01695,-15.10544],[35.01641,-15.10445],[35.01628,-15.10421],[35.01595,-15.10345]]},"properties":{"id":1217051062,"rt":"rail","name":"","ref":"","usage":"","gauge":"","electrified":"no","km":2.06}},
{"type":"Feature","geometry":{"type":"LineString","coordinates":[[34.85579,-14.8255],[34.85471,-14.82478],[34.84789,-14.82022],[34.84728,-14.8198],[34.84672,-14.81936],[34.84638,-14.81894],[34.84525,-14.81744],[34.84397,-14.81568],[34.84349,-14.8147],[34.84207,-14.81099],[34.83996,-14.80536],[34.83898,-14.80277],[34.83676,-14.79689]]},"properties":{"id":1217084550,"rt":"rail","name":"","ref":"","usage":"main","gauge":"1067","electrified":"no","km":3.924}},
{"type":"Feature","geometry":{"type":"LineString","coordinates":[[34.83676,-14.79689],[34.83669,-14.79668]]},"properties":{"id":1217084551,"rt":"rail","name":"","ref":"","usage":"main","gauge":"1067","electrified":"no","km":0.025}},
{"type":"Feature","geometry":{"type":"LineString","coordinates":[[34.73335,-14.60638],[34.73288,-14.60623],[34.73107,-14.6055],[34.72951,-14.60486],[34.72911,-14.60466]]},"properties":{"id":1217084553,"rt":"rail","name":"","ref":"","usage":"","gauge":"","electrified":"no","km":0.495}},
{"type":"Feature","geometry":{"type":"LineString","coordinates":[[34.67395,-14.51575],[34.67408,-14.51598],[34.67431,-14.51636],[34.6747,-14.517],[34.67504,-14.51794],[34.67519,-14.51884],[34.67548,-14.52383],[34.67559,-14.52492],[34.67561,-14.52516],[34.67574,-14.52709],[34.67605,-14.53121],[34.67612,-14.53164],[34.67626,-14.53202],[34.6765,-14.53238],[34.67673,-14.53263],[34.6768,-14.5327],[34.67929,-14.53442]]},"properties":{"id":1217087785,"rt":"rail","name":"","ref":"","usage":"main","gauge":"1067","electrified":"no","km":2.27}},
{"type":"Feature","geometry":{"type":"LineString","coordinates":[[34.6739,-14.51567],[34.67395,-14.51575]]},"properties":{"id":1217087786,"rt":"rail","name":"","ref":"","usage":"main","gauge":"1067","electrified":"no","km":0.01}},
{"type":"Feature","geometry":{"type":"LineString","coordinates":[[34.46215,-13.7799],[34.46217,-13.78017],[34.46212,-13.78152],[34.46203,-13.78402],[34.46198,-13.78428]]},"properties":{"id":1217104748,"rt":"rail","name":"","ref":"","usage":"","gauge":"","electrified":"no","km":0.488}},
{"type":"Feature","geometry":{"type":"LineString","coordinates":[[34.46224,-13.78047],[34.46222,-13.78087],[34.46222,-13.78099],[34.46213,-13.78328],[34.46213,-13.78338],[34.46203,-13.78402]]},"properties":{"id":1217104749,"rt":"rail","name":"","ref":"","usage":"","gauge":"","electrified":"no","km":0.396}},
{"type":"Feature","geometry":{"type":"LineString","coordinates":[[34.46202,-13.78314],[34.46196,-13.78362],[34.46183,-13.7871],[34.46185,-13.78752]]},"properties":{"id":1217104751,"rt":"rail","name":"","ref":"","usage":"","gauge":"","electrified":"no","km":0.488}},
{"type":"Feature","geometry":{"type":"LineString","coordinates":[[34.46204,-13.78266],[34.46195,-13.78325],[34.46193,-13.78362],[34.46186,-13.78554],[34.46181,-13.78582],[34.46174,-13.78724],[34.46173,-13.78738]]},"properties":{"id":1217104752,"rt":"rail","name":"","ref":"","usage":"","gauge":"","electrified":"no","km":0.526}},
{"type":"Feature","geometry":{"type":"LineString","coordinates":[[34.46195,-13.78325],[34.46188,-13.78365],[34.46181,-13.78582]]},"properties":{"id":1217104753,"rt":"rail","name":"","ref":"","usage":"","gauge":"","electrified":"no","km":0.287}},
{"type":"Feature","geometry":{"type":"LineString","coordinates":[[34.46186,-13.78554],[34.46178,-13.78701],[34.46174,-13.78724]]},"properties":{"id":1217104755,"rt":"rail","name":"","ref":"","usage":"","gauge":"","electrified":"no","km":0.19}},
{"type":"Feature","geometry":{"type":"LineString","coordinates":[[34.46229,-13.78271],[34.4624,-13.78259],[34.4625,-13.78247],[34.46266,-13.78233],[34.46285,-13.78221],[34.46307,-13.78213],[34.4633,-13.78209],[34.46371,-13.78207],[34.46431,-13.78212]]},"properties":{"id":1217104756,"rt":"rail","name":"","ref":"","usage":"","gauge":"1067","electrified":"no","km":0.243}},
{"type":"Feature","geometry":{"type":"LineString","coordinates":[[34.46213,-13.78328],[34.4622,-13.78299],[34.46225,-13.7828],[34.46229,-13.78271],[34.46234,-13.78247],[34.46237,-13.78162],[34.46235,-13.78144],[34.46231,-13.78124]]},"properties":{"id":1217104757,"rt":"rail","name":"","ref":"","usage":"","gauge":"","electrified":"no","km":0.23}},
{"type":"Feature","geometry":{"type":"LineString","coordinates":[[34.46222,-13.78099],[34.46212,-13.78152]]},"properties":{"id":1217104758,"rt":"rail","name":"","ref":"","usage":"","gauge":"","electrified":"no","km":0.06}},
{"type":"Feature","geometry":{"type":"LineString","coordinates":[[34.045,-13.78083],[34.04529,-13.78075],[34.04555,-13.78065],[34.04587,-13.78056],[34.04624,-13.7805],[34.04664,-13.78049],[34.04707,-13.78055],[34.04758,-13.78072],[34.0513,-13.78249],[34.05183,-13.7827]]},"properties":{"id":1217115774,"rt":"rail","name":"","ref":"","usage":"","gauge":"","electrified":"no","km":0.797}},
{"type":"Feature","geometry":{"type":"LineString","coordinates":[[34.05038,-13.78201],[34.05017,-13.78186],[34.04954,-13.78157]]},"properties":{"id":1217115775,"rt":"rail","name":"","ref":"","usage":"","gauge":"","electrified":"no","km":0.103}},
{"type":"Feature","geometry":{"type":"LineString","coordinates":[[35.20656,-17.00579],[35.20654,-17.00661],[35.2065,-17.00799],[35.20649,-17.00918],[35.20649,-17.00927],[35.20638,-17.01153],[35.20634,-17.01397],[35.20634,-17.01405],[35.20626,-17.01617]]},"properties":{"id":1233822506,"rt":"rail","name":"","ref":"","usage":"","gauge":"1067","electrified":"no","km":1.155}},
{"type":"Feature","geometry":{"type":"LineString","coordinates":[[35.20502,-17.05894],[35.20492,-17.06303],[35.20492,-17.06316]]},"properties":{"id":1243688873,"rt":"rail","name":"","ref":"","usage":"","gauge":"1067","electrified":"no","km":0.469}},
{"type":"Feature","geometry":{"type":"LineString","coordinates":[[35.1084,-15.85619],[35.10799,-15.85622],[35.10782,-15.85624],[35.10762,-15.85629],[35.10741,-15.85637],[35.10721,-15.85649],[35.10704,-15.85662],[35.10686,-15.85681],[35.10678,-15.85693],[35.10672,-15.85707],[35.10659,-15.8575],[35.10655,-15.85761],[35.1065,-15.85776],[35.10639,-15.85791],[35.10629,-15.85802],[35.10616,-15.85812],[35.10604,-15.8582],[35.10594,-15.85825],[35.10582,-15.85829],[35.10567,-15.85835],[35.10555,-15.85836],[35.10541,-15.85838],[35.10523,-15.85838],[35.10507,-15.85837],[35.10492,-15.85834],[35.10478,-15.85829],[35.10458,-15.8582]]},"properties":{"id":1278498707,"rt":"rail","name":"","ref":"","usage":"","gauge":"1067","electrified":"no","km":0.532}},
{"type":"Feature","geometry":{"type":"LineString","coordinates":[[35.2069,-16.99445],[35.20689,-16.99492]]},"properties":{"id":1315281028,"rt":"rail","name":"","ref":"","usage":"","gauge":"1067","electrified":"no","km":0.052}},
{"type":"Feature","geometry":{"type":"LineString","coordinates":[[35.16975,-16.53144],[35.16997,-16.53123],[35.1705,-16.53069],[35.17209,-16.52913],[35.17294,-16.52828],[35.17639,-16.52485],[35.17647,-16.52477],[35.17831,-16.52294],[35.18003,-16.52123],[35.18146,-16.51983],[35.18248,-16.51883],[35.18352,-16.51779],[35.18565,-16.51567],[35.18725,-16.51408],[35.18757,-16.51376],[35.19019,-16.51118],[35.19062,-16.51075],[35.1994,-16.50207],[35.19979,-16.50172],[35.20035,-16.50135],[35.20101,-16.50103],[35.20175,-16.5007],[35.2042,-16.49959],[35.20615,-16.4987],[35.2092,-16.49733],[35.21218,-16.49597],[35.21396,-16.49518]]},"properties":{"id":1315281029,"rt":"rail","name":"","ref":"","usage":"","gauge":"","electrified":"no","km":6.28}},
{"type":"Feature","geometry":{"type":"LineString","coordinates":[[35.21396,-16.49518],[35.21438,-16.49499]]},"properties":{"id":1315281030,"rt":"rail","name":"","ref":"","usage":"","gauge":"","electrified":"no","km":0.05}},
{"type":"Feature","geometry":{"type":"LineString","coordinates":[[35.20527,-17.05123],[35.20527,-17.05139]]},"properties":{"id":1315281031,"rt":"rail","name":"","ref":"","usage":"","gauge":"1067","electrified":"no","km":0.018}},
{"type":"Feature","geometry":{"type":"LineString","coordinates":[[35.20527,-17.05139],[35.20526,-17.05147]]},"properties":{"id":1315281032,"rt":"rail","name":"","ref":"","usage":"","gauge":"1067","electrified":"no","km":0.009}},
{"type":"Feature","geometry":{"type":"LineString","coordinates":[[35.14604,-16.55366],[35.14648,-16.5535],[35.14678,-16.55339]]},"properties":{"id":1315281036,"rt":"rail","name":"","ref":"","usage":"","gauge":"","electrified":"no","km":0.084}},
{"type":"Feature","geometry":{"type":"LineString","coordinates":[[35.1456,-16.55382],[35.14604,-16.55366]]},"properties":{"id":1315281037,"rt":"rail","name":"","ref":"","usage":"","gauge":"","electrified":"no","km":0.05}},
{"type":"Feature","geometry":{"type":"LineString","coordinates":[[35.16835,-14.8708],[35.16838,-14.87072],[35.16837,-14.87057],[35.16837,-14.87047],[35.16838,-14.87043]]},"properties":{"id":1365725552,"rt":"narrow_gauge","name":"","ref":"","usage":"","gauge":"","electrified":"no","km":0.042}},
{"type":"Feature","geometry":{"type":"LineString","coordinates":[[34.25196,-13.37921],[34.25153,-13.37896]]},"properties":{"id":1527218374,"rt":"light_rail","name":"","ref":"","usage":"","gauge":"","electrified":"no","km":0.054}},
{"type":"Feature","geometry":{"type":"LineString","coordinates":[[35.20699,-16.99059],[35.2069,-16.99445]]},"properties":{"id":1559318381,"rt":"rail","name":"","ref":"","usage":"","gauge":"1067","electrified":"no","km":0.429}},
{"type":"Feature","geometry":{"type":"LineString","coordinates":[[35.207,-16.99049],[35.20699,-16.99059]]},"properties":{"id":1559318382,"rt":"rail","name":"","ref":"","usage":"","gauge":"1067","electrified":"no","km":0.011}},
{"type":"Feature","geometry":{"type":"LineString","coordinates":[[35.20429,-17.08453],[35.2043,-17.08428]]},"properties":{"id":1559318386,"rt":"rail","name":"","ref":"","usage":"","gauge":"1067","electrified":"no","km":0.028}},
{"type":"Feature","geometry":{"type":"LineString","coordinates":[[35.1937,-17.13028],[35.19426,-17.1282]]},"properties":{"id":1559332775,"rt":"rail","name":"","ref":"","usage":"","gauge":"1067","electrified":"no","km":0.239}},
{"type":"Feature","geometry":{"type":"LineString","coordinates":[[34.59013,-14.39464],[34.59019,-14.39345],[34.5902,-14.39312],[34.59018,-14.39291],[34.59013,-14.39273]]},"properties":{"id":1560771939,"rt":"rail","name":"","ref":"","usage":"main","gauge":"1067","electrified":"no","km":0.213}},
{"type":"Feature","geometry":{"type":"LineString","coordinates":[[34.59013,-14.39467],[34.59013,-14.39464]]},"properties":{"id":1560771940,"rt":"rail","name":"","ref":"","usage":"main","gauge":"1067","electrified":"no","km":0.003}},
{"type":"Feature","geometry":{"type":"LineString","coordinates":[[34.59013,-14.39273],[34.59011,-14.39262]]},"properties":{"id":1560771942,"rt":"rail","name":"","ref":"","usage":"main","gauge":"1067","electrified":"no","km":0.012}},
{"type":"Feature","geometry":{"type":"LineString","coordinates":[[34.59168,-14.39649],[34.59138,-14.39651],[34.59117,-14.39651],[34.59094,-14.39644],[34.59076,-14.39636],[34.59063,-14.39626],[34.59049,-14.39613],[34.59035,-14.39598],[34.59025,-14.3958],[34.59016,-14.3956],[34.59012,-14.39539],[34.59011,-14.39517],[34.59013,-14.39467]]},"properties":{"id":1560771943,"rt":"rail","name":"","ref":"","usage":"main","gauge":"1067","electrified":"no","km":0.314}},
{"type":"Feature","geometry":{"type":"LineString","coordinates":[[35.18136,-17.17631],[35.18195,-17.17409],[35.18225,-17.17298],[35.18262,-17.17162],[35.18379,-17.16727],[35.18381,-17.16721],[35.18569,-17.16018],[35.19127,-17.13939],[35.19173,-17.13761],[35.19344,-17.1313],[35.19358,-17.13075],[35.19368,-17.13036]]},"properties":{"id":1564187313,"rt":"rail","name":"Ramal de Vila Nova da Fronteira","ref":"","usage":"branch","gauge":"1067","electrified":"no","km":5.274}}
]}