{"type":"FeatureCollection","features":[
{"type":"Feature","geometry":{"type":"Point","coordinates":[34.85299,-13.99865]},"properties":{"id":265364142,"kind":"poi","cat":"attraction","name":"Cape Maclear"}},
{"type":"Feature","geometry":{"type":"Point","coordinates":[33.75649,-10.61272]},"properties":{"id":266173299,"kind":"poi","cat":"attraction","name":"Chosi Viewpoint"}},
{"type":"Feature","geometry":{"type":"Point","coordinates":[33.72922,-10.51143]},"properties":{"id":266173338,"kind":"poi","cat":"attraction","name":"Viewpoint"}},
{"type":"Feature","geometry":{"type":"Point","coordinates":[33.64953,-11.13489]},"properties":{"id":269889679,"kind":"poi","cat":"camp_site","name":"Camp Kazuni","operator":"Nyika Safari Company"}},
{"type":"Feature","geometry":{"type":"Point","coordinates":[33.81533,-10.59212]},"properties":{"id":269890147,"kind":"poi","cat":"hotel","name":"Chelinda Lodge","operator":"N.N."}},
{"type":"Feature","geometry":{"type":"Point","coordinates":[34.78474,-16.21511]},"properties":{"id":299719400,"kind":"poi","cat":"hotel","name":""}},
{"type":"Feature","geometry":{"type":"Point","coordinates":[34.74168,-15.91128]},"properties":{"id":312923839,"kind":"poi","cat":"camp_site","name":"Majete Game Reserve, Camp Site"}},
{"type":"Feature","geometry":{"type":"Point","coordinates":[34.73874,-15.89078]},"properties":{"id":312924896,"kind":"poi","cat":"viewpoint","name":"View Spot"}},
{"type":"Feature","geometry":{"type":"Point","coordinates":[34.7835,-16.22076]},"properties":{"id":312925501,"kind":"poi","cat":"attraction","name":"Main hide"}},
{"type":"Feature","geometry":{"type":"Point","coordinates":[34.79932,-16.26038]},"properties":{"id":312925795,"kind":"poi","cat":"attraction","name":"Jasi Hide"}},
{"type":"Feature","geometry":{"type":"Point","coordinates":[34.74046,-15.83171]},"properties":{"id":312926449,"kind":"poi","cat":"attraction","name":"Hippo Spot"}},
{"type":"Feature","geometry":{"type":"Point","coordinates":[35.30145,-15.35412]},"properties":{"id":312928827,"kind":"poi","cat":"camp_site","name":"Trout Farm"}},
{"type":"Feature","geometry":{"type":"Point","coordinates":[34.62213,-13.70957]},"properties":{"id":312933649,"kind":"poi","cat":"hotel","name":"Safari Beach Lodge"}},
{"type":"Feature","geometry":{"type":"Point","coordinates":[34.60979,-13.77525]},"properties":{"id":312934000,"kind":"poi","cat":"attraction","name":"Stuart Grants Fish Farm"}},
{"type":"Feature","geometry":{"type":"Point","coordinates":[35.50232,-15.94041]},"properties":{"id":312938301,"kind":"poi","cat":"attraction","name":"Likhubula Pools"}},
{"type":"Feature","geometry":{"type":"Point","coordinates":[35.53748,-15.92663]},"properties":{"id":312939045,"kind":"poi","cat":"attraction","name":"Wodospad"}},
{"type":"Feature","geometry":{"type":"Point","coordinates":[34.25267,-13.84248]},"properties":{"id":312942879,"kind":"poi","cat":"camp_site","name":"Thuma FR Basecamp"}},
{"type":"Feature","geometry":{"type":"Point","coordinates":[34.3264,-13.05097]},"properties":{"id":312951031,"kind":"poi","cat":"camp_site","name":"Nkhotakota Pottery"}},
{"type":"Feature","geometry":{"type":"Point","coordinates":[33.79923,-10.58511]},"properties":{"id":312972077,"kind":"poi","cat":"camp_site","name":"Chelinda Campsite"}},
{"type":"Feature","geometry":{"type":"Point","coordinates":[34.16292,-12.83391]},"properties":{"id":312993400,"kind":"poi","cat":"camp_site","name":"Bua Camp"}},
{"type":"Feature","geometry":{"type":"Point","coordinates":[34.05029,-12.91123]},"properties":{"id":312995614,"kind":"poi","cat":"hotel","name":"Tongole Wilderness Lodge"}},
{"type":"Feature","geometry":{"type":"Point","coordinates":[34.01692,-13.36151]},"properties":{"id":313006785,"kind":"poi","cat":"viewpoint","name":"Open space viewpoint E. 1678 m."}},
{"type":"Feature","geometry":{"type":"Point","coordinates":[33.79242,-11.72168]},"properties":{"id":313912224,"kind":"poi","cat":"attraction","name":"Elephant Rock","ele":"1654.54"}},
{"type":"Feature","geometry":{"type":"Point","coordinates":[33.79649,-12.09418]},"properties":{"id":313915839,"kind":"poi","cat":"attraction","name":"Luwawa Falls","ele":"1490.88"}},
{"type":"Feature","geometry":{"type":"Point","coordinates":[33.12113,-13.02978]},"properties":{"id":313916716,"kind":"poi","cat":"attraction","name":"Black Rock","ele":"1046.27"}},
{"type":"Feature","geometry":{"type":"Point","coordinates":[35.53165,-15.93447]},"properties":{"id":313956637,"kind":"poi","cat":"attraction","name":"Chapaluka Falls","ele":"1266.89"}},
{"type":"Feature","geometry":{"type":"Point","coordinates":[34.20215,-14.20929]},"properties":{"id":316045782,"kind":"poi","cat":"attraction","name":"Chongoni Mountain"}},
{"type":"Feature","geometry":{"type":"Point","coordinates":[34.96201,-15.73657]},"properties":{"id":316055872,"kind":"poi","cat":"viewpoint","name":"Michiru Mountain","ele":"1473"}},
{"type":"Feature","geometry":{"type":"Point","coordinates":[34.714,-15.89992]},"properties":{"id":317261799,"kind":"poi","cat":"chalet","name":"Thawale Self Catering Cottage"}},
{"type":"Feature","geometry":{"type":"Point","coordinates":[34.33293,-13.02826]},"properties":{"id":317359327,"kind":"poi","cat":"hotel","name":"Sani Beach Resort"}},
{"type":"Feature","geometry":{"type":"Point","coordinates":[35.04529,-16.64722]},"properties":{"id":317359656,"kind":"poi","cat":"camp_site","name":"Migudu"}},
{"type":"Feature","geometry":{"type":"Point","coordinates":[34.78303,-16.21481]},"properties":{"id":317394306,"kind":"poi","cat":"camp_site","name":"Nyala Lodge Camp Site"}},
{"type":"Feature","geometry":{"type":"Point","coordinates":[34.75277,-16.21085]},"properties":{"id":317394710,"kind":"poi","cat":"attraction","name":"North Thicket Hide"}},
{"type":"Feature","geometry":{"type":"Point","coordinates":[34.2294,-10.47351]},"properties":{"id":319051402,"kind":"natural","cat":"bay","name":"Deep Bay"}},
{"type":"Feature","geometry":{"type":"Point","coordinates":[34.86335,-16.01991]},"properties":{"id":320933974,"kind":"poi","cat":"attraction","name":"Viewpoint"}},
{"type":"Feature","geometry":{"type":"Point","coordinates":[33.70399,-10.57252]},"properties":{"id":321434639,"kind":"poi","cat":"information","name":"Zambian Guest House"}},
{"type":"Feature","geometry":{"type":"Point","coordinates":[33.75932,-13.99938]},"properties":{"id":324601215,"kind":"poi","cat":"camp_site","name":"Mabuya Camp (formerly Kiboko)"}},
{"type":"Feature","geometry":{"type":"Point","coordinates":[33.76357,-13.99245]},"properties":{"id":327283002,"kind":"poi","cat":"hotel","name":"Korea Garden Lodge","phone":"+265 1 757 854"}},
{"type":"Feature","geometry":{"type":"Point","coordinates":[33.80846,-13.9557]},"properties":{"id":327368630,"kind":"poi","cat":"hotel","name":"Wendels Guest House"}},
{"type":"Feature","geometry":{"type":"Point","coordinates":[35.54337,-15.90817]},"properties":{"id":353274954,"kind":"poi","cat":"alpine_hut","name":"Chambe Hut"}},
{"type":"Feature","geometry":{"type":"Point","coordinates":[34.10059,-12.85571]},"properties":{"id":385957911,"kind":"poi","cat":"attraction","name":"Muta Falls"}},
{"type":"Feature","geometry":{"type":"Point","coordinates":[34.72791,-15.72226]},"properties":{"id":390154879,"kind":"poi","cat":"attraction","name":"Mpatamanga Gorge"}},
{"type":"Feature","geometry":{"type":"Point","coordinates":[34.77896,-15.55599]},"properties":{"id":390826323,"kind":"poi","cat":"attraction","name":"Tedzani Falls"}},
{"type":"Feature","geometry":{"type":"Point","coordinates":[34.29788,-11.60547]},"properties":{"id":420076793,"kind":"poi","cat":"guest_house","name":"Mazambuka Lodge"}},
{"type":"Feature","geometry":{"type":"Point","coordinates":[33.94468,-9.93741]},"properties":{"id":482326564,"kind":"poi","cat":"hotel","name":"Mufwa Lodge"}},
{"type":"Feature","geometry":{"type":"Point","coordinates":[34.12777,-10.58558]},"properties":{"id":482326569,"kind":"poi","cat":"hotel","name":"Lukwe Lodge"}},
{"type":"Feature","geometry":{"type":"Point","coordinates":[34.06608,-12.35865]},"properties":{"id":482326585,"kind":"poi","cat":"hotel","name":"Ngala Lodge"}},
{"type":"Feature","geometry":{"type":"Point","coordinates":[34.58659,-13.82059]},"properties":{"id":482326588,"kind":"poi","cat":"hotel","name":"Garden Cottage"}},
{"type":"Feature","geometry":{"type":"Point","coordinates":[35.50025,-15.93979]},"properties":{"id":482699716,"kind":"poi","cat":"camp_site","name":"Likabula Campsite"}},
{"type":"Feature","geometry":{"type":"Point","coordinates":[35.50103,-15.93767]},"properties":{"id":482700039,"kind":"poi","cat":"alpine_hut","name":"Likhubala Forest Lodge","website":"https://cholemalawi.com/","phone":"+265999220560; +265884079890"}},
{"type":"Feature","geometry":{"type":"Point","coordinates":[34.00627,-13.38338]},"properties":{"id":561307337,"kind":"poi","cat":"hotel","name":"Ntchisi Forest Lodge"}},
{"type":"Feature","geometry":{"type":"Point","coordinates":[35.21654,-14.38995]},"properties":{"id":567138398,"kind":"poi","cat":"camp_site","name":"Palm Beach Rest Camp"}},
{"type":"Feature","geometry":{"type":"Point","coordinates":[35.14636,-14.32218]},"properties":{"id":567140771,"kind":"poi","cat":"camp_site","name":"Nkopola Lodge Camp Site"}},
{"type":"Feature","geometry":{"type":"Point","coordinates":[35.14395,-14.31902]},"properties":{"id":567141097,"kind":"poi","cat":"hotel","name":"Nkopola Lodge"}},
{"type":"Feature","geometry":{"type":"Point","coordinates":[35.13331,-14.30505]},"properties":{"id":567141771,"kind":"poi","cat":"hotel","name":"Club Makokola"}},
{"type":"Feature","geometry":{"type":"Point","coordinates":[35.08439,-14.24823]},"properties":{"id":567142979,"kind":"poi","cat":"hostel","name":"Nanchengwa Lodge"}},
{"type":"Feature","geometry":{"type":"Point","coordinates":[34.18063,-14.26916]},"properties":{"id":567331575,"kind":"poi","cat":"attraction","name":"Mtusi Hill"}},
{"type":"Feature","geometry":{"type":"Point","coordinates":[34.21565,-14.27847]},"properties":{"id":567331655,"kind":"poi","cat":"attraction","name":"Bunda Hill"}},
{"type":"Feature","geometry":{"type":"Point","coordinates":[34.25651,-14.28546]},"properties":{"id":567332460,"kind":"poi","cat":"attraction","name":"Chentcherere Rock Shelter"}},
{"type":"Feature","geometry":{"type":"Point","coordinates":[34.00603,-13.38341]},"properties":{"id":573409059,"kind":"poi","cat":"camp_site","name":"Ntchisi Forest Lodge"}},
{"type":"Feature","geometry":{"type":"Point","coordinates":[33.72091,-12.121]},"properties":{"id":598498210,"kind":"poi","cat":"camp_site","name":"Luwawa Campsite"}},
{"type":"Feature","geometry":{"type":"Point","coordinates":[35.06664,-15.81044]},"properties":{"id":600668799,"kind":"poi","cat":"hotel","name":"Herirage by Serendib"}},
{"type":"Feature","geometry":{"type":"Point","coordinates":[35.14618,-16.38529]},"properties":{"id":740440290,"kind":"poi","cat":"guest_house","name":"Zelewe Forest Lodge"}},
{"type":"Feature","geometry":{"type":"Point","coordinates":[34.79552,-16.04068]},"properties":{"id":748725918,"kind":"poi","cat":"guest_house","name":"Matechanga Guest House"}},
{"type":"Feature","geometry":{"type":"Point","coordinates":[33.76566,-13.99175]},"properties":{"id":886305966,"kind":"poi","cat":"guest_house","name":"St. Peter's Guesthouse","phone":"+265 995 29 93 64"}},
{"type":"Feature","geometry":{"type":"Point","coordinates":[33.76712,-13.98554]},"properties":{"id":886324378,"kind":"poi","cat":"guest_house","name":"Mufasa Backpacker Lodge"}},
{"type":"Feature","geometry":{"type":"Point","coordinates":[35.34023,-15.37745]},"properties":{"id":886357557,"kind":"poi","cat":"guest_house","name":"Peter's Lodge"}},
{"type":"Feature","geometry":{"type":"Point","coordinates":[35.07394,-16.07891]},"properties":{"id":889113994,"kind":"poi","cat":"guest_house","name":""}},
{"type":"Feature","geometry":{"type":"Point","coordinates":[33.76165,-13.99052]},"properties":{"id":892794666,"kind":"poi","cat":"guest_house","name":"Kwasakwasa Lodge"}},
{"type":"Feature","geometry":{"type":"Point","coordinates":[35.27245,-14.48012]},"properties":{"id":898004325,"kind":"poi","cat":"hotel","name":"Villa Tafika"}},
{"type":"Feature","geometry":{"type":"Point","coordinates":[34.32987,-14.37566]},"properties":{"id":902447553,"kind":"poi","cat":"hotel","name":"Panjira Lodge"}},
{"type":"Feature","geometry":{"type":"Point","coordinates":[34.30258,-14.3712]},"properties":{"id":902447577,"kind":"poi","cat":"hotel","name":"Dedza Pottery Lodge"}},
{"type":"Feature","geometry":{"type":"Point","coordinates":[34.30225,-14.37151]},"properties":{"id":902447583,"kind":"poi","cat":"camp_site","name":"Campsite Dezda Pottery"}},
{"type":"Feature","geometry":{"type":"Point","coordinates":[34.85047,-14.01342]},"properties":{"id":902463244,"kind":"poi","cat":"hotel","name":"Eagles Nest"}},
{"type":"Feature","geometry":{"type":"Point","coordinates":[34.83723,-14.02737]},"properties":{"id":902463245,"kind":"poi","cat":"hotel","name":"Tuckaways Lodge"}},
{"type":"Feature","geometry":{"type":"Point","coordinates":[34.83605,-14.02796]},"properties":{"id":902463250,"kind":"poi","cat":"hotel","name":"Gecko Lounge"}},
{"type":"Feature","geometry":{"type":"Point","coordinates":[34.50722,-14.28128]},"properties":{"id":902463256,"kind":"poi","cat":"hotel","name":"Namalikhate Lodge"}},
{"type":"Feature","geometry":{"type":"Point","coordinates":[34.50978,-14.28064]},"properties":{"id":902463258,"kind":"poi","cat":"museum","name":"Mua Mission"}},
{"type":"Feature","geometry":{"type":"Point","coordinates":[35.29418,-14.85005]},"properties":{"id":902487962,"kind":"poi","cat":"chalet","name":"Mvuu Camp","website":"https://cawsmw.com/index.php/lodges/mvuu-lodge/","phone":"+265-882-089168;+265-882-089174; +265-887-080154;+265-887-080; +265-887-080155; +265-887-080156","operator":"Central Africa Wilderness Safaris"}},
{"type":"Feature","geometry":{"type":"Point","coordinates":[35.29477,-14.85163]},"properties":{"id":902487965,"kind":"poi","cat":"camp_site","name":"Mvuu Campsite","website":"https://cawsmw.com/index.php/lodges/mvuu-lodge/","phone":"+265-882-089168;+265-882-089174; +265-887-080154;+265-887-080; +265-887-080155; +265-887-080156","operator":"Central Africa Wilderness Safaris"}},
{"type":"Feature","geometry":{"type":"Point","coordinates":[35.27236,-14.48]},"properties":{"id":902487985,"kind":"poi","cat":"museum","name":"Lake Malawi Museum"}},
{"type":"Feature","geometry":{"type":"Point","coordinates":[35.29234,-14.84227]},"properties":{"id":902509305,"kind":"poi","cat":"viewpoint","name":""}},
{"type":"Feature","geometry":{"type":"Point","coordinates":[35.25906,-15.01406]},"properties":{"id":902509306,"kind":"poi","cat":"camp_site","name":"Nkalango Safari Camp"}},
{"type":"Feature","geometry":{"type":"Point","coordinates":[35.00531,-15.78787]},"properties":{"id":902534150,"kind":"poi","cat":"museum","name":"Malawi Stock Exchange","phone":"01824233"}},
{"type":"Feature","geometry":{"type":"Point","coordinates":[34.71064,-15.89323]},"properties":{"id":902545124,"kind":"poi","cat":"viewpoint","name":"Booma"}},
{"type":"Feature","geometry":{"type":"Point","coordinates":[35.22352,-15.05829]},"properties":{"id":920496724,"kind":"poi","cat":"hotel","name":"Shire Lodge"}},
{"type":"Feature","geometry":{"type":"Point","coordinates":[35.2165,-15.0582]},"properties":{"id":920505234,"kind":"poi","cat":"hotel","name":"Sun Village Lodge"}},
{"type":"Feature","geometry":{"type":"Point","coordinates":[35.21857,-15.04784]},"properties":{"id":920507588,"kind":"poi","cat":"hotel","name":"Hippoview Lodge"}},
{"type":"Feature","geometry":{"type":"Point","coordinates":[35.21744,-14.39047]},"properties":{"id":923919794,"kind":"poi","cat":"hotel","name":"Palm Beach Lodge"}},
{"type":"Feature","geometry":{"type":"Point","coordinates":[34.30356,-11.61186]},"properties":{"id":975938499,"kind":"poi","cat":"hotel","name":"Mayoka Village Lodge","website":"https://www.mayokavillagebeachlodge.com/","phone":"+265 999 26 85 95"}},
{"type":"Feature","geometry":{"type":"Point","coordinates":[35.51874,-16.01994]},"properties":{"id":992914806,"kind":"poi","cat":"hotel","name":"Kara O'Mula Country Lodge","website":"https://www.karaomula.com/"}},
{"type":"Feature","geometry":{"type":"Point","coordinates":[33.93766,-13.07669]},"properties":{"id":1064356020,"kind":"poi","cat":"camp_site","name":"Chipata Camp"}},
{"type":"Feature","geometry":{"type":"Point","coordinates":[33.92679,-10.02035]},"properties":{"id":1075521340,"kind":"poi","cat":"camp_site","name":"Malema Camp"}},
{"type":"Feature","geometry":{"type":"Point","coordinates":[34.58203,-15.17752]},"properties":{"id":1100316799,"kind":"poi","cat":"picnic_site","name":""}},
{"type":"Feature","geometry":{"type":"Point","coordinates":[34.65148,-15.39538]},"properties":{"id":1106886621,"kind":"poi","cat":"information","name":"Partners In Health Friendship House"}},
{"type":"Feature","geometry":{"type":"Point","coordinates":[34.65222,-15.39725]},"properties":{"id":1106886641,"kind":"poi","cat":"viewpoint","name":""}},
{"type":"Feature","geometry":{"type":"Point","coordinates":[34.65438,-15.39235]},"properties":{"id":1106886646,"kind":"poi","cat":"guest_house","name":"PIH Guesthouse"}},
{"type":"Feature","geometry":{"type":"Point","coordinates":[34.92706,-15.93551]},"properties":{"id":1139391891,"kind":"poi","cat":"guest_house","name":"Fisherman's Rest"}},
{"type":"Feature","geometry":{"type":"Point","coordinates":[34.65446,-15.39242]},"properties":{"id":1161413753,"kind":"poi","cat":"guest_house","name":"Ndatopela Guest House"}},
{"type":"Feature","geometry":{"type":"Point","coordinates":[34.83179,-14.03015]},"properties":{"id":1231365460,"kind":"poi","cat":"hotel","name":"Kayak Africa"}},
{"type":"Feature","geometry":{"type":"Point","coordinates":[35.31438,-15.36042]},"properties":{"id":1259785902,"kind":"poi","cat":"picnic_site","name":""}},
{"type":"Feature","geometry":{"type":"Point","coordinates":[35.30433,-15.36454]},"properties":{"id":1260003689,"kind":"poi","cat":"hotel","name":"Sunbird Ku Chawe"}},
{"type":"Feature","geometry":{"type":"Point","coordinates":[35.30368,-15.36425]},"properties":{"id":1260003712,"kind":"poi","cat":"information","name":""}},
{"type":"Feature","geometry":{"type":"Point","coordinates":[34.58013,-15.4043]},"properties":{"id":1279038925,"kind":"poi","cat":"attraction","name":"Rock Paintings"}},
{"type":"Feature","geometry":{"type":"Point","coordinates":[35.02424,-15.7784]},"properties":{"id":1295451280,"kind":"poi","cat":"hotel","name":"ANNIE'S LODGE"}},
{"type":"Feature","geometry":{"type":"Point","coordinates":[35.52008,-15.93887]},"properties":{"id":1296410220,"kind":"poi","cat":"picnic_site","name":""}},
{"type":"Feature","geometry":{"type":"Point","coordinates":[35.54224,-15.90853]},"properties":{"id":1296454697,"kind":"poi","cat":"alpine_hut","name":"France's Cottage"}},
{"type":"Feature","geometry":{"type":"Point","coordinates":[35.32558,-15.37234]},"properties":{"id":1313365639,"kind":"poi","cat":"hotel","name":"HOTEL MASANGOLA"}},
{"type":"Feature","geometry":{"type":"Point","coordinates":[35.05281,-16.08565]},"properties":{"id":1322649600,"kind":"poi","cat":"viewpoint","name":""}},
{"type":"Feature","geometry":{"type":"Point","coordinates":[34.86414,-16.17564]},"properties":{"id":1452705498,"kind":"poi","cat":"camp_site","name":"Nyala Park Camp Site"}},
{"type":"Feature","geometry":{"type":"Point","coordinates":[34.32677,-13.04979]},"properties":{"id":1577437544,"kind":"poi","cat":"guest_house","name":"Nkhotakota Pottery Lodge"}},
{"type":"Feature","geometry":{"type":"Point","coordinates":[34.32713,-13.04607]},"properties":{"id":1577437545,"kind":"poi","cat":"guest_house","name":"Nkhotakota Safari Lodge"}},
{"type":"Feature","geometry":{"type":"Point","coordinates":[35.37859,-14.41283]},"properties":{"id":1660793961,"kind":"poi","cat":"guest_house","name":"Namizimu Forest Retreat"}},
{"type":"Feature","geometry":{"type":"Point","coordinates":[35.37862,-14.41206]},"properties":{"id":1660814279,"kind":"poi","cat":"viewpoint","name":"Namizimu Rock"}},
{"type":"Feature","geometry":{"type":"Point","coordinates":[35.37732,-14.40397]},"properties":{"id":1660856558,"kind":"poi","cat":"viewpoint","name":""}},
{"type":"Feature","geometry":{"type":"Point","coordinates":[35.37803,-14.40187]},"properties":{"id":1660856874,"kind":"poi","cat":"viewpoint","name":""}},
{"type":"Feature","geometry":{"type":"Point","coordinates":[33.80435,-13.92695]},"properties":{"id":1729210641,"kind":"poi","cat":"hotel","name":"Ufulu Gardens Hotel"}},
{"type":"Feature","geometry":{"type":"Point","coordinates":[33.8019,-13.92828]},"properties":{"id":1729211994,"kind":"poi","cat":"hotel","name":"Africa House"}},
{"type":"Feature","geometry":{"type":"Point","coordinates":[33.8045,-13.9487]},"properties":{"id":1883730991,"kind":"poi","cat":"information","name":"Ulendo Travel Agent"}},
{"type":"Feature","geometry":{"type":"Point","coordinates":[33.7657,-13.98484]},"properties":{"id":1901483474,"kind":"poi","cat":"hotel","name":"Lilongwe Hotel"}},
{"type":"Feature","geometry":{"type":"Point","coordinates":[33.75081,-13.97775]},"properties":{"id":1975181636,"kind":"poi","cat":"hotel","name":"Madidi Lodge"}},
{"type":"Feature","geometry":{"type":"Point","coordinates":[33.75796,-13.97631]},"properties":{"id":1975186860,"kind":"poi","cat":"hotel","name":"Crossroads"}},
{"type":"Feature","geometry":{"type":"Point","coordinates":[34.01704,-9.49895]},"properties":{"id":2063478431,"kind":"poi","cat":"hotel","name":"Matema Beach Resort"}},
{"type":"Feature","geometry":{"type":"Point","coordinates":[34.0361,-9.47527]},"properties":{"id":2149664840,"kind":"poi","cat":"attraction","name":"Matema Waterfall"}},
{"type":"Feature","geometry":{"type":"Point","coordinates":[34.02219,-9.49592]},"properties":{"id":2149686429,"kind":"poi","cat":"hotel","name":"Matema Beach View Lutheran Centre"}},
{"type":"Feature","geometry":{"type":"Point","coordinates":[33.55511,-9.27761]},"properties":{"id":2150687232,"kind":"poi","cat":"attraction","name":"Daraja la Mungu - Natural bridge"}},
{"type":"Feature","geometry":{"type":"Point","coordinates":[34.17566,-10.58497]},"properties":{"id":2171692872,"kind":"poi","cat":"hotel","name":"Chitimba Beach Lodge"}},
{"type":"Feature","geometry":{"type":"Point","coordinates":[35.49235,-16.0129]},"properties":{"id":2316882981,"kind":"poi","cat":"information","name":"Tourist Information Mulanje"}},
{"type":"Feature","geometry":{"type":"Point","coordinates":[33.7469,-13.95772]},"properties":{"id":2406994623,"kind":"poi","cat":"guest_house","name":"Executive Lodge"}},
{"type":"Feature","geometry":{"type":"Point","coordinates":[35.23972,-15.02857]},"properties":{"id":2491860595,"kind":"poi","cat":"guest_house","name":"Liwonde Safari Camp"}},
{"type":"Feature","geometry":{"type":"Point","coordinates":[35.23794,-15.02879]},"properties":{"id":2491860596,"kind":"poi","cat":"camp_site","name":"Liwonde Safari Camp"}},
{"type":"Feature","geometry":{"type":"Point","coordinates":[33.78472,-13.94605]},"properties":{"id":2501747953,"kind":"poi","cat":"museum","name":"War Memorial Tower"}},
{"type":"Feature","geometry":{"type":"Point","coordinates":[34.84146,-14.02398]},"properties":{"id":2520739723,"kind":"poi","cat":"hostel","name":"Fat Monkeys"}},
{"type":"Feature","geometry":{"type":"Point","coordinates":[34.61936,-13.73072]},"properties":{"id":2520757706,"kind":"poi","cat":"hotel","name":"Cool Runnings","phone":"+265 999 91 51 73"}},
{"type":"Feature","geometry":{"type":"Point","coordinates":[34.30496,-11.61243]},"properties":{"id":2520777384,"kind":"poi","cat":"hostel","name":"Butterfly Space","phone":"+265999156335"}},
{"type":"Feature","geometry":{"type":"Point","coordinates":[34.91936,-16.27475]},"properties":{"id":2567672823,"kind":"poi","cat":"guest_house","name":"Nchalo Sports Club","operator":"Illovo"}},
{"type":"Feature","geometry":{"type":"Point","coordinates":[35.06425,-16.07648]},"properties":{"id":2601131097,"kind":"poi","cat":"hotel","name":"Chawani Bungalow","website":"https://www.satemwa.com/","phone":"01473115","operator":"Satemwa Tea Estate"}},
{"type":"Feature","geometry":{"type":"Point","coordinates":[34.99691,-15.78625]},"properties":{"id":2679747801,"kind":"poi","cat":"motel","name":"Village Green Lodge"}},
{"type":"Feature","geometry":{"type":"Point","coordinates":[35.00348,-15.69993]},"properties":{"id":2718295187,"kind":"poi","cat":"guest_house","name":""}},
{"type":"Feature","geometry":{"type":"Point","coordinates":[34.11299,-10.61046]},"properties":{"id":2749394705,"kind":"poi","cat":"guest_house","name":"Livingstonia Lodges"}},
{"type":"Feature","geometry":{"type":"Point","coordinates":[34.11302,-10.61167]},"properties":{"id":2749404424,"kind":"poi","cat":"museum","name":"Stonehouse Museum"}},
{"type":"Feature","geometry":{"type":"Point","coordinates":[34.13395,-10.5859]},"properties":{"id":2749770905,"kind":"poi","cat":"hostel","name":"Mushroom Farm","phone":"+265 999 65 24 85"}},
{"type":"Feature","geometry":{"type":"Point","coordinates":[35.32214,-15.37933]},"properties":{"id":2800725191,"kind":"poi","cat":"hostel","name":"Pakachere Backpackers Lodge","website":"https://www.pakachere.com/","phone":"+265(0)994685934"}},
{"type":"Feature","geometry":{"type":"Point","coordinates":[35.32946,-15.3499]},"properties":{"id":2805618907,"kind":"poi","cat":"viewpoint","name":"Queen's View"}},
{"type":"Feature","geometry":{"type":"Point","coordinates":[35.01503,-15.7841]},"properties":{"id":2806046478,"kind":"poi","cat":"hostel","name":"Doogles Backpackers"}},
{"type":"Feature","geometry":{"type":"Point","coordinates":[34.29903,-11.6047]},"properties":{"id":2817861276,"kind":"poi","cat":"hostel","name":"Soul Rebel Lodge & Backpackers","website":"https://www.soulrebelmalawi.com/","phone":"+265989185707"}},
{"type":"Feature","geometry":{"type":"Point","coordinates":[34.22508,-11.10191]},"properties":{"id":2817867349,"kind":"poi","cat":"guest_house","name":"Zulunkhuni River Lodge","website":"http://lake-paradise.com/"}},
{"type":"Feature","geometry":{"type":"Point","coordinates":[35.31896,-15.38902]},"properties":{"id":2930200056,"kind":"poi","cat":"hotel","name":"Ndendyera Lodge"}},
{"type":"Feature","geometry":{"type":"Point","coordinates":[35.34366,-15.37786]},"properties":{"id":2930226372,"kind":"poi","cat":"hotel","name":"Masuku Cottage"}},
{"type":"Feature","geometry":{"type":"Point","coordinates":[35.26611,-15.36704]},"properties":{"id":2930262761,"kind":"poi","cat":"hotel","name":"Zomba Forest Lodge"}},
{"type":"Feature","geometry":{"type":"Point","coordinates":[35.33143,-15.38531]},"properties":{"id":2930960413,"kind":"poi","cat":"attraction","name":"hgdh"}},
{"type":"Feature","geometry":{"type":"Point","coordinates":[35.30939,-15.37687]},"properties":{"id":2930977242,"kind":"poi","cat":"camp_site","name":"Cassa Rossa Camping Ground"}},
{"type":"Feature","geometry":{"type":"Point","coordinates":[35.27367,-15.34912]},"properties":{"id":2931007002,"kind":"poi","cat":"viewpoint","name":""}},
{"type":"Feature","geometry":{"type":"Point","coordinates":[35.33202,-15.34963]},"properties":{"id":2931014016,"kind":"poi","cat":"viewpoint","name":"Emporer's View"}},
{"type":"Feature","geometry":{"type":"Point","coordinates":[35.3071,-15.35954]},"properties":{"id":2931014393,"kind":"poi","cat":"picnic_site","name":""}},
{"type":"Feature","geometry":{"type":"Point","coordinates":[33.8036,-13.95452]},"properties":{"id":2989218548,"kind":"poi","cat":"hotel","name":"Wamkulu Palace"}},
{"type":"Feature","geometry":{"type":"Point","coordinates":[33.7963,-13.95584]},"properties":{"id":3003668811,"kind":"poi","cat":"hotel","name":"Sunbird Capital Hotel"}},
{"type":"Feature","geometry":{"type":"Point","coordinates":[33.78799,-14.03565]},"properties":{"id":3008998256,"kind":"poi","cat":"hostel","name":"Messa's Lodge"}},
{"type":"Feature","geometry":{"type":"Point","coordinates":[33.79123,-14.04043]},"properties":{"id":3008999056,"kind":"poi","cat":"hostel","name":"Benz Lodge"}},
{"type":"Feature","geometry":{"type":"Point","coordinates":[33.79835,-14.0546]},"properties":{"id":3008999060,"kind":"poi","cat":"hotel","name":"Kortasia Lodge","website":"https://www.kortasialodge.com","phone":"+265 999 238 045","opening_hours":"24/7"}},
{"type":"Feature","geometry":{"type":"Point","coordinates":[35.00421,-15.8028]},"properties":{"id":3009223772,"kind":"poi","cat":"hostel","name":"Lounge Mungo"}},
{"type":"Feature","geometry":{"type":"Point","coordinates":[35.0069,-15.80101]},"properties":{"id":3009227323,"kind":"poi","cat":"guest_house","name":"Homestyles"}},
{"type":"Feature","geometry":{"type":"Point","coordinates":[35.06927,-15.80408]},"properties":{"id":3010664891,"kind":"poi","cat":"hotel","name":"Sunbird Hotel"}},
{"type":"Feature","geometry":{"type":"Point","coordinates":[34.99763,-15.77931]},"properties":{"id":3012734458,"kind":"poi","cat":"guest_house","name":"Kabula Lodge","phone":"+265 991 39 15 01"}},
{"type":"Feature","geometry":{"type":"Point","coordinates":[35.00309,-15.79835]},"properties":{"id":3022073640,"kind":"poi","cat":"guest_house","name":"Martha's Vineyard"}},
{"type":"Feature","geometry":{"type":"Point","coordinates":[34.87151,-16.26677]},"properties":{"id":3023223293,"kind":"poi","cat":"guest_house","name":"Arrows Lodge"}},
{"type":"Feature","geometry":{"type":"Point","coordinates":[34.86481,-16.25622]},"properties":{"id":3023223295,"kind":"poi","cat":"motel","name":"Khukhala Motel"}},
{"type":"Feature","geometry":{"type":"Point","coordinates":[34.92278,-15.95453]},"properties":{"id":3023223300,"kind":"poi","cat":"viewpoint","name":"Kamuzu View"}},
{"type":"Feature","geometry":{"type":"Point","coordinates":[34.86431,-16.25557]},"properties":{"id":3024044637,"kind":"poi","cat":"guest_house","name":"St Moses Private Secondary School"}},
{"type":"Feature","geometry":{"type":"Point","coordinates":[35.32231,-15.37919]},"properties":{"id":3045664765,"kind":"poi","cat":"camp_site","name":""}},
{"type":"Feature","geometry":{"type":"Point","coordinates":[35.03948,-15.80408]},"properties":{"id":3047298959,"kind":"poi","cat":"museum","name":"Museum of Malawi","wikipedia":"en:Chichiri Museum","operator":"Museums of Malawi"}},
{"type":"Feature","geometry":{"type":"Point","coordinates":[35.17748,-16.42908]},"properties":{"id":3050029842,"kind":"poi","cat":"guest_house","name":"Bande Guest House"}},
{"type":"Feature","geometry":{"type":"Point","coordinates":[35.11455,-16.57322]},"properties":{"id":3050036492,"kind":"poi","cat":"motel","name":"Adela Motel"}},
{"type":"Feature","geometry":{"type":"Point","coordinates":[35.11852,-16.57333]},"properties":{"id":3050036493,"kind":"poi","cat":"guest_house","name":"Council Rest House"}},
{"type":"Feature","geometry":{"type":"Point","coordinates":[35.11843,-16.5737]},"properties":{"id":3050036494,"kind":"poi","cat":"guest_house","name":"Holiday Inn Rest House"}},
{"type":"Feature","geometry":{"type":"Point","coordinates":[35.10743,-16.57478]},"properties":{"id":3050036495,"kind":"poi","cat":"guest_house","name":"Sinbako Lodge"}},
{"type":"Feature","geometry":{"type":"Point","coordinates":[35.33946,-15.37428]},"properties":{"id":3050142924,"kind":"poi","cat":"hotel","name":""}},
{"type":"Feature","geometry":{"type":"Point","coordinates":[33.79155,-13.95489]},"properties":{"id":3055879358,"kind":"poi","cat":"hotel","name":"President Hotel","operator":"Peermont"}},
{"type":"Feature","geometry":{"type":"Point","coordinates":[33.7901,-14.00767]},"properties":{"id":3057264739,"kind":"poi","cat":"hotel","name":"Kalikuti"}},
{"type":"Feature","geometry":{"type":"Point","coordinates":[35.0043,-15.78246]},"properties":{"id":3057679456,"kind":"poi","cat":"hotel","name":"Malawi Sun Hotel"}},
{"type":"Feature","geometry":{"type":"Point","coordinates":[34.30071,-11.60847]},"properties":{"id":3063152330,"kind":"poi","cat":"hotel","name":"Aqua Africa","website":"http://aquaafrica.co.uk","phone":"+265 99 992 14 18"}},
{"type":"Feature","geometry":{"type":"Point","coordinates":[34.30504,-11.6211]},"properties":{"id":3063152331,"kind":"poi","cat":"hotel","name":"Njaya Lodge"}},
{"type":"Feature","geometry":{"type":"Point","coordinates":[34.86783,-16.26479]},"properties":{"id":3064661768,"kind":"poi","cat":"hotel","name":"Anga ndi Maso Lodge"}},
{"type":"Feature","geometry":{"type":"Point","coordinates":[34.87136,-16.2662]},"properties":{"id":3065361067,"kind":"poi","cat":"guest_house","name":"Steven Kastom Chisuswa"}},
{"type":"Feature","geometry":{"type":"Point","coordinates":[34.87144,-16.26635]},"properties":{"id":3065366383,"kind":"poi","cat":"guest_house","name":"Abiti Nyamula"}},
{"type":"Feature","geometry":{"type":"Point","coordinates":[33.78806,-14.03584]},"properties":{"id":3075057563,"kind":"poi","cat":"guest_house","name":"Sanguya Messa's Lodge"}},
{"type":"Feature","geometry":{"type":"Point","coordinates":[34.71719,-12.09209]},"properties":{"id":3134810426,"kind":"poi","cat":"hotel","name":"Kaya Mawa"}},
{"type":"Feature","geometry":{"type":"Point","coordinates":[34.71577,-12.08006]},"properties":{"id":3134810427,"kind":"poi","cat":"hotel","name":"Mango Drift"}},
{"type":"Feature","geometry":{"type":"Point","coordinates":[34.6195,-12.0137]},"properties":{"id":3134816254,"kind":"poi","cat":"hotel","name":"Tenayu Lodge","website":"https://tenayulodge.com/"}},
{"type":"Feature","geometry":{"type":"Point","coordinates":[33.77634,-13.96603]},"properties":{"id":3135029612,"kind":"poi","cat":"hotel","name":"Lingadzi Inn","operator":"Sun Bird"}},
{"type":"Feature","geometry":{"type":"Point","coordinates":[33.84861,-13.94744]},"properties":{"id":3150312769,"kind":"poi","cat":"hotel","name":"Kumbali Country Lodge","ele":"2"}},
{"type":"Feature","geometry":{"type":"Point","coordinates":[33.77154,-13.9383]},"properties":{"id":3154028851,"kind":"poi","cat":"motel","name":""}},
{"type":"Feature","geometry":{"type":"Point","coordinates":[34.09575,-10.21275]},"properties":{"id":3257309160,"kind":"poi","cat":"camp_site","name":"FloJa Foundation Camping","website":"https://www.flojamalawi.nl/","phone":"+265 999 06 01 85"}},
{"type":"Feature","geometry":{"type":"Point","coordinates":[34.09533,-10.21251]},"properties":{"id":3257317261,"kind":"poi","cat":"chalet","name":"FloJa Foundation Cottages","operator":"Jan de Groot & Floor Willemen"}},
{"type":"Feature","geometry":{"type":"Point","coordinates":[34.12793,-10.58572]},"properties":{"id":3257343476,"kind":"poi","cat":"camp_site","name":"Lukwe Camp"}},
{"type":"Feature","geometry":{"type":"Point","coordinates":[34.02846,-11.45757]},"properties":{"id":3257347661,"kind":"poi","cat":"camp_site","name":"Mzoozoozoo Backpacker's Lodge"}},
{"type":"Feature","geometry":{"type":"Point","coordinates":[34.32669,-13.03861]},"properties":{"id":3257353156,"kind":"poi","cat":"hotel","name":"Fish Eagle Bay Lodge"}},
{"type":"Feature","geometry":{"type":"Point","coordinates":[34.32691,-13.039]},"properties":{"id":3257353157,"kind":"poi","cat":"camp_site","name":"Fish Eagle Bay Lodge"}},
{"type":"Feature","geometry":{"type":"Point","coordinates":[34.84146,-14.02412]},"properties":{"id":3257376623,"kind":"poi","cat":"camp_site","name":"Fat Monkeys","website":"http://www.fatmonkeysmw.com/"}},
{"type":"Feature","geometry":{"type":"Point","coordinates":[34.75453,-15.91315]},"properties":{"id":3267059431,"kind":"poi","cat":"camp_site","name":"Ng'ona Lodge"}},
{"type":"Feature","geometry":{"type":"Point","coordinates":[34.13366,-10.58534]},"properties":{"id":3268714535,"kind":"poi","cat":"camp_site","name":"Mushroom Farm"}},
{"type":"Feature","geometry":{"type":"Point","coordinates":[34.85056,-14.0129]},"properties":{"id":3309826411,"kind":"poi","cat":"camp_site","name":"Eagles Nest"}},
{"type":"Feature","geometry":{"type":"Point","coordinates":[33.75849,-13.98202]},"properties":{"id":3404136183,"kind":"poi","cat":"guest_house","name":"Cluny Lodge","website":"http://www.clunylodge.net"}},
{"type":"Feature","geometry":{"type":"Point","coordinates":[33.78615,-13.96918]},"properties":{"id":3419961664,"kind":"poi","cat":"hotel","name":"Woodlands Lilongwe"}},
{"type":"Feature","geometry":{"type":"Point","coordinates":[34.05896,-11.4851]},"properties":{"id":3492753301,"kind":"poi","cat":"hotel","name":"Lake View Ridge Resort"}},
{"type":"Feature","geometry":{"type":"Point","coordinates":[35.38948,-15.34265]},"properties":{"id":3499509712,"kind":"poi","cat":"guest_house","name":"PaJokala","phone":"+265992947600"}},
{"type":"Feature","geometry":{"type":"Point","coordinates":[34.80092,-11.27875]},"properties":{"id":3527001703,"kind":"poi","cat":"hotel","name":""}},
{"type":"Feature","geometry":{"type":"Point","coordinates":[34.19011,-10.6944]},"properties":{"id":3621838628,"kind":"poi","cat":"attraction","name":"Hot Springs"}},
{"type":"Feature","geometry":{"type":"Point","coordinates":[35.04018,-14.19502]},"properties":{"id":3677605292,"kind":"poi","cat":"hotel","name":"baobab beach resort","operator":"dofu"}},
{"type":"Feature","geometry":{"type":"Point","coordinates":[35.54927,-16.00207]},"properties":{"id":3730927561,"kind":"poi","cat":"viewpoint","name":"The Crater"}},
{"type":"Feature","geometry":{"type":"Point","coordinates":[35.23745,-15.02523]},"properties":{"id":3836816807,"kind":"poi","cat":"hotel","name":"Bushman's Baobabs"}},
{"type":"Feature","geometry":{"type":"Point","coordinates":[34.83815,-14.02638]},"properties":{"id":3836816808,"kind":"poi","cat":"guest_house","name":"Cape maclear","website":"https://www.mgozalodge.com/","phone":"+265 995 63 21 05"}},
{"type":"Feature","geometry":{"type":"Point","coordinates":[34.82944,-14.0324]},"properties":{"id":3893472456,"kind":"poi","cat":"hotel","name":"Ero Lodge"}},
{"type":"Feature","geometry":{"type":"Point","coordinates":[34.8307,-14.03134]},"properties":{"id":3893478157,"kind":"poi","cat":"hotel","name":"Funky Cichlid Backpackers"}},
{"type":"Feature","geometry":{"type":"Point","coordinates":[34.83042,-14.03208]},"properties":{"id":3893478158,"kind":"poi","cat":"hotel","name":"Annie\u00b4s Lodge"}},
{"type":"Feature","geometry":{"type":"Point","coordinates":[34.82907,-14.03254]},"properties":{"id":3893479393,"kind":"poi","cat":"hotel","name":"Lujeri Cottage"}},
{"type":"Feature","geometry":{"type":"Point","coordinates":[34.82883,-14.03267]},"properties":{"id":3893479394,"kind":"poi","cat":"hotel","name":"Danforth Yachting"}},
{"type":"Feature","geometry":{"type":"Point","coordinates":[33.9986,-11.46393]},"properties":{"id":3927100172,"kind":"poi","cat":"hotel","name":"Grand Palace Hotel"}},
{"type":"Feature","geometry":{"type":"Point","coordinates":[34.52029,-13.99931]},"properties":{"id":4031378234,"kind":"poi","cat":"hotel","name":"Chitsulo Lodge and Convention Centre","phone":"+265 995642951","operator":"Diocese of Dedza"}},
{"type":"Feature","geometry":{"type":"Point","coordinates":[34.61694,-13.77704]},"properties":{"id":4031573739,"kind":"poi","cat":"guest_house","name":"Red Zebra Lodge, Kambiri Point","website":"http://lakemalawi.com","phone":"+265 1 263 165","operator":"Esther Grant"}},
{"type":"Feature","geometry":{"type":"Point","coordinates":[34.52078,-13.99957]},"properties":{"id":4031610517,"kind":"poi","cat":"hotel","name":"Convention Centre restaurant and bar"}},
{"type":"Feature","geometry":{"type":"Point","coordinates":[33.86023,-11.02131]},"properties":{"id":4031635904,"kind":"poi","cat":"motel","name":"Country Annex Lodge"}},
{"type":"Feature","geometry":{"type":"Point","coordinates":[33.64943,-11.13463]},"properties":{"id":4031703852,"kind":"poi","cat":"guest_house","name":"Kazuni lake cabins"}},
{"type":"Feature","geometry":{"type":"Point","coordinates":[35.05914,-15.80341]},"properties":{"id":4146637790,"kind":"poi","cat":"motel","name":"Priest Guest House Lodge","description":"From Blantyre after the Shoprite on the right (roundabout) and the St Matthews Church on the left keep left from the Kamuzu Highway to the Tsiranana Road."}},
{"type":"Feature","geometry":{"type":"Point","coordinates":[34.99935,-15.79587]},"properties":{"id":4182984226,"kind":"poi","cat":"hostel","name":"Pedros Lodge","website":"http://www.pedroslodge.com/"}},
{"type":"Feature","geometry":{"type":"Point","coordinates":[35.00157,-15.79612]},"properties":{"id":4182984913,"kind":"poi","cat":"hostel","name":"Sunnyside Lodge"}},
{"type":"Feature","geometry":{"type":"Point","coordinates":[34.17534,-10.58627]},"properties":{"id":4198169489,"kind":"poi","cat":"hostel","name":"Hakuna Matata","phone":"+265 999 31 51 95"}},
{"type":"Feature","geometry":{"type":"Point","coordinates":[34.17554,-10.5856]},"properties":{"id":4198169589,"kind":"poi","cat":"camp_site","name":"Hakuna Matata"}},
{"type":"Feature","geometry":{"type":"Point","coordinates":[34.84062,-14.02488]},"properties":{"id":4209491592,"kind":"poi","cat":"hostel","name":"Cape MacLodge"}},
{"type":"Feature","geometry":{"type":"Point","coordinates":[35.07394,-15.80279]},"properties":{"id":4221228721,"kind":"poi","cat":"guest_house","name":"Limbe Guest House"}},
{"type":"Feature","geometry":{"type":"Point","coordinates":[33.8591,-11.02286]},"properties":{"id":4221482394,"kind":"poi","cat":"motel","name":"First Sandbag House Lodge in Rumphi","description":"First Sandbag House prototype in Rumphi initiated and financed by www.SupportMalawi.org together with Roscher Youth Development Centre in 2015."}},
{"type":"Feature","geometry":{"type":"Point","coordinates":[33.85907,-11.01674]},"properties":{"id":4223492553,"kind":"poi","cat":"motel","name":"Tukupalisha Lodge and Conferences"}},
{"type":"Feature","geometry":{"type":"Point","coordinates":[34.73406,-15.81636]},"properties":{"id":4238898946,"kind":"poi","cat":"hotel","name":"Mkulumadzi Lodge"}},
{"type":"Feature","geometry":{"type":"Point","coordinates":[33.76436,-13.9893]},"properties":{"id":4243949191,"kind":"poi","cat":"hostel","name":"Mufatse Lodge & Camp Site","phone":"0995328881"}},
{"type":"Feature","geometry":{"type":"Point","coordinates":[33.76432,-13.98326]},"properties":{"id":4243959689,"kind":"poi","cat":"hotel","name":"Crown Hotel","website":"www.crownhotelmalawi.com","phone":"01751560"}},
{"type":"Feature","geometry":{"type":"Point","coordinates":[34.30486,-11.61226]},"properties":{"id":4266655398,"kind":"poi","cat":"camp_site","name":"Butterfly Space Camping","phone":"+265 999 15 63 35"}},
{"type":"Feature","geometry":{"type":"Point","coordinates":[34.3031,-11.61854]},"properties":{"id":4273143690,"kind":"poi","cat":"artwork","name":"Unu House Art Gallery"}},
{"type":"Feature","geometry":{"type":"Point","coordinates":[33.92685,-9.89397]},"properties":{"id":4324969591,"kind":"poi","cat":"camp_site","name":"Beach Chamber"}},
{"type":"Feature","geometry":{"type":"Point","coordinates":[34.29802,-12.93149]},"properties":{"id":4336770063,"kind":"poi","cat":"attraction","name":"Livingstone Tree"}},
{"type":"Feature","geometry":{"type":"Point","coordinates":[34.58894,-13.66629]},"properties":{"id":4344802292,"kind":"poi","cat":"hotel","name":"Kumbali"}},
{"type":"Feature","geometry":{"type":"Point","coordinates":[35.36218,-15.09616]},"properties":{"id":4377658818,"kind":"poi","cat":"attraction","name":"Malape Pillars, aka Chikala pillers","description":"Natural pillars of fortified sand, up to 5m high"}},
{"type":"Feature","geometry":{"type":"Point","coordinates":[35.01151,-15.79272]},"properties":{"id":4377684339,"kind":"poi","cat":"museum","name":"Mandala House","description":"Oldest 2-storey building in Malawi","wikipedia":"en:Mandala House"}},
{"type":"Feature","geometry":{"type":"Point","coordinates":[33.47772,-13.05302]},"properties":{"id":4386157151,"kind":"poi","cat":"motel","name":"Kasungu Lodge"}},
{"type":"Feature","geometry":{"type":"Point","coordinates":[35.01597,-15.79897]},"properties":{"id":4406138509,"kind":"poi","cat":"hostel","name":"Mandala Guesthause"}},
{"type":"Feature","geometry":{"type":"Point","coordinates":[34.11118,-10.6053]},"properties":{"id":4428856989,"kind":"poi","cat":"information","name":"Monument"}},
{"type":"Feature","geometry":{"type":"Point","coordinates":[35.01064,-15.80334]},"properties":{"id":4446373628,"kind":"poi","cat":"guest_house","name":"The Leslie"}},
{"type":"Feature","geometry":{"type":"Point","coordinates":[33.76231,-13.99613]},"properties":{"id":4451237192,"kind":"poi","cat":"hotel","name":"Mafumu Deluxe Suites"}},
{"type":"Feature","geometry":{"type":"Point","coordinates":[34.8475,-14.01815]},"properties":{"id":4455267494,"kind":"poi","cat":"hotel","name":"Nova Vita"}},
{"type":"Feature","geometry":{"type":"Point","coordinates":[34.83742,-14.02724]},"properties":{"id":4455451091,"kind":"poi","cat":"hotel","name":"Nyanja Cottage"}},
{"type":"Feature","geometry":{"type":"Point","coordinates":[34.84398,-14.02441]},"properties":{"id":4455451389,"kind":"poi","cat":"guest_house","name":""}},
{"type":"Feature","geometry":{"type":"Point","coordinates":[34.29697,-12.93261]},"properties":{"id":4467980805,"kind":"poi","cat":"attraction","name":"Mkungu Tree, under this tree Jumbe Salim Bin Abudala, the slave trader reside here for the sake of slave trade. see also Livingstone tree, approx. 200 meters from here."}},
{"type":"Feature","geometry":{"type":"Point","coordinates":[35.29121,-15.43595]},"properties":{"id":4479310789,"kind":"poi","cat":"motel","name":"5Miles Lodge","opening_hours":"24/7"}},
{"type":"Feature","geometry":{"type":"Point","coordinates":[34.62173,-13.70958]},"properties":{"id":4494357572,"kind":"poi","cat":"camp_site","name":"Safari Beach Lodge"}},
{"type":"Feature","geometry":{"type":"Point","coordinates":[35.02894,-15.76267]},"properties":{"id":4499502992,"kind":"poi","cat":"guest_house","name":""}},
{"type":"Feature","geometry":{"type":"Point","coordinates":[35.02896,-15.76241]},"properties":{"id":4499502994,"kind":"poi","cat":"guest_house","name":""}},
{"type":"Feature","geometry":{"type":"Point","coordinates":[35.02896,-15.76221]},"properties":{"id":4499502995,"kind":"poi","cat":"guest_house","name":""}},
{"type":"Feature","geometry":{"type":"Point","coordinates":[35.0501,-15.84328]},"properties":{"id":4509220498,"kind":"poi","cat":"picnic_site","name":""}},
{"type":"Feature","geometry":{"type":"Point","coordinates":[34.01659,-9.499]},"properties":{"id":4523193087,"kind":"poi","cat":"camp_site","name":"Matema Beach Resort"}},
{"type":"Feature","geometry":{"type":"Point","coordinates":[35.30012,-16.01272]},"properties":{"id":4572535992,"kind":"poi","cat":"attraction","name":"Bandawe House"}},
{"type":"Feature","geometry":{"type":"Point","coordinates":[34.01624,-11.46576]},"properties":{"id":4612455989,"kind":"poi","cat":"hotel","name":"Umunthu Camp","phone":"+265 992 41 7916","opening_hours":"Mo-Su 07:00-20:00"}},
{"type":"Feature","geometry":{"type":"Point","coordinates":[34.01439,-11.45334]},"properties":{"id":4634155089,"kind":"poi","cat":"motel","name":"Mphatso Motel","website":"http://www.mphatsomotelmw.com","phone":"999754979","opening_hours":"24/7"}},
{"type":"Feature","geometry":{"type":"Point","coordinates":[33.99194,-11.41505]},"properties":{"id":4634155090,"kind":"poi","cat":"motel","name":"Kaka Motel"}},
{"type":"Feature","geometry":{"type":"Point","coordinates":[33.67214,-14.0021]},"properties":{"id":4639389585,"kind":"poi","cat":"camp_site","name":"Barefoot Camp"}},
{"type":"Feature","geometry":{"type":"Point","coordinates":[35.00476,-15.80349]},"properties":{"id":4656259538,"kind":"poi","cat":"hotel","name":"Annie\u2019s Flats","description":"Furnished apartments"}},
{"type":"Feature","geometry":{"type":"Point","coordinates":[34.42908,-13.70637]},"properties":{"id":4666672690,"kind":"poi","cat":"information","name":"Kuti Office"}},
{"type":"Feature","geometry":{"type":"Point","coordinates":[34.0166,-13.3754]},"properties":{"id":4690513645,"kind":"poi","cat":"viewpoint","name":"Flat rock viewpoint E. 1365 m."}},
{"type":"Feature","geometry":{"type":"Point","coordinates":[34.00176,-13.37037]},"properties":{"id":4690539917,"kind":"poi","cat":"viewpoint","name":"Western viewpoint E. 1640 m."}},
{"type":"Feature","geometry":{"type":"Point","coordinates":[34.00416,-13.3763]},"properties":{"id":4690539929,"kind":"poi","cat":"viewpoint","name":"Viewpoint E. 1563 m."}},
{"type":"Feature","geometry":{"type":"Point","coordinates":[34.42209,-13.72164]},"properties":{"id":4698528298,"kind":"poi","cat":"viewpoint","name":"Sunset Deck"}},
{"type":"Feature","geometry":{"type":"Point","coordinates":[35.34879,-15.38322]},"properties":{"id":4718707790,"kind":"poi","cat":"guest_house","name":""}},
{"type":"Feature","geometry":{"type":"Point","coordinates":[34.51965,-15.60519]},"properties":{"id":4720528897,"kind":"poi","cat":"guest_house","name":"Tikondane Executive Lodge"}},
{"type":"Feature","geometry":{"type":"Point","coordinates":[34.51955,-15.60484]},"properties":{"id":4720554991,"kind":"poi","cat":"guest_house","name":"Limbikani lodge and restaurant"}},
{"type":"Feature","geometry":{"type":"Point","coordinates":[34.51578,-15.60328]},"properties":{"id":4720610390,"kind":"poi","cat":"hotel","name":"Diamond Lodge"}},
{"type":"Feature","geometry":{"type":"Point","coordinates":[34.42189,-13.72083]},"properties":{"id":4730693121,"kind":"poi","cat":"attraction","name":"Sunset Deck","opening_hours":"Mo-Su 09:00-18:30"}},
{"type":"Feature","geometry":{"type":"Point","coordinates":[35.34968,-15.44756]},"properties":{"id":4749153724,"kind":"poi","cat":"attraction","name":"James Junction, road to Lambulira"}},
{"type":"Feature","geometry":{"type":"Point","coordinates":[34.00234,-13.38077]},"properties":{"id":4774166124,"kind":"poi","cat":"viewpoint","name":"Sunset rock E. 1455 m."}},
{"type":"Feature","geometry":{"type":"Point","coordinates":[35.33376,-15.37893]},"properties":{"id":4789905424,"kind":"poi","cat":"attraction","name":"Dignitas International"}},
{"type":"Feature","geometry":{"type":"Point","coordinates":[35.33384,-15.37933]},"properties":{"id":4789905523,"kind":"poi","cat":"attraction","name":"Good Vision Camp"}},
{"type":"Feature","geometry":{"type":"Point","coordinates":[35.02745,-15.80363]},"properties":{"id":4835121922,"kind":"poi","cat":"hostel","name":"Mpingwe","operator":"University of Malawi, The Polytechnic"}},
{"type":"Feature","geometry":{"type":"Point","coordinates":[33.86601,-11.01607]},"properties":{"id":4849439621,"kind":"poi","cat":"motel","name":"Adios Lodge and Camping"}},
{"type":"Feature","geometry":{"type":"Point","coordinates":[35.31858,-15.38349]},"properties":{"id":4849594394,"kind":"poi","cat":"information","name":"Tourist information"}},
{"type":"Feature","geometry":{"type":"Point","coordinates":[34.62112,-13.72622]},"properties":{"id":4857605107,"kind":"poi","cat":"hotel","name":"Malimba Lodge"}},
{"type":"Feature","geometry":{"type":"Point","coordinates":[35.22078,-17.11911]},"properties":{"id":4860301178,"kind":"poi","cat":"artwork","name":""}},
{"type":"Feature","geometry":{"type":"Point","coordinates":[34.29886,-12.91235]},"properties":{"id":4864634021,"kind":"poi","cat":"hotel","name":"Stima Inn"}},
{"type":"Feature","geometry":{"type":"Point","coordinates":[33.68372,-14.16255]},"properties":{"id":4874241259,"kind":"poi","cat":"attraction","name":"Kamuzu Dam 2"}},
{"type":"Feature","geometry":{"type":"Point","coordinates":[35.36636,-15.37586]},"properties":{"id":4881585922,"kind":"poi","cat":"guest_house","name":"Pangapanga Residence Zomba-Upper Darful"}},
{"type":"Feature","geometry":{"type":"Point","coordinates":[33.78772,-14.0934]},"properties":{"id":4881592421,"kind":"poi","cat":"guest_house","name":"Pangapanga"}},
{"type":"Feature","geometry":{"type":"Point","coordinates":[35.5432,-15.90826]},"properties":{"id":4883607021,"kind":"poi","cat":"camp_site","name":"Chambe Hut camping"}},
{"type":"Feature","geometry":{"type":"Point","coordinates":[35.50293,-16.02459]},"properties":{"id":4883746221,"kind":"poi","cat":"hotel","name":""}},
{"type":"Feature","geometry":{"type":"Point","coordinates":[35.01555,-15.79843]},"properties":{"id":4889076722,"kind":"poi","cat":"hotel","name":"Serenity Essence of Luxury","phone":"01872019"}},
{"type":"Feature","geometry":{"type":"Point","coordinates":[34.63763,-14.81265]},"properties":{"id":4903411826,"kind":"poi","cat":"guest_house","name":""}},
{"type":"Feature","geometry":{"type":"Point","coordinates":[34.03505,-11.45359]},"properties":{"id":4917069122,"kind":"poi","cat":"motel","name":""}},
{"type":"Feature","geometry":{"type":"Point","coordinates":[33.76309,-13.9917]},"properties":{"id":4943623022,"kind":"poi","cat":"artwork","name":"office Lilongwe"}},
{"type":"Feature","geometry":{"type":"Point","coordinates":[33.772,-13.97377]},"properties":{"id":4946403723,"kind":"poi","cat":"artwork","name":"The Print Shop"}},
{"type":"Feature","geometry":{"type":"Point","coordinates":[34.29706,-11.61061]},"properties":{"id":4955450426,"kind":"poi","cat":"attraction","name":"KIDU CINEMA"}},
{"type":"Feature","geometry":{"type":"Point","coordinates":[34.43825,-13.77677]},"properties":{"id":4956689521,"kind":"poi","cat":"hotel","name":"Palms lodge"}},
{"type":"Feature","geometry":{"type":"Point","coordinates":[34.04273,-11.44093]},"properties":{"id":4956764124,"kind":"poi","cat":"hotel","name":"Macondo camp","website":"https://www.macondocamp.com/"}},
{"type":"Feature","geometry":{"type":"Point","coordinates":[35.22851,-15.06829]},"properties":{"id":4958616821,"kind":"poi","cat":"guest_house","name":"MILANZI RESTHOUSE"}},
{"type":"Feature","geometry":{"type":"Point","coordinates":[34.32486,-14.38999]},"properties":{"id":4979303821,"kind":"poi","cat":"artwork","name":"deza"}},
{"type":"Feature","geometry":{"type":"Point","coordinates":[34.83732,-14.02731]},"properties":{"id":5005641521,"kind":"poi","cat":"chalet","name":"Warm Heart Adventure Lodge"}},
{"type":"Feature","geometry":{"type":"Point","coordinates":[34.66182,-15.97893]},"properties":{"id":5021387721,"kind":"poi","cat":"viewpoint","name":"Waterhole Pende 1"}},
{"type":"Feature","geometry":{"type":"Point","coordinates":[34.63608,-15.96381]},"properties":{"id":5021387722,"kind":"poi","cat":"viewpoint","name":"Waterhole Pende 2"}},
{"type":"Feature","geometry":{"type":"Point","coordinates":[35.00912,-15.80441]},"properties":{"id":5021493021,"kind":"poi","cat":"hotel","name":"Mount Pleasent Inn"}},
{"type":"Feature","geometry":{"type":"Point","coordinates":[34.60277,-13.76566]},"properties":{"id":5029151521,"kind":"poi","cat":"attraction","name":"Crocodile Farm"}},
{"type":"Feature","geometry":{"type":"Point","coordinates":[33.0571,-12.88032]},"properties":{"id":5031752364,"kind":"poi","cat":"attraction","name":"Rock painting"}},
{"type":"Feature","geometry":{"type":"Point","coordinates":[33.81158,-10.58696]},"properties":{"id":5056496821,"kind":"poi","cat":"alpine_hut","name":"Celinda Camp"}},
{"type":"Feature","geometry":{"type":"Point","coordinates":[34.04248,-11.44076]},"properties":{"id":5059790522,"kind":"poi","cat":"guest_house","name":"Mocondo Camp","website":"http://www.Mocondocamp.com","phone":"+265 991792311"}},
{"type":"Feature","geometry":{"type":"Point","coordinates":[34.04242,-11.44069]},"properties":{"id":5059825321,"kind":"poi","cat":"camp_site","name":"Mocondo Camp","phone":"+265 991 79 23 11"}},
{"type":"Feature","geometry":{"type":"Point","coordinates":[34.92677,-14.09312]},"properties":{"id":5083981623,"kind":"poi","cat":"hostel","name":"Venice Beach Backpackers"}},
{"type":"Feature","geometry":{"type":"Point","coordinates":[34.8346,-14.02883]},"properties":{"id":5137405757,"kind":"poi","cat":"motel","name":"Indaba Lodge"}},
{"type":"Feature","geometry":{"type":"Point","coordinates":[34.68751,-14.71221]},"properties":{"id":5177887022,"kind":"poi","cat":"artwork","name":"23/0"}},
{"type":"Feature","geometry":{"type":"Point","coordinates":[34.849,-14.91611]},"properties":{"id":5177915121,"kind":"poi","cat":"artwork","name":"Kptl stor"}},
{"type":"Feature","geometry":{"type":"Point","coordinates":[34.69525,-14.71867]},"properties":{"id":5177915122,"kind":"poi","cat":"artwork","name":"22/4 loc"}},
{"type":"Feature","geometry":{"type":"Point","coordinates":[34.68635,-14.70918]},"properties":{"id":5177915123,"kind":"poi","cat":"artwork","name":"23/1"}},
{"type":"Feature","geometry":{"type":"Point","coordinates":[34.66373,-14.67962]},"properties":{"id":5177915124,"kind":"poi","cat":"artwork","name":"25/1"}},
{"type":"Feature","geometry":{"type":"Point","coordinates":[34.63007,-14.62183]},"properties":{"id":5179737030,"kind":"poi","cat":"artwork","name":"29/0"}},
{"type":"Feature","geometry":{"type":"Point","coordinates":[34.65066,-14.66525]},"properties":{"id":5183048524,"kind":"poi","cat":"artwork","name":"26/0"}},
{"type":"Feature","geometry":{"type":"Point","coordinates":[34.63125,-14.62062]},"properties":{"id":5183048525,"kind":"poi","cat":"artwork","name":"29/0"}},
{"type":"Feature","geometry":{"type":"Point","coordinates":[34.63936,-14.64203]},"properties":{"id":5183048526,"kind":"poi","cat":"artwork","name":"27/0"}},
{"type":"Feature","geometry":{"type":"Point","coordinates":[34.63314,-14.6339]},"properties":{"id":5183222921,"kind":"poi","cat":"artwork","name":"28/0"}},
{"type":"Feature","geometry":{"type":"Point","coordinates":[34.62096,-14.60236]},"properties":{"id":5183266421,"kind":"poi","cat":"artwork","name":"29/5"}},
{"type":"Feature","geometry":{"type":"Point","coordinates":[34.61924,-14.59887]},"properties":{"id":5183448421,"kind":"poi","cat":"artwork","name":"30/0"}},
{"type":"Feature","geometry":{"type":"Point","coordinates":[34.61563,-14.58288]},"properties":{"id":5184320021,"kind":"poi","cat":"artwork","name":"31/0"}},
{"type":"Feature","geometry":{"type":"Point","coordinates":[34.61108,-14.57714]},"properties":{"id":5188116523,"kind":"poi","cat":"artwork","name":"31/2"}},
{"type":"Feature","geometry":{"type":"Point","coordinates":[34.60797,-14.57446]},"properties":{"id":5188122022,"kind":"poi","cat":"artwork","name":"31/2A"}},
{"type":"Feature","geometry":{"type":"Point","coordinates":[34.60478,-14.5689]},"properties":{"id":5188122023,"kind":"poi","cat":"artwork","name":"31/3"}},
{"type":"Feature","geometry":{"type":"Point","coordinates":[34.61355,-14.57979]},"properties":{"id":5188169621,"kind":"poi","cat":"artwork","name":"31/1"}},
{"type":"Feature","geometry":{"type":"Point","coordinates":[34.60206,-14.5631]},"properties":{"id":5188169622,"kind":"poi","cat":"artwork","name":"32/0"}},
{"type":"Feature","geometry":{"type":"Point","coordinates":[34.58785,-14.55067]},"properties":{"id":5188170021,"kind":"poi","cat":"artwork","name":"33/0"}},
{"type":"Feature","geometry":{"type":"Point","coordinates":[34.57238,-14.52563]},"properties":{"id":5188509821,"kind":"poi","cat":"artwork","name":"33/7"}},
{"type":"Feature","geometry":{"type":"Point","coordinates":[34.76532,-14.80946]},"properties":{"id":5195560522,"kind":"poi","cat":"artwork","name":"17/5"}},
{"type":"Feature","geometry":{"type":"Point","coordinates":[34.75925,-14.79886]},"properties":{"id":5195613121,"kind":"poi","cat":"artwork","name":"17/8"}},
{"type":"Feature","geometry":{"type":"Point","coordinates":[34.77368,-14.82423]},"properties":{"id":5201864534,"kind":"poi","cat":"artwork","name":"18/1"}},
{"type":"Feature","geometry":{"type":"Point","coordinates":[34.74211,-14.76916]},"properties":{"id":5201864535,"kind":"poi","cat":"artwork","name":"19/0"}},
{"type":"Feature","geometry":{"type":"Point","coordinates":[34.70222,-14.72388]},"properties":{"id":5201882927,"kind":"poi","cat":"artwork","name":"22/1"}},
{"type":"Feature","geometry":{"type":"Point","coordinates":[34.7071,-14.72902]},"properties":{"id":5201899822,"kind":"poi","cat":"artwork","name":"21/5"}},
{"type":"Feature","geometry":{"type":"Point","coordinates":[34.84504,-14.96939]},"properties":{"id":5201899823,"kind":"poi","cat":"artwork","name":"12/6"}},
{"type":"Feature","geometry":{"type":"Point","coordinates":[34.84648,-14.96503]},"properties":{"id":5202025523,"kind":"poi","cat":"artwork","name":"12/7"}},
{"type":"Feature","geometry":{"type":"Point","coordinates":[34.76118,-14.80238]},"properties":{"id":5203771057,"kind":"poi","cat":"artwork","name":"18/7"}},
{"type":"Feature","geometry":{"type":"Point","coordinates":[34.8287,-14.88046]},"properties":{"id":5203805823,"kind":"poi","cat":"artwork","name":"15/0"}},
{"type":"Feature","geometry":{"type":"Point","coordinates":[34.80883,-14.85698]},"properties":{"id":5203845621,"kind":"poi","cat":"artwork","name":"17/0"}},
{"type":"Feature","geometry":{"type":"Point","coordinates":[34.81349,-14.85872]},"properties":{"id":5212638922,"kind":"poi","cat":"artwork","name":"16/4"}},
{"type":"Feature","geometry":{"type":"Point","coordinates":[34.82446,-14.87251]},"properties":{"id":5227005221,"kind":"poi","cat":"artwork","name":"16/0"}},
{"type":"Feature","geometry":{"type":"Point","coordinates":[33.91929,-9.9434]},"properties":{"id":5231990722,"kind":"poi","cat":"guest_house","name":"Kapata lodge","phone":"0881 90 65 06"}},
{"type":"Feature","geometry":{"type":"Point","coordinates":[34.60803,-13.76804]},"properties":{"id":5276596729,"kind":"poi","cat":"hotel","name":"Blue Waters"}},
{"type":"Feature","geometry":{"type":"Point","coordinates":[33.5284,-13.90847]},"properties":{"id":5306134721,"kind":"poi","cat":"guest_house","name":"Chingalire"}},
{"type":"Feature","geometry":{"type":"Point","coordinates":[33.76195,-13.98169]},"properties":{"id":5316010322,"kind":"poi","cat":"hotel","name":"Area 3 Lodge"}},
{"type":"Feature","geometry":{"type":"Point","coordinates":[33.77653,-13.96467]},"properties":{"id":5316039321,"kind":"poi","cat":"hotel","name":"Riverside Hotel"}},
{"type":"Feature","geometry":{"type":"Point","coordinates":[33.94415,-9.93396]},"properties":{"id":5316546922,"kind":"poi","cat":"hotel","name":"Club Marina"}},
{"type":"Feature","geometry":{"type":"Point","coordinates":[33.93554,-9.93369]},"properties":{"id":5316557421,"kind":"poi","cat":"hotel","name":"Sumuka Inn"}},
{"type":"Feature","geometry":{"type":"Point","coordinates":[34.07883,-11.9847]},"properties":{"id":5325561921,"kind":"poi","cat":"hostel","name":"mukhala beach lodge","phone":"0999275599"}},
{"type":"Feature","geometry":{"type":"Point","coordinates":[33.91827,-9.94072]},"properties":{"id":5327665721,"kind":"poi","cat":"hotel","name":"Pasfic Lodge","phone":"0991 46 54 72"}},
{"type":"Feature","geometry":{"type":"Point","coordinates":[33.52813,-13.90821]},"properties":{"id":5330699821,"kind":"poi","cat":"guest_house","name":"Chingalire Rural Homestay"}},
{"type":"Feature","geometry":{"type":"Point","coordinates":[34.10082,-11.93423]},"properties":{"id":5331377928,"kind":"poi","cat":"hotel","name":"Kande Horse","website":"https://kandehorse.com/","phone":"0888500416"}},
{"type":"Feature","geometry":{"type":"Point","coordinates":[35.24003,-15.02771]},"properties":{"id":5331377932,"kind":"poi","cat":"viewpoint","name":"Liwonde Safari Camp Viewpoint"}},
{"type":"Feature","geometry":{"type":"Point","coordinates":[34.3343,-14.38384]},"properties":{"id":5331377934,"kind":"poi","cat":"hotel","name":"Rainbow"}},
{"type":"Feature","geometry":{"type":"Point","coordinates":[33.72561,-12.12586]},"properties":{"id":5338587922,"kind":"poi","cat":"viewpoint","name":"Plateau stables"}},
{"type":"Feature","geometry":{"type":"Point","coordinates":[33.44376,-14.25424]},"properties":{"id":5344324124,"kind":"poi","cat":"alpine_hut","name":"Dzalanyama Forest Lodge"}},
{"type":"Feature","geometry":{"type":"Point","coordinates":[33.64165,-14.17442]},"properties":{"id":5344324223,"kind":"poi","cat":"viewpoint","name":"Kamuzu Dam"}},
{"type":"Feature","geometry":{"type":"Point","coordinates":[34.86212,-14.10304]},"properties":{"id":5344420722,"kind":"poi","cat":"hotel","name":"Pumulani","website":"https://www.robinpopesafaris.net/camps/pumulani.php"}},
{"type":"Feature","geometry":{"type":"Point","coordinates":[34.82377,-14.02412]},"properties":{"id":5344429221,"kind":"poi","cat":"viewpoint","name":"West Thumbi island"}},
{"type":"Feature","geometry":{"type":"Point","coordinates":[34.24025,-14.25112]},"properties":{"id":5344430426,"kind":"poi","cat":"viewpoint","name":"Namzeze rock art site (UNESCO world heritage site)"}},
{"type":"Feature","geometry":{"type":"Point","coordinates":[34.1707,-14.37308]},"properties":{"id":5344496521,"kind":"poi","cat":"viewpoint","name":"Mphunzi rock art area (unesco world heritage site)"}},
{"type":"Feature","geometry":{"type":"Point","coordinates":[35.31421,-15.3618]},"properties":{"id":5353618916,"kind":"poi","cat":"viewpoint","name":""}},
{"type":"Feature","geometry":{"type":"Point","coordinates":[33.54092,-9.65717]},"properties":{"id":5356615322,"kind":"poi","cat":"viewpoint","name":"Misuku Lookout"}},
{"type":"Feature","geometry":{"type":"Point","coordinates":[34.779,-11.25626]},"properties":{"id":5357500724,"kind":"poi","cat":"hotel","name":"Bio Camp lodge"}},
{"type":"Feature","geometry":{"type":"Point","coordinates":[34.77919,-11.25598]},"properties":{"id":5358209221,"kind":"poi","cat":"camp_site","name":"Bio Camp"}},
{"type":"Feature","geometry":{"type":"Point","coordinates":[34.32013,-14.38816]},"properties":{"id":5361140722,"kind":"poi","cat":"artwork","name":"may Home dedza"}},
{"type":"Feature","geometry":{"type":"Point","coordinates":[35.30429,-15.36492]},"properties":{"id":5363630271,"kind":"poi","cat":"viewpoint","name":""}},
{"type":"Feature","geometry":{"type":"Point","coordinates":[35.30755,-15.35872]},"properties":{"id":5364920029,"kind":"poi","cat":"viewpoint","name":""}},
{"type":"Feature","geometry":{"type":"Point","coordinates":[35.31762,-15.36508]},"properties":{"id":5364920038,"kind":"poi","cat":"viewpoint","name":""}},
{"type":"Feature","geometry":{"type":"Point","coordinates":[35.30712,-15.35944]},"properties":{"id":5364920046,"kind":"poi","cat":"viewpoint","name":""}},
{"type":"Feature","geometry":{"type":"Point","coordinates":[34.09428,-14.13865]},"properties":{"id":5380410528,"kind":"poi","cat":"artwork","name":"may gest house "}},
{"type":"Feature","geometry":{"type":"Point","coordinates":[33.87739,-14.16142]},"properties":{"id":5385520122,"kind":"poi","cat":"viewpoint","name":"Ngala mountain summit"}},
{"type":"Feature","geometry":{"type":"Point","coordinates":[33.26677,-9.70084]},"properties":{"id":5389465988,"kind":"poi","cat":"guest_house","name":"Mama Efelo Lodge","phone":"0881 58 48 86","opening_hours":"24/7"}},
{"type":"Feature","geometry":{"type":"Point","coordinates":[33.26776,-9.70119]},"properties":{"id":5389480069,"kind":"poi","cat":"guest_house","name":"Good-Morning Lodge"}},
{"type":"Feature","geometry":{"type":"Point","coordinates":[34.6086,-13.88626]},"properties":{"id":5390267323,"kind":"poi","cat":"hotel","name":"Blue zebra island lodge","website":"https://www.bluezebra.mw/","phone":"+265(0)992244244"}},
{"type":"Feature","geometry":{"type":"Point","coordinates":[34.71581,-15.90003]},"properties":{"id":5390267523,"kind":"poi","cat":"hotel","name":"Sunbird Thawale Lodge","website":"https://www.sunbirdmalawi.com/hotels/sunbird-thawale","phone":"+265-1-773-388"}},
{"type":"Feature","geometry":{"type":"Point","coordinates":[33.78113,-13.99806]},"properties":{"id":5396453922,"kind":"poi","cat":"hotel","name":"Simama Hotel","phone":"+265(0)1789888"}},
{"type":"Feature","geometry":{"type":"Point","coordinates":[33.27419,-9.7032]},"properties":{"id":5398425916,"kind":"poi","cat":"guest_house","name":"Mupelachisa Guest House","phone":"0883 72 03 59"}},
{"type":"Feature","geometry":{"type":"Point","coordinates":[35.28323,-15.33176]},"properties":{"id":5401910848,"kind":"poi","cat":"viewpoint","name":""}},
{"type":"Feature","geometry":{"type":"Point","coordinates":[33.81772,-13.95518]},"properties":{"id":5402001021,"kind":"poi","cat":"hotel","name":"Mulanbe lodge"}},
{"type":"Feature","geometry":{"type":"Point","coordinates":[33.81592,-13.95597]},"properties":{"id":5402001121,"kind":"poi","cat":"hotel","name":"Platinum"}},
{"type":"Feature","geometry":{"type":"Point","coordinates":[33.77424,-13.99652]},"properties":{"id":5409655323,"kind":"poi","cat":"hotel","name":"Crown Lodge"}},
{"type":"Feature","geometry":{"type":"Point","coordinates":[33.75312,-13.97702]},"properties":{"id":5409952521,"kind":"poi","cat":"apartment","name":"Ellis lodge"}},
{"type":"Feature","geometry":{"type":"Point","coordinates":[33.82932,-13.95074]},"properties":{"id":5410102522,"kind":"poi","cat":"apartment","name":"Area 44"}},
{"type":"Feature","geometry":{"type":"Point","coordinates":[33.61543,-9.7313]},"properties":{"id":5417210426,"kind":"poi","cat":"information","name":""}},
{"type":"Feature","geometry":{"type":"Point","coordinates":[33.27196,-9.70217]},"properties":{"id":5417392521,"kind":"poi","cat":"guest_house","name":"Weekend Town Lodge","phone":"0884107007"}},
{"type":"Feature","geometry":{"type":"Point","coordinates":[33.74181,-13.97175]},"properties":{"id":5421990028,"kind":"poi","cat":"attraction","name":"Capital Kids Play Centre","website":"https://facebook.com/Capital-Kids-Play-Centre-1981399568848894/","phone":"0996 65 94 63"}},
{"type":"Feature","geometry":{"type":"Point","coordinates":[34.42705,-13.76781]},"properties":{"id":5424792611,"kind":"poi","cat":"guest_house","name":"Sunshine Lodge"}},
{"type":"Feature","geometry":{"type":"Point","coordinates":[35.25413,-14.47531]},"properties":{"id":5424796405,"kind":"poi","cat":"guest_house","name":"Perfect Lodge"}},
{"type":"Feature","geometry":{"type":"Point","coordinates":[33.7627,-13.95135]},"properties":{"id":5431704444,"kind":"poi","cat":"guest_house","name":"Majestic cottage","opening_hours":"24/7"}},
{"type":"Feature","geometry":{"type":"Point","coordinates":[35.06333,-15.8536]},"properties":{"id":5463547903,"kind":"poi","cat":"hotel","name":"Morning Up Lodge"}},
{"type":"Feature","geometry":{"type":"Point","coordinates":[33.7967,-13.92966]},"properties":{"id":5469211222,"kind":"poi","cat":"hotel","name":"Latitude 13\u309c","website":"http://www.thelatitudehotels.com","phone":"01795965"}},
{"type":"Feature","geometry":{"type":"Point","coordinates":[34.29895,-11.60936]},"properties":{"id":5473144621,"kind":"poi","cat":"hotel","name":"Ilala  Bay Lodge"}},
{"type":"Feature","geometry":{"type":"Point","coordinates":[33.03863,-13.82895]},"properties":{"id":5481980225,"kind":"poi","cat":"guest_house","name":"Rest house Kamwendo"}},
{"type":"Feature","geometry":{"type":"Point","coordinates":[33.98547,-13.90848]},"properties":{"id":5488988623,"kind":"poi","cat":"viewpoint","name":"Mothela Hill"}},
{"type":"Feature","geometry":{"type":"Point","coordinates":[33.75041,-13.97204]},"properties":{"id":5489165224,"kind":"poi","cat":"attraction","name":"Dream Land\u3000park and restaurant","phone":"0991000666","opening_hours":"Fr-Su 10:00-22:00; Mo-Th 10:00-21:00"}},
{"type":"Feature","geometry":{"type":"Point","coordinates":[33.54704,-14.43776]},"properties":{"id":5489242128,"kind":"poi","cat":"viewpoint","name":"Silamwezi Hill"}},
{"type":"Feature","geometry":{"type":"Point","coordinates":[33.99306,-13.9023]},"properties":{"id":5507626022,"kind":"poi","cat":"viewpoint","name":"Chiwamba hill"}},
{"type":"Feature","geometry":{"type":"Point","coordinates":[34.09306,-10.82746]},"properties":{"id":5518121151,"kind":"poi","cat":"viewpoint","name":"Kandewe traditional bamboo suspension bridge"}},
{"type":"Feature","geometry":{"type":"Point","coordinates":[34.13607,-10.58838]},"properties":{"id":5518180623,"kind":"poi","cat":"wilderness_hut","name":"Main Entrance to Mushroom Farm"}},
{"type":"Feature","geometry":{"type":"Point","coordinates":[34.16298,-10.63187]},"properties":{"id":5520500021,"kind":"poi","cat":"viewpoint","name":"Chombe peak view point"}},
{"type":"Feature","geometry":{"type":"Point","coordinates":[34.11984,-10.58571]},"properties":{"id":5520508221,"kind":"poi","cat":"viewpoint","name":"Cave behind the Kazichi water fall"}},
{"type":"Feature","geometry":{"type":"Point","coordinates":[34.58209,-15.80875]},"properties":{"id":5521618021,"kind":"poi","cat":"information","name":"Game Scout Camp"}},
{"type":"Feature","geometry":{"type":"Point","coordinates":[34.74474,-15.90317]},"properties":{"id":5521668073,"kind":"poi","cat":"information","name":"African Parks Administration office","operator":"African Parks Network"}},
{"type":"Feature","geometry":{"type":"Point","coordinates":[34.03149,-11.45082]},"properties":{"id":5525475544,"kind":"poi","cat":"hotel","name":"Ilala Crest Lodge"}},
{"type":"Feature","geometry":{"type":"Point","coordinates":[34.01282,-11.45114]},"properties":{"id":5528499222,"kind":"poi","cat":"guest_house","name":"Sungawana Guesthouse and Restaurant"}},
{"type":"Feature","geometry":{"type":"Point","coordinates":[33.59462,-10.83535]},"properties":{"id":5534054856,"kind":"poi","cat":"information","name":"Thazima- Junior Staff Housing"}},
{"type":"Feature","geometry":{"type":"Point","coordinates":[33.59239,-10.83061]},"properties":{"id":5534054902,"kind":"poi","cat":"information","name":"DNPW Offices"}},
{"type":"Feature","geometry":{"type":"Point","coordinates":[33.59468,-10.82884]},"properties":{"id":5534055621,"kind":"poi","cat":"information","name":"Thazima- Senior Staff Housing"}},
{"type":"Feature","geometry":{"type":"Point","coordinates":[34.08795,-10.44381]},"properties":{"id":5534055669,"kind":"poi","cat":"information","name":"Njalayankhunda Game Scout Camp"}},
{"type":"Feature","geometry":{"type":"Point","coordinates":[33.80938,-10.5856]},"properties":{"id":5534098629,"kind":"poi","cat":"information","name":"Chilinda Game Scout Camp"}},
{"type":"Feature","geometry":{"type":"Point","coordinates":[33.80967,-10.58714]},"properties":{"id":5534098630,"kind":"poi","cat":"information","name":"DPNW Office"}},
{"type":"Feature","geometry":{"type":"Point","coordinates":[33.66249,-10.53206]},"properties":{"id":5534098631,"kind":"poi","cat":"information","name":"","operator":"DNPW Game Scout Camp"}},
{"type":"Feature","geometry":{"type":"Point","coordinates":[33.66351,-10.5317]},"properties":{"id":5534098633,"kind":"poi","cat":"camp_site","name":"Kaperekezi Camp"}},
{"type":"Feature","geometry":{"type":"Point","coordinates":[33.75156,-10.16874]},"properties":{"id":5534098668,"kind":"poi","cat":"information","name":"Uledi Game Scout Camp"}},
{"type":"Feature","geometry":{"type":"Point","coordinates":[33.54392,-9.66064]},"properties":{"id":5542772722,"kind":"poi","cat":"attraction","name":"Forest Entrance"}},
{"type":"Feature","geometry":{"type":"Point","coordinates":[35.01922,-15.76116]},"properties":{"id":5551850063,"kind":"poi","cat":"apartment","name":"Home_Nyambadwe","phone":"+265881114722"}},
{"type":"Feature","geometry":{"type":"Point","coordinates":[34.08792,-14.13706]},"properties":{"id":5557418727,"kind":"poi","cat":"viewpoint","name":"Diamphe Bridge"}},
{"type":"Feature","geometry":{"type":"Point","coordinates":[33.54046,-9.65988]},"properties":{"id":5567799582,"kind":"poi","cat":"attraction","name":"Forest Entrance"}},
{"type":"Feature","geometry":{"type":"Point","coordinates":[33.51646,-9.69548]},"properties":{"id":5567799736,"kind":"poi","cat":"hostel","name":"Girls' Hostel","operator":"Misuku CDSS"}},
{"type":"Feature","geometry":{"type":"Point","coordinates":[33.77711,-14.16066]},"properties":{"id":5570595223,"kind":"poi","cat":"viewpoint","name":"Bunda south peak"}},
{"type":"Feature","geometry":{"type":"Point","coordinates":[33.53667,-9.64392]},"properties":{"id":5573541177,"kind":"poi","cat":"viewpoint","name":"Songwe Lookout"}},
{"type":"Feature","geometry":{"type":"Point","coordinates":[33.7887,-14.03412]},"properties":{"id":5573609622,"kind":"poi","cat":"hotel","name":"Wakawaka Hotel"}},
{"type":"Feature","geometry":{"type":"Point","coordinates":[34.72572,-12.04894]},"properties":{"id":5576245923,"kind":"poi","cat":"hotel","name":"Ulisa bay lodge","website":"http://www.ulisabaylodge.com","phone":"0999 26 33 25"}},
{"type":"Feature","geometry":{"type":"Point","coordinates":[33.76297,-13.97066]},"properties":{"id":5580002133,"kind":"poi","cat":"apartment","name":"Bole flats"}},
{"type":"Feature","geometry":{"type":"Point","coordinates":[34.09002,-14.02428]},"properties":{"id":5599814426,"kind":"poi","cat":"viewpoint","name":"Nkhoma Mountain summit"}},
{"type":"Feature","geometry":{"type":"Point","coordinates":[34.09345,-14.02799]},"properties":{"id":5601188023,"kind":"poi","cat":"guest_house","name":"Nkhoma Mountain Hut"}},
{"type":"Feature","geometry":{"type":"Point","coordinates":[33.74512,-13.9752]},"properties":{"id":5602366422,"kind":"poi","cat":"hotel","name":"Michiru Hotel"}},
{"type":"Feature","geometry":{"type":"Point","coordinates":[33.53759,-9.64139]},"properties":{"id":5616379129,"kind":"poi","cat":"attraction","name":"Forest Entrance"}},
{"type":"Feature","geometry":{"type":"Point","coordinates":[33.53108,-9.66821]},"properties":{"id":5619590821,"kind":"poi","cat":"guest_house","name":"Coffee Co-op Guesthouse","operator":"Misuku Coffee Cooperative"}},
{"type":"Feature","geometry":{"type":"Point","coordinates":[33.54116,-9.63673]},"properties":{"id":5622410321,"kind":"poi","cat":"picnic_site","name":""}},
{"type":"Feature","geometry":{"type":"Point","coordinates":[33.26873,-9.70135]},"properties":{"id":5623495624,"kind":"poi","cat":"guest_house","name":"Alimwene Guest House","phone":"0888500989"}},
{"type":"Feature","geometry":{"type":"Point","coordinates":[35.64889,-15.80398]},"properties":{"id":5632301221,"kind":"poi","cat":"guest_house","name":"Khamurowe Guest House"}},
{"type":"Feature","geometry":{"type":"Point","coordinates":[34.04444,-11.47453]},"properties":{"id":5650738481,"kind":"poi","cat":"hotel","name":"HILL OF GRACE TOURIST LODGE"}},
{"type":"Feature","geometry":{"type":"Point","coordinates":[34.28472,-12.92385]},"properties":{"id":5653896922,"kind":"poi","cat":"guest_house","name":"Thokozire Lodge"}},
{"type":"Feature","geometry":{"type":"Point","coordinates":[34.73775,-12.07031]},"properties":{"id":5675155622,"kind":"poi","cat":"guest_house","name":"Mulungu Alemekezeke"}},
{"type":"Feature","geometry":{"type":"Point","coordinates":[33.51934,-9.67975]},"properties":{"id":5682264727,"kind":"poi","cat":"guest_house","name":"Johnston Guest House","phone":"0884 93 39 40"}},
{"type":"Feature","geometry":{"type":"Point","coordinates":[33.76237,-13.94173]},"properties":{"id":5682487325,"kind":"poi","cat":"apartment","name":"SOGECOA"}},
{"type":"Feature","geometry":{"type":"Point","coordinates":[34.46079,-13.7789]},"properties":{"id":5696579089,"kind":"poi","cat":"guest_house","name":"Chimango Lodge","phone":"+265 999 86 21 66"}},
{"type":"Feature","geometry":{"type":"Point","coordinates":[34.21764,-10.5177]},"properties":{"id":5698877023,"kind":"poi","cat":"guest_house","name":"Sangilo Sanctuary Lodge"}},
{"type":"Feature","geometry":{"type":"Point","coordinates":[34.59594,-13.69129]},"properties":{"id":5700108121,"kind":"poi","cat":"hostel","name":"Friendly Gecko","website":"https://malawi.friendlygecko.com/"}},
{"type":"Feature","geometry":{"type":"Point","coordinates":[32.88668,-13.79139]},"properties":{"id":5764646453,"kind":"poi","cat":"hotel","name":"Greenhill Lodge"}},
{"type":"Feature","geometry":{"type":"Point","coordinates":[33.81437,-13.76849]},"properties":{"id":5784020155,"kind":"poi","cat":"guest_house","name":"H and HG Lodge"}},
{"type":"Feature","geometry":{"type":"Point","coordinates":[34.29928,-12.9148]},"properties":{"id":5784020455,"kind":"poi","cat":"hotel","name":"Arnold's Beach Resort (chalets and restaurant)"}},
{"type":"Feature","geometry":{"type":"Point","coordinates":[34.06753,-12.36094]},"properties":{"id":5784020854,"kind":"poi","cat":"hotel","name":"Kataya Lodge"}},
{"type":"Feature","geometry":{"type":"Point","coordinates":[34.32393,-13.05623]},"properties":{"id":5784026753,"kind":"poi","cat":"hotel","name":"Mlambe Beach Resort"}},
{"type":"Feature","geometry":{"type":"Point","coordinates":[34.97284,-15.73055]},"properties":{"id":5813262976,"kind":"poi","cat":"viewpoint","name":""}},
{"type":"Feature","geometry":{"type":"Point","coordinates":[34.21286,-10.51373]},"properties":{"id":5826747985,"kind":"poi","cat":"guest_house","name":"Maji Zuwa, Water and Sun Resort","website":"https://www.majizuwa.com/","phone":"0993 84 13 90"}},
{"type":"Feature","geometry":{"type":"Point","coordinates":[34.12994,-14.19955]},"properties":{"id":5830327786,"kind":"poi","cat":"hotel","name":"Rest House"}},
{"type":"Feature","geometry":{"type":"Point","coordinates":[34.59636,-14.42708]},"properties":{"id":5830327787,"kind":"poi","cat":"hotel","name":"Fasda Lodge"}},
{"type":"Feature","geometry":{"type":"Point","coordinates":[33.6689,-14.00121]},"properties":{"id":5830335785,"kind":"poi","cat":"hotel","name":"Little Planet Lodge"}},
{"type":"Feature","geometry":{"type":"Point","coordinates":[33.80002,-14.05733]},"properties":{"id":5839421085,"kind":"poi","cat":"hotel","name":"Kortasia Hotel"}},
{"type":"Feature","geometry":{"type":"Point","coordinates":[34.25396,-10.43242]},"properties":{"id":5844086289,"kind":"poi","cat":"hotel","name":"Happy Chilumba Lodge"}},
{"type":"Feature","geometry":{"type":"Point","coordinates":[35.23754,-15.02424]},"properties":{"id":5849786885,"kind":"poi","cat":"viewpoint","name":"Bushman's Baobab Viewpoint"}},
{"type":"Feature","geometry":{"type":"Point","coordinates":[33.54135,-9.63634]},"properties":{"id":5851701189,"kind":"poi","cat":"camp_site","name":""}},
{"type":"Feature","geometry":{"type":"Point","coordinates":[33.92397,-9.94019]},"properties":{"id":5859341586,"kind":"poi","cat":"hotel","name":"royal lodge"}},
{"type":"Feature","geometry":{"type":"Point","coordinates":[35.48502,-15.99746]},"properties":{"id":5863722597,"kind":"poi","cat":"hotel","name":"Nalipiri Eco Resort","phone":"+265992073399"}},
{"type":"Feature","geometry":{"type":"Point","coordinates":[34.93475,-14.98288]},"properties":{"id":5863722600,"kind":"poi","cat":"guest_house","name":"Aja Lodge"}},
{"type":"Feature","geometry":{"type":"Point","coordinates":[35.06461,-15.81193]},"properties":{"id":5863727685,"kind":"poi","cat":"attraction","name":"Tabacco Auctions Blantyre","opening_hours":"Mo-Fr 07:00-12:00, 13:30-15:00"}},
{"type":"Feature","geometry":{"type":"Point","coordinates":[33.52833,-9.6488]},"properties":{"id":5869085085,"kind":"poi","cat":"camp_site","name":""}},
{"type":"Feature","geometry":{"type":"Point","coordinates":[33.52882,-9.64875]},"properties":{"id":5870528287,"kind":"poi","cat":"viewpoint","name":"Chanya Lookout"}},
{"type":"Feature","geometry":{"type":"Point","coordinates":[33.78297,-14.00056]},"properties":{"id":5874841286,"kind":"poi","cat":"guest_house","name":"Centurion","opening_hours":"24/7"}},
{"type":"Feature","geometry":{"type":"Point","coordinates":[33.26065,-9.69906]},"properties":{"id":5883014785,"kind":"poi","cat":"guest_house","name":"Chitipa Inn"}},
{"type":"Feature","geometry":{"type":"Point","coordinates":[33.26079,-9.69905]},"properties":{"id":5884161287,"kind":"poi","cat":"guest_house","name":"Chitipa Inn"}},
{"type":"Feature","geometry":{"type":"Point","coordinates":[33.78469,-13.99297]},"properties":{"id":5884190186,"kind":"poi","cat":"guest_house","name":"Ufulu Lodge"}},
{"type":"Feature","geometry":{"type":"Point","coordinates":[33.74905,-13.98331]},"properties":{"id":5886656587,"kind":"poi","cat":"guest_house","name":"Nelly's Guesthouse"}},
{"type":"Feature","geometry":{"type":"Point","coordinates":[33.78312,-14.00057]},"properties":{"id":5887115485,"kind":"poi","cat":"guest_house","name":"Centurion Lodge","phone":"265888855081","opening_hours":"24/7"}},
{"type":"Feature","geometry":{"type":"Point","coordinates":[33.68414,-14.16256]},"properties":{"id":5891020886,"kind":"poi","cat":"viewpoint","name":"Kamuzu Dam view point"}},
{"type":"Feature","geometry":{"type":"Point","coordinates":[33.76646,-13.98188]},"properties":{"id":5892584687,"kind":"poi","cat":"artwork","name":"La Galleria"}},
{"type":"Feature","geometry":{"type":"Point","coordinates":[33.76599,-13.98171]},"properties":{"id":5892598285,"kind":"poi","cat":"artwork","name":"African Habitat"}},
{"type":"Feature","geometry":{"type":"Point","coordinates":[35.22294,-15.02106]},"properties":{"id":5907569685,"kind":"poi","cat":"camp_site","name":"Shire Eco Safari Camp","website":"https://www.shireecosafaricamp.com/","opening_hours":"24/7"}},
{"type":"Feature","geometry":{"type":"Point","coordinates":[34.4378,-13.76901]},"properties":{"id":5919668585,"kind":"poi","cat":"hotel","name":"Euro Kings Lodge","phone":"+265888151999","opening_hours":"24/7"}},
{"type":"Feature","geometry":{"type":"Point","coordinates":[35.22285,-15.02156]},"properties":{"id":5926434887,"kind":"poi","cat":"guest_house","name":"Shire Eco Safari Camp","phone":"+265 882 94 84 86"}},
{"type":"Feature","geometry":{"type":"Point","coordinates":[33.48579,-13.0431]},"properties":{"id":5943686894,"kind":"poi","cat":"motel","name":"Munga Wanga","opening_hours":"24/7"}},
{"type":"Feature","geometry":{"type":"Point","coordinates":[34.27702,-10.4632]},"properties":{"id":5950869586,"kind":"poi","cat":"attraction","name":"Chitimba Snorkeling"}},
{"type":"Feature","geometry":{"type":"Point","coordinates":[35.09692,-14.2901]},"properties":{"id":5952040702,"kind":"poi","cat":"hotel","name":"Mpale Cultural Village"}},
{"type":"Feature","geometry":{"type":"Point","coordinates":[34.01071,-9.50207]},"properties":{"id":5954604486,"kind":"poi","cat":"hotel","name":"Landmark Beach Resort"}},
{"type":"Feature","geometry":{"type":"Point","coordinates":[35.1604,-14.02047]},"properties":{"id":5958070485,"kind":"poi","cat":"hotel","name":"Norman carr chikulu"}},
{"type":"Feature","geometry":{"type":"Point","coordinates":[34.17517,-14.37676]},"properties":{"id":5965969691,"kind":"poi","cat":"viewpoint","name":"Mphunzi Rock Art Site no.1"}},
{"type":"Feature","geometry":{"type":"Point","coordinates":[34.17405,-14.37907]},"properties":{"id":5965987486,"kind":"poi","cat":"viewpoint","name":"Mphunzi Rock Art Site No.2"}},
{"type":"Feature","geometry":{"type":"Point","coordinates":[34.17524,-14.37665]},"properties":{"id":5967188486,"kind":"poi","cat":"viewpoint","name":"Mphunzi Rock Art Site no.5"}},
{"type":"Feature","geometry":{"type":"Point","coordinates":[34.28275,-12.92363]},"properties":{"id":5968087087,"kind":"poi","cat":"motel","name":"Yanu Yanu Lodge"}},
{"type":"Feature","geometry":{"type":"Point","coordinates":[34.17293,-14.37921]},"properties":{"id":5981090289,"kind":"poi","cat":"viewpoint","name":"Mphunzi rock art site no.8"}},
{"type":"Feature","geometry":{"type":"Point","coordinates":[34.4189,-13.72786]},"properties":{"id":5982813686,"kind":"poi","cat":"attraction","name":"Kuti Wildlife Entrance"}},
{"type":"Feature","geometry":{"type":"Point","coordinates":[35.60123,-15.89369]},"properties":{"id":5983187626,"kind":"poi","cat":"viewpoint","name":""}},
{"type":"Feature","geometry":{"type":"Point","coordinates":[35.22966,-14.45152]},"properties":{"id":5984400036,"kind":"poi","cat":"hotel","name":"Mangochi Highway Lodge","operator":"Irfan"}},
{"type":"Feature","geometry":{"type":"Point","coordinates":[35.46369,-14.42862]},"properties":{"id":5990744085,"kind":"poi","cat":"viewpoint","name":"Skull Rock view point"}},
{"type":"Feature","geometry":{"type":"Point","coordinates":[35.1516,-14.33485]},"properties":{"id":5991410606,"kind":"poi","cat":"hotel","name":"La Riviera Hotel","operator":"+265 888 82 42 34"}},
{"type":"Feature","geometry":{"type":"Point","coordinates":[35.31048,-16.00865]},"properties":{"id":6013601430,"kind":"poi","cat":"motel","name":"Mbumba lodge"}},
{"type":"Feature","geometry":{"type":"Point","coordinates":[34.16686,-11.89555]},"properties":{"id":6018895586,"kind":"poi","cat":"guest_house","name":"Sangalala House"}},
{"type":"Feature","geometry":{"type":"Point","coordinates":[33.44797,-14.23133]},"properties":{"id":6019886486,"kind":"poi","cat":"viewpoint","name":"Sosolo peak"}},
{"type":"Feature","geometry":{"type":"Point","coordinates":[33.43713,-14.25163]},"properties":{"id":6019891485,"kind":"poi","cat":"viewpoint","name":"View Spot"}},
{"type":"Feature","geometry":{"type":"Point","coordinates":[33.44264,-9.68176]},"properties":{"id":6067238092,"kind":"poi","cat":"camp_site","name":""}},
{"type":"Feature","geometry":{"type":"Point","coordinates":[35.23635,-15.02528]},"properties":{"id":6070331546,"kind":"poi","cat":"camp_site","name":"Bushman's Baobab"}},
{"type":"Feature","geometry":{"type":"Point","coordinates":[33.92775,-9.93686]},"properties":{"id":6073294785,"kind":"poi","cat":"guest_house","name":"Shakira White"}},
{"type":"Feature","geometry":{"type":"Point","coordinates":[34.0591,-12.01003]},"properties":{"id":6075842543,"kind":"poi","cat":"hotel","name":"Kachere kastle"}},
{"type":"Feature","geometry":{"type":"Point","coordinates":[34.05891,-12.01049]},"properties":{"id":6075842544,"kind":"poi","cat":"camp_site","name":"Kachere Kastle"}},
{"type":"Feature","geometry":{"type":"Point","coordinates":[35.10918,-16.57502]},"properties":{"id":6083168685,"kind":"poi","cat":"motel","name":"Grace lodge"}},
{"type":"Feature","geometry":{"type":"Point","coordinates":[33.85599,-11.02281]},"properties":{"id":6086875804,"kind":"poi","cat":"guest_house","name":"Chef's Pride"}},
{"type":"Feature","geometry":{"type":"Point","coordinates":[33.42717,-14.27175]},"properties":{"id":6090030785,"kind":"poi","cat":"viewpoint","name":"View spot"}},
{"type":"Feature","geometry":{"type":"Point","coordinates":[33.44695,-14.23012]},"properties":{"id":6090849285,"kind":"poi","cat":"alpine_hut","name":"Tsotsolo Hill Watch Tower"}},
{"type":"Feature","geometry":{"type":"Point","coordinates":[35.27663,-15.32861]},"properties":{"id":6103879451,"kind":"poi","cat":"attraction","name":"Chingwe's hole","opening_hours":"24/7"}},
{"type":"Feature","geometry":{"type":"Point","coordinates":[33.52022,-9.70831]},"properties":{"id":6122891285,"kind":"poi","cat":"viewpoint","name":"Nalupalang'ombe","ele":"1697"}},
{"type":"Feature","geometry":{"type":"Point","coordinates":[34.74167,-12.0652]},"properties":{"id":6124748187,"kind":"poi","cat":"guest_house","name":"Mkango Wayuda Resthouse"}},
{"type":"Feature","geometry":{"type":"Point","coordinates":[34.71666,-12.07942]},"properties":{"id":6126856994,"kind":"poi","cat":"camp_site","name":"Mango Drift Campground"}},
{"type":"Feature","geometry":{"type":"Point","coordinates":[33.97446,-10.0873]},"properties":{"id":6152846585,"kind":"poi","cat":"guest_house","name":"Christopher PANGAPANGA SICHALI"}},
{"type":"Feature","geometry":{"type":"Point","coordinates":[34.01104,-11.45596]},"properties":{"id":6177712788,"kind":"poi","cat":"guest_house","name":"Flame Tree Guest House"}},
{"type":"Feature","geometry":{"type":"Point","coordinates":[33.80871,-11.99555]},"properties":{"id":6204775686,"kind":"poi","cat":"guest_house","name":"Kawandama Hills cottage","website":"http://www.kawandama-hills.com/guesthouse"}},
{"type":"Feature","geometry":{"type":"Point","coordinates":[33.56531,-9.65612]},"properties":{"id":6231842785,"kind":"poi","cat":"attraction","name":"Forest Entrance"}},
{"type":"Feature","geometry":{"type":"Point","coordinates":[33.49876,-9.70391]},"properties":{"id":6258530684,"kind":"poi","cat":"attraction","name":"Forest Entrance"}},
{"type":"Feature","geometry":{"type":"Point","coordinates":[35.01136,-15.75969]},"properties":{"id":6277544185,"kind":"poi","cat":"apartment","name":"Moffat"}},
{"type":"Feature","geometry":{"type":"Point","coordinates":[34.51356,-15.59344]},"properties":{"id":6288943548,"kind":"poi","cat":"guest_house","name":"Tsenga Lodge"}},
{"type":"Feature","geometry":{"type":"Point","coordinates":[34.99751,-15.80038]},"properties":{"id":6310510785,"kind":"poi","cat":"guest_house","name":"Baobab Lodge"}},
{"type":"Feature","geometry":{"type":"Point","coordinates":[35.01705,-15.81546]},"properties":{"id":6320157485,"kind":"poi","cat":"apartment","name":"Joost en nick"}},
{"type":"Feature","geometry":{"type":"Point","coordinates":[33.55822,-9.65258]},"properties":{"id":6380310900,"kind":"poi","cat":"attraction","name":"Forest Entrance"}},
{"type":"Feature","geometry":{"type":"Point","coordinates":[34.62024,-13.72964]},"properties":{"id":6397907485,"kind":"poi","cat":"hostel","name":"Mufrasa Backpackers Lodge"}},
{"type":"Feature","geometry":{"type":"Point","coordinates":[34.62024,-13.72962]},"properties":{"id":6397907486,"kind":"poi","cat":"hostel","name":"Mufrasa Backpackers Lodge"}},
{"type":"Feature","geometry":{"type":"Point","coordinates":[34.23227,-11.23973]},"properties":{"id":6419459333,"kind":"poi","cat":"hotel","name":"Usisya Beach Eco-Lodge"}},
{"type":"Feature","geometry":{"type":"Point","coordinates":[33.76394,-13.97758]},"properties":{"id":6428580685,"kind":"poi","cat":"guest_house","name":"Maula garden","phone":"+265 888 70 50 00"}},
{"type":"Feature","geometry":{"type":"Point","coordinates":[35.0804,-16.08138]},"properties":{"id":6438713986,"kind":"poi","cat":"hotel","name":"Huntingdon House","website":"https://www.huntingdon-malawi.com/"}},
{"type":"Feature","geometry":{"type":"Point","coordinates":[35.27659,-15.32863]},"properties":{"id":6458661936,"kind":"poi","cat":"viewpoint","name":""}},
{"type":"Feature","geometry":{"type":"Point","coordinates":[34.89258,-16.25805]},"properties":{"id":6461548730,"kind":"poi","cat":"hostel","name":"Shire Club Hostels","description":"Accommodation Facility"}},
{"type":"Feature","geometry":{"type":"Point","coordinates":[34.83277,-14.02976]},"properties":{"id":6466260687,"kind":"poi","cat":"hotel","name":"Thumbi view lodge","website":"https://thumbiviewlodge.com/","phone":"+265998599005"}},
{"type":"Feature","geometry":{"type":"Point","coordinates":[34.98824,-15.71703]},"properties":{"id":6466484185,"kind":"poi","cat":"attraction","name":"Picknick spot"}},
{"type":"Feature","geometry":{"type":"Point","coordinates":[34.83269,-14.03027]},"properties":{"id":6468287085,"kind":"poi","cat":"guest_house","name":"Joe's Annex Cottage"}},
{"type":"Feature","geometry":{"type":"Point","coordinates":[33.78696,-13.93379]},"properties":{"id":6471703085,"kind":"poi","cat":"hostel","name":"Thumbi View Lilongwe","website":"https://thumbiviewlodge.com/","phone":"+265997463054"}},
{"type":"Feature","geometry":{"type":"Point","coordinates":[34.33073,-14.37307]},"properties":{"id":6491459685,"kind":"poi","cat":"guest_house","name":"Panjira Lodge real location"}},
{"type":"Feature","geometry":{"type":"Point","coordinates":[33.79825,-13.97139]},"properties":{"id":6514817086,"kind":"poi","cat":"motel","name":"Capital City Motel"}},
{"type":"Feature","geometry":{"type":"Point","coordinates":[33.87773,-14.15803]},"properties":{"id":6527721385,"kind":"poi","cat":"viewpoint","name":"North point"}},
{"type":"Feature","geometry":{"type":"Point","coordinates":[34.29682,-11.60833]},"properties":{"id":6539181585,"kind":"poi","cat":"hotel","name":"Cairo Motel"}},
{"type":"Feature","geometry":{"type":"Point","coordinates":[34.10961,-11.93772]},"properties":{"id":6542156487,"kind":"poi","cat":"guest_house","name":"Good view guesthouse"}},
{"type":"Feature","geometry":{"type":"Point","coordinates":[34.28445,-12.92584]},"properties":{"id":6545082785,"kind":"poi","cat":"hotel","name":"Zayi Guest House"}},
{"type":"Feature","geometry":{"type":"Point","coordinates":[34.43678,-13.77]},"properties":{"id":6547489485,"kind":"poi","cat":"hotel","name":"Kanjinga Town Lodge"}},
{"type":"Feature","geometry":{"type":"Point","coordinates":[34.91976,-14.07662]},"properties":{"id":6549229988,"kind":"poi","cat":"hotel","name":"Chimanga Resthouse"}},
{"type":"Feature","geometry":{"type":"Point","coordinates":[35.05437,-15.80521]},"properties":{"id":6551596686,"kind":"poi","cat":"apartment","name":"Kanjedza Project"}},
{"type":"Feature","geometry":{"type":"Point","coordinates":[35.31996,-15.3876]},"properties":{"id":6552461085,"kind":"poi","cat":"hotel","name":"Zomba City Council Lodge"}},
{"type":"Feature","geometry":{"type":"Point","coordinates":[35.32044,-15.3884]},"properties":{"id":6552483386,"kind":"poi","cat":"hotel","name":"Judy's Council Resthouse"}},
{"type":"Feature","geometry":{"type":"Point","coordinates":[33.76833,-13.9825]},"properties":{"id":6553032985,"kind":"poi","cat":"guest_house","name":"Akulenje Inn"}},
{"type":"Feature","geometry":{"type":"Point","coordinates":[33.77125,-13.98761]},"properties":{"id":6554944886,"kind":"poi","cat":"guest_house","name":"Akulenje Inn"}},
{"type":"Feature","geometry":{"type":"Point","coordinates":[34.51977,-15.60235]},"properties":{"id":6564542085,"kind":"poi","cat":"hotel","name":"Malikha Resthouse"}},
{"type":"Feature","geometry":{"type":"Point","coordinates":[33.75685,-14.09741]},"properties":{"id":6618876989,"kind":"poi","cat":"viewpoint","name":""}},
{"type":"Feature","geometry":{"type":"Point","coordinates":[35.32674,-15.38125]},"properties":{"id":6691333086,"kind":"poi","cat":"guest_house","name":"Swallow's Nest"}},
{"type":"Feature","geometry":{"type":"Point","coordinates":[35.3242,-15.3814]},"properties":{"id":6697558485,"kind":"poi","cat":"hotel","name":"Mango Lodge"}},
{"type":"Feature","geometry":{"type":"Point","coordinates":[35.34183,-15.38539]},"properties":{"id":6715273285,"kind":"poi","cat":"hotel","name":"Mulunguzi Riverside Lodge","phone":"+265999761409","operator":"Mr. Madaka"}},
{"type":"Feature","geometry":{"type":"Point","coordinates":[34.04561,-11.44955]},"properties":{"id":6743438366,"kind":"poi","cat":"attraction","name":"Chifunga Coffee Factory"}},
{"type":"Feature","geometry":{"type":"Point","coordinates":[33.67596,-14.01381]},"properties":{"id":6743438367,"kind":"poi","cat":"chalet","name":"Timothy's cottage in Nature","phone":"+265888834292","operator":"Timothy"}},
{"type":"Feature","geometry":{"type":"Point","coordinates":[34.04675,-11.43639]},"properties":{"id":6743440616,"kind":"poi","cat":"hotel","name":"Mono Lodge"}},
{"type":"Feature","geometry":{"type":"Point","coordinates":[34.2616,-11.66608]},"properties":{"id":6743449108,"kind":"poi","cat":"attraction","name":"Vizara Rubber Plantation"}},
{"type":"Feature","geometry":{"type":"Point","coordinates":[35.48785,-15.94666]},"properties":{"id":6743449111,"kind":"poi","cat":"hotel","name":"Gateway Lodge"}},
{"type":"Feature","geometry":{"type":"Point","coordinates":[34.95488,-14.98752]},"properties":{"id":6764649085,"kind":"poi","cat":"hotel","name":"Zembani Lodge"}},
{"type":"Feature","geometry":{"type":"Point","coordinates":[34.99749,-15.77926]},"properties":{"id":6764649086,"kind":"poi","cat":"guest_house","name":"Cozy10"}},
{"type":"Feature","geometry":{"type":"Point","coordinates":[35.00505,-15.78887]},"properties":{"id":6764649087,"kind":"poi","cat":"attraction","name":"Old City offices"}},
{"type":"Feature","geometry":{"type":"Point","coordinates":[35.18892,-15.0451]},"properties":{"id":6764649486,"kind":"poi","cat":"artwork","name":"Crafters market"}},
{"type":"Feature","geometry":{"type":"Point","coordinates":[35.21923,-15.0574]},"properties":{"id":6764649785,"kind":"poi","cat":"hotel","name":"Shire Camp"}},
{"type":"Feature","geometry":{"type":"Point","coordinates":[35.00563,-15.78585]},"properties":{"id":6764650685,"kind":"poi","cat":"attraction","name":"Crafters market"}},
{"type":"Feature","geometry":{"type":"Point","coordinates":[35.22429,-15.06648]},"properties":{"id":6764719986,"kind":"poi","cat":"hotel","name":"Zest Lodge"}},
{"type":"Feature","geometry":{"type":"Point","coordinates":[35.22717,-15.06282]},"properties":{"id":6764891885,"kind":"poi","cat":"hotel","name":"Railway Lodge"}},
{"type":"Feature","geometry":{"type":"Point","coordinates":[35.11048,-14.28798]},"properties":{"id":6764891886,"kind":"poi","cat":"hotel","name":"Boadzulu lodge"}},
{"type":"Feature","geometry":{"type":"Point","coordinates":[35.11045,-14.28767]},"properties":{"id":6764891887,"kind":"poi","cat":"hotel","name":"Andrews lodge"}},
{"type":"Feature","geometry":{"type":"Point","coordinates":[34.39869,-14.41108]},"properties":{"id":6764891985,"kind":"poi","cat":"attraction","name":"Bembeke market"}},
{"type":"Feature","geometry":{"type":"Point","coordinates":[34.3046,-14.37383]},"properties":{"id":6764891986,"kind":"poi","cat":"artwork","name":"Dedza Art Gallery"}},
{"type":"Feature","geometry":{"type":"Point","coordinates":[34.91376,-14.09601]},"properties":{"id":6764892286,"kind":"poi","cat":"attraction","name":"Marketplace"}},
{"type":"Feature","geometry":{"type":"Point","coordinates":[35.27042,-14.47995]},"properties":{"id":6764910185,"kind":"poi","cat":"hotel","name":"Fort Johnson Lodge"}},
{"type":"Feature","geometry":{"type":"Point","coordinates":[35.49147,-16.01222]},"properties":{"id":6765670686,"kind":"poi","cat":"attraction","name":"Traders market"}},
{"type":"Feature","geometry":{"type":"Point","coordinates":[34.80305,-16.04368]},"properties":{"id":6765670687,"kind":"poi","cat":"hotel","name":"Memories Lodge"}},
{"type":"Feature","geometry":{"type":"Point","coordinates":[34.78999,-16.02872]},"properties":{"id":6765670688,"kind":"poi","cat":"hotel","name":"St. Thomas lodge"}},
{"type":"Feature","geometry":{"type":"Point","coordinates":[35.49299,-16.0145]},"properties":{"id":6765673785,"kind":"poi","cat":"artwork","name":"Curios"}},
{"type":"Feature","geometry":{"type":"Point","coordinates":[34.85088,-16.194]},"properties":{"id":6765674685,"kind":"poi","cat":"attraction","name":"Ilovo Sugar cane estates"}},
{"type":"Feature","geometry":{"type":"Point","coordinates":[34.54625,-14.09403]},"properties":{"id":6765697285,"kind":"poi","cat":"attraction","name":"Fishing boats"}},
{"type":"Feature","geometry":{"type":"Point","coordinates":[33.7682,-13.98754]},"properties":{"id":6765697288,"kind":"poi","cat":"attraction","name":"Market eatery (Ziboliboli)"}},
{"type":"Feature","geometry":{"type":"Point","coordinates":[33.75727,-13.97518]},"properties":{"id":6765697296,"kind":"poi","cat":"attraction","name":"Cross Roads Center"}},
{"type":"Feature","geometry":{"type":"Point","coordinates":[33.78606,-13.96894]},"properties":{"id":6765697297,"kind":"poi","cat":"attraction","name":"Craft market monthly"}},
{"type":"Feature","geometry":{"type":"Point","coordinates":[33.77809,-13.9917]},"properties":{"id":6765699685,"kind":"poi","cat":"attraction","name":"Wood market"}},
{"type":"Feature","geometry":{"type":"Point","coordinates":[33.77834,-13.9922]},"properties":{"id":6765699785,"kind":"poi","cat":"attraction","name":"Chitenge shops"}},
{"type":"Feature","geometry":{"type":"Point","coordinates":[33.78792,-13.95357]},"properties":{"id":6765701287,"kind":"poi","cat":"attraction","name":"Parliament"}},
{"type":"Feature","geometry":{"type":"Point","coordinates":[33.48911,-14.29981]},"properties":{"id":6769720286,"kind":"poi","cat":"wilderness_hut","name":""}},
{"type":"Feature","geometry":{"type":"Point","coordinates":[34.18197,-14.2081]},"properties":{"id":6769862985,"kind":"poi","cat":"viewpoint","name":"Rock art"}},
{"type":"Feature","geometry":{"type":"Point","coordinates":[34.19644,-14.22282]},"properties":{"id":6769863185,"kind":"poi","cat":"viewpoint","name":"1890m peak view spot"}},
{"type":"Feature","geometry":{"type":"Point","coordinates":[35.34355,-15.34118]},"properties":{"id":6784638889,"kind":"poi","cat":"viewpoint","name":"Songani Lookout"}},
{"type":"Feature","geometry":{"type":"Point","coordinates":[33.92793,-9.94197]},"properties":{"id":6784776986,"kind":"poi","cat":"hostel","name":"Manguzi Executive Lodge"}},
{"type":"Feature","geometry":{"type":"Point","coordinates":[34.25306,-10.39618]},"properties":{"id":6784779587,"kind":"poi","cat":"hotel","name":"The Cove Eco-Lodge"}},
{"type":"Feature","geometry":{"type":"Point","coordinates":[33.73465,-13.53538]},"properties":{"id":6789747307,"kind":"poi","cat":"hotel","name":"Centurion Guest House"}},
{"type":"Feature","geometry":{"type":"Point","coordinates":[33.81155,-13.75295]},"properties":{"id":6789753511,"kind":"poi","cat":"hotel","name":"Beauty Menerbien Lodge","phone":"+265 999 40 78 09"}},
{"type":"Feature","geometry":{"type":"Point","coordinates":[34.51945,-13.99519]},"properties":{"id":6792808186,"kind":"poi","cat":"hotel","name":"The Fish House & Cichlids Lodge","phone":"+265 994 491 819"}},
{"type":"Feature","geometry":{"type":"Point","coordinates":[35.28279,-15.32697]},"properties":{"id":6797566582,"kind":"poi","cat":"attraction","name":"Drum rock"}},
{"type":"Feature","geometry":{"type":"Point","coordinates":[34.25068,-10.42752]},"properties":{"id":6801709587,"kind":"poi","cat":"guest_house","name":"Seneka Sunrise Cottage"}},
{"type":"Feature","geometry":{"type":"Point","coordinates":[34.2506,-10.42679]},"properties":{"id":6801712487,"kind":"poi","cat":"guest_house","name":"Thunduzi Beach Cottages"}},
{"type":"Feature","geometry":{"type":"Point","coordinates":[35.3294,-15.34987]},"properties":{"id":6808097985,"kind":"poi","cat":"picnic_site","name":""}},
{"type":"Feature","geometry":{"type":"Point","coordinates":[35.33203,-15.34937]},"properties":{"id":6808098185,"kind":"poi","cat":"picnic_site","name":""}},
{"type":"Feature","geometry":{"type":"Point","coordinates":[35.34457,-15.34205]},"properties":{"id":6808098285,"kind":"poi","cat":"viewpoint","name":"Songani Lookout"}},
{"type":"Feature","geometry":{"type":"Point","coordinates":[35.31171,-15.36222]},"properties":{"id":6808197685,"kind":"poi","cat":"picnic_site","name":""}},
{"type":"Feature","geometry":{"type":"Point","coordinates":[34.97005,-15.73292]},"properties":{"id":6819476287,"kind":"poi","cat":"viewpoint","name":""}},
{"type":"Feature","geometry":{"type":"Point","coordinates":[34.21144,-10.44089]},"properties":{"id":6823009388,"kind":"poi","cat":"guest_house","name":"Koyi Lodge"}},
{"type":"Feature","geometry":{"type":"Point","coordinates":[34.86345,-16.01944]},"properties":{"id":6841782185,"kind":"poi","cat":"attraction","name":"Kumuzu viewpoint"}},
{"type":"Feature","geometry":{"type":"Point","coordinates":[35.50368,-16.02514]},"properties":{"id":6852200617,"kind":"poi","cat":"hotel","name":""}},
{"type":"Feature","geometry":{"type":"Point","coordinates":[35.51112,-16.02967]},"properties":{"id":6852200620,"kind":"poi","cat":"hotel","name":""}},
{"type":"Feature","geometry":{"type":"Point","coordinates":[33.75581,-13.99403]},"properties":{"id":6860900663,"kind":"poi","cat":"hotel","name":"Cakes lodge"}},
{"type":"Feature","geometry":{"type":"Point","coordinates":[35.15452,-15.63967]},"properties":{"id":6862320385,"kind":"poi","cat":"hotel","name":"Zomba road country lodge"}},
{"type":"Feature","geometry":{"type":"Point","coordinates":[33.7677,-13.98772]},"properties":{"id":6900283848,"kind":"poi","cat":"hotel","name":"Imperial Town Hotel","website":"https://imperialhotelsmalawi.com/","phone":"+265999752222","description":"Includes fireside terrace lounge, complimentary breakfast, and casual dining restaurant"}},
{"type":"Feature","geometry":{"type":"Point","coordinates":[35.06337,-15.85372]},"properties":{"id":6901803803,"kind":"poi","cat":"hotel","name":"Morning Up Lodge","phone":"+265888093830/+265990223020"}},
{"type":"Feature","geometry":{"type":"Point","coordinates":[33.80443,-13.9263]},"properties":{"id":6911564887,"kind":"poi","cat":"hotel","name":"Ufulu"}},
{"type":"Feature","geometry":{"type":"Point","coordinates":[34.29707,-11.60554]},"properties":{"id":6923906951,"kind":"poi","cat":"guest_house","name":"Vette-Katie Guest House"}},
{"type":"Feature","geometry":{"type":"Point","coordinates":[33.76286,-13.97192]},"properties":{"id":6937523789,"kind":"poi","cat":"apartment","name":"Belgian Executive Suites"}},
{"type":"Feature","geometry":{"type":"Point","coordinates":[35.63806,-15.89387]},"properties":{"id":6964068087,"kind":"poi","cat":"attraction","name":"Entrance Jungle Route"}},
{"type":"Feature","geometry":{"type":"Point","coordinates":[35.61604,-15.86485]},"properties":{"id":6964727285,"kind":"poi","cat":"attraction","name":"Crossroad Jungle Route"}},
{"type":"Feature","geometry":{"type":"Point","coordinates":[33.77025,-13.98589]},"properties":{"id":6966506486,"kind":"poi","cat":"attraction","name":"Airtel"}},
{"type":"Feature","geometry":{"type":"Point","coordinates":[34.61097,-13.70418]},"properties":{"id":6979381880,"kind":"poi","cat":"hotel","name":"Kabumba hotel","website":"http://www.kabumbahotel.com/"}},
{"type":"Feature","geometry":{"type":"Point","coordinates":[35.31588,-15.3743]},"properties":{"id":6984553386,"kind":"poi","cat":"attraction","name":"Potato path"}},
{"type":"Feature","geometry":{"type":"Point","coordinates":[35.24376,-15.02997]},"properties":{"id":6989553986,"kind":"poi","cat":"guest_house","name":"Kutchire Lodge"}},
{"type":"Feature","geometry":{"type":"Point","coordinates":[34.72274,-15.90138]},"properties":{"id":6993164740,"kind":"poi","cat":"camp_site","name":"Community Camp Site","operator":"African Parks Network"}},
{"type":"Feature","geometry":{"type":"Point","coordinates":[35.29531,-14.84814]},"properties":{"id":7003994277,"kind":"poi","cat":"chalet","name":"Mvuu Wilderness Lodge","website":"https://cawsmw.com/index.php/lodges/mvuu-lodge/","phone":"+265-882-089168;+265-882-089174; +265-887-080154;+265-887-080; +265-887-080155; +265-887-080156","operator":"Central Africa Wilderness Safaris"}},
{"type":"Feature","geometry":{"type":"Point","coordinates":[35.25274,-15.03668]},"properties":{"id":7008662514,"kind":"poi","cat":"hostel","name":""}},
{"type":"Feature","geometry":{"type":"Point","coordinates":[34.3014,-11.6075]},"properties":{"id":7023197686,"kind":"poi","cat":"guest_house","name":"Nkhakar Lodge"}},
{"type":"Feature","geometry":{"type":"Point","coordinates":[34.74035,-12.06802]},"properties":{"id":7038937585,"kind":"poi","cat":"attraction","name":"Immigration (old)"}},
{"type":"Feature","geometry":{"type":"Point","coordinates":[34.7413,-12.06547]},"properties":{"id":7038937685,"kind":"poi","cat":"attraction","name":"Immigration (new)"}},
{"type":"Feature","geometry":{"type":"Point","coordinates":[34.29953,-12.90994]},"properties":{"id":7062651886,"kind":"poi","cat":"hotel","name":"Kachenga Bush Camp"}},
{"type":"Feature","geometry":{"type":"Point","coordinates":[34.02691,-9.49538]},"properties":{"id":7062850185,"kind":"poi","cat":"guest_house","name":""}},
{"type":"Feature","geometry":{"type":"Point","coordinates":[33.76734,-13.9552]},"properties":{"id":7094875486,"kind":"poi","cat":"guest_house","name":"Philadelphia Guest House"}},
{"type":"Feature","geometry":{"type":"Point","coordinates":[33.7677,-13.9551]},"properties":{"id":7094875487,"kind":"poi","cat":"hotel","name":"La Luna Garden Lodge"}},
{"type":"Feature","geometry":{"type":"Point","coordinates":[34.86836,-14.04546]},"properties":{"id":7094876187,"kind":"poi","cat":"attraction","name":"Scrars Rock National Monument"}},
{"type":"Feature","geometry":{"type":"Point","coordinates":[35.67674,-16.07367]},"properties":{"id":7143138816,"kind":"poi","cat":"hotel","name":"Africa Wild Truck camp & lodge","website":"https://www.africawildtruck.com/en/africawildtruck-camp-and-lodge/","phone":"00265995941542"}},
{"type":"Feature","geometry":{"type":"Point","coordinates":[34.03807,-9.49282]},"properties":{"id":7145667437,"kind":"poi","cat":"guest_house","name":"Mahoho Guest House"}},
{"type":"Feature","geometry":{"type":"Point","coordinates":[34.03766,-9.4927]},"properties":{"id":7145667441,"kind":"poi","cat":"guest_house","name":"Lukas Family Guest House"}},
{"type":"Feature","geometry":{"type":"Point","coordinates":[34.00356,-9.50579]},"properties":{"id":7145667465,"kind":"poi","cat":"hotel","name":"Blue Canoe Hotel"}},
{"type":"Feature","geometry":{"type":"Point","coordinates":[34.01072,-9.50213]},"properties":{"id":7145667472,"kind":"poi","cat":"hotel","name":"Landmark Hotel"}},
{"type":"Feature","geometry":{"type":"Point","coordinates":[33.94819,-9.66558]},"properties":{"id":7145669616,"kind":"poi","cat":"hotel","name":"Ngonga Beach Resort"}},
{"type":"Feature","geometry":{"type":"Point","coordinates":[34.19082,-12.80528]},"properties":{"id":7158107919,"kind":"poi","cat":"hotel","name":"Rafiki Safari Camp"}},
{"type":"Feature","geometry":{"type":"Point","coordinates":[34.12193,-11.95153]},"properties":{"id":7205671485,"kind":"poi","cat":"hostel","name":"Guta Beach Guesthouse","opening_hours":"24/7"}},
{"type":"Feature","geometry":{"type":"Point","coordinates":[34.30085,-11.61244]},"properties":{"id":7205671585,"kind":"poi","cat":"camp_site","name":"One Love campsite","opening_hours":"Mo-Su 07:00-22:00"}},
{"type":"Feature","geometry":{"type":"Point","coordinates":[34.04558,-10.88551]},"properties":{"id":7205671685,"kind":"poi","cat":"hostel","name":"Resthouse","opening_hours":"Mo-Su 06:00-22:00"}},
{"type":"Feature","geometry":{"type":"Point","coordinates":[34.91651,-14.0703]},"properties":{"id":7228237796,"kind":"poi","cat":"hotel","name":"Monkey Bay Beach Lodge","website":"https://www.monkeybaybeachlodge.com/","phone":"+265992045483"}},
{"type":"Feature","geometry":{"type":"Point","coordinates":[34.05942,-12.35186]},"properties":{"id":7229048585,"kind":"poi","cat":"hostel","name":"Kaliwombo beach lodge"}},
{"type":"Feature","geometry":{"type":"Point","coordinates":[34.05972,-12.35243]},"properties":{"id":7229048685,"kind":"poi","cat":"camp_site","name":"Kaliwombo beach campsite"}},
{"type":"Feature","geometry":{"type":"Point","coordinates":[34.83325,-13.98958]},"properties":{"id":7231971364,"kind":"poi","cat":"viewpoint","name":""}},
{"type":"Feature","geometry":{"type":"Point","coordinates":[34.83227,-13.99038]},"properties":{"id":7231984155,"kind":"poi","cat":"camp_site","name":"Domwe campsite","website":"https://kayakafrica.co.za/"}},
{"type":"Feature","geometry":{"type":"Point","coordinates":[34.83709,-13.9877]},"properties":{"id":7233611535,"kind":"poi","cat":"viewpoint","name":""}},
{"type":"Feature","geometry":{"type":"Point","coordinates":[34.19103,-12.80458]},"properties":{"id":7234615785,"kind":"poi","cat":"camp_site","name":"Rafiki Safari Camp","website":"https://rafikicamp.com/","phone":"+26 5888385595"}},
{"type":"Feature","geometry":{"type":"Point","coordinates":[33.45192,-10.85647]},"properties":{"id":7401611885,"kind":"poi","cat":"guest_house","name":"Vwaza Marsh Lodge","phone":"+2651310159","operator":"Vwaza Marsh Wildlife Reserve"}},
{"type":"Feature","geometry":{"type":"Point","coordinates":[35.31842,-15.40169]},"properties":{"id":7501717385,"kind":"poi","cat":"apartment","name":"SM180"}},
{"type":"Feature","geometry":{"type":"Point","coordinates":[34.84069,-14.02469]},"properties":{"id":7542083287,"kind":"poi","cat":"hotel","name":"cape Mac lodge","phone":"00265999621279","operator":"Natalie Nouveau"}},
{"type":"Feature","geometry":{"type":"Point","coordinates":[33.7645,-13.89146]},"properties":{"id":7568746012,"kind":"poi","cat":"guest_house","name":"Stanley's Lodge"}},
{"type":"Feature","geometry":{"type":"Point","coordinates":[33.76348,-13.89263]},"properties":{"id":7568746013,"kind":"poi","cat":"guest_house","name":"Mthuzi Lodge"}},
{"type":"Feature","geometry":{"type":"Point","coordinates":[34.11266,-10.61159]},"properties":{"id":7687801030,"kind":"poi","cat":"attraction","name":"Ephesians 2 v 14"}},
{"type":"Feature","geometry":{"type":"Point","coordinates":[35.00252,-15.78462]},"properties":{"id":7780188692,"kind":"poi","cat":"hotel","name":"Amaryllis Hotel"}},
{"type":"Feature","geometry":{"type":"Point","coordinates":[35.00502,-15.78978]},"properties":{"id":7780199093,"kind":"poi","cat":"information","name":"Tourism"}},
{"type":"Feature","geometry":{"type":"Point","coordinates":[35.01428,-15.78505]},"properties":{"id":7780200688,"kind":"poi","cat":"motel","name":""}},
{"type":"Feature","geometry":{"type":"Point","coordinates":[33.75385,-13.91514]},"properties":{"id":7901788885,"kind":"poi","cat":"apartment","name":"Bachelor's Palace"}},
{"type":"Feature","geometry":{"type":"Point","coordinates":[35.00968,-15.83074]},"properties":{"id":7930804885,"kind":"poi","cat":"apartment","name":"Mambelera House"}},
{"type":"Feature","geometry":{"type":"Point","coordinates":[34.76795,-16.24313]},"properties":{"id":7994212985,"kind":"poi","cat":"attraction","name":"Nyanga hide"}},
{"type":"Feature","geometry":{"type":"Point","coordinates":[33.68243,-13.99133]},"properties":{"id":8342814321,"kind":"poi","cat":"hotel","name":""}},
{"type":"Feature","geometry":{"type":"Point","coordinates":[34.0256,-9.49574]},"properties":{"id":8374628517,"kind":"poi","cat":"hotel","name":"Roma Guest House"}},
{"type":"Feature","geometry":{"type":"Point","coordinates":[33.99955,-9.5094]},"properties":{"id":8374633517,"kind":"poi","cat":"viewpoint","name":"Hippo Watching"}},
{"type":"Feature","geometry":{"type":"Point","coordinates":[35.0257,-15.69269]},"properties":{"id":8465483717,"kind":"poi","cat":"guest_house","name":"Kanyemba resthouse"}},
{"type":"Feature","geometry":{"type":"Point","coordinates":[34.49529,-14.43826]},"properties":{"id":8595647018,"kind":"poi","cat":"picnic_site","name":"","description":"Paying pic-nic area"}},
{"type":"Feature","geometry":{"type":"Point","coordinates":[33.7786,-14.13742]},"properties":{"id":8714576473,"kind":"poi","cat":"zoo","name":"R&L farm - Ranch"}},
{"type":"Feature","geometry":{"type":"Point","coordinates":[34.01349,-11.45071]},"properties":{"id":8831925317,"kind":"poi","cat":"hotel","name":"Very cheap : from 3000 to 5000 nice staff"}},
{"type":"Feature","geometry":{"type":"Point","coordinates":[34.33132,-14.37783]},"properties":{"id":8831925517,"kind":"poi","cat":"hotel","name":"Khama resthouse 2000 per room"}},
{"type":"Feature","geometry":{"type":"Point","coordinates":[34.98634,-15.7253]},"properties":{"id":8842847817,"kind":"poi","cat":"information","name":"map of the trails to hike Michiru"}},
{"type":"Feature","geometry":{"type":"Point","coordinates":[33.73928,-13.54411]},"properties":{"id":8874212289,"kind":"poi","cat":"hotel","name":"Thope Lodge"}},
{"type":"Feature","geometry":{"type":"Point","coordinates":[33.74107,-13.54389]},"properties":{"id":8874241283,"kind":"poi","cat":"hotel","name":"Mbolembole Motel"}},
{"type":"Feature","geometry":{"type":"Point","coordinates":[33.85917,-11.02302]},"properties":{"id":8879313415,"kind":"poi","cat":"guest_house","name":"Roscher Lodge","operator":"Roscher Youth Development Centre"}},
{"type":"Feature","geometry":{"type":"Point","coordinates":[35.20526,-15.05228]},"properties":{"id":8936108777,"kind":"poi","cat":"hotel","name":"Annie's Lodge"}},
{"type":"Feature","geometry":{"type":"Point","coordinates":[33.63368,-14.16559]},"properties":{"id":9026113948,"kind":"poi","cat":"viewpoint","name":"Malingunde hill"}},
{"type":"Feature","geometry":{"type":"Point","coordinates":[33.43852,-14.26757]},"properties":{"id":9081704761,"kind":"poi","cat":"viewpoint","name":"Kauziuzi"}},
{"type":"Feature","geometry":{"type":"Point","coordinates":[34.5197,-13.99088]},"properties":{"id":9291982423,"kind":"natural","cat":"bay","name":"Chipoka port","description":"\u6e2f\u6e7e"}},
{"type":"Feature","geometry":{"type":"Point","coordinates":[34.30102,-11.60656]},"properties":{"id":9291982424,"kind":"natural","cat":"bay","name":"Nkhata Bay port"}},
{"type":"Feature","geometry":{"type":"Point","coordinates":[34.25788,-10.43238]},"properties":{"id":9291982425,"kind":"natural","cat":"bay","name":"Chilumba port"}},
{"type":"Feature","geometry":{"type":"Point","coordinates":[33.96497,-9.61842]},"properties":{"id":9291982426,"kind":"natural","cat":"bay","name":"Itungi port"}},
{"type":"Feature","geometry":{"type":"Point","coordinates":[34.80017,-11.28431]},"properties":{"id":9291982427,"kind":"natural","cat":"bay","name":"Mbamba bay port"}},
{"type":"Feature","geometry":{"type":"Point","coordinates":[33.94625,-9.5849]},"properties":{"id":9291982428,"kind":"natural","cat":"bay","name":"Kyela port"}},
{"type":"Feature","geometry":{"type":"Point","coordinates":[35.33392,-14.98735]},"properties":{"id":9405026293,"kind":"poi","cat":"information","name":"7 dams"}},
{"type":"Feature","geometry":{"type":"Point","coordinates":[34.80097,-11.28344]},"properties":{"id":9420224599,"kind":"poi","cat":"camp_site","name":"Bagamoyo Seafood Bar & Camping","opening_hours":"24/7","operator":"local"}},
{"type":"Feature","geometry":{"type":"Point","coordinates":[34.81169,-11.32383]},"properties":{"id":9421907162,"kind":"poi","cat":"hotel","name":"Mhalo Beach Lodge"}},
{"type":"Feature","geometry":{"type":"Point","coordinates":[35.22184,-15.06003]},"properties":{"id":9775424480,"kind":"poi","cat":"hotel","name":"Liwonde country lodge"}},
{"type":"Feature","geometry":{"type":"Point","coordinates":[35.10425,-16.02968]},"properties":{"id":9792543118,"kind":"poi","cat":"guest_house","name":"The Thyolo House","website":"http://www.thyolohouse.com","phone":"+265 884 20 20 40"}},
{"type":"Feature","geometry":{"type":"Point","coordinates":[35.10201,-16.02809]},"properties":{"id":9792586017,"kind":"poi","cat":"guest_house","name":"Turn off to The Thyolo House","website":"http://www.thyolohouse.com","phone":"+265 884 20 20 40"}},
{"type":"Feature","geometry":{"type":"Point","coordinates":[33.75963,-13.98154]},"properties":{"id":9851036817,"kind":"poi","cat":"hotel","name":"Adlib Executive"}},
{"type":"Feature","geometry":{"type":"Point","coordinates":[35.18833,-14.37249]},"properties":{"id":9921281717,"kind":"poi","cat":"apartment","name":"Sungeni Cottage"}},
{"type":"Feature","geometry":{"type":"Point","coordinates":[35.18333,-14.37232]},"properties":{"id":9921281817,"kind":"poi","cat":"hostel","name":"Skinny Hippo Lodge"}},
{"type":"Feature","geometry":{"type":"Point","coordinates":[33.82899,-13.9491]},"properties":{"id":9948179999,"kind":"poi","cat":"hotel","name":"Douglas Lodge"}},
{"type":"Feature","geometry":{"type":"Point","coordinates":[34.59126,-13.6662]},"properties":{"id":10060463622,"kind":"poi","cat":"hotel","name":"Kumbali"}},
{"type":"Feature","geometry":{"type":"Point","coordinates":[34.2839,-12.92242]},"properties":{"id":10160953217,"kind":"poi","cat":"guest_house","name":"Grand View Lodge"}},
{"type":"Feature","geometry":{"type":"Point","coordinates":[34.6921,-12.05922]},"properties":{"id":10221358817,"kind":"poi","cat":"apartment","name":""}},
{"type":"Feature","geometry":{"type":"Point","coordinates":[35.25868,-15.01514]},"properties":{"id":10261632910,"kind":"poi","cat":"chalet","name":"Chinguni House","operator":"Liwonde National Park"}},
{"type":"Feature","geometry":{"type":"Point","coordinates":[35.26043,-15.0137]},"properties":{"id":10538960609,"kind":"poi","cat":"camp_site","name":"Chimwala Bush Camp","operator":"Liwonde National Park"}},
{"type":"Feature","geometry":{"type":"Point","coordinates":[35.2799,-15.34641]},"properties":{"id":10584395705,"kind":"poi","cat":"viewpoint","name":""}},
{"type":"Feature","geometry":{"type":"Point","coordinates":[33.9208,-9.94495]},"properties":{"id":10762009709,"kind":"poi","cat":"hotel","name":"Paradise Park Lodge"}},
{"type":"Feature","geometry":{"type":"Point","coordinates":[34.42322,-13.76557]},"properties":{"id":10801226124,"kind":"poi","cat":"hotel","name":"Village Plaza Lodge"}},
{"type":"Feature","geometry":{"type":"Point","coordinates":[33.94556,-9.94058]},"properties":{"id":11017482506,"kind":"poi","cat":"hotel","name":"Golden Sand Beach Lodge","phone":"+265 993 91 51 34"}},
{"type":"Feature","geometry":{"type":"Point","coordinates":[33.91622,-13.3568]},"properties":{"id":11025985205,"kind":"poi","cat":"hotel","name":"Sangilo lodge"}},
{"type":"Feature","geometry":{"type":"Point","coordinates":[34.77637,-11.25325]},"properties":{"id":11062406786,"kind":"poi","cat":"viewpoint","name":""}},
{"type":"Feature","geometry":{"type":"Point","coordinates":[34.73948,-15.7825]},"properties":{"id":11101299211,"kind":"poi","cat":"viewpoint","name":"temporally benchmark"}},
{"type":"Feature","geometry":{"type":"Point","coordinates":[34.73944,-15.78243]},"properties":{"id":11101361708,"kind":"poi","cat":"viewpoint","name":"temporally benchmark"}},
{"type":"Feature","geometry":{"type":"Point","coordinates":[34.17519,-11.92154]},"properties":{"id":11108283705,"kind":"poi","cat":"attraction","name":"Old Bandawe Mission Cemetery"}},
{"type":"Feature","geometry":{"type":"Point","coordinates":[34.16976,-14.37349]},"properties":{"id":11137582505,"kind":"poi","cat":"viewpoint","name":"Mphunzi rock art site no.7"}},
{"type":"Feature","geometry":{"type":"Point","coordinates":[33.50169,-10.83653]},"properties":{"id":11141704610,"kind":"poi","cat":"viewpoint","name":"h11"}},
{"type":"Feature","geometry":{"type":"Point","coordinates":[33.50174,-10.83699]},"properties":{"id":11141704611,"kind":"poi","cat":"viewpoint","name":"h13"}},
{"type":"Feature","geometry":{"type":"Point","coordinates":[33.50219,-10.83705]},"properties":{"id":11141705006,"kind":"poi","cat":"viewpoint","name":"h15"}},
{"type":"Feature","geometry":{"type":"Point","coordinates":[33.50258,-10.83591]},"properties":{"id":11141705007,"kind":"poi","cat":"viewpoint","name":"h52"}},
{"type":"Feature","geometry":{"type":"Point","coordinates":[33.50238,-10.83644]},"properties":{"id":11141710607,"kind":"poi","cat":"viewpoint","name":"H3"}},
{"type":"Feature","geometry":{"type":"Point","coordinates":[33.50249,-10.83621]},"properties":{"id":11141710608,"kind":"poi","cat":"viewpoint","name":"H4"}},
{"type":"Feature","geometry":{"type":"Point","coordinates":[33.50253,-10.83587]},"properties":{"id":11141710609,"kind":"poi","cat":"viewpoint","name":"H5"}},
{"type":"Feature","geometry":{"type":"Point","coordinates":[33.50253,-10.83711]},"properties":{"id":11141711605,"kind":"poi","cat":"viewpoint","name":"H1"}},
{"type":"Feature","geometry":{"type":"Point","coordinates":[33.50271,-10.83658]},"properties":{"id":11141712905,"kind":"poi","cat":"viewpoint","name":"H2"}},
{"type":"Feature","geometry":{"type":"Point","coordinates":[33.50244,-10.83656]},"properties":{"id":11141715505,"kind":"poi","cat":"viewpoint","name":"H3"}},
{"type":"Feature","geometry":{"type":"Point","coordinates":[33.50265,-10.83563]},"properties":{"id":11141716806,"kind":"poi","cat":"viewpoint","name":"H7"}},
{"type":"Feature","geometry":{"type":"Point","coordinates":[33.50277,-10.83571]},"properties":{"id":11141717305,"kind":"poi","cat":"viewpoint","name":"H6"}},
{"type":"Feature","geometry":{"type":"Point","coordinates":[33.50252,-10.83565]},"properties":{"id":11141719305,"kind":"poi","cat":"viewpoint","name":"h8"}},
{"type":"Feature","geometry":{"type":"Point","coordinates":[33.5023,-10.8358]},"properties":{"id":11141719705,"kind":"poi","cat":"viewpoint","name":"h9"}},
{"type":"Feature","geometry":{"type":"Point","coordinates":[33.50198,-10.83574]},"properties":{"id":11141720305,"kind":"poi","cat":"viewpoint","name":"h10"}},
{"type":"Feature","geometry":{"type":"Point","coordinates":[33.50155,-10.83687]},"properties":{"id":11141722905,"kind":"poi","cat":"viewpoint","name":"h12"}},
{"type":"Feature","geometry":{"type":"Point","coordinates":[33.50186,-10.83699]},"properties":{"id":11141722906,"kind":"poi","cat":"viewpoint","name":"h14"}},
{"type":"Feature","geometry":{"type":"Point","coordinates":[33.50204,-10.83576]},"properties":{"id":11141741705,"kind":"poi","cat":"viewpoint","name":"h17"}},
{"type":"Feature","geometry":{"type":"Point","coordinates":[33.50181,-10.8361]},"properties":{"id":11141783105,"kind":"poi","cat":"viewpoint","name":"h18"}},
{"type":"Feature","geometry":{"type":"Point","coordinates":[33.56937,-10.9105]},"properties":{"id":11148041606,"kind":"poi","cat":"viewpoint","name":"Bridge & Concrete pad"}},
{"type":"Feature","geometry":{"type":"Point","coordinates":[33.54438,-10.86974]},"properties":{"id":11148041805,"kind":"poi","cat":"viewpoint","name":"Hewe Nyika Junction"}},
{"type":"Feature","geometry":{"type":"Point","coordinates":[33.63182,-10.93581]},"properties":{"id":11148096706,"kind":"poi","cat":"viewpoint","name":"Mkandawire"}},
{"type":"Feature","geometry":{"type":"Point","coordinates":[35.18344,-17.01973]},"properties":{"id":11228580060,"kind":"poi","cat":"camp_site","name":""}},
{"type":"Feature","geometry":{"type":"Point","coordinates":[34.29968,-11.61288]},"properties":{"id":11235348608,"kind":"poi","cat":"artwork","name":"carving shop"}},
{"type":"Feature","geometry":{"type":"Point","coordinates":[34.29899,-11.60495]},"properties":{"id":11235363579,"kind":"poi","cat":"hotel","name":"Kupenja Lodge"}},
{"type":"Feature","geometry":{"type":"Point","coordinates":[34.30485,-11.61836]},"properties":{"id":11235462573,"kind":"natural","cat":"beach","name":"Chikale beach"}},
{"type":"Feature","geometry":{"type":"Point","coordinates":[33.87915,-14.02538]},"properties":{"id":11245416544,"kind":"poi","cat":"apartment","name":"Places"}},
{"type":"Feature","geometry":{"type":"Point","coordinates":[33.93909,-13.91575]},"properties":{"id":11245417641,"kind":"poi","cat":"artwork","name":"Pakhonde Sight"}},
{"type":"Feature","geometry":{"type":"Point","coordinates":[33.77862,-14.179]},"properties":{"id":11269135666,"kind":"poi","cat":"hostel","name":"Master's"}},
{"type":"Feature","geometry":{"type":"Point","coordinates":[33.85967,-11.02335]},"properties":{"id":11287750469,"kind":"poi","cat":"camp_site","name":"","phone":"+265992659798"}},
{"type":"Feature","geometry":{"type":"Point","coordinates":[34.99751,-15.81694]},"properties":{"id":11384993729,"kind":"poi","cat":"guest_house","name":"Octopus Villa"}},
{"type":"Feature","geometry":{"type":"Point","coordinates":[35.00233,-15.78483]},"properties":{"id":11506719169,"kind":"poi","cat":"hotel","name":""}},
{"type":"Feature","geometry":{"type":"Point","coordinates":[35.00256,-15.78484]},"properties":{"id":11506723569,"kind":"poi","cat":"hotel","name":""}},
{"type":"Feature","geometry":{"type":"Point","coordinates":[35.23154,-15.06894]},"properties":{"id":11580055770,"kind":"poi","cat":"motel","name":"4 ways Lounge"}},
{"type":"Feature","geometry":{"type":"Point","coordinates":[35.05749,-15.73032]},"properties":{"id":11729952669,"kind":"poi","cat":"hotel","name":"molys lodge machinjiri"}},
{"type":"Feature","geometry":{"type":"Point","coordinates":[34.68623,-15.87902]},"properties":{"id":11834488069,"kind":"poi","cat":"viewpoint","name":""}},
{"type":"Feature","geometry":{"type":"Point","coordinates":[34.75833,-15.92393]},"properties":{"id":11958555624,"kind":"poi","cat":"hotel","name":"Zua Safari Lodge"}},
{"type":"Feature","geometry":{"type":"Point","coordinates":[34.75761,-15.92325]},"properties":{"id":11958555625,"kind":"poi","cat":"camp_site","name":"Zua Safari Lodge campsite"}},
{"type":"Feature","geometry":{"type":"Point","coordinates":[34.74642,-15.85279]},"properties":{"id":11960899035,"kind":"poi","cat":"picnic_site","name":"Mvunguti picnic area"}},
{"type":"Feature","geometry":{"type":"Point","coordinates":[35.00948,-15.80283]},"properties":{"id":11977886258,"kind":"poi","cat":"guest_house","name":"Instahomes by Tru - Mt. Pleasant Apartments","phone":"+265998097265"}},
{"type":"Feature","geometry":{"type":"Point","coordinates":[32.89064,-13.79184]},"properties":{"id":11977949054,"kind":"poi","cat":"guest_house","name":"Rewards Lodge"}},
{"type":"Feature","geometry":{"type":"Point","coordinates":[33.64097,-10.34887]},"properties":{"id":11987246979,"kind":"poi","cat":"guest_house","name":""}},
{"type":"Feature","geometry":{"type":"Point","coordinates":[33.76082,-14.00106]},"properties":{"id":12150174001,"kind":"poi","cat":"guest_house","name":"Welcome Lodge"}},
{"type":"Feature","geometry":{"type":"Point","coordinates":[34.00956,-11.45668]},"properties":{"id":12150174002,"kind":"poi","cat":"guest_house","name":"Diplomats Guesthouse"}},
{"type":"Feature","geometry":{"type":"Point","coordinates":[34.76387,-14.59543]},"properties":{"id":12202068717,"kind":"poi","cat":"guest_house","name":""}},
{"type":"Feature","geometry":{"type":"Point","coordinates":[35.33343,-15.39155]},"properties":{"id":12281574987,"kind":"poi","cat":"hostel","name":"chikakuda","operator":"kkkk"}},
{"type":"Feature","geometry":{"type":"Point","coordinates":[34.73979,-12.06851]},"properties":{"id":12466635458,"kind":"poi","cat":"viewpoint","name":""}},
{"type":"Feature","geometry":{"type":"Point","coordinates":[34.32745,-13.15649]},"properties":{"id":12475715008,"kind":"poi","cat":"viewpoint","name":""}},
{"type":"Feature","geometry":{"type":"Point","coordinates":[34.71566,-12.08945]},"properties":{"id":12475846163,"kind":"poi","cat":"viewpoint","name":""}},
{"type":"Feature","geometry":{"type":"Point","coordinates":[33.7851,-13.97017]},"properties":{"id":12609929683,"kind":"poi","cat":"camp_site","name":"Woodlands Lilongwe Camp Site","operator":"Woodlands Lilongwe"}},
{"type":"Feature","geometry":{"type":"Point","coordinates":[34.83786,-14.02672]},"properties":{"id":12709393101,"kind":"poi","cat":"hotel","name":"Mgoza Lodge"}},
{"type":"Feature","geometry":{"type":"Point","coordinates":[35.05908,-15.80363]},"properties":{"id":12736335201,"kind":"poi","cat":"motel","name":"Limbe Guest House Lodge"}},
{"type":"Feature","geometry":{"type":"Point","coordinates":[33.80139,-13.93774]},"properties":{"id":12834499199,"kind":"poi","cat":"guest_house","name":"Mitengo"}},
{"type":"Feature","geometry":{"type":"Point","coordinates":[35.29001,-14.3669]},"properties":{"id":12964736849,"kind":"natural","cat":"bay","name":"Malindi"}},
{"type":"Feature","geometry":{"type":"Point","coordinates":[34.85973,-14.11263]},"properties":{"id":12965670184,"kind":"natural","cat":"bay","name":"Kasankha"}},
{"type":"Feature","geometry":{"type":"Point","coordinates":[35.03647,-14.18505]},"properties":{"id":12965670187,"kind":"natural","cat":"bay","name":"Nkope"}},
{"type":"Feature","geometry":{"type":"Point","coordinates":[34.6107,-13.76604]},"properties":{"id":13009682102,"kind":"natural","cat":"bay","name":"Senga"}},
{"type":"Feature","geometry":{"type":"Point","coordinates":[34.45522,-13.59239]},"properties":{"id":13009682103,"kind":"natural","cat":"bay","name":"Domira"}},
{"type":"Feature","geometry":{"type":"Point","coordinates":[35.02454,-15.82835]},"properties":{"id":13014851642,"kind":"poi","cat":"camp_site","name":"Chibowa Camp & Cottages"}},
{"type":"Feature","geometry":{"type":"Point","coordinates":[33.69183,-13.95699]},"properties":{"id":13109206301,"kind":"poi","cat":"hotel","name":"Eden Estates & Resort","website":"www.edeneestatesmw.com","phone":"+265 994 165 758"}},
{"type":"Feature","geometry":{"type":"Point","coordinates":[34.10596,-10.23078]},"properties":{"id":13208151101,"kind":"poi","cat":"hostel","name":""}},
{"type":"Feature","geometry":{"type":"Point","coordinates":[33.75366,-13.93006]},"properties":{"id":13417962868,"kind":"poi","cat":"apartment","name":"Asamez Apartments","phone":"0888758721"}},
{"type":"Feature","geometry":{"type":"Point","coordinates":[33.74057,-13.51903]},"properties":{"id":13626209501,"kind":"poi","cat":"hotel","name":"","phone":"0265996021572"}},
{"type":"Feature","geometry":{"type":"Point","coordinates":[34.43519,-13.70849]},"properties":{"id":13745556403,"kind":"poi","cat":"chalet","name":"Bush villas"}},
{"type":"Feature","geometry":{"type":"Point","coordinates":[34.43051,-13.70573]},"properties":{"id":13745564501,"kind":"poi","cat":"camp_site","name":"Landirani Camp"}},
{"type":"Feature","geometry":{"type":"Point","coordinates":[34.5958,-13.80958]},"properties":{"id":13763476501,"kind":"poi","cat":"hotel","name":"Casa Costantini"}},
{"type":"Feature","geometry":{"type":"Point","coordinates":[35.02826,-15.61073]},"properties":{"id":13800530302,"kind":"poi","cat":"hotel","name":"Kings Nest Lodge"}},
{"type":"Feature","geometry":{"type":"Point","coordinates":[33.47755,-13.05369]},"properties":{"id":13871449478,"kind":"poi","cat":"hotel","name":"Chikho Hotel"}},
{"type":"Feature","geometry":{"type":"Point","coordinates":[34.55903,-16.02542]},"properties":{"id":13944689102,"kind":"poi","cat":"wilderness_hut","name":""}},
{"type":"Feature","geometry":{"type":"Point","coordinates":[35.26372,-15.01273]},"properties":{"id":14053447130,"kind":"poi","cat":"camp_site","name":"Chimwala Campsite","operator":"Liwonde National Park"}},
{"type":"Feature","geometry":{"type":"Point","coordinates":[34.11174,-11.93637]},"properties":{"id":14087938681,"kind":"poi","cat":"guest_house","name":"MJ Guest House","opening_hours":"24/7"}},
{"type":"Feature","geometry":{"type":"Point","coordinates":[35.23089,-15.06607]},"properties":{"id":14092002645,"kind":"poi","cat":"hotel","name":"Mtimapansi Rest house"}},
{"type":"Feature","geometry":{"type":"Point","coordinates":[35.22908,-15.06871]},"properties":{"id":14096529406,"kind":"poi","cat":"motel","name":"Liwonde Park Motel"}},
{"type":"Feature","geometry":{"type":"Point","coordinates":[35.21984,-15.05459]},"properties":{"id":14100336301,"kind":"poi","cat":"hotel","name":"Villa Liwonde"}},
{"type":"Feature","geometry":{"type":"Point","coordinates":[35.22669,-15.06826]},"properties":{"id":14105176374,"kind":"poi","cat":"hostel","name":"Gmarina Court"}},
{"type":"Feature","geometry":{"type":"Point","coordinates":[34.72244,-12.09291]},"properties":{"id":14128068501,"kind":"poi","cat":"attraction","name":"St Marks Church"}},
{"type":"Feature","geometry":{"type":"Point","coordinates":[34.71924,-12.08205]},"properties":{"id":14130634103,"kind":"poi","cat":"attraction","name":"Shortcut to Mango Drift"}},
{"type":"Feature","geometry":{"type":"Point","coordinates":[33.80567,-13.96084]},"properties":{"id":14132045302,"kind":"poi","cat":"gallery","name":"Kaliso Art Gallery","phone":"880800131","opening_hours":"Mo-Sa 08:00-17:00"}},
{"type":"Feature","geometry":{"type":"Point","coordinates":[34.71743,-12.07988]},"properties":{"id":14134995301,"kind":"poi","cat":"guest_house","name":"Shortcut to Mango Drift"}},
{"type":"Feature","geometry":{"type":"Point","coordinates":[34.72032,-12.08072]},"properties":{"id":14136929701,"kind":"poi","cat":"guest_house","name":"Shortcut to Mango Drift"}},
{"type":"Feature","geometry":{"type":"Point","coordinates":[33.99997,-11.42341]},"properties":{"id":14148042954,"kind":"poi","cat":"hotel","name":"Chisanga Complex Center"}},
{"type":"Feature","geometry":{"type":"Point","coordinates":[34.00067,-11.42263]},"properties":{"id":14148042956,"kind":"poi","cat":"hostel","name":"A n J Hostel"}},
{"type":"Feature","geometry":{"type":"Point","coordinates":[34.00096,-11.4229]},"properties":{"id":14148042957,"kind":"poi","cat":"hostel","name":"Mwandira Hostel"}},
{"type":"Feature","geometry":{"type":"Point","coordinates":[33.99897,-11.42141]},"properties":{"id":14148042958,"kind":"poi","cat":"hostel","name":"No Boys Hostel"}},
{"type":"Feature","geometry":{"type":"Point","coordinates":[33.9878,-11.4249]},"properties":{"id":14148042967,"kind":"poi","cat":"hostel","name":"Little Casandra"}},
{"type":"Feature","geometry":{"type":"Point","coordinates":[33.75115,-13.93112]},"properties":{"id":14148084612,"kind":"poi","cat":"apartment","name":"James Sanderson Apartment","website":"https://jamessanderson.co"}},
{"type":"Feature","geometry":{"type":"Polygon","coordinates":[[[33.51253,-12.48358],[33.49991,-12.49012],[33.49665,-12.49188],[33.49424,-12.49322],[33.49347,-12.49423],[33.48291,-12.49842],[33.48206,-12.49791],[33.4794,-12.49724],[33.47768,-12.49733],[33.47347,-12.4985],[33.47116,-12.49984],[33.46918,-12.49984],[33.46626,-12.49993],[33.4648,-12.50026],[33.46335,-12.5011],[33.46206,-12.50043],[33.46257,-12.49733],[33.46369,-12.4954],[33.46369,-12.49356],[33.46232,-12.49196],[33.46618,-12.48937],[33.46841,-12.48786],[33.4697,-12.48677],[33.4697,-12.4861],[33.4648,-12.48878],[33.46189,-12.48962],[33.46283,-12.48652],[33.45905,-12.48291],[33.45674,-12.4799],[33.45837,-12.48291],[33.45931,-12.48434],[33.46129,-12.48702],[33.46077,-12.48945],[33.45768,-12.49129],[33.45468,-12.49439],[33.45296,-12.5011],[33.45141,-12.50068],[33.44901,-12.49691],[33.44781,-12.49507],[33.44687,-12.49263],[33.44446,-12.49096],[33.44489,-12.48744],[33.4436,-12.47613],[33.44366,-12.474],[33.44451,-12.47334],[33.44629,-12.47206],[33.44736,-12.47123],[33.44911,-12.46996],[33.45068,-12.46895],[33.45202,-12.46754],[33.45342,-12.46653],[33.45563,-12.46631],[33.4582,-12.46515],[33.4606,-12.46308],[33.46484,-12.4625],[33.46723,-12.46211],[33.46751,-12.46408],[33.46927,-12.4639],[33.4713,-12.46213],[33.47288,-12.46185],[33.4737,-12.46157],[33.47444,-12.46127],[33.47596,-12.46072],[33.47622,-12.45882],[33.47815,-12.45824],[33.48116,-12.45604],[33.48041,-12.45243],[33.48011,-12.45078],[33.4794,-12.44926],[33.47839,-12.44834],[33.47683,-12.44718],[33.47637,-12.44821],[33.47505,-12.44782],[33.47527,-12.44577],[33.47582,-12.44541],[33.4757,-12.44453],[33.4756,-12.44373],[33.4757,-12.44283],[33.47575,-12.44196],[33.47321,-12.43743],[33.47244,-12.43355],[33.47536,-12.43288],[33.48043,-12.43271],[33.4842,-12.43347],[33.48695,-12.4333],[33.48987,-12.43422],[33.4921,-12.43573],[33.4957,-12.43741],[33.49879,-12.43841],[33.50214,-12.43816],[33.50609,-12.43757],[33.51098,-12.43632],[33.51519,-12.43556],[33.51647,-12.43565],[33.51888,-12.43766],[33.52188,-12.44],[33.52334,-12.44093],[33.5278,-12.44026],[33.53167,-12.44059],[33.53244,-12.44235],[33.53287,-12.44428],[33.5333,-12.44671],[33.5333,-12.45015],[33.53304,-12.45308],[33.53295,-12.45635],[33.53295,-12.46062],[33.53295,-12.46448],[33.53287,-12.46707],[33.53218,-12.46925],[33.53098,-12.47152],[33.52918,-12.47336],[33.52549,-12.47562],[33.51788,-12.48027],[33.51562,-12.48166],[33.51253,-12.48358]]]},"properties":{"id":24268943,"kind":"park","cat":"protected_area","name":"Chimaliro Forest Reserve"}},
{"type":"Feature","geometry":{"type":"Polygon","coordinates":[[[33.53304,-12.43984],[33.5387,-12.43263],[33.54008,-12.43162],[33.54111,-12.43045],[33.55089,-12.42928],[33.5545,-12.43011],[33.55518,-12.43112],[33.55639,-12.43112],[33.55561,-12.42919],[33.56102,-12.42358],[33.56634,-12.41771],[33.57553,-12.41092],[33.57724,-12.40748],[33.57982,-12.40497],[33.58119,-12.40472],[33.58162,-12.40027],[33.58179,-12.39918],[33.58102,-12.39709],[33.58042,-12.39541],[33.5805,-12.39382],[33.58119,-12.3934],[33.58008,-12.3903],[33.58068,-12.38828],[33.58291,-12.38577],[33.58608,-12.38325],[33.58677,-12.37848],[33.58763,-12.37781],[33.59029,-12.37755],[33.59286,-12.3763],[33.59492,-12.3742],[33.59879,-12.37387],[33.60368,-12.37353],[33.6054,-12.37303],[33.60728,-12.3711],[33.61037,-12.37118],[33.61235,-12.37244],[33.61587,-12.37395],[33.61836,-12.3737],[33.62145,-12.37135],[33.62248,-12.37034],[33.62342,-12.37001],[33.62505,-12.37026],[33.62651,-12.37026],[33.62685,-12.36951],[33.62788,-12.36951],[33.62986,-12.37051],[33.63381,-12.37076],[33.63767,-12.37043],[33.64083,-12.3688],[33.64538,-12.36796],[33.64875,-12.36798],[33.65054,-12.36959],[33.65192,-12.36967],[33.65586,-12.369],[33.65827,-12.36875],[33.66136,-12.36984],[33.66874,-12.37303],[33.67483,-12.37554],[33.67603,-12.37822],[33.67672,-12.38175],[33.67792,-12.38569],[33.67964,-12.3887],[33.68033,-12.39046],[33.68196,-12.39189],[33.68899,-12.3965],[33.69217,-12.39876],[33.69432,-12.40036],[33.69586,-12.4022],[33.6956,-12.40304],[33.69543,-12.40455],[33.69449,-12.40522],[33.69432,-12.40614],[33.69414,-12.4079],[33.6938,-12.40933],[33.69277,-12.4105],[33.692,-12.41109],[33.69114,-12.41259],[33.69054,-12.41385],[33.68977,-12.41519],[33.68856,-12.4157],[33.68693,-12.41687],[33.68676,-12.41813],[33.68565,-12.42014],[33.68419,-12.42249],[33.68324,-12.42425],[33.68281,-12.42508],[33.68084,-12.42475],[33.68033,-12.42693],[33.68033,-12.42844],[33.67844,-12.42961],[33.67466,-12.43154],[33.67157,-12.43313],[33.66977,-12.43389],[33.66736,-12.43405],[33.66342,-12.43372],[33.6599,-12.43271],[33.65655,-12.43179],[33.65329,-12.4312],[33.649,-12.43104],[33.64634,-12.43112],[33.64539,-12.4312],[33.64368,-12.43288],[33.6429,-12.43422],[33.6411,-12.43439],[33.6405,-12.43489],[33.63964,-12.43506],[33.63853,-12.43514],[33.63758,-12.43606],[33.63741,-12.43674],[33.63681,-12.43757],[33.63604,-12.43808],[33.63535,-12.43841],[33.63475,-12.43933],[33.63406,-12.43967],[33.63303,-12.43984],[33.63157,-12.44109],[33.62986,-12.4421],[33.62917,-12.44302],[33.62857,-12.44344],[33.62754,-12.44419],[33.62668,-12.44487],[33.62625,-12.44562],[33.62599,-12.44704],[33.62548,-12.44788],[33.62479,-12.44813],[33.62452,-12.44813],[33.62385,-12.44813],[33.62316,-12.44822],[33.62256,-12.44847],[33.62248,-12.44931],[33.62187,-12.44998],[33.6211,-12.45115],[33.62007,-12.45149],[33.6199,-12.45207],[33.61956,-12.45258],[33.61853,-12.453],[33.61707,-12.45325],[33.61578,-12.45425],[33.61569,-12.45517],[33.61638,-12.4576],[33.61535,-12.45811],[33.61389,-12.45869],[33.61278,-12.45786],[33.61183,-12.4571],[33.61029,-12.45652],[33.60874,-12.45551],[33.60685,-12.45534],[33.60557,-12.45551],[33.60488,-12.45593],[33.60402,-12.45601],[33.60179,-12.45584],[33.60093,-12.45643],[33.59947,-12.45626],[33.59973,-12.45534],[33.59922,-12.45484],[33.59741,-12.45467],[33.59673,-12.45484],[33.59449,-12.45543],[33.59304,-12.45593],[33.58986,-12.45685],[33.58874,-12.45677],[33.58771,-12.45635],[33.5866,-12.45652],[33.58454,-12.45677],[33.58334,-12.45652],[33.58188,-12.45668],[33.58008,-12.45677],[33.5769,-12.45693],[33.5763,-12.4576],[33.57441,-12.45861],[33.57347,-12.45911],[33.57261,-12.45928],[33.57149,-12.45945],[33.57055,-12.45945],[33.56917,-12.45936],[33.56729,-12.45886],[33.56634,-12.45886],[33.56514,-12.45886],[33.56342,-12.45953],[33.56188,-12.46079],[33.56016,-12.46314],[33.55845,-12.46582],[33.5569,-12.46724],[33.55621,-12.46808],[33.55544,-12.46976],[33.55398,-12.47059],[33.55269,-12.47034],[33.55132,-12.47034],[33.54952,-12.47034],[33.54797,-12.47068],[33.54729,-12.47135],[33.54617,-12.47177],[33.54514,-12.47194],[33.54317,-12.47194],[33.54171,-12.47194],[33.54051,-12.47168],[33.5387,-12.47118],[33.53776,-12.47093],[33.5369,-12.47034],[33.53527,-12.469],[33.53364,-12.46783],[33.53373,-12.46456],[33.53381,-12.45232],[33.5339,-12.44981],[33.53416,-12.44654],[33.53381,-12.44503],[33.5333,-12.44252],[33.53278,-12.44101],[33.53261,-12.44034],[33.53304,-12.43984]]]},"properties":{"id":24269000,"kind":"park","cat":"protected_area","name":"Chimaliro Forest Reserve"}},
{"type":"Feature","geometry":{"type":"Polygon","coordinates":[[[34.88236,-14.55978],[34.88253,-14.55463],[34.89094,-14.53951],[34.89815,-14.53519],[34.91461,-14.52881],[34.91624,-14.52818],[34.91789,-14.52754],[34.91795,-14.52752],[34.91887,-14.52715],[34.92225,-14.52578],[34.92271,-14.5256],[34.92403,-14.52507],[34.92557,-14.52444],[34.92741,-14.5237],[34.92908,-14.52303],[34.93013,-14.52261],[34.93425,-14.52094],[34.93649,-14.52004],[34.94055,-14.5184],[34.94759,-14.51641],[34.95171,-14.52023],[34.97626,-14.52222],[34.98141,-14.52422],[34.98467,-14.53003],[34.98879,-14.53336],[34.9984,-14.53751],[35.00921,-14.54732],[35.00921,-14.5528],[35.0092,-14.55301],[35.00843,-14.56165],[35.00836,-14.56244],[35.01763,-14.56891],[35.0214,-14.5827],[35.02621,-14.59467],[35.03634,-14.60829],[35.04681,-14.61875],[35.04509,-14.6244],[35.04235,-14.63121],[35.04183,-14.6342],[35.03771,-14.63569],[35.03359,-14.63403],[35.02552,-14.63021],[35.02243,-14.63138],[35.0178,-14.63071],[35.01797,-14.63453],[35.01299,-14.642],[34.99256,-14.63453],[34.98329,-14.63138],[34.97317,-14.63138],[34.95857,-14.62373],[34.94501,-14.61859],[34.93317,-14.6151],[34.93133,-14.6147],[34.92785,-14.61393],[34.92785,-14.61388],[34.92785,-14.61194],[34.92522,-14.61099],[34.9251,-14.61094],[34.92502,-14.61099],[34.92201,-14.61261],[34.91864,-14.61125],[34.91846,-14.61117],[34.91823,-14.61108],[34.91583,-14.61011],[34.91394,-14.60696],[34.90948,-14.60563],[34.90708,-14.60065],[34.9057,-14.59782],[34.90364,-14.59616],[34.90124,-14.59682],[34.90055,-14.594],[34.89918,-14.59118],[34.90072,-14.58536],[34.89887,-14.58332],[34.8954,-14.57955],[34.89489,-14.57423],[34.89369,-14.57121],[34.89317,-14.56991],[34.89146,-14.56742],[34.88905,-14.56659],[34.88236,-14.55978]]]},"properties":{"id":24430312,"kind":"park","cat":"protected_area","name":"Phirilongwe Forest Reserve"}},
{"type":"Feature","geometry":{"type":"Polygon","coordinates":[[[34.01417,-11.42188],[34.01396,-11.42125],[34.01389,-11.42044],[34.01366,-11.42033],[34.0135,-11.41973],[34.01338,-11.41968],[34.01346,-11.41958],[34.01357,-11.41957],[34.01364,-11.41942],[34.01356,-11.41918],[34.0135,-11.41878],[34.01354,-11.41864],[34.01363,-11.41863],[34.01375,-11.41816],[34.01352,-11.41814],[34.0134,-11.41801],[34.01329,-11.41741],[34.01353,-11.41635],[34.01387,-11.41539],[34.014,-11.41486],[34.01466,-11.415],[34.0151,-11.4149],[34.01551,-11.41456],[34.01563,-11.41427],[34.01531,-11.41429],[34.01502,-11.41442],[34.01482,-11.41446],[34.0146,-11.41433],[34.01439,-11.41423],[34.01411,-11.41426],[34.01368,-11.41412],[34.01336,-11.41379],[34.01315,-11.41312],[34.01339,-11.41283],[34.0132,-11.41244],[34.01293,-11.41161],[34.01328,-11.41047],[34.01334,-11.40994],[34.01304,-11.40851],[34.01358,-11.40698],[34.01362,-11.40634],[34.01418,-11.40568],[34.01463,-11.40431],[34.01479,-11.40366],[34.01513,-11.40252],[34.01572,-11.40223],[34.01607,-11.40179],[34.01732,-11.40122],[34.01772,-11.40108],[34.01803,-11.40046],[34.01828,-11.4004],[34.01866,-11.40011],[34.01904,-11.39982],[34.01897,-11.39944],[34.01948,-11.39897],[34.01966,-11.39793],[34.02414,-11.39783],[34.02728,-11.39772],[34.02948,-11.39766],[34.03042,-11.39737],[34.0324,-11.39673],[34.03342,-11.39636],[34.03371,-11.39634],[34.03452,-11.39668],[34.03532,-11.39726],[34.03582,-11.39744],[34.03647,-11.3974],[34.03997,-11.39693],[34.04162,-11.39628],[34.04268,-11.39604],[34.04383,-11.39584],[34.04459,-11.39557],[34.04569,-11.39499],[34.04654,-11.39457],[34.04763,-11.39442],[34.04805,-11.39434],[34.0519,-11.39542],[34.0525,-11.39685],[34.05232,-11.3977],[34.05138,-11.39955],[34.05155,-11.40089],[34.05104,-11.40207],[34.04932,-11.40241],[34.04855,-11.4035],[34.0476,-11.40552],[34.04786,-11.40645],[34.04838,-11.40922],[34.0476,-11.41032],[34.04615,-11.41141],[34.04573,-11.41169],[34.046,-11.41231],[34.04561,-11.41247],[34.04494,-11.41216],[34.04383,-11.41368],[34.04366,-11.41452],[34.0428,-11.41444],[34.04225,-11.41451],[34.04175,-11.41432],[34.04173,-11.41471],[34.0411,-11.41469],[34.04112,-11.41435],[34.04035,-11.41382],[34.03984,-11.41374],[34.03991,-11.41414],[34.03951,-11.41424],[34.03914,-11.41358],[34.03873,-11.4136],[34.03927,-11.41487],[34.03989,-11.41575],[34.04014,-11.41738],[34.04088,-11.41762],[34.04138,-11.41806],[34.04093,-11.41838],[34.04111,-11.41877],[34.04148,-11.41893],[34.04189,-11.41849],[34.04348,-11.42086],[34.0425,-11.42107],[34.0424,-11.42294],[34.04439,-11.42348],[34.04426,-11.42383],[34.04356,-11.42392],[34.04322,-11.42427],[34.0412,-11.4265],[34.04219,-11.42687],[34.0425,-11.42903],[34.04307,-11.42997],[34.04293,-11.43076],[34.04498,-11.431],[34.04511,-11.43162],[34.04692,-11.43513],[34.0459,-11.43564],[34.0452,-11.43666],[34.04239,-11.43788],[34.04177,-11.4372],[34.04117,-11.43709],[34.04089,-11.43644],[34.04049,-11.43517],[34.04006,-11.43432],[34.03711,-11.43279],[34.03504,-11.43125],[34.03086,-11.4292],[34.0279,-11.42779],[34.02711,-11.42831],[34.02495,-11.42637],[34.0247,-11.4262],[34.02458,-11.42617],[34.02433,-11.42608],[34.02402,-11.42601],[34.02373,-11.42595],[34.02341,-11.42592],[34.02307,-11.42594],[34.02259,-11.42605],[34.02243,-11.42606],[34.0223,-11.42609],[34.02191,-11.42627],[34.02172,-11.42626],[34.02157,-11.42624],[34.02136,-11.42613],[34.02113,-11.42599],[34.02084,-11.42592],[34.02027,-11.42577],[34.01999,-11.42568],[34.01983,-11.42562],[34.01968,-11.42558],[34.01944,-11.4255],[34.01931,-11.42548],[34.01906,-11.42551],[34.01844,-11.42556],[34.01833,-11.42556],[34.01809,-11.4256],[34.01796,-11.42565],[34.01783,-11.4257],[34.01775,-11.42584],[34.01771,-11.42595],[34.01761,-11.42609],[34.01749,-11.42616],[34.01737,-11.42616],[34.01712,-11.42614],[34.01705,-11.4261],[34.01677,-11.42563],[34.01672,-11.42558],[34.01721,-11.42436],[34.01565,-11.42365],[34.01449,-11.42258],[34.01417,-11.42188]]]},"properties":{"id":24477980,"kind":"park","cat":"protected_area","name":"Lunyangwa Forest Reserve"}},
{"type":"Feature","geometry":{"type":"Polygon","coordinates":[[[33.98715,-13.36733],[33.98773,-13.36141],[33.98921,-13.35998],[33.99089,-13.35155],[33.99196,-13.3494],[33.99315,-13.34557],[33.99768,-13.342],[33.99949,-13.34147],[33.99942,-13.34017],[34.00286,-13.34],[34.00497,-13.33787],[34.00798,-13.33038],[34.01309,-13.32967],[34.01432,-13.3272],[34.01461,-13.32457],[34.01564,-13.31922],[34.01633,-13.31388],[34.02251,-13.29984],[34.02148,-13.29383],[34.01976,-13.29082],[34.01976,-13.28882],[34.02251,-13.28481],[34.02251,-13.28147],[34.03247,-13.27879],[34.03796,-13.27412],[34.04689,-13.27211],[34.05307,-13.27545],[34.05513,-13.27111],[34.05513,-13.26476],[34.05822,-13.26342],[34.06302,-13.26275],[34.07332,-13.25874],[34.08156,-13.25707],[34.0898,-13.2544],[34.09701,-13.25407],[34.1025,-13.2554],[34.10834,-13.25774],[34.11315,-13.26209],[34.11155,-13.26285],[34.11026,-13.26285],[34.10941,-13.26703],[34.10834,-13.26643],[34.10623,-13.26561],[34.10494,-13.26661],[34.10477,-13.26945],[34.10039,-13.27079],[34.09876,-13.27104],[34.10022,-13.27472],[34.09842,-13.27555],[34.09667,-13.27445],[34.09602,-13.2728],[34.09378,-13.27296],[34.09244,-13.27504],[34.08984,-13.27463],[34.08906,-13.27614],[34.08984,-13.27814],[34.08889,-13.27889],[34.08838,-13.28107],[34.08726,-13.28207],[34.08906,-13.28917],[34.0922,-13.2975],[34.0898,-13.30753],[34.08603,-13.30719],[34.08397,-13.31187],[34.08362,-13.31555],[34.08294,-13.31789],[34.07847,-13.31822],[34.07538,-13.32356],[34.07298,-13.33058],[34.07229,-13.33526],[34.07058,-13.33826],[34.07332,-13.34261],[34.06852,-13.34394],[34.0692,-13.34695],[34.06852,-13.34895],[34.06165,-13.34695],[34.05753,-13.34996],[34.05719,-13.3533],[34.05238,-13.35964],[34.04792,-13.36632],[34.04517,-13.37367],[34.04174,-13.37501],[34.04071,-13.37735],[34.03693,-13.37801],[34.0359,-13.38002],[34.03247,-13.38169],[34.03212,-13.38403],[34.02938,-13.38403],[34.028,-13.3867],[34.02217,-13.38336],[34.01633,-13.38503],[34.01118,-13.38603],[34.00672,-13.38603],[34.00328,-13.38469],[34.00054,-13.38603],[33.99642,-13.3857],[33.99367,-13.38236],[33.98921,-13.37768],[33.98886,-13.37434],[33.98715,-13.36733]]]},"properties":{"id":24757093,"kind":"park","cat":"national_park","name":"Ntchisi Forest"}},
{"type":"Feature","geometry":{"type":"Polygon","coordinates":[[[34.85661,-16.1676],[34.85632,-16.16761],[34.8556,-16.16763],[34.85607,-16.16696],[34.85629,-16.16665],[34.85651,-16.16633],[34.85669,-16.16608],[34.85698,-16.16582],[34.85717,-16.16564],[34.85724,-16.16558],[34.8574,-16.16533],[34.85762,-16.16497],[34.85791,-16.16451],[34.85859,-16.16343],[34.85889,-16.16294],[34.85904,-16.16271],[34.85932,-16.16225],[34.86,-16.16118],[34.86038,-16.16116],[34.86259,-16.16321],[34.86354,-16.16317],[34.86518,-16.16221],[34.86665,-16.16202],[34.86731,-16.16212],[34.86829,-16.16193],[34.86874,-16.16167],[34.86917,-16.16119],[34.86954,-16.16066],[34.86969,-16.15982],[34.87028,-16.15945],[34.87054,-16.16189],[34.87119,-16.16762],[34.872,-16.16935],[34.87242,-16.17024],[34.87272,-16.17067],[34.87398,-16.17255],[34.8745,-16.17333],[34.87271,-16.17443],[34.85794,-16.1835],[34.85728,-16.18248],[34.85715,-16.18224],[34.85705,-16.18195],[34.85709,-16.1813],[34.85661,-16.1676]]]},"properties":{"id":25196782,"kind":"park","cat":"national_park","name":"Nyala Park"}},
{"type":"Feature","geometry":{"type":"Polygon","coordinates":[[[34.22195,-11.55431],[34.22469,-11.55767],[34.22984,-11.55565],[34.23293,-11.557],[34.23327,-11.56103],[34.23533,-11.56204],[34.23568,-11.56675],[34.2398,-11.57012],[34.24289,-11.57045],[34.24289,-11.56204],[34.24769,-11.55935],[34.25456,-11.55935],[34.25593,-11.55666],[34.25799,-11.55532],[34.25733,-11.55161],[34.25732,-11.55156],[34.25696,-11.5496],[34.25662,-11.54758],[34.25216,-11.54522],[34.2525,-11.54119],[34.2604,-11.5422],[34.26211,-11.53984],[34.26177,-11.53312],[34.26192,-11.53151],[34.26211,-11.52941],[34.25387,-11.52437],[34.24975,-11.52302],[34.24666,-11.52067],[34.24666,-11.51562],[34.2525,-11.50923],[34.25319,-11.50284],[34.24666,-11.49645],[34.2446,-11.49207],[34.24632,-11.48837],[34.24804,-11.4803],[34.25181,-11.47929],[34.25662,-11.48097],[34.26314,-11.47458],[34.26349,-11.46347],[34.26074,-11.45271],[34.25593,-11.44362],[34.25044,-11.44429],[34.24735,-11.44227],[34.24289,-11.43689],[34.24608,-11.43114],[34.24418,-11.4292],[34.24527,-11.42713],[34.2463,-11.42766],[34.24799,-11.42584],[34.25066,-11.42413],[34.25221,-11.42414],[34.25187,-11.42555],[34.25113,-11.42814],[34.25353,-11.43083],[34.2604,-11.43184],[34.2652,-11.43184],[34.26211,-11.4278],[34.25834,-11.42276],[34.25868,-11.41468],[34.26349,-11.41232],[34.26417,-11.40593],[34.26555,-11.39987],[34.27173,-11.39482],[34.26452,-11.39583],[34.26074,-11.39146],[34.26589,-11.38809],[34.26383,-11.38271],[34.26143,-11.38002],[34.25662,-11.378],[34.25335,-11.37377],[34.2501,-11.36958],[34.25525,-11.36386],[34.25696,-11.35309],[34.25044,-11.34299],[34.24598,-11.34299],[34.24666,-11.34737],[34.24591,-11.35255],[34.24534,-11.35645],[34.24495,-11.35915],[34.23636,-11.35679],[34.23224,-11.35376],[34.2398,-11.34131],[34.24598,-11.3339],[34.24356,-11.32234],[34.24323,-11.32077],[34.23327,-11.31875],[34.22744,-11.31438],[34.22023,-11.30663],[34.21714,-11.28004],[34.20409,-11.27903],[34.19276,-11.28138],[34.19105,-11.28913],[34.1883,-11.30596],[34.19173,-11.30966],[34.1986,-11.31067],[34.19997,-11.31303],[34.21645,-11.31135],[34.22435,-11.32111],[34.22092,-11.32683],[34.21748,-11.33121],[34.21405,-11.33188],[34.21062,-11.3302],[34.20444,-11.32953],[34.20375,-11.32616],[34.20821,-11.32481],[34.20512,-11.31976],[34.20032,-11.3164],[34.1907,-11.31269],[34.18933,-11.31976],[34.18864,-11.32683],[34.18864,-11.33558],[34.18658,-11.34636],[34.18967,-11.35645],[34.1883,-11.36049],[34.1883,-11.37901],[34.191,-11.38506],[34.19311,-11.38978],[34.19002,-11.40223],[34.19242,-11.40761],[34.19311,-11.41132],[34.18555,-11.42276],[34.18967,-11.42814],[34.19414,-11.4278],[34.19723,-11.42713],[34.20203,-11.43891],[34.19757,-11.44127],[34.19791,-11.44699],[34.201,-11.45035],[34.20581,-11.45001],[34.21096,-11.45102],[34.21199,-11.45372],[34.20478,-11.45607],[34.20272,-11.46213],[34.20135,-11.46886],[34.19997,-11.47559],[34.20375,-11.47491],[34.2065,-11.47794],[34.19963,-11.4877],[34.21062,-11.48501],[34.21474,-11.47861],[34.21748,-11.47256],[34.2216,-11.47256],[34.22469,-11.47996],[34.22572,-11.484],[34.22572,-11.48871],[34.22298,-11.49645],[34.21954,-11.50721],[34.22195,-11.52302],[34.21645,-11.52773],[34.21748,-11.53446],[34.2192,-11.54253],[34.21873,-11.54875],[34.21876,-11.5497],[34.2201,-11.5502],[34.22195,-11.55431]]]},"properties":{"id":25742765,"kind":"park","cat":"protected_area","name":"Ruvuo Forest Reserve"}},
{"type":"Feature","geometry":{"type":"Polygon","coordinates":[[[34.06342,-11.39447],[34.0751,-11.39245],[34.08025,-11.39312],[34.09879,-11.37697],[34.10565,-11.36956],[34.13621,-11.36283],[34.15097,-11.36687],[34.14788,-11.3837],[34.16093,-11.3985],[34.16259,-11.40241],[34.17044,-11.42078],[34.17363,-11.43654],[34.17844,-11.45807],[34.17947,-11.47019],[34.17706,-11.47961],[34.16745,-11.48465],[34.15715,-11.48701],[34.14685,-11.49542],[34.13861,-11.50316],[34.13793,-11.50686],[34.13827,-11.51022],[34.13209,-11.5146],[34.12728,-11.51359],[34.12248,-11.51426],[34.1187,-11.51931],[34.11664,-11.52368],[34.11218,-11.52839],[34.10531,-11.53007],[34.0981,-11.53074],[34.09535,-11.52906],[34.09329,-11.52906],[34.09123,-11.52637],[34.08746,-11.52603],[34.08471,-11.52301],[34.0854,-11.52099],[34.08402,-11.51897],[34.08093,-11.51426],[34.07784,-11.51291],[34.0775,-11.51022],[34.07647,-11.50787],[34.07441,-11.50518],[34.07201,-11.50349],[34.07201,-11.50181],[34.06823,-11.49878],[34.06651,-11.4971],[34.06789,-11.49441],[34.06857,-11.48903],[34.06857,-11.48735],[34.07201,-11.48533],[34.07304,-11.47961],[34.07304,-11.47658],[34.07291,-11.47392],[34.0751,-11.47153],[34.0751,-11.46951],[34.07613,-11.46144],[34.07887,-11.45976],[34.08093,-11.44461],[34.06748,-11.44299],[34.06756,-11.44242],[34.06748,-11.44242],[34.06742,-11.44236],[34.06737,-11.44234],[34.06732,-11.44233],[34.06727,-11.44235],[34.06725,-11.44241],[34.06714,-11.44242],[34.06703,-11.44232],[34.06694,-11.44228],[34.06683,-11.44226],[34.06665,-11.44221],[34.06654,-11.44219],[34.06642,-11.44214],[34.0662,-11.44203],[34.06613,-11.44199],[34.06607,-11.44192],[34.06596,-11.44183],[34.0659,-11.44167],[34.06567,-11.44119],[34.06506,-11.44108],[34.06495,-11.44079],[34.06471,-11.44035],[34.06469,-11.43985],[34.06492,-11.43991],[34.06523,-11.44017],[34.06548,-11.44007],[34.06583,-11.44004],[34.06615,-11.43997],[34.0664,-11.43976],[34.06616,-11.43949],[34.0659,-11.43946],[34.06557,-11.43962],[34.06528,-11.4394],[34.06509,-11.43908],[34.06391,-11.43866],[34.06329,-11.43815],[34.06281,-11.43778],[34.06235,-11.43759],[34.062,-11.43746],[34.06174,-11.43702],[34.0621,-11.43697],[34.06271,-11.4364],[34.06227,-11.43642],[34.06196,-11.43653],[34.06156,-11.43638],[34.06126,-11.43585],[34.06131,-11.43498],[34.06135,-11.43409],[34.06111,-11.43352],[34.06095,-11.43281],[34.06092,-11.43247],[34.06085,-11.43198],[34.06083,-11.43157],[34.06068,-11.43169],[34.06037,-11.43175],[34.05976,-11.43149],[34.05976,-11.43077],[34.05968,-11.43022],[34.05942,-11.42989],[34.05929,-11.42757],[34.05903,-11.42546],[34.0593,-11.42207],[34.0593,-11.415],[34.05896,-11.41197],[34.06068,-11.40389],[34.06136,-11.39784],[34.06342,-11.39447]]]},"properties":{"id":26107981,"kind":"park","cat":"protected_area","name":"Kaning'ina Forest Reserve"}},
{"type":"Feature","geometry":{"type":"Polygon","coordinates":[[[34.17886,-11.91726],[34.17843,-11.9173],[34.17827,-11.91732],[34.17816,-11.91741],[34.17806,-11.91777],[34.17813,-11.91819],[34.17829,-11.91863],[34.17843,-11.91879],[34.1786,-11.91884],[34.1788,-11.91882],[34.17872,-11.91852],[34.17869,-11.91824],[34.17869,-11.91806],[34.17869,-11.91785],[34.17875,-11.91767],[34.17882,-11.91737],[34.17886,-11.91726]]]},"properties":{"id":26210585,"kind":"natural","cat":"beach","name":""}},
{"type":"Feature","geometry":{"type":"Polygon","coordinates":[[[34.2066,-13.92932],[34.20838,-13.92889],[34.21103,-13.93017],[34.21516,-13.9332],[34.21737,-13.93287],[34.21957,-13.93167],[34.22078,-13.9322],[34.22222,-13.9337],[34.22288,-13.93584],[34.22377,-13.93789],[34.22499,-13.93736],[34.22521,-13.93584],[34.22543,-13.93369],[34.2262,-13.9311],[34.22576,-13.92916],[34.22465,-13.92799],[34.22354,-13.92648],[34.22353,-13.92443],[34.22442,-13.92195],[34.22597,-13.92088],[34.22852,-13.92045],[34.23129,-13.9211],[34.23273,-13.92022],[34.23562,-13.91329],[34.23762,-13.90951],[34.2383,-13.90755],[34.23906,-13.9054],[34.2415,-13.90184],[34.24349,-13.8997],[34.24469,-13.90051],[34.2479,-13.90213],[34.24892,-13.90175],[34.2507,-13.90012],[34.25398,-13.89646],[34.25487,-13.89657],[34.26091,-13.89944],[34.26192,-13.89878],[34.26217,-13.89754],[34.26316,-13.89647],[34.26297,-13.89441],[34.26717,-13.88699],[34.27164,-13.882],[34.27524,-13.87708],[34.27627,-13.87441],[34.27734,-13.8729],[34.27737,-13.87285],[34.27833,-13.86858],[34.2797,-13.86408],[34.28033,-13.86075],[34.28074,-13.86035],[34.28105,-13.86016],[34.28186,-13.85967],[34.28217,-13.85926],[34.2824,-13.85907],[34.2828,-13.85895],[34.28348,-13.85849],[34.28386,-13.85818],[34.28433,-13.8576],[34.28453,-13.85725],[34.28505,-13.85684],[34.28515,-13.85659],[34.28538,-13.85626],[34.28635,-13.85528],[34.28694,-13.85481],[34.28743,-13.8543],[34.28762,-13.8539],[34.28801,-13.85345],[34.28902,-13.85293],[34.28936,-13.85296],[34.28965,-13.85271],[34.29087,-13.85222],[34.29214,-13.85176],[34.29332,-13.85164],[34.29445,-13.85175],[34.29478,-13.85054],[34.29406,-13.84993],[34.29414,-13.84971],[34.29461,-13.84898],[34.29454,-13.84811],[34.29464,-13.84721],[34.29458,-13.84666],[34.29475,-13.84522],[34.29468,-13.84498],[34.29476,-13.84398],[34.29476,-13.84347],[34.29481,-13.8426],[34.2947,-13.84207],[34.29482,-13.84166],[34.29476,-13.84014],[34.29476,-13.83892],[34.29483,-13.83877],[34.29522,-13.83839],[34.29533,-13.83789],[34.29519,-13.83501],[34.29479,-13.83356],[34.29445,-13.83025],[34.29435,-13.82501],[34.29412,-13.82095],[34.29377,-13.81879],[34.29348,-13.81782],[34.29289,-13.81631],[34.29279,-13.81446],[34.29279,-13.81152],[34.29164,-13.81021],[34.29156,-13.80965],[34.29117,-13.80905],[34.29039,-13.8086],[34.28928,-13.80587],[34.28765,-13.80317],[34.28737,-13.80254],[34.28705,-13.80229],[34.2871,-13.80199],[34.28636,-13.80038],[34.28612,-13.80003],[34.28612,-13.79976],[34.2856,-13.79884],[34.28538,-13.79802],[34.28499,-13.79729],[34.28489,-13.79687],[34.28502,-13.79675],[34.28469,-13.79533],[34.28836,-13.79076],[34.28836,-13.78984],[34.28837,-13.78727],[34.28787,-13.78514],[34.28327,-13.78353],[34.27417,-13.78532],[34.27212,-13.78445],[34.27008,-13.78381],[34.26829,-13.78481],[34.26599,-13.78618],[34.26215,-13.7867],[34.25755,-13.78584],[34.25461,-13.78621],[34.25129,-13.7887],[34.2481,-13.79134],[34.24657,-13.79185],[34.24376,-13.79195],[34.24333,-13.7922],[34.2421,-13.79294],[34.24019,-13.7947],[34.23725,-13.79531],[34.23559,-13.79668],[34.23495,-13.79904],[34.23419,-13.80091],[34.23178,-13.80166],[34.22904,-13.80314],[34.22832,-13.80352],[34.22731,-13.80526],[34.22707,-13.80738],[34.22833,-13.80972],[34.22822,-13.81122],[34.22649,-13.81201],[34.22605,-13.81221],[34.22362,-13.81308],[34.22129,-13.81445],[34.21938,-13.81644],[34.21646,-13.81833],[34.21419,-13.81925],[34.21241,-13.81901],[34.21148,-13.81771],[34.21186,-13.8161],[34.21173,-13.81374],[34.21009,-13.81242],[34.20728,-13.81106],[34.20472,-13.80957],[34.2023,-13.80685],[34.19989,-13.80564],[34.19496,-13.80386],[34.19133,-13.80271],[34.18589,-13.80061],[34.1819,-13.80085],[34.17995,-13.80007],[34.17763,-13.79781],[34.17625,-13.79772],[34.17322,-13.79972],[34.17062,-13.80091],[34.16949,-13.80191],[34.16893,-13.8047],[34.16631,-13.80697],[34.16331,-13.80778],[34.16061,-13.81084],[34.16062,-13.81283],[34.15994,-13.81413],[34.15738,-13.81449],[34.15483,-13.81436],[34.1529,-13.81608],[34.14886,-13.82079],[34.14613,-13.82281],[34.14469,-13.82193],[34.14229,-13.82206],[34.14298,-13.8246],[34.14347,-13.8293],[34.14579,-13.83095],[34.14467,-13.83355],[34.1423,-13.83736],[34.13761,-13.83989],[34.13834,-13.84524],[34.14062,-13.84879],[34.14005,-13.85127],[34.13966,-13.85467],[34.14271,-13.85664],[34.1469,-13.85764],[34.14842,-13.8585],[34.14692,-13.85996],[34.14432,-13.86264],[34.14226,-13.86461],[34.13839,-13.86801],[34.1344,-13.87274],[34.13154,-13.87541],[34.13021,-13.87844],[34.13059,-13.88353],[34.13283,-13.88619],[34.13472,-13.89042],[34.13743,-13.89674],[34.13834,-13.90072],[34.14114,-13.90734],[34.14449,-13.91048],[34.14886,-13.91521],[34.15021,-13.91633],[34.15307,-13.91816],[34.15708,-13.91947],[34.15943,-13.91829],[34.16391,-13.91676],[34.168,-13.91614],[34.17603,-13.91629],[34.18521,-13.91617],[34.19038,-13.9184],[34.19376,-13.92186],[34.2014,-13.9229],[34.20364,-13.92773],[34.20482,-13.92977],[34.2066,-13.92932]]]},"properties":{"id":28552134,"kind":"park","cat":"protected_area","name":"Thuma Forest Reserve"}},
{"type":"Feature","geometry":{"type":"Polygon","coordinates":[[[33.97091,-12.61076],[33.97211,-12.60909],[33.97228,-12.60406],[33.96662,-12.59954],[33.96267,-12.58429],[33.96731,-12.57173],[33.97246,-12.5533],[33.97812,-12.54408],[33.98945,-12.53637],[33.99941,-12.5342],[34.01263,-12.53168],[34.02636,-12.5409],[34.03391,-12.53554],[34.03408,-12.52196],[34.02636,-12.51543],[34.02327,-12.51358],[34.02052,-12.5166],[34.01812,-12.51576],[34.01039,-12.51325],[33.99821,-12.51023],[33.98962,-12.50822],[33.98808,-12.50571],[33.98258,-12.50386],[33.98035,-12.49934],[33.97572,-12.49934],[33.97383,-12.49548],[33.97197,-12.49442],[33.96885,-12.49263],[33.96887,-12.49225],[33.96884,-12.49018],[33.96885,-12.48358],[33.96301,-12.4752],[33.96676,-12.4677],[33.96765,-12.46599],[33.96839,-12.4552],[33.96844,-12.45443],[33.96404,-12.44704],[33.96375,-12.4448],[33.96319,-12.44034],[33.96319,-12.43752],[33.96319,-12.42676],[33.96369,-12.4246],[33.96436,-12.42234],[33.96525,-12.41938],[33.96542,-12.41792],[33.9661,-12.41234],[33.96902,-12.40463],[33.97932,-12.39122],[33.98001,-12.37546],[33.97654,-12.36978],[33.97806,-12.36554],[33.97846,-12.36439],[33.97726,-12.36305],[33.97537,-12.36389],[33.97022,-12.36204],[33.9699,-12.3615],[33.96301,-12.34997],[33.9589,-12.34578],[33.95628,-12.33531],[33.95598,-12.3332],[33.96559,-12.328],[33.96813,-12.32647],[33.96955,-12.32561],[33.97228,-12.32381],[33.96663,-12.30065],[33.9661,-12.29848],[33.96522,-12.29707],[33.95392,-12.27584],[33.9531,-12.26516],[33.95281,-12.26511],[33.95249,-12.26494],[33.95247,-12.26462],[33.95248,-12.26458],[33.95304,-12.26459],[33.9531,-12.26457],[33.95289,-12.26125],[33.95718,-12.23592],[33.95701,-12.22015],[33.93658,-12.21528],[33.91752,-12.2136],[33.91203,-12.21729],[33.91108,-12.21646],[33.90963,-12.21511],[33.9074,-12.20471],[33.90208,-12.19548],[33.89384,-12.19213],[33.88336,-12.19028],[33.87718,-12.19582],[33.87255,-12.19347],[33.86654,-12.17971],[33.8674,-12.16377],[33.83574,-12.16735],[33.82878,-12.16813],[33.82569,-12.17971],[33.8158,-12.19052],[33.81556,-12.19079],[33.81531,-12.1908],[33.81302,-12.19095],[33.81282,-12.19096],[33.81127,-12.19106],[33.80943,-12.19118],[33.80928,-12.19119],[33.80766,-12.19129],[33.8064,-12.1924],[33.80571,-12.19301],[33.78865,-12.20809],[33.78792,-12.20874],[33.78253,-12.21266],[33.76016,-12.22887],[33.7553,-12.23239],[33.74728,-12.23304],[33.74419,-12.24797],[33.755,-12.25619],[33.75726,-12.26085],[33.76719,-12.28135],[33.77011,-12.29292],[33.78195,-12.29729],[33.79036,-12.31708],[33.79397,-12.33066],[33.80547,-12.35212],[33.81611,-12.37392],[33.81028,-12.38667],[33.79266,-12.40084],[33.78596,-12.40855],[33.78672,-12.41251],[33.79197,-12.41542],[33.79626,-12.41911],[33.79455,-12.42213],[33.79626,-12.42297],[33.80021,-12.42313],[33.80536,-12.42632],[33.80931,-12.42733],[33.81068,-12.42598],[33.81618,-12.42515],[33.81995,-12.42716],[33.82287,-12.42515],[33.82613,-12.42682],[33.83351,-12.42095],[33.83678,-12.42095],[33.84175,-12.41794],[33.84553,-12.41928],[33.84862,-12.41894],[33.85137,-12.42347],[33.85394,-12.42397],[33.85909,-12.41928],[33.86373,-12.41676],[33.86802,-12.41794],[33.86991,-12.42112],[33.87248,-12.4233],[33.87523,-12.42095],[33.87746,-12.42163],[33.87752,-12.42332],[33.87753,-12.42361],[33.87763,-12.42639],[33.87763,-12.42649],[33.87712,-12.42867],[33.87811,-12.42963],[33.88038,-12.43185],[33.88072,-12.43302],[33.88209,-12.43353],[33.88444,-12.43582],[33.88639,-12.43469],[33.88841,-12.43456],[33.88856,-12.43484],[33.88924,-12.43552],[33.88982,-12.43621],[33.88928,-12.43999],[33.88892,-12.44039],[33.8885,-12.44071],[33.88883,-12.44162],[33.88853,-12.44178],[33.88896,-12.44342],[33.88913,-12.44821],[33.8893,-12.45297],[33.89188,-12.45985],[33.89926,-12.46521],[33.90012,-12.46705],[33.90235,-12.46772],[33.90372,-12.4704],[33.90647,-12.47057],[33.9087,-12.47141],[33.91042,-12.47443],[33.91385,-12.47845],[33.90613,-12.49001],[33.89497,-12.48834],[33.88724,-12.49487],[33.87849,-12.50225],[33.86613,-12.50761],[33.85652,-12.50979],[33.85549,-12.51482],[33.85744,-12.51762],[33.8584,-12.51901],[33.85634,-12.52253],[33.85634,-12.52655],[33.85531,-12.52755],[33.85377,-12.52705],[33.85137,-12.52353],[33.84708,-12.53124],[33.84519,-12.53174],[33.84193,-12.52956],[33.83849,-12.53191],[33.83781,-12.53359],[33.83643,-12.53912],[33.83197,-12.54264],[33.82768,-12.56291],[33.82939,-12.57179],[33.83111,-12.58737],[33.83248,-12.59575],[33.83815,-12.61451],[33.8421,-12.63026],[33.84587,-12.63495],[33.85137,-12.63361],[33.85549,-12.63176],[33.85755,-12.63712],[33.85549,-12.63913],[33.85652,-12.64349],[33.85068,-12.64918],[33.85377,-12.65722],[33.85343,-12.66091],[33.85377,-12.66292],[33.85686,-12.66325],[33.85789,-12.66593],[33.85849,-12.66628],[33.85881,-12.66646],[33.85974,-12.66699],[33.85995,-12.66711],[33.86149,-12.66577],[33.86181,-12.66591],[33.86235,-12.66616],[33.86476,-12.66727],[33.8683,-12.66283],[33.87139,-12.65864],[33.87345,-12.65697],[33.87688,-12.65864],[33.8786,-12.65931],[33.87963,-12.65881],[33.88014,-12.65747],[33.8786,-12.65345],[33.87808,-12.64993],[33.8798,-12.64859],[33.88237,-12.64776],[33.88581,-12.64826],[33.8889,-12.64424],[33.89267,-12.64323],[33.89765,-12.63034],[33.90006,-12.63084],[33.90778,-12.63486],[33.91671,-12.63184],[33.92065,-12.6362],[33.92237,-12.6372],[33.92426,-12.62565],[33.92151,-12.6223],[33.9222,-12.61828],[33.92786,-12.6161],[33.93731,-12.61828],[33.94555,-12.61744],[33.95018,-12.62012],[33.95533,-12.61811],[33.96391,-12.62146],[33.96632,-12.62213],[33.96924,-12.61141],[33.97091,-12.61076]]]},"properties":{"id":28939478,"kind":"park","cat":"protected_area","name":"Forest Reserve"}},
{"type":"Feature","geometry":{"type":"Polygon","coordinates":[[[34.53197,-14.56296],[34.5342,-14.56213],[34.53798,-14.56196],[34.54021,-14.56346],[34.54193,-14.56396],[34.54485,-14.56429],[34.54529,-14.56476],[34.547,-14.56526],[34.55078,-14.56592],[34.55301,-14.56625],[34.55404,-14.56526],[34.55541,-14.5641],[34.5561,-14.56243],[34.55713,-14.56177],[34.55902,-14.5621],[34.56108,-14.56277],[34.56262,-14.56326],[34.56348,-14.56243],[34.56262,-14.55961],[34.55919,-14.54848],[34.55662,-14.54],[34.55541,-14.53784],[34.55267,-14.53402],[34.54923,-14.52987],[34.54855,-14.52688],[34.54683,-14.52422],[34.54855,-14.52189],[34.54889,-14.52023],[34.54717,-14.51923],[34.54563,-14.5199],[34.54185,-14.5174],[34.53687,-14.5179],[34.53481,-14.52255],[34.53481,-14.52571],[34.53533,-14.52837],[34.53602,-14.53153],[34.53678,-14.53488],[34.53644,-14.53687],[34.53575,-14.53787],[34.53592,-14.53936],[34.53712,-14.54053],[34.53712,-14.54236],[34.53695,-14.54402],[34.53541,-14.54418],[34.53335,-14.54485],[34.533,-14.54701],[34.53129,-14.54701],[34.5294,-14.5485],[34.53026,-14.551],[34.53129,-14.55249],[34.52923,-14.55232],[34.52648,-14.551],[34.52648,-14.55232],[34.52717,-14.55415],[34.5282,-14.55581],[34.5282,-14.55731],[34.5282,-14.5598],[34.52802,-14.56163],[34.52871,-14.56346],[34.52837,-14.56462],[34.52905,-14.56628],[34.53111,-14.56562],[34.53197,-14.56479],[34.53197,-14.56296]]]},"properties":{"id":29144917,"kind":"park","cat":"protected_area","name":"Chirobwe Forest Reserve"}},
{"type":"Feature","geometry":{"type":"Polygon","coordinates":[[[33.33154,-10.82883],[33.32997,-10.83201],[33.32665,-10.8352],[33.32543,-10.8376],[33.32593,-10.83953],[33.32557,-10.84495],[33.32516,-10.84693],[33.32425,-10.8486],[33.31974,-10.85112],[33.31917,-10.85399],[33.31927,-10.8561],[33.31904,-10.85783],[33.31869,-10.8602],[33.31845,-10.86067],[33.31792,-10.86108],[33.3169,-10.86199],[33.31557,-10.8645],[33.3154,-10.86534],[33.31521,-10.86591],[33.31494,-10.86626],[33.31411,-10.8672],[33.31332,-10.86781],[33.31239,-10.86828],[33.30503,-10.87107],[33.29644,-10.87293],[33.29531,-10.87315],[33.29403,-10.87731],[33.29446,-10.88022],[33.29321,-10.88398],[33.29177,-10.88652],[33.29046,-10.88863],[33.29033,-10.88996],[33.29125,-10.89015],[33.29174,-10.8907],[33.29098,-10.89215],[33.28987,-10.89287],[33.28955,-10.89413],[33.2891,-10.89788],[33.28847,-10.89927],[33.2893,-10.90255],[33.28982,-10.90612],[33.29126,-10.90941],[33.29179,-10.91208],[33.29151,-10.91559],[33.29204,-10.91766],[33.29454,-10.92145],[33.29801,-10.92632],[33.29905,-10.92739],[33.29962,-10.9288],[33.30007,-10.92999],[33.30021,-10.9314],[33.30019,-10.93371],[33.3016,-10.93482],[33.30294,-10.93597],[33.30454,-10.93824],[33.30508,-10.93952],[33.30613,-10.93995],[33.31001,-10.94095],[33.31093,-10.94186],[33.3114,-10.94256],[33.31221,-10.94455],[33.31182,-10.94521],[33.31113,-10.94607],[33.31058,-10.94709],[33.3102,-10.94837],[33.31016,-10.9531],[33.31077,-10.95542],[33.3107,-10.95669],[33.30982,-10.95863],[33.3095,-10.9602],[33.31003,-10.96276],[33.31128,-10.96678],[33.31133,-10.96824],[33.3112,-10.96945],[33.31077,-10.97177],[33.3107,-10.97296],[33.30886,-10.97713],[33.30825,-10.98171],[33.30753,-10.9837],[33.30714,-10.98679],[33.30821,-10.99176],[33.30992,-10.99818],[33.3099,-11.00085],[33.3103,-11.00419],[33.31185,-11.00997],[33.31189,-11.01246],[33.31299,-11.01423],[33.31406,-11.01886],[33.31414,-11.0233],[33.31457,-11.0247],[33.31695,-11.02794],[33.31743,-11.03019],[33.31704,-11.03282],[33.31713,-11.03597],[33.31675,-11.03724],[33.31717,-11.03859],[33.31924,-11.04295],[33.3196,-11.04472],[33.32132,-11.0465],[33.32466,-11.0478],[33.32719,-11.04928],[33.32866,-11.05136],[33.329,-11.05538],[33.32941,-11.05825],[33.33071,-11.06029],[33.33105,-11.06198],[33.33048,-11.06343],[33.32928,-11.06586],[33.32896,-11.06811],[33.32888,-11.06945],[33.32906,-11.06995],[33.32943,-11.07025],[33.33049,-11.07062],[33.33144,-11.07107],[33.33263,-11.0719],[33.33394,-11.07335],[33.33502,-11.0744],[33.33857,-11.07697],[33.34111,-11.07858],[33.3416,-11.07956],[33.3448,-11.08301],[33.34698,-11.08411],[33.34818,-11.08568],[33.3486,-11.08708],[33.35295,-11.08847],[33.35523,-11.0908],[33.35703,-11.09161],[33.35828,-11.09258],[33.35919,-11.09346],[33.35969,-11.09462],[33.35966,-11.09642],[33.36219,-11.0994],[33.36403,-11.10192],[33.36558,-11.10278],[33.36695,-11.10365],[33.36799,-11.10567],[33.36815,-11.1086],[33.36975,-11.11149],[33.37092,-11.11266],[33.37365,-11.11475],[33.37414,-11.11586],[33.37443,-11.11745],[33.3765,-11.124],[33.37662,-11.12498],[33.37617,-11.12675],[33.37547,-11.12858],[33.37547,-11.12962],[33.37626,-11.13232],[33.37717,-11.13489],[33.37822,-11.13661],[33.37957,-11.13846],[33.38056,-11.14005],[33.38384,-11.14351],[33.3857,-11.14444],[33.38831,-11.14495],[33.38956,-11.14478],[33.39318,-11.14573],[33.39649,-11.14748],[33.39748,-11.14816],[33.39807,-11.14872],[33.39865,-11.14975],[33.39963,-11.1505],[33.4005,-11.15075],[33.40156,-11.15181],[33.40433,-11.15421],[33.40468,-11.1551],[33.40549,-11.15564],[33.41186,-11.15661],[33.42013,-11.1594],[33.43079,-11.16842],[33.43673,-11.17194],[33.43954,-11.17494],[33.44604,-11.18582],[33.45131,-11.18896],[33.45437,-11.19096],[33.4571,-11.19285],[33.46123,-11.19497],[33.47127,-11.19942],[33.4775,-11.20066],[33.4817,-11.20099],[33.48529,-11.20221],[33.48809,-11.2003],[33.49191,-11.19809],[33.49359,-11.19721],[33.4962,-11.1935],[33.50131,-11.18871],[33.50696,-11.18473],[33.50755,-11.1819],[33.51,-11.17923],[33.51324,-11.17891],[33.52046,-11.1726],[33.523,-11.17232],[33.52746,-11.1714],[33.53236,-11.16717],[33.53542,-11.1649],[33.53726,-11.16381],[33.53943,-11.16458],[33.54313,-11.16599],[33.54642,-11.16586],[33.5512,-11.16456],[33.55856,-11.16471],[33.56947,-11.15906],[33.58483,-11.15907],[33.58801,-11.15935],[33.5909,-11.16027],[33.59717,-11.16101],[33.60214,-11.1608],[33.61232,-11.15986],[33.61846,-11.15798],[33.62587,-11.15619],[33.62927,-11.15592],[33.6398,-11.15624],[33.64224,-11.1566],[33.64459,-11.15633],[33.64871,-11.15457],[33.65172,-11.15136],[33.65336,-11.14898],[33.65529,-11.14372],[33.65715,-11.14149],[33.65689,-11.13601],[33.65659,-11.13411],[33.66048,-11.10466],[33.65762,-11.10344],[33.64918,-11.09725],[33.64562,-11.0945],[33.64125,-11.09073],[33.63737,-11.08843],[33.6247,-11.07725],[33.61885,-11.07993],[33.61288,-11.07776],[33.6023,-11.07814],[33.5933,-11.07826],[33.58972,-11.07741],[33.58546,-11.07649],[33.58399,-11.07611],[33.57999,-11.07424],[33.57922,-11.07205],[33.57885,-11.06985],[33.57801,-11.06563],[33.57676,-11.0614],[33.57558,-11.05906],[33.5743,-11.05827],[33.57176,-11.0568],[33.56923,-11.05551],[33.56871,-11.05533],[33.56495,-11.0545],[33.56291,-11.05414],[33.55903,-11.05318],[33.55824,-11.05288],[33.55836,-11.05125],[33.55535,-11.04612],[33.55448,-11.04414],[33.55329,-11.04119],[33.55218,-11.03816],[33.55106,-11.03557],[33.55052,-11.03394],[33.5495,-11.02766],[33.54666,-11.02581],[33.54564,-11.02486],[33.54225,-11.01864],[33.53939,-11.01398],[33.53523,-11.00769],[33.53428,-11.00564],[33.53309,-11.00278],[33.53256,-11.00052],[33.53219,-10.99777],[33.53131,-10.99231],[33.53029,-10.98697],[33.5301,-10.98621],[33.5282,-10.98519],[33.52653,-10.98415],[33.5252,-10.98264],[33.52338,-10.98017],[33.52257,-10.97965],[33.52174,-10.97732],[33.52103,-10.97466],[33.5196,-10.96781],[33.52662,-10.96085],[33.52779,-10.95697],[33.52958,-10.95135],[33.52972,-10.9509],[33.53256,-10.94745],[33.53588,-10.94655],[33.54548,-10.9405],[33.54729,-10.93855],[33.54875,-10.93296],[33.5536,-10.93047],[33.55225,-10.9269],[33.55132,-10.92447],[33.54976,-10.92121],[33.54889,-10.91582],[33.54802,-10.91111],[33.54777,-10.90655],[33.5434,-10.9016],[33.54176,-10.89753],[33.53898,-10.89013],[33.53701,-10.8886],[33.53379,-10.88768],[33.52553,-10.88461],[33.52249,-10.88364],[33.51193,-10.87917],[33.5017,-10.88029],[33.48987,-10.88002],[33.47899,-10.88162],[33.46989,-10.88807],[33.46805,-10.88823],[33.46479,-10.87752],[33.45477,-10.86039],[33.45472,-10.85027],[33.43804,-10.85385],[33.42308,-10.85004],[33.37056,-10.83804],[33.36125,-10.82987],[33.35838,-10.82949],[33.34763,-10.82774],[33.34211,-10.82692],[33.33642,-10.82155],[33.335,-10.82311],[33.33458,-10.82446],[33.3339,-10.82552],[33.33227,-10.827],[33.33154,-10.82883]]]},"properties":{"id":29212204,"kind":"park","cat":"protected_area","name":"Vwaza Marsh National Park","wikipedia":"en:Vwaza Marsh Game Reserve"}},
{"type":"Feature","geometry":{"type":"Polygon","coordinates":[[[33.09571,-13.30775],[33.09513,-13.30457],[33.09506,-13.30332],[33.09479,-13.29924],[33.09467,-13.29764],[33.0946,-13.29354],[33.0944,-13.29007],[33.09427,-13.28942],[33.09409,-13.28675],[33.09387,-13.28352],[33.09366,-13.28097],[33.09345,-13.27799],[33.09327,-13.27368],[33.09321,-13.27215],[33.09683,-13.27126],[33.09907,-13.27066],[33.10153,-13.26989],[33.1064,-13.26845],[33.10876,-13.26777],[33.1184,-13.26649],[33.12294,-13.26242],[33.12781,-13.25798],[33.13103,-13.25502],[33.13706,-13.24844],[33.14093,-13.2443],[33.14332,-13.24281],[33.15142,-13.24163],[33.15287,-13.24143],[33.15952,-13.24016],[33.16778,-13.2399],[33.1712,-13.23978],[33.17128,-13.23973],[33.1744,-13.23518],[33.18087,-13.23201],[33.18162,-13.23187],[33.19194,-13.23072],[33.19501,-13.231],[33.20204,-13.23018],[33.20665,-13.22967],[33.20992,-13.22904],[33.21108,-13.22877],[33.21202,-13.22311],[33.21255,-13.21975],[33.2142,-13.21503],[33.22106,-13.20905],[33.22278,-13.20449],[33.2242,-13.20285],[33.22911,-13.19855],[33.23034,-13.19781],[33.2335,-13.19651],[33.23393,-13.19068],[33.23588,-13.18307],[33.23552,-13.18171],[33.23482,-13.17875],[33.23698,-13.17047],[33.24693,-13.15578],[33.25272,-13.14716],[33.25358,-13.14584],[33.25444,-13.14492],[33.25569,-13.14305],[33.25757,-13.14029],[33.25843,-13.13908],[33.25748,-13.1367],[33.25439,-13.12853],[33.25368,-13.12662],[33.25293,-13.12472],[33.25175,-13.1217],[33.25168,-13.12142],[33.25164,-13.11896],[33.25168,-13.11808],[33.2517,-13.11784],[33.25162,-13.11685],[33.25133,-13.11625],[33.25137,-13.10796],[33.25168,-13.09321],[33.25967,-13.08356],[33.26481,-13.07718],[33.2747,-13.06444],[33.27845,-13.05923],[33.28016,-13.05903],[33.28488,-13.05865],[33.28674,-13.05856],[33.28817,-13.05763],[33.291,-13.05458],[33.29552,-13.05013],[33.30015,-13.04626],[33.30154,-13.04521],[33.30356,-13.04349],[33.30459,-13.0426],[33.30852,-13.03912],[33.30919,-13.03163],[33.30851,-13.03076],[33.30686,-13.02871],[33.30454,-13.018],[33.30359,-13.01256],[33.30303,-13.00923],[33.30268,-13.00685],[33.30619,-13.00514],[33.30901,-13.00647],[33.31118,-13.00668],[33.3127,-13.00703],[33.31381,-13.00631],[33.31499,-13.00564],[33.31666,-13.00499],[33.31796,-13.00419],[33.31931,-13.00361],[33.32145,-13.00303],[33.32367,-13.00057],[33.32399,-13.00022],[33.32854,-12.99903],[33.33088,-12.99738],[33.33177,-12.99675],[33.33368,-12.99588],[33.33459,-12.99446],[33.33551,-12.99302],[33.33648,-12.99209],[33.33696,-12.99136],[33.33743,-12.99092],[33.33829,-12.99013],[33.33923,-12.98859],[33.34022,-12.98699],[33.34058,-12.98615],[33.34179,-12.98321],[33.34285,-12.98131],[33.34395,-12.97936],[33.34643,-12.97874],[33.3482,-12.97596],[33.34948,-12.97393],[33.35088,-12.97169],[33.35122,-12.96992],[33.3524,-12.96682],[33.3535,-12.96629],[33.35406,-12.96603],[33.35473,-12.96466],[33.35498,-12.96288],[33.35511,-12.96214],[33.35705,-12.95968],[33.35756,-12.95901],[33.35615,-12.95786],[33.35499,-12.95691],[33.35336,-12.95556],[33.35213,-12.95455],[33.35017,-12.95223],[33.34945,-12.95136],[33.34817,-12.94984],[33.34592,-12.94811],[33.34383,-12.94522],[33.34258,-12.9442],[33.34137,-12.94315],[33.3419,-12.9416],[33.34293,-12.94057],[33.34393,-12.93907],[33.34505,-12.93656],[33.34603,-12.93527],[33.34652,-12.93411],[33.34698,-12.93309],[33.34711,-12.93188],[33.34728,-12.9303],[33.34684,-12.9285],[33.34619,-12.92684],[33.34665,-12.92486],[33.3484,-12.92307],[33.3495,-12.92189],[33.3502,-12.91898],[33.35043,-12.9176],[33.34942,-12.91583],[33.34921,-12.91552],[33.34779,-12.91256],[33.34718,-12.91112],[33.34643,-12.90903],[33.34587,-12.90754],[33.34503,-12.90618],[33.34372,-12.90405],[33.3423,-12.90166],[33.34079,-12.89888],[33.34062,-12.89659],[33.33498,-12.89692],[33.33155,-12.89793],[33.32863,-12.89943],[33.32554,-12.90027],[33.32228,-12.89809],[33.31902,-12.89742],[33.31696,-12.89776],[33.31181,-12.89742],[33.30975,-12.89675],[33.30803,-12.89491],[33.30597,-12.89525],[33.30426,-12.89709],[33.30117,-12.89759],[33.29928,-12.89642],[33.29825,-12.89408],[33.29859,-12.89157],[33.29859,-12.88638],[33.29825,-12.88052],[33.29859,-12.87751],[33.29893,-12.87333],[33.29911,-12.87082],[33.2979,-12.86764],[33.29567,-12.86479],[33.29172,-12.85977],[33.29069,-12.85442],[33.29172,-12.84956],[33.29361,-12.84488],[33.29464,-12.83801],[33.29344,-12.83082],[33.2931,-12.82496],[33.2919,-12.81659],[33.29327,-12.80521],[33.29533,-12.79868],[33.29761,-12.79421],[33.29864,-12.79087],[33.29967,-12.78852],[33.30362,-12.78434],[33.30688,-12.77714],[33.30877,-12.77279],[33.30842,-12.77128],[33.30791,-12.76726],[33.30825,-12.76408],[33.30911,-12.7604],[33.31186,-12.75638],[33.31323,-12.7532],[33.31392,-12.75085],[33.31271,-12.74817],[33.31048,-12.74483],[33.30962,-12.74265],[33.30585,-12.7398],[33.30276,-12.73746],[33.2995,-12.73612],[33.29761,-12.73411],[33.29486,-12.72976],[33.29383,-12.72708],[33.2928,-12.72323],[33.2916,-12.72038],[33.28988,-12.71787],[33.28765,-12.71201],[33.28662,-12.70849],[33.28593,-12.7043],[33.28588,-12.7005],[33.28674,-12.69749],[33.28674,-12.69531],[33.28503,-12.69229],[33.28176,-12.6871],[33.28022,-12.68459],[33.27885,-12.68124],[33.27764,-12.67772],[33.28039,-12.67186],[33.28091,-12.66818],[33.28159,-12.66114],[33.28194,-12.65679],[33.28142,-12.6526],[33.28073,-12.64305],[33.28056,-12.6397],[33.28142,-12.63853],[33.28382,-12.63702],[33.28537,-12.63418],[33.28674,-12.62647],[33.28743,-12.61893],[33.28743,-12.61692],[33.28743,-12.61458],[33.28863,-12.61223],[33.28863,-12.61073],[33.28829,-12.60855],[33.28897,-12.60319],[33.29138,-12.5985],[33.29481,-12.59347],[33.29584,-12.58911],[33.29687,-12.57973],[33.2979,-12.57571],[33.30202,-12.57203],[33.30515,-12.56972],[33.30591,-12.56862],[33.30543,-12.56695],[33.30345,-12.56452],[33.29893,-12.56063],[33.29447,-12.55561],[33.2852,-12.54957],[33.27957,-12.54808],[33.27368,-12.54774],[33.2688,-12.54605],[33.26675,-12.54418],[33.2651,-12.5454],[33.26579,-12.54852],[33.26627,-12.54975],[33.26682,-12.55233],[33.26606,-12.55382],[33.26572,-12.55531],[33.26485,-12.55654],[33.26374,-12.55738],[33.26291,-12.5583],[33.26143,-12.55998],[33.25965,-12.56186],[33.25735,-12.56693],[33.25622,-12.56689],[33.25516,-12.56706],[33.2538,-12.56894],[33.25302,-12.57037],[33.25124,-12.5728],[33.2478,-12.5764],[33.24707,-12.57766],[33.24669,-12.57942],[33.2446,-12.58205],[33.24179,-12.58292],[33.23891,-12.58464],[33.23643,-12.58673],[33.23726,-12.58956],[33.23726,-12.59104],[33.23702,-12.59276],[33.23198,-12.59539],[33.22747,-12.59567],[33.22374,-12.59749],[33.21756,-12.60118],[33.21349,-12.60498],[33.2069,-12.60652],[33.20282,-12.6078],[33.20078,-12.6124],[33.19939,-12.614],[33.19839,-12.61604],[33.19764,-12.61754],[33.19821,-12.61995],[33.19598,-12.62358],[33.19576,-12.62627],[33.19473,-12.63073],[33.19171,-12.63379],[33.18963,-12.63599],[33.18895,-12.63706],[33.18793,-12.63848],[33.18643,-12.63944],[33.18484,-12.64007],[33.18294,-12.64031],[33.17971,-12.63984],[33.17778,-12.63855],[33.17606,-12.63717],[33.17585,-12.63586],[33.17615,-12.63473],[33.17694,-12.63309],[33.17777,-12.62851],[33.17784,-12.62456],[33.1786,-12.62224],[33.17938,-12.61871],[33.18122,-12.61369],[33.17641,-12.60934],[33.16783,-12.60599],[33.16028,-12.60297],[33.15611,-12.60119],[33.15325,-12.59936],[33.14655,-12.59962],[33.13899,-12.60163],[33.13144,-12.60297],[33.12378,-12.60853],[33.11565,-12.61202],[33.10706,-12.61068],[33.09693,-12.60478],[33.09293,-12.59803],[33.08804,-12.59722],[33.07746,-12.60043],[33.07469,-12.60336],[33.0701,-12.60912],[33.06096,-12.61158],[33.05546,-12.61542],[33.04707,-12.62438],[33.04173,-12.6315],[33.03944,-12.63461],[33.03379,-12.64172],[33.03109,-12.64724],[33.02589,-12.65604],[33.02296,-12.65639],[33.02074,-12.66007],[33.02047,-12.66592],[33.01518,-12.67617],[33.01403,-12.6826],[33.013,-12.68927],[33.00853,-12.7016],[33.00563,-12.71072],[32.99427,-12.7293],[32.97504,-12.73685],[32.96211,-12.75081],[32.95178,-12.76246],[32.94664,-12.76781],[32.94157,-12.76996],[32.93865,-12.77334],[32.94457,-12.78522],[32.94729,-12.79134],[32.94636,-12.80102],[32.948,-12.80966],[32.95384,-12.82707],[32.9552,-12.83484],[32.95059,-12.8402],[32.94666,-12.84717],[32.95163,-12.85317],[32.95569,-12.85964],[32.96173,-12.8644],[32.96623,-12.86942],[32.97011,-12.8742],[32.97216,-12.8792],[32.97786,-12.88379],[32.99298,-12.88632],[33.00568,-12.88833],[33.01719,-12.89106],[33.02086,-12.89239],[33.02332,-12.89431],[33.02327,-12.89636],[33.02283,-12.90583],[33.02813,-12.91204],[33.02668,-12.92494],[33.01865,-12.93497],[33.01997,-12.93977],[33.01948,-12.94435],[33.01704,-12.95391],[33.0176,-12.95831],[33.01527,-12.96173],[33.01536,-12.96757],[33.01402,-12.97172],[33.01171,-12.97901],[33.01376,-12.98225],[33.01494,-12.98479],[33.01525,-12.98941],[33.01244,-12.99193],[33.00273,-13.00265],[32.99715,-13.00884],[32.99653,-13.01056],[32.99723,-13.01462],[32.99565,-13.01789],[32.99537,-13.02309],[32.99345,-13.02591],[32.98871,-13.02502],[32.98492,-13.03446],[32.99153,-13.0396],[32.99784,-13.0472],[32.99694,-13.04801],[32.99712,-13.05209],[32.99675,-13.05585],[32.99536,-13.05881],[33.00937,-13.06909],[33.00863,-13.08953],[32.98544,-13.09133],[32.98371,-13.11446],[32.98371,-13.14021],[32.99229,-13.16662],[33.00843,-13.19369],[33.01075,-13.20475],[33.02034,-13.21172],[33.01414,-13.2178],[33.00772,-13.22097],[32.99294,-13.22549],[32.99201,-13.22941],[32.98826,-13.23278],[32.98159,-13.2332],[32.98165,-13.24617],[32.97786,-13.2726],[32.96447,-13.27996],[32.95005,-13.29265],[32.94387,-13.30869],[32.93401,-13.32278],[32.93455,-13.32678],[32.93428,-13.32815],[32.93288,-13.34076],[32.92635,-13.3662],[32.92696,-13.36613],[32.92742,-13.36598],[32.92774,-13.36599],[32.92937,-13.36561],[32.92999,-13.36553],[32.9329,-13.36481],[32.93427,-13.36463],[32.93471,-13.36442],[32.93626,-13.36407],[32.93738,-13.36386],[32.93918,-13.36331],[32.93961,-13.36336],[32.94097,-13.363],[32.94152,-13.36277],[32.94346,-13.36216],[32.94649,-13.36163],[32.94731,-13.36145],[32.94811,-13.36134],[32.95024,-13.36061],[32.95317,-13.35986],[32.95826,-13.35846],[32.96234,-13.35723],[32.96384,-13.35685],[32.96549,-13.3565],[32.96562,-13.35651],[32.96591,-13.35637],[32.96711,-13.35634],[32.97208,-13.35513],[32.9734,-13.35484],[32.97774,-13.3533],[32.98119,-13.35211],[32.9822,-13.3518],[32.98387,-13.35119],[32.98571,-13.35054],[32.9859,-13.35052],[32.98763,-13.34976],[32.99887,-13.33532],[33.00164,-13.33453],[33.00397,-13.33392],[33.00416,-13.33379],[33.00459,-13.3337],[33.00485,-13.33369],[33.00612,-13.33336],[33.00913,-13.33265],[33.01036,-13.33237],[33.01134,-13.3322],[33.01342,-13.33174],[33.0164,-13.33113],[33.01925,-13.33062],[33.02185,-13.33021],[33.023,-13.33002],[33.02475,-13.32965],[33.02747,-13.32913],[33.02929,-13.32877],[33.02951,-13.32858],[33.02961,-13.32854],[33.02966,-13.32843],[33.03419,-13.32407],[33.03675,-13.32156],[33.03887,-13.31956],[33.04377,-13.3147],[33.05152,-13.31516],[33.05851,-13.31467],[33.06307,-13.31442],[33.06801,-13.31439],[33.07001,-13.31449],[33.07541,-13.31429],[33.07768,-13.31435],[33.08225,-13.31256],[33.08342,-13.31189],[33.0873,-13.31087],[33.09021,-13.31036],[33.09202,-13.31013],[33.09571,-13.30775]]]},"properties":{"id":30133248,"kind":"park","cat":"protected_area","name":"Kasungu National Park","wikipedia":"en:Kasungu National Park"}},
{"type":"Feature","geometry":{"type":"Polygon","coordinates":[[[34.71852,-16.30442],[34.72022,-16.30414],[34.72155,-16.30391],[34.72203,-16.30383],[34.72271,-16.30383],[34.72496,-16.30381],[34.72612,-16.3038],[34.72709,-16.30379],[34.73287,-16.30374],[34.73651,-16.30324],[34.73739,-16.30323],[34.73927,-16.30322],[34.74013,-16.30302],[34.74846,-16.30107],[34.75618,-16.30017],[34.76091,-16.29971],[34.76814,-16.2984],[34.77831,-16.29634],[34.78116,-16.29549],[34.78299,-16.29455],[34.7883,-16.2908],[34.79247,-16.28843],[34.795,-16.28802],[34.79747,-16.29284],[34.80037,-16.28969],[34.80506,-16.28444],[34.81686,-16.27055],[34.81912,-16.26801],[34.82201,-16.2607],[34.82317,-16.25796],[34.82363,-16.25683],[34.82409,-16.2557],[34.82508,-16.25329],[34.82742,-16.24769],[34.82749,-16.24747],[34.82763,-16.24734],[34.8277,-16.24731],[34.82776,-16.24723],[34.82782,-16.24721],[34.82784,-16.24704],[34.82782,-16.24686],[34.82794,-16.24679],[34.82806,-16.2465],[34.82778,-16.24585],[34.8262,-16.2451],[34.82548,-16.24476],[34.82398,-16.24413],[34.82339,-16.24378],[34.82295,-16.24353],[34.82143,-16.24264],[34.82084,-16.24196],[34.8205,-16.24155],[34.82026,-16.24111],[34.81979,-16.23932],[34.81929,-16.23826],[34.81677,-16.23363],[34.81511,-16.23052],[34.81267,-16.22608],[34.81209,-16.22535],[34.8119,-16.22316],[34.81166,-16.22277],[34.80738,-16.21995],[34.80673,-16.2197],[34.79816,-16.21449],[34.79659,-16.20888],[34.79641,-16.20866],[34.79099,-16.20741],[34.78886,-16.20609],[34.78874,-16.20592],[34.78229,-16.2048],[34.7816,-16.20434],[34.7736,-16.2107],[34.77179,-16.21144],[34.77013,-16.20857],[34.76294,-16.20118],[34.75714,-16.20057],[34.75312,-16.20169],[34.75015,-16.20731],[34.74436,-16.20484],[34.73771,-16.209],[34.73544,-16.20807],[34.72804,-16.20872],[34.72363,-16.20942],[34.72211,-16.20947],[34.72073,-16.21315],[34.71586,-16.2142],[34.71458,-16.21653],[34.71038,-16.21919],[34.70798,-16.22482],[34.70847,-16.23135],[34.70542,-16.2325],[34.70513,-16.23724],[34.70492,-16.23766],[34.70357,-16.2461],[34.70283,-16.25071],[34.69755,-16.25516],[34.69507,-16.25705],[34.69331,-16.25874],[34.69172,-16.2607],[34.6911,-16.26151],[34.69064,-16.262],[34.69023,-16.26245],[34.68921,-16.2633],[34.68824,-16.26388],[34.6879,-16.26406],[34.68728,-16.26438],[34.68595,-16.26473],[34.68507,-16.26493],[34.68478,-16.265],[34.683,-16.26531],[34.68156,-16.26551],[34.68103,-16.26552],[34.67997,-16.26553],[34.6801,-16.27114],[34.67981,-16.2722],[34.6793,-16.27517],[34.67828,-16.27724],[34.67811,-16.27872],[34.67676,-16.28108],[34.67622,-16.28173],[34.67576,-16.28256],[34.67639,-16.28371],[34.67851,-16.28837],[34.67972,-16.29078],[34.68247,-16.29396],[34.68557,-16.29734],[34.68609,-16.29765],[34.68632,-16.29818],[34.68656,-16.29831],[34.69,-16.30225],[34.69619,-16.30906],[34.69703,-16.30997],[34.69754,-16.31086],[34.69783,-16.31148],[34.69861,-16.31206],[34.69923,-16.31268],[34.69999,-16.31291],[34.70061,-16.31256],[34.70688,-16.30961],[34.70797,-16.30911],[34.71366,-16.30653],[34.71402,-16.30637],[34.7165,-16.30524],[34.71682,-16.30509],[34.71755,-16.30481],[34.71818,-16.30456],[34.71852,-16.30442]]]},"properties":{"id":30405335,"kind":"park","cat":"protected_area","name":"Lengwe National Park","wikipedia":"en:Lengwe National Park"}},
{"type":"Feature","geometry":{"type":"Polygon","coordinates":[[[34.3073,-14.37477],[34.3055,-14.37011],[34.30386,-14.36811],[34.30335,-14.36604],[34.30301,-14.36504],[34.30146,-14.36279],[34.30035,-14.36105],[34.30026,-14.35597],[34.30138,-14.35423],[34.30215,-14.35173],[34.30438,-14.34841],[34.30627,-14.34941],[34.30764,-14.34891],[34.30876,-14.34816],[34.31107,-14.34957],[34.31253,-14.34791],[34.31374,-14.34541],[34.31459,-14.34425],[34.31494,-14.34084],[34.31537,-14.3376],[34.31684,-14.33051],[34.31735,-14.32685],[34.31856,-14.32269],[34.31907,-14.31969],[34.3177,-14.31554],[34.31735,-14.31055],[34.31735,-14.30888],[34.31684,-14.30406],[34.31667,-14.3019],[34.31701,-14.2999],[34.31821,-14.2979],[34.31873,-14.29574],[34.31941,-14.29425],[34.32044,-14.29291],[34.32086,-14.29061],[34.32592,-14.29086],[34.32575,-14.29319],[34.32661,-14.29443],[34.32893,-14.29626],[34.33236,-14.29834],[34.33468,-14.29967],[34.33605,-14.30042],[34.33708,-14.30134],[34.33948,-14.30641],[34.34137,-14.30782],[34.34498,-14.30999],[34.34627,-14.31115],[34.34747,-14.31415],[34.35399,-14.32105],[34.35322,-14.32313],[34.35202,-14.32446],[34.35159,-14.32637],[34.34987,-14.32978],[34.35107,-14.33028],[34.35142,-14.33103],[34.35047,-14.33136],[34.34987,-14.33228],[34.34936,-14.33419],[34.34961,-14.33568],[34.35081,-14.33735],[34.34978,-14.34192],[34.34953,-14.34816],[34.3473,-14.35273],[34.34721,-14.35406],[34.34541,-14.35739],[34.34463,-14.35847],[34.34352,-14.36071],[34.34421,-14.36188],[34.34343,-14.36579],[34.34335,-14.36703],[34.34112,-14.36903],[34.34017,-14.36903],[34.3388,-14.36936],[34.33803,-14.36978],[34.33708,-14.36994],[34.33545,-14.36978],[34.33373,-14.3687],[34.33227,-14.36886],[34.33159,-14.36978],[34.33124,-14.37086],[34.32936,-14.37069],[34.32824,-14.37061],[34.32764,-14.37069],[34.32652,-14.37144],[34.32481,-14.37169],[34.32172,-14.37177],[34.31914,-14.37152],[34.31777,-14.37119],[34.31614,-14.36928],[34.31562,-14.37127],[34.31468,-14.37269],[34.31365,-14.37302],[34.31219,-14.37277],[34.31133,-14.37302],[34.31099,-14.37344],[34.30988,-14.37456],[34.30986,-14.37464],[34.30984,-14.37473],[34.30978,-14.37499],[34.30944,-14.37556],[34.30884,-14.37585],[34.30798,-14.37576],[34.3073,-14.37477]]]},"properties":{"id":30885298,"kind":"park","cat":"protected_area","name":"Dedza Mountain Forest Reserve"}},
{"type":"Feature","geometry":{"type":"Polygon","coordinates":[[[34.53302,-14.41672],[34.53839,-14.41919],[34.54125,-14.42069],[34.54872,-14.4265],[34.55035,-14.42612],[34.55337,-14.42746],[34.55569,-14.4277],[34.55922,-14.42965],[34.56099,-14.43295],[34.56353,-14.43494],[34.56572,-14.43598],[34.56922,-14.43698],[34.57217,-14.43672],[34.57301,-14.43701],[34.57498,-14.43678],[34.57508,-14.43055],[34.57456,-14.42067],[34.57248,-14.39998],[34.57132,-14.39539],[34.5539,-14.34695],[34.54947,-14.334],[34.54848,-14.3327],[34.54455,-14.32753],[34.54307,-14.32559],[34.54298,-14.32546],[34.53347,-14.31082],[34.52843,-14.30364],[34.52403,-14.30523],[34.52162,-14.30228],[34.51893,-14.30077],[34.51311,-14.30385],[34.51206,-14.30676],[34.50833,-14.31311],[34.5063,-14.31621],[34.50498,-14.31594],[34.50457,-14.31388],[34.50544,-14.31065],[34.50779,-14.30722],[34.50836,-14.30481],[34.50769,-14.29988],[34.5101,-14.29373],[34.51007,-14.2883],[34.508,-14.29029],[34.50679,-14.29336],[34.50506,-14.2955],[34.50226,-14.29559],[34.49866,-14.29619],[34.49612,-14.29899],[34.49389,-14.30114],[34.49079,-14.30189],[34.4896,-14.30097],[34.48469,-14.27449],[34.48271,-14.27124],[34.47756,-14.269],[34.47097,-14.25544],[34.46969,-14.2518],[34.46806,-14.24786],[34.46465,-14.24478],[34.46066,-14.24396],[34.4555,-14.24253],[34.45521,-14.24813],[34.45669,-14.25256],[34.45698,-14.25606],[34.45743,-14.25925],[34.45751,-14.26148],[34.45408,-14.26687],[34.45382,-14.27342],[34.45555,-14.27576],[34.45601,-14.27926],[34.45812,-14.2875],[34.46007,-14.2959],[34.46765,-14.31385],[34.46951,-14.3197],[34.46897,-14.32307],[34.47123,-14.33098],[34.47536,-14.34042],[34.47443,-14.34652],[34.47588,-14.35477],[34.47633,-14.36259],[34.47916,-14.36808],[34.48314,-14.37785],[34.48192,-14.38971],[34.48549,-14.40189],[34.48672,-14.40872],[34.48875,-14.41456],[34.4923,-14.417],[34.49686,-14.41093],[34.49949,-14.41068],[34.50401,-14.4126],[34.51092,-14.41205],[34.51906,-14.40458],[34.51914,-14.40218],[34.51658,-14.39971],[34.515,-14.39705],[34.51378,-14.38607],[34.51464,-14.38268],[34.51182,-14.37767],[34.50985,-14.36863],[34.50996,-14.36703],[34.51672,-14.36728],[34.52078,-14.37002],[34.52799,-14.37792],[34.52959,-14.38106],[34.52956,-14.38489],[34.52655,-14.39282],[34.52592,-14.39827],[34.52652,-14.40097],[34.53156,-14.40831],[34.53352,-14.41223],[34.53302,-14.41672]]]},"properties":{"id":31502199,"kind":"park","cat":"protected_area","name":"Mua Livulezi Forest Reserve"}},
{"type":"Feature","geometry":{"type":"Polygon","coordinates":[[[35.51545,-15.99869],[35.51688,-15.9949],[35.51717,-15.98862],[35.51703,-15.9831],[35.5164,-15.97911],[35.5137,-15.97647],[35.51543,-15.9644],[35.51337,-15.96246],[35.51398,-15.95927],[35.50936,-15.95532],[35.50973,-15.93645],[35.50692,-15.92595],[35.50284,-15.91781],[35.5026,-15.90442],[35.50616,-15.89364],[35.51308,-15.88635],[35.53601,-15.87859],[35.55309,-15.87502],[35.55767,-15.87709],[35.5627,-15.87469],[35.57125,-15.87881],[35.58151,-15.87762],[35.60284,-15.86645],[35.63751,-15.89648],[35.63758,-15.89654],[35.64216,-15.89534],[35.64734,-15.89399],[35.60725,-15.84992],[35.6229,-15.83603],[35.62027,-15.83432],[35.61767,-15.83048],[35.61971,-15.82795],[35.62496,-15.82526],[35.63081,-15.83414],[35.63565,-15.83615],[35.64337,-15.83588],[35.65872,-15.83342],[35.66149,-15.81746],[35.66376,-15.81479],[35.66555,-15.81274],[35.66573,-15.81253],[35.66562,-15.81231],[35.66536,-15.81181],[35.66118,-15.80347],[35.66871,-15.7984],[35.6748,-15.7703],[35.69544,-15.76083],[35.70579,-15.7499],[35.72917,-15.7522],[35.73379,-15.7471],[35.74372,-15.75747],[35.74036,-15.76365],[35.75503,-15.77782],[35.75775,-15.78268],[35.7596,-15.78599],[35.76053,-15.7965],[35.75837,-15.80384],[35.75786,-15.81042],[35.75778,-15.81142],[35.7584,-15.81325],[35.75902,-15.81509],[35.76061,-15.81982],[35.75881,-15.8318],[35.75454,-15.83064],[35.74014,-15.84273],[35.73739,-15.8556],[35.72356,-15.84904],[35.7119,-15.84832],[35.70368,-15.84315],[35.70516,-15.84028],[35.70253,-15.83874],[35.7003,-15.83743],[35.68585,-15.8365],[35.68314,-15.83619],[35.68308,-15.8456],[35.69504,-15.85298],[35.70178,-15.85285],[35.70209,-15.85297],[35.72158,-15.86082],[35.72608,-15.86956],[35.72984,-15.87181],[35.73875,-15.8732],[35.74967,-15.89214],[35.75794,-15.90203],[35.76261,-15.90143],[35.76727,-15.91602],[35.7627,-15.92683],[35.77087,-15.95164],[35.77524,-15.97094],[35.77365,-15.97676],[35.77857,-15.98642],[35.77915,-15.99867],[35.78102,-16.00949],[35.77975,-16.02493],[35.78243,-16.03224],[35.78707,-16.03686],[35.78123,-16.04709],[35.77333,-16.0527],[35.77037,-16.0533],[35.71425,-16.04531],[35.71387,-16.04109],[35.71524,-16.03503],[35.70856,-16.02599],[35.702,-16.02736],[35.70065,-16.01992],[35.69974,-16.01489],[35.6769,-15.98793],[35.66301,-15.98627],[35.66185,-15.98613],[35.65698,-15.97879],[35.65335,-15.98555],[35.6415,-15.98776],[35.63561,-15.99208],[35.63149,-15.99509],[35.62123,-15.99664],[35.61285,-16.00303],[35.61284,-16.00712],[35.6045,-16.01141],[35.60413,-16.02356],[35.59085,-16.02482],[35.5768,-16.03463],[35.55145,-16.03742],[35.54578,-16.0336],[35.54428,-16.03258],[35.53646,-16.03214],[35.53568,-16.0321],[35.52687,-16.02042],[35.52274,-16.02146],[35.50953,-16.00355],[35.50873,-16.00156],[35.51545,-15.99869]]]},"properties":{"id":31571793,"kind":"park","cat":"protected_area","name":"Mount Mulanje","wikipedia":"en:Mulanje Mountain Forest Reserve"}},
{"type":"Feature","geometry":{"type":"Polygon","coordinates":[[[34.26495,-13.89896],[34.26421,-13.89559],[34.26297,-13.89433],[34.26744,-13.88723],[34.27115,-13.88308],[34.27546,-13.87699],[34.2766,-13.87423],[34.27726,-13.87262],[34.28006,-13.864],[34.27984,-13.86087],[34.2834,-13.85711],[34.28637,-13.86096],[34.29367,-13.86741],[34.30568,-13.87594],[34.31425,-13.8822],[34.31677,-13.88403],[34.32169,-13.88858],[34.32283,-13.89053],[34.32454,-13.89586],[34.32783,-13.90565],[34.33185,-13.91404],[34.33597,-13.92177],[34.33769,-13.92345],[34.33889,-13.9248],[34.33983,-13.92731],[34.34017,-13.92899],[34.34057,-13.92969],[34.34388,-13.93564],[34.34421,-13.93622],[34.35048,-13.94597],[34.35685,-13.95555],[34.36141,-13.96152],[34.36485,-13.96656],[34.36549,-13.96825],[34.36478,-13.9693],[34.37042,-13.97465],[34.37204,-13.97693],[34.37317,-13.98158],[34.37469,-13.98343],[34.38016,-13.99089],[34.38261,-13.99005],[34.38466,-13.99265],[34.38689,-13.99455],[34.3896,-13.99673],[34.3916,-13.99864],[34.39187,-13.9989],[34.39935,-14.00695],[34.40445,-14.01203],[34.40944,-14.01674],[34.41248,-14.01939],[34.4147,-14.02204],[34.41828,-14.02527],[34.42526,-14.03033],[34.43182,-14.03817],[34.43577,-14.04419],[34.43724,-14.04525],[34.43897,-14.04822],[34.4432,-14.05514],[34.44488,-14.05741],[34.44797,-14.06122],[34.44927,-14.0627],[34.4509,-14.06355],[34.45269,-14.06466],[34.45551,-14.0671],[34.45812,-14.07027],[34.46212,-14.07667],[34.46667,-14.0845],[34.46884,-14.08787],[34.47123,-14.08999],[34.47459,-14.09449],[34.47703,-14.0975],[34.47828,-14.09819],[34.48078,-14.10005],[34.48256,-14.10338],[34.4837,-14.10639],[34.487,-14.1121],[34.48879,-14.1158],[34.48895,-14.11733],[34.4878,-14.11881],[34.48578,-14.1216],[34.48425,-14.12333],[34.48186,-14.125],[34.4818,-14.12875],[34.48275,-14.12973],[34.4845,-14.13456],[34.48515,-14.13987],[34.48519,-14.1454],[34.48783,-14.15144],[34.48953,-14.15509],[34.4898,-14.15772],[34.48766,-14.17139],[34.48777,-14.17356],[34.49218,-14.19683],[34.49444,-14.1992],[34.49743,-14.2006],[34.50058,-14.20146],[34.50174,-14.20259],[34.5014,-14.20393],[34.4999,-14.20527],[34.49614,-14.20751],[34.49386,-14.21099],[34.49384,-14.21539],[34.49428,-14.21834],[34.49654,-14.22162],[34.50013,-14.22493],[34.50084,-14.22643],[34.50138,-14.23196],[34.50124,-14.24193],[34.50095,-14.24606],[34.50019,-14.26033],[34.49836,-14.26289],[34.49653,-14.26396],[34.49149,-14.26604],[34.48728,-14.26844],[34.4829,-14.27144],[34.48335,-14.26838],[34.48375,-14.26489],[34.48353,-14.26178],[34.48128,-14.25765],[34.4783,-14.25458],[34.46897,-14.24555],[34.46693,-14.24384],[34.46097,-14.24007],[34.45854,-14.23803],[34.45518,-14.23378],[34.45071,-14.2283],[34.44774,-14.22282],[34.44511,-14.21585],[34.44275,-14.20983],[34.44127,-14.20371],[34.4385,-14.20633],[34.43649,-14.20998],[34.43538,-14.21309],[34.43509,-14.21609],[34.43519,-14.21947],[34.43524,-14.22376],[34.43483,-14.23062],[34.43487,-14.23422],[34.43342,-14.23775],[34.43114,-14.24187],[34.4308,-14.24337],[34.42992,-14.24455],[34.42975,-14.24605],[34.42886,-14.24734],[34.42786,-14.24894],[34.4273,-14.25066],[34.42591,-14.25226],[34.42519,-14.25253],[34.42458,-14.25188],[34.42315,-14.25123],[34.42066,-14.25058],[34.41922,-14.25149],[34.41628,-14.25309],[34.41551,-14.25314],[34.41457,-14.25228],[34.41441,-14.25083],[34.41513,-14.24939],[34.41564,-14.24692],[34.42261,-14.22911],[34.41891,-14.22782],[34.41183,-14.22479],[34.40582,-14.22048],[34.40383,-14.2186],[34.4024,-14.21683],[34.40169,-14.21447],[34.40202,-14.21372],[34.40379,-14.21297],[34.40568,-14.21282],[34.40667,-14.2125],[34.40745,-14.21094],[34.40873,-14.20945],[34.41139,-14.20704],[34.41283,-14.20667],[34.41444,-14.207],[34.41582,-14.20588],[34.41726,-14.20534],[34.42097,-14.20535],[34.42578,-14.20642],[34.42622,-14.20615],[34.4254,-14.20368],[34.42497,-14.20014],[34.42436,-14.19858],[34.42293,-14.19638],[34.42023,-14.19412],[34.41658,-14.19277],[34.41011,-14.19254],[34.4079,-14.19253],[34.40429,-14.19386],[34.40241,-14.19364],[34.40087,-14.19256],[34.39988,-14.19117],[34.39783,-14.19041],[34.39689,-14.1896],[34.39679,-14.1866],[34.40013,-14.18205],[34.40785,-14.17424],[34.41101,-14.17152],[34.41206,-14.16964],[34.41324,-14.16664],[34.41363,-14.1653],[34.41551,-14.16488],[34.41844,-14.16575],[34.42115,-14.16511],[34.42408,-14.16593],[34.42695,-14.16631],[34.42917,-14.16594],[34.43029,-14.16015],[34.43024,-14.15763],[34.43091,-14.15683],[34.43262,-14.15667],[34.43318,-14.15576],[34.43297,-14.14985],[34.4338,-14.14501],[34.43462,-14.14274],[34.43393,-14.13601],[34.4334,-14.13064],[34.43309,-14.12732],[34.43195,-14.12541],[34.43059,-14.12462],[34.42689,-14.12381],[34.42227,-14.12338],[34.41862,-14.12226],[34.41444,-14.11908],[34.41184,-14.1149],[34.41087,-14.11279],[34.40935,-14.11189],[34.40673,-14.11188],[34.40538,-14.11071],[34.40452,-14.10756],[34.40497,-14.10344],[34.40433,-14.09805],[34.40163,-14.09118],[34.3998,-14.08579],[34.3991,-14.08336],[34.39889,-14.0812],[34.39917,-14.07882],[34.40048,-14.07603],[34.40119,-14.07503],[34.40397,-14.07456],[34.40485,-14.0724],[34.40655,-14.06782],[34.40956,-14.06181],[34.41098,-14.05944],[34.41143,-14.05722],[34.41105,-14.05627],[34.40936,-14.05563],[34.40789,-14.05515],[34.40447,-14.05535],[34.39965,-14.05594],[34.39366,-14.05677],[34.39213,-14.05766],[34.3905,-14.05787],[34.3819,-14.05673],[34.38103,-14.05779],[34.38086,-14.05905],[34.38053,-14.06011],[34.3796,-14.06063],[34.37731,-14.06469],[34.3767,-14.06543],[34.37594,-14.06548],[34.37518,-14.06489],[34.37453,-14.06426],[34.37371,-14.06441],[34.37301,-14.06494],[34.37208,-14.06536],[34.37077,-14.06498],[34.36964,-14.06387],[34.36791,-14.06028],[34.36677,-14.05927],[34.36562,-14.059],[34.36209,-14.05852],[34.36073,-14.05756],[34.36003,-14.05693],[34.35921,-14.05861],[34.35757,-14.05829],[34.35308,-14.05221],[34.35199,-14.05147],[34.35052,-14.05125],[34.34993,-14.04998],[34.3495,-14.04845],[34.3486,-14.04106],[34.34801,-14.03921],[34.34801,-14.03762],[34.34737,-14.03548],[34.34831,-14.03147],[34.35007,-14.02635],[34.34751,-14.02624],[34.34642,-14.02597],[34.34588,-14.02507],[34.34567,-14.02349],[34.34568,-14.01948],[34.34553,-14.01784],[34.34487,-14.01726],[34.34368,-14.01725],[34.34302,-14.01778],[34.34154,-14.02189],[34.34083,-14.02263],[34.3399,-14.02289],[34.33871,-14.02257],[34.33697,-14.02172],[34.33567,-14.0215],[34.333,-14.02271],[34.33186,-14.02059],[34.33029,-14.01895],[34.32936,-14.01853],[34.32762,-14.01842],[34.32572,-14.01783],[34.32437,-14.01661],[34.32356,-14.01508],[34.32329,-14.01349],[34.32384,-14.01191],[34.32472,-14.00764],[34.325,-14.00558],[34.3261,-14.00353],[34.32889,-13.99878],[34.33059,-13.99573],[34.33082,-13.99222],[34.33007,-13.98889],[34.32921,-13.98551],[34.32872,-13.98424],[34.32878,-13.98313],[34.32988,-13.98081],[34.3307,-13.97849],[34.33194,-13.97802],[34.33382,-13.97719],[34.33382,-13.97402],[34.33382,-13.97003],[34.33588,-13.9637],[34.33348,-13.96336],[34.32902,-13.9632],[34.3273,-13.96336],[34.32192,-13.96055],[34.31389,-13.95893],[34.30337,-13.95319],[34.29328,-13.94686],[34.28665,-13.94072],[34.27959,-13.93407],[34.27787,-13.93339],[34.26873,-13.92766],[34.26485,-13.92622],[34.25864,-13.92242],[34.25839,-13.91991],[34.26064,-13.91824],[34.2616,-13.91673],[34.26203,-13.91531],[34.26109,-13.91379],[34.26127,-13.9122],[34.26266,-13.91095],[34.26266,-13.91011],[34.26189,-13.9091],[34.26189,-13.90818],[34.26388,-13.90609],[34.26398,-13.90223],[34.26555,-13.89989],[34.26495,-13.89896]]]},"properties":{"id":31826716,"kind":"park","cat":"protected_area","name":"Dedza Salima Forest Reserve"}},
{"type":"Feature","geometry":{"type":"Polygon","coordinates":[[[35.2792,-15.23038],[35.28042,-15.22464],[35.27973,-15.22129],[35.27942,-15.22087],[35.27714,-15.21783],[35.2759,-15.21502],[35.27634,-15.2122],[35.28011,-15.20539],[35.28024,-15.20516],[35.28042,-15.20432],[35.28079,-15.20256],[35.28302,-15.19844],[35.28685,-15.19447],[35.28725,-15.19405],[35.29096,-15.19019],[35.29304,-15.18742],[35.29398,-15.18618],[35.29497,-15.18185],[35.29531,-15.17901],[35.29687,-15.17846],[35.2999,-15.17932],[35.29991,-15.18116],[35.30125,-15.18062],[35.30158,-15.17802],[35.30438,-15.17628],[35.30775,-15.17649],[35.31739,-15.17722],[35.32524,-15.17839],[35.32975,-15.18476],[35.33539,-15.19492],[35.33833,-15.20129],[35.33813,-15.20984],[35.33948,-15.21276],[35.34208,-15.21719],[35.35118,-15.22397],[35.35524,-15.23002],[35.36167,-15.24363],[35.35911,-15.24775],[35.35946,-15.25283],[35.36073,-15.26203],[35.3663,-15.279],[35.36979,-15.28961],[35.37216,-15.29425],[35.3691,-15.29919],[35.36474,-15.30055],[35.36856,-15.3032],[35.36875,-15.3077],[35.37207,-15.31231],[35.37276,-15.31463],[35.37235,-15.31847],[35.37189,-15.32105],[35.37198,-15.32444],[35.3717,-15.32678],[35.37098,-15.3287],[35.36873,-15.32802],[35.36831,-15.33323],[35.36713,-15.33638],[35.36576,-15.33855],[35.36307,-15.34327],[35.35963,-15.34507],[35.35718,-15.34837],[35.35663,-15.35166],[35.35342,-15.35355],[35.34819,-15.35521],[35.34772,-15.35816],[35.34241,-15.35994],[35.34042,-15.36067],[35.34043,-15.36301],[35.34043,-15.36349],[35.34043,-15.36396],[35.34044,-15.3653],[35.33778,-15.3655],[35.33637,-15.36718],[35.33485,-15.36899],[35.33366,-15.36934],[35.33211,-15.36916],[35.33104,-15.36797],[35.33008,-15.36721],[35.32934,-15.36756],[35.32909,-15.36767],[35.32837,-15.36924],[35.3279,-15.37024],[35.32893,-15.37089],[35.32905,-15.37257],[35.32822,-15.37449],[35.32691,-15.37472],[35.32635,-15.37338],[35.32553,-15.37204],[35.32536,-15.37181],[35.32524,-15.37159],[35.32261,-15.37006],[35.32209,-15.36993],[35.32193,-15.36989],[35.32082,-15.36961],[35.31975,-15.37061],[35.31901,-15.37245],[35.31707,-15.37475],[35.31613,-15.3752],[35.31489,-15.37579],[35.31171,-15.37634],[35.31127,-15.37622],[35.31024,-15.37596],[35.30895,-15.37617],[35.30861,-15.37623],[35.30702,-15.37451],[35.30602,-15.37333],[35.30301,-15.37418],[35.30098,-15.37495],[35.29768,-15.37465],[35.29709,-15.37483],[35.29542,-15.37535],[35.2945,-15.37527],[35.29398,-15.37424],[35.29248,-15.37455],[35.29073,-15.3736],[35.28843,-15.37453],[35.28663,-15.37371],[35.28592,-15.37338],[35.2845,-15.37368],[35.28259,-15.37408],[35.28173,-15.37397],[35.27904,-15.37354],[35.27838,-15.37344],[35.27524,-15.37169],[35.27229,-15.37059],[35.27176,-15.37031],[35.2703,-15.36956],[35.26931,-15.36905],[35.26903,-15.36891],[35.26864,-15.36991],[35.26741,-15.37079],[35.2663,-15.3706],[35.26619,-15.37057],[35.26523,-15.3703],[35.26463,-15.3708],[35.26447,-15.37075],[35.26372,-15.37053],[35.26331,-15.36976],[35.26284,-15.36885],[35.26148,-15.36729],[35.26223,-15.36453],[35.26358,-15.36341],[35.26381,-15.36089],[35.26325,-15.3602],[35.26387,-15.35625],[35.26312,-15.3556],[35.26068,-15.35469],[35.25881,-15.35412],[35.25584,-15.35513],[35.25437,-15.35578],[35.24643,-15.35592],[35.24408,-15.35451],[35.2442,-15.35343],[35.24602,-15.34998],[35.24688,-15.34726],[35.24611,-15.34503],[35.24374,-15.33711],[35.24481,-15.33412],[35.24607,-15.32979],[35.24625,-15.32619],[35.24957,-15.31889],[35.25177,-15.30969],[35.25309,-15.30155],[35.25525,-15.29263],[35.25683,-15.28582],[35.26503,-15.27955],[35.26814,-15.27358],[35.26967,-15.27238],[35.27132,-15.2655],[35.27371,-15.26086],[35.27493,-15.25728],[35.27668,-15.25587],[35.27812,-15.25117],[35.27905,-15.24695],[35.2797,-15.24351],[35.28122,-15.24168],[35.28127,-15.24156],[35.28306,-15.23701],[35.2792,-15.23038]]]},"properties":{"id":31853721,"kind":"park","cat":"protected_area","name":"Zomba-Malosa Forest Reserve"}},
{"type":"Feature","geometry":{"type":"Polygon","coordinates":[[[33.43823,-9.68187],[33.43842,-9.67971],[33.44221,-9.67903],[33.44633,-9.67495],[33.44715,-9.67137],[33.45124,-9.67155],[33.45396,-9.66928],[33.45577,-9.66907],[33.45803,-9.66992],[33.45884,-9.67279],[33.46184,-9.67449],[33.46419,-9.67802],[33.46811,-9.67802],[33.47107,-9.68074],[33.47521,-9.68423],[33.48063,-9.68804],[33.48569,-9.6882],[33.4895,-9.68615],[33.49282,-9.69025],[33.49241,-9.69526],[33.49502,-9.69976],[33.49749,-9.70118],[33.49939,-9.70377],[33.49888,-9.70499],[33.49997,-9.70548],[33.50184,-9.70638],[33.50067,-9.70799],[33.49984,-9.70888],[33.49903,-9.70957],[33.49745,-9.70924],[33.49477,-9.70823],[33.49353,-9.7066],[33.49118,-9.70512],[33.48758,-9.70365],[33.48386,-9.70411],[33.48214,-9.70332],[33.47956,-9.70297],[33.47565,-9.70487],[33.4716,-9.70038],[33.46924,-9.6987],[33.46742,-9.69825],[33.4666,-9.69668],[33.46489,-9.6956],[33.46461,-9.69441],[33.46416,-9.6932],[33.46254,-9.69366],[33.46008,-9.69506],[33.45741,-9.69178],[33.45446,-9.69133],[33.45101,-9.68779],[33.44824,-9.68648],[33.44513,-9.68556],[33.43823,-9.68187]]]},"properties":{"id":33081504,"kind":"park","cat":"protected_area","name":"Wilindi Forest Reserve"}},
{"type":"Feature","geometry":{"type":"Polygon","coordinates":[[[33.41624,-9.6608],[33.4161,-9.6624],[33.41648,-9.66461],[33.41628,-9.66592],[33.41783,-9.66666],[33.41886,-9.6661],[33.41986,-9.66535],[33.4205,-9.66378],[33.42443,-9.66398],[33.42699,-9.66464],[33.42942,-9.66779],[33.43057,-9.66783],[33.43103,-9.66666],[33.43313,-9.66657],[33.43684,-9.666],[33.43972,-9.66503],[33.44294,-9.66463],[33.44579,-9.66983],[33.44951,-9.66875],[33.45211,-9.66586],[33.45109,-9.66255],[33.44724,-9.66008],[33.4477,-9.65566],[33.44956,-9.65475],[33.45103,-9.65176],[33.44846,-9.65019],[33.44596,-9.64888],[33.44355,-9.64705],[33.44162,-9.64568],[33.43866,-9.64165],[33.43805,-9.63887],[33.43817,-9.63517],[33.43686,-9.63321],[33.43513,-9.63092],[33.43282,-9.63172],[33.42954,-9.63452],[33.4271,-9.63527],[33.42306,-9.63714],[33.42174,-9.6381],[33.4202,-9.63799],[33.41931,-9.63792],[33.4174,-9.64145],[33.41354,-9.64467],[33.41231,-9.64655],[33.41229,-9.64912],[33.41401,-9.65102],[33.41451,-9.6536],[33.41424,-9.65488],[33.41692,-9.65687],[33.41637,-9.65944],[33.41624,-9.6608]]]},"properties":{"id":33081512,"kind":"park","cat":"protected_area","name":"Matipa Forest Reserve"}},
{"type":"Feature","geometry":{"type":"Polygon","coordinates":[[[33.53307,-9.65355],[33.53305,-9.65297],[33.53302,-9.65146],[33.53398,-9.64829],[33.53491,-9.6471],[33.53644,-9.64639],[33.53687,-9.64624],[33.53735,-9.64541],[33.53687,-9.64475],[33.53713,-9.64338],[33.53772,-9.64114],[33.5411,-9.63894],[33.54282,-9.63941],[33.54349,-9.64134],[33.54455,-9.64356],[33.54695,-9.64322],[33.54803,-9.64382],[33.54911,-9.6465],[33.55037,-9.64661],[33.55225,-9.64571],[33.5543,-9.64772],[33.55611,-9.64697],[33.55831,-9.64656],[33.56042,-9.64734],[33.55938,-9.64868],[33.55937,-9.64881],[33.55964,-9.65056],[33.55996,-9.65031],[33.56069,-9.65063],[33.56223,-9.65221],[33.56369,-9.65235],[33.56459,-9.65552],[33.56531,-9.65612],[33.56576,-9.65696],[33.56556,-9.65979],[33.5678,-9.6608],[33.56874,-9.66227],[33.57157,-9.66359],[33.57116,-9.66664],[33.57019,-9.66836],[33.56664,-9.66813],[33.56481,-9.66845],[33.56218,-9.66854],[33.56146,-9.66775],[33.55954,-9.66795],[33.55848,-9.66805],[33.55786,-9.66861],[33.55535,-9.66867],[33.55384,-9.66855],[33.55349,-9.6686],[33.55266,-9.66841],[33.55285,-9.66813],[33.55269,-9.66799],[33.55238,-9.66773],[33.55237,-9.66687],[33.55237,-9.66599],[33.55167,-9.66527],[33.55104,-9.66571],[33.55012,-9.66552],[33.54853,-9.6652],[33.54853,-9.66519],[33.54865,-9.66469],[33.54845,-9.6643],[33.54798,-9.66357],[33.54706,-9.66394],[33.54655,-9.66479],[33.5459,-9.66485],[33.54633,-9.66379],[33.54565,-9.66351],[33.54512,-9.66399],[33.54454,-9.6642],[33.54445,-9.66304],[33.54446,-9.66251],[33.54487,-9.66194],[33.54417,-9.66069],[33.54392,-9.66064],[33.54381,-9.66065],[33.54312,-9.66043],[33.54292,-9.66076],[33.54046,-9.65984],[33.53887,-9.65971],[33.53921,-9.65808],[33.54004,-9.65649],[33.53945,-9.65499],[33.53854,-9.65479],[33.53559,-9.65612],[33.53429,-9.65391],[33.53307,-9.65355]]]},"properties":{"id":33081531,"kind":"park","cat":"protected_area","name":"Mughese Forest Reserve"}},
{"type":"Feature","geometry":{"type":"Polygon","coordinates":[[[34.63189,-14.55799],[34.63327,-14.5545],[34.63481,-14.54819],[34.63653,-14.5432],[34.63824,-14.53656],[34.64082,-14.53573],[34.64391,-14.53323],[34.64511,-14.52991],[34.64219,-14.52044],[34.63515,-14.50432],[34.62966,-14.49368],[34.62451,-14.48587],[34.61782,-14.47607],[34.61267,-14.46859],[34.60357,-14.45728],[34.5979,-14.45113],[34.59241,-14.44631],[34.58898,-14.44299],[34.58657,-14.44398],[34.58554,-14.44581],[34.58623,-14.44947],[34.58503,-14.44947],[34.58366,-14.4508],[34.57627,-14.45113],[34.57507,-14.4523],[34.57404,-14.45612],[34.57542,-14.46111],[34.57679,-14.4631],[34.57662,-14.46593],[34.5761,-14.46908],[34.57816,-14.47241],[34.58245,-14.4754],[34.58623,-14.48089],[34.58554,-14.48305],[34.58348,-14.48521],[34.58314,-14.48903],[34.584,-14.49451],[34.5852,-14.49651],[34.58709,-14.49817],[34.58795,-14.5005],[34.58778,-14.50349],[34.58778,-14.50698],[34.58675,-14.50881],[34.58572,-14.51196],[34.58692,-14.51446],[34.58898,-14.51628],[34.59052,-14.51795],[34.59121,-14.51994],[34.59121,-14.52177],[34.59189,-14.52409],[34.59361,-14.52642],[34.59498,-14.52825],[34.59636,-14.52908],[34.59979,-14.53091],[34.60151,-14.5324],[34.60254,-14.53623],[34.60288,-14.53971],[34.60443,-14.54337],[34.607,-14.54653],[34.60666,-14.54902],[34.60666,-14.55135],[34.60769,-14.5545],[34.60803,-14.55832],[34.60717,-14.56132],[34.60511,-14.56314],[34.60425,-14.56663],[34.60477,-14.56896],[34.607,-14.57494],[34.61043,-14.58042],[34.61026,-14.58441],[34.61061,-14.58756],[34.61146,-14.59072],[34.6137,-14.5962],[34.61576,-14.59753],[34.61936,-14.59737],[34.62331,-14.5957],[34.62571,-14.59371],[34.62657,-14.58889],[34.62777,-14.58208],[34.62983,-14.57893],[34.63206,-14.57627],[34.63412,-14.57378],[34.63653,-14.57095],[34.6355,-14.56613],[34.63189,-14.56331],[34.63189,-14.56082],[34.63189,-14.55799]]]},"properties":{"id":39976514,"kind":"park","cat":"protected_area","name":"Bangwe Forest Reserve"}},
{"type":"Feature","geometry":{"type":"Polygon","coordinates":[[[35.14704,-14.3215],[35.14674,-14.32174],[35.14614,-14.32162],[35.14543,-14.32067],[35.14515,-14.32011],[35.14507,-14.31979],[35.14502,-14.31892],[35.14496,-14.31814],[35.14495,-14.3181],[35.14495,-14.31794],[35.14495,-14.31792],[35.14495,-14.3179],[35.145,-14.31765],[35.14507,-14.31729],[35.14533,-14.3165],[35.14551,-14.31644],[35.14548,-14.31679],[35.14536,-14.31827],[35.14539,-14.31839],[35.14557,-14.31864],[35.14561,-14.31877],[35.14579,-14.32002],[35.14589,-14.3203],[35.14603,-14.32053],[35.14704,-14.3215]]]},"properties":{"id":45181729,"kind":"natural","cat":"beach","name":""}},
{"type":"Feature","geometry":{"type":"Polygon","coordinates":[[[35.12584,-14.30363],[35.1268,-14.30381],[35.12776,-14.30395],[35.12837,-14.304],[35.12906,-14.30402],[35.12982,-14.30401],[35.13071,-14.30397],[35.13115,-14.30392],[35.13265,-14.30374],[35.13468,-14.30339],[35.13532,-14.3033],[35.13539,-14.30368],[35.13521,-14.30372],[35.13474,-14.30386],[35.13327,-14.3041],[35.1327,-14.30416],[35.13183,-14.30415],[35.13148,-14.30416],[35.12957,-14.30434],[35.12821,-14.30434],[35.12571,-14.304],[35.12584,-14.30363]]]},"properties":{"id":45181738,"kind":"natural","cat":"beach","name":""}},
{"type":"Feature","geometry":{"type":"Polygon","coordinates":[[[34.85552,-14.12162],[34.85685,-14.12127],[34.85925,-14.11977],[34.86234,-14.11677],[34.8644,-14.11411],[34.8656,-14.11211],[34.86569,-14.11184],[34.86569,-14.1118],[34.86579,-14.11064],[34.86586,-14.10987],[34.86562,-14.10865],[34.86559,-14.10861],[34.86554,-14.10858],[34.8654,-14.1086],[34.86542,-14.10864],[34.86542,-14.10937],[34.86544,-14.10961],[34.86545,-14.10977],[34.86536,-14.11023],[34.8651,-14.11102],[34.86477,-14.1119],[34.86451,-14.11244],[34.8638,-14.11357],[34.86286,-14.11482],[34.8622,-14.1156],[34.86171,-14.11616],[34.86119,-14.11669],[34.86039,-14.1175],[34.85926,-14.11855],[34.85858,-14.11909],[34.8579,-14.11956],[34.85697,-14.12023],[34.85666,-14.12038],[34.85617,-14.12068],[34.85557,-14.12099],[34.85468,-14.12149],[34.85475,-14.12175],[34.85484,-14.1218],[34.85496,-14.1218],[34.85552,-14.12162]]]},"properties":{"id":45181747,"kind":"natural","cat":"beach","name":""}},
{"type":"Feature","geometry":{"type":"Polygon","coordinates":[[[34.6262,-13.72164],[34.62617,-13.72159],[34.62622,-13.72091],[34.62635,-13.72026],[34.62668,-13.71962],[34.62703,-13.71926],[34.62734,-13.7187],[34.62721,-13.71852],[34.62766,-13.71786],[34.62777,-13.71785],[34.62829,-13.71701],[34.62846,-13.71648],[34.62896,-13.71569],[34.62923,-13.71517],[34.62945,-13.71495],[34.62952,-13.71495],[34.62983,-13.71505],[34.62974,-13.71513],[34.62968,-13.71522],[34.62965,-13.71534],[34.62958,-13.71555],[34.62957,-13.71566],[34.6296,-13.71574],[34.62972,-13.71584],[34.62973,-13.71588],[34.62973,-13.71593],[34.62958,-13.71614],[34.62953,-13.71618],[34.62947,-13.71617],[34.62934,-13.71612],[34.62929,-13.71611],[34.62926,-13.71612],[34.62919,-13.71619],[34.62901,-13.71648],[34.6286,-13.71709],[34.62808,-13.71787],[34.62794,-13.71805],[34.62787,-13.71824],[34.62783,-13.7184],[34.62776,-13.71848],[34.62765,-13.71856],[34.62756,-13.71869],[34.62727,-13.71926],[34.62707,-13.71961],[34.62688,-13.72006],[34.62673,-13.72031],[34.62641,-13.72084],[34.62639,-13.72091],[34.62639,-13.72098],[34.62641,-13.72104],[34.62639,-13.72114],[34.62633,-13.72123],[34.62629,-13.72131],[34.62629,-13.72141],[34.6263,-13.72152],[34.6264,-13.72171],[34.62627,-13.72168],[34.6262,-13.72164]]]},"properties":{"id":45181885,"kind":"natural","cat":"beach","name":""}},
{"type":"Feature","geometry":{"type":"Polygon","coordinates":[[[34.32799,-13.04818],[34.32778,-13.04838],[34.32745,-13.04892],[34.32728,-13.04925],[34.32717,-13.04961],[34.32698,-13.05003],[34.32676,-13.05071],[34.32654,-13.05102],[34.3265,-13.05151],[34.3266,-13.05192],[34.32729,-13.05196],[34.32718,-13.05183],[34.32716,-13.05165],[34.32718,-13.05152],[34.32719,-13.05142],[34.32716,-13.05135],[34.32711,-13.05123],[34.3271,-13.05115],[34.32726,-13.05067],[34.32748,-13.05007],[34.32761,-13.04969],[34.32794,-13.04916],[34.32825,-13.04868],[34.32845,-13.04848],[34.32849,-13.0484],[34.32847,-13.04833],[34.3284,-13.04828],[34.3283,-13.04826],[34.32799,-13.04818]]]},"properties":{"id":45182100,"kind":"natural","cat":"beach","name":""}},
{"type":"Feature","geometry":{"type":"Polygon","coordinates":[[[34.85025,-14.0125],[34.85004,-14.01291],[34.84963,-14.01333],[34.84912,-14.01376],[34.84865,-14.01411],[34.84843,-14.01427],[34.8483,-14.0144],[34.84825,-14.0145],[34.8482,-14.01467],[34.84809,-14.01484],[34.84771,-14.01544],[34.84763,-14.01561],[34.84758,-14.0158],[34.84757,-14.01607],[34.84754,-14.01623],[34.84748,-14.01655],[34.84744,-14.01677],[34.84734,-14.01704],[34.84729,-14.01737],[34.84718,-14.0176],[34.84684,-14.01813],[34.84645,-14.01863],[34.84607,-14.0191],[34.84542,-14.01978],[34.84465,-14.02057],[34.84394,-14.02123],[34.84315,-14.02193],[34.84177,-14.02309],[34.84068,-14.02402],[34.8401,-14.02461],[34.83938,-14.02524],[34.8383,-14.02606],[34.8373,-14.0268],[34.83627,-14.02747],[34.83549,-14.02798],[34.83451,-14.02856],[34.83364,-14.02904],[34.83238,-14.0297],[34.83166,-14.03004],[34.83157,-14.03008],[34.828,-14.03179],[34.82799,-14.03181],[34.83029,-14.03083],[34.83066,-14.03065],[34.8354,-14.02836],[34.83546,-14.02833],[34.8358,-14.02817],[34.8365,-14.02774],[34.83655,-14.02771],[34.83685,-14.02754],[34.83691,-14.02749],[34.83765,-14.02705],[34.83787,-14.02688],[34.838,-14.02678],[34.83853,-14.02637],[34.83884,-14.02612],[34.83928,-14.02579],[34.83932,-14.02576],[34.83936,-14.02572],[34.83937,-14.02571],[34.83979,-14.02533],[34.83981,-14.02531],[34.83984,-14.02528],[34.84082,-14.02439],[34.84237,-14.02322],[34.84288,-14.02278],[34.84292,-14.02276],[34.84341,-14.02233],[34.84349,-14.02228],[34.84351,-14.02226],[34.8436,-14.02219],[34.84361,-14.02217],[34.84365,-14.02214],[34.84368,-14.02211],[34.84372,-14.02207],[34.84458,-14.02102],[34.84463,-14.02097],[34.84466,-14.02092],[34.84471,-14.02087],[34.84473,-14.02089],[34.84481,-14.02081],[34.84483,-14.02083],[34.84493,-14.02074],[34.84516,-14.02057],[34.84531,-14.02039],[34.84526,-14.02035],[34.84531,-14.02029],[34.84535,-14.02032],[34.84544,-14.02023],[34.84554,-14.02012],[34.84563,-14.0202],[34.84568,-14.02014],[34.84558,-14.02005],[34.84561,-14.02],[34.84588,-14.01964],[34.84705,-14.01828],[34.84777,-14.01706],[34.84803,-14.01598],[34.84882,-14.01464],[34.84892,-14.01447],[34.85027,-14.0131],[34.85036,-14.013],[34.85058,-14.01254],[34.85025,-14.0125]]]},"properties":{"id":45182581,"kind":"natural","cat":"beach","name":""}},
{"type":"Feature","geometry":{"type":"Polygon","coordinates":[[[34.17013,-11.88187],[34.17009,-11.88206],[34.16995,-11.88222],[34.1698,-11.88245],[34.16965,-11.88265],[34.16949,-11.88291],[34.16934,-11.88324],[34.16927,-11.88336],[34.1692,-11.88342],[34.16912,-11.88346],[34.16905,-11.88354],[34.16899,-11.88369],[34.16899,-11.88386],[34.1689,-11.88409],[34.16872,-11.88439],[34.16854,-11.88455],[34.16842,-11.88474],[34.16841,-11.88491],[34.16841,-11.88506],[34.16837,-11.88529],[34.16827,-11.88548],[34.16821,-11.88553],[34.16806,-11.8856],[34.16795,-11.88569],[34.16789,-11.88581],[34.16785,-11.88599],[34.16783,-11.88616],[34.16783,-11.88632],[34.16776,-11.8865],[34.16761,-11.88671],[34.16735,-11.88731],[34.16709,-11.88782],[34.167,-11.88812],[34.16693,-11.88861],[34.1668,-11.88911],[34.16678,-11.88958],[34.16682,-11.88976],[34.16691,-11.8899],[34.16702,-11.88995],[34.1671,-11.88994],[34.16716,-11.88989],[34.1672,-11.88987],[34.16725,-11.8899],[34.16727,-11.88997],[34.16727,-11.89009],[34.16724,-11.89014],[34.16718,-11.89017],[34.16699,-11.89015],[34.16687,-11.89014],[34.16672,-11.89022],[34.16661,-11.89035],[34.16657,-11.89063],[34.1666,-11.89097],[34.16669,-11.89119],[34.16675,-11.89139],[34.16675,-11.89148],[34.16677,-11.89161],[34.16682,-11.89171],[34.16695,-11.8918],[34.16706,-11.89189],[34.16713,-11.89199],[34.16723,-11.89226],[34.16684,-11.89215],[34.16654,-11.89192],[34.16633,-11.8916],[34.16623,-11.89097],[34.16621,-11.89064],[34.16623,-11.89044],[34.16637,-11.88984],[34.16639,-11.88842],[34.16642,-11.88813],[34.16649,-11.88787],[34.16649,-11.88776],[34.16653,-11.88757],[34.16665,-11.8872],[34.16674,-11.88696],[34.16682,-11.88679],[34.16681,-11.88657],[34.16685,-11.88641],[34.16694,-11.88623],[34.16707,-11.88601],[34.16717,-11.8857],[34.16724,-11.88555],[34.16734,-11.88542],[34.16737,-11.88494],[34.16741,-11.88488],[34.1675,-11.8848],[34.16752,-11.88467],[34.16764,-11.88454],[34.16774,-11.88442],[34.16776,-11.88429],[34.16787,-11.8842],[34.16797,-11.88417],[34.16808,-11.8841],[34.16812,-11.88398],[34.16817,-11.88389],[34.16823,-11.8838],[34.16834,-11.88374],[34.16835,-11.88367],[34.16838,-11.88358],[34.16842,-11.88352],[34.1685,-11.88345],[34.16858,-11.88334],[34.16864,-11.88324],[34.16868,-11.8831],[34.16866,-11.88293],[34.1687,-11.88289],[34.16868,-11.88282],[34.1687,-11.88276],[34.16885,-11.88271],[34.16889,-11.88261],[34.16885,-11.88248],[34.16893,-11.88235],[34.16933,-11.8821],[34.16938,-11.88197],[34.16951,-11.88183],[34.16954,-11.88174],[34.16957,-11.88172],[34.16962,-11.8817],[34.16966,-11.88169],[34.1697,-11.88163],[34.16971,-11.88159],[34.16974,-11.88156],[34.16979,-11.88157],[34.16982,-11.88158],[34.16994,-11.88169],[34.17013,-11.88187]]]},"properties":{"id":45182717,"kind":"natural","cat":"beach","name":""}},
{"type":"Feature","geometry":{"type":"Polygon","coordinates":[[[34.16781,-11.89753],[34.16773,-11.8973],[34.1677,-11.89703],[34.16772,-11.89673],[34.16776,-11.89628],[34.16784,-11.89588],[34.16804,-11.8952],[34.16811,-11.8948],[34.1681,-11.89459],[34.16804,-11.89441],[34.16764,-11.89439],[34.16752,-11.89447],[34.16746,-11.89461],[34.1672,-11.89514],[34.16711,-11.89555],[34.16704,-11.89602],[34.16736,-11.89702],[34.16742,-11.89741],[34.16746,-11.89751],[34.16754,-11.89757],[34.16781,-11.89753]]]},"properties":{"id":45182760,"kind":"natural","cat":"beach","name":""}},
{"type":"Feature","geometry":{"type":"Polygon","coordinates":[[[34.17773,-11.91617],[34.17787,-11.91618],[34.1778,-11.91629],[34.17771,-11.91637],[34.17764,-11.91637],[34.17707,-11.91603],[34.17703,-11.91591],[34.17703,-11.91579],[34.17707,-11.91573],[34.17719,-11.91569],[34.17728,-11.91585],[34.17738,-11.91596],[34.17754,-11.91609],[34.17773,-11.91617]]]},"properties":{"id":45182772,"kind":"natural","cat":"beach","name":""}},
{"type":"Feature","geometry":{"type":"Polygon","coordinates":[[[33.76752,-13.97807],[33.7679,-13.97831],[33.76827,-13.97857],[33.76813,-13.97877],[33.76803,-13.97871],[33.76798,-13.97869],[33.76787,-13.97871],[33.76782,-13.97873],[33.76778,-13.97878],[33.76728,-13.97841],[33.76752,-13.97807]]]},"properties":{"id":161183044,"kind":"poi","cat":"attraction","name":"Pirate's Casino"}},
{"type":"Feature","geometry":{"type":"Polygon","coordinates":[[[33.84032,-13.939],[33.84039,-13.93882],[33.84066,-13.93852],[33.841,-13.93825],[33.84142,-13.93907],[33.84176,-13.93952],[33.84111,-13.94007],[33.84032,-13.939]]]},"properties":{"id":164887641,"kind":"poi","cat":"attraction","name":"Kumbali Cultural Village"}},
{"type":"Feature","geometry":{"type":"Polygon","coordinates":[[[34.01026,-9.50267],[34.00988,-9.50189],[34.0112,-9.50135],[34.01147,-9.502],[34.01026,-9.50267]]]},"properties":{"id":204988441,"kind":"poi","cat":"hotel","name":""}},
{"type":"Feature","geometry":{"type":"Polygon","coordinates":[[[34.11816,-11.95342],[34.11813,-11.95336],[34.11835,-11.95322],[34.1184,-11.95329],[34.11835,-11.95333],[34.11838,-11.95339],[34.11827,-11.95346],[34.11822,-11.95339],[34.11816,-11.95342]]]},"properties":{"id":221080552,"kind":"poi","cat":"hotel","name":"Mbamba Beach Lodge"}},
{"type":"Feature","geometry":{"type":"Polygon","coordinates":[[[34.1181,-11.95303],[34.11812,-11.95307],[34.11825,-11.95303],[34.11823,-11.95298],[34.1181,-11.95303]]]},"properties":{"id":221080553,"kind":"poi","cat":"chalet","name":"The Cottage"}},
{"type":"Feature","geometry":{"type":"Polygon","coordinates":[[[34.11797,-11.95344],[34.11847,-11.95315],[34.11865,-11.95359],[34.11811,-11.95392],[34.11797,-11.95344]]]},"properties":{"id":221080555,"kind":"natural","cat":"beach","name":"","operator":"Mbamba Beach Lodge"}},
{"type":"Feature","geometry":{"type":"Polygon","coordinates":[[[34.11838,-11.95449],[34.11899,-11.9542],[34.11865,-11.95359],[34.11811,-11.95392],[34.11838,-11.95449]]]},"properties":{"id":221085362,"kind":"natural","cat":"beach","name":"Mbamba Beach","operator":"Mbamba Beach Lodge"}},
{"type":"Feature","geometry":{"type":"Polygon","coordinates":[[[34.11865,-11.95359],[34.12049,-11.95259],[34.12106,-11.95233],[34.12142,-11.95218],[34.12147,-11.95216],[34.12385,-11.95102],[34.12481,-11.95141],[34.12405,-11.95168],[34.12355,-11.95187],[34.12329,-11.95201],[34.12316,-11.95209],[34.12303,-11.95214],[34.1227,-11.95219],[34.12253,-11.95224],[34.12231,-11.95239],[34.1221,-11.95254],[34.12175,-11.95275],[34.12152,-11.95286],[34.12087,-11.95316],[34.12012,-11.95359],[34.11983,-11.95371],[34.11963,-11.95383],[34.11943,-11.95396],[34.11928,-11.95406],[34.11899,-11.9542],[34.11865,-11.95359]]]},"properties":{"id":221088956,"kind":"natural","cat":"beach","name":""}},
{"type":"Feature","geometry":{"type":"Polygon","coordinates":[[[34.11782,-11.95411],[34.11685,-11.95475],[34.11524,-11.95565],[34.11421,-11.95616],[34.11414,-11.95621],[34.11411,-11.95626],[34.11412,-11.95639],[34.11443,-11.95678],[34.11463,-11.95667],[34.11481,-11.95655],[34.1151,-11.95637],[34.11528,-11.95626],[34.11543,-11.95617],[34.11554,-11.95609],[34.11568,-11.95598],[34.11601,-11.95581],[34.11638,-11.95564],[34.1166,-11.95554],[34.11701,-11.95534],[34.11715,-11.95526],[34.11736,-11.95507],[34.11763,-11.9549],[34.11838,-11.95449],[34.11811,-11.95392],[34.11782,-11.95411]]]},"properties":{"id":221101944,"kind":"natural","cat":"beach","name":""}},
{"type":"Feature","geometry":{"type":"Polygon","coordinates":[[[34.05484,-11.46639],[34.05483,-11.4665],[34.05464,-11.46647],[34.05465,-11.46636],[34.05484,-11.46639]]]},"properties":{"id":222940774,"kind":"poi","cat":"guest_house","name":"Pine Tree Lodge"}},
{"type":"Feature","geometry":{"type":"Polygon","coordinates":[[[34.02861,-11.45731],[34.02855,-11.45721],[34.02837,-11.45731],[34.02841,-11.45736],[34.02838,-11.45738],[34.02841,-11.45743],[34.02861,-11.45731]]]},"properties":{"id":222943778,"kind":"poi","cat":"hostel","name":"Mzoozoozoo Backpackers Lodge"}},
{"type":"Feature","geometry":{"type":"Polygon","coordinates":[[[33.72097,-12.11977],[33.72101,-12.11982],[33.72103,-12.11981],[33.72106,-12.11985],[33.72108,-12.11983],[33.7211,-12.11986],[33.72113,-12.11984],[33.72116,-12.11988],[33.72107,-12.11995],[33.72104,-12.11991],[33.72101,-12.11993],[33.72098,-12.1199],[33.72096,-12.11992],[33.72093,-12.11988],[33.7209,-12.11991],[33.72086,-12.11986],[33.72097,-12.11977]]]},"properties":{"id":229440570,"kind":"poi","cat":"guest_house","name":"Luwawa Forest Lodge"}},
{"type":"Feature","geometry":{"type":"Polygon","coordinates":[[[34.02345,-11.46766],[34.0234,-11.46777],[34.02307,-11.46764],[34.02293,-11.46797],[34.0228,-11.46792],[34.02288,-11.46773],[34.02275,-11.46768],[34.02279,-11.46757],[34.02276,-11.46756],[34.02277,-11.46752],[34.02265,-11.46748],[34.02262,-11.46755],[34.02242,-11.46747],[34.02247,-11.46736],[34.02253,-11.46738],[34.02252,-11.46742],[34.02261,-11.46746],[34.02265,-11.46736],[34.02256,-11.46732],[34.02255,-11.46733],[34.02248,-11.4673],[34.02252,-11.46721],[34.02273,-11.46729],[34.02271,-11.46732],[34.02278,-11.46735],[34.0228,-11.46729],[34.02277,-11.46728],[34.02284,-11.46711],[34.02302,-11.46718],[34.02295,-11.46734],[34.02303,-11.46737],[34.02305,-11.46733],[34.02312,-11.46715],[34.02325,-11.4672],[34.02317,-11.46738],[34.02316,-11.46742],[34.02325,-11.46746],[34.02331,-11.4673],[34.02349,-11.46737],[34.02342,-11.46754],[34.02326,-11.46748],[34.02322,-11.46757],[34.02345,-11.46766]]]},"properties":{"id":237993463,"kind":"poi","cat":"hotel","name":"Sunbird Mzuzu Hotel"}},
{"type":"Feature","geometry":{"type":"Polygon","coordinates":[[[34.1689,-11.88197],[34.16893,-11.88174],[34.1689,-11.88174],[34.16893,-11.88158],[34.16884,-11.88156],[34.16882,-11.88172],[34.16878,-11.88172],[34.16877,-11.88179],[34.16882,-11.8818],[34.1688,-11.88195],[34.1689,-11.88197]]]},"properties":{"id":242074552,"kind":"poi","cat":"hotel","name":"Chintheche Inn"}},
{"type":"Feature","geometry":{"type":"Polygon","coordinates":[[[34.16817,-11.88323],[34.16849,-11.88334],[34.16826,-11.88359],[34.16808,-11.8835],[34.16817,-11.88323]]]},"properties":{"id":242077092,"kind":"poi","cat":"camp_site","name":"Chintheche Inn Campsite"}},
{"type":"Feature","geometry":{"type":"Polygon","coordinates":[[[34.16689,-11.89375],[34.16691,-11.89384],[34.16707,-11.8938],[34.16705,-11.89371],[34.16689,-11.89375]]]},"properties":{"id":242079058,"kind":"poi","cat":"camp_site","name":"Sunga Moyo"}},
{"type":"Feature","geometry":{"type":"Polygon","coordinates":[[[34.17806,-11.91816],[34.17808,-11.91828],[34.17785,-11.91832],[34.17783,-11.91819],[34.17806,-11.91816]]]},"properties":{"id":242092711,"kind":"poi","cat":"hotel","name":"Makuzi Beach Lodge"}},
{"type":"Feature","geometry":{"type":"Polygon","coordinates":[[[34.12231,-11.95136],[34.12238,-11.95153],[34.12253,-11.95147],[34.12246,-11.9513],[34.12231,-11.95136]]]},"properties":{"id":242098300,"kind":"poi","cat":"camp_site","name":""}},
{"type":"Feature","geometry":{"type":"Polygon","coordinates":[[[34.12216,-11.9514],[34.12223,-11.95151],[34.12213,-11.95157],[34.12206,-11.95145],[34.12216,-11.9514]]]},"properties":{"id":242098310,"kind":"poi","cat":"hostel","name":"Kande Beach"}},
{"type":"Feature","geometry":{"type":"Polygon","coordinates":[[[35.0635,-15.84711],[35.06342,-15.84748],[35.06375,-15.84754],[35.06397,-15.84759],[35.06406,-15.84761],[35.06414,-15.84724],[35.06377,-15.84717],[35.0635,-15.84711]]]},"properties":{"id":266127804,"kind":"poi","cat":"guest_house","name":"Blue Lagoon"}},
{"type":"Feature","geometry":{"type":"Polygon","coordinates":[[[35.05369,-15.92858],[35.05357,-15.92837],[35.05417,-15.92807],[35.05394,-15.92765],[35.05377,-15.92774],[35.0537,-15.92757],[35.05322,-15.92782],[35.05328,-15.92793],[35.05316,-15.92799],[35.05304,-15.92805],[35.0527,-15.92911],[35.0531,-15.92968],[35.0539,-15.92909],[35.05394,-15.92894],[35.05369,-15.92858]]]},"properties":{"id":266131822,"kind":"poi","cat":"hotel","name":"Game Haven Lodge","website":"https://www.gamehavenmw.com","phone":"P.O. Box 5443, Limbe;+265999971285;+265999971286;+265999971287;+265999971288"}},
{"type":"Feature","geometry":{"type":"Polygon","coordinates":[[[35.01803,-15.72366],[35.01841,-15.7231],[35.0191,-15.72341],[35.01891,-15.72429],[35.01885,-15.72425],[35.01815,-15.72385],[35.01803,-15.72366]]]},"properties":{"id":266254714,"kind":"poi","cat":"guest_house","name":"Mkango Lodge"}},
{"type":"Feature","geometry":{"type":"Polygon","coordinates":[[[35.00316,-15.69929],[35.0031,-15.6998],[35.00303,-15.69998],[35.00351,-15.70012],[35.00358,-15.69996],[35.00364,-15.69961],[35.00369,-15.69932],[35.00316,-15.69929]]]},"properties":{"id":266255348,"kind":"poi","cat":"guest_house","name":"Mile Stone Lodge"}},
{"type":"Feature","geometry":{"type":"Polygon","coordinates":[[[35.01541,-15.78641],[35.01498,-15.78682],[35.01475,-15.78702],[35.01471,-15.7872],[35.01515,-15.78737],[35.01588,-15.78755],[35.01596,-15.7875],[35.01602,-15.78745],[35.01605,-15.78734],[35.01606,-15.78719],[35.01599,-15.78701],[35.01574,-15.78673],[35.01541,-15.78641]]]},"properties":{"id":266259012,"kind":"poi","cat":"guest_house","name":"Blantyre Lodge"}},
{"type":"Feature","geometry":{"type":"Polygon","coordinates":[[[35.02344,-15.78257],[35.02341,-15.78263],[35.02388,-15.78276],[35.02485,-15.78301],[35.02489,-15.78248],[35.0244,-15.78232],[35.02436,-15.78242],[35.02363,-15.78212],[35.02344,-15.78257]]]},"properties":{"id":266259278,"kind":"poi","cat":"guest_house","name":"Grace Bandawe"}},
{"type":"Feature","geometry":{"type":"Polygon","coordinates":[[[35.02312,-15.7833],[35.0234,-15.78265],[35.02397,-15.7828],[35.02484,-15.78303],[35.0248,-15.78319],[35.02442,-15.78337],[35.02398,-15.78358],[35.02379,-15.78351],[35.02312,-15.7833]]]},"properties":{"id":266259279,"kind":"poi","cat":"hostel","name":"HHI Secondary School Hostels","operator":"HHI Secondary Hostels"}},
{"type":"Feature","geometry":{"type":"Polygon","coordinates":[[[35.01404,-15.78871],[35.01398,-15.78855],[35.01399,-15.78833],[35.0144,-15.78853],[35.01441,-15.78874],[35.0145,-15.78899],[35.01459,-15.7891],[35.01474,-15.78922],[35.01512,-15.78931],[35.0159,-15.78937],[35.01594,-15.78947],[35.01441,-15.78992],[35.01437,-15.78993],[35.01433,-15.78994],[35.01407,-15.78904],[35.01404,-15.78871]]]},"properties":{"id":266778940,"kind":"poi","cat":"hotel","name":""}},
{"type":"Feature","geometry":{"type":"Polygon","coordinates":[[[35.00407,-15.78408],[35.00405,-15.78425],[35.00392,-15.78424],[35.00392,-15.78425],[35.00405,-15.78427],[35.00404,-15.78441],[35.00393,-15.7844],[35.00392,-15.78452],[35.00426,-15.78456],[35.00424,-15.7847],[35.00343,-15.78461],[35.00344,-15.78448],[35.00387,-15.78452],[35.0039,-15.78425],[35.00375,-15.78424],[35.00375,-15.78421],[35.00354,-15.78418],[35.00357,-15.78396],[35.00373,-15.78398],[35.00374,-15.78391],[35.00411,-15.78395],[35.0041,-15.784],[35.00441,-15.78403],[35.00438,-15.78429],[35.00407,-15.78425],[35.00409,-15.78407],[35.004,-15.78406],[35.00401,-15.78398],[35.00398,-15.78397],[35.00397,-15.78407],[35.00407,-15.78408]]]},"properties":{"id":279197343,"kind":"poi","cat":"hotel","name":"Protea Hotel"}},
{"type":"Feature","geometry":{"type":"Polygon","coordinates":[[[35.00578,-15.7843],[35.00612,-15.78433],[35.00624,-15.78434],[35.00623,-15.78438],[35.00586,-15.78435],[35.00585,-15.78446],[35.0066,-15.78451],[35.0066,-15.78433],[35.00625,-15.7843],[35.00626,-15.78425],[35.00635,-15.78425],[35.00635,-15.78421],[35.00623,-15.78421],[35.00623,-15.78416],[35.00601,-15.78415],[35.00601,-15.78406],[35.00582,-15.78405],[35.00581,-15.78417],[35.0057,-15.78409],[35.00565,-15.78406],[35.00557,-15.78417],[35.00564,-15.78421],[35.00578,-15.7843]]]},"properties":{"id":279200448,"kind":"poi","cat":"hotel","name":"Mount Soche Hotel","operator":"Sunbird Tourism"}},
{"type":"Feature","geometry":{"type":"Polygon","coordinates":[[[35.55044,-15.9742],[35.55052,-15.97438],[35.55046,-15.97441],[35.55037,-15.97423],[35.55044,-15.9742]]]},"properties":{"id":295566433,"kind":"poi","cat":"alpine_hut","name":"Lichenya Hut"}},
{"type":"Feature","geometry":{"type":"Polygon","coordinates":[[[35.53534,-15.96961],[35.5353,-15.96968],[35.53543,-15.96975],[35.53547,-15.96968],[35.53534,-15.96961]]]},"properties":{"id":295566435,"kind":"poi","cat":"alpine_hut","name":"CCAP Hut"}},
{"type":"Feature","geometry":{"type":"Polygon","coordinates":[[[34.01437,-11.46691],[34.01443,-11.46689],[34.01442,-11.46688],[34.01448,-11.46687],[34.01449,-11.4669],[34.01452,-11.46689],[34.01454,-11.46696],[34.01448,-11.46698],[34.01451,-11.4671],[34.01442,-11.46712],[34.01441,-11.46706],[34.01434,-11.46708],[34.01432,-11.46699],[34.01438,-11.46697],[34.01437,-11.46691]]]},"properties":{"id":296741106,"kind":"poi","cat":"hostel","name":"Joy's Place"}},
{"type":"Feature","geometry":{"type":"Polygon","coordinates":[[[35.03434,-15.77654],[35.0345,-15.77653],[35.03454,-15.77676],[35.03455,-15.77682],[35.03455,-15.77685],[35.03438,-15.77688],[35.03436,-15.7768],[35.03434,-15.77654]]]},"properties":{"id":297135086,"kind":"poi","cat":"motel","name":"Ndirande View Executive Lodge","phone":"+265 888 871 255"}},
{"type":"Feature","geometry":{"type":"Polygon","coordinates":[[[33.7775,-14.17937],[33.7775,-14.17946],[33.77762,-14.17946],[33.77762,-14.17954],[33.77765,-14.17954],[33.77765,-14.17958],[33.77772,-14.17958],[33.77772,-14.17956],[33.77787,-14.17956],[33.77787,-14.17945],[33.77772,-14.17945],[33.77772,-14.17937],[33.7775,-14.17937]]]},"properties":{"id":297155944,"kind":"poi","cat":"hostel","name":"Mulanje"}},
{"type":"Feature","geometry":{"type":"Polygon","coordinates":[[[33.77953,-14.17867],[33.77963,-14.17867],[33.77963,-14.17864],[33.77983,-14.17864],[33.77984,-14.17853],[33.77962,-14.17852],[33.77962,-14.17845],[33.77954,-14.17845],[33.77954,-14.17848],[33.77932,-14.17848],[33.77932,-14.1786],[33.77953,-14.1786],[33.77953,-14.17867]]]},"properties":{"id":297155945,"kind":"poi","cat":"hostel","name":"GMT"}},
{"type":"Feature","geometry":{"type":"Polygon","coordinates":[[[33.77925,-14.17873],[33.77916,-14.17873],[33.77916,-14.17877],[33.77898,-14.17876],[33.77898,-14.1788],[33.77895,-14.1788],[33.77895,-14.17887],[33.77917,-14.17887],[33.77917,-14.17897],[33.77926,-14.17897],[33.77926,-14.17893],[33.77948,-14.17893],[33.77948,-14.17882],[33.77925,-14.17882],[33.77925,-14.17873]]]},"properties":{"id":297155946,"kind":"poi","cat":"hostel","name":"NORAD"}},
{"type":"Feature","geometry":{"type":"Polygon","coordinates":[[[33.77791,-14.18024],[33.77791,-14.18033],[33.77816,-14.18033],[33.77816,-14.18023],[33.77791,-14.18024]]]},"properties":{"id":297155951,"kind":"poi","cat":"hostel","name":"Mabalani G"}},
{"type":"Feature","geometry":{"type":"Polygon","coordinates":[[[33.77759,-14.18038],[33.77785,-14.18038],[33.77785,-14.18048],[33.77759,-14.18048],[33.77759,-14.18038]]]},"properties":{"id":297155953,"kind":"poi","cat":"hostel","name":"Mabalani A"}},
{"type":"Feature","geometry":{"type":"Polygon","coordinates":[[[33.77759,-14.18006],[33.77785,-14.18006],[33.77785,-14.18015],[33.77759,-14.18015],[33.77759,-14.18006]]]},"properties":{"id":297155955,"kind":"poi","cat":"hostel","name":"Mabalani C"}},
{"type":"Feature","geometry":{"type":"Polygon","coordinates":[[[33.77759,-14.17991],[33.77759,-14.18001],[33.77785,-14.18001],[33.77785,-14.17991],[33.77759,-14.17991]]]},"properties":{"id":297155956,"kind":"poi","cat":"hostel","name":"Mabalani D"}},
{"type":"Feature","geometry":{"type":"Polygon","coordinates":[[[33.77874,-14.18037],[33.77874,-14.18047],[33.77901,-14.18047],[33.779,-14.18036],[33.77874,-14.18037]]]},"properties":{"id":297155957,"kind":"poi","cat":"hostel","name":"Mulanje Hostel"}},
{"type":"Feature","geometry":{"type":"Polygon","coordinates":[[[33.7779,-14.18038],[33.7779,-14.18047],[33.77815,-14.18047],[33.77815,-14.18037],[33.7779,-14.18038]]]},"properties":{"id":297155959,"kind":"poi","cat":"hostel","name":"Mabalani H"}},
{"type":"Feature","geometry":{"type":"Polygon","coordinates":[[[33.77729,-14.17988],[33.77729,-14.17997],[33.77753,-14.17996],[33.77753,-14.17987],[33.77729,-14.17988]]]},"properties":{"id":297155960,"kind":"poi","cat":"hostel","name":"Nkungudza"}},
{"type":"Feature","geometry":{"type":"Polygon","coordinates":[[[33.77874,-14.18023],[33.77874,-14.18033],[33.77901,-14.18033],[33.77901,-14.18023],[33.77874,-14.18023]]]},"properties":{"id":297155961,"kind":"poi","cat":"hostel","name":""}},
{"type":"Feature","geometry":{"type":"Polygon","coordinates":[[[33.77843,-14.18037],[33.77843,-14.18048],[33.77869,-14.18047],[33.77869,-14.18037],[33.77843,-14.18037]]]},"properties":{"id":297155962,"kind":"poi","cat":"hostel","name":""}},
{"type":"Feature","geometry":{"type":"Polygon","coordinates":[[[33.77791,-14.17992],[33.77791,-14.18001],[33.77816,-14.18001],[33.77816,-14.17991],[33.77791,-14.17992]]]},"properties":{"id":297155963,"kind":"poi","cat":"hostel","name":"Mabalani E"}},
{"type":"Feature","geometry":{"type":"Polygon","coordinates":[[[33.77791,-14.18006],[33.77791,-14.18015],[33.77816,-14.18015],[33.77816,-14.18006],[33.77791,-14.18006]]]},"properties":{"id":297155964,"kind":"poi","cat":"hostel","name":"Mabalani F"}},
{"type":"Feature","geometry":{"type":"Polygon","coordinates":[[[33.77843,-14.18023],[33.77843,-14.18032],[33.77868,-14.18033],[33.77868,-14.18023],[33.77843,-14.18023]]]},"properties":{"id":297155965,"kind":"poi","cat":"hostel","name":""}},
{"type":"Feature","geometry":{"type":"Polygon","coordinates":[[[33.77759,-14.18023],[33.77785,-14.18023],[33.77785,-14.18033],[33.77759,-14.18033],[33.77759,-14.18023]]]},"properties":{"id":297155966,"kind":"poi","cat":"hostel","name":"Mabalani B"}},
{"type":"Feature","geometry":{"type":"Polygon","coordinates":[[[33.7785,-14.17885],[33.77886,-14.17885],[33.77886,-14.17895],[33.77881,-14.17895],[33.77881,-14.17901],[33.77871,-14.17901],[33.77871,-14.17895],[33.7785,-14.17895],[33.7785,-14.17885]]]},"properties":{"id":297155971,"kind":"poi","cat":"hostel","name":""}},
{"type":"Feature","geometry":{"type":"Polygon","coordinates":[[[33.77871,-14.17903],[33.77881,-14.17903],[33.77881,-14.17908],[33.77886,-14.17908],[33.77885,-14.17919],[33.77851,-14.17918],[33.77851,-14.17908],[33.77871,-14.17908],[33.77871,-14.17903]]]},"properties":{"id":297155972,"kind":"poi","cat":"hostel","name":""}},
{"type":"Feature","geometry":{"type":"Polygon","coordinates":[[[35.33946,-15.38933],[35.33937,-15.38923],[35.33956,-15.38903],[35.33968,-15.38917],[35.33975,-15.3891],[35.33963,-15.38898],[35.33961,-15.38896],[35.33962,-15.38895],[35.33956,-15.38889],[35.33939,-15.38904],[35.3392,-15.38922],[35.33926,-15.38928],[35.33937,-15.38939],[35.33946,-15.38933]]]},"properties":{"id":297330891,"kind":"poi","cat":"hostel","name":"Chirunga Hall"}},
{"type":"Feature","geometry":{"type":"Polygon","coordinates":[[[35.34016,-15.38845],[35.34002,-15.38858],[35.33999,-15.38856],[35.34001,-15.38854],[35.33999,-15.38852],[35.33995,-15.38856],[35.33996,-15.38856],[35.33986,-15.38865],[35.33985,-15.38865],[35.33984,-15.38866],[35.33979,-15.38862],[35.33981,-15.3886],[35.33978,-15.38856],[35.33988,-15.38846],[35.33992,-15.38849],[35.33993,-15.38847],[35.33992,-15.38847],[35.33993,-15.38846],[35.33996,-15.38848],[35.34004,-15.3884],[35.34007,-15.38843],[35.3401,-15.3884],[35.34016,-15.38845]]]},"properties":{"id":297332312,"kind":"poi","cat":"hostel","name":"Chingwe hall"}},
{"type":"Feature","geometry":{"type":"Polygon","coordinates":[[[35.34065,-15.3883],[35.34054,-15.38841],[35.34051,-15.38838],[35.34047,-15.38842],[35.34045,-15.3884],[35.34033,-15.38851],[35.34037,-15.38855],[35.34039,-15.38852],[35.34044,-15.38857],[35.34053,-15.38849],[35.34052,-15.38848],[35.34057,-15.38844],[35.34059,-15.38846],[35.34056,-15.38849],[35.34059,-15.38853],[35.34073,-15.38841],[35.34067,-15.38836],[35.34068,-15.38834],[35.34065,-15.3883]]]},"properties":{"id":297347976,"kind":"poi","cat":"hostel","name":"Shakespeare Hall"}},
{"type":"Feature","geometry":{"type":"Polygon","coordinates":[[[35.00215,-15.78288],[35.00222,-15.78289],[35.0022,-15.78304],[35.00213,-15.78303],[35.00215,-15.78288]]]},"properties":{"id":297695900,"kind":"poi","cat":"guest_house","name":"Michiru Flats"}},
{"type":"Feature","geometry":{"type":"Polygon","coordinates":[[[35.00167,-15.78487],[35.00194,-15.7849],[35.00192,-15.78502],[35.00165,-15.78499],[35.00167,-15.78487]]]},"properties":{"id":297695915,"kind":"poi","cat":"motel","name":"Chilembwe Lodge"}},
{"type":"Feature","geometry":{"type":"Polygon","coordinates":[[[33.48059,-13.03329],[33.4809,-13.03298],[33.48094,-13.03302],[33.48108,-13.03289],[33.48115,-13.03296],[33.48117,-13.03294],[33.48136,-13.03312],[33.48128,-13.0332],[33.48111,-13.03304],[33.48097,-13.03317],[33.48094,-13.03314],[33.48083,-13.03326],[33.48078,-13.03321],[33.48065,-13.03334],[33.48059,-13.03329]]]},"properties":{"id":297748464,"kind":"poi","cat":"hotel","name":"Kasungu Inn"}},
{"type":"Feature","geometry":{"type":"Polygon","coordinates":[[[35.04061,-15.80621],[35.04073,-15.8063],[35.04061,-15.80646],[35.04048,-15.80637],[35.04061,-15.80621]]]},"properties":{"id":297751342,"kind":"poi","cat":"guest_house","name":"church guest"}},
{"type":"Feature","geometry":{"type":"Polygon","coordinates":[[[33.47818,-13.05323],[33.47828,-13.05322],[33.47832,-13.05362],[33.4782,-13.05362],[33.47824,-13.05407],[33.47809,-13.05408],[33.47805,-13.05364],[33.47796,-13.05365],[33.47798,-13.05384],[33.4778,-13.05385],[33.47778,-13.05369],[33.47765,-13.05371],[33.47764,-13.05365],[33.47779,-13.05364],[33.47777,-13.05345],[33.47784,-13.05344],[33.47784,-13.0534],[33.47793,-13.0534],[33.47795,-13.05361],[33.47821,-13.05359],[33.47818,-13.05323]]]},"properties":{"id":297755404,"kind":"poi","cat":"hotel","name":"Chikho Hotel"}},
{"type":"Feature","geometry":{"type":"Polygon","coordinates":[[[33.47779,-13.05316],[33.47817,-13.05311],[33.47816,-13.05305],[33.47778,-13.0531],[33.47779,-13.05316]]]},"properties":{"id":297755586,"kind":"poi","cat":"hostel","name":""}},
{"type":"Feature","geometry":{"type":"Polygon","coordinates":[[[35.00094,-15.78217],[35.00102,-15.78208],[35.00104,-15.7821],[35.00106,-15.78208],[35.00105,-15.78206],[35.0011,-15.782],[35.00117,-15.78206],[35.00112,-15.78212],[35.00111,-15.78211],[35.00109,-15.78214],[35.00117,-15.7822],[35.00109,-15.78229],[35.00094,-15.78217]]]},"properties":{"id":297866091,"kind":"poi","cat":"guest_house","name":"Residential house"}},
{"type":"Feature","geometry":{"type":"Polygon","coordinates":[[[33.77586,-14.18374],[33.77596,-14.18375],[33.77595,-14.18385],[33.77597,-14.18385],[33.77596,-14.18395],[33.77593,-14.18395],[33.77592,-14.18408],[33.77581,-14.18407],[33.77583,-14.18393],[33.77581,-14.18393],[33.77582,-14.18383],[33.77585,-14.18384],[33.77586,-14.18374]]]},"properties":{"id":298857251,"kind":"poi","cat":"guest_house","name":"Forestry Guest House"}},
{"type":"Feature","geometry":{"type":"Polygon","coordinates":[[[33.77746,-14.18935],[33.77737,-14.1893],[33.77728,-14.18946],[33.77737,-14.1895],[33.77746,-14.18935]]]},"properties":{"id":298871207,"kind":"poi","cat":"guest_house","name":"AQF Guest House"}},
{"type":"Feature","geometry":{"type":"Polygon","coordinates":[[[33.77881,-14.17989],[33.77885,-14.17989],[33.77885,-14.17985],[33.77904,-14.17985],[33.77904,-14.17984],[33.77913,-14.17984],[33.77913,-14.1799],[33.77935,-14.1799],[33.77935,-14.18001],[33.77913,-14.18001],[33.77913,-14.18005],[33.77903,-14.18005],[33.77903,-14.17996],[33.77881,-14.17996],[33.77881,-14.17989]]]},"properties":{"id":298988388,"kind":"poi","cat":"hostel","name":"Kitano"}},
{"type":"Feature","geometry":{"type":"Polygon","coordinates":[[[33.77833,-14.17984],[33.77846,-14.17984],[33.77846,-14.17977],[33.77873,-14.17977],[33.77873,-14.17985],[33.77856,-14.17985],[33.77856,-14.17994],[33.77833,-14.17994],[33.77833,-14.17984]]]},"properties":{"id":298988389,"kind":"poi","cat":"hostel","name":"Zomba"}},
{"type":"Feature","geometry":{"type":"Polygon","coordinates":[[[33.77882,-14.17959],[33.77894,-14.17959],[33.77894,-14.17951],[33.77921,-14.17951],[33.77921,-14.1796],[33.77905,-14.1796],[33.77905,-14.17968],[33.77882,-14.17968],[33.77882,-14.17959]]]},"properties":{"id":298988390,"kind":"poi","cat":"hostel","name":"Nsangu"}},
{"type":"Feature","geometry":{"type":"Polygon","coordinates":[[[33.77931,-14.18018],[33.77944,-14.18018],[33.77944,-14.18011],[33.77969,-14.18011],[33.77969,-14.18021],[33.77954,-14.18021],[33.77954,-14.18027],[33.77931,-14.18027],[33.77931,-14.18018]]]},"properties":{"id":298988391,"kind":"poi","cat":"hostel","name":"Likangala Hostel"}},
{"type":"Feature","geometry":{"type":"Polygon","coordinates":[[[35.33866,-15.38813],[35.33877,-15.38823],[35.33871,-15.38829],[35.33885,-15.38842],[35.33896,-15.38831],[35.33887,-15.38823],[35.33884,-15.3882],[35.33887,-15.38817],[35.33874,-15.38805],[35.33866,-15.38813]]]},"properties":{"id":299967634,"kind":"poi","cat":"hostel","name":"Beit Trust Hall"}},
{"type":"Feature","geometry":{"type":"Polygon","coordinates":[[[35.33851,-15.38666],[35.33851,-15.38677],[35.33871,-15.38677],[35.33871,-15.38671],[35.33886,-15.38671],[35.33886,-15.38657],[35.33868,-15.38657],[35.33868,-15.38666],[35.33851,-15.38666]]]},"properties":{"id":299967637,"kind":"poi","cat":"hostel","name":"Chilembwe Hall"}},
{"type":"Feature","geometry":{"type":"Polygon","coordinates":[[[35.33882,-15.38629],[35.33882,-15.38644],[35.339,-15.38644],[35.339,-15.38651],[35.33918,-15.38651],[35.33918,-15.3864],[35.33901,-15.3864],[35.339,-15.38629],[35.33882,-15.38629]]]},"properties":{"id":299967638,"kind":"poi","cat":"hostel","name":"Lubani Hall"}},
{"type":"Feature","geometry":{"type":"Polygon","coordinates":[[[35.33807,-15.38649],[35.33807,-15.38659],[35.33815,-15.38659],[35.33815,-15.38656],[35.33834,-15.38656],[35.33834,-15.3865],[35.3385,-15.38651],[35.33851,-15.38638],[35.33832,-15.38637],[35.33832,-15.38645],[35.33817,-15.38645],[35.33816,-15.38649],[35.33807,-15.38649]]]},"properties":{"id":299967639,"kind":"poi","cat":"hostel","name":"Mumba Hall"}},
{"type":"Feature","geometry":{"type":"Polygon","coordinates":[[[35.3382,-15.38613],[35.3382,-15.38624],[35.33839,-15.38624],[35.33839,-15.38619],[35.33854,-15.38619],[35.33854,-15.38605],[35.33837,-15.38605],[35.33837,-15.38613],[35.3382,-15.38613]]]},"properties":{"id":299967640,"kind":"poi","cat":"hostel","name":"Makata Hall"}},
{"type":"Feature","geometry":{"type":"Polygon","coordinates":[[[35.33863,-15.3859],[35.33863,-15.38602],[35.33879,-15.38602],[35.33879,-15.38597],[35.33883,-15.38597],[35.33883,-15.38595],[35.33895,-15.38595],[35.33895,-15.38583],[35.33879,-15.38583],[35.33879,-15.38588],[35.33882,-15.38588],[35.33882,-15.3859],[35.33863,-15.3859]]]},"properties":{"id":299967641,"kind":"poi","cat":"hostel","name":"Kanjedza Hall"}},
{"type":"Feature","geometry":{"type":"Polygon","coordinates":[[[35.33899,-15.38605],[35.33899,-15.38617],[35.33912,-15.38617],[35.33912,-15.3862],[35.33914,-15.3862],[35.33914,-15.38624],[35.3393,-15.38624],[35.3393,-15.38613],[35.33916,-15.38613],[35.33916,-15.38605],[35.33899,-15.38605]]]},"properties":{"id":299967642,"kind":"poi","cat":"hostel","name":"Dunduzu Hall"}},
{"type":"Feature","geometry":{"type":"Polygon","coordinates":[[[35.3397,-15.38886],[35.33981,-15.38876],[35.33985,-15.38881],[35.33989,-15.38877],[35.34,-15.38867],[35.3401,-15.38876],[35.33995,-15.3889],[35.33991,-15.38887],[35.33981,-15.38897],[35.3397,-15.38886]]]},"properties":{"id":299967644,"kind":"poi","cat":"hostel","name":"Kenyata Hall"}},
{"type":"Feature","geometry":{"type":"Polygon","coordinates":[[[35.33977,-15.38817],[35.33988,-15.38829],[35.33992,-15.38825],[35.33994,-15.38827],[35.33996,-15.38826],[35.34004,-15.38835],[35.34013,-15.38827],[35.34002,-15.38816],[35.33999,-15.38819],[35.34001,-15.38821],[35.33999,-15.38823],[35.33986,-15.3881],[35.33977,-15.38817]]]},"properties":{"id":299967645,"kind":"poi","cat":"hostel","name":"Tchaka Hall"}},
{"type":"Feature","geometry":{"type":"Polygon","coordinates":[[[35.3402,-15.38805],[35.34032,-15.38817],[35.34035,-15.38814],[35.34039,-15.38819],[35.34042,-15.38816],[35.34053,-15.38827],[35.34056,-15.38823],[35.34054,-15.38821],[35.34059,-15.38816],[35.34048,-15.38805],[35.34043,-15.3881],[35.3403,-15.38796],[35.3402,-15.38805]]]},"properties":{"id":299967646,"kind":"poi","cat":"hostel","name":"Mbelwa Hall"}},
{"type":"Feature","geometry":{"type":"Polygon","coordinates":[[[35.34074,-15.38802],[35.34082,-15.3881],[35.34075,-15.38817],[35.34082,-15.38823],[35.34084,-15.38821],[35.34096,-15.38833],[35.34103,-15.38826],[35.34092,-15.38816],[35.34097,-15.38811],[35.34081,-15.38795],[35.34074,-15.38802]]]},"properties":{"id":299967647,"kind":"poi","cat":"hostel","name":"Valley Hall"}},
{"type":"Feature","geometry":{"type":"Polygon","coordinates":[[[35.34013,-15.38777],[35.34025,-15.38789],[35.34029,-15.38786],[35.34033,-15.3879],[35.34035,-15.38788],[35.34045,-15.38798],[35.34048,-15.38796],[35.34046,-15.38794],[35.34051,-15.38789],[35.3404,-15.38777],[35.34037,-15.38781],[35.34039,-15.38783],[35.34037,-15.38785],[35.34024,-15.38772],[35.3402,-15.38775],[35.34018,-15.38772],[35.34013,-15.38777]]]},"properties":{"id":299967648,"kind":"poi","cat":"hostel","name":"Khondowe Hall"}},
{"type":"Feature","geometry":{"type":"Polygon","coordinates":[[[35.32551,-15.37242],[35.32588,-15.37234],[35.3258,-15.37202],[35.32572,-15.37203],[35.32578,-15.37225],[35.32565,-15.37228],[35.32564,-15.37226],[35.32559,-15.37227],[35.32559,-15.3723],[35.32549,-15.37232],[35.3255,-15.37236],[35.32551,-15.37242]]]},"properties":{"id":300241314,"kind":"poi","cat":"hotel","name":""}},
{"type":"Feature","geometry":{"type":"Polygon","coordinates":[[[34.28337,-12.92559],[34.28353,-12.92479],[34.28297,-12.92469],[34.28284,-12.92554],[34.28337,-12.92559]]]},"properties":{"id":300273766,"kind":"poi","cat":"motel","name":"Grace Motel"}},
{"type":"Feature","geometry":{"type":"Polygon","coordinates":[[[35.02559,-16.30304],[35.02553,-16.30307],[35.02546,-16.30315],[35.02545,-16.30321],[35.02546,-16.30328],[35.02553,-16.30335],[35.02559,-16.30336],[35.02564,-16.30335],[35.02568,-16.30332],[35.02571,-16.30327],[35.02573,-16.30325],[35.02573,-16.30321],[35.02571,-16.30316],[35.0257,-16.30308],[35.02567,-16.30306],[35.02564,-16.30302],[35.02559,-16.30304]]]},"properties":{"id":300624429,"kind":"natural","cat":"bay","name":"Thedzi"}},
{"type":"Feature","geometry":{"type":"Polygon","coordinates":[[[35.33896,-15.38844],[35.33904,-15.38852],[35.33916,-15.38842],[35.33912,-15.38837],[35.33926,-15.38826],[35.33918,-15.38816],[35.339,-15.38831],[35.33905,-15.38837],[35.33896,-15.38844]]]},"properties":{"id":300942434,"kind":"poi","cat":"hostel","name":"Gweru Hall"}},
{"type":"Feature","geometry":{"type":"Polygon","coordinates":[[[35.33963,-15.38723],[35.33964,-15.3874],[35.33979,-15.38739],[35.33979,-15.38726],[35.33985,-15.38726],[35.33984,-15.38705],[35.3397,-15.38706],[35.33971,-15.38722],[35.33963,-15.38723]]]},"properties":{"id":300942447,"kind":"poi","cat":"hostel","name":"Sangala Hall","phone":"+265 991 14 72 78","opening_hours":"24/7","description":"It's a boys hostel at university of Malawi","operator":"University Of Malawi"}},
{"type":"Feature","geometry":{"type":"Polygon","coordinates":[[[35.33886,-15.3879],[35.3388,-15.38797],[35.33893,-15.38808],[35.33907,-15.38794],[35.33902,-15.38789],[35.33892,-15.38786],[35.3389,-15.3879],[35.33898,-15.38792],[35.33894,-15.38797],[35.33886,-15.3879]]]},"properties":{"id":300942451,"kind":"poi","cat":"hostel","name":"Kamuzu Hall"}},
{"type":"Feature","geometry":{"type":"Polygon","coordinates":[[[33.80779,-13.87488],[33.80786,-13.8748],[33.8081,-13.87498],[33.80804,-13.87507],[33.80779,-13.87488]]]},"properties":{"id":301531181,"kind":"poi","cat":"hostel","name":"Daeyang University Hostel"}},
{"type":"Feature","geometry":{"type":"Polygon","coordinates":[[[33.80847,-13.87466],[33.80876,-13.87487],[33.80882,-13.8748],[33.80853,-13.87458],[33.80847,-13.87466]]]},"properties":{"id":301531183,"kind":"poi","cat":"hostel","name":"Daeyang University Hostel"}},
{"type":"Feature","geometry":{"type":"Polygon","coordinates":[[[35.17016,-16.51521],[35.17031,-16.51519],[35.17032,-16.51528],[35.17018,-16.51531],[35.17016,-16.51521]]]},"properties":{"id":301892918,"kind":"poi","cat":"hostel","name":""}},
{"type":"Feature","geometry":{"type":"Polygon","coordinates":[[[35.51104,-16.02947],[35.51112,-16.02952],[35.51105,-16.02961],[35.51125,-16.02976],[35.51132,-16.02967],[35.5114,-16.02973],[35.51125,-16.02992],[35.51089,-16.02965],[35.51104,-16.02947]]]},"properties":{"id":306276511,"kind":"poi","cat":"hotel","name":"Hapuwani Hotel"}},
{"type":"Feature","geometry":{"type":"Polygon","coordinates":[[[33.60601,-13.40137],[33.60611,-13.40138],[33.6061,-13.40145],[33.606,-13.40144],[33.60601,-13.40137]]]},"properties":{"id":312086009,"kind":"poi","cat":"hotel","name":""}},
{"type":"Feature","geometry":{"type":"Polygon","coordinates":[[[35.65585,-16.03356],[35.65605,-16.03361],[35.65611,-16.03338],[35.65592,-16.03333],[35.65585,-16.03356]]]},"properties":{"id":315053700,"kind":"poi","cat":"hotel","name":"Lujeri Lodge"}},
{"type":"Feature","geometry":{"type":"Polygon","coordinates":[[[35.00432,-15.79254],[35.00449,-15.79254],[35.0045,-15.79268],[35.00456,-15.79268],[35.00456,-15.79275],[35.0045,-15.79275],[35.0045,-15.79288],[35.00433,-15.79289],[35.00432,-15.79254]]]},"properties":{"id":317764635,"kind":"poi","cat":"hotel","name":"Hotel Victoria"}},
{"type":"Feature","geometry":{"type":"Polygon","coordinates":[[[35.00432,-15.79293],[35.00449,-15.79293],[35.00449,-15.79307],[35.00447,-15.79307],[35.00447,-15.79311],[35.00442,-15.79311],[35.00442,-15.79318],[35.00433,-15.79318],[35.00432,-15.79293]]]},"properties":{"id":317764636,"kind":"poi","cat":"hotel","name":"Hotel Victoria"}},
{"type":"Feature","geometry":{"type":"Polygon","coordinates":[[[35.00187,-15.78698],[35.00195,-15.78704],[35.00196,-15.78703],[35.00203,-15.78708],[35.00192,-15.78721],[35.00181,-15.78712],[35.00183,-15.7871],[35.00179,-15.78707],[35.00187,-15.78698]]]},"properties":{"id":318003153,"kind":"poi","cat":"guest_house","name":"Guest House"}},
{"type":"Feature","geometry":{"type":"Polygon","coordinates":[[[35.00312,-15.78487],[35.00315,-15.78466],[35.00247,-15.78458],[35.00237,-15.7853],[35.00253,-15.78532],[35.0026,-15.7848],[35.00312,-15.78487]]]},"properties":{"id":318175490,"kind":"poi","cat":"hotel","name":"Amaryllis Hotel"}},
{"type":"Feature","geometry":{"type":"Polygon","coordinates":[[[35.00414,-15.77874],[35.00425,-15.77885],[35.00431,-15.7788],[35.00434,-15.77883],[35.00445,-15.77872],[35.00442,-15.77869],[35.00452,-15.7786],[35.0044,-15.77849],[35.00432,-15.77857],[35.00429,-15.77854],[35.00422,-15.77861],[35.00424,-15.77864],[35.00414,-15.77874]]]},"properties":{"id":318467616,"kind":"poi","cat":"motel","name":"Casa Mia","website":"www.blantyreaccomodation.com","phone":"+2651827871"}},
{"type":"Feature","geometry":{"type":"Polygon","coordinates":[[[34.62704,-13.71741],[34.628,-13.71791],[34.62851,-13.71713],[34.6287,-13.71685],[34.62884,-13.71666],[34.62893,-13.7165],[34.62906,-13.71628],[34.62918,-13.71606],[34.62926,-13.71601],[34.62936,-13.71598],[34.62943,-13.71591],[34.62946,-13.71577],[34.62944,-13.71555],[34.62952,-13.71534],[34.62918,-13.71512],[34.62882,-13.7153],[34.62847,-13.71535],[34.6283,-13.7153],[34.62809,-13.71519],[34.62796,-13.71602],[34.62816,-13.71632],[34.62792,-13.71665],[34.62771,-13.71696],[34.62751,-13.71717],[34.62704,-13.71741]]]},"properties":{"id":319324219,"kind":"poi","cat":"camp_site","name":"Livingstonia Beach Campsite","operator":"Sunbird Livingstonia"}},
{"type":"Feature","geometry":{"type":"Polygon","coordinates":[[[34.62725,-13.718],[34.62706,-13.71825],[34.62686,-13.71809],[34.62689,-13.71806],[34.627,-13.71814],[34.62715,-13.71793],[34.62725,-13.718]]]},"properties":{"id":334742953,"kind":"poi","cat":"hotel","name":"Sunbird Livingstonia Beach"}},
{"type":"Feature","geometry":{"type":"Polygon","coordinates":[[[35.23946,-15.02835],[35.2396,-15.02829],[35.23962,-15.02834],[35.23949,-15.02839],[35.23946,-15.02835]]]},"properties":{"id":334869116,"kind":"poi","cat":"guest_house","name":"Liwonde Safari Camp"}},
{"type":"Feature","geometry":{"type":"Polygon","coordinates":[[[33.7593,-13.99907],[33.75936,-13.99913],[33.7593,-13.99918],[33.75928,-13.99915],[33.75924,-13.99918],[33.75921,-13.99915],[33.7593,-13.99907]]]},"properties":{"id":334875472,"kind":"poi","cat":"hostel","name":"Mabuya Camp"}},
{"type":"Feature","geometry":{"type":"Polygon","coordinates":[[[35.58228,-15.86694],[35.58235,-15.86683],[35.5825,-15.86692],[35.58247,-15.86696],[35.5825,-15.86697],[35.58247,-15.86701],[35.58245,-15.86699],[35.58242,-15.86703],[35.58236,-15.86699],[35.58234,-15.86702],[35.58231,-15.867],[35.58232,-15.86697],[35.58228,-15.86694]]]},"properties":{"id":338104303,"kind":"poi","cat":"hotel","name":"Thuchila Lodge","operator":"Mulli Brothers"}},
{"type":"Feature","geometry":{"type":"Polygon","coordinates":[[[35.65341,-15.89779],[35.6535,-15.89773],[35.65355,-15.89779],[35.65346,-15.89785],[35.65341,-15.89779]]]},"properties":{"id":338109767,"kind":"poi","cat":"alpine_hut","name":"Chinzama Hut"}},
{"type":"Feature","geometry":{"type":"Polygon","coordinates":[[[35.63866,-15.92486],[35.63866,-15.92479],[35.63853,-15.92479],[35.63854,-15.92487],[35.63866,-15.92486]]]},"properties":{"id":338112132,"kind":"poi","cat":"alpine_hut","name":"Minunu Hut"}},
{"type":"Feature","geometry":{"type":"Polygon","coordinates":[[[35.60953,-15.89559],[35.60964,-15.89552],[35.60969,-15.8956],[35.60959,-15.89567],[35.60953,-15.89559]]]},"properties":{"id":338114226,"kind":"poi","cat":"alpine_hut","name":"Tuchila Hut"}},
{"type":"Feature","geometry":{"type":"Polygon","coordinates":[[[33.9224,-9.94184],[33.92246,-9.94189],[33.92247,-9.9419],[33.92255,-9.94197],[33.92272,-9.9418],[33.92267,-9.94175],[33.9227,-9.94171],[33.92262,-9.94164],[33.92253,-9.94173],[33.92252,-9.94172],[33.9224,-9.94184]]]},"properties":{"id":340427352,"kind":"poi","cat":"museum","name":"Cultural and Museum Centre Karonga","website":"http://www.warmheartofmalawi.org/","phone":"+265 88 851 5574","opening_hours":"Mo-Sa 09:30-17:00, Su 13:00-17:00; Sa 08:00-12:00","operator":"Uraha Foundation Malawi;Uraha Foundation Germany"}},
{"type":"Feature","geometry":{"type":"Polygon","coordinates":[[[33.92219,-9.9419],[33.92219,-9.94204],[33.92239,-9.94204],[33.92239,-9.94198],[33.92239,-9.9419],[33.92219,-9.9419]]]},"properties":{"id":340427353,"kind":"poi","cat":"museum","name":"Cultural and Museum Centre Karonga","website":"http://www.warmheartofmalawi.org/","phone":"+265 88 851 5574","opening_hours":"Mo-Sa 09:30-17:00, Su 13:00-17:00; Sa 08:00-12:00","operator":"Uraha Foundation Malawi;Uraha Foundation Germany"}},
{"type":"Feature","geometry":{"type":"Polygon","coordinates":[[[34.32769,-13.04796],[34.32728,-13.04802],[34.32721,-13.04799],[34.32717,-13.04791],[34.32711,-13.04763],[34.32714,-13.04741],[34.3272,-13.04708],[34.32729,-13.04668],[34.32753,-13.04623],[34.32772,-13.04601],[34.32777,-13.04585],[34.32786,-13.04562],[34.32791,-13.04547],[34.32789,-13.04543],[34.32776,-13.04539],[34.3277,-13.04535],[34.32769,-13.04529],[34.32771,-13.04522],[34.32796,-13.04503],[34.32808,-13.04505],[34.32818,-13.04507],[34.32825,-13.04508],[34.32832,-13.04506],[34.32844,-13.04497],[34.32848,-13.04498],[34.32849,-13.04502],[34.32846,-13.04508],[34.32838,-13.04518],[34.32835,-13.04528],[34.32828,-13.04545],[34.32812,-13.04572],[34.3279,-13.04639],[34.3277,-13.04715],[34.32766,-13.04763],[34.32769,-13.04796]]]},"properties":{"id":342244511,"kind":"natural","cat":"beach","name":""}},
{"type":"Feature","geometry":{"type":"Polygon","coordinates":[[[35.58295,-15.93376],[35.58305,-15.9338],[35.58301,-15.93389],[35.58291,-15.93385],[35.58295,-15.93376]]]},"properties":{"id":342600081,"kind":"poi","cat":"alpine_hut","name":"Chisepo Hut"}},
{"type":"Feature","geometry":{"type":"Polygon","coordinates":[[[34.80433,-11.28394],[34.80445,-11.28395],[34.80443,-11.28419],[34.80431,-11.28418],[34.80433,-11.28394]]]},"properties":{"id":346084263,"kind":"poi","cat":"hotel","name":"St. Bernadetha Srs. Hotel"}},
{"type":"Feature","geometry":{"type":"Polygon","coordinates":[[[35.69808,-15.89295],[35.69814,-15.89298],[35.6981,-15.89306],[35.69804,-15.89303],[35.69808,-15.89295]]]},"properties":{"id":346580635,"kind":"poi","cat":"alpine_hut","name":"Sombani Hut"}},
{"type":"Feature","geometry":{"type":"Polygon","coordinates":[[[35.50376,-16.0252],[35.50364,-16.02528],[35.50356,-16.02518],[35.50368,-16.0251],[35.50376,-16.0252]]]},"properties":{"id":351705238,"kind":"poi","cat":"motel","name":"Mulanje Motel"}},
{"type":"Feature","geometry":{"type":"Polygon","coordinates":[[[33.88853,-9.75655],[33.88762,-9.75634],[33.88672,-9.75594],[33.88547,-9.75503],[33.88528,-9.75406],[33.88506,-9.75296],[33.88591,-9.75271],[33.88616,-9.75249],[33.88635,-9.75181],[33.88622,-9.75122],[33.88603,-9.75033],[33.88573,-9.74974],[33.88592,-9.74957],[33.88637,-9.74983],[33.88689,-9.74972],[33.88747,-9.75029],[33.88817,-9.74985],[33.88809,-9.74968],[33.88839,-9.74938],[33.88858,-9.74887],[33.88882,-9.74883],[33.88882,-9.74881],[33.88905,-9.7483],[33.89155,-9.74959],[33.89025,-9.7515],[33.88927,-9.75376],[33.8887,-9.75532],[33.8886,-9.75568],[33.88855,-9.75603],[33.88857,-9.75616],[33.88857,-9.75632],[33.88855,-9.75643],[33.88853,-9.75655]]]},"properties":{"id":361316966,"kind":"natural","cat":"beach","name":""}},
{"type":"Feature","geometry":{"type":"Polygon","coordinates":[[[33.88905,-9.7483],[33.89155,-9.74959],[33.8943,-9.74596],[33.89681,-9.74299],[33.9009,-9.73884],[33.9031,-9.73686],[33.90475,-9.73541],[33.90735,-9.7333],[33.91055,-9.73091],[33.91189,-9.72991],[33.91282,-9.72921],[33.91393,-9.72851],[33.91446,-9.7281],[33.91634,-9.72694],[33.91763,-9.72608],[33.91791,-9.72596],[33.9178,-9.72521],[33.91709,-9.72467],[33.91614,-9.72452],[33.91529,-9.72434],[33.91483,-9.72446],[33.91409,-9.72491],[33.91341,-9.72513],[33.91141,-9.72644],[33.91066,-9.7268],[33.90993,-9.72735],[33.90925,-9.72754],[33.90828,-9.72845],[33.90792,-9.72849],[33.90706,-9.72802],[33.90562,-9.72955],[33.90555,-9.73022],[33.90536,-9.73041],[33.9051,-9.73018],[33.90405,-9.73073],[33.90375,-9.73136],[33.90388,-9.73232],[33.90418,-9.73327],[33.90302,-9.73443],[33.90146,-9.73593],[33.90081,-9.73638],[33.89998,-9.73752],[33.90025,-9.73773],[33.89925,-9.73845],[33.89871,-9.73794],[33.89916,-9.73733],[33.8994,-9.73688],[33.9003,-9.73627],[33.90118,-9.7349],[33.90227,-9.73403],[33.90279,-9.73358],[33.90309,-9.73318],[33.90332,-9.73236],[33.90304,-9.73181],[33.90088,-9.73392],[33.89914,-9.73589],[33.89884,-9.73589],[33.89892,-9.73631],[33.8977,-9.73733],[33.8971,-9.73737],[33.89704,-9.73786],[33.89656,-9.73841],[33.89545,-9.73955],[33.8942,-9.74037],[33.89332,-9.74105],[33.89274,-9.74116],[33.89274,-9.74168],[33.89191,-9.74156],[33.89159,-9.74198],[33.8921,-9.7423],[33.89174,-9.74336],[33.89109,-9.74374],[33.89086,-9.7435],[33.8906,-9.74397],[33.89013,-9.74454],[33.88916,-9.74456],[33.88893,-9.745],[33.88957,-9.74564],[33.8891,-9.74668],[33.88888,-9.74549],[33.88852,-9.74587],[33.88828,-9.74663],[33.88792,-9.74737],[33.88796,-9.74797],[33.88766,-9.74835],[33.88729,-9.74845],[33.88738,-9.74904],[33.88723,-9.74932],[33.88753,-9.74957],[33.88903,-9.74803],[33.88905,-9.7483]]]},"properties":{"id":361317258,"kind":"natural","cat":"beach","name":""}},
{"type":"Feature","geometry":{"type":"Polygon","coordinates":[[[35.3375,-15.3879],[35.33763,-15.38776],[35.33776,-15.38788],[35.33764,-15.38801],[35.3375,-15.3879]]]},"properties":{"id":363468223,"kind":"poi","cat":"information","name":"weather station"}},
{"type":"Feature","geometry":{"type":"Polygon","coordinates":[[[35.33937,-15.38882],[35.33949,-15.38869],[35.33952,-15.38866],[35.33941,-15.38858],[35.33931,-15.38869],[35.33928,-15.38866],[35.33923,-15.38871],[35.3392,-15.38868],[35.33908,-15.38879],[35.33912,-15.38884],[35.33915,-15.38881],[35.3392,-15.38887],[35.33931,-15.38877],[35.33937,-15.38882]]]},"properties":{"id":363472182,"kind":"poi","cat":"hostel","name":"kachere hall"}},
{"type":"Feature","geometry":{"type":"Polygon","coordinates":[[[35.3386,-15.38888],[35.33872,-15.38876],[35.33866,-15.38871],[35.3388,-15.38858],[35.33874,-15.38852],[35.33871,-15.38854],[35.33868,-15.38851],[35.33857,-15.38862],[35.33858,-15.38864],[35.33855,-15.38867],[35.33858,-15.3887],[35.3385,-15.38878],[35.33854,-15.38882],[35.33852,-15.38884],[35.33856,-15.38888],[35.33858,-15.38886],[35.3386,-15.38888]]]},"properties":{"id":363472183,"kind":"poi","cat":"hostel","name":"kwacha hall"}},
{"type":"Feature","geometry":{"type":"Polygon","coordinates":[[[33.75946,-13.99916],[33.75953,-13.9992],[33.75952,-13.99921],[33.75957,-13.99925],[33.75967,-13.99912],[33.75955,-13.99904],[33.75946,-13.99916]]]},"properties":{"id":373085680,"kind":"poi","cat":"hostel","name":"Mabuya Camp"}},
{"type":"Feature","geometry":{"type":"Polygon","coordinates":[[[35.51403,-16.02614],[35.51405,-16.02628],[35.51396,-16.02629],[35.51396,-16.02627],[35.51388,-16.02628],[35.51389,-16.02631],[35.51384,-16.02632],[35.51382,-16.02616],[35.51403,-16.02614]]]},"properties":{"id":378970307,"kind":"poi","cat":"guest_house","name":"Madalo Guest House"}},
{"type":"Feature","geometry":{"type":"Polygon","coordinates":[[[34.17882,-10.60969],[34.17967,-10.61113],[34.18079,-10.61064],[34.1798,-10.60915],[34.17882,-10.60969]]]},"properties":{"id":382845034,"kind":"poi","cat":"camp_site","name":"Kings Highway Florence Bay"}},
{"type":"Feature","geometry":{"type":"Polygon","coordinates":[[[33.76007,-13.99959],[33.75962,-13.99966],[33.75924,-13.99973],[33.75914,-13.9997],[33.75905,-13.99921],[33.75937,-13.99888],[33.75958,-13.99867],[33.75988,-13.99877],[33.75996,-13.99887],[33.76007,-13.99959]]]},"properties":{"id":394354072,"kind":"poi","cat":"camp_site","name":""}},
{"type":"Feature","geometry":{"type":"Polygon","coordinates":[[[35.68803,-15.95539],[35.68796,-15.95548],[35.68803,-15.95554],[35.6881,-15.95545],[35.68803,-15.95539]]]},"properties":{"id":405516226,"kind":"poi","cat":"alpine_hut","name":"Madzeka Hut"}},
{"type":"Feature","geometry":{"type":"Polygon","coordinates":[[[33.85857,-11.01665],[33.85926,-11.01643],[33.85945,-11.01684],[33.85871,-11.01713],[33.85857,-11.01665]]]},"properties":{"id":422414226,"kind":"poi","cat":"guest_house","name":"Tukupalisha Lodge and Conferences","operator":"Tukupalisha Lodge and Conferences"}},
{"type":"Feature","geometry":{"type":"Polygon","coordinates":[[[35.27254,-14.47957],[35.27265,-14.47949],[35.2726,-14.47944],[35.27267,-14.47939],[35.27262,-14.47932],[35.27256,-14.47937],[35.27251,-14.47931],[35.2724,-14.47939],[35.27254,-14.47957]]]},"properties":{"id":424924158,"kind":"poi","cat":"motel","name":"Econo Lodge"}},
{"type":"Feature","geometry":{"type":"Polygon","coordinates":[[[34.59427,-13.68498],[34.59448,-13.68502],[34.59449,-13.68497],[34.59455,-13.68497],[34.59455,-13.68495],[34.59548,-13.68512],[34.59544,-13.68533],[34.59464,-13.68518],[34.59463,-13.68523],[34.59447,-13.6852],[34.59447,-13.68521],[34.59423,-13.68517],[34.59425,-13.68507],[34.59427,-13.68498]]]},"properties":{"id":435147272,"kind":"poi","cat":"hotel","name":"Bayview Motel"}},
{"type":"Feature","geometry":{"type":"Polygon","coordinates":[[[34.59677,-13.67861],[34.59677,-13.67881],[34.59677,-13.679],[34.59677,-13.6792],[34.59676,-13.67935],[34.59673,-13.67957],[34.59672,-13.67981],[34.59671,-13.67994],[34.59669,-13.68006],[34.59665,-13.68025],[34.59664,-13.68044],[34.59662,-13.68067],[34.5966,-13.68091],[34.59659,-13.68118],[34.59657,-13.6814],[34.59655,-13.68178],[34.59651,-13.68203],[34.59645,-13.68236],[34.59643,-13.68256],[34.59636,-13.68335],[34.59625,-13.68506],[34.59619,-13.68545],[34.59612,-13.68613],[34.59612,-13.68698],[34.59616,-13.68777],[34.59624,-13.68849],[34.59656,-13.68957],[34.59683,-13.69004],[34.59728,-13.69048],[34.59759,-13.69076],[34.59787,-13.69099],[34.59741,-13.69147],[34.5972,-13.69146],[34.59707,-13.69137],[34.59637,-13.6905],[34.5962,-13.69023],[34.59614,-13.6901],[34.59607,-13.69001],[34.59602,-13.68991],[34.59598,-13.6898],[34.59591,-13.68957],[34.59587,-13.68943],[34.59576,-13.68928],[34.59571,-13.68914],[34.59558,-13.68895],[34.59553,-13.68882],[34.5954,-13.68837],[34.59542,-13.6878],[34.59558,-13.68664],[34.59572,-13.68545],[34.59585,-13.68435],[34.59604,-13.68268],[34.59612,-13.68178],[34.59598,-13.68135],[34.5959,-13.68097],[34.59595,-13.6803],[34.59604,-13.67974],[34.5961,-13.67942],[34.59613,-13.67922],[34.59627,-13.67898],[34.59654,-13.67875],[34.59677,-13.67861]]]},"properties":{"id":435147273,"kind":"natural","cat":"beach","name":""}},
{"type":"Feature","geometry":{"type":"Polygon","coordinates":[[[34.61742,-13.7343],[34.61815,-13.7333],[34.61874,-13.73247],[34.6194,-13.73156],[34.61968,-13.7312],[34.62025,-13.73047],[34.62109,-13.72946],[34.62147,-13.72898],[34.62177,-13.7287],[34.62225,-13.72814],[34.62276,-13.72751],[34.62305,-13.72711],[34.62324,-13.72686],[34.6234,-13.72668],[34.62359,-13.72652],[34.62425,-13.72576],[34.62504,-13.72483],[34.62545,-13.72434],[34.62584,-13.72387],[34.62599,-13.72371],[34.62609,-13.72362],[34.62613,-13.72355],[34.62616,-13.72348],[34.62623,-13.72345],[34.62627,-13.72338],[34.62629,-13.72329],[34.62632,-13.7232],[34.62639,-13.72314],[34.62645,-13.7231],[34.62647,-13.72307],[34.62646,-13.72303],[34.6265,-13.7229],[34.62656,-13.72283],[34.62663,-13.72278],[34.6267,-13.72275],[34.62682,-13.72271],[34.6266,-13.72262],[34.62653,-13.72261],[34.62648,-13.72263],[34.62637,-13.72286],[34.62616,-13.72316],[34.626,-13.72339],[34.62576,-13.72358],[34.62547,-13.72396],[34.62542,-13.72401],[34.62537,-13.724],[34.6252,-13.72396],[34.62511,-13.72393],[34.62505,-13.72395],[34.62499,-13.72402],[34.62498,-13.72408],[34.625,-13.72417],[34.6251,-13.72437],[34.62511,-13.72441],[34.62508,-13.72445],[34.62403,-13.72562],[34.62352,-13.72612],[34.62335,-13.72628],[34.62322,-13.72638],[34.62309,-13.72657],[34.62306,-13.72672],[34.62301,-13.72684],[34.62286,-13.72701],[34.62273,-13.72719],[34.62247,-13.72743],[34.62211,-13.72787],[34.62179,-13.72825],[34.62162,-13.72842],[34.62144,-13.72886],[34.62112,-13.72916],[34.62064,-13.72956],[34.62028,-13.72998],[34.62004,-13.73029],[34.62,-13.73034],[34.61976,-13.73062],[34.61953,-13.73105],[34.61927,-13.73142],[34.61888,-13.7318],[34.61851,-13.73232],[34.61821,-13.73266],[34.61767,-13.73349],[34.61733,-13.73401],[34.61732,-13.73404],[34.61733,-13.73407],[34.61742,-13.7343]]]},"properties":{"id":435308244,"kind":"natural","cat":"beach","name":""}},
{"type":"Feature","geometry":{"type":"Polygon","coordinates":[[[33.78401,-13.97225],[33.78382,-13.97216],[33.78377,-13.97225],[33.78397,-13.97234],[33.78401,-13.97225]]]},"properties":{"id":442847669,"kind":"poi","cat":"zoo","name":"Lilongwe Wildlife Center","website":"https://www.lilongwewildlife.org","wikipedia":"en:Lilongwe Wildlife Centre"}},
{"type":"Feature","geometry":{"type":"Polygon","coordinates":[[[35.54589,-14.54118],[35.54589,-14.54118],[35.54588,-14.54118],[35.54588,-14.54118],[35.54588,-14.54117],[35.54588,-14.54117],[35.54588,-14.54117],[35.54588,-14.54116],[35.54589,-14.54116],[35.54589,-14.54116],[35.5459,-14.54116],[35.5459,-14.54117],[35.5459,-14.54117],[35.5459,-14.54118],[35.5459,-14.54118],[35.5459,-14.54118],[35.54589,-14.54118]]]},"properties":{"id":442885631,"kind":"park","cat":"protected_area","name":"Mangochi Forest Reserve"}},
{"type":"Feature","geometry":{"type":"Polygon","coordinates":[[[33.80893,-13.87509],[33.80911,-13.87523],[33.80904,-13.87532],[33.8089,-13.87522],[33.80893,-13.87519],[33.80888,-13.87516],[33.80893,-13.87509]]]},"properties":{"id":446196314,"kind":"poi","cat":"hostel","name":"Daeyang University Hostel"}},
{"type":"Feature","geometry":{"type":"Polygon","coordinates":[[[33.8083,-13.87445],[33.80824,-13.87453],[33.80844,-13.87468],[33.8085,-13.87461],[33.8083,-13.87445]]]},"properties":{"id":447109071,"kind":"poi","cat":"hostel","name":"Daeyang University Hostel"}},
{"type":"Feature","geometry":{"type":"Polygon","coordinates":[[[34.00248,-9.50611],[34.00295,-9.50693],[34.0046,-9.50595],[34.00409,-9.50517],[34.00248,-9.50611]]]},"properties":{"id":452676758,"kind":"poi","cat":"camp_site","name":"Blue Canoe Safari Camp"}},
{"type":"Feature","geometry":{"type":"Polygon","coordinates":[[[34.61885,-13.73068],[34.61904,-13.73039],[34.61963,-13.7307],[34.61943,-13.73109],[34.61889,-13.73073],[34.61885,-13.73068]]]},"properties":{"id":452684165,"kind":"poi","cat":"camp_site","name":"Cool Runnings"}},
{"type":"Feature","geometry":{"type":"Polygon","coordinates":[[[35.04088,-15.80072],[35.04095,-15.80074],[35.04084,-15.80104],[35.04077,-15.80102],[35.04088,-15.80072]]]},"properties":{"id":452980883,"kind":"poi","cat":"hostel","name":"poly chichi hostel 8","operator":"Malawi University of Business and Applied Sciences"}},
{"type":"Feature","geometry":{"type":"Polygon","coordinates":[[[35.04137,-15.801],[35.04145,-15.80131],[35.04154,-15.80129],[35.04145,-15.80098],[35.04137,-15.801]]]},"properties":{"id":452981396,"kind":"poi","cat":"hostel","name":"poly chichiri hostel 7","operator":"Malawi University of Business and Applied Sciences"}},
{"type":"Feature","geometry":{"type":"Polygon","coordinates":[[[35.0412,-15.80031],[35.04138,-15.80005],[35.04146,-15.8001],[35.04127,-15.80036],[35.0412,-15.80031]]]},"properties":{"id":452981400,"kind":"poi","cat":"hostel","name":"poly chichi hostel 2","operator":"Malawi University of Business and Applied Sciences"}},
{"type":"Feature","geometry":{"type":"Polygon","coordinates":[[[35.04247,-15.79969],[35.0425,-15.79979],[35.04264,-15.79975],[35.04262,-15.79966],[35.04247,-15.79969]]]},"properties":{"id":452981746,"kind":"poi","cat":"hostel","name":"poly chichiri hostel 3","operator":"Malawi University of Business and Applied Sciences"}},
{"type":"Feature","geometry":{"type":"Polygon","coordinates":[[[35.04214,-15.79981],[35.04218,-15.79989],[35.04235,-15.79981],[35.04232,-15.79973],[35.04214,-15.79981]]]},"properties":{"id":452981750,"kind":"poi","cat":"hostel","name":"poly chichiri hostel 4","operator":"Malawi University of Business and Applied Sciences"}},
{"type":"Feature","geometry":{"type":"Polygon","coordinates":[[[35.04186,-15.79959],[35.0419,-15.79963],[35.04167,-15.79985],[35.04163,-15.7998],[35.04186,-15.79959]]]},"properties":{"id":452982015,"kind":"poi","cat":"hostel","name":"Poly chichiri hostel 1","operator":"Malawi University of Business and Applied Sciences"}},
{"type":"Feature","geometry":{"type":"Polygon","coordinates":[[[35.04205,-15.79985],[35.0421,-15.79991],[35.04197,-15.80002],[35.04192,-15.79997],[35.04205,-15.79985]]]},"properties":{"id":452982017,"kind":"poi","cat":"hostel","name":"poly chichiri hostel 5","operator":"Malawi University of Business and Applied Sciences"}},
{"type":"Feature","geometry":{"type":"Polygon","coordinates":[[[35.04184,-15.80001],[35.04191,-15.80007],[35.04178,-15.80017],[35.04171,-15.80012],[35.04184,-15.80001]]]},"properties":{"id":452982018,"kind":"poi","cat":"hostel","name":"poly chichiri hostel 6","operator":"Malawi University of Business and Applied Sciences"}},
{"type":"Feature","geometry":{"type":"Polygon","coordinates":[[[35.05901,-15.80344],[35.05899,-15.80356],[35.0592,-15.80359],[35.05922,-15.80347],[35.05901,-15.80344]]]},"properties":{"id":452993592,"kind":"poi","cat":"motel","name":"Limbe Guest House Lodge"}},
{"type":"Feature","geometry":{"type":"Polygon","coordinates":[[[34.9993,-15.79584],[34.99934,-15.79584],[34.99934,-15.79587],[34.99935,-15.79587],[34.99935,-15.7959],[34.99945,-15.7959],[34.99945,-15.79591],[34.99947,-15.79591],[34.99947,-15.79595],[34.99944,-15.79595],[34.99944,-15.79604],[34.99952,-15.79604],[34.99952,-15.79614],[34.99931,-15.79613],[34.99931,-15.79621],[34.99909,-15.79621],[34.9991,-15.79615],[34.99917,-15.79615],[34.99917,-15.79609],[34.99921,-15.79609],[34.99922,-15.79593],[34.99926,-15.79593],[34.99926,-15.79589],[34.9993,-15.7959],[34.9993,-15.79584]]]},"properties":{"id":453182463,"kind":"poi","cat":"motel","name":"Econo Lodge"}},
{"type":"Feature","geometry":{"type":"Polygon","coordinates":[[[33.81125,-14.07277],[33.81187,-14.0729],[33.81232,-14.07309],[33.81258,-14.07207],[33.81219,-14.07184],[33.81204,-14.07223],[33.81185,-14.07221],[33.81136,-14.07223],[33.81125,-14.07277]]]},"properties":{"id":454710455,"kind":"poi","cat":"hotel","name":""}},
{"type":"Feature","geometry":{"type":"Polygon","coordinates":[[[33.59087,-10.83493],[33.59084,-10.83488],[33.5908,-10.83492],[33.59083,-10.83496],[33.59087,-10.83493]]]},"properties":{"id":455957900,"kind":"poi","cat":"information","name":"National Park Gate"}},
{"type":"Feature","geometry":{"type":"Polygon","coordinates":[[[35.3255,-15.37236],[35.32551,-15.37242],[35.32552,-15.37245],[35.32522,-15.37251],[35.3252,-15.37242],[35.3255,-15.37236]]]},"properties":{"id":457112948,"kind":"poi","cat":"hotel","name":""}},
{"type":"Feature","geometry":{"type":"Polygon","coordinates":[[[35.04999,-15.82948],[35.05013,-15.82948],[35.05013,-15.82969],[35.05009,-15.82969],[35.05009,-15.8297],[35.05011,-15.8297],[35.05011,-15.82976],[35.05009,-15.82976],[35.05009,-15.8298],[35.04998,-15.8298],[35.04998,-15.82973],[35.05,-15.82973],[35.05,-15.82969],[35.04997,-15.82969],[35.04997,-15.82959],[35.04999,-15.82959],[35.04999,-15.82948]]]},"properties":{"id":457318280,"kind":"poi","cat":"guest_house","name":"Anna's Lodge"}},
{"type":"Feature","geometry":{"type":"Polygon","coordinates":[[[34.98826,-15.71697],[34.98858,-15.71679],[34.98868,-15.71687],[34.98835,-15.71709],[34.98826,-15.71697]]]},"properties":{"id":469133424,"kind":"poi","cat":"camp_site","name":""}},
{"type":"Feature","geometry":{"type":"Polygon","coordinates":[[[33.67142,-14.00191],[33.67152,-14.00245],[33.67183,-14.0024],[33.67193,-14.00265],[33.67303,-14.00249],[33.67285,-14.00163],[33.67152,-14.00183],[33.67142,-14.00191]]]},"properties":{"id":469641125,"kind":"poi","cat":"hotel","name":"Bare Foot Camp"}},
{"type":"Feature","geometry":{"type":"Polygon","coordinates":[[[35.23331,-14.41885],[35.23334,-14.41881],[35.23339,-14.41878],[35.23346,-14.41878],[35.23352,-14.41877],[35.23354,-14.41876],[35.23355,-14.41873],[35.23338,-14.4186],[35.23331,-14.41855],[35.23326,-14.41848],[35.23318,-14.41837],[35.23313,-14.41832],[35.233,-14.41824],[35.23292,-14.41819],[35.23286,-14.41819],[35.23284,-14.4182],[35.23283,-14.41821],[35.23282,-14.41822],[35.23283,-14.41825],[35.23284,-14.41827],[35.23286,-14.41831],[35.23288,-14.41833],[35.23293,-14.41842],[35.23294,-14.41845],[35.23294,-14.4185],[35.23294,-14.41852],[35.23297,-14.41855],[35.233,-14.41859],[35.23303,-14.41862],[35.23305,-14.41866],[35.23306,-14.41869],[35.23309,-14.41873],[35.2331,-14.41876],[35.23312,-14.4188],[35.23314,-14.41883],[35.23316,-14.41885],[35.23322,-14.41887],[35.23326,-14.41887],[35.23331,-14.41885]]]},"properties":{"id":479767053,"kind":"natural","cat":"beach","name":""}},
{"type":"Feature","geometry":{"type":"Polygon","coordinates":[[[35.08024,-16.08145],[35.0805,-16.08151],[35.08056,-16.08128],[35.0803,-16.08122],[35.08024,-16.08145]]]},"properties":{"id":494750101,"kind":"poi","cat":"hotel","name":"Huntingdon House","operator":"Satemwa Tea Estate"}},
{"type":"Feature","geometry":{"type":"Polygon","coordinates":[[[35.27052,-16.29666],[35.27046,-16.29661],[35.2705,-16.29657],[35.27055,-16.29662],[35.27052,-16.29666]]]},"properties":{"id":527776625,"kind":"poi","cat":"attraction","name":""}},
{"type":"Feature","geometry":{"type":"Polygon","coordinates":[[[34.84074,-14.02463],[34.8408,-14.02468],[34.84062,-14.02486],[34.84056,-14.02481],[34.84074,-14.02463]]]},"properties":{"id":528566816,"kind":"poi","cat":"hotel","name":""}},
{"type":"Feature","geometry":{"type":"Polygon","coordinates":[[[35.26993,-14.47982],[35.27058,-14.47943],[35.27093,-14.47984],[35.27097,-14.47991],[35.27053,-14.4802],[35.27029,-14.48028],[35.26986,-14.47986],[35.26993,-14.47982]]]},"properties":{"id":528813865,"kind":"poi","cat":"motel","name":"Wapansi Lodge"}},
{"type":"Feature","geometry":{"type":"Polygon","coordinates":[[[34.6544,-15.3926],[34.65443,-15.39229],[34.65465,-15.39232],[34.65461,-15.39263],[34.6544,-15.3926]]]},"properties":{"id":533553551,"kind":"poi","cat":"guest_house","name":""}},
{"type":"Feature","geometry":{"type":"Polygon","coordinates":[[[33.95254,-9.59432],[33.95273,-9.59397],[33.95279,-9.59368],[33.95282,-9.59351],[33.95285,-9.59327],[33.95287,-9.59315],[33.95291,-9.59289],[33.95328,-9.59302],[33.95327,-9.59322],[33.95327,-9.59337],[33.95336,-9.5934],[33.95338,-9.5932],[33.9534,-9.59305],[33.95362,-9.59309],[33.95361,-9.59326],[33.95358,-9.59339],[33.95354,-9.59353],[33.95352,-9.59364],[33.95349,-9.59383],[33.9534,-9.59402],[33.95336,-9.59413],[33.95329,-9.59427],[33.95322,-9.59447],[33.95319,-9.5946],[33.95318,-9.59472],[33.95279,-9.59462],[33.95274,-9.59445],[33.95267,-9.59439],[33.9526,-9.59435],[33.95254,-9.59432]]]},"properties":{"id":541606046,"kind":"natural","cat":"beach","name":""}},
{"type":"Feature","geometry":{"type":"Polygon","coordinates":[[[35.26597,-15.36706],[35.26617,-15.36717],[35.26629,-15.36697],[35.26609,-15.36686],[35.26597,-15.36706]]]},"properties":{"id":556072897,"kind":"poi","cat":"guest_house","name":"Zomba Forest Lodge"}},
{"type":"Feature","geometry":{"type":"Polygon","coordinates":[[[35.28635,-15.44162],[35.28647,-15.4416],[35.28641,-15.44153],[35.28636,-15.4415],[35.28631,-15.44147],[35.28627,-15.44147],[35.28623,-15.44148],[35.28618,-15.44148],[35.28592,-15.44146],[35.28579,-15.4415],[35.28547,-15.44148],[35.28537,-15.44207],[35.28574,-15.44209],[35.28594,-15.442],[35.28607,-15.44191],[35.28628,-15.44168],[35.28635,-15.44162]]]},"properties":{"id":557788598,"kind":"poi","cat":"hotel","name":"Hill Springs Lodge"}},
{"type":"Feature","geometry":{"type":"Polygon","coordinates":[[[35.30339,-15.36458],[35.30471,-15.36539],[35.30524,-15.36556],[35.30577,-15.36538],[35.30595,-15.36469],[35.30581,-15.36369],[35.30525,-15.3632],[35.30453,-15.36332],[35.30388,-15.36387],[35.30339,-15.36458]]]},"properties":{"id":557794459,"kind":"poi","cat":"hotel","name":"Sunbird Ku Chawe"}},
{"type":"Feature","geometry":{"type":"Polygon","coordinates":[[[35.31331,-14.84485],[35.30959,-14.84454],[35.30893,-14.84457],[35.30636,-14.84512],[35.30474,-14.84548],[35.30349,-14.84622],[35.30266,-14.84667],[35.30243,-14.8469],[35.30171,-14.84854],[35.30153,-14.84924],[35.30141,-14.84949],[35.30099,-14.85003],[35.30097,-14.85016],[35.30211,-14.85426],[35.30167,-14.85512],[35.30177,-14.85542],[35.30295,-14.85672],[35.30362,-14.85695],[35.3038,-14.85712],[35.30406,-14.85774],[35.3041,-14.85789],[35.30413,-14.85809],[35.3038,-14.8587],[35.3038,-14.85884],[35.30402,-14.85955],[35.30458,-14.8616],[35.30468,-14.8618],[35.30507,-14.86241],[35.30802,-14.86696],[35.30912,-14.86857],[35.30995,-14.86983],[35.31008,-14.87003],[35.31131,-14.872],[35.31213,-14.8732],[35.31361,-14.87549],[35.3146,-14.87699],[35.31548,-14.87905],[35.31643,-14.88143],[35.31963,-14.88274],[35.32861,-14.88602],[35.32995,-14.88644],[35.33309,-14.88763],[35.33577,-14.88866],[35.33736,-14.88932],[35.34008,-14.89047],[35.34487,-14.89218],[35.34733,-14.89332],[35.34863,-14.89363],[35.35025,-14.89334],[35.35358,-14.8913],[35.35643,-14.88903],[35.35944,-14.88674],[35.36536,-14.88295],[35.36751,-14.88075],[35.36988,-14.87905],[35.36982,-14.87628],[35.36957,-14.87389],[35.36997,-14.87054],[35.37028,-14.86595],[35.37034,-14.8651],[35.37008,-14.86434],[35.36946,-14.86196],[35.36943,-14.85976],[35.37002,-14.85697],[35.37087,-14.85524],[35.3715,-14.85379],[35.37196,-14.85212],[35.37209,-14.8499],[35.37211,-14.8494],[35.37206,-14.84903],[35.37197,-14.84842],[35.37172,-14.8476],[35.37078,-14.84436],[35.36935,-14.83985],[35.36963,-14.83874],[35.3649,-14.83405],[35.36408,-14.83339],[35.36177,-14.83201],[35.35999,-14.83008],[35.35532,-14.82762],[35.34975,-14.82457],[35.34257,-14.82066],[35.3424,-14.82012],[35.34176,-14.81925],[35.33703,-14.81556],[35.33193,-14.82017],[35.32723,-14.82635],[35.31331,-14.84485]]]},"properties":{"id":572131081,"kind":"park","cat":"protected_area","name":"Rhino Sanctuary","operator":"African Parks Network"}},
{"type":"Feature","geometry":{"type":"Polygon","coordinates":[[[33.53117,-9.66826],[33.53114,-9.66821],[33.53114,-9.66822],[33.53109,-9.66812],[33.531,-9.66816],[33.53104,-9.66826],[33.53103,-9.66826],[33.53106,-9.66831],[33.53117,-9.66826]]]},"properties":{"id":582699341,"kind":"poi","cat":"guest_house","name":"Coffee Co-op Guesthouse","operator":"Misuku Coffee Cooperative"}},
{"type":"Feature","geometry":{"type":"Polygon","coordinates":[[[33.5193,-9.67981],[33.51938,-9.67981],[33.51937,-9.67975],[33.5193,-9.67975],[33.5193,-9.67981]]]},"properties":{"id":616158946,"kind":"poi","cat":"guest_house","name":""}},
{"type":"Feature","geometry":{"type":"Polygon","coordinates":[[[33.52931,-9.64877],[33.5288,-9.64857],[33.52858,-9.64867],[33.52817,-9.64856],[33.52809,-9.64873],[33.52789,-9.64876],[33.52734,-9.64884],[33.52732,-9.64889],[33.52718,-9.64926],[33.52741,-9.64948],[33.52778,-9.6492],[33.52791,-9.64911],[33.52808,-9.64903],[33.52815,-9.64906],[33.52852,-9.64897],[33.5286,-9.64887],[33.52895,-9.64888],[33.52931,-9.64877]]]},"properties":{"id":623285149,"kind":"poi","cat":"camp_site","name":""}},
{"type":"Feature","geometry":{"type":"Polygon","coordinates":[[[33.54094,-9.63712],[33.54146,-9.63682],[33.54174,-9.63626],[33.54115,-9.63589],[33.54104,-9.63626],[33.54112,-9.63649],[33.54079,-9.63708],[33.54094,-9.63712]]]},"properties":{"id":623285150,"kind":"poi","cat":"camp_site","name":""}},
{"type":"Feature","geometry":{"type":"Polygon","coordinates":[[[35.48436,-15.99671],[35.48452,-15.9966],[35.48481,-15.99704],[35.48466,-15.99714],[35.48436,-15.99671]]]},"properties":{"id":626147562,"kind":"poi","cat":"motel","name":"Econo Lodge"}},
{"type":"Feature","geometry":{"type":"Polygon","coordinates":[[[34.92831,-14.08341],[34.92872,-14.08331],[34.92877,-14.08342],[34.92863,-14.08345],[34.92864,-14.08348],[34.92877,-14.08354],[34.92875,-14.08363],[34.92855,-14.08354],[34.92853,-14.08358],[34.92846,-14.08358],[34.92846,-14.08352],[34.92836,-14.08355],[34.92831,-14.08341]]]},"properties":{"id":629865672,"kind":"poi","cat":"motel","name":"Lodge"}},
{"type":"Feature","geometry":{"type":"Polygon","coordinates":[[[34.50685,-15.58837],[34.50723,-15.58872],[34.50713,-15.58881],[34.50704,-15.5889],[34.50714,-15.58899],[34.50709,-15.58904],[34.50714,-15.58909],[34.50744,-15.5888],[34.50741,-15.58877],[34.50759,-15.58858],[34.50749,-15.58849],[34.50745,-15.58853],[34.50731,-15.58841],[34.50739,-15.58833],[34.50743,-15.58829],[34.50731,-15.58819],[34.50727,-15.58824],[34.50731,-15.58828],[34.50727,-15.58833],[34.50717,-15.58825],[34.50731,-15.5881],[34.50722,-15.58802],[34.5071,-15.58816],[34.50707,-15.58814],[34.50693,-15.58829],[34.50685,-15.58837]]]},"properties":{"id":631568896,"kind":"poi","cat":"hotel","name":"Mwanza Hotel"}},
{"type":"Feature","geometry":{"type":"Polygon","coordinates":[[[34.5072,-14.28122],[34.50718,-14.28121],[34.50717,-14.2812],[34.50715,-14.2812],[34.50713,-14.2812],[34.50712,-14.28121],[34.50711,-14.28122],[34.5071,-14.28124],[34.5071,-14.28125],[34.5071,-14.28127],[34.50711,-14.28128],[34.50713,-14.28129],[34.50714,-14.2813],[34.50716,-14.2813],[34.50718,-14.28129],[34.50719,-14.28128],[34.5072,-14.28127],[34.50721,-14.28125],[34.5072,-14.28123],[34.5072,-14.28122]]]},"properties":{"id":635294904,"kind":"poi","cat":"motel","name":"Artful  decorated Mua Mission Lodge"}},
{"type":"Feature","geometry":{"type":"Polygon","coordinates":[[[34.50731,-14.28102],[34.5073,-14.281],[34.50728,-14.281],[34.50726,-14.28099],[34.50724,-14.281],[34.50722,-14.28101],[34.50721,-14.28103],[34.50721,-14.28104],[34.50721,-14.28106],[34.50721,-14.28108],[34.50722,-14.2811],[34.50724,-14.28111],[34.50726,-14.28111],[34.50728,-14.28111],[34.5073,-14.2811],[34.50731,-14.28109],[34.50732,-14.28107],[34.50733,-14.28105],[34.50732,-14.28103],[34.50731,-14.28102]]]},"properties":{"id":635294905,"kind":"poi","cat":"motel","name":"Artful  decorated Mua Mission Lodge"}},
{"type":"Feature","geometry":{"type":"Polygon","coordinates":[[[34.50747,-14.2809],[34.50746,-14.28089],[34.50744,-14.28088],[34.50743,-14.28088],[34.50741,-14.28088],[34.50739,-14.28089],[34.50738,-14.2809],[34.50737,-14.28092],[34.50736,-14.28094],[34.50737,-14.28096],[34.50738,-14.28098],[34.5074,-14.28099],[34.50742,-14.28099],[34.50744,-14.28099],[34.50746,-14.28099],[34.50747,-14.28097],[34.50748,-14.28096],[34.50748,-14.28094],[34.50748,-14.28092],[34.50747,-14.2809]]]},"properties":{"id":635294906,"kind":"poi","cat":"motel","name":"Artful  decorated Mua Mission Lodge"}},
{"type":"Feature","geometry":{"type":"Polygon","coordinates":[[[34.50727,-14.28084],[34.50726,-14.28083],[34.50724,-14.28083],[34.50722,-14.28084],[34.50721,-14.28085],[34.5072,-14.28086],[34.50719,-14.28088],[34.50719,-14.2809],[34.50719,-14.28091],[34.50721,-14.28093],[34.50722,-14.28094],[34.50724,-14.28094],[34.50726,-14.28094],[34.50728,-14.28093],[34.50729,-14.28092],[34.5073,-14.2809],[34.5073,-14.28088],[34.5073,-14.28087],[34.50729,-14.28085],[34.50727,-14.28084]]]},"properties":{"id":635294907,"kind":"poi","cat":"motel","name":"Artful  decorated Mua Mission Lodge"}},
{"type":"Feature","geometry":{"type":"Polygon","coordinates":[[[33.76342,-13.96736],[33.76356,-13.96743],[33.76352,-13.96751],[33.76357,-13.96754],[33.76353,-13.96762],[33.76337,-13.96756],[33.76339,-13.96753],[33.76335,-13.96752],[33.76339,-13.96744],[33.76344,-13.96746],[33.76345,-13.96744],[33.7634,-13.96742],[33.76342,-13.96736]]]},"properties":{"id":642068123,"kind":"poi","cat":"guest_house","name":""}},
{"type":"Feature","geometry":{"type":"Polygon","coordinates":[[[34.00725,-10.07157],[34.00652,-10.07155],[34.00565,-10.07294],[34.00466,-10.07462],[34.00417,-10.0758],[34.00379,-10.0768],[34.00337,-10.07841],[34.00345,-10.07987],[34.00406,-10.08074],[34.00443,-10.08175],[34.00443,-10.08342],[34.00466,-10.0847],[34.00497,-10.08579],[34.00473,-10.08761],[34.00378,-10.0901],[34.00244,-10.09427],[34.0016,-10.09754],[34.00105,-10.09916],[34.00073,-10.1026],[34.00065,-10.10433],[34.00126,-10.10577],[34.00326,-10.10796],[34.00366,-10.10751],[34.00349,-10.10723],[34.00336,-10.10715],[34.00325,-10.10709],[34.0031,-10.10701],[34.00302,-10.10694],[34.00293,-10.10682],[34.00276,-10.10652],[34.00256,-10.10601],[34.00236,-10.10545],[34.00198,-10.10443],[34.00178,-10.10359],[34.00163,-10.10275],[34.00157,-10.10234],[34.00158,-10.1014],[34.00162,-10.10043],[34.00161,-10.10001],[34.00165,-10.09936],[34.00171,-10.09873],[34.00182,-10.09816],[34.00195,-10.09765],[34.002,-10.09739],[34.00206,-10.09691],[34.00216,-10.09644],[34.00223,-10.09622],[34.00238,-10.09581],[34.00255,-10.09528],[34.003,-10.09387],[34.00327,-10.09321],[34.0034,-10.09283],[34.00349,-10.09256],[34.00379,-10.0919],[34.00412,-10.09106],[34.00432,-10.09064],[34.00445,-10.09033],[34.00451,-10.09012],[34.0045,-10.08987],[34.00451,-10.08959],[34.00454,-10.08939],[34.00469,-10.08904],[34.00492,-10.08863],[34.00504,-10.08851],[34.00511,-10.08843],[34.00514,-10.08834],[34.00514,-10.08816],[34.00517,-10.08801],[34.00524,-10.08791],[34.00535,-10.08773],[34.00536,-10.08765],[34.00531,-10.08756],[34.00524,-10.08743],[34.00524,-10.08723],[34.0053,-10.08676],[34.00538,-10.08651],[34.00542,-10.0864],[34.00541,-10.08632],[34.00537,-10.08615],[34.00539,-10.08589],[34.00548,-10.08552],[34.00557,-10.08527],[34.00569,-10.08514],[34.00567,-10.08502],[34.00561,-10.08495],[34.00543,-10.08488],[34.00528,-10.08481],[34.00523,-10.08481],[34.00514,-10.08477],[34.0051,-10.08472],[34.00507,-10.08463],[34.00501,-10.08447],[34.00496,-10.08433],[34.00493,-10.0841],[34.0049,-10.08391],[34.00485,-10.08384],[34.00478,-10.08378],[34.00472,-10.0837],[34.0047,-10.08358],[34.00469,-10.08341],[34.00471,-10.08332],[34.00475,-10.08327],[34.0048,-10.08322],[34.00481,-10.08317],[34.00479,-10.0831],[34.00477,-10.08301],[34.00476,-10.08287],[34.00478,-10.08262],[34.00483,-10.08237],[34.00491,-10.08205],[34.00497,-10.08182],[34.00506,-10.08116],[34.00503,-10.08079],[34.00502,-10.08075],[34.00498,-10.08071],[34.00485,-10.08061],[34.00474,-10.08047],[34.00465,-10.08035],[34.0046,-10.08031],[34.00454,-10.08026],[34.0045,-10.08017],[34.00446,-10.08001],[34.00439,-10.07996],[34.00428,-10.07993],[34.00415,-10.07992],[34.00408,-10.07991],[34.00403,-10.07987],[34.00393,-10.07969],[34.00388,-10.07946],[34.00387,-10.07917],[34.00395,-10.07852],[34.00402,-10.07829],[34.00413,-10.07802],[34.00423,-10.07781],[34.00426,-10.07757],[34.00429,-10.07731],[34.00436,-10.07702],[34.00459,-10.07639],[34.00472,-10.076],[34.00499,-10.0754],[34.00538,-10.07461],[34.0062,-10.07326],[34.00688,-10.07214],[34.00725,-10.07157]]]},"properties":{"id":650059629,"kind":"natural","cat":"beach","name":""}},
{"type":"Feature","geometry":{"type":"Polygon","coordinates":[[[34.00649,-10.11146],[34.00631,-10.11196],[34.00728,-10.11312],[34.00876,-10.11533],[34.00929,-10.1165],[34.0101,-10.11717],[34.01058,-10.1174],[34.01061,-10.11733],[34.01061,-10.11727],[34.01055,-10.11719],[34.0105,-10.11708],[34.01051,-10.11695],[34.01051,-10.11687],[34.01047,-10.1168],[34.01043,-10.11671],[34.0104,-10.1166],[34.01038,-10.11652],[34.01029,-10.11644],[34.01024,-10.11638],[34.01023,-10.11627],[34.01021,-10.11598],[34.01021,-10.11562],[34.01016,-10.11547],[34.01007,-10.11528],[34.01002,-10.11525],[34.00995,-10.11524],[34.00975,-10.11521],[34.00963,-10.11516],[34.00957,-10.11509],[34.00948,-10.11493],[34.00932,-10.11465],[34.00921,-10.11414],[34.00904,-10.11357],[34.009,-10.11334],[34.00897,-10.11332],[34.0089,-10.11331],[34.00884,-10.11326],[34.0088,-10.11322],[34.00875,-10.11309],[34.00868,-10.11307],[34.00862,-10.11307],[34.00855,-10.11307],[34.0085,-10.11304],[34.00842,-10.11296],[34.00834,-10.11286],[34.00824,-10.11283],[34.00816,-10.11283],[34.00804,-10.11283],[34.00795,-10.11281],[34.00786,-10.11274],[34.00773,-10.11263],[34.00764,-10.1126],[34.00756,-10.1126],[34.00744,-10.11255],[34.00728,-10.11246],[34.00711,-10.11228],[34.00692,-10.11204],[34.00672,-10.11184],[34.00664,-10.11174],[34.00649,-10.11146]]]},"properties":{"id":650059694,"kind":"natural","cat":"beach","name":""}},
{"type":"Feature","geometry":{"type":"Polygon","coordinates":[[[34.02878,-10.13107],[34.02899,-10.13064],[34.02907,-10.13022],[34.02908,-10.1301],[34.02909,-10.12998],[34.02899,-10.12999],[34.02883,-10.13004],[34.02868,-10.1301],[34.02857,-10.13015],[34.02843,-10.13016],[34.02829,-10.13013],[34.02817,-10.13007],[34.02809,-10.12997],[34.02789,-10.12971],[34.02777,-10.12956],[34.02771,-10.12951],[34.02757,-10.12943],[34.02737,-10.12935],[34.02715,-10.1293],[34.02695,-10.12927],[34.02686,-10.12923],[34.02678,-10.12915],[34.02665,-10.12902],[34.02645,-10.12887],[34.02614,-10.12858],[34.02605,-10.12852],[34.02594,-10.1285],[34.02569,-10.12847],[34.02554,-10.12847],[34.02543,-10.12845],[34.02528,-10.12836],[34.02512,-10.12817],[34.02488,-10.12791],[34.02473,-10.12768],[34.02453,-10.12737],[34.02428,-10.127],[34.02397,-10.1267],[34.02378,-10.12662],[34.02354,-10.12656],[34.02333,-10.12652],[34.02311,-10.12637],[34.02251,-10.12734],[34.02249,-10.12752],[34.02253,-10.12765],[34.02336,-10.12817],[34.02408,-10.12858],[34.02592,-10.12931],[34.02674,-10.12966],[34.02845,-10.13111],[34.02863,-10.13113],[34.02878,-10.13107]]]},"properties":{"id":650061524,"kind":"natural","cat":"beach","name":""}},
{"type":"Feature","geometry":{"type":"Polygon","coordinates":[[[34.26281,-10.44464],[34.26292,-10.44464],[34.2629,-10.44432],[34.26286,-10.44426],[34.26282,-10.44425],[34.26068,-10.44445],[34.25844,-10.44462],[34.25705,-10.44496],[34.25693,-10.44497],[34.25684,-10.44495],[34.25654,-10.44467],[34.25643,-10.44463],[34.25632,-10.44462],[34.25225,-10.44575],[34.24843,-10.44716],[34.24401,-10.44912],[34.24029,-10.45069],[34.23955,-10.45118],[34.23721,-10.45274],[34.23703,-10.45284],[34.23318,-10.45491],[34.22881,-10.45793],[34.22451,-10.46078],[34.22243,-10.46237],[34.22191,-10.46288],[34.22007,-10.46476],[34.21947,-10.46538],[34.21884,-10.46603],[34.21516,-10.46977],[34.21264,-10.47306],[34.21125,-10.47498],[34.21118,-10.4751],[34.21112,-10.47528],[34.2102,-10.47821],[34.20858,-10.48343],[34.20836,-10.48394],[34.20695,-10.48623],[34.2068,-10.48651],[34.2067,-10.4869],[34.20651,-10.48885],[34.20652,-10.4891],[34.20665,-10.48938],[34.21035,-10.49367],[34.21014,-10.49333],[34.21002,-10.49318],[34.20988,-10.493],[34.20972,-10.49282],[34.20947,-10.49255],[34.20934,-10.49239],[34.20925,-10.49223],[34.20919,-10.49215],[34.20907,-10.49201],[34.20894,-10.49197],[34.20889,-10.49192],[34.20885,-10.49183],[34.20879,-10.49174],[34.20872,-10.49165],[34.20868,-10.49155],[34.20862,-10.49131],[34.20855,-10.49107],[34.20848,-10.49088],[34.20842,-10.49076],[34.20834,-10.49067],[34.20822,-10.49048],[34.20815,-10.49025],[34.2081,-10.4901],[34.20804,-10.48998],[34.208,-10.48982],[34.208,-10.48968],[34.20799,-10.48953],[34.208,-10.48914],[34.20803,-10.48885],[34.20809,-10.48823],[34.2081,-10.488],[34.20811,-10.48778],[34.20814,-10.48759],[34.2082,-10.48736],[34.20833,-10.48699],[34.20842,-10.4866],[34.20854,-10.48627],[34.20867,-10.48596],[34.20879,-10.4857],[34.20895,-10.48534],[34.20911,-10.48495],[34.20922,-10.48471],[34.2093,-10.48444],[34.20947,-10.48411],[34.20968,-10.48379],[34.20989,-10.48347],[34.21002,-10.48331],[34.21009,-10.48317],[34.21019,-10.48299],[34.21039,-10.4827],[34.21047,-10.4826],[34.21055,-10.48248],[34.21066,-10.48229],[34.21081,-10.48211],[34.2111,-10.48176],[34.21137,-10.48135],[34.21153,-10.48108],[34.21169,-10.48093],[34.21176,-10.48058],[34.21184,-10.48017],[34.21187,-10.47987],[34.21185,-10.47952],[34.21181,-10.47936],[34.21175,-10.47913],[34.2117,-10.47889],[34.21169,-10.47854],[34.21168,-10.47827],[34.21171,-10.478],[34.21174,-10.4778],[34.21172,-10.47771],[34.21172,-10.4776],[34.21171,-10.47746],[34.21168,-10.47736],[34.21162,-10.47723],[34.21161,-10.4771],[34.21164,-10.47695],[34.21172,-10.47677],[34.21189,-10.4763],[34.21213,-10.47584],[34.21226,-10.47563],[34.2124,-10.47542],[34.21253,-10.47521],[34.21265,-10.4749],[34.21274,-10.47476],[34.21294,-10.4744],[34.21308,-10.47418],[34.2132,-10.4739],[34.21334,-10.47366],[34.2135,-10.47341],[34.21371,-10.47316],[34.21387,-10.47296],[34.21397,-10.47282],[34.21417,-10.47258],[34.21425,-10.47244],[34.21444,-10.47225],[34.2145,-10.47213],[34.2146,-10.47199],[34.21501,-10.47147],[34.21532,-10.47116],[34.21542,-10.47105],[34.21549,-10.47097],[34.21563,-10.47082],[34.21572,-10.47074],[34.21576,-10.47071],[34.2158,-10.47068],[34.21586,-10.47066],[34.21587,-10.47065],[34.21587,-10.47063],[34.21586,-10.4706],[34.21582,-10.47055],[34.21581,-10.47048],[34.21584,-10.4704],[34.21589,-10.47033],[34.21596,-10.47026],[34.21613,-10.47007],[34.21638,-10.4698],[34.21652,-10.46967],[34.21662,-10.46958],[34.21671,-10.46949],[34.21679,-10.46936],[34.2169,-10.46924],[34.217,-10.46913],[34.21707,-10.46903],[34.21714,-10.46894],[34.21728,-10.46878],[34.2174,-10.46865],[34.21748,-10.46855],[34.21755,-10.4685],[34.21763,-10.46844],[34.21768,-10.46839],[34.21772,-10.46835],[34.21779,-10.46824],[34.21783,-10.46817],[34.2179,-10.46806],[34.21807,-10.46786],[34.21832,-10.46757],[34.21845,-10.46741],[34.21864,-10.4672],[34.21897,-10.46691],[34.21917,-10.46675],[34.2193,-10.46663],[34.21941,-10.46651],[34.21954,-10.46637],[34.21981,-10.46609],[34.22008,-10.46581],[34.22039,-10.46549],[34.22055,-10.46531],[34.22064,-10.46524],[34.2207,-10.46519],[34.22088,-10.46501],[34.22105,-10.46481],[34.22121,-10.46463],[34.22145,-10.46438],[34.22159,-10.46423],[34.2217,-10.46411],[34.2218,-10.46401],[34.2219,-10.46392],[34.22197,-10.46386],[34.22208,-10.46381],[34.22217,-10.46372],[34.22231,-10.46358],[34.22238,-10.46352],[34.22243,-10.46348],[34.22261,-10.46329],[34.22267,-10.46323],[34.22272,-10.46316],[34.22281,-10.46307],[34.22287,-10.46304],[34.223,-10.46289],[34.22317,-10.46273],[34.22331,-10.4626],[34.22342,-10.46251],[34.22351,-10.46245],[34.2236,-10.46238],[34.22366,-10.46232],[34.2238,-10.46219],[34.22389,-10.4621],[34.22401,-10.462],[34.22412,-10.46193],[34.22425,-10.46184],[34.22438,-10.46175],[34.22445,-10.46169],[34.22451,-10.46162],[34.2246,-10.46152],[34.225,-10.46111],[34.22526,-10.46091],[34.22535,-10.46084],[34.22541,-10.46078],[34.22547,-10.46072],[34.22558,-10.46065],[34.22564,-10.46062],[34.22569,-10.46058],[34.2258,-10.46048],[34.22597,-10.46032],[34.22606,-10.46024],[34.22613,-10.46019],[34.22623,-10.46012],[34.22642,-10.46],[34.22658,-10.45989],[34.22668,-10.45983],[34.22703,-10.45958],[34.22738,-10.45933],[34.2276,-10.45916],[34.22802,-10.45888],[34.22813,-10.45879],[34.22827,-10.45869],[34.22842,-10.45859],[34.22855,-10.45853],[34.22882,-10.45836],[34.22893,-10.45829],[34.22904,-10.45821],[34.22927,-10.45804],[34.22945,-10.45791],[34.2296,-10.45781],[34.22971,-10.45772],[34.22981,-10.45766],[34.22995,-10.45756],[34.23018,-10.45742],[34.23037,-10.45731],[34.23053,-10.45722],[34.23073,-10.45711],[34.23084,-10.45702],[34.23123,-10.45677],[34.23167,-10.45649],[34.23196,-10.45633],[34.23217,-10.45622],[34.23238,-10.45609],[34.23252,-10.45601],[34.23261,-10.45594],[34.23275,-10.45586],[34.23295,-10.45574],[34.23359,-10.45537],[34.23395,-10.45516],[34.23458,-10.45483],[34.2349,-10.45464],[34.23503,-10.45455],[34.23517,-10.45445],[34.23536,-10.45435],[34.23552,-10.45426],[34.23566,-10.4542],[34.23577,-10.45416],[34.2359,-10.45411],[34.23605,-10.45404],[34.23626,-10.45395],[34.23656,-10.45378],[34.23702,-10.45352],[34.23742,-10.45328],[34.23761,-10.45318],[34.23784,-10.45308],[34.23807,-10.45299],[34.23815,-10.45296],[34.23839,-10.45284],[34.23861,-10.45271],[34.23906,-10.45248],[34.23942,-10.45229],[34.23979,-10.45214],[34.24,-10.45204],[34.24016,-10.45198],[34.24039,-10.45185],[34.24056,-10.45176],[34.2407,-10.45171],[34.24088,-10.45165],[34.24115,-10.45151],[34.24132,-10.45142],[34.24144,-10.45134],[34.2417,-10.45123],[34.24196,-10.45112],[34.24206,-10.45109],[34.24226,-10.45102],[34.24244,-10.45095],[34.2426,-10.45087],[34.24271,-10.4508],[34.24289,-10.45073],[34.24336,-10.45054],[34.24365,-10.45042],[34.24396,-10.45029],[34.24434,-10.45013],[34.24464,-10.44999],[34.24481,-10.44992],[34.24525,-10.44975],[34.24579,-10.44953],[34.24635,-10.44931],[34.24711,-10.44902],[34.24775,-10.44878],[34.24805,-10.44865],[34.24843,-10.44853],[34.24895,-10.44834],[34.24931,-10.4482],[34.24952,-10.44813],[34.24988,-10.44802],[34.25013,-10.44794],[34.25025,-10.44788],[34.25037,-10.44783],[34.25065,-10.44774],[34.2512,-10.44756],[34.25167,-10.44739],[34.25198,-10.44728],[34.25222,-10.4472],[34.25269,-10.44706],[34.25324,-10.44687],[34.25375,-10.44672],[34.2544,-10.44651],[34.25484,-10.44637],[34.2552,-10.44627],[34.25536,-10.44623],[34.25555,-10.44616],[34.25588,-10.44606],[34.25625,-10.44596],[34.25646,-10.4459],[34.25673,-10.44582],[34.25701,-10.44574],[34.2573,-10.44567],[34.2576,-10.4456],[34.25796,-10.4455],[34.25848,-10.44535],[34.25875,-10.44528],[34.25925,-10.44517],[34.25995,-10.44501],[34.2605,-10.4449],[34.26123,-10.44479],[34.26155,-10.44475],[34.2619,-10.44473],[34.26218,-10.44469],[34.26236,-10.44467],[34.26254,-10.44466],[34.26281,-10.44464]]]},"properties":{"id":650063466,"kind":"natural","cat":"beach","name":""}},
{"type":"Feature","geometry":{"type":"Polygon","coordinates":[[[34.25436,-10.39664],[34.25435,-10.39677],[34.25439,-10.39692],[34.25461,-10.39715],[34.25456,-10.39725],[34.25448,-10.39726],[34.25439,-10.3972],[34.25433,-10.39721],[34.25436,-10.39732],[34.25437,-10.39741],[34.25443,-10.39748],[34.25441,-10.39753],[34.25441,-10.39757],[34.25443,-10.39763],[34.25421,-10.39758],[34.25394,-10.39737],[34.25389,-10.39715],[34.25386,-10.397],[34.2538,-10.39661],[34.25369,-10.39646],[34.25356,-10.39647],[34.25349,-10.39646],[34.2535,-10.39641],[34.25345,-10.39631],[34.25342,-10.39621],[34.25342,-10.39604],[34.2535,-10.3961],[34.25356,-10.39617],[34.2536,-10.39623],[34.25369,-10.3963],[34.25382,-10.39636],[34.25385,-10.39643],[34.25395,-10.39647],[34.25403,-10.39655],[34.25422,-10.39662],[34.25436,-10.39664]]]},"properties":{"id":654474678,"kind":"natural","cat":"beach","name":""}},
{"type":"Feature","geometry":{"type":"Polygon","coordinates":[[[34.25306,-10.39556],[34.25308,-10.39563],[34.25314,-10.39573],[34.25323,-10.39584],[34.25315,-10.39591],[34.25302,-10.39585],[34.25297,-10.39572],[34.25297,-10.39567],[34.25306,-10.39556]]]},"properties":{"id":654474679,"kind":"natural","cat":"beach","name":""}},
{"type":"Feature","geometry":{"type":"Polygon","coordinates":[[[34.2542,-10.39805],[34.25401,-10.39796],[34.25393,-10.39804],[34.25388,-10.39819],[34.25385,-10.39826],[34.25386,-10.39843],[34.254,-10.39859],[34.25415,-10.39857],[34.25414,-10.39851],[34.25413,-10.39845],[34.25412,-10.39835],[34.25412,-10.39826],[34.25416,-10.39815],[34.2542,-10.39805]]]},"properties":{"id":654474680,"kind":"natural","cat":"beach","name":""}},
{"type":"Feature","geometry":{"type":"Polygon","coordinates":[[[35.4967,-15.9395],[35.49684,-15.93946],[35.49682,-15.93941],[35.49688,-15.93939],[35.49693,-15.93953],[35.49673,-15.93959],[35.4967,-15.9395]]]},"properties":{"id":656184176,"kind":"poi","cat":"hotel","name":"Likhubula Hikers' Nest","website":"http://www.likhubulahikersnest.com","phone":"+265 993 623 631","opening_hours":"24/7"}},
{"type":"Feature","geometry":{"type":"Polygon","coordinates":[[[34.83874,-14.02588],[34.83895,-14.02614],[34.83929,-14.02587],[34.83911,-14.02565],[34.83874,-14.02588]]]},"properties":{"id":658512508,"kind":"poi","cat":"camp_site","name":"Malambe","phone":"+265 999 61 86 76"}},
{"type":"Feature","geometry":{"type":"Polygon","coordinates":[[[34.51356,-15.59342],[34.51346,-15.5934],[34.51349,-15.59319],[34.5136,-15.59321],[34.51356,-15.59342]]]},"properties":{"id":671573519,"kind":"poi","cat":"guest_house","name":""}},
{"type":"Feature","geometry":{"type":"Polygon","coordinates":[[[34.51369,-15.59345],[34.51358,-15.59343],[34.51361,-15.59321],[34.51372,-15.59322],[34.51369,-15.59345]]]},"properties":{"id":671573520,"kind":"poi","cat":"guest_house","name":""}},
{"type":"Feature","geometry":{"type":"Polygon","coordinates":[[[34.22963,-11.10656],[34.22968,-11.10673],[34.22977,-11.10689],[34.2299,-11.10704],[34.23008,-11.10734],[34.23046,-11.10794],[34.23059,-11.10808],[34.23076,-11.10831],[34.23098,-11.10853],[34.23134,-11.10887],[34.23157,-11.10911],[34.23202,-11.10962],[34.23229,-11.10994],[34.23265,-11.11019],[34.23316,-11.11047],[34.23365,-11.11068],[34.2337,-11.11067],[34.23374,-11.11064],[34.2338,-11.11054],[34.23358,-11.11044],[34.23343,-11.11034],[34.23321,-11.11014],[34.23294,-11.10988],[34.23258,-11.10954],[34.23226,-11.10928],[34.23193,-11.10898],[34.23154,-11.10859],[34.23131,-11.10841],[34.23119,-11.10832],[34.23111,-11.1082],[34.23101,-11.10808],[34.23074,-11.10783],[34.23058,-11.10763],[34.23038,-11.10738],[34.23025,-11.10724],[34.23012,-11.10707],[34.23001,-11.10689],[34.22988,-11.10679],[34.22968,-11.10659],[34.22963,-11.10656]]]},"properties":{"id":685102705,"kind":"natural","cat":"beach","name":""}},
{"type":"Feature","geometry":{"type":"Polygon","coordinates":[[[35.14119,-14.31601],[35.14193,-14.31574],[35.14214,-14.31625],[35.14228,-14.31624],[35.14232,-14.31651],[35.14155,-14.31668],[35.14129,-14.31621],[35.14119,-14.31601]]]},"properties":{"id":688886452,"kind":"poi","cat":"hotel","name":"pamudzi_lodge"}},
{"type":"Feature","geometry":{"type":"Polygon","coordinates":[[[35.14244,-14.31769],[35.14281,-14.31729],[35.14314,-14.3177],[35.14275,-14.31811],[35.14265,-14.31798],[35.14244,-14.31769]]]},"properties":{"id":688891011,"kind":"poi","cat":"hotel","name":"Mama_mia_lodge"}},
{"type":"Feature","geometry":{"type":"Polygon","coordinates":[[[33.77672,-14.17916],[33.77707,-14.179],[33.77712,-14.1791],[33.77677,-14.17926],[33.77672,-14.17916]]]},"properties":{"id":688893131,"kind":"poi","cat":"hostel","name":"Msc hostel"}},
{"type":"Feature","geometry":{"type":"Polygon","coordinates":[[[35.21567,-15.90041],[35.21612,-15.9004],[35.21612,-15.9005],[35.21566,-15.9005],[35.21567,-15.90041]]]},"properties":{"id":699048530,"kind":"poi","cat":"hostel","name":"Hall 4"}},
{"type":"Feature","geometry":{"type":"Polygon","coordinates":[[[35.21773,-15.90049],[35.21821,-15.9005],[35.21821,-15.90038],[35.21773,-15.90038],[35.21773,-15.90049]]]},"properties":{"id":699048602,"kind":"poi","cat":"hostel","name":"Hall 1"}},
{"type":"Feature","geometry":{"type":"Polygon","coordinates":[[[35.21681,-15.90038],[35.21681,-15.90051],[35.21628,-15.90051],[35.21628,-15.90038],[35.21681,-15.90038]]]},"properties":{"id":699048956,"kind":"poi","cat":"hostel","name":"Hall 3"}},
{"type":"Feature","geometry":{"type":"Polygon","coordinates":[[[35.2171,-15.90039],[35.2171,-15.90051],[35.21761,-15.9005],[35.21761,-15.90038],[35.2171,-15.90039]]]},"properties":{"id":699048957,"kind":"poi","cat":"hostel","name":"Hall 2"}},
{"type":"Feature","geometry":{"type":"Polygon","coordinates":[[[35.21565,-15.90008],[35.21615,-15.90008],[35.21615,-15.90019],[35.21565,-15.9002],[35.21565,-15.90008]]]},"properties":{"id":699049225,"kind":"poi","cat":"hostel","name":"Hall 8"}},
{"type":"Feature","geometry":{"type":"Polygon","coordinates":[[[35.2163,-15.90007],[35.2163,-15.90019],[35.21679,-15.90018],[35.21679,-15.90006],[35.2163,-15.90007]]]},"properties":{"id":699049363,"kind":"poi","cat":"hostel","name":"Hall 7"}},
{"type":"Feature","geometry":{"type":"Polygon","coordinates":[[[35.21709,-15.90008],[35.2176,-15.90007],[35.2176,-15.90016],[35.21708,-15.90017],[35.21709,-15.90008]]]},"properties":{"id":699049455,"kind":"poi","cat":"hostel","name":"Hall 6"}},
{"type":"Feature","geometry":{"type":"Polygon","coordinates":[[[35.21772,-15.90006],[35.2182,-15.90005],[35.2182,-15.90016],[35.21772,-15.90017],[35.21772,-15.90006]]]},"properties":{"id":699049556,"kind":"poi","cat":"hostel","name":"Hall 5"}},
{"type":"Feature","geometry":{"type":"Polygon","coordinates":[[[35.2172,-15.90556],[35.21745,-15.90557],[35.21744,-15.90567],[35.21719,-15.90566],[35.2172,-15.90556]]]},"properties":{"id":699689638,"kind":"poi","cat":"hostel","name":""}},
{"type":"Feature","geometry":{"type":"Polygon","coordinates":[[[34.02878,-10.13154],[34.02871,-10.13178],[34.02866,-10.13308],[34.02886,-10.13671],[34.02916,-10.13779],[34.03012,-10.13866],[34.03029,-10.13873],[34.03047,-10.1387],[34.03093,-10.13849],[34.03075,-10.13827],[34.03064,-10.13813],[34.03049,-10.138],[34.03033,-10.13784],[34.03009,-10.13734],[34.02986,-10.13677],[34.02969,-10.13629],[34.02954,-10.13529],[34.02948,-10.13471],[34.02944,-10.13367],[34.02947,-10.13289],[34.02955,-10.13236],[34.02964,-10.13197],[34.02974,-10.13164],[34.0298,-10.13135],[34.02979,-10.13121],[34.02977,-10.1311],[34.02973,-10.131],[34.02968,-10.13098],[34.02964,-10.13097],[34.02955,-10.13096],[34.02945,-10.13102],[34.02888,-10.13147],[34.02878,-10.13154]]]},"properties":{"id":711236026,"kind":"natural","cat":"beach","name":""}},
{"type":"Feature","geometry":{"type":"Polygon","coordinates":[[[34.25247,-10.39404],[34.25236,-10.39416],[34.25228,-10.39424],[34.25228,-10.39437],[34.25232,-10.3944],[34.2524,-10.39445],[34.25246,-10.39449],[34.25253,-10.39458],[34.25247,-10.39465],[34.25246,-10.39472],[34.25258,-10.39476],[34.25265,-10.39472],[34.25277,-10.39476],[34.25274,-10.3947],[34.25273,-10.39462],[34.25269,-10.39456],[34.25265,-10.39451],[34.25259,-10.39447],[34.25252,-10.3944],[34.25246,-10.3943],[34.25246,-10.39416],[34.25247,-10.39404]]]},"properties":{"id":723370153,"kind":"natural","cat":"beach","name":""}},
{"type":"Feature","geometry":{"type":"Polygon","coordinates":[[[34.24728,-10.38734],[34.24709,-10.38751],[34.24684,-10.38749],[34.2468,-10.38746],[34.24669,-10.38746],[34.24652,-10.38739],[34.24641,-10.38722],[34.24639,-10.38702],[34.24636,-10.38675],[34.24632,-10.38661],[34.24625,-10.38638],[34.24619,-10.38605],[34.2462,-10.38582],[34.24624,-10.38568],[34.24629,-10.38576],[34.24631,-10.38606],[34.24639,-10.38638],[34.24647,-10.38667],[34.24652,-10.38677],[34.24662,-10.38693],[34.24672,-10.38709],[34.24682,-10.38717],[34.24686,-10.38719],[34.24695,-10.38724],[34.24707,-10.38729],[34.24716,-10.38735],[34.24721,-10.38736],[34.24728,-10.38734]]]},"properties":{"id":731632632,"kind":"natural","cat":"beach","name":""}},
{"type":"Feature","geometry":{"type":"Polygon","coordinates":[[[35.05218,-15.92583],[35.05415,-15.9264],[35.0546,-15.92649],[35.05507,-15.92653],[35.05585,-15.92635],[35.05599,-15.92631],[35.05601,-15.92637],[35.05603,-15.92637],[35.05604,-15.92639],[35.05607,-15.92638],[35.05612,-15.92638],[35.05614,-15.92697],[35.05617,-15.92753],[35.05618,-15.92817],[35.05617,-15.92875],[35.05619,-15.93048],[35.05611,-15.93196],[35.05623,-15.93192],[35.05623,-15.93244],[35.05628,-15.93464],[35.05631,-15.93626],[35.05638,-15.93867],[35.05577,-15.93913],[35.05549,-15.93951],[35.05484,-15.9401],[35.05447,-15.94043],[35.05359,-15.94068],[35.05279,-15.94097],[35.0527,-15.9416],[35.05213,-15.94181],[35.05187,-15.94201],[35.05179,-15.94215],[35.05176,-15.94235],[35.05082,-15.94277],[35.05018,-15.94292],[35.0495,-15.9433],[35.04861,-15.94337],[35.04833,-15.94329],[35.04804,-15.94329],[35.04763,-15.94353],[35.04693,-15.94294],[35.04591,-15.94316],[35.0454,-15.94357],[35.04521,-15.94377],[35.04507,-15.94345],[35.0446,-15.94312],[35.04416,-15.94354],[35.04365,-15.94348],[35.04349,-15.94375],[35.04309,-15.94405],[35.04289,-15.94401],[35.04312,-15.94357],[35.04316,-15.94279],[35.04275,-15.9424],[35.04242,-15.9426],[35.04183,-15.94319],[35.04157,-15.9429],[35.04132,-15.94269],[35.04161,-15.94256],[35.04173,-15.94217],[35.04188,-15.9418],[35.04274,-15.94152],[35.04305,-15.94114],[35.04338,-15.94023],[35.04354,-15.93996],[35.04392,-15.9395],[35.04399,-15.93879],[35.04415,-15.93857],[35.04433,-15.93836],[35.04437,-15.93825],[35.04438,-15.93812],[35.04458,-15.93778],[35.04456,-15.93721],[35.0445,-15.93627],[35.0451,-15.93564],[35.04532,-15.935],[35.04547,-15.93433],[35.04577,-15.93387],[35.04591,-15.93344],[35.04614,-15.93294],[35.04604,-15.93236],[35.04585,-15.93188],[35.04599,-15.93097],[35.04629,-15.9301],[35.0468,-15.92942],[35.04748,-15.92887],[35.04755,-15.92813],[35.04817,-15.92756],[35.04879,-15.92691],[35.0495,-15.92588],[35.04994,-15.9256],[35.05081,-15.92556],[35.05218,-15.92583]]]},"properties":{"id":746718640,"kind":"poi","cat":"theme_park","name":"Chimwenya Game Park","operator":"Gangecraft Limited"}},
{"type":"Feature","geometry":{"type":"Polygon","coordinates":[[[34.74211,-15.90916],[34.74209,-15.90924],[34.74209,-15.90927],[34.74212,-15.90929],[34.74214,-15.9093],[34.74216,-15.90929],[34.74219,-15.90924],[34.7422,-15.90918],[34.7422,-15.90915],[34.74218,-15.90914],[34.74216,-15.90913],[34.74214,-15.90914],[34.74212,-15.90915],[34.74211,-15.90916]]]},"properties":{"id":747236825,"kind":"poi","cat":"information","name":"Majete Visitor Centre","opening_hours":"06:00-18:00"}},
{"type":"Feature","geometry":{"type":"Polygon","coordinates":[[[34.71483,-15.83101],[34.71483,-15.83104],[34.71486,-15.83104],[34.71486,-15.83101],[34.71483,-15.83101]]]},"properties":{"id":747862938,"kind":"poi","cat":"viewpoint","name":"Nsepete Hide"}},
{"type":"Feature","geometry":{"type":"Polygon","coordinates":[[[34.75022,-15.89971],[34.75027,-15.89976],[34.75022,-15.8998],[34.75017,-15.89975],[34.75022,-15.89971]]]},"properties":{"id":748613879,"kind":"poi","cat":"viewpoint","name":"Kapichira Falls View Point"}},
{"type":"Feature","geometry":{"type":"Polygon","coordinates":[[[34.74447,-15.88331],[34.74447,-15.88334],[34.7445,-15.88334],[34.7445,-15.88331],[34.74447,-15.88331]]]},"properties":{"id":748613886,"kind":"poi","cat":"viewpoint","name":"Hall-Martin Hide"}},
{"type":"Feature","geometry":{"type":"Polygon","coordinates":[[[33.45171,-10.85637],[33.4517,-10.85652],[33.45208,-10.85652],[33.45207,-10.85636],[33.45171,-10.85637]]]},"properties":{"id":791408336,"kind":"poi","cat":"guest_house","name":"","description":"Simple but nicely located cabins right at the lake shore with many animals directly in sight.\nYou need to bring your own food but they will prepare it for you.","operator":"Vwaza Marsh administration"}},
{"type":"Feature","geometry":{"type":"Polygon","coordinates":[[[33.80208,-13.92832],[33.80209,-13.9284],[33.80187,-13.92844],[33.80186,-13.92842],[33.80182,-13.92843],[33.80177,-13.92844],[33.80172,-13.92842],[33.80169,-13.92838],[33.80166,-13.92839],[33.80166,-13.92837],[33.80165,-13.92831],[33.80166,-13.92826],[33.80169,-13.92822],[33.80174,-13.9282],[33.8018,-13.92821],[33.80184,-13.92823],[33.80185,-13.92823],[33.80188,-13.92823],[33.80187,-13.92818],[33.80197,-13.92816],[33.80197,-13.92821],[33.80205,-13.92819],[33.80207,-13.92827],[33.80209,-13.92826],[33.8021,-13.92831],[33.80208,-13.92832]]]},"properties":{"id":812825998,"kind":"poi","cat":"hotel","name":"Africa House","operator":"Kiboko Limited"}},
{"type":"Feature","geometry":{"type":"Polygon","coordinates":[[[33.80121,-13.92824],[33.80134,-13.9283],[33.80139,-13.92821],[33.8013,-13.92816],[33.8013,-13.92818],[33.80128,-13.92817],[33.80127,-13.92818],[33.80125,-13.92817],[33.80125,-13.92818],[33.80124,-13.92818],[33.80121,-13.92824]]]},"properties":{"id":812826003,"kind":"poi","cat":"guest_house","name":"","operator":"Kiboko Limited"}},
{"type":"Feature","geometry":{"type":"Polygon","coordinates":[[[34.11294,-10.61177],[34.1131,-10.61177],[34.1131,-10.61164],[34.11307,-10.61164],[34.11307,-10.61149],[34.11295,-10.61149],[34.11294,-10.61155],[34.11296,-10.61155],[34.11296,-10.61164],[34.11294,-10.61164],[34.11294,-10.61177]]]},"properties":{"id":823449408,"kind":"poi","cat":"museum","name":"Stonehouse Museum"}},
{"type":"Feature","geometry":{"type":"Polygon","coordinates":[[[34.17759,-10.585],[34.1771,-10.58567],[34.17673,-10.58556],[34.17624,-10.58645],[34.17596,-10.58665],[34.1759,-10.58722],[34.17578,-10.58736],[34.17562,-10.58737],[34.17538,-10.58795],[34.17525,-10.58801],[34.17502,-10.58864],[34.17505,-10.58893],[34.17503,-10.58911],[34.17504,-10.5895],[34.17539,-10.58935],[34.17533,-10.58972],[34.17504,-10.58999],[34.17481,-10.58997],[34.17441,-10.59054],[34.17408,-10.59151],[34.17372,-10.59246],[34.17363,-10.59275],[34.17346,-10.59302],[34.17349,-10.59352],[34.17339,-10.59366],[34.1736,-10.59406],[34.17346,-10.59433],[34.17363,-10.59473],[34.17406,-10.59472],[34.17435,-10.59279],[34.17563,-10.58998],[34.17592,-10.58853],[34.17798,-10.58564],[34.17829,-10.58535],[34.17759,-10.585]]]},"properties":{"id":823481746,"kind":"natural","cat":"beach","name":""}},
{"type":"Feature","geometry":{"type":"Polygon","coordinates":[[[34.92658,-14.1027],[34.92574,-14.10262],[34.92517,-14.10147],[34.9251,-14.09959],[34.92533,-14.09854],[34.9254,-14.09705],[34.92553,-14.09574],[34.9262,-14.09405],[34.92644,-14.09351],[34.92788,-14.0907],[34.9281,-14.09026],[34.92867,-14.08902],[34.92938,-14.08968],[34.93002,-14.08912],[34.93027,-14.08923],[34.93006,-14.08935],[34.92973,-14.08964],[34.92808,-14.09257],[34.92747,-14.09381],[34.92691,-14.09517],[34.92627,-14.09709],[34.92592,-14.09816],[34.92569,-14.09916],[34.92557,-14.10022],[34.92567,-14.10098],[34.92582,-14.10148],[34.92609,-14.10199],[34.92637,-14.10229],[34.92664,-14.10258],[34.92658,-14.1027]]]},"properties":{"id":845397953,"kind":"natural","cat":"beach","name":""}},
{"type":"Feature","geometry":{"type":"Polygon","coordinates":[[[34.30091,-12.91428],[34.30075,-12.91423],[34.29913,-12.91425],[34.29901,-12.9145],[34.29914,-12.91464],[34.29907,-12.91492],[34.29915,-12.91531],[34.29933,-12.91586],[34.29962,-12.91625],[34.29947,-12.91747],[34.2996,-12.91804],[34.29986,-12.91902],[34.29988,-12.91969],[34.30001,-12.92054],[34.30012,-12.92088],[34.30031,-12.9214],[34.30048,-12.92123],[34.30068,-12.92029],[34.30036,-12.91942],[34.30007,-12.91874],[34.29997,-12.91766],[34.30011,-12.91559],[34.30091,-12.91489],[34.30091,-12.91428]]]},"properties":{"id":845400100,"kind":"natural","cat":"beach","name":""}},
{"type":"Feature","geometry":{"type":"Polygon","coordinates":[[[33.80883,-13.8746],[33.80875,-13.87454],[33.80872,-13.87458],[33.80865,-13.87452],[33.80867,-13.87449],[33.80859,-13.87443],[33.80865,-13.87435],[33.80889,-13.87453],[33.80883,-13.8746]]]},"properties":{"id":846744351,"kind":"poi","cat":"hostel","name":"New ICT"}},
{"type":"Feature","geometry":{"type":"Polygon","coordinates":[[[34.7225,-15.90188],[34.72231,-15.90197],[34.72267,-15.90339],[34.72319,-15.90322],[34.72367,-15.90279],[34.72323,-15.90221],[34.7225,-15.90188]]]},"properties":{"id":849316284,"kind":"poi","cat":"camp_site","name":"Community Campsite"}},
{"type":"Feature","geometry":{"type":"Polygon","coordinates":[[[34.71368,-15.89976],[34.71386,-15.90016],[34.71564,-15.90074],[34.71583,-15.90072],[34.71615,-15.89944],[34.71499,-15.89951],[34.71368,-15.89976]]]},"properties":{"id":849316686,"kind":"poi","cat":"hotel","name":"Thawale Lodge"}},
{"type":"Feature","geometry":{"type":"Polygon","coordinates":[[[33.80794,-13.93318],[33.80799,-13.93323],[33.80803,-13.93318],[33.80807,-13.93322],[33.80802,-13.93326],[33.80809,-13.93333],[33.80815,-13.93327],[33.80814,-13.93326],[33.8082,-13.9332],[33.80809,-13.9331],[33.80806,-13.93312],[33.80805,-13.93311],[33.80802,-13.93314],[33.808,-13.93312],[33.80794,-13.93318]]]},"properties":{"id":855131361,"kind":"poi","cat":"guest_house","name":"Sheila's Lodge"}},
{"type":"Feature","geometry":{"type":"Polygon","coordinates":[[[34.61969,-14.80377],[34.61977,-14.80374],[34.61989,-14.80395],[34.6198,-14.804],[34.61972,-14.80386],[34.61966,-14.80389],[34.61961,-14.80381],[34.61969,-14.80377]]]},"properties":{"id":882171586,"kind":"poi","cat":"hostel","name":""}},
{"type":"Feature","geometry":{"type":"Polygon","coordinates":[[[34.61949,-14.80387],[34.61957,-14.80383],[34.61971,-14.80407],[34.61961,-14.80412],[34.61949,-14.80387]]]},"properties":{"id":882171587,"kind":"poi","cat":"hostel","name":""}},
{"type":"Feature","geometry":{"type":"Polygon","coordinates":[[[33.7548,-13.94055],[33.75478,-13.94056],[33.75476,-13.94049],[33.75493,-13.94045],[33.75495,-13.9405],[33.75492,-13.9405],[33.75494,-13.94057],[33.75481,-13.9406],[33.7548,-13.94055]]]},"properties":{"id":893058998,"kind":"poi","cat":"guest_house","name":"Stadium View Executive Guest House","phone":"+26599358951"}},
{"type":"Feature","geometry":{"type":"Polygon","coordinates":[[[33.79955,-13.96134],[33.79952,-13.96146],[33.79945,-13.96145],[33.79945,-13.96147],[33.79892,-13.96136],[33.79893,-13.96133],[33.79887,-13.96132],[33.79888,-13.96124],[33.79895,-13.96125],[33.79896,-13.9612],[33.79917,-13.96124],[33.79917,-13.96121],[33.79916,-13.96121],[33.79918,-13.96112],[33.79928,-13.96114],[33.79926,-13.96123],[33.79925,-13.96123],[33.79924,-13.96125],[33.79946,-13.9613],[33.79946,-13.96126],[33.79944,-13.96126],[33.79948,-13.96105],[33.79964,-13.96108],[33.7996,-13.96129],[33.79958,-13.96129],[33.79957,-13.96135],[33.79955,-13.96134]]]},"properties":{"id":909084462,"kind":"poi","cat":"hotel","name":"Golden Peacock Hotel"}},
{"type":"Feature","geometry":{"type":"Polygon","coordinates":[[[33.79665,-13.95529],[33.79681,-13.95525],[33.79707,-13.95611],[33.79691,-13.95616],[33.79665,-13.95529]]]},"properties":{"id":909117367,"kind":"poi","cat":"hotel","name":"Sunbird Capital Hotel","website":"https://www.sunbirdmalawi.com/hotels/sunbird-capital"}},
{"type":"Feature","geometry":{"type":"Polygon","coordinates":[[[33.7959,-13.95627],[33.79578,-13.95589],[33.79601,-13.95582],[33.79599,-13.95573],[33.79592,-13.95575],[33.79587,-13.95558],[33.79654,-13.95539],[33.79659,-13.95556],[33.79622,-13.95567],[33.79632,-13.95599],[33.79667,-13.95589],[33.79672,-13.95604],[33.7959,-13.95627]]]},"properties":{"id":909117368,"kind":"poi","cat":"hotel","name":"Sunbird Capital Hotel","website":"https://www.sunbirdmalawi.com/hotels/sunbird-capital"}},
{"type":"Feature","geometry":{"type":"Polygon","coordinates":[[[33.75699,-13.97288],[33.75691,-13.97325],[33.75691,-13.97352],[33.75702,-13.97368],[33.75718,-13.97376],[33.75754,-13.97376],[33.75774,-13.97372],[33.75779,-13.97359],[33.75773,-13.97333],[33.75767,-13.9732],[33.75753,-13.97312],[33.75738,-13.97307],[33.75727,-13.97296],[33.7571,-13.97287],[33.75699,-13.97288]]]},"properties":{"id":930303531,"kind":"poi","cat":"theme_park","name":""}},
{"type":"Feature","geometry":{"type":"Polygon","coordinates":[[[34.03858,-9.49322],[34.03804,-9.49298],[34.03538,-9.4933],[34.03042,-9.49436],[34.0245,-9.49645],[34.02311,-9.49697],[34.02174,-9.49748],[34.01163,-9.50198],[34.00899,-9.50348],[34.00526,-9.50556],[34.0046,-9.50595],[34.00295,-9.50693],[33.99879,-9.5094],[33.99911,-9.50944],[33.9992,-9.50944],[33.99935,-9.50933],[33.9997,-9.50917],[34.00006,-9.509],[34.00061,-9.50865],[34.00101,-9.50837],[34.00132,-9.50807],[34.00193,-9.5078],[34.00222,-9.50768],[34.00251,-9.50746],[34.00284,-9.5073],[34.0031,-9.50719],[34.00323,-9.50699],[34.00374,-9.50669],[34.00473,-9.5061],[34.00486,-9.50595],[34.00509,-9.50587],[34.00523,-9.50577],[34.00537,-9.50573],[34.00558,-9.50556],[34.00646,-9.50506],[34.00665,-9.50492],[34.00696,-9.50479],[34.00704,-9.5047],[34.00734,-9.50455],[34.00754,-9.50444],[34.00823,-9.50407],[34.00884,-9.50365],[34.00958,-9.50324],[34.01128,-9.50234],[34.01337,-9.50127],[34.01497,-9.50054],[34.01917,-9.49877],[34.02238,-9.49754],[34.02412,-9.49691],[34.02689,-9.49588],[34.02872,-9.49518],[34.03038,-9.4946],[34.03214,-9.49415],[34.03453,-9.49363],[34.03693,-9.49328],[34.03858,-9.49322]]]},"properties":{"id":936411212,"kind":"natural","cat":"beach","name":""}},
{"type":"Feature","geometry":{"type":"Polygon","coordinates":[[[33.89895,-9.77403],[33.89814,-9.77404],[33.89806,-9.77389],[33.89807,-9.77376],[33.89817,-9.77371],[33.89825,-9.77358],[33.8984,-9.77344],[33.89862,-9.77337],[33.89859,-9.77321],[33.89859,-9.77278],[33.89857,-9.77236],[33.89879,-9.77187],[33.89882,-9.77146],[33.89885,-9.77096],[33.89878,-9.77056],[33.89869,-9.77017],[33.89877,-9.77],[33.89861,-9.76982],[33.89837,-9.76982],[33.89841,-9.7696],[33.89826,-9.76932],[33.89806,-9.76932],[33.89782,-9.76955],[33.89763,-9.76948],[33.89742,-9.76938],[33.89733,-9.76914],[33.89715,-9.76919],[33.89689,-9.76908],[33.89662,-9.76885],[33.89664,-9.76851],[33.89781,-9.76855],[33.89781,-9.76852],[33.89838,-9.76906],[33.89899,-9.76982],[33.89915,-9.77011],[33.89925,-9.77048],[33.8993,-9.77137],[33.89922,-9.7721],[33.89907,-9.77298],[33.89895,-9.77403]]]},"properties":{"id":952425678,"kind":"natural","cat":"beach","name":""}},
{"type":"Feature","geometry":{"type":"Polygon","coordinates":[[[33.48555,-13.01325],[33.48564,-13.01294],[33.48556,-13.01291],[33.48553,-13.01303],[33.4855,-13.01303],[33.48548,-13.0131],[33.4855,-13.01311],[33.48547,-13.01323],[33.48555,-13.01325]]]},"properties":{"id":979332003,"kind":"poi","cat":"hostel","name":"KUSS BOYS HOSTEL"}},
{"type":"Feature","geometry":{"type":"Polygon","coordinates":[[[33.484,-13.01308],[33.48374,-13.01286],[33.48366,-13.01295],[33.48374,-13.01302],[33.48369,-13.01308],[33.48375,-13.01313],[33.48381,-13.01306],[33.48393,-13.01316],[33.484,-13.01308]]]},"properties":{"id":979332013,"kind":"poi","cat":"hostel","name":"KUSS GIRLS HOSTEL"}},
{"type":"Feature","geometry":{"type":"Polygon","coordinates":[[[33.85901,-9.65913],[33.85926,-9.65876],[33.85915,-9.65873],[33.85903,-9.65882],[33.85896,-9.65897],[33.85901,-9.65913]]]},"properties":{"id":1002761059,"kind":"natural","cat":"beach","name":""}},
{"type":"Feature","geometry":{"type":"Polygon","coordinates":[[[33.90152,-9.69485],[33.90154,-9.69509],[33.90154,-9.69541],[33.90127,-9.69567],[33.90136,-9.69548],[33.90152,-9.69485]]]},"properties":{"id":1002977427,"kind":"natural","cat":"beach","name":""}},
{"type":"Feature","geometry":{"type":"Polygon","coordinates":[[[33.89865,-9.68951],[33.89858,-9.68939],[33.89853,-9.68924],[33.89854,-9.68901],[33.89855,-9.68886],[33.89864,-9.68871],[33.89872,-9.68862],[33.89883,-9.68854],[33.89895,-9.68855],[33.89907,-9.68854],[33.8992,-9.68859],[33.89925,-9.68867],[33.89928,-9.68881],[33.89924,-9.68905],[33.89893,-9.68896],[33.89865,-9.68951]]]},"properties":{"id":1002977439,"kind":"natural","cat":"beach","name":""}},
{"type":"Feature","geometry":{"type":"Polygon","coordinates":[[[33.90126,-9.69312],[33.90126,-9.69326],[33.90123,-9.69356],[33.90121,-9.69372],[33.90114,-9.69386],[33.90103,-9.69396],[33.90088,-9.69399],[33.90055,-9.694],[33.90044,-9.69397],[33.90062,-9.69393],[33.90076,-9.69386],[33.90097,-9.69364],[33.90113,-9.69348],[33.90121,-9.69317],[33.90124,-9.69304],[33.90126,-9.69312]]]},"properties":{"id":1002977440,"kind":"natural","cat":"beach","name":""}},
{"type":"Feature","geometry":{"type":"Polygon","coordinates":[[[34.79814,-11.29171],[34.79811,-11.29196],[34.79793,-11.29193],[34.79798,-11.29167],[34.79814,-11.29171]]]},"properties":{"id":1022949202,"kind":"poi","cat":"hotel","name":"Geneva Capital Lodge","phone":"+255 752 067 696"}},
{"type":"Feature","geometry":{"type":"Polygon","coordinates":[[[34.8011,-11.28707],[34.801,-11.28707],[34.80101,-11.28701],[34.8011,-11.28701],[34.8011,-11.28707]]]},"properties":{"id":1022951362,"kind":"poi","cat":"hotel","name":"Israel hotel"}},
{"type":"Feature","geometry":{"type":"Polygon","coordinates":[[[33.92662,-9.89387],[33.92695,-9.89444],[33.92769,-9.89404],[33.92732,-9.89351],[33.92662,-9.89387]]]},"properties":{"id":1039867900,"kind":"poi","cat":"hotel","name":"Beach Chamber Lodge and campsite","phone":"+265 999 703120"}},
{"type":"Feature","geometry":{"type":"Polygon","coordinates":[[[35.34751,-15.36859],[35.34762,-15.36874],[35.34727,-15.36898],[35.34717,-15.36883],[35.34751,-15.36859]]]},"properties":{"id":1061633030,"kind":"poi","cat":"hotel","name":"Splendor Hotel"}},
{"type":"Feature","geometry":{"type":"Polygon","coordinates":[[[35.19408,-15.7514],[35.19418,-15.75138],[35.19413,-15.75117],[35.1941,-15.75118],[35.19409,-15.75113],[35.19402,-15.75114],[35.19403,-15.75118],[35.19401,-15.75119],[35.19402,-15.75125],[35.194,-15.75125],[35.194,-15.75128],[35.19405,-15.75127],[35.19408,-15.7514]]]},"properties":{"id":1095168818,"kind":"poi","cat":"hostel","name":"Girls hostels"}},
{"type":"Feature","geometry":{"type":"Polygon","coordinates":[[[35.76927,-15.77478],[35.76922,-15.77474],[35.76929,-15.77469],[35.76937,-15.77473],[35.76927,-15.77478]]]},"properties":{"id":1097399543,"kind":"poi","cat":"motel","name":"Osman Lodge"}},
{"type":"Feature","geometry":{"type":"Polygon","coordinates":[[[35.76937,-15.77473],[35.7696,-15.77485],[35.76955,-15.77495],[35.76932,-15.77483],[35.76937,-15.77473]]]},"properties":{"id":1097399544,"kind":"poi","cat":"motel","name":"Osman Lodge"}},
{"type":"Feature","geometry":{"type":"Polygon","coordinates":[[[35.0286,-15.76969],[35.02874,-15.76973],[35.02871,-15.7698],[35.02858,-15.76975],[35.0286,-15.76969]]]},"properties":{"id":1097452775,"kind":"poi","cat":"apartment","name":""}},
{"type":"Feature","geometry":{"type":"Polygon","coordinates":[[[35.21751,-15.90558],[35.2175,-15.90568],[35.21784,-15.9057],[35.21784,-15.9056],[35.21751,-15.90558]]]},"properties":{"id":1098953981,"kind":"poi","cat":"hostel","name":"Block A"}},
{"type":"Feature","geometry":{"type":"Polygon","coordinates":[[[35.2175,-15.90571],[35.21749,-15.90581],[35.2179,-15.90583],[35.2179,-15.90573],[35.2175,-15.90571]]]},"properties":{"id":1098953982,"kind":"poi","cat":"hostel","name":"Block B"}},
{"type":"Feature","geometry":{"type":"Polygon","coordinates":[[[35.21749,-15.90583],[35.21749,-15.90593],[35.21773,-15.90595],[35.21774,-15.90585],[35.21749,-15.90583]]]},"properties":{"id":1098953983,"kind":"poi","cat":"hostel","name":""}},
{"type":"Feature","geometry":{"type":"Polygon","coordinates":[[[35.21748,-15.90596],[35.21748,-15.90606],[35.21773,-15.90607],[35.21773,-15.90598],[35.21748,-15.90596]]]},"properties":{"id":1098953984,"kind":"poi","cat":"hostel","name":""}},
{"type":"Feature","geometry":{"type":"Polygon","coordinates":[[[35.21791,-15.90573],[35.21791,-15.90583],[35.21816,-15.90584],[35.21816,-15.90575],[35.21791,-15.90573]]]},"properties":{"id":1098953985,"kind":"poi","cat":"hostel","name":"Block C"}},
{"type":"Feature","geometry":{"type":"Polygon","coordinates":[[[35.21704,-15.90569],[35.21703,-15.90578],[35.21743,-15.9058],[35.21743,-15.9057],[35.21704,-15.90569]]]},"properties":{"id":1098953986,"kind":"poi","cat":"hostel","name":""}},
{"type":"Feature","geometry":{"type":"Polygon","coordinates":[[[35.21703,-15.90581],[35.21702,-15.90591],[35.21743,-15.90593],[35.21743,-15.90584],[35.21703,-15.90581]]]},"properties":{"id":1098953987,"kind":"poi","cat":"hostel","name":""}},
{"type":"Feature","geometry":{"type":"Polygon","coordinates":[[[35.21702,-15.90594],[35.21702,-15.90604],[35.21741,-15.90606],[35.21742,-15.90596],[35.21702,-15.90594]]]},"properties":{"id":1098953988,"kind":"poi","cat":"hostel","name":""}},
{"type":"Feature","geometry":{"type":"Polygon","coordinates":[[[35.21701,-15.90614],[35.21797,-15.9062],[35.21797,-15.90629],[35.217,-15.90624],[35.21701,-15.90614]]]},"properties":{"id":1098953989,"kind":"poi","cat":"hostel","name":""}},
{"type":"Feature","geometry":{"type":"Polygon","coordinates":[[[35.21796,-15.90585],[35.21795,-15.90619],[35.21803,-15.90619],[35.21804,-15.90604],[35.21808,-15.90605],[35.21807,-15.90619],[35.21815,-15.9062],[35.21815,-15.90586],[35.21809,-15.90586],[35.21809,-15.90587],[35.21804,-15.90587],[35.21804,-15.90585],[35.21796,-15.90585]]]},"properties":{"id":1098953990,"kind":"poi","cat":"hostel","name":""}},
{"type":"Feature","geometry":{"type":"Polygon","coordinates":[[[35.21807,-15.90622],[35.21806,-15.90633],[35.21813,-15.90634],[35.21813,-15.90623],[35.21807,-15.90622]]]},"properties":{"id":1098953991,"kind":"poi","cat":"hostel","name":""}},
{"type":"Feature","geometry":{"type":"Polygon","coordinates":[[[35.21803,-15.90622],[35.21797,-15.90621],[35.21797,-15.90633],[35.21803,-15.90633],[35.21803,-15.90622]]]},"properties":{"id":1098953992,"kind":"poi","cat":"hostel","name":""}},
{"type":"Feature","geometry":{"type":"Polygon","coordinates":[[[34.29878,-11.60507],[34.29875,-11.60511],[34.29881,-11.60514],[34.29884,-11.6051],[34.29878,-11.60507]]]},"properties":{"id":1108020795,"kind":"poi","cat":"hotel","name":""}},
{"type":"Feature","geometry":{"type":"Polygon","coordinates":[[[34.29889,-11.60497],[34.29884,-11.60507],[34.29888,-11.60509],[34.29894,-11.605],[34.29889,-11.60497]]]},"properties":{"id":1108020796,"kind":"poi","cat":"hotel","name":""}},
{"type":"Feature","geometry":{"type":"Polygon","coordinates":[[[34.29901,-11.60511],[34.29898,-11.60514],[34.299,-11.60515],[34.29902,-11.60512],[34.29901,-11.60511]]]},"properties":{"id":1108361077,"kind":"poi","cat":"hotel","name":""}},
{"type":"Feature","geometry":{"type":"Polygon","coordinates":[[[34.29891,-11.60509],[34.29888,-11.60513],[34.29891,-11.60515],[34.29894,-11.60511],[34.29891,-11.60509]]]},"properties":{"id":1108361078,"kind":"poi","cat":"hotel","name":""}},
{"type":"Feature","geometry":{"type":"Polygon","coordinates":[[[34.30516,-11.61777],[34.30491,-11.61775],[34.30471,-11.6181],[34.30466,-11.61854],[34.30473,-11.61903],[34.30495,-11.61947],[34.30505,-11.61949],[34.30504,-11.61932],[34.30492,-11.61874],[34.30507,-11.61816],[34.30516,-11.61784],[34.30516,-11.61777]]]},"properties":{"id":1110116752,"kind":"natural","cat":"beach","name":"Chikale Beach"}},
{"type":"Feature","geometry":{"type":"Polygon","coordinates":[[[35.17835,-15.82758],[35.17863,-15.82766],[35.17861,-15.82772],[35.17852,-15.8277],[35.17849,-15.82776],[35.17842,-15.82774],[35.17845,-15.82768],[35.17833,-15.82764],[35.17835,-15.82758]]]},"properties":{"id":1148832818,"kind":"poi","cat":"hostel","name":""}},
{"type":"Feature","geometry":{"type":"Polygon","coordinates":[[[35.17846,-15.8272],[35.17858,-15.82722],[35.1786,-15.82712],[35.17866,-15.82713],[35.17864,-15.82723],[35.17876,-15.82726],[35.17875,-15.82732],[35.17845,-15.82726],[35.17846,-15.8272]]]},"properties":{"id":1148832819,"kind":"poi","cat":"hostel","name":""}},
{"type":"Feature","geometry":{"type":"Polygon","coordinates":[[[35.17895,-15.82709],[35.17912,-15.82698],[35.17928,-15.82688],[35.17934,-15.82695],[35.17901,-15.82718],[35.17895,-15.82709]]]},"properties":{"id":1148832825,"kind":"poi","cat":"hostel","name":""}},
{"type":"Feature","geometry":{"type":"Polygon","coordinates":[[[35.17916,-15.82736],[35.17947,-15.82714],[35.17953,-15.82723],[35.1792,-15.82744],[35.17916,-15.82736]]]},"properties":{"id":1148832826,"kind":"poi","cat":"hostel","name":""}},
{"type":"Feature","geometry":{"type":"Polygon","coordinates":[[[35.17935,-15.82765],[35.17951,-15.82754],[35.17966,-15.82744],[35.17971,-15.82751],[35.17956,-15.82761],[35.1794,-15.82772],[35.17935,-15.82765]]]},"properties":{"id":1148832827,"kind":"poi","cat":"hostel","name":""}},
{"type":"Feature","geometry":{"type":"Polygon","coordinates":[[[35.17963,-15.82785],[35.17982,-15.82773],[35.17996,-15.82764],[35.18001,-15.82771],[35.17968,-15.82792],[35.17963,-15.82785]]]},"properties":{"id":1148832828,"kind":"poi","cat":"hostel","name":""}},
{"type":"Feature","geometry":{"type":"Polygon","coordinates":[[[35.17994,-15.82707],[35.18004,-15.82713],[35.17994,-15.82728],[35.17982,-15.82746],[35.17975,-15.82741],[35.17985,-15.82723],[35.17994,-15.82707]]]},"properties":{"id":1148832829,"kind":"poi","cat":"hostel","name":""}},
{"type":"Feature","geometry":{"type":"Polygon","coordinates":[[[35.18023,-15.82725],[35.18033,-15.8273],[35.18012,-15.82762],[35.18004,-15.82759],[35.18014,-15.82741],[35.18023,-15.82725]]]},"properties":{"id":1148832830,"kind":"poi","cat":"hostel","name":""}},
{"type":"Feature","geometry":{"type":"Polygon","coordinates":[[[35.18021,-15.82668],[35.18029,-15.82672],[35.18021,-15.82686],[35.18009,-15.82705],[35.18001,-15.827],[35.18012,-15.82681],[35.18021,-15.82668]]]},"properties":{"id":1148832831,"kind":"poi","cat":"hostel","name":""}},
{"type":"Feature","geometry":{"type":"Polygon","coordinates":[[[35.1798,-15.82668],[35.17988,-15.82671],[35.17969,-15.82703],[35.17962,-15.82698],[35.17972,-15.82681],[35.1798,-15.82668]]]},"properties":{"id":1148832832,"kind":"poi","cat":"hostel","name":""}},
{"type":"Feature","geometry":{"type":"Polygon","coordinates":[[[35.1805,-15.82686],[35.1806,-15.8269],[35.18038,-15.82723],[35.18029,-15.82718],[35.1804,-15.82701],[35.1805,-15.82686]]]},"properties":{"id":1148832833,"kind":"poi","cat":"hostel","name":""}},
{"type":"Feature","geometry":{"type":"Polygon","coordinates":[[[35.18057,-15.82639],[35.18069,-15.82641],[35.18062,-15.82678],[35.18052,-15.82677],[35.18055,-15.82657],[35.18057,-15.82639]]]},"properties":{"id":1148832834,"kind":"poi","cat":"hostel","name":""}},
{"type":"Feature","geometry":{"type":"Polygon","coordinates":[[[35.18029,-15.82617],[35.1804,-15.82619],[35.18036,-15.82639],[35.18032,-15.82657],[35.18022,-15.82657],[35.18027,-15.82638],[35.18029,-15.82617]]]},"properties":{"id":1148832835,"kind":"poi","cat":"hostel","name":""}},
{"type":"Feature","geometry":{"type":"Polygon","coordinates":[[[35.17997,-15.82613],[35.18007,-15.82615],[35.18,-15.82653],[35.1799,-15.82651],[35.17993,-15.82632],[35.17997,-15.82613]]]},"properties":{"id":1148832836,"kind":"poi","cat":"hostel","name":""}},
{"type":"Feature","geometry":{"type":"Polygon","coordinates":[[[35.17953,-15.82649],[35.17962,-15.82653],[35.17953,-15.82666],[35.1794,-15.82686],[35.17932,-15.82681],[35.17945,-15.82661],[35.17953,-15.82649]]]},"properties":{"id":1148832837,"kind":"poi","cat":"hostel","name":""}},
{"type":"Feature","geometry":{"type":"Polygon","coordinates":[[[35.17962,-15.82604],[35.17975,-15.82605],[35.17971,-15.82623],[35.17966,-15.82644],[35.17957,-15.82643],[35.17959,-15.82625],[35.17962,-15.82604]]]},"properties":{"id":1148832838,"kind":"poi","cat":"hostel","name":""}},
{"type":"Feature","geometry":{"type":"Polygon","coordinates":[[[35.17754,-15.82869],[35.17773,-15.8287],[35.17774,-15.8286],[35.17755,-15.82859],[35.17754,-15.82869]]]},"properties":{"id":1148841586,"kind":"poi","cat":"hostel","name":""}},
{"type":"Feature","geometry":{"type":"Polygon","coordinates":[[[35.17774,-15.8285],[35.17756,-15.8285],[35.17756,-15.8284],[35.17774,-15.8284],[35.17774,-15.8285]]]},"properties":{"id":1148841587,"kind":"poi","cat":"hostel","name":""}},
{"type":"Feature","geometry":{"type":"Polygon","coordinates":[[[35.17743,-15.82849],[35.17724,-15.82848],[35.17724,-15.82838],[35.17743,-15.82839],[35.17743,-15.82849]]]},"properties":{"id":1148841588,"kind":"poi","cat":"hostel","name":""}},
{"type":"Feature","geometry":{"type":"Polygon","coordinates":[[[35.17781,-15.82829],[35.17757,-15.82829],[35.17757,-15.82819],[35.17768,-15.82819],[35.17768,-15.82816],[35.17774,-15.82816],[35.17774,-15.82819],[35.17781,-15.82819],[35.17781,-15.82829]]]},"properties":{"id":1148841591,"kind":"poi","cat":"hostel","name":""}},
{"type":"Feature","geometry":{"type":"Polygon","coordinates":[[[35.17757,-15.82812],[35.17783,-15.82812],[35.17784,-15.82803],[35.17776,-15.82803],[35.17777,-15.82799],[35.1777,-15.82798],[35.1777,-15.82801],[35.17757,-15.82801],[35.17757,-15.82812]]]},"properties":{"id":1148841592,"kind":"poi","cat":"hostel","name":""}},
{"type":"Feature","geometry":{"type":"Polygon","coordinates":[[[35.17725,-15.82828],[35.17744,-15.82829],[35.17744,-15.82819],[35.17725,-15.82819],[35.17725,-15.82828]]]},"properties":{"id":1148841593,"kind":"poi","cat":"hostel","name":""}},
{"type":"Feature","geometry":{"type":"Polygon","coordinates":[[[35.17745,-15.82799],[35.17725,-15.82798],[35.17726,-15.82789],[35.17745,-15.8279],[35.17745,-15.82799]]]},"properties":{"id":1148841595,"kind":"poi","cat":"hostel","name":""}},
{"type":"Feature","geometry":{"type":"Polygon","coordinates":[[[35.17764,-15.82785],[35.17767,-15.82777],[35.17753,-15.82773],[35.17751,-15.82781],[35.17764,-15.82785]]]},"properties":{"id":1148841596,"kind":"poi","cat":"hostel","name":""}},
{"type":"Feature","geometry":{"type":"Polygon","coordinates":[[[35.178,-15.82746],[35.17828,-15.82755],[35.17826,-15.82762],[35.17815,-15.82758],[35.17812,-15.82766],[35.17805,-15.82764],[35.17808,-15.82757],[35.17797,-15.82753],[35.178,-15.82746]]]},"properties":{"id":1148841668,"kind":"poi","cat":"hostel","name":""}},
{"type":"Feature","geometry":{"type":"Polygon","coordinates":[[[35.17763,-15.82733],[35.17793,-15.82743],[35.1779,-15.8275],[35.17779,-15.82746],[35.17775,-15.82756],[35.17769,-15.82754],[35.17771,-15.82746],[35.1776,-15.82742],[35.17763,-15.82733]]]},"properties":{"id":1148841669,"kind":"poi","cat":"hostel","name":""}},
{"type":"Feature","geometry":{"type":"Polygon","coordinates":[[[35.17768,-15.82712],[35.17798,-15.82718],[35.17799,-15.82712],[35.17788,-15.8271],[35.1779,-15.827],[35.17783,-15.82699],[35.17781,-15.82708],[35.1777,-15.82706],[35.17768,-15.82712]]]},"properties":{"id":1148841670,"kind":"poi","cat":"hostel","name":""}},
{"type":"Feature","geometry":{"type":"Polygon","coordinates":[[[35.17807,-15.82714],[35.17806,-15.8272],[35.17835,-15.82727],[35.17836,-15.8272],[35.17824,-15.82717],[35.17826,-15.82709],[35.1782,-15.82707],[35.17818,-15.82716],[35.17807,-15.82714]]]},"properties":{"id":1148841671,"kind":"poi","cat":"hostel","name":""}},
{"type":"Feature","geometry":{"type":"Polygon","coordinates":[[[34.10199,-14.04668],[34.10299,-14.04629],[34.10321,-14.04682],[34.10286,-14.04696],[34.10222,-14.04721],[34.10199,-14.04668]]]},"properties":{"id":1152688720,"kind":"poi","cat":"hostel","name":""}},
{"type":"Feature","geometry":{"type":"Polygon","coordinates":[[[34.10147,-14.04344],[34.10124,-14.04339],[34.10127,-14.04326],[34.1012,-14.04325],[34.10122,-14.04317],[34.10128,-14.04319],[34.1013,-14.0431],[34.10135,-14.04311],[34.10135,-14.04308],[34.10154,-14.04312],[34.10147,-14.04344]]]},"properties":{"id":1152694464,"kind":"poi","cat":"guest_house","name":""}},
{"type":"Feature","geometry":{"type":"Polygon","coordinates":[[[34.10616,-14.03744],[34.10618,-14.03745],[34.10621,-14.03737],[34.10627,-14.03739],[34.1063,-14.0373],[34.10641,-14.03734],[34.10638,-14.03742],[34.10644,-14.03744],[34.1063,-14.03783],[34.10628,-14.03782],[34.10625,-14.03793],[34.10619,-14.03791],[34.10617,-14.03796],[34.10609,-14.03793],[34.1061,-14.0379],[34.10604,-14.03789],[34.10608,-14.03779],[34.10604,-14.03778],[34.10616,-14.03744]]]},"properties":{"id":1152697039,"kind":"poi","cat":"hostel","name":"Nursing Hostels"}},
{"type":"Feature","geometry":{"type":"Polygon","coordinates":[[[35.75661,-15.8445],[35.75665,-15.8445],[35.75666,-15.84461],[35.75663,-15.84461],[35.75661,-15.8445]]]},"properties":{"id":1159743430,"kind":"poi","cat":"hotel","name":""}},
{"type":"Feature","geometry":{"type":"Polygon","coordinates":[[[34.3103,-11.63961],[34.31019,-11.63955],[34.31005,-11.63969],[34.30997,-11.64001],[34.3099,-11.64036],[34.30992,-11.64044],[34.31007,-11.64047],[34.31004,-11.64044],[34.31002,-11.6404],[34.31001,-11.64025],[34.31003,-11.64011],[34.31017,-11.63968],[34.31024,-11.63963],[34.3103,-11.63961]]]},"properties":{"id":1165490679,"kind":"natural","cat":"beach","name":"Lusuewi Beach"}},
{"type":"Feature","geometry":{"type":"Polygon","coordinates":[[[34.95694,-14.98954],[34.95694,-14.98954],[34.95694,-14.98956],[34.95684,-14.98991],[34.95676,-14.98988],[34.9568,-14.98972],[34.95669,-14.98969],[34.95662,-14.98967],[34.95668,-14.98944],[34.95664,-14.98943],[34.95667,-14.98934],[34.95675,-14.98936],[34.95677,-14.98928],[34.95702,-14.98933],[34.957,-14.98944],[34.95706,-14.98945],[34.95708,-14.98937],[34.9572,-14.9894],[34.95718,-14.98947],[34.95719,-14.98948],[34.95708,-14.98994],[34.95699,-14.98992],[34.95708,-14.98955],[34.95695,-14.98951],[34.95694,-14.98954]]]},"properties":{"id":1183695325,"kind":"poi","cat":"motel","name":"Mlambe Motel"}},
{"type":"Feature","geometry":{"type":"Polygon","coordinates":[[[34.95281,-14.98819],[34.95282,-14.9882],[34.95282,-14.9882],[34.95285,-14.9882],[34.95287,-14.98815],[34.95291,-14.98817],[34.9529,-14.98821],[34.9529,-14.98821],[34.95289,-14.98826],[34.95281,-14.98824],[34.9528,-14.98828],[34.95298,-14.98832],[34.95296,-14.98839],[34.95274,-14.98835],[34.95273,-14.98834],[34.9527,-14.98847],[34.95257,-14.98843],[34.9526,-14.98832],[34.95256,-14.98831],[34.9526,-14.98814],[34.95277,-14.98818],[34.95277,-14.98819],[34.95281,-14.98819]]]},"properties":{"id":1183711898,"kind":"poi","cat":"hotel","name":"Chiyembekezo Motel"}},
{"type":"Feature","geometry":{"type":"Polygon","coordinates":[[[34.51843,-13.99448],[34.51852,-13.9941],[34.5187,-13.994],[34.51892,-13.99396],[34.51918,-13.99394],[34.51951,-13.99395],[34.51957,-13.99411],[34.51959,-13.99428],[34.51956,-13.99463],[34.51955,-13.99487],[34.5193,-13.99497],[34.51901,-13.99496],[34.51879,-13.99485],[34.5184,-13.99482],[34.51843,-13.99448]]]},"properties":{"id":1211552602,"kind":"poi","cat":"hotel","name":"Lake View Lodge"}},
{"type":"Feature","geometry":{"type":"Polygon","coordinates":[[[34.50184,-13.99633],[34.50193,-13.99633],[34.50195,-13.99675],[34.50186,-13.99676],[34.50184,-13.99633]]]},"properties":{"id":1211552605,"kind":"poi","cat":"hostel","name":"Girls Hostel"}},
{"type":"Feature","geometry":{"type":"Polygon","coordinates":[[[34.29879,-11.60486],[34.29881,-11.6048],[34.29889,-11.60482],[34.29887,-11.60488],[34.29879,-11.60486]]]},"properties":{"id":1212693966,"kind":"poi","cat":"hotel","name":"Kupenja"}},
{"type":"Feature","geometry":{"type":"Polygon","coordinates":[[[34.29893,-11.60488],[34.29898,-11.6049],[34.29895,-11.60499],[34.2989,-11.60497],[34.29893,-11.60488]]]},"properties":{"id":1212693968,"kind":"poi","cat":"hotel","name":""}},
{"type":"Feature","geometry":{"type":"Polygon","coordinates":[[[34.29904,-11.60432],[34.29901,-11.60436],[34.29914,-11.60444],[34.29917,-11.60441],[34.29904,-11.60432]]]},"properties":{"id":1212705755,"kind":"poi","cat":"hotel","name":""}},
{"type":"Feature","geometry":{"type":"Polygon","coordinates":[[[35.16827,-16.41728],[35.16827,-16.41721],[35.16792,-16.4172],[35.16792,-16.41727],[35.16801,-16.41728],[35.168,-16.41747],[35.16814,-16.41748],[35.16814,-16.41737],[35.16822,-16.41737],[35.16822,-16.41728],[35.16827,-16.41728]]]},"properties":{"id":1214641247,"kind":"poi","cat":"guest_house","name":"Muona Lodge"}},
{"type":"Feature","geometry":{"type":"Polygon","coordinates":[[[34.29849,-11.60448],[34.29862,-11.60436],[34.29871,-11.60428],[34.2988,-11.60421],[34.29896,-11.60403],[34.29912,-11.60376],[34.29924,-11.60385],[34.29927,-11.60398],[34.29937,-11.60404],[34.29951,-11.60411],[34.29953,-11.60433],[34.29951,-11.60443],[34.29942,-11.60452],[34.29937,-11.60468],[34.29924,-11.60477],[34.29904,-11.60483],[34.29894,-11.60485],[34.2989,-11.6048],[34.29873,-11.60477],[34.29866,-11.60466],[34.29858,-11.60454],[34.29849,-11.60448]]]},"properties":{"id":1227711709,"kind":"poi","cat":"guest_house","name":"Soul Rebel Lodge & Backpackers","operator":"Private"}},
{"type":"Feature","geometry":{"type":"Polygon","coordinates":[[[34.31138,-13.76226],[34.31124,-13.76226],[34.31074,-13.76207],[34.30946,-13.7621],[34.30934,-13.76227],[34.30917,-13.76236],[34.30982,-13.76255],[34.3101,-13.7625],[34.31046,-13.76271],[34.31057,-13.76299],[34.31139,-13.76314],[34.31138,-13.76226]]]},"properties":{"id":1257361659,"kind":"poi","cat":"attraction","name":"mphuzi hills camping site","description":"Accomodation, Bar  and Entertainment","operator":"Mr T.K Muva"}},
{"type":"Feature","geometry":{"type":"Polygon","coordinates":[[[33.96003,-11.40052],[33.95999,-11.40057],[33.96004,-11.40062],[33.96009,-11.40056],[33.96003,-11.40052]]]},"properties":{"id":1272585090,"kind":"poi","cat":"guest_house","name":"Dunduzu Village Lodge"}},
{"type":"Feature","geometry":{"type":"Polygon","coordinates":[[[33.95998,-11.39994],[33.95977,-11.4003],[33.95988,-11.4004],[33.95986,-11.40048],[33.95969,-11.40077],[33.95974,-11.40083],[33.95976,-11.40081],[33.96003,-11.40093],[33.96024,-11.40066],[33.96042,-11.40016],[33.96001,-11.39996],[33.95998,-11.39994]]]},"properties":{"id":1272585098,"kind":"poi","cat":"guest_house","name":"Dunduzu Village Lodge"}},
{"type":"Feature","geometry":{"type":"Polygon","coordinates":[[[34.86031,-14.10319],[34.86041,-14.10322],[34.86061,-14.10332],[34.86067,-14.10346],[34.86072,-14.10352],[34.8608,-14.10356],[34.8609,-14.10354],[34.86095,-14.10349],[34.86105,-14.10344],[34.86114,-14.10346],[34.86139,-14.10359],[34.86148,-14.1037],[34.8616,-14.10393],[34.8617,-14.10411],[34.86185,-14.10429],[34.86193,-14.10449],[34.86192,-14.10458],[34.8618,-14.10474],[34.86174,-14.10455],[34.86153,-14.10415],[34.86144,-14.10401],[34.86137,-14.10394],[34.86129,-14.10392],[34.8612,-14.10393],[34.86113,-14.10395],[34.86107,-14.10398],[34.86102,-14.10403],[34.861,-14.10405],[34.86097,-14.10406],[34.86091,-14.10403],[34.86082,-14.10402],[34.86078,-14.10403],[34.86076,-14.10404],[34.86072,-14.10409],[34.86066,-14.10411],[34.86062,-14.10411],[34.8606,-14.1041],[34.86059,-14.10407],[34.8606,-14.10404],[34.86063,-14.10399],[34.86064,-14.10391],[34.8606,-14.10379],[34.86056,-14.10363],[34.86048,-14.10344],[34.86041,-14.1033],[34.86031,-14.10319]]]},"properties":{"id":1274546833,"kind":"natural","cat":"beach","name":""}},
{"type":"Feature","geometry":{"type":"Polygon","coordinates":[[[33.74492,-13.5844],[33.74358,-13.58576],[33.7442,-13.58614],[33.74459,-13.5864],[33.74482,-13.58655],[33.7456,-13.5869],[33.74575,-13.58719],[33.74614,-13.58687],[33.74631,-13.58675],[33.74648,-13.58657],[33.74621,-13.58605],[33.74606,-13.58574],[33.74585,-13.58534],[33.74547,-13.58488],[33.74492,-13.5844]]]},"properties":{"id":1275030086,"kind":"poi","cat":"hotel","name":"Chikto Hotel","website":"https://chikhohotels.com/","phone":"+265 999 28 43 79"}},
{"type":"Feature","geometry":{"type":"Polygon","coordinates":[[[34.51942,-13.9994],[34.51953,-13.99937],[34.51957,-13.99952],[34.51945,-13.99955],[34.51942,-13.9994]]]},"properties":{"id":1301528790,"kind":"poi","cat":"guest_house","name":""}},
{"type":"Feature","geometry":{"type":"Polygon","coordinates":[[[34.51953,-13.99906],[34.51962,-13.99905],[34.51963,-13.99912],[34.51955,-13.99914],[34.51953,-13.99906]]]},"properties":{"id":1301528791,"kind":"poi","cat":"guest_house","name":""}},
{"type":"Feature","geometry":{"type":"Polygon","coordinates":[[[34.51964,-13.99904],[34.51973,-13.99903],[34.51974,-13.9991],[34.51966,-13.99912],[34.51964,-13.99904]]]},"properties":{"id":1301528792,"kind":"poi","cat":"guest_house","name":""}},
{"type":"Feature","geometry":{"type":"Polygon","coordinates":[[[34.51975,-13.99902],[34.51984,-13.99901],[34.51985,-13.99908],[34.51977,-13.9991],[34.51975,-13.99902]]]},"properties":{"id":1301528793,"kind":"poi","cat":"guest_house","name":""}},
{"type":"Feature","geometry":{"type":"Polygon","coordinates":[[[34.51958,-13.99915],[34.51967,-13.99913],[34.51968,-13.99921],[34.51959,-13.99922],[34.51958,-13.99915]]]},"properties":{"id":1301528794,"kind":"poi","cat":"guest_house","name":""}},
{"type":"Feature","geometry":{"type":"Polygon","coordinates":[[[34.52047,-13.9994],[34.52071,-13.99937],[34.52072,-13.99946],[34.52048,-13.99949],[34.52047,-13.9994]]]},"properties":{"id":1301528795,"kind":"poi","cat":"guest_house","name":"Chitsulo Lodge and Conference Hotel"}},
{"type":"Feature","geometry":{"type":"Polygon","coordinates":[[[34.52052,-13.9997],[34.52059,-13.99969],[34.5206,-13.99974],[34.52076,-13.99972],[34.52077,-13.99982],[34.52054,-13.99985],[34.52052,-13.9997]]]},"properties":{"id":1301528796,"kind":"poi","cat":"guest_house","name":"Chitsulo Lodge and Conference Hotel"}},
{"type":"Feature","geometry":{"type":"Polygon","coordinates":[[[34.51886,-13.99353],[34.51892,-13.99394],[34.51961,-13.99385],[34.51955,-13.99344],[34.51886,-13.99353]]]},"properties":{"id":1301528825,"kind":"poi","cat":"hotel","name":""}},
{"type":"Feature","geometry":{"type":"Polygon","coordinates":[[[33.13852,-13.0831],[33.13901,-13.08352],[33.13929,-13.08375],[33.13977,-13.08381],[33.13976,-13.08343],[33.13984,-13.08298],[33.13967,-13.08194],[33.13901,-13.08197],[33.13911,-13.08232],[33.13904,-13.08239],[33.13882,-13.0822],[33.13851,-13.08252],[33.1388,-13.08275],[33.13852,-13.0831]]]},"properties":{"id":1301587120,"kind":"poi","cat":"hotel","name":"Lifupa Lodge"}},
{"type":"Feature","geometry":{"type":"Polygon","coordinates":[[[33.13821,-13.08628],[33.13871,-13.08615],[33.13879,-13.0862],[33.13831,-13.0875],[33.13779,-13.08732],[33.13787,-13.08712],[33.13758,-13.08699],[33.13765,-13.08673],[33.13786,-13.0865],[33.13821,-13.08628]]]},"properties":{"id":1301587122,"kind":"poi","cat":"camp_site","name":"Lifupa campsite"}},
{"type":"Feature","geometry":{"type":"Polygon","coordinates":[[[33.14858,-13.04964],[33.14842,-13.0504],[33.14942,-13.0506],[33.14958,-13.04983],[33.14858,-13.04964]]]},"properties":{"id":1301608453,"kind":"poi","cat":"camp_site","name":"Kasungu National Park Youth Camp"}},
{"type":"Feature","geometry":{"type":"Polygon","coordinates":[[[33.15269,-13.04739],[33.15263,-13.04747],[33.15277,-13.04756],[33.15282,-13.04747],[33.15269,-13.04739]]]},"properties":{"id":1301608454,"kind":"poi","cat":"guest_house","name":"Guest House"}},
{"type":"Feature","geometry":{"type":"Polygon","coordinates":[[[33.24268,-13.11916],[33.24256,-13.12065],[33.24237,-13.12071],[33.24224,-13.12135],[33.24303,-13.12149],[33.24316,-13.12084],[33.2439,-13.12063],[33.24401,-13.11926],[33.24268,-13.11916]]]},"properties":{"id":1301608455,"kind":"poi","cat":"camp_site","name":"Lisuthu Ranger Camp"}},
{"type":"Feature","geometry":{"type":"Polygon","coordinates":[[[33.19849,-13.21047],[33.19809,-13.21154],[33.1988,-13.21179],[33.1992,-13.21072],[33.19849,-13.21047]]]},"properties":{"id":1301608458,"kind":"poi","cat":"camp_site","name":"Lisitu Ranger Camp"}},
{"type":"Feature","geometry":{"type":"Polygon","coordinates":[[[35.02654,-15.80353],[35.02662,-15.80346],[35.02687,-15.8037],[35.02679,-15.80378],[35.02654,-15.80353]]]},"properties":{"id":1309292996,"kind":"poi","cat":"hostel","name":"Nyika A","operator":"Malawi University of Business and Applied Sciences"}},
{"type":"Feature","geometry":{"type":"Polygon","coordinates":[[[35.02646,-15.80369],[35.02637,-15.80376],[35.02663,-15.80401],[35.02671,-15.80392],[35.02646,-15.80369]]]},"properties":{"id":1309292997,"kind":"poi","cat":"hostel","name":"Nyika B","operator":"Malawi University of Business and Applied Sciences"}},
{"type":"Feature","geometry":{"type":"Polygon","coordinates":[[[35.02565,-15.80393],[35.02568,-15.80391],[35.02574,-15.80386],[35.02599,-15.80411],[35.0259,-15.8042],[35.02565,-15.80393]]]},"properties":{"id":1309292998,"kind":"poi","cat":"hostel","name":"Ndirande B","operator":"MALAWI UNIVERSITY OF BUSINESS AND APPLIED SCIENCES"}},
{"type":"Feature","geometry":{"type":"Polygon","coordinates":[[[35.02587,-15.80378],[35.02596,-15.80371],[35.02609,-15.80384],[35.02622,-15.80396],[35.02613,-15.80403],[35.02587,-15.80378]]]},"properties":{"id":1309292999,"kind":"poi","cat":"hostel","name":"Ndirande A","operator":"Malawi University of Business and Applied Sciences"}},
{"type":"Feature","geometry":{"type":"Polygon","coordinates":[[[35.02586,-15.80324],[35.02594,-15.80317],[35.02607,-15.8033],[35.02619,-15.80342],[35.0261,-15.80349],[35.02586,-15.80324]]]},"properties":{"id":1309293000,"kind":"poi","cat":"hostel","name":"Kapeni A","operator":"Malawi University of Business and Applied Sciences"}},
{"type":"Feature","geometry":{"type":"Polygon","coordinates":[[[35.02563,-15.8034],[35.02572,-15.80332],[35.02595,-15.80356],[35.02587,-15.80364],[35.02563,-15.8034]]]},"properties":{"id":1309293001,"kind":"poi","cat":"hostel","name":"Kapeni B","operator":"Malawi University of Business and Applied Sciences"}},
{"type":"Feature","geometry":{"type":"Polygon","coordinates":[[[35.03866,-15.79961],[35.03865,-15.79968],[35.03868,-15.79969],[35.03868,-15.79971],[35.03875,-15.79972],[35.03875,-15.7997],[35.03883,-15.79971],[35.03884,-15.79963],[35.03866,-15.79961]]]},"properties":{"id":1309293002,"kind":"poi","cat":"hostel","name":"poly alley 5","operator":"Malawi University of Business and Applied Sciences"}},
{"type":"Feature","geometry":{"type":"Polygon","coordinates":[[[35.03893,-15.79972],[35.03901,-15.79973],[35.03901,-15.79975],[35.03907,-15.79976],[35.03907,-15.79974],[35.0391,-15.79975],[35.03912,-15.79966],[35.03894,-15.79964],[35.03893,-15.79972]]]},"properties":{"id":1309293003,"kind":"poi","cat":"hostel","name":"poly alley 4","operator":"Malawi University of Business and Applied Sciences"}},
{"type":"Feature","geometry":{"type":"Polygon","coordinates":[[[35.0391,-15.80014],[35.03918,-15.80015],[35.03918,-15.80013],[35.03926,-15.80014],[35.03926,-15.80024],[35.03909,-15.80022],[35.0391,-15.80014]]]},"properties":{"id":1309293004,"kind":"poi","cat":"hostel","name":"poly alley 1","operator":"Malawi University of Business and Applied Sciences"}},
{"type":"Feature","geometry":{"type":"Polygon","coordinates":[[[35.03884,-15.80009],[35.03883,-15.80018],[35.03901,-15.8002],[35.03903,-15.80012],[35.03891,-15.80011],[35.03891,-15.80008],[35.03884,-15.80007],[35.03884,-15.80009]]]},"properties":{"id":1309293005,"kind":"poi","cat":"hostel","name":"poly alley 2","operator":"Malawi University of Business and Applied Sciences"}},
{"type":"Feature","geometry":{"type":"Polygon","coordinates":[[[35.0386,-15.80015],[35.03876,-15.80017],[35.03876,-15.80009],[35.03867,-15.80007],[35.03867,-15.80005],[35.03862,-15.80004],[35.03861,-15.80006],[35.03859,-15.80005],[35.03857,-15.80014],[35.0386,-15.80015]]]},"properties":{"id":1309293006,"kind":"poi","cat":"hostel","name":"poly alley 3","operator":"Malawi University of Business and Applied Sciences"}},
{"type":"Feature","geometry":{"type":"Polygon","coordinates":[[[35.39866,-14.59488],[35.39867,-14.59279],[35.39878,-14.59155],[35.39884,-14.59037],[35.39884,-14.58921],[35.39883,-14.58698],[35.39875,-14.58612],[35.39815,-14.58076],[35.39628,-14.57737],[35.39599,-14.57637],[35.3961,-14.57563],[35.39559,-14.57415],[35.3955,-14.57402],[35.3947,-14.57429],[35.39409,-14.57393],[35.39433,-14.57343],[35.39414,-14.57289],[35.39376,-14.57226],[35.39312,-14.57134],[35.39236,-14.56994],[35.39217,-14.56907],[35.39184,-14.56741],[35.39086,-14.56631],[35.39035,-14.56562],[35.38914,-14.5637],[35.38868,-14.56325],[35.38694,-14.56156],[35.38593,-14.55916],[35.38534,-14.55783],[35.38489,-14.55722],[35.38436,-14.55651],[35.38419,-14.55614],[35.38308,-14.55387],[35.38278,-14.55294],[35.38265,-14.55225],[35.38257,-14.55165],[35.38259,-14.55131],[35.38256,-14.55078],[35.38233,-14.55009],[35.38227,-14.54958],[35.38199,-14.54862],[35.38175,-14.54794],[35.38089,-14.54669],[35.38291,-14.54525],[35.3854,-14.5444],[35.38761,-14.54379],[35.39075,-14.54323],[35.39162,-14.54135],[35.39288,-14.53827],[35.39308,-14.53762],[35.39393,-14.53507],[35.39424,-14.53397],[35.39459,-14.53192],[35.39492,-14.52981],[35.39511,-14.52833],[35.39502,-14.52784],[35.39501,-14.52709],[35.39514,-14.52559],[35.39541,-14.52334],[35.39568,-14.52136],[35.39596,-14.51928],[35.39617,-14.5174],[35.39632,-14.51527],[35.39687,-14.51356],[35.3978,-14.51338],[35.39817,-14.51328],[35.4016,-14.51226],[35.40352,-14.51229],[35.40485,-14.5121],[35.40549,-14.51145],[35.40667,-14.51089],[35.40746,-14.51093],[35.40887,-14.51096],[35.40996,-14.51076],[35.4112,-14.51068],[35.41243,-14.51026],[35.41419,-14.50954],[35.41715,-14.50825],[35.41834,-14.5096],[35.41934,-14.51003],[35.41982,-14.51021],[35.42365,-14.51151],[35.42513,-14.51212],[35.42727,-14.51303],[35.42933,-14.51381],[35.43117,-14.51456],[35.43203,-14.51489],[35.43309,-14.51481],[35.43379,-14.51538],[35.43422,-14.51566],[35.43437,-14.51567],[35.43455,-14.51573],[35.43465,-14.51586],[35.43557,-14.51586],[35.43686,-14.51585],[35.43776,-14.5164],[35.43819,-14.51513],[35.43852,-14.51409],[35.43894,-14.51373],[35.43956,-14.51335],[35.43989,-14.51289],[35.44012,-14.51238],[35.44057,-14.51148],[35.44099,-14.51049],[35.44068,-14.50946],[35.44019,-14.50781],[35.44016,-14.50775],[35.44023,-14.50753],[35.44043,-14.50657],[35.44078,-14.5051],[35.44089,-14.50467],[35.44098,-14.5042],[35.44118,-14.5033],[35.44114,-14.50294],[35.44089,-14.50261],[35.44101,-14.50175],[35.44108,-14.50137],[35.4422,-14.50095],[35.44398,-14.50121],[35.44507,-14.5014],[35.44601,-14.50202],[35.44714,-14.50274],[35.44828,-14.50338],[35.4499,-14.50464],[35.4517,-14.50345],[35.45266,-14.50016],[35.45282,-14.49959],[35.45187,-14.49534],[35.45117,-14.49396],[35.45123,-14.49309],[35.45133,-14.49275],[35.45103,-14.49196],[35.45038,-14.49035],[35.44987,-14.48926],[35.44979,-14.48775],[35.44971,-14.48685],[35.4498,-14.48585],[35.44993,-14.48476],[35.4504,-14.48352],[35.45075,-14.48218],[35.45094,-14.48113],[35.45084,-14.47956],[35.45083,-14.47803],[35.45084,-14.4764],[35.45082,-14.47366],[35.44982,-14.47257],[35.44666,-14.47037],[35.44679,-14.46914],[35.44695,-14.46811],[35.44697,-14.46797],[35.44726,-14.46715],[35.44728,-14.46703],[35.44723,-14.46551],[35.4472,-14.46515],[35.44712,-14.46489],[35.44698,-14.46348],[35.44695,-14.46327],[35.44691,-14.46322],[35.44678,-14.46245],[35.44675,-14.4622],[35.44667,-14.46116],[35.44669,-14.46077],[35.44679,-14.46051],[35.44699,-14.45939],[35.4471,-14.45883],[35.44729,-14.45805],[35.44748,-14.4574],[35.44837,-14.45615],[35.44876,-14.45557],[35.44891,-14.45526],[35.4491,-14.45479],[35.44938,-14.45381],[35.44961,-14.45289],[35.44974,-14.45194],[35.45013,-14.45105],[35.45049,-14.45006],[35.45062,-14.44966],[35.45082,-14.44902],[35.45101,-14.44814],[35.45121,-14.44722],[35.45115,-14.44692],[35.45116,-14.44674],[35.45128,-14.44619],[35.45132,-14.44574],[35.45154,-14.4445],[35.45159,-14.44369],[35.45165,-14.44339],[35.45175,-14.44283],[35.45167,-14.44254],[35.45139,-14.44225],[35.45099,-14.44148],[35.45077,-14.4412],[35.45047,-14.44095],[35.4504,-14.44067],[35.45056,-14.44035],[35.45063,-14.44017],[35.45074,-14.43999],[35.45069,-14.43961],[35.45074,-14.43948],[35.45039,-14.43926],[35.45021,-14.43904],[35.45019,-14.43875],[35.45004,-14.43842],[35.44995,-14.43828],[35.44984,-14.43816],[35.44973,-14.43808],[35.4496,-14.43802],[35.44925,-14.43798],[35.44949,-14.43698],[35.44972,-14.43578],[35.45014,-14.43409],[35.4505,-14.43253],[35.45057,-14.43205],[35.45059,-14.43196],[35.45061,-14.43192],[35.45064,-14.43186],[35.45067,-14.43177],[35.45073,-14.43165],[35.45078,-14.43152],[35.45093,-14.43104],[35.45106,-14.43071],[35.45123,-14.4303],[35.45127,-14.43019],[35.45128,-14.43014],[35.45131,-14.42991],[35.45138,-14.42972],[35.45143,-14.42962],[35.45161,-14.42919],[35.45178,-14.42876],[35.45317,-14.42957],[35.4537,-14.42901],[35.45423,-14.42805],[35.45592,-14.42741],[35.45716,-14.42757],[35.45704,-14.42807],[35.45809,-14.4282],[35.45888,-14.42666],[35.45895,-14.42629],[35.45897,-14.42579],[35.45852,-14.42522],[35.45814,-14.42493],[35.45696,-14.42346],[35.45647,-14.42302],[35.45668,-14.42245],[35.4569,-14.42186],[35.45778,-14.42003],[35.45676,-14.41952],[35.45669,-14.41943],[35.45667,-14.41939],[35.45574,-14.41873],[35.45516,-14.41808],[35.45511,-14.41785],[35.45613,-14.41639],[35.45808,-14.41373],[35.45941,-14.41201],[35.4606,-14.41046],[35.46139,-14.40943],[35.46262,-14.4079],[35.46535,-14.40501],[35.46571,-14.40473],[35.46668,-14.40412],[35.46725,-14.40361],[35.46864,-14.40275],[35.47077,-14.40131],[35.47271,-14.39957],[35.47509,-14.39653],[35.47788,-14.39445],[35.47922,-14.39383],[35.48137,-14.39287],[35.4846,-14.39101],[35.48522,-14.39056],[35.48594,-14.39005],[35.48754,-14.38909],[35.4879,-14.38888],[35.48834,-14.38884],[35.4886,-14.38855],[35.48897,-14.38826],[35.48956,-14.38781],[35.49035,-14.38734],[35.49049,-14.38729],[35.49069,-14.38729],[35.49105,-14.38735],[35.49147,-14.38738],[35.49158,-14.38731],[35.49179,-14.38711],[35.49197,-14.38699],[35.49221,-14.38686],[35.49243,-14.38672],[35.4932,-14.38655],[35.4944,-14.38625],[35.49581,-14.38584],[35.49673,-14.3856],[35.49794,-14.38541],[35.49909,-14.38545],[35.49932,-14.38526],[35.49991,-14.38513],[35.50062,-14.385],[35.50192,-14.38441],[35.5031,-14.38395],[35.50398,-14.38359],[35.50563,-14.38372],[35.50617,-14.38379],[35.50792,-14.38416],[35.50919,-14.38491],[35.51032,-14.3855],[35.51174,-14.38603],[35.51345,-14.38628],[35.51511,-14.38654],[35.5168,-14.38671],[35.51993,-14.3868],[35.52056,-14.38689],[35.52366,-14.38743],[35.52524,-14.38758],[35.52614,-14.38773],[35.5282,-14.38819],[35.53012,-14.38866],[35.532,-14.38974],[35.5323,-14.38992],[35.53363,-14.39089],[35.53497,-14.39178],[35.53603,-14.39241],[35.5368,-14.3929],[35.53861,-14.39411],[35.5389,-14.39431],[35.53992,-14.3949],[35.54078,-14.39536],[35.5416,-14.39699],[35.54247,-14.39961],[35.54304,-14.40017],[35.54413,-14.4012],[35.54504,-14.40204],[35.54625,-14.40243],[35.54791,-14.40305],[35.54914,-14.40366],[35.55132,-14.40385],[35.55234,-14.40446],[35.5531,-14.40502],[35.55557,-14.4071],[35.55764,-14.40885],[35.55745,-14.41052],[35.55745,-14.41257],[35.55742,-14.41432],[35.56,-14.4195],[35.56058,-14.42052],[35.56275,-14.42372],[35.56446,-14.42687],[35.56483,-14.42793],[35.56552,-14.43051],[35.56606,-14.43339],[35.56661,-14.43442],[35.56837,-14.43705],[35.56922,-14.4384],[35.57033,-14.4403],[35.57245,-14.44385],[35.57322,-14.44513],[35.5734,-14.44594],[35.57373,-14.44671],[35.57369,-14.44756],[35.57395,-14.44853],[35.57263,-14.44996],[35.57263,-14.44997],[35.57273,-14.45103],[35.57286,-14.45182],[35.57307,-14.45396],[35.57308,-14.45554],[35.57351,-14.45759],[35.57368,-14.45851],[35.57383,-14.45981],[35.57378,-14.46112],[35.57352,-14.46289],[35.57356,-14.46528],[35.57369,-14.46673],[35.57384,-14.47022],[35.57304,-14.47328],[35.57278,-14.47446],[35.57276,-14.47447],[35.57165,-14.47436],[35.57088,-14.47425],[35.5686,-14.47369],[35.5655,-14.47379],[35.56488,-14.47382],[35.56205,-14.47455],[35.5605,-14.47494],[35.55906,-14.47632],[35.55913,-14.4772],[35.55797,-14.4786],[35.55728,-14.47949],[35.5566,-14.48035],[35.5563,-14.48072],[35.55673,-14.48179],[35.55817,-14.48432],[35.55818,-14.48432],[35.55986,-14.48405],[35.56134,-14.48391],[35.56445,-14.48357],[35.56436,-14.48393],[35.56397,-14.48467],[35.5636,-14.48539],[35.56292,-14.48973],[35.56369,-14.49249],[35.56419,-14.49441],[35.56437,-14.49782],[35.56428,-14.49943],[35.56353,-14.50263],[35.56216,-14.50525],[35.56183,-14.5074],[35.56068,-14.50806],[35.56036,-14.51126],[35.56002,-14.51438],[35.55981,-14.5161],[35.55904,-14.51778],[35.55907,-14.51808],[35.55766,-14.52032],[35.55259,-14.52078],[35.55252,-14.52254],[35.55242,-14.52527],[35.55235,-14.5278],[35.55247,-14.52922],[35.55238,-14.52957],[35.55187,-14.53],[35.55112,-14.53051],[35.55052,-14.5305],[35.55004,-14.53033],[35.54974,-14.53012],[35.54925,-14.52969],[35.54769,-14.52884],[35.54702,-14.52844],[35.5461,-14.52675],[35.54516,-14.5273],[35.54479,-14.5281],[35.5444,-14.52853],[35.54363,-14.52941],[35.54392,-14.53039],[35.5432,-14.53211],[35.54284,-14.53304],[35.54326,-14.5346],[35.54353,-14.53463],[35.54408,-14.5349],[35.5441,-14.53546],[35.54402,-14.53638],[35.54312,-14.53702],[35.54273,-14.53731],[35.54205,-14.53828],[35.54153,-14.53996],[35.54162,-14.54085],[35.54146,-14.54171],[35.54117,-14.54255],[35.54115,-14.54379],[35.54094,-14.54435],[35.54051,-14.54476],[35.53943,-14.54561],[35.53901,-14.54601],[35.53833,-14.54607],[35.53782,-14.54621],[35.53747,-14.54627],[35.5361,-14.54622],[35.53548,-14.54615],[35.53414,-14.54565],[35.53344,-14.54537],[35.53279,-14.54529],[35.53118,-14.5447],[35.53102,-14.54465],[35.52989,-14.54441],[35.52927,-14.5443],[35.5289,-14.54426],[35.52827,-14.54419],[35.52671,-14.54381],[35.52605,-14.54357],[35.52518,-14.54372],[35.52424,-14.54401],[35.52386,-14.54436],[35.52209,-14.54452],[35.52059,-14.54493],[35.51908,-14.54525],[35.51824,-14.54545],[35.51748,-14.54578],[35.5172,-14.546],[35.51695,-14.54605],[35.51638,-14.54595],[35.51576,-14.54595],[35.51478,-14.54567],[35.51442,-14.54589],[35.5139,-14.54676],[35.51329,-14.54766],[35.51333,-14.54858],[35.51326,-14.54913],[35.51317,-14.5497],[35.51322,-14.55092],[35.51324,-14.55139],[35.51199,-14.55259],[35.51101,-14.55436],[35.51102,-14.55453],[35.51092,-14.55477],[35.51015,-14.5553],[35.50989,-14.55544],[35.5094,-14.55603],[35.50853,-14.557],[35.5083,-14.55732],[35.50782,-14.55808],[35.50752,-14.55861],[35.50744,-14.55888],[35.50761,-14.55905],[35.50802,-14.55927],[35.50804,-14.55939],[35.50753,-14.55992],[35.50721,-14.56047],[35.50724,-14.56132],[35.50743,-14.56161],[35.5077,-14.56166],[35.50791,-14.56183],[35.50825,-14.56196],[35.50855,-14.56222],[35.5086,-14.56241],[35.50815,-14.56294],[35.50813,-14.56321],[35.50853,-14.5639],[35.50866,-14.56422],[35.50893,-14.56436],[35.50947,-14.56445],[35.51039,-14.56469],[35.51157,-14.5649],[35.51219,-14.56504],[35.51438,-14.56667],[35.51669,-14.56674],[35.51828,-14.56789],[35.52014,-14.56816],[35.52108,-14.56878],[35.52229,-14.56908],[35.52306,-14.56989],[35.52334,-14.57061],[35.52305,-14.57287],[35.52142,-14.57372],[35.52079,-14.57404],[35.52047,-14.57431],[35.52015,-14.5752],[35.51973,-14.5768],[35.51965,-14.57723],[35.5192,-14.57791],[35.51883,-14.57948],[35.51878,-14.58085],[35.51878,-14.58107],[35.51905,-14.58233],[35.51877,-14.58356],[35.51785,-14.58419],[35.51554,-14.5844],[35.51446,-14.58494],[35.51323,-14.58532],[35.51268,-14.58557],[35.51188,-14.58621],[35.51201,-14.5866],[35.51125,-14.58705],[35.51115,-14.58786],[35.51103,-14.58886],[35.51111,-14.59001],[35.51051,-14.59084],[35.51017,-14.59129],[35.50942,-14.5917],[35.50869,-14.59206],[35.50797,-14.59245],[35.50748,-14.59277],[35.50668,-14.59419],[35.50597,-14.59569],[35.50504,-14.59704],[35.50459,-14.59817],[35.50273,-14.59981],[35.50203,-14.60045],[35.50209,-14.60159],[35.50211,-14.60369],[35.50187,-14.60529],[35.50163,-14.60609],[35.50194,-14.61015],[35.50238,-14.61449],[35.50231,-14.61537],[35.50229,-14.61569],[35.50234,-14.61674],[35.50233,-14.61758],[35.50232,-14.6178],[35.50202,-14.61753],[35.5001,-14.61608],[35.49804,-14.61268],[35.49625,-14.61161],[35.49444,-14.61058],[35.49311,-14.61168],[35.49121,-14.61361],[35.49014,-14.61451],[35.48999,-14.61455],[35.48833,-14.61386],[35.48665,-14.61531],[35.48585,-14.61605],[35.48501,-14.61563],[35.48473,-14.61518],[35.48429,-14.61426],[35.48377,-14.61348],[35.48354,-14.61326],[35.48305,-14.61307],[35.48156,-14.61261],[35.48082,-14.61176],[35.47947,-14.61124],[35.47833,-14.61047],[35.47699,-14.60934],[35.476,-14.60855],[35.47493,-14.60787],[35.47401,-14.60737],[35.47317,-14.60675],[35.47183,-14.60562],[35.47097,-14.60452],[35.47023,-14.60349],[35.46968,-14.60196],[35.46927,-14.60059],[35.46865,-14.59823],[35.46832,-14.59626],[35.46752,-14.59544],[35.46682,-14.59471],[35.46576,-14.59425],[35.46484,-14.59423],[35.46354,-14.59441],[35.46095,-14.59203],[35.46012,-14.59124],[35.45813,-14.5912],[35.45354,-14.59115],[35.45054,-14.59421],[35.44909,-14.59536],[35.44687,-14.59709],[35.44527,-14.60017],[35.44282,-14.60089],[35.44379,-14.60339],[35.4451,-14.60563],[35.44541,-14.6074],[35.44519,-14.60884],[35.44508,-14.60968],[35.44501,-14.61089],[35.44498,-14.61157],[35.44511,-14.61259],[35.44525,-14.6138],[35.44525,-14.61428],[35.44632,-14.61625],[35.44673,-14.61759],[35.44726,-14.61851],[35.44742,-14.62025],[35.44769,-14.62195],[35.44854,-14.6234],[35.44891,-14.62416],[35.44977,-14.62528],[35.45105,-14.62688],[35.4534,-14.62744],[35.45352,-14.62903],[35.45381,-14.63033],[35.45519,-14.63182],[35.45635,-14.63328],[35.45691,-14.63441],[35.45712,-14.63501],[35.45777,-14.63627],[35.45805,-14.63716],[35.4584,-14.63856],[35.45855,-14.63886],[35.4587,-14.63903],[35.45877,-14.63919],[35.45916,-14.64015],[35.4594,-14.6411],[35.45978,-14.64173],[35.46006,-14.64251],[35.4608,-14.64445],[35.46122,-14.64517],[35.46167,-14.64644],[35.46175,-14.6466],[35.46215,-14.64747],[35.46247,-14.64852],[35.46252,-14.64876],[35.46264,-14.64907],[35.46298,-14.64976],[35.46308,-14.65038],[35.46362,-14.65146],[35.46398,-14.65266],[35.4647,-14.65381],[35.46497,-14.65461],[35.46522,-14.65627],[35.46588,-14.65666],[35.46645,-14.65833],[35.46699,-14.6605],[35.46651,-14.66183],[35.4655,-14.66444],[35.46516,-14.66584],[35.46549,-14.66634],[35.46597,-14.66679],[35.46633,-14.66711],[35.46719,-14.66771],[35.46715,-14.6698],[35.46764,-14.6705],[35.46871,-14.67226],[35.46947,-14.67347],[35.46952,-14.67454],[35.46983,-14.67576],[35.47002,-14.67739],[35.47019,-14.67869],[35.47024,-14.67969],[35.4708,-14.68217],[35.47105,-14.68334],[35.47148,-14.6849],[35.47121,-14.68606],[35.47177,-14.68839],[35.4719,-14.68958],[35.47222,-14.69194],[35.46895,-14.69267],[35.46642,-14.69289],[35.46598,-14.69281],[35.46277,-14.69234],[35.46229,-14.69228],[35.45805,-14.69215],[35.45778,-14.69219],[35.45269,-14.69316],[35.4506,-14.69354],[35.44825,-14.69417],[35.44547,-14.69489],[35.44362,-14.6951],[35.44245,-14.69533],[35.43854,-14.69683],[35.43682,-14.69761],[35.43657,-14.69632],[35.43636,-14.69537],[35.43605,-14.69381],[35.43607,-14.69362],[35.43594,-14.69323],[35.43583,-14.69256],[35.43555,-14.6913],[35.43531,-14.69031],[35.43501,-14.68943],[35.43485,-14.68888],[35.43473,-14.68832],[35.43458,-14.6876],[35.43394,-14.68448],[35.43377,-14.68322],[35.43363,-14.68214],[35.43327,-14.679],[35.43292,-14.6761],[35.43207,-14.67486],[35.43115,-14.67359],[35.42947,-14.67119],[35.42729,-14.66814],[35.42545,-14.6656],[35.42523,-14.66526],[35.42421,-14.66365],[35.4231,-14.66212],[35.42215,-14.66077],[35.42137,-14.65976],[35.42037,-14.6585],[35.41755,-14.6548],[35.41675,-14.65349],[35.41626,-14.65271],[35.41491,-14.65114],[35.41385,-14.64977],[35.39868,-14.59536],[35.39866,-14.59488]]]},"properties":{"id":1355996276,"kind":"park","cat":"protected_area","name":"Mangochi Forest Reserve","operator":"African Parks Network"}},
{"type":"Feature","geometry":{"type":"Polygon","coordinates":[[[34.82333,-14.02228],[34.8233,-14.02214],[34.82334,-14.02204],[34.82333,-14.02196],[34.82336,-14.02189],[34.82339,-14.02178],[34.82351,-14.02179],[34.82356,-14.02188],[34.82349,-14.02192],[34.82338,-14.02212],[34.82333,-14.02228]]]},"properties":{"id":1411126006,"kind":"natural","cat":"beach","name":""}},
{"type":"Feature","geometry":{"type":"Polygon","coordinates":[[[34.75582,-13.99298],[34.7558,-13.99285],[34.75586,-13.99269],[34.756,-13.99265],[34.75613,-13.99262],[34.75618,-13.99278],[34.75631,-13.99281],[34.75634,-13.99294],[34.75621,-13.99302],[34.75619,-13.99293],[34.75611,-13.99288],[34.75604,-13.99288],[34.75589,-13.99292],[34.75582,-13.99298]]]},"properties":{"id":1411126010,"kind":"natural","cat":"beach","name":""}},
{"type":"Feature","geometry":{"type":"Polygon","coordinates":[[[34.84405,-13.99452],[34.84395,-13.99455],[34.84389,-13.99469],[34.84391,-13.99479],[34.84389,-13.99487],[34.8439,-13.99502],[34.84397,-13.99508],[34.84401,-13.99523],[34.84414,-13.99522],[34.84411,-13.99513],[34.84405,-13.99496],[34.84403,-13.99477],[34.84405,-13.99452]]]},"properties":{"id":1411131607,"kind":"natural","cat":"beach","name":""}},
{"type":"Feature","geometry":{"type":"Polygon","coordinates":[[[34.84354,-13.99929],[34.84366,-13.99925],[34.84379,-13.99928],[34.84392,-13.99936],[34.84393,-13.99954],[34.84377,-13.99942],[34.84354,-13.99929]]]},"properties":{"id":1411131608,"kind":"natural","cat":"beach","name":""}},
{"type":"Feature","geometry":{"type":"Polygon","coordinates":[[[34.8373,-13.99491],[34.83751,-13.99496],[34.83764,-13.99522],[34.83771,-13.99548],[34.83782,-13.99575],[34.83782,-13.99598],[34.83782,-13.99608],[34.83772,-13.99601],[34.83772,-13.99579],[34.83759,-13.99542],[34.83746,-13.99517],[34.83739,-13.99511],[34.83737,-13.99501],[34.8373,-13.99491]]]},"properties":{"id":1411131609,"kind":"natural","cat":"beach","name":""}},
{"type":"Feature","geometry":{"type":"Polygon","coordinates":[[[34.83235,-13.99056],[34.83243,-13.99042],[34.83245,-13.99036],[34.83239,-13.9902],[34.83211,-13.99014],[34.83205,-13.99005],[34.83198,-13.99008],[34.83186,-13.99005],[34.83195,-13.99016],[34.83195,-13.99024],[34.83214,-13.99033],[34.83226,-13.99046],[34.83228,-13.99056],[34.83235,-13.99056]]]},"properties":{"id":1411131610,"kind":"natural","cat":"beach","name":""}},
{"type":"Feature","geometry":{"type":"Polygon","coordinates":[[[34.8313,-13.98961],[34.83138,-13.98958],[34.83138,-13.98948],[34.83127,-13.98944],[34.83118,-13.98926],[34.83113,-13.98914],[34.83096,-13.98895],[34.83085,-13.98896],[34.83087,-13.98911],[34.83101,-13.98918],[34.83114,-13.98933],[34.83121,-13.9895],[34.83128,-13.98955],[34.8313,-13.98961]]]},"properties":{"id":1411131611,"kind":"natural","cat":"beach","name":""}},
{"type":"Feature","geometry":{"type":"Polygon","coordinates":[[[34.61958,-13.89587],[34.61968,-13.89579],[34.61983,-13.89598],[34.61993,-13.89603],[34.61994,-13.89609],[34.61989,-13.89621],[34.61983,-13.89612],[34.61972,-13.89613],[34.6197,-13.89604],[34.61958,-13.89587]]]},"properties":{"id":1411136679,"kind":"natural","cat":"beach","name":""}},
{"type":"Feature","geometry":{"type":"Polygon","coordinates":[[[34.42665,-13.77975],[34.42701,-13.77978],[34.42716,-13.77983],[34.4273,-13.77983],[34.42739,-13.7799],[34.42791,-13.77992],[34.42817,-13.77997],[34.42833,-13.77992],[34.42848,-13.77988],[34.4286,-13.77989],[34.42876,-13.77986],[34.42907,-13.77991],[34.42919,-13.7799],[34.42931,-13.77985],[34.42956,-13.77984],[34.42981,-13.77996],[34.42998,-13.77997],[34.43012,-13.77994],[34.4305,-13.78004],[34.43023,-13.77981],[34.43008,-13.77977],[34.42996,-13.77967],[34.42977,-13.77943],[34.4296,-13.7794],[34.42941,-13.77934],[34.42904,-13.77938],[34.42881,-13.77931],[34.42847,-13.77935],[34.42818,-13.77939],[34.42797,-13.77945],[34.4278,-13.77955],[34.42737,-13.77957],[34.42721,-13.77961],[34.42678,-13.7796],[34.42667,-13.77963],[34.42665,-13.77975]]]},"properties":{"id":1415712790,"kind":"natural","cat":"beach","name":""}},
{"type":"Feature","geometry":{"type":"Polygon","coordinates":[[[34.42499,-13.77923],[34.42526,-13.77901],[34.42543,-13.77891],[34.42558,-13.7789],[34.42571,-13.77883],[34.42644,-13.7788],[34.42654,-13.77885],[34.42643,-13.7789],[34.42615,-13.7789],[34.42598,-13.779],[34.42583,-13.77916],[34.42568,-13.77921],[34.42558,-13.77917],[34.42527,-13.77916],[34.42499,-13.77923]]]},"properties":{"id":1415712792,"kind":"natural","cat":"beach","name":""}},
{"type":"Feature","geometry":{"type":"Polygon","coordinates":[[[34.42028,-13.78255],[34.42076,-13.78212],[34.42094,-13.78191],[34.42123,-13.78167],[34.42136,-13.78162],[34.42155,-13.78163],[34.42173,-13.78152],[34.42163,-13.78173],[34.42144,-13.78197],[34.42133,-13.78219],[34.42117,-13.78231],[34.42059,-13.78238],[34.42028,-13.78255]]]},"properties":{"id":1415712806,"kind":"natural","cat":"beach","name":""}},
{"type":"Feature","geometry":{"type":"Polygon","coordinates":[[[34.44613,-13.79043],[34.44651,-13.79037],[34.44696,-13.79022],[34.44724,-13.7901],[34.44662,-13.79001],[34.44647,-13.79004],[34.44632,-13.7902],[34.44625,-13.79033],[34.44613,-13.79043]]]},"properties":{"id":1415712809,"kind":"natural","cat":"beach","name":""}},
{"type":"Feature","geometry":{"type":"Polygon","coordinates":[[[34.43854,-13.79283],[34.43912,-13.79262],[34.4394,-13.79254],[34.43916,-13.79276],[34.43889,-13.79286],[34.43854,-13.79283]]]},"properties":{"id":1415712810,"kind":"natural","cat":"beach","name":""}},
{"type":"Feature","geometry":{"type":"Polygon","coordinates":[[[34.43611,-13.79105],[34.43612,-13.79083],[34.43604,-13.79045],[34.43603,-13.79018],[34.43594,-13.78978],[34.43589,-13.78918],[34.43582,-13.78894],[34.43579,-13.78875],[34.43571,-13.78864],[34.43569,-13.78835],[34.43566,-13.78811],[34.43557,-13.78787],[34.4355,-13.78781],[34.43551,-13.78793],[34.43548,-13.78803],[34.43531,-13.78823],[34.43526,-13.78839],[34.43537,-13.78848],[34.43563,-13.78878],[34.43572,-13.78966],[34.43581,-13.79017],[34.43599,-13.79078],[34.43595,-13.79087],[34.43611,-13.79105]]]},"properties":{"id":1415712811,"kind":"natural","cat":"beach","name":""}},
{"type":"Feature","geometry":{"type":"Polygon","coordinates":[[[34.44796,-13.78912],[34.44848,-13.78892],[34.4489,-13.78875],[34.44942,-13.78858],[34.45016,-13.78841],[34.45064,-13.78836],[34.4511,-13.78827],[34.45143,-13.78828],[34.45167,-13.78833],[34.45212,-13.78852],[34.45226,-13.78866],[34.45223,-13.78877],[34.45215,-13.78873],[34.45198,-13.78876],[34.45182,-13.7887],[34.45171,-13.7887],[34.45137,-13.78884],[34.45107,-13.78886],[34.45098,-13.78891],[34.45089,-13.7889],[34.45078,-13.78895],[34.45057,-13.78896],[34.4503,-13.78902],[34.44984,-13.78908],[34.44951,-13.78907],[34.44923,-13.78919],[34.44855,-13.78934],[34.44852,-13.78927],[34.44839,-13.78925],[34.44815,-13.78914],[34.44796,-13.78912]]]},"properties":{"id":1415712814,"kind":"natural","cat":"beach","name":""}},
{"type":"Feature","geometry":{"type":"Polygon","coordinates":[[[34.4521,-13.78894],[34.45225,-13.78905],[34.45217,-13.78909],[34.45198,-13.78911],[34.4521,-13.78914],[34.45249,-13.78911],[34.45249,-13.78903],[34.4521,-13.78894]]]},"properties":{"id":1415712815,"kind":"natural","cat":"beach","name":""}},
{"type":"Feature","geometry":{"type":"Polygon","coordinates":[[[34.45909,-13.79394],[34.45916,-13.79392],[34.45926,-13.79392],[34.45934,-13.79397],[34.45934,-13.79403],[34.45929,-13.79409],[34.45918,-13.79404],[34.45912,-13.79398],[34.45909,-13.79394]]]},"properties":{"id":1415712828,"kind":"natural","cat":"beach","name":""}},
{"type":"Feature","geometry":{"type":"Polygon","coordinates":[[[34.45679,-13.79194],[34.45694,-13.792],[34.45705,-13.79209],[34.45691,-13.79209],[34.45679,-13.79194]]]},"properties":{"id":1415712829,"kind":"natural","cat":"beach","name":""}},
{"type":"Feature","geometry":{"type":"Polygon","coordinates":[[[34.46052,-13.80183],[34.46061,-13.8018],[34.46067,-13.80173],[34.46062,-13.80167],[34.4605,-13.80168],[34.46052,-13.80183]]]},"properties":{"id":1415719548,"kind":"natural","cat":"beach","name":""}},
{"type":"Feature","geometry":{"type":"Polygon","coordinates":[[[34.46046,-13.80224],[34.46038,-13.80224],[34.46039,-13.80231],[34.46037,-13.80238],[34.46037,-13.80242],[34.46045,-13.8024],[34.46052,-13.80233],[34.46047,-13.80229],[34.46046,-13.80224]]]},"properties":{"id":1415719549,"kind":"natural","cat":"beach","name":""}},
{"type":"Feature","geometry":{"type":"Polygon","coordinates":[[[34.45697,-13.81103],[34.45704,-13.81118],[34.4571,-13.81127],[34.45687,-13.81118],[34.45697,-13.81103]]]},"properties":{"id":1415719554,"kind":"natural","cat":"beach","name":""}},
{"type":"Feature","geometry":{"type":"Polygon","coordinates":[[[34.45838,-13.81208],[34.45873,-13.81218],[34.45907,-13.8122],[34.45936,-13.81217],[34.4597,-13.81206],[34.45998,-13.81196],[34.46011,-13.81197],[34.45979,-13.81224],[34.45979,-13.81236],[34.45952,-13.81236],[34.45903,-13.81241],[34.4589,-13.81234],[34.45872,-13.81234],[34.45858,-13.81227],[34.45838,-13.81208]]]},"properties":{"id":1415719555,"kind":"natural","cat":"beach","name":""}},
{"type":"Feature","geometry":{"type":"Polygon","coordinates":[[[34.45824,-13.81269],[34.4584,-13.81269],[34.45848,-13.81267],[34.4585,-13.81259],[34.4586,-13.81279],[34.45837,-13.8128],[34.45824,-13.81269]]]},"properties":{"id":1415719560,"kind":"natural","cat":"beach","name":""}},
{"type":"Feature","geometry":{"type":"Polygon","coordinates":[[[34.45671,-13.8098],[34.45677,-13.80976],[34.45679,-13.80954],[34.45685,-13.80956],[34.45685,-13.81],[34.45671,-13.8098]]]},"properties":{"id":1415719562,"kind":"natural","cat":"beach","name":""}},
{"type":"Feature","geometry":{"type":"Polygon","coordinates":[[[34.47834,-13.81327],[34.47775,-13.81265],[34.47763,-13.81242],[34.47727,-13.81221],[34.47723,-13.81214],[34.47722,-13.81205],[34.47695,-13.81202],[34.47685,-13.81196],[34.47681,-13.81185],[34.47676,-13.81177],[34.47663,-13.81175],[34.47656,-13.81167],[34.47619,-13.81167],[34.47565,-13.81174],[34.47534,-13.81192],[34.47497,-13.812],[34.47485,-13.81205],[34.4746,-13.81225],[34.47449,-13.81214],[34.47439,-13.81222],[34.47421,-13.81249],[34.47403,-13.81262],[34.47414,-13.81277],[34.47439,-13.81263],[34.47472,-13.81257],[34.47494,-13.81238],[34.47491,-13.81233],[34.47541,-13.81203],[34.47569,-13.81199],[34.4763,-13.81198],[34.47671,-13.81203],[34.47698,-13.81211],[34.47712,-13.81236],[34.47733,-13.81252],[34.47748,-13.81269],[34.4777,-13.81303],[34.47823,-13.81351],[34.47834,-13.81371],[34.47831,-13.81343],[34.47834,-13.81327]]]},"properties":{"id":1415719578,"kind":"natural","cat":"beach","name":""}},
{"type":"Feature","geometry":{"type":"Polygon","coordinates":[[[34.4801,-13.81536],[34.48029,-13.81546],[34.48043,-13.81566],[34.48087,-13.81584],[34.4813,-13.81614],[34.48171,-13.81643],[34.48163,-13.81645],[34.48214,-13.81685],[34.48197,-13.81682],[34.48095,-13.81603],[34.48064,-13.81589],[34.48055,-13.81588],[34.4805,-13.81596],[34.48053,-13.81611],[34.48067,-13.81622],[34.48046,-13.81625],[34.48029,-13.81599],[34.48017,-13.81562],[34.4801,-13.81536]]]},"properties":{"id":1415722592,"kind":"natural","cat":"beach","name":""}},
{"type":"Feature","geometry":{"type":"Polygon","coordinates":[[[34.48463,-13.81636],[34.4852,-13.81586],[34.48543,-13.81575],[34.48514,-13.81624],[34.48503,-13.81635],[34.48495,-13.81632],[34.48463,-13.81636]]]},"properties":{"id":1415722595,"kind":"natural","cat":"beach","name":""}},
{"type":"Feature","geometry":{"type":"Polygon","coordinates":[[[34.49259,-13.81313],[34.4925,-13.813],[34.49256,-13.81293],[34.49284,-13.81306],[34.49301,-13.81323],[34.49299,-13.81336],[34.49315,-13.81358],[34.49324,-13.8138],[34.49323,-13.81396],[34.49318,-13.81408],[34.49311,-13.81418],[34.49324,-13.81429],[34.49314,-13.81478],[34.49305,-13.81469],[34.49302,-13.81483],[34.49285,-13.81504],[34.49273,-13.8152],[34.49252,-13.81537],[34.49254,-13.81511],[34.49248,-13.81479],[34.49254,-13.81399],[34.49249,-13.81375],[34.49225,-13.81348],[34.49181,-13.8132],[34.49121,-13.81304],[34.49089,-13.8129],[34.49064,-13.81294],[34.49028,-13.8131],[34.49038,-13.81315],[34.48958,-13.81346],[34.4896,-13.81336],[34.48943,-13.8134],[34.48949,-13.81315],[34.48958,-13.81304],[34.48973,-13.81286],[34.48992,-13.8127],[34.49029,-13.81261],[34.49051,-13.81259],[34.49073,-13.81266],[34.49141,-13.8127],[34.49165,-13.81276],[34.49227,-13.81304],[34.49259,-13.81313]]]},"properties":{"id":1415722608,"kind":"natural","cat":"beach","name":""}},
{"type":"Feature","geometry":{"type":"Polygon","coordinates":[[[34.49273,-13.81923],[34.4927,-13.81949],[34.49259,-13.81956],[34.49273,-13.81923]]]},"properties":{"id":1415722618,"kind":"natural","cat":"beach","name":""}},
{"type":"Feature","geometry":{"type":"Polygon","coordinates":[[[34.49266,-13.81962],[34.49274,-13.81982],[34.49272,-13.82002],[34.49264,-13.82042],[34.49266,-13.82078],[34.49244,-13.82036],[34.49245,-13.82004],[34.49266,-13.81962]]]},"properties":{"id":1415722619,"kind":"natural","cat":"beach","name":""}},
{"type":"Feature","geometry":{"type":"Polygon","coordinates":[[[34.498,-13.82708],[34.49791,-13.82722],[34.49801,-13.82745],[34.49865,-13.82804],[34.49884,-13.82812],[34.49911,-13.82815],[34.49937,-13.82829],[34.49938,-13.82844],[34.49923,-13.82846],[34.49922,-13.82854],[34.49907,-13.82854],[34.49912,-13.8287],[34.49874,-13.82858],[34.49866,-13.82863],[34.49851,-13.82858],[34.49842,-13.82864],[34.49822,-13.82855],[34.49805,-13.82858],[34.49786,-13.82849],[34.49776,-13.82829],[34.49797,-13.8283],[34.49799,-13.82822],[34.49779,-13.82808],[34.49767,-13.82801],[34.49757,-13.82803],[34.49745,-13.82799],[34.49739,-13.8279],[34.49756,-13.82795],[34.49769,-13.82789],[34.49764,-13.82771],[34.49741,-13.82754],[34.49731,-13.82765],[34.49728,-13.82773],[34.49736,-13.82778],[34.4973,-13.82792],[34.49736,-13.82808],[34.49753,-13.8282],[34.49758,-13.82828],[34.49718,-13.82813],[34.4971,-13.82802],[34.49696,-13.82776],[34.49676,-13.8276],[34.49651,-13.8272],[34.49638,-13.82703],[34.49609,-13.82667],[34.49586,-13.82658],[34.49552,-13.82632],[34.49556,-13.82622],[34.49566,-13.82632],[34.49586,-13.82638],[34.49588,-13.82627],[34.4957,-13.82612],[34.49586,-13.82615],[34.49602,-13.82618],[34.49658,-13.82635],[34.49688,-13.82655],[34.4972,-13.82655],[34.49714,-13.82664],[34.49725,-13.8268],[34.4974,-13.82677],[34.49732,-13.82655],[34.49746,-13.82655],[34.49748,-13.82667],[34.4976,-13.82675],[34.49773,-13.82672],[34.49783,-13.82675],[34.49786,-13.82686],[34.49792,-13.82692],[34.498,-13.82708]]]},"properties":{"id":1415921707,"kind":"natural","cat":"beach","name":""}},
{"type":"Feature","geometry":{"type":"Polygon","coordinates":[[[34.50001,-13.82833],[34.50033,-13.82843],[34.5007,-13.82864],[34.5012,-13.82869],[34.50144,-13.82876],[34.50191,-13.82895],[34.50213,-13.82898],[34.50222,-13.82893],[34.50247,-13.82899],[34.50262,-13.82909],[34.50264,-13.82918],[34.50258,-13.82924],[34.50247,-13.82919],[34.50236,-13.82926],[34.50242,-13.82938],[34.50267,-13.82942],[34.50291,-13.82937],[34.50321,-13.82948],[34.50345,-13.82947],[34.50388,-13.82921],[34.50388,-13.82938],[34.50378,-13.82941],[34.50355,-13.82958],[34.50343,-13.82971],[34.50336,-13.82995],[34.50321,-13.83024],[34.50308,-13.83034],[34.503,-13.83046],[34.50276,-13.83051],[34.50227,-13.83055],[34.50219,-13.83047],[34.50218,-13.83037],[34.5021,-13.83023],[34.50145,-13.82998],[34.50121,-13.82993],[34.50095,-13.82992],[34.50075,-13.82989],[34.50055,-13.82978],[34.50035,-13.82959],[34.50022,-13.82935],[34.50018,-13.82913],[34.50018,-13.82877],[34.50014,-13.82854],[34.50001,-13.82833]]]},"properties":{"id":1415921709,"kind":"natural","cat":"beach","name":""}},
{"type":"Feature","geometry":{"type":"Polygon","coordinates":[[[34.50401,-13.82934],[34.50417,-13.82908],[34.50431,-13.82885],[34.50436,-13.82871],[34.50447,-13.82862],[34.50459,-13.82858],[34.5048,-13.82839],[34.50512,-13.82817],[34.50524,-13.82814],[34.50536,-13.82801],[34.50554,-13.82798],[34.5057,-13.82784],[34.50593,-13.82773],[34.50615,-13.82774],[34.50634,-13.82759],[34.5066,-13.82755],[34.50679,-13.82747],[34.50688,-13.82736],[34.507,-13.82731],[34.50713,-13.82731],[34.50703,-13.82748],[34.50696,-13.8277],[34.50687,-13.82783],[34.50671,-13.8279],[34.50645,-13.82811],[34.5063,-13.82828],[34.50615,-13.82831],[34.50622,-13.82817],[34.50613,-13.82819],[34.50602,-13.82824],[34.50598,-13.82839],[34.50589,-13.82846],[34.50585,-13.82858],[34.50528,-13.82879],[34.50505,-13.82882],[34.50477,-13.82901],[34.50459,-13.82923],[34.50466,-13.82939],[34.50443,-13.82947],[34.50424,-13.82936],[34.50401,-13.82934]]]},"properties":{"id":1415924249,"kind":"natural","cat":"beach","name":""}},
{"type":"Feature","geometry":{"type":"Polygon","coordinates":[[[34.50897,-13.82746],[34.50935,-13.8274],[34.5097,-13.82741],[34.51023,-13.82729],[34.51063,-13.82732],[34.51061,-13.82724],[34.51071,-13.82731],[34.51085,-13.82731],[34.51083,-13.82723],[34.51072,-13.82723],[34.5104,-13.82713],[34.51024,-13.82713],[34.51003,-13.82708],[34.5097,-13.82708],[34.50946,-13.82713],[34.50927,-13.82723],[34.50908,-13.82734],[34.50897,-13.82746]]]},"properties":{"id":1415924253,"kind":"natural","cat":"beach","name":""}},
{"type":"Feature","geometry":{"type":"Polygon","coordinates":[[[34.51195,-13.82713],[34.51202,-13.82725],[34.51226,-13.82744],[34.51221,-13.82755],[34.51223,-13.82772],[34.5124,-13.82786],[34.51273,-13.8279],[34.51302,-13.82796],[34.51308,-13.82808],[34.51312,-13.8286],[34.51302,-13.82874],[34.5129,-13.82886],[34.51291,-13.82899],[34.5129,-13.8293],[34.51293,-13.82956],[34.51306,-13.82958],[34.51313,-13.82886],[34.51324,-13.82893],[34.51323,-13.82906],[34.51333,-13.82916],[34.51331,-13.82939],[34.51324,-13.82955],[34.51327,-13.82983],[34.51337,-13.83011],[34.51334,-13.83028],[34.51345,-13.8306],[34.51348,-13.83078],[34.51357,-13.83082],[34.51353,-13.83101],[34.51341,-13.83128],[34.51338,-13.83144],[34.51327,-13.83144],[34.51316,-13.83164],[34.51319,-13.83172],[34.51315,-13.83187],[34.51321,-13.83206],[34.51334,-13.83199],[34.51343,-13.83199],[34.51365,-13.83204],[34.51404,-13.83194],[34.51423,-13.83176],[34.51433,-13.83157],[34.51489,-13.83113],[34.51497,-13.83087],[34.51496,-13.83053],[34.515,-13.83016],[34.51502,-13.82995],[34.51508,-13.8297],[34.51518,-13.82976],[34.51522,-13.82954],[34.51543,-13.82895],[34.5155,-13.82886],[34.51559,-13.82896],[34.51568,-13.82893],[34.51573,-13.82885],[34.51557,-13.82862],[34.51546,-13.82858],[34.51526,-13.82841],[34.51487,-13.82791],[34.51439,-13.82758],[34.51402,-13.82742],[34.51385,-13.82737],[34.51361,-13.82741],[34.51322,-13.82741],[34.51291,-13.82744],[34.51265,-13.82741],[34.5124,-13.82733],[34.51205,-13.82717],[34.51195,-13.82713]]]},"properties":{"id":1415924259,"kind":"natural","cat":"beach","name":""}},
{"type":"Feature","geometry":{"type":"Polygon","coordinates":[[[34.51584,-13.83487],[34.51617,-13.83498],[34.51655,-13.83497],[34.51694,-13.8351],[34.51737,-13.83534],[34.51745,-13.83554],[34.51773,-13.83568],[34.51802,-13.83584],[34.51823,-13.83591],[34.51871,-13.83626],[34.51887,-13.83634],[34.51899,-13.83649],[34.5191,-13.83674],[34.5191,-13.83655],[34.51914,-13.83631],[34.51922,-13.83607],[34.51922,-13.83592],[34.51917,-13.83581],[34.51876,-13.83533],[34.51857,-13.83505],[34.51819,-13.8349],[34.51796,-13.83494],[34.51771,-13.83484],[34.51758,-13.83476],[34.51717,-13.8346],[34.51701,-13.83462],[34.51704,-13.83455],[34.51694,-13.83453],[34.51687,-13.8346],[34.51656,-13.83459],[34.51639,-13.8346],[34.51627,-13.83464],[34.51617,-13.83476],[34.51599,-13.83485],[34.51584,-13.83487]]]},"properties":{"id":1415929199,"kind":"natural","cat":"beach","name":""}},
{"type":"Feature","geometry":{"type":"Polygon","coordinates":[[[34.52097,-13.83853],[34.52082,-13.83841],[34.52067,-13.83834],[34.52066,-13.8384],[34.52075,-13.8385],[34.52097,-13.83853]]]},"properties":{"id":1415929200,"kind":"natural","cat":"beach","name":""}},
{"type":"Feature","geometry":{"type":"Polygon","coordinates":[[[34.52509,-13.84058],[34.52547,-13.84093],[34.52569,-13.84105],[34.52577,-13.84116],[34.52593,-13.84122],[34.52585,-13.8411],[34.52568,-13.8408],[34.52552,-13.84067],[34.52509,-13.84058]]]},"properties":{"id":1415929203,"kind":"natural","cat":"beach","name":""}},
{"type":"Feature","geometry":{"type":"Polygon","coordinates":[[[34.51427,-13.83227],[34.51419,-13.83256],[34.51423,-13.83281],[34.51433,-13.83299],[34.51441,-13.83317],[34.51469,-13.83349],[34.51456,-13.83356],[34.51435,-13.83347],[34.51442,-13.83371],[34.51479,-13.83403],[34.51484,-13.8341],[34.51494,-13.83415],[34.51495,-13.83423],[34.51515,-13.83428],[34.51518,-13.8342],[34.51522,-13.83422],[34.51547,-13.83421],[34.51558,-13.83424],[34.51538,-13.83433],[34.5152,-13.83443],[34.5149,-13.83454],[34.51473,-13.83451],[34.51457,-13.83453],[34.51438,-13.83455],[34.51413,-13.83448],[34.51397,-13.83441],[34.51374,-13.83437],[34.51359,-13.83424],[34.51358,-13.83404],[34.51345,-13.83387],[34.51339,-13.83369],[34.51338,-13.83349],[34.51348,-13.83322],[34.5135,-13.83299],[34.51363,-13.83279],[34.51376,-13.83276],[34.51383,-13.83264],[34.51405,-13.83252],[34.51427,-13.83227]]]},"properties":{"id":1415929204,"kind":"natural","cat":"beach","name":""}},
{"type":"Feature","geometry":{"type":"Polygon","coordinates":[[[34.52726,-13.84157],[34.52759,-13.84191],[34.52771,-13.84198],[34.52783,-13.84213],[34.52788,-13.84229],[34.52781,-13.84223],[34.52767,-13.84204],[34.52758,-13.84199],[34.52726,-13.84157]]]},"properties":{"id":1415929205,"kind":"natural","cat":"beach","name":""}},
{"type":"Feature","geometry":{"type":"Polygon","coordinates":[[[34.53012,-13.84624],[34.53035,-13.84667],[34.53044,-13.84689],[34.53061,-13.8472],[34.53071,-13.84725],[34.53083,-13.84744],[34.53097,-13.84789],[34.53118,-13.84822],[34.53134,-13.84858],[34.53156,-13.84886],[34.53169,-13.84894],[34.53184,-13.84897],[34.53193,-13.84911],[34.53204,-13.84909],[34.53179,-13.84869],[34.53166,-13.84846],[34.53156,-13.84798],[34.53148,-13.84779],[34.53126,-13.84748],[34.53068,-13.8468],[34.53044,-13.84652],[34.53012,-13.84624]]]},"properties":{"id":1415929206,"kind":"natural","cat":"beach","name":""}},
{"type":"Feature","geometry":{"type":"Polygon","coordinates":[[[34.53284,-13.8489],[34.53312,-13.84903],[34.53419,-13.8493],[34.53455,-13.84931],[34.53493,-13.84938],[34.53522,-13.84936],[34.53541,-13.84937],[34.53553,-13.84939],[34.53588,-13.84965],[34.53605,-13.84981],[34.53607,-13.84993],[34.53599,-13.8499],[34.5358,-13.84965],[34.53547,-13.84947],[34.53526,-13.84942],[34.53498,-13.84948],[34.53486,-13.84955],[34.53471,-13.84955],[34.5346,-13.84955],[34.53357,-13.84949],[34.53339,-13.84942],[34.53294,-13.84906],[34.53284,-13.8489]]]},"properties":{"id":1415929207,"kind":"natural","cat":"beach","name":""}},
{"type":"Feature","geometry":{"type":"Polygon","coordinates":[[[34.53693,-13.85112],[34.53738,-13.85093],[34.53755,-13.85092],[34.5378,-13.85093],[34.53826,-13.85096],[34.53864,-13.85087],[34.53878,-13.85083],[34.53887,-13.85081],[34.53898,-13.85074],[34.53917,-13.85069],[34.53934,-13.8507],[34.53949,-13.85075],[34.53955,-13.85086],[34.5395,-13.85107],[34.53937,-13.85112],[34.53951,-13.85125],[34.53971,-13.85126],[34.53988,-13.85139],[34.53915,-13.85147],[34.53878,-13.85148],[34.53848,-13.85149],[34.53823,-13.85148],[34.53808,-13.8514],[34.53797,-13.85138],[34.5378,-13.8514],[34.53751,-13.85139],[34.53709,-13.85117],[34.53693,-13.85112]]]},"properties":{"id":1415929215,"kind":"natural","cat":"beach","name":""}},
{"type":"Feature","geometry":{"type":"Polygon","coordinates":[[[34.54438,-13.85028],[34.54454,-13.85019],[34.54475,-13.85013],[34.54536,-13.85026],[34.54594,-13.85033],[34.54616,-13.85043],[34.54648,-13.85074],[34.54661,-13.85091],[34.54661,-13.85113],[34.5467,-13.85151],[34.54672,-13.85182],[34.54666,-13.85212],[34.5465,-13.85243],[34.54652,-13.85271],[34.54639,-13.85296],[34.54613,-13.85317],[34.54597,-13.85323],[34.54581,-13.85333],[34.54583,-13.85319],[34.54566,-13.8532],[34.54543,-13.85314],[34.54536,-13.85326],[34.54526,-13.85329],[34.54519,-13.85323],[34.54522,-13.8531],[34.54535,-13.85303],[34.54549,-13.85284],[34.54552,-13.85242],[34.54556,-13.85233],[34.5455,-13.85199],[34.54539,-13.85173],[34.54522,-13.85136],[34.54491,-13.85075],[34.54468,-13.85054],[34.54452,-13.85032],[34.54438,-13.85028]]]},"properties":{"id":1415929222,"kind":"natural","cat":"beach","name":""}},
{"type":"Feature","geometry":{"type":"Polygon","coordinates":[[[34.53954,-13.85027],[34.53967,-13.85018],[34.53996,-13.85011],[34.54018,-13.85006],[34.54049,-13.84996],[34.54062,-13.84998],[34.5407,-13.85004],[34.54106,-13.84998],[34.54127,-13.84998],[34.54147,-13.85004],[34.54158,-13.85013],[34.54193,-13.85027],[34.54217,-13.85025],[34.54246,-13.85016],[34.54271,-13.85019],[34.54298,-13.85016],[34.54315,-13.85013],[34.54338,-13.85014],[34.54359,-13.85021],[34.54345,-13.85033],[34.5433,-13.85026],[34.54314,-13.85025],[34.54304,-13.85026],[34.54292,-13.8504],[34.54259,-13.85051],[34.54232,-13.85054],[34.54199,-13.85065],[34.5416,-13.85079],[34.54113,-13.85084],[34.54097,-13.85083],[34.54083,-13.85076],[34.5407,-13.8506],[34.54052,-13.85051],[34.54016,-13.85046],[34.54,-13.8504],[34.53983,-13.85037],[34.5396,-13.85035],[34.53954,-13.85027]]]},"properties":{"id":1415929223,"kind":"natural","cat":"beach","name":""}},
{"type":"Feature","geometry":{"type":"Polygon","coordinates":[[[34.54433,-13.85114],[34.54462,-13.85157],[34.54473,-13.8516],[34.54483,-13.8517],[34.54483,-13.85192],[34.54475,-13.85199],[34.54463,-13.85224],[34.54461,-13.85239],[34.5447,-13.85254],[34.54475,-13.85242],[34.54488,-13.85236],[34.54498,-13.85221],[34.54503,-13.85174],[34.54477,-13.85147],[34.54459,-13.85127],[34.54446,-13.85126],[34.54433,-13.85114]]]},"properties":{"id":1415929224,"kind":"natural","cat":"beach","name":""}},
{"type":"Feature","geometry":{"type":"Polygon","coordinates":[[[34.54296,-13.85471],[34.54279,-13.85505],[34.54271,-13.8554],[34.54269,-13.85551],[34.54262,-13.85552],[34.54259,-13.85562],[34.54269,-13.85567],[34.54274,-13.85582],[34.54272,-13.85601],[34.54267,-13.85625],[34.54257,-13.8564],[34.54244,-13.85642],[34.54242,-13.8566],[34.54233,-13.85645],[34.54226,-13.85617],[34.54226,-13.85602],[34.54223,-13.85582],[34.54226,-13.85544],[34.54264,-13.85477],[34.54282,-13.85473],[34.54296,-13.85471]]]},"properties":{"id":1415931035,"kind":"natural","cat":"beach","name":""}},
{"type":"Feature","geometry":{"type":"Polygon","coordinates":[[[34.54245,-13.85671],[34.54267,-13.85696],[34.54293,-13.85718],[34.54292,-13.85728],[34.54311,-13.85748],[34.54315,-13.85766],[34.54306,-13.85762],[34.54296,-13.8576],[34.54271,-13.85722],[34.54257,-13.85715],[34.54252,-13.85725],[34.54245,-13.85714],[34.5425,-13.85704],[34.54251,-13.85691],[34.54245,-13.85671]]]},"properties":{"id":1415931037,"kind":"natural","cat":"beach","name":""}},
{"type":"Feature","geometry":{"type":"Polygon","coordinates":[[[34.54143,-13.85771],[34.54145,-13.8579],[34.54151,-13.85814],[34.54151,-13.85851],[34.5416,-13.8585],[34.54161,-13.85837],[34.54174,-13.85842],[34.5418,-13.8586],[34.54193,-13.85869],[34.54234,-13.85905],[34.54265,-13.85916],[34.54281,-13.85916],[34.54291,-13.8591],[34.54309,-13.85919],[34.5435,-13.8592],[34.54385,-13.85919],[34.54403,-13.85921],[34.54424,-13.85937],[34.54449,-13.85945],[34.54466,-13.85933],[34.54438,-13.85924],[34.54416,-13.85918],[34.54415,-13.8591],[34.5442,-13.85901],[34.54391,-13.85893],[34.54403,-13.85888],[34.54403,-13.85879],[34.54418,-13.85878],[34.54446,-13.85892],[34.5448,-13.85905],[34.54508,-13.8591],[34.54522,-13.85903],[34.54511,-13.85894],[34.54474,-13.85888],[34.54457,-13.85884],[34.54445,-13.8588],[34.5444,-13.85872],[34.54414,-13.85865],[34.54408,-13.85858],[34.54386,-13.85857],[34.54364,-13.85842],[34.54342,-13.85835],[34.54342,-13.85845],[34.54382,-13.85868],[34.54375,-13.85874],[34.54336,-13.8585],[34.54334,-13.8584],[34.54326,-13.85833],[34.54321,-13.85839],[34.54303,-13.85821],[34.54282,-13.85819],[34.54271,-13.8582],[34.54254,-13.85818],[34.5422,-13.85806],[34.54157,-13.85768],[34.54152,-13.85775],[34.54143,-13.85771]]]},"properties":{"id":1415931038,"kind":"natural","cat":"beach","name":""}},
{"type":"Feature","geometry":{"type":"Polygon","coordinates":[[[34.54326,-13.85833],[34.54314,-13.8582],[34.54326,-13.8582],[34.54342,-13.85835],[34.54342,-13.85845],[34.54334,-13.8584],[34.54326,-13.85833]]]},"properties":{"id":1415931039,"kind":"natural","cat":"beach","name":""}},
{"type":"Feature","geometry":{"type":"Polygon","coordinates":[[[34.54583,-13.85912],[34.54615,-13.85922],[34.54642,-13.85936],[34.54648,-13.85932],[34.54675,-13.85928],[34.54681,-13.85923],[34.54694,-13.85919],[34.54698,-13.85925],[34.54688,-13.85928],[34.54687,-13.8594],[34.54697,-13.85944],[34.54699,-13.85958],[34.54719,-13.85967],[34.54718,-13.85973],[34.54742,-13.85978],[34.54757,-13.85975],[34.54757,-13.85967],[34.54776,-13.85975],[34.54788,-13.85986],[34.54776,-13.85992],[34.54757,-13.8599],[34.54736,-13.85987],[34.54706,-13.85982],[34.54696,-13.85976],[34.54669,-13.85963],[34.54651,-13.8595],[34.54628,-13.85944],[34.54622,-13.85948],[34.54583,-13.85912]]]},"properties":{"id":1415931043,"kind":"natural","cat":"beach","name":""}},
{"type":"Feature","geometry":{"type":"Polygon","coordinates":[[[34.5463,-13.85972],[34.54638,-13.85984],[34.54637,-13.85993],[34.54648,-13.86006],[34.54682,-13.86018],[34.54724,-13.86023],[34.5477,-13.86029],[34.54782,-13.86018],[34.54803,-13.86011],[34.54765,-13.86006],[34.54731,-13.86012],[34.54702,-13.86007],[34.54659,-13.85989],[34.54639,-13.85971],[34.5463,-13.85972]]]},"properties":{"id":1415931044,"kind":"natural","cat":"beach","name":""}},
{"type":"Feature","geometry":{"type":"Polygon","coordinates":[[[34.54938,-13.85913],[34.54954,-13.85902],[34.54993,-13.85891],[34.55038,-13.85888],[34.55078,-13.85864],[34.55103,-13.85862],[34.55137,-13.85864],[34.55182,-13.85856],[34.55276,-13.85862],[34.55359,-13.85854],[34.55378,-13.85852],[34.55388,-13.85846],[34.55412,-13.85847],[34.55371,-13.85868],[34.55349,-13.85871],[34.55315,-13.8588],[34.5528,-13.85878],[34.55252,-13.85874],[34.5521,-13.85882],[34.55197,-13.85891],[34.55181,-13.85897],[34.55166,-13.85913],[34.55142,-13.85925],[34.55133,-13.85936],[34.55087,-13.85929],[34.55064,-13.85921],[34.55109,-13.85908],[34.551,-13.85902],[34.55085,-13.85904],[34.55051,-13.85923],[34.55024,-13.85926],[34.55007,-13.85925],[34.54972,-13.85927],[34.54957,-13.85918],[34.54938,-13.85913]]]},"properties":{"id":1415931050,"kind":"natural","cat":"beach","name":""}},
{"type":"Feature","geometry":{"type":"Polygon","coordinates":[[[34.5553,-13.85892],[34.55591,-13.85898],[34.55613,-13.85905],[34.55643,-13.85906],[34.55621,-13.85895],[34.55547,-13.85882],[34.5553,-13.85892]]]},"properties":{"id":1416268848,"kind":"natural","cat":"beach","name":""}},
{"type":"Feature","geometry":{"type":"Polygon","coordinates":[[[34.55709,-13.85929],[34.55739,-13.85948],[34.5579,-13.85962],[34.55817,-13.85974],[34.55839,-13.85976],[34.55845,-13.85982],[34.55849,-13.85993],[34.55865,-13.85999],[34.55856,-13.8599],[34.55848,-13.85971],[34.55841,-13.85956],[34.55826,-13.85941],[34.55811,-13.85935],[34.55709,-13.85929]]]},"properties":{"id":1416268849,"kind":"natural","cat":"beach","name":""}},
{"type":"Feature","geometry":{"type":"Polygon","coordinates":[[[34.55901,-13.86046],[34.55898,-13.86055],[34.5588,-13.86047],[34.55902,-13.8608],[34.55923,-13.86124],[34.55931,-13.86125],[34.55942,-13.86144],[34.55954,-13.86179],[34.55965,-13.86257],[34.55965,-13.86279],[34.55961,-13.86305],[34.5598,-13.86308],[34.55972,-13.8627],[34.55982,-13.86277],[34.55986,-13.86295],[34.55988,-13.86319],[34.55986,-13.86354],[34.55995,-13.86388],[34.56005,-13.86415],[34.56009,-13.86403],[34.5603,-13.86374],[34.56035,-13.86355],[34.56044,-13.86342],[34.56053,-13.8633],[34.5605,-13.86321],[34.56041,-13.86321],[34.56037,-13.86333],[34.5603,-13.86325],[34.56031,-13.86308],[34.5604,-13.863],[34.56039,-13.86287],[34.56045,-13.86288],[34.5605,-13.86297],[34.56056,-13.86292],[34.56064,-13.86303],[34.56076,-13.86298],[34.56069,-13.86284],[34.56061,-13.86275],[34.5603,-13.86255],[34.56012,-13.86238],[34.56003,-13.86218],[34.55994,-13.86209],[34.55971,-13.86165],[34.55949,-13.86139],[34.55943,-13.86128],[34.55932,-13.86119],[34.55927,-13.8611],[34.55923,-13.86096],[34.55916,-13.86087],[34.55909,-13.86057],[34.55901,-13.86046]]]},"properties":{"id":1416268850,"kind":"natural","cat":"beach","name":""}},
{"type":"Feature","geometry":{"type":"Polygon","coordinates":[[[34.56306,-13.86636],[34.56339,-13.86652],[34.56361,-13.86669],[34.56378,-13.86689],[34.56389,-13.86695],[34.56399,-13.86705],[34.56425,-13.86713],[34.56476,-13.86734],[34.56505,-13.86751],[34.56532,-13.86761],[34.56494,-13.86769],[34.56475,-13.86768],[34.5644,-13.86752],[34.56415,-13.86753],[34.56367,-13.86748],[34.5636,-13.86757],[34.56349,-13.86741],[34.56339,-13.8671],[34.5633,-13.86699],[34.56323,-13.86682],[34.56323,-13.86653],[34.56306,-13.86636]]]},"properties":{"id":1416268864,"kind":"natural","cat":"beach","name":""}},
{"type":"Feature","geometry":{"type":"Polygon","coordinates":[[[34.5665,-13.86795],[34.56679,-13.86798],[34.56714,-13.86811],[34.56749,-13.86819],[34.56799,-13.86852],[34.56856,-13.86881],[34.56868,-13.86889],[34.56881,-13.86896],[34.56891,-13.86905],[34.56874,-13.86905],[34.56853,-13.86907],[34.56847,-13.86913],[34.56838,-13.86922],[34.56819,-13.86913],[34.56793,-13.86919],[34.56791,-13.8691],[34.56778,-13.869],[34.56764,-13.86896],[34.56763,-13.86888],[34.56747,-13.86878],[34.56743,-13.86869],[34.56723,-13.86866],[34.56731,-13.86875],[34.56732,-13.86885],[34.56703,-13.86883],[34.56693,-13.86879],[34.56689,-13.8687],[34.5669,-13.86858],[34.56684,-13.86846],[34.56671,-13.86823],[34.56659,-13.86804],[34.5665,-13.86795]]]},"properties":{"id":1416268865,"kind":"natural","cat":"beach","name":""}},
{"type":"Feature","geometry":{"type":"Polygon","coordinates":[[[34.57062,-13.87221],[34.57036,-13.87206],[34.57017,-13.87183],[34.5697,-13.87145],[34.569,-13.87105],[34.56876,-13.8708],[34.56819,-13.87047],[34.56773,-13.87026],[34.56754,-13.87008],[34.56746,-13.86993],[34.56763,-13.86994],[34.5678,-13.87002],[34.56808,-13.87008],[34.56842,-13.87026],[34.56853,-13.8703],[34.56864,-13.87024],[34.56877,-13.87029],[34.56886,-13.87027],[34.569,-13.87032],[34.56905,-13.87042],[34.5693,-13.87062],[34.56947,-13.87069],[34.56963,-13.87075],[34.56994,-13.87075],[34.57013,-13.87079],[34.57028,-13.87075],[34.57043,-13.87088],[34.57052,-13.87115],[34.57053,-13.87134],[34.57043,-13.87154],[34.57037,-13.87148],[34.57035,-13.8716],[34.57045,-13.87177],[34.57048,-13.87202],[34.57062,-13.87221]]]},"properties":{"id":1416268868,"kind":"natural","cat":"beach","name":""}},
{"type":"Feature","geometry":{"type":"Polygon","coordinates":[[[34.57177,-13.87218],[34.5719,-13.87223],[34.57206,-13.87222],[34.57203,-13.87243],[34.5719,-13.87245],[34.57182,-13.87231],[34.57177,-13.87218]]]},"properties":{"id":1416268882,"kind":"natural","cat":"beach","name":""}},
{"type":"Feature","geometry":{"type":"Polygon","coordinates":[[[34.57169,-13.87212],[34.57144,-13.87191],[34.57171,-13.87198],[34.57159,-13.87171],[34.5713,-13.87152],[34.57125,-13.87162],[34.57127,-13.8719],[34.57147,-13.87203],[34.57151,-13.87213],[34.57129,-13.87203],[34.57135,-13.87215],[34.5715,-13.87226],[34.5716,-13.87237],[34.57177,-13.87245],[34.5717,-13.87229],[34.57169,-13.87212]]]},"properties":{"id":1416268883,"kind":"natural","cat":"beach","name":""}},
{"type":"Feature","geometry":{"type":"Polygon","coordinates":[[[34.57398,-13.87376],[34.57468,-13.87408],[34.57524,-13.87443],[34.5759,-13.875],[34.57618,-13.87546],[34.57629,-13.87572],[34.57637,-13.87605],[34.57638,-13.87628],[34.57625,-13.87617],[34.57624,-13.87604],[34.57594,-13.87575],[34.57577,-13.87546],[34.57556,-13.8753],[34.57548,-13.87512],[34.57533,-13.87491],[34.5753,-13.87482],[34.57522,-13.87473],[34.575,-13.87463],[34.57476,-13.87455],[34.57464,-13.87447],[34.5744,-13.8744],[34.57438,-13.87426],[34.57428,-13.87414],[34.57418,-13.87408],[34.57398,-13.87376]]]},"properties":{"id":1416268891,"kind":"natural","cat":"beach","name":""}},
{"type":"Feature","geometry":{"type":"Polygon","coordinates":[[[34.57457,-13.87603],[34.57461,-13.87631],[34.57467,-13.87647],[34.57476,-13.87656],[34.57486,-13.87661],[34.57492,-13.8767],[34.57504,-13.87767],[34.5751,-13.87787],[34.57512,-13.87812],[34.57518,-13.87873],[34.57514,-13.87956],[34.57511,-13.8797],[34.57511,-13.88003],[34.57501,-13.88039],[34.57493,-13.88055],[34.57488,-13.88101],[34.57482,-13.88122],[34.5748,-13.88171],[34.57478,-13.88193],[34.57472,-13.88232],[34.57459,-13.88278],[34.57446,-13.88306],[34.57444,-13.8833],[34.57443,-13.88357],[34.57465,-13.8834],[34.57497,-13.88335],[34.57512,-13.88325],[34.57533,-13.883],[34.5755,-13.88248],[34.57564,-13.88222],[34.5758,-13.88209],[34.5758,-13.88189],[34.57591,-13.88167],[34.57592,-13.8815],[34.576,-13.88123],[34.57588,-13.88062],[34.57586,-13.88031],[34.57593,-13.87976],[34.576,-13.87951],[34.57607,-13.87955],[34.576,-13.87975],[34.57593,-13.88016],[34.57596,-13.88042],[34.57612,-13.88029],[34.57633,-13.88028],[34.57658,-13.88017],[34.57687,-13.87998],[34.57699,-13.87981],[34.57707,-13.87949],[34.57702,-13.87938],[34.57694,-13.87927],[34.57662,-13.87914],[34.57647,-13.87904],[34.57637,-13.87883],[34.57633,-13.87871],[34.57594,-13.8784],[34.57579,-13.87819],[34.57569,-13.87788],[34.57566,-13.8776],[34.57577,-13.87729],[34.57586,-13.87715],[34.57577,-13.87701],[34.57579,-13.87688],[34.57582,-13.87678],[34.57571,-13.87663],[34.57557,-13.87651],[34.57535,-13.87644],[34.57501,-13.87631],[34.57498,-13.87638],[34.57484,-13.87625],[34.57474,-13.8761],[34.57457,-13.87603]]]},"properties":{"id":1416271734,"kind":"natural","cat":"beach","name":""}},
{"type":"Feature","geometry":{"type":"Polygon","coordinates":[[[34.5759,-13.88393],[34.57595,-13.88496],[34.576,-13.88537],[34.57605,-13.88557],[34.57619,-13.88581],[34.5763,-13.88609],[34.57653,-13.88652],[34.57653,-13.88665],[34.57664,-13.88678],[34.57669,-13.88694],[34.57683,-13.88705],[34.57695,-13.88725],[34.57694,-13.88739],[34.57708,-13.88752],[34.57705,-13.88766],[34.5771,-13.88777],[34.57726,-13.88795],[34.57732,-13.88808],[34.57737,-13.8883],[34.57736,-13.88846],[34.57726,-13.88843],[34.57715,-13.88847],[34.57704,-13.88838],[34.57689,-13.888],[34.57672,-13.88781],[34.57652,-13.88764],[34.57635,-13.88738],[34.57621,-13.88716],[34.57606,-13.88691],[34.57576,-13.88662],[34.57525,-13.88618],[34.57501,-13.88614],[34.57488,-13.88597],[34.57484,-13.88588],[34.57484,-13.88578],[34.57489,-13.88567],[34.57487,-13.88553],[34.575,-13.8853],[34.57524,-13.88502],[34.57533,-13.88484],[34.57542,-13.88476],[34.57565,-13.88437],[34.5759,-13.88393]]]},"properties":{"id":1416271750,"kind":"natural","cat":"beach","name":""}},
{"type":"Feature","geometry":{"type":"Polygon","coordinates":[[[34.57714,-13.88859],[34.57731,-13.88858],[34.57739,-13.88862],[34.57738,-13.88875],[34.57734,-13.88885],[34.57718,-13.8888],[34.57705,-13.88863],[34.57693,-13.88834],[34.57705,-13.88849],[34.57714,-13.88859]]]},"properties":{"id":1416271751,"kind":"natural","cat":"beach","name":""}},
{"type":"Feature","geometry":{"type":"Polygon","coordinates":[[[34.61913,-13.77569],[34.61849,-13.77629],[34.61834,-13.77704],[34.61885,-13.77782],[34.61982,-13.77667],[34.61913,-13.77569]]]},"properties":{"id":1469008362,"kind":"poi","cat":"camp_site","name":"The Wheelhouse"}},
{"type":"Feature","geometry":{"type":"Polygon","coordinates":[[[33.94393,-9.93665],[33.94455,-9.93661],[33.94495,-9.93692],[33.94516,-9.93851],[33.94402,-9.9384],[33.94393,-9.93665]]]},"properties":{"id":1564513025,"kind":"poi","cat":"hotel","name":"Mufwa Lodge"}}
]}