{"type":"FeatureCollection","features":[
{"type":"Feature","geometry":{"type":"LineString","coordinates":[[32.99775,-9.38073],[32.99795,-9.38013],[32.99829,-9.37987],[32.99889,-9.37913],[32.99939,-9.37873],[32.99986,-9.37852],[33.0001,-9.37795],[33.00033,-9.37775],[33.00063,-9.37747],[33.0008,-9.37707],[33.00147,-9.37638],[33.00198,-9.37566],[33.00215,-9.37519],[33.00229,-9.37486],[33.00237,-9.37411],[33.00282,-9.37338],[33.00353,-9.37293],[33.00375,-9.37272],[33.00423,-9.37228],[33.00431,-9.37195],[33.00446,-9.37169],[33.00461,-9.37129],[33.00491,-9.37037]]},"properties":{"id":312210100,"cls":"unclassified","hw":"unclassified","tg":"na","name":"","ref":"","surface":"","sc":"unknown","speed":null,"lit":"unk","km":1.448}},
{"type":"Feature","geometry":{"type":"LineString","coordinates":[[32.99395,-9.35802],[32.9938,-9.35824],[32.99354,-9.35862],[32.99331,-9.3592],[32.99314,-9.35992],[32.99311,-9.36013],[32.99282,-9.36092],[32.99265,-9.36117],[32.99244,-9.36152],[32.99228,-9.36181],[32.99207,-9.36216],[32.99179,-9.36242],[32.9916,-9.36256],[32.99132,-9.36282],[32.9909,-9.36338],[32.99042,-9.36393],[32.99027,-9.36417],[32.99007,-9.36447],[32.98999,-9.36487],[32.99001,-9.365],[32.99002,-9.3651],[32.99003,-9.3653],[32.99003,-9.36567],[32.99,-9.36584],[32.98985,-9.36601],[32.98972,-9.36609],[32.98945,-9.36638],[32.98937,-9.36648],[32.98933,-9.36653],[32.98924,-9.36673],[32.9891,-9.36734],[32.98889,-9.36789],[32.98883,-9.36815],[32.98873,-9.36861],[32.98863,-9.36898],[32.98848,-9.36939],[32.98835,-9.36984],[32.98826,-9.37003],[32.98779,-9.37048],[32.98724,-9.37096],[32.98685,-9.37123]]},"properties":{"id":312210102,"cls":"tertiary","hw":"tertiary","tg":"na","name":"","ref":"","surface":"unpaved","sc":"unpaved","speed":null,"lit":"unk","km":1.722}},
{"type":"Feature","geometry":{"type":"LineString","coordinates":[[32.9417,-9.42388],[32.94205,-9.42418],[32.94222,-9.42429],[32.94237,-9.42438],[32.94278,-9.42471],[32.9428,-9.42473],[32.94301,-9.42491],[32.94333,-9.42517],[32.94378,-9.42549],[32.94396,-9.42558],[32.94401,-9.42564],[32.9441,-9.42568],[32.94436,-9.42587],[32.9444,-9.42589],[32.94452,-9.42601],[32.94476,-9.42617],[32.94488,-9.42625],[32.94501,-9.42633],[32.9451,-9.42637],[32.94575,-9.42682],[32.94656,-9.4274],[32.94748,-9.42807],[32.94774,-9.42831],[32.94814,-9.42877],[32.94846,-9.4292],[32.94862,-9.42945],[32.94873,-9.4296],[32.94891,-9.4299],[32.94902,-9.43004],[32.94905,-9.4302],[32.94912,-9.43038],[32.94923,-9.4306],[32.94926,-9.43065],[32.94935,-9.4309],[32.94953,-9.43121],[32.9496,-9.43132],[32.94968,-9.43144],[32.94981,-9.43162],[32.94989,-9.43171],[32.95002,-9.43188],[32.95015,-9.43202],[32.9504,-9.4323],[32.95051,-9.43245],[32.95056,-9.43255],[32.95061,-9.43268],[32.95072,-9.43283],[32.95082,-9.43292],[32.95102,-9.43311],[32.95109,-9.43318],[32.95115,-9.43327],[32.95122,-9.43343],[32.9514,-9.43379],[32.95148,-9.43393],[32.95156,-9.43406],[32.95168,-9.43425],[32.95179,-9.43449],[32.9519,-9.43465],[32.95232,-9.43518],[32.95252,-9.43546],[32.95261,-9.4356],[32.95265,-9.43567],[32.95275,-9.43586],[32.95278,-9.43598],[32.9528,-9.43632],[32.95284,-9.43662],[32.95287,-9.43704],[32.95291,-9.43718],[32.95292,-9.43759],[32.95292,-9.43777],[32.95286,-9.43799],[32.95283,-9.43807],[32.9528,-9.43815],[32.95279,-9.43829],[32.95278,-9.43839],[32.95275,-9.43868],[32.95267,-9.43903],[32.95265,-9.4392],[32.95261,-9.43934],[32.95258,-9.43956],[32.95254,-9.43969],[32.9525,-9.43985],[32.95248,-9.43997],[32.95245,-9.44019],[32.9524,-9.44045],[32.95236,-9.44067],[32.95226,-9.44115],[32.95209,-9.44203],[32.95207,-9.44212],[32.95205,-9.4424],[32.95204,-9.4426],[32.95201,-9.4427],[32.95198,-9.4428],[32.95196,-9.44308],[32.95189,-9.44335],[32.95184,-9.44357],[32.95182,-9.44371],[32.95182,-9.44375],[32.95182,-9.44388],[32.9518,-9.44406],[32.95179,-9.44425],[32.95177,-9.44433],[32.95178,-9.44444],[32.9518,-9.44466],[32.95178,-9.445],[32.95199,-9.44525],[32.95219,-9.44544],[32.95248,-9.44574],[32.95263,-9.44591],[32.95278,-9.44609],[32.95296,-9.44627],[32.9532,-9.4465],[32.95335,-9.44666],[32.95348,-9.4468],[32.95358,-9.44695],[32.95382,-9.44725],[32.95406,-9.44758],[32.95426,-9.44787],[32.95444,-9.44818],[32.95452,-9.44833],[32.9547,-9.4487],[32.95477,-9.44888],[32.95481,-9.44893],[32.95503,-9.44913],[32.9552,-9.44923]]},"properties":{"id":430371411,"cls":"unclassified","hw":"unclassified","tg":"na","name":"","ref":"","surface":"unpaved","sc":"unpaved","speed":null,"lit":"unk","km":3.478}},
{"type":"Feature","geometry":{"type":"LineString","coordinates":[[32.88251,-9.47754],[32.88266,-9.47755],[32.88294,-9.47749],[32.8831,-9.47741],[32.88325,-9.47739],[32.88419,-9.47744],[32.88518,-9.4775],[32.8878,-9.47762],[32.88873,-9.47767],[32.89032,-9.47748],[32.89069,-9.47747],[32.89124,-9.4775],[32.89171,-9.47746],[32.89361,-9.47684],[32.89384,-9.47674],[32.8942,-9.47646],[32.89497,-9.47595],[32.89525,-9.47579],[32.89538,-9.47573],[32.89609,-9.47549],[32.89683,-9.47509],[32.89712,-9.47495],[32.89732,-9.47489],[32.89778,-9.47481],[32.89891,-9.47461],[32.89907,-9.4746],[32.89946,-9.47463],[32.89999,-9.47466],[32.90197,-9.47487],[32.90218,-9.47487],[32.9024,-9.47483],[32.90263,-9.47475],[32.90368,-9.47417],[32.90505,-9.47324],[32.9053,-9.47295],[32.90548,-9.47281],[32.90648,-9.47214],[32.90747,-9.47151],[32.90782,-9.47127],[32.90805,-9.47088],[32.9083,-9.47057],[32.90878,-9.46999],[32.90919,-9.46958],[32.9102,-9.46876],[32.91174,-9.46765],[32.91428,-9.46548],[32.91542,-9.46479],[32.91592,-9.46467],[32.91699,-9.46496],[32.92018,-9.46549],[32.92073,-9.46544],[32.92106,-9.4653],[32.92268,-9.46413],[32.92401,-9.46335],[32.92428,-9.46316],[32.92442,-9.46299],[32.92457,-9.46267],[32.92473,-9.46213],[32.92477,-9.46185],[32.92483,-9.4616],[32.92499,-9.46118],[32.92535,-9.46054],[32.92547,-9.4604],[32.92567,-9.46024],[32.92582,-9.4601],[32.92619,-9.45944],[32.92656,-9.45873],[32.92688,-9.45822],[32.927,-9.45807],[32.92724,-9.45785],[32.92759,-9.45721],[32.92784,-9.45683],[32.92836,-9.45635],[32.93079,-9.4547],[32.93157,-9.45412],[32.93252,-9.45331],[32.93273,-9.45311],[32.93313,-9.45274],[32.93354,-9.45217],[32.93376,-9.45179],[32.93387,-9.45159],[32.93392,-9.45152],[32.93518,-9.44912],[32.93571,-9.44813],[32.93616,-9.44729],[32.9364,-9.44682],[32.93651,-9.44661],[32.93659,-9.44644],[32.93736,-9.44492],[32.93783,-9.4439],[32.93813,-9.44312],[32.93837,-9.4425],[32.93861,-9.44208],[32.93877,-9.44168],[32.93925,-9.44035],[32.93945,-9.43997],[32.93992,-9.43929],[32.94051,-9.43805],[32.94064,-9.43768],[32.94076,-9.4371],[32.94079,-9.43682],[32.94093,-9.43564],[32.94091,-9.43534],[32.94065,-9.43474],[32.94055,-9.43431],[32.94064,-9.43358],[32.94071,-9.43329],[32.94093,-9.43279],[32.94101,-9.43229],[32.94103,-9.43202],[32.94102,-9.43121],[32.94107,-9.43033],[32.94117,-9.4297],[32.94127,-9.42917],[32.9413,-9.42893],[32.9413,-9.42871],[32.94124,-9.42844],[32.94113,-9.42757],[32.94112,-9.42724],[32.94113,-9.42689],[32.94123,-9.42615],[32.94129,-9.42563],[32.94164,-9.42439],[32.9417,-9.42408],[32.9417,-9.42388]]},"properties":{"id":430371412,"cls":"unclassified","hw":"unclassified","tg":"na","name":"","ref":"","surface":"unpaved","sc":"unpaved","speed":null,"lit":"unk","km":10.134}},
{"type":"Feature","geometry":{"type":"LineString","coordinates":[[32.94302,-9.41934],[32.94326,-9.41915],[32.9433,-9.41912],[32.94345,-9.41898],[32.94371,-9.41883],[32.9439,-9.41865],[32.94405,-9.41852],[32.94417,-9.41841],[32.9443,-9.41833],[32.94441,-9.41818],[32.94449,-9.41813],[32.94458,-9.41794]]},"properties":{"id":430371413,"cls":"unclassified","hw":"unclassified","tg":"na","name":"","ref":"","surface":"unpaved","sc":"unpaved","speed":null,"lit":"unk","km":0.235}},
{"type":"Feature","geometry":{"type":"LineString","coordinates":[[32.93644,-9.45068],[32.93661,-9.45056],[32.93693,-9.45023],[32.93708,-9.45015],[32.93733,-9.44999],[32.93757,-9.44996],[32.93767,-9.4499],[32.93773,-9.44986],[32.93788,-9.44963],[32.938,-9.44969],[32.93813,-9.44973],[32.93844,-9.44975],[32.93884,-9.44969],[32.93929,-9.44964],[32.93987,-9.44961],[32.9401,-9.44957],[32.94023,-9.4495],[32.94047,-9.44943],[32.94081,-9.4494],[32.9411,-9.44941],[32.94134,-9.44941]]},"properties":{"id":430963640,"cls":"residential","hw":"residential","tg":"na","name":"","ref":"","surface":"unpaved","sc":"unpaved","speed":null,"lit":"unk","km":0.589}},
{"type":"Feature","geometry":{"type":"LineString","coordinates":[[32.94507,-9.45324],[32.94505,-9.45303],[32.94502,-9.45292],[32.94501,-9.45282],[32.94494,-9.45258],[32.94475,-9.45221],[32.94465,-9.45207],[32.94459,-9.45196],[32.94459,-9.45189],[32.9446,-9.45182],[32.94465,-9.45148],[32.94468,-9.45134],[32.94472,-9.45121],[32.94474,-9.45095],[32.94486,-9.45071],[32.94499,-9.45056],[32.9451,-9.45034],[32.94514,-9.45032],[32.94523,-9.45032],[32.94528,-9.4503],[32.94543,-9.45023],[32.94558,-9.45015],[32.9457,-9.45005],[32.9458,-9.44993],[32.94589,-9.44985],[32.94616,-9.44975],[32.94635,-9.44968],[32.94651,-9.44956],[32.94681,-9.44936],[32.94705,-9.44925]]},"properties":{"id":430963646,"cls":"unclassified","hw":"unclassified","tg":"na","name":"","ref":"","surface":"unpaved","sc":"unpaved","speed":null,"lit":"unk","km":0.597}},
{"type":"Feature","geometry":{"type":"LineString","coordinates":[[32.94055,-9.43431],[32.94073,-9.43432],[32.94133,-9.4345],[32.94194,-9.43465],[32.94245,-9.43472],[32.94259,-9.43476],[32.94271,-9.43484],[32.943,-9.43511],[32.94329,-9.43539],[32.94351,-9.43564],[32.94379,-9.43588],[32.94403,-9.43603],[32.9442,-9.43612],[32.94453,-9.43624],[32.94484,-9.43637],[32.94504,-9.43647],[32.94519,-9.43654],[32.94536,-9.43667],[32.94547,-9.43675],[32.94561,-9.43683],[32.94582,-9.43692],[32.94597,-9.43705],[32.94608,-9.43714],[32.94629,-9.43729],[32.94635,-9.43735],[32.94646,-9.43755],[32.94653,-9.43777],[32.9467,-9.43811],[32.94684,-9.43836],[32.94696,-9.43858],[32.94702,-9.4387],[32.94704,-9.43878],[32.94715,-9.43898],[32.94733,-9.43929],[32.94749,-9.43948],[32.9476,-9.43964],[32.94782,-9.4399],[32.948,-9.4401],[32.94817,-9.44031],[32.9483,-9.44043],[32.9484,-9.44056],[32.94855,-9.44085],[32.94868,-9.44108],[32.94871,-9.44114],[32.94875,-9.44121],[32.94875,-9.44159],[32.94891,-9.44181],[32.94909,-9.44201],[32.94938,-9.44235],[32.94957,-9.4426],[32.9498,-9.44281],[32.95053,-9.44365],[32.95059,-9.44374],[32.95086,-9.444],[32.95095,-9.44414],[32.95116,-9.4443],[32.95128,-9.44443],[32.95143,-9.4446],[32.95159,-9.44479],[32.95178,-9.445]]},"properties":{"id":430963653,"cls":"unclassified","hw":"unclassified","tg":"na","name":"","ref":"","surface":"unpaved","sc":"unpaved","speed":null,"lit":"unk","km":1.795}},
{"type":"Feature","geometry":{"type":"LineString","coordinates":[[32.98685,-9.37123],[32.98631,-9.37163],[32.98596,-9.37174],[32.98558,-9.37178],[32.98541,-9.37186],[32.9853,-9.37201],[32.98483,-9.3735],[32.98474,-9.37466]]},"properties":{"id":442116400,"cls":"residential","hw":"residential","tg":"na","name":"","ref":"","surface":"","sc":"unknown","speed":null,"lit":"unk","km":0.5}},
{"type":"Feature","geometry":{"type":"LineString","coordinates":[[32.93693,-9.41473],[32.93699,-9.41481],[32.93707,-9.41491],[32.93712,-9.41502],[32.93711,-9.41513],[32.93707,-9.41529],[32.93707,-9.41536],[32.93712,-9.4156],[32.93717,-9.41568],[32.93718,-9.41578],[32.93723,-9.41607],[32.93728,-9.41625],[32.93733,-9.41632],[32.93788,-9.41703],[32.93816,-9.41738],[32.93843,-9.41778],[32.93847,-9.41787],[32.93867,-9.41836],[32.93912,-9.41914],[32.93947,-9.4197],[32.93961,-9.42],[32.93987,-9.42036],[32.94003,-9.42058],[32.9405,-9.42137],[32.94058,-9.42152],[32.94094,-9.42224],[32.9411,-9.42258],[32.94135,-9.42318],[32.94145,-9.42339],[32.94155,-9.42361],[32.9417,-9.42388]]},"properties":{"id":442116462,"cls":"unclassified","hw":"unclassified","tg":"na","name":"","ref":"","surface":"unpaved","sc":"unpaved","speed":null,"lit":"unk","km":1.16}},
{"type":"Feature","geometry":{"type":"LineString","coordinates":[[32.99353,-9.37828],[32.99351,-9.37807],[32.99348,-9.37792],[32.99344,-9.37775],[32.9934,-9.37756],[32.99332,-9.37737],[32.99325,-9.37717],[32.99322,-9.37706],[32.99319,-9.37695],[32.99319,-9.37678],[32.9931,-9.3766],[32.99303,-9.37651],[32.99299,-9.37646],[32.99295,-9.37636],[32.99295,-9.37629],[32.99299,-9.37623],[32.99306,-9.37611],[32.99312,-9.376],[32.99313,-9.37595],[32.99311,-9.37592],[32.99306,-9.37588],[32.99295,-9.3758],[32.99281,-9.37569],[32.9927,-9.3756],[32.99251,-9.37541],[32.99245,-9.37527],[32.99239,-9.37521],[32.99223,-9.37509],[32.99211,-9.375],[32.99199,-9.37495],[32.99141,-9.37466],[32.99125,-9.37457],[32.99107,-9.37446],[32.99098,-9.37438],[32.99095,-9.37431],[32.99091,-9.37419],[32.99087,-9.37409],[32.99079,-9.37401],[32.99074,-9.37397],[32.99072,-9.37396],[32.99064,-9.37392],[32.99057,-9.37384],[32.99052,-9.37377],[32.99044,-9.37371],[32.99037,-9.37365],[32.99023,-9.37355],[32.9901,-9.37343],[32.98987,-9.37329],[32.98971,-9.37317],[32.98962,-9.37311],[32.98955,-9.37308],[32.98946,-9.37307],[32.9893,-9.37301],[32.98911,-9.37299],[32.98879,-9.37285],[32.9887,-9.37282],[32.98858,-9.37281],[32.98847,-9.37282],[32.98826,-9.37276],[32.98814,-9.3727],[32.98763,-9.3724],[32.98749,-9.37231],[32.9874,-9.37219],[32.98733,-9.37204],[32.98722,-9.37189],[32.98691,-9.37132],[32.98685,-9.37123]]},"properties":{"id":442116491,"cls":"tertiary","hw":"tertiary","tg":"na","name":"","ref":"","surface":"unpaved","sc":"unpaved","speed":null,"lit":"unk","km":1.18}},
{"type":"Feature","geometry":{"type":"LineString","coordinates":[[32.98474,-9.37466],[32.98571,-9.37517],[32.98702,-9.37592],[32.98738,-9.37583],[32.9877,-9.37576],[32.98785,-9.37565],[32.98798,-9.37549],[32.98816,-9.37523],[32.98852,-9.37475],[32.98875,-9.37433],[32.98888,-9.37412],[32.98946,-9.37307]]},"properties":{"id":524686578,"cls":"residential","hw":"residential","tg":"na","name":"","ref":"","surface":"","sc":"unknown","speed":null,"lit":"unk","km":0.722}},
{"type":"Feature","geometry":{"type":"LineString","coordinates":[[32.98474,-9.37466],[32.98452,-9.37456],[32.98428,-9.37448],[32.984,-9.3743],[32.98383,-9.37412],[32.98346,-9.37377],[32.98322,-9.37355],[32.98303,-9.37337],[32.98273,-9.37317],[32.9823,-9.37296],[32.98189,-9.37277],[32.98152,-9.37262],[32.98127,-9.37252],[32.98098,-9.37247],[32.9809,-9.37246],[32.98049,-9.37248],[32.98021,-9.37247],[32.97995,-9.37245],[32.97971,-9.37238],[32.97948,-9.37221],[32.97928,-9.37204],[32.97893,-9.37179],[32.97887,-9.37173],[32.97854,-9.37151],[32.97825,-9.37136],[32.97796,-9.3713],[32.97779,-9.37124],[32.97734,-9.37114],[32.97689,-9.37106],[32.97659,-9.37093]]},"properties":{"id":524686579,"cls":"unclassified","hw":"unclassified","tg":"na","name":"","ref":"","surface":"unpaved","sc":"unpaved","speed":null,"lit":"unk","km":1.014}},
{"type":"Feature","geometry":{"type":"LineString","coordinates":[[32.96342,-9.45438],[32.96361,-9.45416],[32.96371,-9.45401],[32.96377,-9.45387],[32.96378,-9.45375],[32.96382,-9.45326],[32.96382,-9.45294],[32.96382,-9.4526],[32.96386,-9.4523],[32.9639,-9.45205],[32.96395,-9.45193],[32.96395,-9.45178],[32.96393,-9.45164],[32.96391,-9.45145],[32.96384,-9.45102],[32.96379,-9.45086],[32.96378,-9.45065],[32.9638,-9.45053],[32.96378,-9.4504],[32.96375,-9.4501],[32.9637,-9.44998],[32.96366,-9.44977],[32.96361,-9.44951],[32.96357,-9.44938],[32.96356,-9.44928],[32.96353,-9.44917],[32.96328,-9.44768],[32.96315,-9.44632],[32.96315,-9.4459],[32.96317,-9.44536],[32.96316,-9.44502],[32.96314,-9.44466],[32.96312,-9.44421],[32.96312,-9.44409],[32.96317,-9.44381],[32.9632,-9.44372],[32.96324,-9.44355],[32.96333,-9.44327],[32.96343,-9.44299],[32.9635,-9.44287],[32.9636,-9.44278]]},"properties":{"id":559853314,"cls":"unclassified","hw":"unclassified","tg":"na","name":"","ref":"","surface":"unpaved","sc":"unpaved","speed":null,"lit":"unk","km":1.324}},
{"type":"Feature","geometry":{"type":"LineString","coordinates":[[32.96689,-9.44447],[32.96713,-9.44478],[32.96728,-9.44503],[32.96738,-9.44518],[32.96744,-9.4453],[32.96748,-9.44537],[32.96752,-9.44556],[32.96754,-9.44572],[32.96753,-9.44606],[32.96755,-9.4467],[32.96752,-9.44692],[32.96757,-9.44743],[32.96754,-9.44764],[32.9675,-9.44781],[32.96757,-9.44786],[32.9678,-9.448],[32.96819,-9.44832],[32.96844,-9.44841],[32.96846,-9.44835],[32.96864,-9.44803],[32.96863,-9.44775]]},"properties":{"id":559853315,"cls":"path","hw":"path","tg":"na","name":"","ref":"","surface":"","sc":"unknown","speed":null,"lit":"unk","km":0.595}},
{"type":"Feature","geometry":{"type":"LineString","coordinates":[[32.96755,-9.4467],[32.96783,-9.44702],[32.96798,-9.44719],[32.96806,-9.44738],[32.96828,-9.4475],[32.96835,-9.44752],[32.96855,-9.44771],[32.96863,-9.44775]]},"properties":{"id":559853316,"cls":"path","hw":"path","tg":"na","name":"","ref":"","surface":"","sc":"unknown","speed":null,"lit":"unk","km":0.171}},
{"type":"Feature","geometry":{"type":"LineString","coordinates":[[32.96755,-9.4467],[32.96733,-9.44656],[32.96708,-9.44637],[32.96683,-9.44614],[32.96662,-9.44587],[32.96636,-9.44564],[32.96619,-9.44545],[32.96611,-9.44538],[32.9658,-9.44507],[32.9655,-9.4449],[32.96512,-9.44449],[32.96487,-9.44415],[32.96479,-9.44394]]},"properties":{"id":559853317,"cls":"path","hw":"path","tg":"na","name":"","ref":"","surface":"","sc":"unknown","speed":null,"lit":"unk","km":0.437}},
{"type":"Feature","geometry":{"type":"LineString","coordinates":[[32.96897,-9.44803],[32.96889,-9.44817],[32.96883,-9.44834],[32.96875,-9.44861],[32.96872,-9.44868]]},"properties":{"id":559853318,"cls":"path","hw":"path","tg":"na","name":"","ref":"","surface":"","sc":"unknown","speed":null,"lit":"unk","km":0.078}},
{"type":"Feature","geometry":{"type":"LineString","coordinates":[[32.96844,-9.44841],[32.96872,-9.44868]]},"properties":{"id":559853319,"cls":"path","hw":"path","tg":"na","name":"","ref":"","surface":"","sc":"unknown","speed":null,"lit":"unk","km":0.043}},
{"type":"Feature","geometry":{"type":"LineString","coordinates":[[32.96872,-9.44868],[32.96873,-9.44874],[32.96877,-9.44889],[32.96879,-9.44897],[32.96873,-9.44906],[32.96876,-9.44913],[32.96881,-9.4492],[32.96886,-9.44924],[32.96891,-9.44942],[32.96894,-9.44961],[32.96893,-9.44969],[32.96908,-9.45003],[32.96914,-9.45021],[32.96916,-9.45047],[32.9692,-9.45053],[32.9692,-9.45063],[32.96912,-9.45104]]},"properties":{"id":559853320,"cls":"path","hw":"path","tg":"na","name":"","ref":"","surface":"","sc":"unknown","speed":null,"lit":"unk","km":0.278}},
{"type":"Feature","geometry":{"type":"LineString","coordinates":[[32.96873,-9.44874],[32.96886,-9.44878],[32.96895,-9.44882],[32.96904,-9.44888],[32.96915,-9.44901],[32.96925,-9.44911],[32.96937,-9.44928],[32.96965,-9.44938]]},"properties":{"id":559853321,"cls":"path","hw":"path","tg":"na","name":"","ref":"","surface":"","sc":"unknown","speed":null,"lit":"unk","km":0.128}},
{"type":"Feature","geometry":{"type":"LineString","coordinates":[[32.96897,-9.44803],[32.96897,-9.44794],[32.96905,-9.44785],[32.96904,-9.44763],[32.96899,-9.44732],[32.9691,-9.44707],[32.96928,-9.44678],[32.96946,-9.4464],[32.96957,-9.44617],[32.9696,-9.44574],[32.96969,-9.44543],[32.96977,-9.44533],[32.96989,-9.44516],[32.97053,-9.44489],[32.97118,-9.44446],[32.97167,-9.44409],[32.97197,-9.4435],[32.97202,-9.44349],[32.97206,-9.44338],[32.97206,-9.44322],[32.97209,-9.44296],[32.97211,-9.44283]]},"properties":{"id":559853322,"cls":"path","hw":"path","tg":"na","name":"","ref":"","surface":"","sc":"unknown","speed":null,"lit":"unk","km":0.73}},
{"type":"Feature","geometry":{"type":"LineString","coordinates":[[32.97642,-9.43804],[32.97611,-9.43847],[32.97591,-9.43859],[32.97574,-9.43885],[32.97543,-9.43916],[32.97515,-9.43948],[32.97494,-9.44003],[32.97472,-9.44065],[32.97464,-9.44098],[32.97449,-9.44118],[32.97428,-9.44135],[32.97394,-9.44171],[32.97347,-9.44214],[32.973,-9.44247]]},"properties":{"id":559853324,"cls":"path","hw":"path","tg":"na","name":"","ref":"","surface":"","sc":"unknown","speed":null,"lit":"unk","km":0.636}},
{"type":"Feature","geometry":{"type":"LineString","coordinates":[[32.96619,-9.44545],[32.96585,-9.4457],[32.96563,-9.44587],[32.9653,-9.4465],[32.96533,-9.4467],[32.96487,-9.44707],[32.96449,-9.44748],[32.96419,-9.44772],[32.96393,-9.44801],[32.96381,-9.4483],[32.96353,-9.44917]]},"properties":{"id":559853325,"cls":"path","hw":"path","tg":"na","name":"","ref":"","surface":"","sc":"unknown","speed":null,"lit":"unk","km":0.527}},
{"type":"Feature","geometry":{"type":"LineString","coordinates":[[32.9636,-9.44278],[32.96388,-9.44304],[32.96432,-9.44352],[32.96479,-9.44394],[32.96528,-9.44412],[32.96576,-9.44431],[32.96603,-9.44437],[32.96625,-9.44438],[32.9664,-9.44444],[32.96667,-9.44447],[32.96689,-9.44447],[32.96718,-9.44447],[32.96739,-9.44449],[32.96775,-9.44464],[32.96784,-9.44469],[32.96802,-9.44477],[32.96819,-9.44486],[32.96839,-9.44497],[32.96856,-9.44501],[32.96875,-9.44505],[32.96897,-9.44509],[32.96913,-9.44511]]},"properties":{"id":559853326,"cls":"unclassified","hw":"unclassified","tg":"na","name":"","ref":"","surface":"unpaved","sc":"unpaved","speed":null,"lit":"unk","km":0.684}},
{"type":"Feature","geometry":{"type":"LineString","coordinates":[[32.94505,-9.45381],[32.94522,-9.45376],[32.94529,-9.45368],[32.94543,-9.45362],[32.9455,-9.45356],[32.94561,-9.45353],[32.94585,-9.45354],[32.94602,-9.45361],[32.94617,-9.45359],[32.94627,-9.45359],[32.94643,-9.4536],[32.94673,-9.45361],[32.94704,-9.45365],[32.94726,-9.45367],[32.94738,-9.45364],[32.9475,-9.45363],[32.94771,-9.45364],[32.94787,-9.45352],[32.94794,-9.45347],[32.94802,-9.45345],[32.94806,-9.45341],[32.94817,-9.4534],[32.94829,-9.4534],[32.94843,-9.45342],[32.9486,-9.45345],[32.94872,-9.45348],[32.94882,-9.4536],[32.94895,-9.45363],[32.94912,-9.4537],[32.94928,-9.45374],[32.94953,-9.45379],[32.94963,-9.45381],[32.94971,-9.45382],[32.9498,-9.45383],[32.94988,-9.45385],[32.95002,-9.45387],[32.95016,-9.45391],[32.95034,-9.45395],[32.95051,-9.45401],[32.95066,-9.45404],[32.95079,-9.45405],[32.95091,-9.45405],[32.95103,-9.45404],[32.95115,-9.454],[32.95123,-9.454],[32.95131,-9.454],[32.95141,-9.45398],[32.95154,-9.45395],[32.95163,-9.45391],[32.95172,-9.45387],[32.95178,-9.45385],[32.95188,-9.45382],[32.95195,-9.45377],[32.95198,-9.45374],[32.95204,-9.45371],[32.95208,-9.45366],[32.95211,-9.45364],[32.95221,-9.45361],[32.9523,-9.45359],[32.95236,-9.45357],[32.95241,-9.45354],[32.95245,-9.45352],[32.95252,-9.45353],[32.95257,-9.45352]]},"properties":{"id":569047670,"cls":"path","hw":"path","tg":"na","name":"","ref":"","surface":"unpaved","sc":"unpaved","speed":null,"lit":"unk","km":0.873}},
{"type":"Feature","geometry":{"type":"LineString","coordinates":[[32.95646,-9.44902],[32.95644,-9.44919],[32.95641,-9.44932],[32.95631,-9.44944],[32.95625,-9.44958],[32.95617,-9.44966],[32.9561,-9.44975],[32.95593,-9.44989]]},"properties":{"id":569047672,"cls":"path","hw":"path","tg":"na","name":"","ref":"","surface":"unpaved","sc":"unpaved","speed":null,"lit":"unk","km":0.117}},
{"type":"Feature","geometry":{"type":"LineString","coordinates":[[32.95747,-9.45124],[32.95742,-9.45124],[32.95738,-9.45123],[32.95729,-9.45121],[32.95721,-9.45115],[32.95708,-9.45114],[32.95693,-9.45111],[32.95675,-9.45108],[32.95665,-9.45104],[32.95659,-9.45103],[32.95654,-9.45104],[32.95649,-9.45104],[32.95643,-9.45104],[32.95637,-9.45105],[32.95632,-9.45107],[32.95627,-9.45105],[32.9562,-9.45105],[32.9561,-9.45107],[32.95598,-9.45109],[32.9559,-9.45108],[32.95581,-9.45106],[32.95571,-9.45105],[32.95567,-9.45102],[32.95556,-9.45101],[32.95543,-9.45096],[32.95528,-9.45092],[32.95513,-9.45088],[32.95501,-9.45085],[32.95491,-9.45082],[32.95479,-9.45078],[32.95462,-9.45074],[32.95446,-9.45069],[32.95423,-9.45063],[32.95401,-9.45055],[32.9538,-9.45048],[32.9536,-9.45041],[32.95348,-9.45036],[32.95337,-9.45034],[32.95327,-9.45031],[32.95309,-9.45034],[32.95288,-9.45034],[32.95271,-9.45032],[32.95256,-9.4503],[32.95237,-9.4503],[32.95217,-9.4503],[32.95194,-9.45031],[32.95173,-9.45031],[32.95145,-9.45031],[32.95126,-9.45032],[32.95107,-9.45032],[32.95094,-9.4503],[32.95079,-9.45028],[32.95069,-9.4503],[32.95059,-9.45029],[32.95049,-9.4503],[32.95041,-9.45033]]},"properties":{"id":569047675,"cls":"path","hw":"path","tg":"na","name":"","ref":"","surface":"unpaved","sc":"unpaved","speed":null,"lit":"unk","km":0.796}},
{"type":"Feature","geometry":{"type":"LineString","coordinates":[[32.94548,-9.44937],[32.94553,-9.44935],[32.94564,-9.44943],[32.94574,-9.44948],[32.94591,-9.44959],[32.94616,-9.44975],[32.94639,-9.44984],[32.94658,-9.44992],[32.94669,-9.44999],[32.94697,-9.45009],[32.94715,-9.45014],[32.94728,-9.45018],[32.94745,-9.45021],[32.94761,-9.45018],[32.94777,-9.45022],[32.94789,-9.45027],[32.94799,-9.4503],[32.94807,-9.4503],[32.94817,-9.45033],[32.94833,-9.45037],[32.94845,-9.45043],[32.94859,-9.45049],[32.94876,-9.45045],[32.94891,-9.45045],[32.94906,-9.45042],[32.94922,-9.45039],[32.94941,-9.45037],[32.9496,-9.45034],[32.9498,-9.45032],[32.94996,-9.45032],[32.95003,-9.45033],[32.95011,-9.45033],[32.95022,-9.45031],[32.95027,-9.45031],[32.95041,-9.45033],[32.9505,-9.45034],[32.95059,-9.45038],[32.95065,-9.45045],[32.95072,-9.45054],[32.95083,-9.4506],[32.95093,-9.45068],[32.95103,-9.45077],[32.95109,-9.45081],[32.95116,-9.4509],[32.95127,-9.45099],[32.95129,-9.45104],[32.95133,-9.45109],[32.95135,-9.45114],[32.95139,-9.45118],[32.95145,-9.4512],[32.95151,-9.45123],[32.95156,-9.45123],[32.95163,-9.4513],[32.95172,-9.45135],[32.95178,-9.4514],[32.95185,-9.4514],[32.95194,-9.45146],[32.95202,-9.45156],[32.95206,-9.45159],[32.95218,-9.45164],[32.95233,-9.45168],[32.9524,-9.45171],[32.95249,-9.4517],[32.95258,-9.45168],[32.95263,-9.45169],[32.95274,-9.45176],[32.95286,-9.45183],[32.95292,-9.45188],[32.95303,-9.45192],[32.95315,-9.45195],[32.95326,-9.45201],[32.95339,-9.45205],[32.95352,-9.4521],[32.9536,-9.45215],[32.9537,-9.45221],[32.95378,-9.45226],[32.95385,-9.45227],[32.95396,-9.45228]]},"properties":{"id":569047676,"cls":"path","hw":"path","tg":"na","name":"","ref":"","surface":"unpaved","sc":"unpaved","speed":null,"lit":"unk","km":1.038}},
{"type":"Feature","geometry":{"type":"LineString","coordinates":[[32.95717,-9.44901],[32.95723,-9.4491],[32.95728,-9.44909],[32.95734,-9.44913],[32.95743,-9.44912],[32.95753,-9.44918],[32.95766,-9.44929],[32.95772,-9.44935],[32.95782,-9.44947],[32.95791,-9.4496],[32.95792,-9.44969],[32.95797,-9.44977],[32.95803,-9.44991],[32.95808,-9.45006],[32.95814,-9.45019],[32.9582,-9.45032],[32.95821,-9.45045],[32.95822,-9.45051],[32.95826,-9.45056],[32.95828,-9.45065],[32.9583,-9.4508],[32.95828,-9.45092],[32.95828,-9.45103],[32.95831,-9.45111],[32.95833,-9.45123],[32.95834,-9.45136],[32.95834,-9.45138],[32.95835,-9.45148],[32.95835,-9.45152],[32.95823,-9.45162]]},"properties":{"id":569047677,"cls":"path","hw":"path","tg":"na","name":"","ref":"","surface":"unpaved","sc":"unpaved","speed":null,"lit":"unk","km":0.352}},
{"type":"Feature","geometry":{"type":"LineString","coordinates":[[32.95823,-9.45162],[32.95823,-9.45173],[32.95823,-9.45179],[32.95824,-9.45186],[32.95826,-9.45198],[32.9583,-9.45206],[32.95834,-9.45217],[32.95839,-9.45229],[32.95841,-9.45242],[32.95842,-9.45257],[32.95846,-9.45266],[32.95848,-9.45268],[32.95853,-9.45273],[32.95857,-9.45278],[32.95864,-9.45281],[32.95868,-9.45281],[32.95871,-9.4528],[32.95873,-9.45279],[32.95881,-9.45275],[32.95885,-9.45271],[32.95898,-9.45267],[32.95912,-9.4526],[32.9593,-9.4525],[32.95945,-9.45242],[32.95955,-9.45235]]},"properties":{"id":569054162,"cls":"path","hw":"path","tg":"na","name":"","ref":"","surface":"unpaved","sc":"unpaved","speed":null,"lit":"unk","km":0.26}},
{"type":"Feature","geometry":{"type":"LineString","coordinates":[[32.96318,-9.45464],[32.96298,-9.45449],[32.96298,-9.45441],[32.96294,-9.4543],[32.9629,-9.4542],[32.96286,-9.45411],[32.96228,-9.45431],[32.9618,-9.45444],[32.96162,-9.45448],[32.96139,-9.45456],[32.96134,-9.45454],[32.96088,-9.45462],[32.96066,-9.45467],[32.96037,-9.45475],[32.95976,-9.45492],[32.95908,-9.45507],[32.95893,-9.4551],[32.95881,-9.45512],[32.95877,-9.45513],[32.95851,-9.45516],[32.9583,-9.45519],[32.95814,-9.45523],[32.958,-9.45525],[32.95799,-9.45526],[32.95792,-9.45528],[32.95776,-9.45532],[32.95756,-9.45537],[32.95742,-9.45539],[32.95716,-9.45544],[32.95702,-9.45537],[32.95682,-9.45523],[32.95661,-9.45509],[32.95643,-9.45498],[32.95633,-9.4549],[32.95613,-9.45476],[32.95593,-9.45463],[32.95578,-9.45454],[32.95554,-9.45436],[32.95529,-9.45419],[32.95509,-9.45407],[32.95485,-9.45392],[32.95463,-9.45378],[32.95447,-9.45371],[32.95439,-9.45365],[32.95434,-9.4536],[32.95428,-9.45355],[32.95421,-9.45352],[32.95417,-9.45346],[32.95412,-9.4534],[32.95407,-9.45333],[32.95401,-9.45327],[32.95394,-9.4532],[32.95389,-9.45317],[32.95384,-9.45318],[32.9538,-9.45312],[32.9537,-9.45307],[32.95365,-9.45303],[32.95356,-9.45298],[32.95349,-9.45291],[32.95347,-9.45289],[32.95345,-9.45286],[32.95344,-9.45282],[32.95345,-9.45272]]},"properties":{"id":569054171,"cls":"unclassified","hw":"unclassified","tg":"na","name":"","ref":"","surface":"unpaved","sc":"unpaved","speed":null,"lit":"unk","km":1.237}},
{"type":"Feature","geometry":{"type":"LineString","coordinates":[[32.95257,-9.45352],[32.95257,-9.45356],[32.95255,-9.45365],[32.95253,-9.45375],[32.95251,-9.45389],[32.95249,-9.454],[32.95247,-9.4542],[32.95246,-9.45432],[32.95246,-9.4544],[32.95241,-9.4545],[32.95242,-9.45465],[32.95241,-9.45477],[32.95224,-9.45513],[32.95213,-9.45536],[32.95207,-9.45566],[32.95199,-9.45586],[32.95192,-9.45607],[32.95182,-9.45625],[32.95176,-9.45639],[32.95173,-9.45645],[32.95168,-9.45648],[32.95166,-9.4566],[32.95161,-9.4567],[32.95154,-9.4568],[32.95149,-9.45696],[32.95148,-9.457],[32.95148,-9.45704],[32.95144,-9.45714],[32.95143,-9.45721],[32.95141,-9.45731],[32.95137,-9.45743],[32.95136,-9.45756],[32.95131,-9.45761],[32.95119,-9.45772],[32.95117,-9.45778],[32.9511,-9.45782],[32.95107,-9.45788],[32.95097,-9.45797],[32.95088,-9.45801],[32.9508,-9.45807],[32.95075,-9.45816],[32.95067,-9.4582],[32.95061,-9.45827],[32.95052,-9.45835],[32.95044,-9.45843],[32.95039,-9.45851],[32.95034,-9.45855],[32.95032,-9.45856],[32.95025,-9.45861]]},"properties":{"id":569054172,"cls":"path","hw":"path","tg":"na","name":"","ref":"","surface":"unpaved","sc":"unpaved","speed":null,"lit":"unk","km":0.649}},
{"type":"Feature","geometry":{"type":"LineString","coordinates":[[32.94523,-9.45294],[32.94539,-9.45315],[32.94547,-9.4532],[32.94556,-9.45323],[32.94564,-9.4533],[32.94588,-9.45346],[32.94602,-9.45361],[32.9461,-9.45372],[32.94614,-9.45383],[32.9462,-9.45393],[32.94624,-9.45405],[32.94628,-9.45417],[32.94632,-9.4543],[32.94636,-9.45445],[32.94642,-9.45462],[32.94647,-9.45472],[32.94665,-9.455],[32.94676,-9.45519],[32.94692,-9.45543],[32.94703,-9.4556],[32.94709,-9.45566],[32.94722,-9.45573],[32.94736,-9.45586],[32.94752,-9.45596],[32.94762,-9.45602],[32.94772,-9.45615],[32.9479,-9.45634],[32.948,-9.45643],[32.9481,-9.45652],[32.94827,-9.45662],[32.94845,-9.45674],[32.94858,-9.45689],[32.94871,-9.45708],[32.94883,-9.45722],[32.94891,-9.45735],[32.94897,-9.45741],[32.94902,-9.45748],[32.94907,-9.45762],[32.94909,-9.4577],[32.94911,-9.45776],[32.94915,-9.4578],[32.94922,-9.45786],[32.94933,-9.45796],[32.94952,-9.45811],[32.9497,-9.4582],[32.9498,-9.45825],[32.94985,-9.45829]]},"properties":{"id":569054173,"cls":"unclassified","hw":"unclassified","tg":"na","name":"","ref":"","surface":"unpaved","sc":"unpaved","speed":null,"lit":"unk","km":0.806}},
{"type":"Feature","geometry":{"type":"LineString","coordinates":[[32.9498,-9.45851],[32.94979,-9.45855],[32.94975,-9.45868],[32.94973,-9.45876],[32.94971,-9.4588],[32.94968,-9.45894],[32.94967,-9.45904],[32.94965,-9.45909],[32.94965,-9.45919],[32.94969,-9.45933],[32.94973,-9.45948],[32.94978,-9.45968],[32.94984,-9.45981],[32.94986,-9.45994],[32.94984,-9.46002],[32.94982,-9.46009],[32.94981,-9.46015],[32.94977,-9.46021],[32.94975,-9.46024],[32.94974,-9.46026],[32.94972,-9.46031],[32.94975,-9.46037],[32.94979,-9.46042],[32.94983,-9.46047],[32.94985,-9.46056],[32.94985,-9.46066],[32.94986,-9.46076],[32.94986,-9.46083],[32.94985,-9.46089],[32.94984,-9.46095],[32.94987,-9.46105],[32.94989,-9.46111],[32.94994,-9.46118],[32.94996,-9.46123],[32.94999,-9.46127],[32.95,-9.46135],[32.95002,-9.46143],[32.95005,-9.46151],[32.95004,-9.46157],[32.95,-9.46169],[32.94995,-9.46177],[32.94991,-9.46186],[32.94986,-9.46195],[32.94983,-9.46202],[32.94982,-9.46208],[32.9498,-9.46219],[32.94978,-9.46226],[32.94975,-9.46232],[32.94971,-9.46242],[32.94967,-9.46248],[32.94966,-9.46251],[32.94965,-9.46254],[32.94964,-9.4626],[32.94964,-9.46266],[32.94963,-9.46272],[32.9496,-9.4628],[32.94958,-9.4629],[32.94951,-9.46303],[32.9495,-9.46313],[32.94949,-9.46322],[32.94948,-9.46325],[32.94945,-9.46334],[32.94942,-9.46341],[32.94938,-9.46348],[32.94936,-9.46358],[32.94934,-9.46369],[32.94932,-9.46375],[32.94931,-9.46384],[32.94925,-9.46392],[32.9492,-9.46399],[32.94913,-9.46408]]},"properties":{"id":569054174,"cls":"path","hw":"path","tg":"na","name":"","ref":"","surface":"unpaved","sc":"unpaved","speed":null,"lit":"unk","km":0.66}},
{"type":"Feature","geometry":{"type":"LineString","coordinates":[[32.94505,-9.45381],[32.94513,-9.45382],[32.94517,-9.45384],[32.94518,-9.45387],[32.94517,-9.45395],[32.94508,-9.45401],[32.94515,-9.45407],[32.94526,-9.45416],[32.9454,-9.45432],[32.94553,-9.45447],[32.94567,-9.45462],[32.94599,-9.45488],[32.94622,-9.45516],[32.94641,-9.45526],[32.94649,-9.45532],[32.9467,-9.45538],[32.94684,-9.4554],[32.94692,-9.45543],[32.94732,-9.45559],[32.94756,-9.45571],[32.9478,-9.45583],[32.94798,-9.45593],[32.94809,-9.45602],[32.94832,-9.45614],[32.94859,-9.45627],[32.94884,-9.45638],[32.94902,-9.45644],[32.9492,-9.45647],[32.94948,-9.45654],[32.94975,-9.45656],[32.94998,-9.45655],[32.95014,-9.45654],[32.95027,-9.45656],[32.95039,-9.45666],[32.9506,-9.45675],[32.95087,-9.4568],[32.95106,-9.45685],[32.95129,-9.45695],[32.95141,-9.45699],[32.95148,-9.457],[32.95166,-9.45704],[32.9519,-9.45703],[32.95214,-9.45703],[32.95244,-9.45706],[32.95268,-9.45704],[32.95276,-9.45687],[32.95281,-9.45665],[32.95292,-9.45636],[32.95299,-9.45615],[32.95307,-9.45597],[32.95304,-9.45573],[32.95294,-9.4556],[32.95294,-9.4555],[32.95285,-9.45528],[32.95276,-9.45507],[32.95264,-9.45491],[32.95255,-9.45472],[32.95255,-9.45461],[32.9525,-9.45457],[32.9525,-9.4545],[32.95246,-9.4544]]},"properties":{"id":569054177,"cls":"path","hw":"path","tg":"na","name":"","ref":"","surface":"unpaved","sc":"unpaved","speed":null,"lit":"unk","km":1.292}},
{"type":"Feature","geometry":{"type":"LineString","coordinates":[[32.95716,-9.45544],[32.95697,-9.45549],[32.95672,-9.45551],[32.95643,-9.45553],[32.95607,-9.45554],[32.95586,-9.45553],[32.95569,-9.45552],[32.95553,-9.45551],[32.95539,-9.45549],[32.95534,-9.45556],[32.95529,-9.45566],[32.95521,-9.45575],[32.95513,-9.45585],[32.95505,-9.45603],[32.95501,-9.45618],[32.95495,-9.45635],[32.95495,-9.4565],[32.95491,-9.45659],[32.95482,-9.45675],[32.95473,-9.45698],[32.95468,-9.45708],[32.95462,-9.4573],[32.95457,-9.45742],[32.95456,-9.45744],[32.95455,-9.45756],[32.95444,-9.45774],[32.95433,-9.45789],[32.95422,-9.45805],[32.95409,-9.45817],[32.95388,-9.45828],[32.95367,-9.45841],[32.95346,-9.45848],[32.95323,-9.45855],[32.95316,-9.45856],[32.95301,-9.45865],[32.95284,-9.45867]]},"properties":{"id":569054178,"cls":"path","hw":"path","tg":"na","name":"","ref":"","surface":"unpaved","sc":"unpaved","speed":null,"lit":"unk","km":0.682}},
{"type":"Feature","geometry":{"type":"LineString","coordinates":[[32.95268,-9.45704],[32.95269,-9.45716],[32.95271,-9.45739],[32.95275,-9.45774],[32.95279,-9.45799],[32.9528,-9.45831],[32.95283,-9.45851],[32.95284,-9.45867],[32.95285,-9.45887],[32.9529,-9.45914],[32.95293,-9.45938],[32.95286,-9.45952],[32.95274,-9.45965],[32.95269,-9.45982],[32.95266,-9.45996],[32.95261,-9.46012],[32.95255,-9.46028],[32.95242,-9.46046]]},"properties":{"id":569054179,"cls":"path","hw":"path","tg":"na","name":"","ref":"","surface":"unpaved","sc":"unpaved","speed":null,"lit":"unk","km":0.397}},
{"type":"Feature","geometry":{"type":"LineString","coordinates":[[32.95533,-9.4635],[32.95519,-9.46345],[32.95507,-9.46342],[32.95482,-9.46326],[32.95442,-9.46283],[32.95433,-9.46272],[32.95388,-9.46227],[32.9535,-9.46185],[32.95334,-9.4617],[32.9533,-9.46167],[32.95324,-9.46158],[32.9531,-9.46139],[32.95292,-9.46114],[32.95285,-9.46105],[32.95267,-9.46078],[32.95242,-9.46046],[32.9523,-9.46033],[32.95206,-9.46005],[32.95191,-9.4599],[32.9518,-9.4598],[32.95167,-9.45971],[32.95153,-9.4596],[32.95141,-9.45954],[32.95107,-9.45925],[32.95093,-9.45915],[32.9507,-9.45896],[32.95051,-9.45885]]},"properties":{"id":569054180,"cls":"unclassified","hw":"unclassified","tg":"na","name":"","ref":"","surface":"unpaved","sc":"unpaved","speed":null,"lit":"unk","km":0.749}},
{"type":"Feature","geometry":{"type":"LineString","coordinates":[[32.95042,-9.45733],[32.95006,-9.45773],[32.95005,-9.45786],[32.95001,-9.45798],[32.94993,-9.45819],[32.94985,-9.45829]]},"properties":{"id":569054187,"cls":"service","hw":"service","tg":"na","name":"","ref":"","surface":"unpaved","sc":"unpaved","speed":null,"lit":"unk","km":0.127}},
{"type":"Feature","geometry":{"type":"LineString","coordinates":[[32.95842,-9.45736],[32.95842,-9.45739],[32.95834,-9.45751],[32.95834,-9.45754],[32.95831,-9.45759],[32.95829,-9.45761],[32.95825,-9.45763],[32.95823,-9.45768],[32.95816,-9.45778],[32.95812,-9.45784],[32.95804,-9.45798],[32.95797,-9.45809],[32.9579,-9.45817],[32.9578,-9.45828],[32.95775,-9.45833],[32.95762,-9.45845],[32.95756,-9.45846],[32.95746,-9.45852],[32.95734,-9.45862],[32.95728,-9.45869],[32.95724,-9.45871],[32.95714,-9.45881],[32.95705,-9.45891],[32.95693,-9.45905],[32.9569,-9.45908],[32.95671,-9.45918],[32.95665,-9.45919],[32.95656,-9.45923],[32.95649,-9.45928],[32.95635,-9.4593],[32.95617,-9.45933],[32.95607,-9.45941],[32.95601,-9.45947],[32.95586,-9.45948],[32.95577,-9.45958],[32.95559,-9.4597],[32.9555,-9.45973],[32.95534,-9.45972],[32.95511,-9.45977],[32.95492,-9.45979],[32.9548,-9.45983],[32.9547,-9.45984],[32.95464,-9.45986],[32.95454,-9.45996]]},"properties":{"id":569054188,"cls":"path","hw":"path","tg":"na","name":"","ref":"","surface":"unpaved","sc":"unpaved","speed":null,"lit":"unk","km":0.547}},
{"type":"Feature","geometry":{"type":"LineString","coordinates":[[32.95914,-9.45686],[32.95904,-9.4569],[32.95897,-9.45693],[32.95888,-9.45697],[32.9588,-9.45701],[32.95872,-9.45707],[32.95865,-9.45712],[32.95858,-9.4572],[32.95852,-9.45727],[32.95848,-9.4573],[32.95842,-9.45736]]},"properties":{"id":569054190,"cls":"path","hw":"path","tg":"na","name":"","ref":"","surface":"unpaved","sc":"unpaved","speed":null,"lit":"unk","km":0.098}},
{"type":"Feature","geometry":{"type":"LineString","coordinates":[[32.96818,-9.45767],[32.96771,-9.45777],[32.96708,-9.45758],[32.96703,-9.45758],[32.96631,-9.45735],[32.96614,-9.45733],[32.96585,-9.45724],[32.96555,-9.45719],[32.96505,-9.45699],[32.96455,-9.45689],[32.96407,-9.45694],[32.96394,-9.45693],[32.96381,-9.45694],[32.96363,-9.45692],[32.96326,-9.4569],[32.96301,-9.45691],[32.96269,-9.45689],[32.96253,-9.45689],[32.96241,-9.45689],[32.96213,-9.45683],[32.96201,-9.45681],[32.96176,-9.45673],[32.96134,-9.45664],[32.96106,-9.45657],[32.96078,-9.45654],[32.96022,-9.45641],[32.95968,-9.4563],[32.95927,-9.45618],[32.95901,-9.45612],[32.95895,-9.4561],[32.95892,-9.4561],[32.95882,-9.45609],[32.95875,-9.45608],[32.95868,-9.45603],[32.95857,-9.456],[32.95838,-9.45597],[32.95829,-9.45594],[32.95824,-9.4559],[32.95821,-9.45587],[32.9581,-9.45584],[32.95807,-9.45585],[32.95799,-9.45587],[32.95795,-9.45586],[32.95786,-9.45585],[32.95779,-9.45584],[32.95753,-9.45578]]},"properties":{"id":569054201,"cls":"unclassified","hw":"unclassified","tg":"na","name":"","ref":"","surface":"unpaved","sc":"unpaved","speed":null,"lit":"unk","km":1.203}},
{"type":"Feature","geometry":{"type":"LineString","coordinates":[[32.95778,-9.45554],[32.95776,-9.45557],[32.95775,-9.45559],[32.95773,-9.45559],[32.95767,-9.45558],[32.95763,-9.45567],[32.95753,-9.45578],[32.95754,-9.4558],[32.9575,-9.45591],[32.95746,-9.456],[32.95743,-9.45608],[32.95734,-9.45613],[32.95725,-9.45617],[32.95719,-9.45619],[32.95709,-9.45625],[32.95699,-9.45628],[32.95689,-9.45634],[32.9568,-9.45641],[32.95673,-9.45646],[32.95663,-9.45653],[32.95652,-9.4566],[32.95636,-9.45668],[32.95623,-9.45676],[32.95614,-9.4568],[32.95602,-9.45684],[32.9559,-9.45688],[32.95582,-9.45692],[32.95567,-9.45701],[32.95556,-9.45713],[32.95545,-9.45722],[32.95536,-9.45732],[32.95533,-9.45736],[32.95528,-9.45738],[32.9552,-9.4574],[32.95509,-9.45741],[32.95497,-9.45739],[32.95488,-9.45741],[32.95478,-9.45742],[32.95474,-9.4574],[32.95467,-9.45742],[32.95457,-9.45742]]},"properties":{"id":569054203,"cls":"path","hw":"path","tg":"na","name":"","ref":"","surface":"unpaved","sc":"unpaved","speed":null,"lit":"unk","km":0.438}},
{"type":"Feature","geometry":{"type":"LineString","coordinates":[[32.95871,-9.4528],[32.9588,-9.45282],[32.95881,-9.45288],[32.95884,-9.45294],[32.95885,-9.45301],[32.95887,-9.45308],[32.95885,-9.45318],[32.95884,-9.45326],[32.95881,-9.45337],[32.95878,-9.45345],[32.95876,-9.45355],[32.95877,-9.45361],[32.95881,-9.45367],[32.95883,-9.4538],[32.95884,-9.45397],[32.95884,-9.45413],[32.95884,-9.45429],[32.95885,-9.45442],[32.95885,-9.45447],[32.95887,-9.4545],[32.9589,-9.45454],[32.95892,-9.45462],[32.95889,-9.45472],[32.95889,-9.45477],[32.95889,-9.45482],[32.95887,-9.45489],[32.95885,-9.45493],[32.95884,-9.45498],[32.95883,-9.45506],[32.95881,-9.45512]]},"properties":{"id":569056395,"cls":"path","hw":"path","tg":"na","name":"","ref":"","surface":"unpaved","sc":"unpaved","speed":null,"lit":"unk","km":0.274}},
{"type":"Feature","geometry":{"type":"LineString","coordinates":[[32.95775,-9.45833],[32.95775,-9.45842],[32.95775,-9.45858],[32.95774,-9.45874],[32.95777,-9.45884],[32.95778,-9.45892],[32.95769,-9.45904],[32.9576,-9.45916],[32.95754,-9.45931],[32.95749,-9.45946],[32.95741,-9.45959],[32.95735,-9.45972],[32.95731,-9.45985],[32.95727,-9.45996],[32.95723,-9.46012],[32.9572,-9.46028],[32.95723,-9.46044],[32.95726,-9.46058],[32.95728,-9.4607],[32.95727,-9.46087],[32.9572,-9.46097],[32.95709,-9.46109],[32.95697,-9.46119],[32.95684,-9.4613],[32.95671,-9.46141],[32.95656,-9.46154],[32.95648,-9.46166],[32.95638,-9.46181],[32.95624,-9.46193],[32.95612,-9.46206],[32.95606,-9.46215],[32.95599,-9.46232],[32.95593,-9.46245],[32.95587,-9.46258],[32.95583,-9.46267],[32.95583,-9.46272],[32.95579,-9.46278],[32.95577,-9.46282],[32.95571,-9.46288],[32.9556,-9.46297],[32.95554,-9.46302],[32.95553,-9.46306],[32.95548,-9.46311],[32.95541,-9.4632],[32.95536,-9.46327],[32.95524,-9.46341],[32.95519,-9.46345]]},"properties":{"id":569056397,"cls":"path","hw":"path","tg":"na","name":"","ref":"","surface":"unpaved","sc":"unpaved","speed":null,"lit":"unk","km":0.672}},
{"type":"Feature","geometry":{"type":"LineString","coordinates":[[32.96149,-9.44903],[32.96141,-9.4491],[32.96139,-9.44913],[32.96135,-9.44917],[32.96125,-9.44922],[32.96117,-9.44931],[32.96109,-9.44943],[32.96099,-9.4496],[32.9609,-9.44974],[32.96079,-9.44978],[32.96043,-9.44982],[32.96021,-9.44984],[32.96013,-9.44987],[32.96003,-9.44989],[32.95976,-9.45003],[32.95952,-9.45016],[32.95936,-9.45023],[32.95907,-9.45036],[32.95901,-9.45038],[32.95893,-9.45043],[32.95887,-9.4505],[32.95882,-9.45052],[32.95875,-9.45052],[32.95866,-9.45058],[32.95853,-9.45065],[32.95838,-9.45075],[32.9583,-9.4508],[32.95825,-9.45085],[32.95817,-9.4509],[32.95807,-9.45097],[32.95796,-9.45101],[32.9579,-9.45104],[32.95786,-9.45109],[32.95776,-9.45113],[32.95771,-9.45116],[32.95763,-9.45118],[32.95747,-9.45124]]},"properties":{"id":569056401,"cls":"path","hw":"path","tg":"na","name":"","ref":"","surface":"unpaved","sc":"unpaved","speed":null,"lit":"unk","km":0.523}},
{"type":"Feature","geometry":{"type":"LineString","coordinates":[[32.95578,-9.45454],[32.9558,-9.45462],[32.95576,-9.45466],[32.95578,-9.45478],[32.95572,-9.45492],[32.95555,-9.45532],[32.95539,-9.45549],[32.95525,-9.45549],[32.95502,-9.45549],[32.95481,-9.45549],[32.95456,-9.45544],[32.95435,-9.45538],[32.95422,-9.4553],[32.9541,-9.45519],[32.95395,-9.45511],[32.9538,-9.45504],[32.95367,-9.45505],[32.95348,-9.45513],[32.95336,-9.45522],[32.95329,-9.45534],[32.95322,-9.45547],[32.95318,-9.45566],[32.95313,-9.45579],[32.95307,-9.45597]]},"properties":{"id":569056402,"cls":"path","hw":"path","tg":"na","name":"","ref":"","surface":"unpaved","sc":"unpaved","speed":null,"lit":"unk","km":0.45}},
{"type":"Feature","geometry":{"type":"LineString","coordinates":[[32.95419,-9.45189],[32.9542,-9.45194],[32.95427,-9.45201],[32.95433,-9.45208],[32.9544,-9.45215],[32.95445,-9.45222],[32.9545,-9.45225],[32.95448,-9.45233],[32.95444,-9.4524],[32.95443,-9.45242],[32.95443,-9.45245],[32.9544,-9.45247],[32.95439,-9.45248],[32.95437,-9.45248],[32.95434,-9.45249],[32.95428,-9.4525],[32.95419,-9.45253],[32.9541,-9.45256],[32.954,-9.45257],[32.95387,-9.45257],[32.95381,-9.45254],[32.95378,-9.4525],[32.95372,-9.45245]]},"properties":{"id":569056403,"cls":"path","hw":"path","tg":"na","name":"","ref":"","surface":"unpaved","sc":"unpaved","speed":null,"lit":"unk","km":0.163}},
{"type":"Feature","geometry":{"type":"LineString","coordinates":[[32.95742,-9.45539],[32.95751,-9.45545],[32.95756,-9.45549],[32.95763,-9.45556],[32.95767,-9.45558]]},"properties":{"id":569056408,"cls":"path","hw":"path","tg":"na","name":"","ref":"","surface":"unpaved","sc":"unpaved","speed":null,"lit":"unk","km":0.035}},
{"type":"Feature","geometry":{"type":"LineString","coordinates":[[32.94601,-9.45136],[32.94629,-9.45155],[32.94667,-9.45157],[32.94706,-9.45163],[32.94745,-9.45166],[32.94774,-9.45167],[32.94799,-9.45167],[32.94809,-9.45173],[32.94818,-9.45179],[32.94828,-9.45185],[32.94838,-9.45188],[32.9485,-9.45189],[32.94858,-9.4519],[32.94869,-9.45193],[32.94878,-9.45198],[32.94887,-9.452],[32.94898,-9.45205],[32.94906,-9.45211],[32.94913,-9.45216],[32.9492,-9.4522],[32.94933,-9.45226],[32.94946,-9.4523],[32.9496,-9.45235],[32.94964,-9.45235],[32.9497,-9.45231],[32.9498,-9.45226],[32.94996,-9.45225],[32.9501,-9.45229],[32.95031,-9.45228],[32.95052,-9.45228],[32.95067,-9.45232],[32.95081,-9.45236],[32.95099,-9.45241],[32.95109,-9.45243],[32.95125,-9.45245],[32.95133,-9.45247],[32.95145,-9.45244],[32.95152,-9.45239],[32.95162,-9.4524],[32.95174,-9.45243],[32.95182,-9.45247],[32.95187,-9.45251],[32.9519,-9.45256],[32.95197,-9.45258],[32.9521,-9.45263],[32.95225,-9.45264],[32.95239,-9.45263],[32.95242,-9.45262],[32.95247,-9.45261],[32.95252,-9.45264],[32.95258,-9.45268],[32.95266,-9.45273],[32.95279,-9.45281],[32.95286,-9.45289],[32.95293,-9.45294],[32.95298,-9.45297],[32.95305,-9.453]]},"properties":{"id":569057908,"cls":"path","hw":"path","tg":"na","name":"","ref":"","surface":"unpaved","sc":"unpaved","speed":null,"lit":"unk","km":0.828}},
{"type":"Feature","geometry":{"type":"LineString","coordinates":[[32.95454,-9.45996],[32.95445,-9.46008],[32.95432,-9.46021],[32.95422,-9.46035],[32.95417,-9.46045],[32.95411,-9.46054],[32.95403,-9.46065],[32.95393,-9.46075],[32.95387,-9.46083],[32.9538,-9.46091],[32.95375,-9.46097],[32.95371,-9.4611],[32.95367,-9.46127],[32.95361,-9.4614],[32.95355,-9.46152],[32.95345,-9.46157],[32.95334,-9.4617]]},"properties":{"id":569066437,"cls":"path","hw":"path","tg":"na","name":"","ref":"","surface":"unpaved","sc":"unpaved","speed":null,"lit":"unk","km":0.239}},
{"type":"Feature","geometry":{"type":"LineString","coordinates":[[32.94942,-9.46592],[32.94952,-9.46595],[32.94966,-9.46603],[32.94979,-9.46609],[32.94985,-9.46613],[32.95,-9.46628],[32.95012,-9.46635],[32.95011,-9.46642],[32.95024,-9.46657],[32.95031,-9.46653],[32.95037,-9.46656],[32.95041,-9.46656],[32.95045,-9.46652],[32.95064,-9.46673],[32.95071,-9.46681],[32.95077,-9.46688],[32.95084,-9.46692],[32.9509,-9.46698],[32.95102,-9.46711],[32.95117,-9.46728],[32.95134,-9.46749],[32.9514,-9.46762],[32.95147,-9.46775],[32.95152,-9.46779],[32.95157,-9.46785],[32.95163,-9.46795],[32.95175,-9.46803],[32.95186,-9.46812],[32.95191,-9.46818],[32.95204,-9.46822],[32.95215,-9.46833],[32.95217,-9.4684],[32.95223,-9.46851],[32.95236,-9.46858],[32.95244,-9.4687],[32.95256,-9.46881],[32.95266,-9.46891],[32.95276,-9.46902]]},"properties":{"id":569069389,"cls":"path","hw":"path","tg":"na","name":"","ref":"","surface":"unpaved","sc":"unpaved","speed":null,"lit":"unk","km":0.532}},
{"type":"Feature","geometry":{"type":"LineString","coordinates":[[32.95308,-9.46327],[32.95294,-9.4633],[32.95286,-9.46334],[32.95272,-9.46336],[32.95244,-9.46342],[32.95227,-9.46346],[32.95216,-9.46351],[32.95207,-9.46355],[32.95192,-9.46361],[32.95177,-9.46367],[32.95161,-9.46369],[32.95139,-9.46371],[32.95137,-9.46371],[32.9513,-9.46372],[32.95052,-9.46379],[32.95038,-9.46382],[32.95021,-9.46384],[32.95002,-9.46384],[32.94985,-9.46387],[32.94971,-9.46387],[32.94948,-9.46388],[32.9494,-9.46392],[32.94926,-9.46407],[32.94913,-9.46408],[32.94904,-9.46412],[32.94894,-9.46409],[32.9489,-9.4642],[32.94884,-9.46431],[32.94882,-9.46443],[32.94876,-9.46454],[32.94867,-9.46463],[32.94858,-9.46473],[32.94847,-9.46478],[32.94837,-9.46482],[32.9483,-9.46489]]},"properties":{"id":569069397,"cls":"path","hw":"path","tg":"na","name":"","ref":"","surface":"unpaved","sc":"unpaved","speed":null,"lit":"unk","km":0.592}},
{"type":"Feature","geometry":{"type":"LineString","coordinates":[[32.95902,-9.46474],[32.95876,-9.465],[32.95852,-9.46488],[32.95831,-9.46476],[32.95818,-9.46474],[32.95815,-9.46469],[32.95809,-9.46464],[32.95802,-9.46463],[32.95798,-9.46462],[32.9579,-9.46462],[32.95781,-9.46462],[32.95772,-9.46456],[32.95763,-9.46451],[32.95751,-9.46447],[32.9575,-9.46413],[32.95745,-9.46394],[32.95739,-9.46385],[32.95727,-9.46381],[32.9572,-9.46375],[32.95708,-9.46375],[32.957,-9.4637],[32.95688,-9.46359],[32.9568,-9.46352]]},"properties":{"id":569069400,"cls":"path","hw":"path","tg":"na","name":"","ref":"","surface":"unpaved","sc":"unpaved","speed":null,"lit":"unk","km":0.343}},
{"type":"Feature","geometry":{"type":"LineString","coordinates":[[32.94948,-9.46388],[32.94954,-9.46378],[32.94962,-9.46367],[32.94973,-9.46355],[32.94989,-9.46341],[32.95002,-9.46329],[32.95015,-9.46318],[32.95029,-9.46306],[32.95038,-9.463],[32.95047,-9.46293],[32.9506,-9.46282],[32.95065,-9.46279],[32.95072,-9.46277],[32.95075,-9.46274],[32.95079,-9.46271],[32.95085,-9.46266],[32.95094,-9.46259],[32.95102,-9.46254],[32.95109,-9.4625],[32.95115,-9.46246],[32.95123,-9.46238],[32.95132,-9.4623],[32.95157,-9.46213],[32.95163,-9.46211],[32.95179,-9.46204],[32.9519,-9.462],[32.95198,-9.46195],[32.95207,-9.46187],[32.95213,-9.46181],[32.95218,-9.46178],[32.9522,-9.46177],[32.95226,-9.46168],[32.95245,-9.4615],[32.95261,-9.4614],[32.95265,-9.46136],[32.95281,-9.46124],[32.95292,-9.46114]]},"properties":{"id":569069402,"cls":"path","hw":"path","tg":"na","name":"","ref":"","surface":"unpaved","sc":"unpaved","speed":null,"lit":"unk","km":0.491}},
{"type":"Feature","geometry":{"type":"LineString","coordinates":[[32.9577,-9.47087],[32.95777,-9.47077],[32.95797,-9.47057],[32.95817,-9.47032],[32.95834,-9.4701],[32.95851,-9.4699],[32.95871,-9.46968],[32.95886,-9.46954],[32.95921,-9.46924],[32.95947,-9.46907],[32.95961,-9.46894],[32.95969,-9.46884],[32.96006,-9.46844],[32.9602,-9.4683],[32.96042,-9.46806],[32.96061,-9.46783],[32.96075,-9.46772],[32.9608,-9.46742],[32.96089,-9.46691],[32.96103,-9.46633],[32.96105,-9.46619],[32.9611,-9.46588],[32.96119,-9.46545],[32.96126,-9.46511],[32.96138,-9.46452],[32.96147,-9.46416],[32.9615,-9.46397],[32.96151,-9.46379],[32.96149,-9.46361],[32.96141,-9.46342],[32.96134,-9.46327],[32.96127,-9.46313],[32.96117,-9.46287],[32.96116,-9.46281],[32.96115,-9.46273],[32.96118,-9.46235],[32.96125,-9.46194],[32.96131,-9.46136],[32.96136,-9.46088],[32.96142,-9.46036],[32.96147,-9.46014],[32.9615,-9.45994],[32.96154,-9.45972],[32.96157,-9.45954],[32.96168,-9.45893],[32.96182,-9.45812],[32.962,-9.45737],[32.96202,-9.45723],[32.96213,-9.45683],[32.96224,-9.45623],[32.96226,-9.45618],[32.96236,-9.45584],[32.96253,-9.45558],[32.96264,-9.45537],[32.96273,-9.45522]]},"properties":{"id":569069403,"cls":"unclassified","hw":"unclassified","tg":"na","name":"","ref":"","surface":"unpaved","sc":"unpaved","speed":null,"lit":"unk","km":1.916}},
{"type":"Feature","geometry":{"type":"LineString","coordinates":[[32.95495,-9.46525],[32.95488,-9.46543],[32.9548,-9.46557],[32.95473,-9.46575],[32.95466,-9.46589],[32.95464,-9.46607],[32.95457,-9.46624],[32.95444,-9.46648],[32.95441,-9.46667],[32.95435,-9.46679],[32.95432,-9.46695],[32.95427,-9.46714],[32.95422,-9.4673],[32.95422,-9.46743],[32.95416,-9.46771],[32.95407,-9.46792],[32.954,-9.46807],[32.95391,-9.46821],[32.95389,-9.46838],[32.95386,-9.46857],[32.95383,-9.46874],[32.95382,-9.46889],[32.95384,-9.46901],[32.95389,-9.46913],[32.95392,-9.46917],[32.95389,-9.46924],[32.95386,-9.4693],[32.95386,-9.46938],[32.95393,-9.46953],[32.95404,-9.46963],[32.95403,-9.46968],[32.95396,-9.46974],[32.95396,-9.46984]]},"properties":{"id":569072366,"cls":"path","hw":"path","tg":"na","name":"","ref":"","surface":"unpaved","sc":"unpaved","speed":null,"lit":"unk","km":0.548}},
{"type":"Feature","geometry":{"type":"LineString","coordinates":[[32.95396,-9.46984],[32.95392,-9.4699],[32.95381,-9.46998],[32.95366,-9.47013],[32.9536,-9.47015],[32.95349,-9.47023],[32.95338,-9.47032],[32.95326,-9.47036],[32.95311,-9.47045],[32.95296,-9.47053],[32.95285,-9.47058],[32.95261,-9.47065],[32.95252,-9.47071],[32.95242,-9.47073],[32.95235,-9.47074],[32.9523,-9.47075]]},"properties":{"id":569072367,"cls":"path","hw":"path","tg":"na","name":"","ref":"","surface":"unpaved","sc":"unpaved","speed":null,"lit":"unk","km":0.213}},
{"type":"Feature","geometry":{"type":"LineString","coordinates":[[32.95495,-9.46525],[32.95515,-9.46549],[32.95534,-9.46561],[32.95545,-9.46575],[32.95568,-9.46603],[32.95591,-9.4663],[32.95606,-9.46655],[32.95622,-9.46698],[32.95632,-9.46715],[32.95646,-9.46734],[32.95667,-9.4675],[32.95693,-9.46766],[32.95702,-9.4677],[32.95715,-9.46788],[32.95718,-9.46807],[32.9572,-9.46827],[32.95724,-9.46877],[32.95727,-9.46906],[32.9574,-9.46981],[32.95746,-9.47005],[32.95751,-9.47034],[32.95755,-9.47042],[32.95756,-9.47054],[32.95765,-9.47074],[32.9577,-9.47087]]},"properties":{"id":569074127,"cls":"path","hw":"path","tg":"na","name":"","ref":"","surface":"unpaved","sc":"unpaved","speed":null,"lit":"unk","km":0.727}},
{"type":"Feature","geometry":{"type":"LineString","coordinates":[[32.94152,-9.47083],[32.94171,-9.4706],[32.94183,-9.47037],[32.94191,-9.47025],[32.94192,-9.47009],[32.94204,-9.46979],[32.94222,-9.46927],[32.94235,-9.46881],[32.94248,-9.46855],[32.9425,-9.46827],[32.94265,-9.46768],[32.94281,-9.46705],[32.94293,-9.46646],[32.94299,-9.46588],[32.94306,-9.46561],[32.94309,-9.46521],[32.94311,-9.46488],[32.94313,-9.4643],[32.94318,-9.46386],[32.9432,-9.46337],[32.94322,-9.46304],[32.94321,-9.46275],[32.94317,-9.46243],[32.94321,-9.46219],[32.94314,-9.46189],[32.94308,-9.46171],[32.94304,-9.46154],[32.94305,-9.4614],[32.94307,-9.46123],[32.94311,-9.46109],[32.94313,-9.46095],[32.94317,-9.46081],[32.94321,-9.46055],[32.9432,-9.46046],[32.9432,-9.46041],[32.94314,-9.46036],[32.94309,-9.46036]]},"properties":{"id":569082137,"cls":"path","hw":"path","tg":"na","name":"","ref":"","surface":"unpaved","sc":"unpaved","speed":null,"lit":"unk","km":1.21}},
{"type":"Feature","geometry":{"type":"LineString","coordinates":[[32.94536,-9.4496],[32.94533,-9.44972],[32.94531,-9.44983],[32.94529,-9.44987],[32.94525,-9.44998],[32.94521,-9.45009],[32.94528,-9.4503]]},"properties":{"id":569082171,"cls":"unclassified","hw":"unclassified","tg":"na","name":"","ref":"","surface":"unpaved","sc":"unpaved","speed":null,"lit":"unk","km":0.082}},
{"type":"Feature","geometry":{"type":"LineString","coordinates":[[32.94202,-9.45591],[32.94199,-9.45594],[32.9419,-9.45594],[32.94183,-9.45595],[32.94177,-9.45592],[32.94173,-9.45589],[32.94165,-9.45589],[32.94159,-9.45589],[32.94149,-9.45584],[32.94141,-9.45584],[32.94131,-9.45589],[32.94121,-9.45587],[32.94114,-9.45584],[32.94105,-9.45584],[32.94095,-9.45583],[32.94089,-9.45581],[32.94085,-9.45575],[32.94073,-9.45567],[32.94061,-9.45559],[32.94048,-9.4555],[32.9404,-9.45548],[32.94023,-9.45543],[32.94001,-9.45531],[32.93999,-9.45531],[32.93978,-9.45525],[32.93962,-9.45522],[32.93947,-9.45515],[32.9393,-9.45508],[32.93916,-9.45505],[32.93903,-9.45503],[32.9389,-9.45497],[32.93879,-9.4549],[32.9387,-9.4549],[32.93861,-9.45488],[32.93855,-9.45483],[32.93846,-9.45482],[32.93837,-9.45485],[32.93827,-9.45489],[32.9382,-9.4549],[32.93808,-9.45487],[32.93801,-9.45483],[32.93788,-9.45473],[32.93777,-9.45474],[32.93768,-9.45476],[32.93753,-9.45477],[32.93744,-9.45478],[32.9373,-9.45474],[32.93716,-9.45471],[32.93703,-9.45466]]},"properties":{"id":569082190,"cls":"path","hw":"path","tg":"na","name":"","ref":"","surface":"unpaved","sc":"unpaved","speed":null,"lit":"unk","km":0.592}},
{"type":"Feature","geometry":{"type":"LineString","coordinates":[[32.94417,-9.4596],[32.94398,-9.4596],[32.94381,-9.45965],[32.94368,-9.45969],[32.94361,-9.45974],[32.94355,-9.45979],[32.94345,-9.45987],[32.94342,-9.4599],[32.94337,-9.45997],[32.94331,-9.45999],[32.94327,-9.46006],[32.94317,-9.46015]]},"properties":{"id":569082200,"cls":"path","hw":"path","tg":"na","name":"","ref":"","surface":"unpaved","sc":"unpaved","speed":null,"lit":"unk","km":0.132}},
{"type":"Feature","geometry":{"type":"LineString","coordinates":[[32.94312,-9.45873],[32.94323,-9.4588],[32.94342,-9.45896],[32.94355,-9.45906],[32.94372,-9.45921],[32.94417,-9.4596]]},"properties":{"id":569082201,"cls":"path","hw":"path","tg":"na","name":"","ref":"","surface":"unpaved","sc":"unpaved","speed":null,"lit":"unk","km":0.151}},
{"type":"Feature","geometry":{"type":"LineString","coordinates":[[32.94417,-9.4596],[32.94429,-9.45965],[32.94437,-9.45969],[32.94443,-9.45973],[32.9445,-9.45978],[32.94459,-9.45983],[32.94469,-9.45987],[32.94476,-9.45994],[32.945,-9.46005],[32.94522,-9.46015],[32.94544,-9.46025],[32.94565,-9.46027],[32.94597,-9.46037],[32.9462,-9.46036],[32.94628,-9.46031],[32.94648,-9.46028],[32.94666,-9.46029],[32.94677,-9.4603],[32.94693,-9.46029],[32.94708,-9.46023],[32.94731,-9.46019],[32.94745,-9.4602],[32.94772,-9.46008],[32.94788,-9.46],[32.94798,-9.45995],[32.9481,-9.4599],[32.94816,-9.45986],[32.94827,-9.45979],[32.94843,-9.45968],[32.94859,-9.45958],[32.94869,-9.45952],[32.94878,-9.45946],[32.94893,-9.45938],[32.94907,-9.45929],[32.94926,-9.45916],[32.94933,-9.45913],[32.94942,-9.45909],[32.94963,-9.45896],[32.94968,-9.45894]]},"properties":{"id":569082202,"cls":"path","hw":"path","tg":"na","name":"","ref":"","surface":"unpaved","sc":"unpaved","speed":null,"lit":"unk","km":0.667}},
{"type":"Feature","geometry":{"type":"LineString","coordinates":[[32.94642,-9.45462],[32.9464,-9.45473],[32.94634,-9.45488],[32.9463,-9.45501],[32.94622,-9.45516],[32.9462,-9.45538],[32.94621,-9.45563],[32.94625,-9.45604],[32.9463,-9.45629],[32.94636,-9.45661],[32.9464,-9.45699],[32.94641,-9.4574],[32.94641,-9.45782],[32.9464,-9.45803],[32.94644,-9.45815],[32.9465,-9.45825],[32.94648,-9.4584],[32.94655,-9.45856],[32.94655,-9.45876],[32.94655,-9.45892],[32.94662,-9.45905],[32.94664,-9.45918],[32.94666,-9.45922],[32.94666,-9.45928],[32.9466,-9.4594],[32.9466,-9.45951],[32.94658,-9.45959],[32.94648,-9.45991],[32.94636,-9.46011],[32.94628,-9.46031]]},"properties":{"id":569082203,"cls":"path","hw":"path","tg":"na","name":"","ref":"","surface":"unpaved","sc":"unpaved","speed":null,"lit":"unk","km":0.654}},
{"type":"Feature","geometry":{"type":"LineString","coordinates":[[32.94496,-9.45396],[32.94496,-9.45399],[32.94496,-9.45401],[32.94494,-9.45403],[32.94491,-9.45405],[32.94487,-9.4541],[32.94484,-9.45414],[32.9448,-9.4542],[32.94476,-9.45426],[32.94473,-9.45432],[32.9447,-9.45437],[32.94467,-9.45442],[32.94464,-9.45445],[32.94456,-9.45457],[32.94451,-9.45465],[32.94447,-9.45469],[32.94441,-9.45474],[32.94437,-9.45478],[32.94428,-9.45487],[32.94419,-9.45498],[32.94411,-9.45507],[32.94402,-9.45521],[32.94395,-9.45534],[32.94387,-9.4555],[32.94375,-9.45573],[32.94364,-9.45599],[32.94351,-9.45625],[32.9434,-9.45651],[32.94329,-9.45677],[32.94325,-9.4569],[32.94319,-9.45709],[32.94318,-9.45727],[32.94316,-9.45752],[32.94311,-9.45771],[32.94298,-9.45791]]},"properties":{"id":569082206,"cls":"path","hw":"path","tg":"na","name":"","ref":"","surface":"unpaved","sc":"unpaved","speed":null,"lit":"unk","km":0.5}},
{"type":"Feature","geometry":{"type":"LineString","coordinates":[[32.94323,-9.4588],[32.94326,-9.45894],[32.94327,-9.45904],[32.94335,-9.45918],[32.94336,-9.45927],[32.94337,-9.45939],[32.9434,-9.45953],[32.94348,-9.45969],[32.94361,-9.45974],[32.94363,-9.45979],[32.94373,-9.4599],[32.94387,-9.46004],[32.94404,-9.46022],[32.94417,-9.46041],[32.94427,-9.46056],[32.94442,-9.46077],[32.94457,-9.46099],[32.94472,-9.46115],[32.94484,-9.46137],[32.9449,-9.46151],[32.94496,-9.46158],[32.94501,-9.4617],[32.94508,-9.46185],[32.94517,-9.46194],[32.94522,-9.46199],[32.94528,-9.46208],[32.94533,-9.4622],[32.94537,-9.46226],[32.94551,-9.46242],[32.94586,-9.46275],[32.94606,-9.46299],[32.94616,-9.46305],[32.94621,-9.46311],[32.94623,-9.46311],[32.94632,-9.46313],[32.94636,-9.46315],[32.94645,-9.46324],[32.94653,-9.46326],[32.94659,-9.4633],[32.94679,-9.46338],[32.9469,-9.46344],[32.94695,-9.46349]]},"properties":{"id":569354524,"cls":"path","hw":"path","tg":"na","name":"","ref":"","surface":"unpaved","sc":"unpaved","speed":null,"lit":"unk","km":0.689}},
{"type":"Feature","geometry":{"type":"LineString","coordinates":[[32.94659,-9.4633],[32.94656,-9.46336],[32.94642,-9.46356],[32.94644,-9.4636],[32.94638,-9.46368],[32.94632,-9.46375],[32.9463,-9.46384],[32.94623,-9.46412],[32.9462,-9.46421],[32.94616,-9.46424],[32.94589,-9.46453],[32.94583,-9.46458],[32.94582,-9.46463],[32.94582,-9.46478],[32.94584,-9.46481],[32.94586,-9.46487],[32.94586,-9.46494],[32.94587,-9.46509],[32.94588,-9.46525],[32.9459,-9.46534],[32.94592,-9.46538],[32.94593,-9.46543],[32.94592,-9.4655],[32.9459,-9.46557],[32.94588,-9.46567],[32.94587,-9.46574],[32.94588,-9.46581],[32.94589,-9.46586],[32.94588,-9.46593],[32.94585,-9.46603],[32.94581,-9.46609],[32.9458,-9.46618],[32.94576,-9.46623],[32.94573,-9.46626],[32.94565,-9.46628],[32.94558,-9.4663],[32.9455,-9.46633],[32.94546,-9.46637],[32.94538,-9.46646],[32.94533,-9.46654],[32.94528,-9.46664],[32.94524,-9.46672],[32.94519,-9.46685],[32.94514,-9.46696],[32.9451,-9.46706],[32.94504,-9.46716],[32.94497,-9.46726],[32.94491,-9.46733],[32.94485,-9.46743],[32.94476,-9.46757],[32.94467,-9.4677],[32.9446,-9.46777],[32.94458,-9.46788],[32.94451,-9.46797],[32.94443,-9.4681],[32.9444,-9.46819],[32.94433,-9.46819],[32.94423,-9.46826],[32.94415,-9.46833],[32.94405,-9.46841],[32.94396,-9.46848],[32.94389,-9.46856],[32.94378,-9.46863],[32.94366,-9.46872],[32.94354,-9.46883],[32.94345,-9.46892],[32.94328,-9.46905],[32.94319,-9.4691],[32.94309,-9.46919],[32.943,-9.46927],[32.94291,-9.46931],[32.94282,-9.46937],[32.94274,-9.46945],[32.94263,-9.46953],[32.94251,-9.46967],[32.94242,-9.4698],[32.94235,-9.4699],[32.94226,-9.46999],[32.94216,-9.47004],[32.9421,-9.47007],[32.94205,-9.47012],[32.94191,-9.47025]]},"properties":{"id":569354527,"cls":"path","hw":"path","tg":"na","name":"","ref":"","surface":"unpaved","sc":"unpaved","speed":null,"lit":"unk","km":0.996}},
{"type":"Feature","geometry":{"type":"LineString","coordinates":[[32.94297,-9.46038],[32.94299,-9.46045],[32.94303,-9.46054],[32.943,-9.46059],[32.94297,-9.46064],[32.94291,-9.46082],[32.94289,-9.46095],[32.94284,-9.46114],[32.94281,-9.46124],[32.94276,-9.46132],[32.9427,-9.46149],[32.94259,-9.46162],[32.9426,-9.46176],[32.9426,-9.4619],[32.94259,-9.46205],[32.94264,-9.46224],[32.94263,-9.46233],[32.94261,-9.46245],[32.94256,-9.46255],[32.94248,-9.46267],[32.94245,-9.46281],[32.94241,-9.46299],[32.94239,-9.46315],[32.94241,-9.46323],[32.94237,-9.46338],[32.94229,-9.46348],[32.94223,-9.46355],[32.94216,-9.46363],[32.94195,-9.46367],[32.9417,-9.46374],[32.94148,-9.46382],[32.94132,-9.46389],[32.94122,-9.464],[32.94118,-9.46413],[32.94116,-9.46427]]},"properties":{"id":569354528,"cls":"path","hw":"path","tg":"na","name":"","ref":"","surface":"unpaved","sc":"unpaved","speed":null,"lit":"unk","km":0.533}},
{"type":"Feature","geometry":{"type":"LineString","coordinates":[[32.93762,-9.47077],[32.93772,-9.47066],[32.93779,-9.47052],[32.93796,-9.47043],[32.93818,-9.47034],[32.9384,-9.47022],[32.93865,-9.47009],[32.93888,-9.46996],[32.93909,-9.46987],[32.93928,-9.46975],[32.93945,-9.46963],[32.93964,-9.46943],[32.9398,-9.46919],[32.93997,-9.46898],[32.94019,-9.46877],[32.94041,-9.46855],[32.94062,-9.46831],[32.94086,-9.46812],[32.94111,-9.46791],[32.94127,-9.46775],[32.94142,-9.46765],[32.94149,-9.46751],[32.94163,-9.46737],[32.94176,-9.46723],[32.94187,-9.46711],[32.94203,-9.46697],[32.94227,-9.46677],[32.94252,-9.46662],[32.94273,-9.46649],[32.94278,-9.46645],[32.94286,-9.4663],[32.94291,-9.46616],[32.94296,-9.46605],[32.94297,-9.46595],[32.94299,-9.46588]]},"properties":{"id":569354531,"cls":"path","hw":"path","tg":"na","name":"","ref":"","surface":"unpaved","sc":"unpaved","speed":null,"lit":"unk","km":0.822}},
{"type":"Feature","geometry":{"type":"LineString","coordinates":[[32.97211,-9.44283],[32.97213,-9.44275],[32.97209,-9.44268],[32.97206,-9.4427],[32.97204,-9.44274],[32.97205,-9.44279],[32.97211,-9.44283]]},"properties":{"id":571778288,"cls":"path","hw":"path","tg":"na","name":"","ref":"","surface":"","sc":"unknown","speed":null,"lit":"unk","km":0.041}},
{"type":"Feature","geometry":{"type":"LineString","coordinates":[[32.94366,-9.41663],[32.94373,-9.41673],[32.94373,-9.4168],[32.94385,-9.41691],[32.94391,-9.41696],[32.944,-9.41703],[32.94403,-9.41706],[32.94409,-9.41715],[32.94416,-9.41724],[32.94427,-9.41748],[32.9443,-9.4177],[32.94438,-9.41789]]},"properties":{"id":581820331,"cls":"path","hw":"path","tg":"na","name":"","ref":"","surface":"","sc":"unknown","speed":null,"lit":"unk","km":0.167}},
{"type":"Feature","geometry":{"type":"LineString","coordinates":[[32.94371,-9.41883],[32.94367,-9.41903],[32.9437,-9.41912],[32.94364,-9.41919],[32.94353,-9.41935],[32.94354,-9.41942],[32.94354,-9.4195],[32.94351,-9.4196],[32.94352,-9.41969],[32.94348,-9.4198],[32.94348,-9.41983],[32.9434,-9.41977],[32.94328,-9.41968]]},"properties":{"id":581820334,"cls":"path","hw":"path","tg":"na","name":"","ref":"","surface":"","sc":"unknown","speed":null,"lit":"unk","km":0.147}},
{"type":"Feature","geometry":{"type":"LineString","coordinates":[[32.94345,-9.41898],[32.94334,-9.41888],[32.94312,-9.41881],[32.9431,-9.41884],[32.94303,-9.41883],[32.94287,-9.41888],[32.94278,-9.41892],[32.94258,-9.41902],[32.94255,-9.41905],[32.94259,-9.4191],[32.94251,-9.41914],[32.94231,-9.41933],[32.94227,-9.4194],[32.94235,-9.41955],[32.94245,-9.41978],[32.94252,-9.41987],[32.94252,-9.41999],[32.94255,-9.42011],[32.9425,-9.42027],[32.94245,-9.42064],[32.94257,-9.42069]]},"properties":{"id":581820336,"cls":"path","hw":"path","tg":"na","name":"","ref":"","surface":"","sc":"unknown","speed":null,"lit":"unk","km":0.329}},
{"type":"Feature","geometry":{"type":"LineString","coordinates":[[32.94447,-9.42091],[32.94453,-9.42056],[32.94454,-9.42046],[32.94454,-9.42026],[32.94456,-9.42015],[32.94458,-9.4198],[32.94453,-9.41964],[32.94449,-9.41953],[32.94443,-9.41939],[32.94438,-9.41925],[32.9443,-9.41883],[32.9443,-9.41858],[32.9443,-9.41833]]},"properties":{"id":581820337,"cls":"path","hw":"path","tg":"na","name":"","ref":"","surface":"","sc":"unknown","speed":null,"lit":"unk","km":0.292}},
{"type":"Feature","geometry":{"type":"LineString","coordinates":[[32.94123,-9.42204],[32.94142,-9.42181],[32.94167,-9.42161],[32.94182,-9.42152],[32.94199,-9.42146],[32.94205,-9.42144],[32.94237,-9.42123]]},"properties":{"id":581820339,"cls":"residential","hw":"residential","tg":"na","name":"","ref":"","surface":"","sc":"unknown","speed":null,"lit":"unk","km":0.156}},
{"type":"Feature","geometry":{"type":"LineString","coordinates":[[32.94321,-9.42377],[32.94325,-9.42395],[32.94325,-9.42414],[32.94319,-9.42425],[32.94316,-9.42442],[32.94305,-9.42453],[32.94304,-9.42474]]},"properties":{"id":581820348,"cls":"track","hw":"track","tg":"none","name":"","ref":"","surface":"unpaved","sc":"unpaved","speed":null,"lit":"unk","km":0.115}},
{"type":"Feature","geometry":{"type":"LineString","coordinates":[[32.94298,-9.42246],[32.9431,-9.42254],[32.94319,-9.42255],[32.94329,-9.42257],[32.94337,-9.42261],[32.94348,-9.42268],[32.94362,-9.42273],[32.94371,-9.42278],[32.94381,-9.42282],[32.94397,-9.42289],[32.94405,-9.42294],[32.94415,-9.42299],[32.94426,-9.42304],[32.94439,-9.42311],[32.94456,-9.42319],[32.94471,-9.42326],[32.94488,-9.42334],[32.94497,-9.4234],[32.94508,-9.42346],[32.94527,-9.42353],[32.94542,-9.42361],[32.94552,-9.42367],[32.94559,-9.42372],[32.94576,-9.42383],[32.9459,-9.42392],[32.94606,-9.42399],[32.94622,-9.42407],[32.94637,-9.42414],[32.94652,-9.42421],[32.94696,-9.42439]]},"properties":{"id":581820349,"cls":"unclassified","hw":"unclassified","tg":"na","name":"","ref":"","surface":"unpaved","sc":"unpaved","speed":null,"lit":"unk","km":0.489}},
{"type":"Feature","geometry":{"type":"LineString","coordinates":[[32.94442,-9.42128],[32.9447,-9.42138],[32.94476,-9.42144],[32.94481,-9.42145],[32.94493,-9.42155],[32.94506,-9.42175],[32.94522,-9.42195],[32.94551,-9.42234],[32.94575,-9.42269],[32.94604,-9.42309],[32.9461,-9.42317],[32.94621,-9.42332],[32.94629,-9.42342],[32.94636,-9.42352],[32.94657,-9.42383],[32.94674,-9.42404],[32.94696,-9.42439]]},"properties":{"id":581820351,"cls":"path","hw":"path","tg":"na","name":"","ref":"","surface":"unpaved","sc":"unpaved","speed":null,"lit":"unk","km":0.452}},
{"type":"Feature","geometry":{"type":"LineString","coordinates":[[32.95889,-9.42829],[32.95885,-9.42829],[32.95885,-9.42817],[32.95885,-9.42806],[32.95879,-9.42795],[32.95874,-9.42785],[32.95869,-9.4277],[32.95854,-9.42752],[32.9584,-9.42741],[32.95832,-9.42736],[32.95816,-9.42721],[32.95807,-9.42715],[32.958,-9.42699],[32.95791,-9.42669],[32.95765,-9.42626],[32.9575,-9.426],[32.9574,-9.42588],[32.95724,-9.42577],[32.95685,-9.42545],[32.95675,-9.42543],[32.9565,-9.42534],[32.9562,-9.4252],[32.95606,-9.42507]]},"properties":{"id":581823341,"cls":"unclassified","hw":"unclassified","tg":"na","name":"","ref":"","surface":"unpaved","sc":"unpaved","speed":null,"lit":"unk","km":0.501}},
{"type":"Feature","geometry":{"type":"LineString","coordinates":[[32.94331,-9.42199],[32.94338,-9.42204],[32.9434,-9.42209],[32.94342,-9.42216],[32.94352,-9.4223],[32.94362,-9.42248],[32.94371,-9.42261]]},"properties":{"id":581825139,"cls":"path","hw":"path","tg":"na","name":"","ref":"","surface":"","sc":"unknown","speed":null,"lit":"unk","km":0.083}},
{"type":"Feature","geometry":{"type":"LineString","coordinates":[[32.94371,-9.42261],[32.94377,-9.42264],[32.94382,-9.42267],[32.94385,-9.42271],[32.94391,-9.42284],[32.94397,-9.42289]]},"properties":{"id":581825143,"cls":"path","hw":"path","tg":"na","name":"","ref":"","surface":"","sc":"unknown","speed":null,"lit":"unk","km":0.044}},
{"type":"Feature","geometry":{"type":"LineString","coordinates":[[32.95539,-9.47076],[32.95556,-9.47089],[32.95573,-9.47099],[32.95634,-9.47135],[32.95672,-9.47151],[32.95693,-9.4716]]},"properties":{"id":596120389,"cls":"residential","hw":"residential","tg":"na","name":"","ref":"","surface":"unpaved","sc":"unpaved","speed":null,"lit":"unk","km":0.194}},
{"type":"Feature","geometry":{"type":"LineString","coordinates":[[32.95669,-9.47172],[32.95649,-9.47182],[32.95592,-9.47207],[32.95567,-9.47217],[32.95549,-9.47226],[32.95529,-9.47233],[32.95498,-9.47241],[32.95487,-9.47245],[32.95449,-9.47264],[32.95432,-9.4727],[32.95385,-9.47288],[32.95315,-9.47319],[32.95297,-9.47325],[32.95288,-9.47331],[32.95286,-9.47335],[32.95282,-9.47336],[32.95274,-9.47333],[32.95271,-9.47334],[32.95263,-9.47348],[32.95262,-9.47353],[32.95228,-9.47394],[32.95215,-9.4741],[32.95207,-9.47423],[32.95204,-9.47432],[32.95198,-9.47468],[32.95194,-9.47482],[32.95189,-9.47494],[32.95187,-9.475],[32.9519,-9.4752],[32.95188,-9.47527],[32.95185,-9.4754],[32.95188,-9.47584],[32.95194,-9.47649],[32.95198,-9.47718],[32.95199,-9.47742],[32.952,-9.4777]]},"properties":{"id":596120390,"cls":"unclassified","hw":"unclassified","tg":"na","name":"","ref":"","surface":"unpaved","sc":"unpaved","speed":null,"lit":"unk","km":0.99}},
{"type":"Feature","geometry":{"type":"LineString","coordinates":[[32.9496,-9.47902],[32.94993,-9.47845],[32.95006,-9.47821],[32.95021,-9.47796],[32.95043,-9.47758],[32.95063,-9.4772],[32.95082,-9.47686],[32.95095,-9.47665],[32.95112,-9.47635],[32.95122,-9.47626],[32.95129,-9.47605],[32.95122,-9.4757],[32.95146,-9.4754],[32.95172,-9.47521],[32.95177,-9.47514],[32.95187,-9.475]]},"properties":{"id":596120391,"cls":"path","hw":"path","tg":"na","name":"","ref":"","surface":"","sc":"unknown","speed":null,"lit":"unk","km":0.526}},
{"type":"Feature","geometry":{"type":"LineString","coordinates":[[32.9523,-9.47075],[32.95224,-9.47081],[32.95215,-9.4709],[32.95203,-9.47097],[32.95199,-9.47104],[32.95196,-9.47136],[32.95193,-9.47165],[32.952,-9.47184],[32.95205,-9.47194],[32.95209,-9.47204],[32.95207,-9.47207],[32.95217,-9.47233],[32.95233,-9.47273],[32.95237,-9.47286],[32.95242,-9.47301],[32.95242,-9.47309],[32.95244,-9.47313],[32.95258,-9.47343],[32.95263,-9.47348]]},"properties":{"id":596120392,"cls":"path","hw":"path","tg":"na","name":"","ref":"","surface":"","sc":"unknown","speed":null,"lit":"unk","km":0.336}},
{"type":"Feature","geometry":{"type":"LineString","coordinates":[[32.97043,-9.47377],[32.97034,-9.47379],[32.97028,-9.47385],[32.97025,-9.47392],[32.97015,-9.47402],[32.96995,-9.47416],[32.96919,-9.47477],[32.96913,-9.4748],[32.96907,-9.47479],[32.96833,-9.47463],[32.96783,-9.47451],[32.96775,-9.4745],[32.96764,-9.47449],[32.96749,-9.47448],[32.96712,-9.47454],[32.96697,-9.47458],[32.96688,-9.4746],[32.96683,-9.4746],[32.96672,-9.47461],[32.96665,-9.47461],[32.96657,-9.47457],[32.96653,-9.47456],[32.96649,-9.47456],[32.96625,-9.47463],[32.96617,-9.47463],[32.96566,-9.47452],[32.96532,-9.47446],[32.96523,-9.47443],[32.96514,-9.4744],[32.96496,-9.47427],[32.96483,-9.47417],[32.96471,-9.47414],[32.96461,-9.47413],[32.96452,-9.47412],[32.96435,-9.47408],[32.96384,-9.47398],[32.96352,-9.47392],[32.9633,-9.47385],[32.9632,-9.47383],[32.9631,-9.47383],[32.96291,-9.47384],[32.96285,-9.47384],[32.96276,-9.47378],[32.96259,-9.47372],[32.96245,-9.47368],[32.96237,-9.47368],[32.96211,-9.47371],[32.96199,-9.47369],[32.96185,-9.47365],[32.96175,-9.47359],[32.96146,-9.47341],[32.96121,-9.47324],[32.96076,-9.47294],[32.96055,-9.47284],[32.96047,-9.47279],[32.95972,-9.47247],[32.95965,-9.47245],[32.95957,-9.47244],[32.95931,-9.47236],[32.95926,-9.47233],[32.95923,-9.47232],[32.95909,-9.4723],[32.95899,-9.47227],[32.95864,-9.47211],[32.95854,-9.47202],[32.95848,-9.47196],[32.95839,-9.47189],[32.95828,-9.47184],[32.95819,-9.47181],[32.95795,-9.47177],[32.95738,-9.4717],[32.95727,-9.47167],[32.95722,-9.47166],[32.95716,-9.47167],[32.95711,-9.47168],[32.95699,-9.47164],[32.95693,-9.4716]]},"properties":{"id":596120394,"cls":"unclassified","hw":"unclassified","tg":"na","name":"","ref":"","surface":"unpaved","sc":"unpaved","speed":null,"lit":"unk","km":1.609}},
{"type":"Feature","geometry":{"type":"LineString","coordinates":[[32.94964,-9.48167],[32.9497,-9.48155],[32.94975,-9.48139],[32.94982,-9.48118],[32.94982,-9.48112],[32.94984,-9.48106],[32.94987,-9.48097],[32.94989,-9.48085],[32.94993,-9.48065],[32.94992,-9.48055],[32.94991,-9.48054],[32.94971,-9.48004],[32.94963,-9.47986],[32.94947,-9.47946],[32.94945,-9.47934],[32.94942,-9.47932],[32.94941,-9.47927],[32.9494,-9.47923],[32.94943,-9.4792],[32.94956,-9.4791],[32.9496,-9.47902]]},"properties":{"id":596120395,"cls":"path","hw":"path","tg":"na","name":"","ref":"","surface":"","sc":"unknown","speed":null,"lit":"unk","km":0.321}},
{"type":"Feature","geometry":{"type":"LineString","coordinates":[[32.95043,-9.47758],[32.9505,-9.47758],[32.95056,-9.47762],[32.95061,-9.47763],[32.95067,-9.4776],[32.95072,-9.4776],[32.95077,-9.47758],[32.95091,-9.47758],[32.951,-9.47756],[32.95107,-9.47754],[32.95117,-9.47754],[32.95132,-9.47757],[32.95144,-9.47756],[32.9515,-9.47755],[32.95153,-9.47754],[32.95174,-9.4776],[32.9519,-9.47769],[32.95201,-9.47775]]},"properties":{"id":596120397,"cls":"path","hw":"path","tg":"na","name":"","ref":"","surface":"","sc":"unknown","speed":null,"lit":"unk","km":0.183}},
{"type":"Feature","geometry":{"type":"LineString","coordinates":[[32.95262,-9.47353],[32.95271,-9.47378],[32.95278,-9.47401],[32.95289,-9.47415],[32.95295,-9.47429],[32.95295,-9.47441],[32.95304,-9.47468],[32.95308,-9.47486],[32.95319,-9.47501],[32.9533,-9.47516],[32.95344,-9.47558],[32.95348,-9.47574],[32.95347,-9.47584],[32.95351,-9.47603],[32.9535,-9.47614],[32.95356,-9.47652],[32.95359,-9.47671],[32.95361,-9.47697],[32.9538,-9.47745],[32.95392,-9.4777],[32.95397,-9.47788],[32.95395,-9.47796],[32.95393,-9.47803],[32.95395,-9.47823],[32.954,-9.47838],[32.95404,-9.4785],[32.95409,-9.4787],[32.95408,-9.47874],[32.95408,-9.47894],[32.95411,-9.47902],[32.95415,-9.47912],[32.95421,-9.47925],[32.95428,-9.47937],[32.95434,-9.47948],[32.95438,-9.47957],[32.95443,-9.47966],[32.95448,-9.47994],[32.95452,-9.48002],[32.95455,-9.48033],[32.95453,-9.48042],[32.95452,-9.48052],[32.95456,-9.48061],[32.9546,-9.48069],[32.95462,-9.48085],[32.95471,-9.48111],[32.95477,-9.48128],[32.95478,-9.48135],[32.95491,-9.4818]]},"properties":{"id":596120399,"cls":"path","hw":"path","tg":"na","name":"","ref":"","surface":"","sc":"unknown","speed":null,"lit":"unk","km":0.971}},
{"type":"Feature","geometry":{"type":"LineString","coordinates":[[32.9496,-9.47926],[32.95029,-9.47955],[32.95041,-9.47959],[32.9506,-9.47967],[32.95075,-9.47974],[32.95084,-9.47979],[32.95097,-9.47983],[32.95105,-9.47986],[32.95137,-9.47998],[32.95164,-9.47984],[32.95177,-9.47977],[32.95204,-9.4796],[32.95206,-9.47954],[32.95211,-9.47949],[32.95216,-9.47946],[32.95225,-9.4795]]},"properties":{"id":596120404,"cls":"path","hw":"path","tg":"na","name":"","ref":"","surface":"","sc":"unknown","speed":null,"lit":"unk","km":0.327}},
{"type":"Feature","geometry":{"type":"LineString","coordinates":[[32.95795,-9.48165],[32.95782,-9.4812],[32.95727,-9.4809],[32.95707,-9.48053],[32.95671,-9.48018],[32.95637,-9.47974],[32.95585,-9.47927],[32.95547,-9.47886],[32.95525,-9.47865],[32.95504,-9.47845],[32.95483,-9.4782],[32.95455,-9.47808],[32.95439,-9.47795],[32.95424,-9.47785],[32.9541,-9.47779],[32.95412,-9.47775],[32.95404,-9.47769],[32.95397,-9.47788]]},"properties":{"id":596120406,"cls":"path","hw":"path","tg":"na","name":"","ref":"","surface":"","sc":"unknown","speed":null,"lit":"unk","km":0.657}},
{"type":"Feature","geometry":{"type":"LineString","coordinates":[[32.94992,-9.48055],[32.94992,-9.48041],[32.94995,-9.48028],[32.95006,-9.48012],[32.9501,-9.48002],[32.95015,-9.47992],[32.95017,-9.47987],[32.95017,-9.47976],[32.95029,-9.47955],[32.95034,-9.47945],[32.9504,-9.47929],[32.95049,-9.47908],[32.95063,-9.47879],[32.95074,-9.47866],[32.95081,-9.47837],[32.95088,-9.47815],[32.95105,-9.47775],[32.95107,-9.47754],[32.95113,-9.47743],[32.95111,-9.47713],[32.95115,-9.47693],[32.95112,-9.47657],[32.95122,-9.47626]]},"properties":{"id":596120432,"cls":"path","hw":"path","tg":"na","name":"","ref":"","surface":"","sc":"unknown","speed":null,"lit":"unk","km":0.509}},
{"type":"Feature","geometry":{"type":"LineString","coordinates":[[32.95288,-9.47331],[32.95315,-9.47343],[32.95341,-9.47362],[32.95352,-9.47366],[32.95364,-9.47368],[32.95389,-9.47388],[32.95413,-9.47405],[32.95445,-9.47425],[32.95461,-9.47431],[32.95475,-9.47436],[32.95491,-9.47444],[32.95496,-9.47447],[32.95506,-9.47427],[32.95502,-9.47416],[32.95502,-9.47355],[32.95508,-9.47302],[32.95506,-9.47271],[32.95498,-9.47241],[32.95498,-9.47225],[32.95494,-9.47206],[32.95492,-9.47195],[32.95509,-9.47176],[32.9553,-9.47155],[32.95543,-9.47138],[32.95556,-9.47089]]},"properties":{"id":596120433,"cls":"path","hw":"path","tg":"na","name":"","ref":"","surface":"","sc":"unknown","speed":null,"lit":"unk","km":0.691}},
{"type":"Feature","geometry":{"type":"LineString","coordinates":[[32.95391,-9.48156],[32.95392,-9.48151],[32.9539,-9.48147],[32.95387,-9.48145],[32.95398,-9.48089],[32.95401,-9.48069],[32.95416,-9.47986],[32.95423,-9.47959],[32.95428,-9.47937]]},"properties":{"id":596120582,"cls":"path","hw":"path","tg":"na","name":"","ref":"","surface":"","sc":"unknown","speed":null,"lit":"unk","km":0.25}},
{"type":"Feature","geometry":{"type":"LineString","coordinates":[[32.95525,-9.47865],[32.95643,-9.47859],[32.95669,-9.47865],[32.95718,-9.47869],[32.95756,-9.47864],[32.95796,-9.47868],[32.95843,-9.47876],[32.95879,-9.47887],[32.95912,-9.47904],[32.96037,-9.47962],[32.96113,-9.47987],[32.96171,-9.47997],[32.96247,-9.48025],[32.96279,-9.48051],[32.96312,-9.48065],[32.96463,-9.48137],[32.96653,-9.48202],[32.96701,-9.48273],[32.9674,-9.48355],[32.96765,-9.484]]},"properties":{"id":596120849,"cls":"path","hw":"path","tg":"na","name":"","ref":"","surface":"","sc":"unknown","speed":null,"lit":"unk","km":1.568}},
{"type":"Feature","geometry":{"type":"LineString","coordinates":[[32.95207,-9.47207],[32.95195,-9.47244],[32.95191,-9.47268],[32.95183,-9.47281],[32.9517,-9.47303],[32.95168,-9.47311],[32.95165,-9.47324],[32.95152,-9.47375],[32.95132,-9.4743],[32.95117,-9.47484],[32.95122,-9.4757]]},"properties":{"id":596120886,"cls":"path","hw":"path","tg":"na","name":"","ref":"","surface":"","sc":"unknown","speed":null,"lit":"unk","km":0.421}},
{"type":"Feature","geometry":{"type":"LineString","coordinates":[[32.95496,-9.47447],[32.95532,-9.4748],[32.9554,-9.47491],[32.95543,-9.47498],[32.95547,-9.475],[32.95571,-9.47505],[32.95583,-9.47508],[32.95586,-9.47508],[32.95603,-9.47514],[32.95617,-9.4752],[32.95625,-9.47526],[32.95631,-9.47534],[32.95657,-9.47546],[32.95668,-9.47553],[32.95676,-9.47558],[32.95683,-9.47563],[32.95693,-9.47568],[32.95696,-9.47571],[32.95702,-9.47576],[32.95713,-9.47583],[32.95736,-9.47598],[32.95741,-9.47604],[32.95746,-9.47606],[32.95747,-9.47613],[32.95766,-9.47622],[32.95782,-9.47627],[32.95789,-9.47628],[32.95792,-9.47629],[32.958,-9.47635],[32.95819,-9.47642],[32.95824,-9.47646],[32.95835,-9.4765],[32.9585,-9.47659],[32.95904,-9.47671]]},"properties":{"id":596121034,"cls":"path","hw":"path","tg":"na","name":"","ref":"","surface":"","sc":"unknown","speed":null,"lit":"unk","km":0.529}},
{"type":"Feature","geometry":{"type":"LineString","coordinates":[[32.9438,-9.49229],[32.94382,-9.49192],[32.94392,-9.49161],[32.94389,-9.49151],[32.94409,-9.49122],[32.94437,-9.49084],[32.94441,-9.49083],[32.94442,-9.49072],[32.94459,-9.49058],[32.9446,-9.49039],[32.94482,-9.48998],[32.94482,-9.48998],[32.94562,-9.48956],[32.94643,-9.48913],[32.94669,-9.48878],[32.94678,-9.48856],[32.94693,-9.48839],[32.94714,-9.48809],[32.94725,-9.48778],[32.94719,-9.48739],[32.94731,-9.487],[32.94762,-9.48678],[32.94786,-9.48665],[32.94802,-9.48667],[32.94805,-9.48666]]},"properties":{"id":599004974,"cls":"path","hw":"path","tg":"na","name":"","ref":"","surface":"","sc":"unknown","speed":null,"lit":"unk","km":0.853}},
{"type":"Feature","geometry":{"type":"LineString","coordinates":[[32.94795,-9.48779],[32.94793,-9.48795],[32.94787,-9.48821],[32.94782,-9.48849],[32.94763,-9.48868],[32.94762,-9.48893],[32.9476,-9.4892],[32.94764,-9.48945],[32.9478,-9.48971],[32.94803,-9.48995]]},"properties":{"id":599004978,"cls":"path","hw":"path","tg":"na","name":"","ref":"","surface":"","sc":"unknown","speed":null,"lit":"unk","km":0.265}},
{"type":"Feature","geometry":{"type":"LineString","coordinates":[[32.94803,-9.48995],[32.94801,-9.49019],[32.94797,-9.49034],[32.94795,-9.4908],[32.94784,-9.49101],[32.94772,-9.49122],[32.94768,-9.49147],[32.94764,-9.49182],[32.94757,-9.49235],[32.94752,-9.49245]]},"properties":{"id":599004981,"cls":"path","hw":"path","tg":"na","name":"","ref":"","surface":"","sc":"unknown","speed":null,"lit":"unk","km":0.287}},
{"type":"Feature","geometry":{"type":"LineString","coordinates":[[32.94808,-9.48503],[32.94798,-9.485],[32.94783,-9.48495],[32.94773,-9.48486],[32.94753,-9.48463],[32.94752,-9.48447],[32.94742,-9.48423],[32.9473,-9.48405],[32.94717,-9.48391],[32.94707,-9.48378],[32.9469,-9.48365],[32.94662,-9.48339],[32.94655,-9.48316],[32.94646,-9.48293],[32.94636,-9.48279],[32.94639,-9.48234],[32.94625,-9.48213],[32.94615,-9.48195],[32.946,-9.48192],[32.94577,-9.48155]]},"properties":{"id":599004989,"cls":"path","hw":"path","tg":"na","name":"","ref":"","surface":"","sc":"unknown","speed":null,"lit":"unk","km":0.492}},
{"type":"Feature","geometry":{"type":"LineString","coordinates":[[32.95641,-9.49286],[32.95663,-9.49252],[32.95669,-9.49234],[32.95681,-9.49203],[32.95677,-9.4918]]},"properties":{"id":613374258,"cls":"path","hw":"path","tg":"na","name":"","ref":"","surface":"","sc":"unknown","speed":null,"lit":"unk","km":0.129}},
{"type":"Feature","geometry":{"type":"LineString","coordinates":[[32.99973,-9.38515],[32.99983,-9.38544],[32.99989,-9.3856],[32.99989,-9.38587],[32.99986,-9.38598],[32.99986,-9.38607],[32.9998,-9.38628],[32.99974,-9.38651],[32.99985,-9.38668],[32.99984,-9.38683],[32.99995,-9.38697],[33.0001,-9.38714],[33.0005,-9.38723],[33.00056,-9.38705],[33.00065,-9.38707],[33.00085,-9.38646],[33.00082,-9.38636],[33.00086,-9.38631],[33.00083,-9.38623],[33.00089,-9.38613]]},"properties":{"id":633094355,"cls":"path","hw":"path","tg":"na","name":"","ref":"","surface":"","sc":"unknown","speed":null,"lit":"unk","km":0.429}},
{"type":"Feature","geometry":{"type":"LineString","coordinates":[[32.9986,-9.38383],[32.99936,-9.38422],[32.9996,-9.38434],[32.99971,-9.38437],[32.99985,-9.38412],[32.99984,-9.38394],[32.99987,-9.38379],[32.99992,-9.38376],[32.99995,-9.38375]]},"properties":{"id":633094400,"cls":"path","hw":"path","tg":"na","name":"","ref":"","surface":"","sc":"unknown","speed":null,"lit":"unk","km":0.215}},
{"type":"Feature","geometry":{"type":"LineString","coordinates":[[32.99772,-9.38349],[32.9986,-9.38383],[32.99843,-9.38404],[32.99804,-9.38418],[32.99747,-9.38484]]},"properties":{"id":633094401,"cls":"path","hw":"path","tg":"na","name":"","ref":"","surface":"","sc":"unknown","speed":null,"lit":"unk","km":0.276}},
{"type":"Feature","geometry":{"type":"LineString","coordinates":[[32.99242,-9.38255],[32.99235,-9.38263],[32.99192,-9.38294],[32.99148,-9.38331],[32.99128,-9.3835],[32.99111,-9.38363],[32.99093,-9.38372],[32.99076,-9.38375],[32.99027,-9.38347],[32.98989,-9.38362],[32.98966,-9.38376],[32.98963,-9.38385],[32.98955,-9.38391],[32.98926,-9.38418],[32.98966,-9.38443],[32.98994,-9.3848],[32.99023,-9.38461],[32.99028,-9.38471],[32.99047,-9.38475],[32.99059,-9.385],[32.99074,-9.38534],[32.99086,-9.3853],[32.99089,-9.38536],[32.99116,-9.38526],[32.99093,-9.38451],[32.99101,-9.38422],[32.991,-9.38393],[32.99093,-9.38372]]},"properties":{"id":633094402,"cls":"track","hw":"track","tg":"none","name":"","ref":"","surface":"","sc":"unknown","speed":null,"lit":"unk","km":0.908}},
{"type":"Feature","geometry":{"type":"LineString","coordinates":[[32.98933,-9.38169],[32.98945,-9.38175],[32.98979,-9.38189],[32.99033,-9.38212],[32.99048,-9.38221],[32.99072,-9.38232],[32.99095,-9.38244],[32.99108,-9.38252],[32.9912,-9.38254],[32.99171,-9.38245],[32.99181,-9.38246],[32.99208,-9.38252],[32.99242,-9.38255],[32.99271,-9.38258],[32.9931,-9.38279],[32.99326,-9.38283],[32.99352,-9.38283],[32.99405,-9.38297],[32.99485,-9.38339],[32.99551,-9.38383],[32.99581,-9.38398],[32.99648,-9.38433],[32.99681,-9.38454],[32.99698,-9.38444]]},"properties":{"id":633094405,"cls":"unclassified","hw":"unclassified","tg":"na","name":"","ref":"","surface":"","sc":"unknown","speed":null,"lit":"unk","km":0.922}},
{"type":"Feature","geometry":{"type":"LineString","coordinates":[[32.98749,-9.3824],[32.98777,-9.3822],[32.98778,-9.38219],[32.98798,-9.38195],[32.98815,-9.38179],[32.98841,-9.38138],[32.98853,-9.38128],[32.98874,-9.38105],[32.98879,-9.38095]]},"properties":{"id":633094406,"cls":"track","hw":"track","tg":"none","name":"","ref":"","surface":"","sc":"unknown","speed":null,"lit":"unk","km":0.218}},
{"type":"Feature","geometry":{"type":"LineString","coordinates":[[32.98098,-9.36581],[32.9814,-9.36603],[32.9815,-9.36629],[32.98154,-9.36667],[32.98163,-9.36701],[32.98173,-9.36724],[32.98176,-9.36738],[32.98188,-9.36749],[32.98245,-9.36788],[32.98275,-9.36809],[32.98287,-9.3682],[32.98292,-9.36826],[32.98307,-9.36847],[32.9833,-9.36889],[32.98357,-9.36915],[32.98368,-9.36925],[32.98435,-9.36984],[32.98455,-9.36979],[32.98481,-9.36987],[32.9852,-9.37006],[32.98576,-9.37027],[32.98603,-9.37046],[32.98613,-9.37058],[32.98631,-9.37068],[32.98638,-9.37078],[32.98651,-9.37097],[32.98665,-9.37113],[32.98679,-9.37122],[32.98685,-9.37123]]},"properties":{"id":633094592,"cls":"path","hw":"path","tg":"na","name":"","ref":"","surface":"","sc":"unknown","speed":null,"lit":"unk","km":0.937}},
{"type":"Feature","geometry":{"type":"LineString","coordinates":[[32.99912,-9.38224],[32.99876,-9.38248],[32.99833,-9.38283],[32.99824,-9.38291],[32.99812,-9.38305],[32.99788,-9.38331],[32.99772,-9.38349],[32.99749,-9.38376],[32.9974,-9.38389],[32.99724,-9.38413],[32.99718,-9.38421],[32.99703,-9.38434],[32.99699,-9.38438],[32.99698,-9.3844],[32.99698,-9.38444],[32.99702,-9.38448],[32.99706,-9.38452],[32.99737,-9.38478],[32.99747,-9.38484],[32.99764,-9.38488],[32.9977,-9.38491],[32.9978,-9.38501],[32.99792,-9.38516],[32.99798,-9.38522],[32.9981,-9.38525],[32.99827,-9.38526],[32.99858,-9.38525],[32.99883,-9.38522],[32.99922,-9.38516],[32.99936,-9.38514],[32.99973,-9.38515],[33.00003,-9.38515],[33.00014,-9.38517],[33.00021,-9.38519],[33.00027,-9.38521],[33.00053,-9.38536],[33.00064,-9.38541],[33.00071,-9.38542],[33.00079,-9.38542],[33.00084,-9.38543],[33.001,-9.38547],[33.00113,-9.3855],[33.0013,-9.38552],[33.00149,-9.38558],[33.0017,-9.38563],[33.00197,-9.38574],[33.00201,-9.38576],[33.00206,-9.38576],[33.00215,-9.38583]]},"properties":{"id":633094597,"cls":"unclassified","hw":"unclassified","tg":"na","name":"","ref":"","surface":"","sc":"unknown","speed":null,"lit":"unk","km":0.96}},
{"type":"Feature","geometry":{"type":"LineString","coordinates":[[32.98246,-9.38036],[32.98244,-9.38017],[32.98244,-9.38008],[32.98248,-9.37996],[32.98284,-9.37944],[32.98292,-9.37933],[32.98298,-9.37913],[32.983,-9.37842],[32.98302,-9.37819],[32.98309,-9.37796],[32.9832,-9.37771],[32.98327,-9.37755],[32.98335,-9.37744],[32.98357,-9.37709],[32.98379,-9.37681],[32.98386,-9.37672],[32.98393,-9.37665],[32.98407,-9.37642],[32.98415,-9.37626],[32.98422,-9.37608],[32.98426,-9.37597],[32.9843,-9.37588],[32.98441,-9.37569],[32.98451,-9.37543],[32.98467,-9.37497],[32.98474,-9.37466]]},"properties":{"id":634332188,"cls":"residential","hw":"residential","tg":"na","name":"","ref":"","surface":"","sc":"unknown","speed":null,"lit":"unk","km":0.698}},
{"type":"Feature","geometry":{"type":"LineString","coordinates":[[32.97232,-9.39709],[32.97219,-9.39681],[32.97212,-9.39602],[32.97205,-9.39595],[32.97155,-9.39611],[32.97131,-9.39624],[32.97122,-9.39625],[32.97101,-9.39636],[32.97089,-9.39631]]},"properties":{"id":634332665,"cls":"path","hw":"path","tg":"na","name":"","ref":"","surface":"","sc":"unknown","speed":null,"lit":"unk","km":0.271}},
{"type":"Feature","geometry":{"type":"LineString","coordinates":[[32.96138,-9.40499],[32.96104,-9.40502],[32.96081,-9.40511],[32.96025,-9.40519],[32.95974,-9.40537],[32.95946,-9.40548],[32.959,-9.40581]]},"properties":{"id":634332669,"cls":"path","hw":"path","tg":"na","name":"","ref":"","surface":"","sc":"unknown","speed":null,"lit":"unk","km":0.282}},
{"type":"Feature","geometry":{"type":"LineString","coordinates":[[32.97141,-9.39498],[32.97132,-9.39513],[32.9712,-9.39534],[32.97116,-9.39551],[32.97117,-9.39562],[32.97108,-9.39586],[32.97089,-9.39631],[32.97078,-9.3964],[32.97079,-9.3965],[32.97067,-9.39672],[32.97055,-9.39681],[32.97026,-9.39703],[32.97021,-9.39729],[32.97027,-9.39764],[32.96989,-9.39796],[32.96984,-9.39782],[32.96976,-9.39788],[32.96949,-9.39794],[32.9694,-9.39806],[32.96928,-9.39808],[32.96904,-9.39844],[32.96892,-9.39839],[32.96888,-9.39863],[32.96869,-9.39881],[32.96848,-9.39892],[32.96837,-9.39907],[32.96819,-9.39916],[32.96803,-9.39918],[32.96797,-9.39925],[32.96765,-9.3993],[32.96752,-9.39942],[32.96752,-9.3995],[32.96741,-9.39976],[32.96733,-9.40002],[32.96732,-9.40056],[32.96723,-9.40058],[32.96716,-9.40072],[32.9669,-9.40083],[32.96669,-9.40083],[32.96641,-9.40106],[32.96635,-9.40129],[32.96616,-9.40149],[32.96596,-9.40167],[32.96577,-9.40174],[32.96552,-9.40174],[32.96537,-9.40206],[32.96524,-9.40224],[32.9649,-9.40248],[32.96443,-9.40283],[32.96383,-9.40324],[32.96369,-9.40334],[32.96364,-9.40341],[32.96347,-9.40368],[32.96321,-9.40383],[32.96306,-9.40409],[32.96285,-9.4042],[32.96267,-9.40429],[32.96235,-9.40446],[32.96157,-9.40493],[32.96138,-9.40499],[32.96115,-9.40515],[32.96068,-9.40556],[32.96039,-9.40577],[32.95971,-9.40643],[32.95922,-9.40672],[32.95887,-9.40709],[32.95874,-9.4072],[32.95863,-9.40731],[32.95854,-9.40743],[32.95836,-9.40755],[32.95823,-9.40768],[32.95813,-9.40774],[32.95801,-9.4078],[32.95788,-9.40786],[32.95768,-9.40802]]},"properties":{"id":634332670,"cls":"path","hw":"path","tg":"na","name":"","ref":"","surface":"","sc":"unknown","speed":null,"lit":"unk","km":2.267}},
{"type":"Feature","geometry":{"type":"LineString","coordinates":[[32.98507,-9.3779],[32.98534,-9.37792],[32.98562,-9.3776],[32.98603,-9.37747],[32.98629,-9.37727],[32.98672,-9.37665],[32.98699,-9.37618],[32.98702,-9.37592]]},"properties":{"id":634333307,"cls":"path","hw":"path","tg":"na","name":"","ref":"","surface":"","sc":"unknown","speed":null,"lit":"unk","km":0.333}},
{"type":"Feature","geometry":{"type":"LineString","coordinates":[[32.9636,-9.44278],[32.96336,-9.44242],[32.96291,-9.44182],[32.96258,-9.4412],[32.96225,-9.44054],[32.9621,-9.44015],[32.96207,-9.43994],[32.96206,-9.43969],[32.96215,-9.43935],[32.96222,-9.43919],[32.96226,-9.43898],[32.96226,-9.43868],[32.96223,-9.43846],[32.96224,-9.43834],[32.96231,-9.43814],[32.96241,-9.43783],[32.96242,-9.43764],[32.96239,-9.43745],[32.9623,-9.43723],[32.96213,-9.43675],[32.96192,-9.43628],[32.96166,-9.43564],[32.96133,-9.4348],[32.96117,-9.43433],[32.96101,-9.43396],[32.96093,-9.43371],[32.96075,-9.43329],[32.96059,-9.43267],[32.9606,-9.43237],[32.96062,-9.43198],[32.96062,-9.43154],[32.96064,-9.43113],[32.9606,-9.43092],[32.96051,-9.43046]]},"properties":{"id":672788297,"cls":"unclassified","hw":"unclassified","tg":"na","name":"","ref":"","surface":"unpaved","sc":"unpaved","speed":null,"lit":"unk","km":1.459}},
{"type":"Feature","geometry":{"type":"LineString","coordinates":[[32.96059,-9.43267],[32.96041,-9.43228],[32.96039,-9.43224],[32.9602,-9.43177],[32.96003,-9.43124],[32.95999,-9.43094],[32.95993,-9.43076],[32.95979,-9.4305],[32.95972,-9.43021],[32.95967,-9.42992],[32.95962,-9.4298],[32.95954,-9.42955],[32.95942,-9.42939],[32.95924,-9.42897],[32.95918,-9.42878],[32.95919,-9.42861],[32.95911,-9.42849],[32.95909,-9.42841],[32.95889,-9.42829]]},"properties":{"id":672788300,"cls":"unclassified","hw":"unclassified","tg":"na","name":"","ref":"","surface":"","sc":"unknown","speed":null,"lit":"unk","km":0.532}},
{"type":"Feature","geometry":{"type":"LineString","coordinates":[[32.96189,-9.42241],[32.96166,-9.42261],[32.9615,-9.42279],[32.96144,-9.42295],[32.96141,-9.42312],[32.96136,-9.42328],[32.96124,-9.42343],[32.9612,-9.42357],[32.96116,-9.42379],[32.96106,-9.42402],[32.96088,-9.42423],[32.96074,-9.42441],[32.96067,-9.42454],[32.96063,-9.42473],[32.96058,-9.42491],[32.96057,-9.42501],[32.96051,-9.42515],[32.9604,-9.42522],[32.96025,-9.42533],[32.96016,-9.42539],[32.95993,-9.42546],[32.95971,-9.42539],[32.95951,-9.42529],[32.95922,-9.42521],[32.95906,-9.42522],[32.9589,-9.42517],[32.95848,-9.42512],[32.95813,-9.42509],[32.95788,-9.42516]]},"properties":{"id":672788301,"cls":"track","hw":"track","tg":"none","name":"","ref":"","surface":"unpaved","sc":"unpaved","speed":null,"lit":"unk","km":0.655}},
{"type":"Feature","geometry":{"type":"LineString","coordinates":[[32.94696,-9.42439],[32.94729,-9.42449],[32.94772,-9.42464],[32.94789,-9.42466],[32.9481,-9.42467],[32.94822,-9.42467],[32.9483,-9.42468]]},"properties":{"id":672788303,"cls":"track","hw":"track","tg":"none","name":"","ref":"","surface":"unpaved","sc":"unpaved","speed":null,"lit":"unk","km":0.152}},
{"type":"Feature","geometry":{"type":"LineString","coordinates":[[32.94197,-9.42207],[32.94217,-9.42221],[32.94229,-9.42223],[32.94236,-9.42221],[32.94248,-9.42228],[32.94261,-9.42235],[32.94263,-9.42237],[32.94275,-9.42242],[32.9428,-9.42244],[32.94289,-9.42244],[32.94298,-9.42246]]},"properties":{"id":672788306,"cls":"path","hw":"path","tg":"na","name":"","ref":"","surface":"","sc":"unknown","speed":null,"lit":"unk","km":0.123}},
{"type":"Feature","geometry":{"type":"LineString","coordinates":[[32.96728,-9.44503],[32.96648,-9.44526],[32.96634,-9.44531],[32.96619,-9.44545]]},"properties":{"id":672791888,"cls":"path","hw":"path","tg":"na","name":"","ref":"","surface":"","sc":"unknown","speed":null,"lit":"unk","km":0.13}},
{"type":"Feature","geometry":{"type":"LineString","coordinates":[[32.96863,-9.44775],[32.96897,-9.44803],[32.96936,-9.4483],[32.96982,-9.44868],[32.97023,-9.44897],[32.97051,-9.44908],[32.97062,-9.44913],[32.97113,-9.44938]]},"properties":{"id":672791889,"cls":"path","hw":"path","tg":"na","name":"","ref":"","surface":"","sc":"unknown","speed":null,"lit":"unk","km":0.331}},
{"type":"Feature","geometry":{"type":"LineString","coordinates":[[32.96336,-9.44242],[32.96348,-9.442],[32.96367,-9.44154],[32.96373,-9.44143],[32.96391,-9.44153],[32.96396,-9.44164],[32.96407,-9.44177],[32.96412,-9.44182],[32.96454,-9.44221],[32.96478,-9.4423],[32.96506,-9.44243],[32.96545,-9.44266],[32.96553,-9.44267],[32.96575,-9.44282],[32.96593,-9.44299],[32.96618,-9.44315],[32.96632,-9.4434],[32.96663,-9.44362],[32.96666,-9.44383],[32.96667,-9.44402],[32.96678,-9.4443],[32.96689,-9.44447]]},"properties":{"id":672791890,"cls":"path","hw":"path","tg":"na","name":"","ref":"","surface":"","sc":"unknown","speed":null,"lit":"unk","km":0.628}},
{"type":"Feature","geometry":{"type":"LineString","coordinates":[[32.96273,-9.45522],[32.96263,-9.45527],[32.96228,-9.45544],[32.96191,-9.4556],[32.96181,-9.45564],[32.96173,-9.45567],[32.96154,-9.45577],[32.96124,-9.45591],[32.96109,-9.45598],[32.961,-9.45603],[32.96093,-9.45605],[32.9607,-9.45616],[32.9604,-9.45629],[32.96022,-9.45641]]},"properties":{"id":672794992,"cls":"unclassified","hw":"unclassified","tg":"na","name":"","ref":"","surface":"unpaved","sc":"unpaved","speed":null,"lit":"unk","km":0.306}},
{"type":"Feature","geometry":{"type":"LineString","coordinates":[[32.9586,-9.4569],[32.95857,-9.457],[32.95851,-9.45714],[32.95845,-9.45725],[32.95842,-9.45733],[32.95842,-9.45736]]},"properties":{"id":672794993,"cls":"path","hw":"path","tg":"na","name":"","ref":"","surface":"unpaved","sc":"unpaved","speed":null,"lit":"unk","km":0.055}},
{"type":"Feature","geometry":{"type":"LineString","coordinates":[[32.95257,-9.45352],[32.95262,-9.4535],[32.95267,-9.45348],[32.95272,-9.45343],[32.95276,-9.45338],[32.95279,-9.45334],[32.95282,-9.45331],[32.95285,-9.45329],[32.95289,-9.45322],[32.95295,-9.45312],[32.95301,-9.45304],[32.95305,-9.453],[32.95306,-9.453],[32.95317,-9.45294],[32.95327,-9.45285],[32.95333,-9.45279],[32.9534,-9.45275],[32.95342,-9.45273],[32.95345,-9.45272],[32.95352,-9.45266],[32.95363,-9.45257],[32.95369,-9.4525],[32.95372,-9.45245],[32.95383,-9.45239],[32.95391,-9.45233],[32.95396,-9.45228],[32.95401,-9.4522],[32.95406,-9.45211],[32.95411,-9.45206],[32.95413,-9.45202],[32.95417,-9.45195],[32.95419,-9.45189],[32.95426,-9.45178],[32.95435,-9.45169],[32.95439,-9.45158],[32.95447,-9.4515],[32.95455,-9.4514],[32.95466,-9.45129],[32.95472,-9.45118],[32.9548,-9.45104],[32.95486,-9.45092],[32.95491,-9.45082],[32.95496,-9.45065],[32.95501,-9.45049],[32.95505,-9.45031],[32.95508,-9.45014],[32.95509,-9.45007],[32.95508,-9.45],[32.95508,-9.44989],[32.95509,-9.4498],[32.95513,-9.44974],[32.95513,-9.4497],[32.95513,-9.44967],[32.95509,-9.44959],[32.95505,-9.44952],[32.95504,-9.44942],[32.955,-9.44933],[32.95492,-9.44921],[32.95482,-9.44906]]},"properties":{"id":672794994,"cls":"path","hw":"path","tg":"na","name":"","ref":"","surface":"unpaved","sc":"unpaved","speed":null,"lit":"unk","km":0.613}},
{"type":"Feature","geometry":{"type":"LineString","coordinates":[[32.94505,-9.45381],[32.94499,-9.45386],[32.94496,-9.45396]]},"properties":{"id":672794995,"cls":"unclassified","hw":"unclassified","tg":"na","name":"","ref":"","surface":"unpaved","sc":"unpaved","speed":null,"lit":"unk","km":0.02}},
{"type":"Feature","geometry":{"type":"LineString","coordinates":[[32.94985,-9.45829],[32.94985,-9.45835],[32.94984,-9.45841],[32.9498,-9.45851]]},"properties":{"id":672794996,"cls":"path","hw":"path","tg":"na","name":"","ref":"","surface":"unpaved","sc":"unpaved","speed":null,"lit":"unk","km":0.025}},
{"type":"Feature","geometry":{"type":"LineString","coordinates":[[32.95025,-9.45861],[32.95013,-9.45863],[32.95006,-9.45864],[32.95001,-9.45863],[32.94987,-9.45858],[32.9498,-9.45851]]},"properties":{"id":672794997,"cls":"path","hw":"path","tg":"na","name":"","ref":"","surface":"unpaved","sc":"unpaved","speed":null,"lit":"unk","km":0.054}},
{"type":"Feature","geometry":{"type":"LineString","coordinates":[[32.96147,-9.46416],[32.96091,-9.464],[32.96084,-9.46397],[32.9607,-9.46393],[32.96028,-9.46382],[32.95945,-9.46361],[32.95879,-9.46344],[32.95862,-9.46338],[32.95851,-9.46335],[32.95839,-9.46335],[32.95826,-9.46339],[32.95785,-9.46342],[32.95727,-9.4635],[32.95724,-9.46351],[32.95697,-9.46354],[32.9568,-9.46352],[32.95659,-9.46351],[32.95646,-9.46351],[32.95631,-9.4635],[32.95614,-9.46347],[32.95603,-9.46348],[32.95593,-9.46347],[32.95575,-9.46347],[32.95562,-9.46345],[32.95548,-9.46346],[32.95541,-9.46349],[32.95533,-9.4635]]},"properties":{"id":672794998,"cls":"unclassified","hw":"unclassified","tg":"na","name":"","ref":"","surface":"unpaved","sc":"unpaved","speed":null,"lit":"unk","km":0.689}},
{"type":"Feature","geometry":{"type":"LineString","coordinates":[[32.95693,-9.4716],[32.9571,-9.47155],[32.95724,-9.4715],[32.95735,-9.47141],[32.95747,-9.47128],[32.95761,-9.47107],[32.9577,-9.47087]]},"properties":{"id":672794999,"cls":"unclassified","hw":"unclassified","tg":"na","name":"","ref":"","surface":"unpaved","sc":"unpaved","speed":null,"lit":"unk","km":0.123}},
{"type":"Feature","geometry":{"type":"LineString","coordinates":[[32.94298,-9.45791],[32.94291,-9.4577],[32.94279,-9.45747],[32.94264,-9.45724],[32.94253,-9.457],[32.94244,-9.45679],[32.9424,-9.45659],[32.94233,-9.4564],[32.9422,-9.45621],[32.9421,-9.45606],[32.94202,-9.45591],[32.94201,-9.45578],[32.94201,-9.45564],[32.942,-9.45549],[32.94206,-9.45533],[32.94213,-9.45516],[32.94225,-9.45495],[32.94234,-9.45481],[32.94244,-9.4546],[32.94256,-9.45436],[32.94271,-9.45409],[32.94283,-9.4538],[32.943,-9.45347],[32.94321,-9.45314],[32.94339,-9.45282],[32.94346,-9.45263],[32.94354,-9.45246],[32.94364,-9.45224],[32.94373,-9.45209],[32.94381,-9.45193],[32.94385,-9.45186],[32.94391,-9.45179],[32.94396,-9.45177],[32.94407,-9.45177],[32.94415,-9.45173],[32.94427,-9.45166],[32.94444,-9.45154],[32.94451,-9.4515],[32.94456,-9.45149],[32.94465,-9.45148]]},"properties":{"id":672795000,"cls":"unclassified","hw":"unclassified","tg":"na","name":"","ref":"","surface":"unpaved","sc":"unpaved","speed":null,"lit":"unk","km":0.848}},
{"type":"Feature","geometry":{"type":"LineString","coordinates":[[32.94523,-9.45294],[32.94519,-9.45304],[32.94507,-9.45324],[32.94509,-9.45364],[32.94505,-9.45381]]},"properties":{"id":672796501,"cls":"unclassified","hw":"unclassified","tg":"na","name":"","ref":"","surface":"unpaved","sc":"unpaved","speed":null,"lit":"unk","km":0.102}},
{"type":"Feature","geometry":{"type":"LineString","coordinates":[[32.94861,-9.44427],[32.94856,-9.44521],[32.94854,-9.44553],[32.94852,-9.44572],[32.9484,-9.44614],[32.94816,-9.44691],[32.94811,-9.44713],[32.94801,-9.44746],[32.94789,-9.44769],[32.94774,-9.44794],[32.94758,-9.44813],[32.94742,-9.44839],[32.94725,-9.44869],[32.94714,-9.44896],[32.94705,-9.44925]]},"properties":{"id":672796502,"cls":"unclassified","hw":"unclassified","tg":"na","name":"","ref":"","surface":"unpaved","sc":"unpaved","speed":null,"lit":"unk","km":0.59}},
{"type":"Feature","geometry":{"type":"LineString","coordinates":[[32.96342,-9.45438],[32.96328,-9.45451],[32.96318,-9.45464],[32.96303,-9.45473],[32.96285,-9.45498],[32.96273,-9.45522]]},"properties":{"id":672796503,"cls":"unclassified","hw":"unclassified","tg":"na","name":"","ref":"","surface":"unpaved","sc":"unpaved","speed":null,"lit":"unk","km":0.122}},
{"type":"Feature","geometry":{"type":"LineString","coordinates":[[32.97038,-9.47067],[32.97032,-9.47046],[32.97012,-9.46969],[32.97007,-9.46948],[32.96985,-9.4686],[32.96981,-9.46842],[32.96977,-9.46835],[32.96951,-9.4681],[32.96932,-9.46786],[32.96916,-9.46771],[32.96881,-9.46745],[32.9684,-9.46717],[32.96795,-9.46689],[32.96752,-9.46662],[32.96717,-9.4664],[32.96654,-9.46603],[32.9661,-9.46576],[32.96552,-9.46556],[32.965,-9.4653],[32.96492,-9.46528],[32.96462,-9.46515],[32.96439,-9.46505],[32.9635,-9.4647],[32.96319,-9.46462],[32.96298,-9.46458],[32.96274,-9.46454],[32.96254,-9.46446],[32.96211,-9.46433],[32.96187,-9.46425],[32.96147,-9.46416]]},"properties":{"id":672817095,"cls":"unclassified","hw":"unclassified","tg":"na","name":"","ref":"","surface":"unpaved","sc":"unpaved","speed":null,"lit":"unk","km":1.305}},
{"type":"Feature","geometry":{"type":"LineString","coordinates":[[32.94327,-9.41776],[32.94358,-9.41799],[32.94379,-9.41815],[32.94386,-9.41825],[32.94399,-9.41835],[32.94405,-9.41852]]},"properties":{"id":691662546,"cls":"path","hw":"path","tg":"na","name":"","ref":"","surface":"","sc":"unknown","speed":null,"lit":"unk","km":0.123}},
{"type":"Feature","geometry":{"type":"LineString","coordinates":[[32.94577,-9.48155],[32.94572,-9.48144],[32.94561,-9.48125],[32.94531,-9.48108],[32.94519,-9.48088],[32.94516,-9.48023],[32.94516,-9.47998],[32.94497,-9.47989],[32.94493,-9.47964],[32.94488,-9.47905],[32.94515,-9.47893],[32.94538,-9.47891],[32.94595,-9.4789],[32.94646,-9.47901],[32.94676,-9.47913],[32.94722,-9.47906],[32.94752,-9.47907],[32.94819,-9.47898],[32.94843,-9.47903],[32.94864,-9.47903],[32.94873,-9.47903],[32.94886,-9.47905],[32.94928,-9.47916],[32.94937,-9.47916],[32.94943,-9.4792]]},"properties":{"id":695832328,"cls":"path","hw":"path","tg":"na","name":"","ref":"","surface":"","sc":"unknown","speed":null,"lit":"unk","km":0.83}},
{"type":"Feature","geometry":{"type":"LineString","coordinates":[[32.94964,-9.48167],[32.94953,-9.48196],[32.94943,-9.48225],[32.94936,-9.48241],[32.94926,-9.48267],[32.9492,-9.48274],[32.94917,-9.4828],[32.94913,-9.48286],[32.9491,-9.48296],[32.94901,-9.48309],[32.94897,-9.48322],[32.94884,-9.48366],[32.94881,-9.48384],[32.9488,-9.48395],[32.94877,-9.48403],[32.94873,-9.4843],[32.94867,-9.4846],[32.94866,-9.48476],[32.94856,-9.48509],[32.94854,-9.48529],[32.94848,-9.48556],[32.94836,-9.48591],[32.94816,-9.48639],[32.94802,-9.48667]]},"properties":{"id":707018720,"cls":"path","hw":"path","tg":"na","name":"","ref":"","surface":"","sc":"unknown","speed":null,"lit":"unk","km":0.589}},
{"type":"Feature","geometry":{"type":"LineString","coordinates":[[32.94808,-9.48503],[32.94823,-9.48509],[32.94835,-9.48523],[32.94846,-9.48525],[32.94854,-9.48529],[32.94878,-9.48541],[32.94892,-9.48564]]},"properties":{"id":707018721,"cls":"path","hw":"path","tg":"na","name":"","ref":"","surface":"","sc":"unknown","speed":null,"lit":"unk","km":0.12}},
{"type":"Feature","geometry":{"type":"LineString","coordinates":[[32.94805,-9.48666],[32.94823,-9.48661],[32.94826,-9.48651],[32.94857,-9.48633],[32.94871,-9.48624]]},"properties":{"id":707018722,"cls":"path","hw":"path","tg":"na","name":"","ref":"","surface":"","sc":"unknown","speed":null,"lit":"unk","km":0.09}},
{"type":"Feature","geometry":{"type":"LineString","coordinates":[[32.94921,-9.48625],[32.94927,-9.48635],[32.94938,-9.48644],[32.94949,-9.48652],[32.94989,-9.48677],[32.95044,-9.48704],[32.95111,-9.48752],[32.95116,-9.48759],[32.95157,-9.4878],[32.952,-9.48826],[32.95231,-9.48861]]},"properties":{"id":707018723,"cls":"path","hw":"path","tg":"na","name":"","ref":"","surface":"","sc":"unknown","speed":null,"lit":"unk","km":0.435}},
{"type":"Feature","geometry":{"type":"LineString","coordinates":[[32.94909,-9.48604],[32.94907,-9.48606],[32.94898,-9.48609],[32.94888,-9.48609],[32.94885,-9.48611],[32.94891,-9.48595],[32.94895,-9.48586]]},"properties":{"id":707018724,"cls":"path","hw":"path","tg":"na","name":"","ref":"","surface":"","sc":"unknown","speed":null,"lit":"unk","km":0.058}},
{"type":"Feature","geometry":{"type":"LineString","coordinates":[[32.94871,-9.48624],[32.94893,-9.48633],[32.94904,-9.48629],[32.94921,-9.48625]]},"properties":{"id":707018725,"cls":"path","hw":"path","tg":"na","name":"","ref":"","surface":"","sc":"unknown","speed":null,"lit":"unk","km":0.058}},
{"type":"Feature","geometry":{"type":"LineString","coordinates":[[32.94892,-9.48564],[32.94895,-9.48586]]},"properties":{"id":707018726,"cls":"path","hw":"path","tg":"na","name":"","ref":"","surface":"","sc":"unknown","speed":null,"lit":"unk","km":0.025}},
{"type":"Feature","geometry":{"type":"LineString","coordinates":[[32.94795,-9.48779],[32.94807,-9.48749],[32.94803,-9.48719],[32.94803,-9.48699],[32.94802,-9.48667]]},"properties":{"id":707018728,"cls":"path","hw":"path","tg":"na","name":"","ref":"","surface":"","sc":"unknown","speed":null,"lit":"unk","km":0.127}},
{"type":"Feature","geometry":{"type":"LineString","coordinates":[[32.95418,-9.48164],[32.95444,-9.48171],[32.95466,-9.48177],[32.95483,-9.48179],[32.95491,-9.4818],[32.95551,-9.48186],[32.95615,-9.48192],[32.95676,-9.48193],[32.95702,-9.48193],[32.95788,-9.48203],[32.95795,-9.48204],[32.95802,-9.48208],[32.95828,-9.48228],[32.95843,-9.48238],[32.95866,-9.48247],[32.95886,-9.48254],[32.95917,-9.4826],[32.95937,-9.48265],[32.95961,-9.48275],[32.95971,-9.48279],[32.95983,-9.48289],[32.96001,-9.48309],[32.96012,-9.48322],[32.96088,-9.48399],[32.96112,-9.48421],[32.96153,-9.48442],[32.96173,-9.48454],[32.96197,-9.48466],[32.96204,-9.4847],[32.96214,-9.48479],[32.96219,-9.48483],[32.96338,-9.48519],[32.96345,-9.48522]]},"properties":{"id":707018729,"cls":"unclassified","hw":"unclassified","tg":"na","name":"","ref":"","surface":"","sc":"unknown","speed":null,"lit":"unk","km":1.133}},
{"type":"Feature","geometry":{"type":"LineString","coordinates":[[32.95828,-9.48228],[32.95828,-9.48235],[32.95829,-9.4824],[32.95825,-9.48247],[32.95815,-9.48258],[32.95787,-9.48278],[32.95788,-9.48285]]},"properties":{"id":707018730,"cls":"residential","hw":"residential","tg":"na","name":"","ref":"","surface":"","sc":"unknown","speed":null,"lit":"unk","km":0.085}},
{"type":"Feature","geometry":{"type":"LineString","coordinates":[[32.95491,-9.4818],[32.95503,-9.48222],[32.95507,-9.48239],[32.95515,-9.48253],[32.95521,-9.48274],[32.95528,-9.48291]]},"properties":{"id":707018731,"cls":"path","hw":"path","tg":"na","name":"","ref":"","surface":"","sc":"unknown","speed":null,"lit":"unk","km":0.13}},
{"type":"Feature","geometry":{"type":"LineString","coordinates":[[32.95528,-9.48291],[32.95547,-9.48329],[32.9555,-9.48354],[32.95559,-9.48378],[32.95585,-9.48439],[32.95607,-9.48505],[32.95617,-9.4852],[32.95647,-9.4858],[32.95706,-9.48677],[32.9573,-9.4871]]},"properties":{"id":707018732,"cls":"track","hw":"track","tg":"none","name":"","ref":"","surface":"","sc":"unknown","speed":null,"lit":"unk","km":0.52}},
{"type":"Feature","geometry":{"type":"LineString","coordinates":[[32.95913,-9.48659],[32.95887,-9.48667],[32.95825,-9.48684],[32.95804,-9.4869],[32.95789,-9.48694],[32.95781,-9.48697],[32.9573,-9.4871],[32.95679,-9.48731],[32.95636,-9.48746],[32.95609,-9.48757],[32.95586,-9.48764],[32.95565,-9.48773],[32.95552,-9.48776],[32.95525,-9.48779],[32.95505,-9.48782],[32.95471,-9.48786],[32.95451,-9.48789],[32.95428,-9.48792],[32.95406,-9.48796],[32.95378,-9.48801],[32.95354,-9.48805],[32.95343,-9.48807],[32.95336,-9.48809],[32.95307,-9.48822],[32.95281,-9.48834],[32.95263,-9.48843],[32.95241,-9.48856],[32.95231,-9.48861],[32.95205,-9.48875],[32.95197,-9.48883],[32.95154,-9.48913],[32.95123,-9.48941],[32.95103,-9.48965],[32.951,-9.48968],[32.95087,-9.4898],[32.95068,-9.49],[32.95039,-9.49018],[32.95027,-9.49033],[32.95015,-9.49044],[32.95005,-9.49052],[32.94989,-9.49059],[32.94979,-9.49075],[32.94967,-9.49088],[32.9495,-9.49106],[32.94925,-9.49134],[32.94896,-9.49155],[32.94854,-9.49193],[32.9482,-9.49228],[32.94802,-9.49244]]},"properties":{"id":707018733,"cls":"track","hw":"track","tg":"none","name":"","ref":"","surface":"","sc":"unknown","speed":null,"lit":"unk","km":1.426}},
{"type":"Feature","geometry":{"type":"LineString","coordinates":[[32.95607,-9.48505],[32.95596,-9.48535],[32.95581,-9.48562],[32.95573,-9.48574],[32.95563,-9.48579],[32.9555,-9.48598],[32.95536,-9.48655],[32.95529,-9.48667],[32.95524,-9.48679],[32.95522,-9.48686],[32.9552,-9.48695],[32.95516,-9.48705]]},"properties":{"id":707018735,"cls":"track","hw":"track","tg":"none","name":"","ref":"","surface":"","sc":"unknown","speed":null,"lit":"unk","km":0.249}},
{"type":"Feature","geometry":{"type":"LineString","coordinates":[[32.95376,-9.48834],[32.95383,-9.4884],[32.95436,-9.48856],[32.95451,-9.48866],[32.95464,-9.48872]]},"properties":{"id":707018736,"cls":"path","hw":"path","tg":"na","name":"","ref":"","surface":"","sc":"unknown","speed":null,"lit":"unk","km":0.107}},
{"type":"Feature","geometry":{"type":"LineString","coordinates":[[32.95111,-9.48752],[32.95116,-9.48754],[32.95149,-9.48754],[32.95177,-9.48758],[32.95199,-9.48758],[32.95233,-9.48749],[32.95255,-9.48741],[32.95273,-9.48727],[32.95275,-9.48739],[32.95278,-9.4875],[32.95285,-9.4876],[32.95301,-9.48789],[32.95316,-9.48804],[32.95323,-9.48807],[32.95336,-9.48809]]},"properties":{"id":707018737,"cls":"track","hw":"track","tg":"none","name":"","ref":"","surface":"","sc":"unknown","speed":null,"lit":"unk","km":0.309}},
{"type":"Feature","geometry":{"type":"LineString","coordinates":[[32.9549,-9.49254],[32.95498,-9.49245],[32.95513,-9.4923],[32.95516,-9.49228],[32.95531,-9.49226],[32.95536,-9.49226],[32.95539,-9.49228],[32.9555,-9.49233],[32.95554,-9.49234],[32.9558,-9.49233],[32.95586,-9.49231],[32.95597,-9.49224],[32.95608,-9.49221],[32.95614,-9.4922],[32.95621,-9.49215],[32.9563,-9.49207],[32.95654,-9.49193],[32.95677,-9.4918],[32.95697,-9.49167],[32.95704,-9.49163],[32.9571,-9.4916],[32.95717,-9.49154],[32.95722,-9.49151],[32.95737,-9.49144],[32.95742,-9.49141],[32.95755,-9.49123],[32.95757,-9.49119],[32.95759,-9.49111],[32.95762,-9.49108],[32.95767,-9.49104],[32.9577,-9.49103],[32.95782,-9.49091],[32.95786,-9.49088],[32.95812,-9.4906],[32.95818,-9.49055],[32.95823,-9.49052],[32.9583,-9.49046],[32.95832,-9.49044],[32.95841,-9.49042]]},"properties":{"id":707018738,"cls":"track","hw":"track","tg":"none","name":"","ref":"","surface":"","sc":"unknown","speed":null,"lit":"unk","km":0.479}},
{"type":"Feature","geometry":{"type":"LineString","coordinates":[[32.94909,-9.48604],[32.94923,-9.48593],[32.94931,-9.48584],[32.94939,-9.4858],[32.94946,-9.48566],[32.94963,-9.4856],[32.94971,-9.48551],[32.94991,-9.48533],[32.9502,-9.48505],[32.95028,-9.48497],[32.95041,-9.48485],[32.95044,-9.4849],[32.95049,-9.48493],[32.95053,-9.48498],[32.95078,-9.48523],[32.95099,-9.4855],[32.9514,-9.48597],[32.95165,-9.48614],[32.95197,-9.48645],[32.95233,-9.48675],[32.95272,-9.48717],[32.95273,-9.48727]]},"properties":{"id":707018739,"cls":"path","hw":"path","tg":"na","name":"","ref":"","surface":"","sc":"unknown","speed":null,"lit":"unk","km":0.574}},
{"type":"Feature","geometry":{"type":"LineString","coordinates":[[32.95214,-9.49268],[32.95224,-9.49274],[32.95241,-9.49286],[32.95249,-9.49288],[32.95271,-9.49289],[32.95291,-9.49287],[32.95299,-9.49284],[32.95311,-9.49281],[32.95317,-9.4928],[32.95327,-9.49278],[32.95337,-9.49274],[32.95355,-9.49272],[32.95361,-9.4927],[32.95371,-9.4927],[32.95387,-9.49267],[32.954,-9.49269],[32.95405,-9.49268],[32.95428,-9.49262],[32.95431,-9.4926],[32.95434,-9.49259],[32.95448,-9.49258],[32.95463,-9.49256],[32.95471,-9.49254],[32.9549,-9.49254]]},"properties":{"id":707021291,"cls":"track","hw":"track","tg":"none","name":"","ref":"","surface":"","sc":"unknown","speed":null,"lit":"unk","km":0.315}},
{"type":"Feature","geometry":{"type":"LineString","coordinates":[[32.9549,-9.49254],[32.95486,-9.49261],[32.95465,-9.493],[32.9543,-9.49334],[32.9538,-9.49373],[32.95371,-9.49383],[32.95346,-9.49404],[32.95325,-9.49418],[32.95298,-9.49438],[32.95266,-9.49467],[32.95243,-9.49488],[32.95229,-9.4951],[32.95205,-9.49541],[32.95175,-9.49582],[32.95148,-9.49636],[32.95126,-9.49669],[32.95103,-9.497],[32.95091,-9.49728],[32.95082,-9.49736]]},"properties":{"id":707021295,"cls":"path","hw":"path","tg":"na","name":"","ref":"","surface":"","sc":"unknown","speed":null,"lit":"unk","km":0.709}},
{"type":"Feature","geometry":{"type":"LineString","coordinates":[[32.99681,-9.38454],[32.99659,-9.38489],[32.99637,-9.3851],[32.99634,-9.38514],[32.99581,-9.38598],[32.99549,-9.38656],[32.99503,-9.38727],[32.99465,-9.38775],[32.99438,-9.38802],[32.99432,-9.38807]]},"properties":{"id":730717428,"cls":"unclassified","hw":"unclassified","tg":"na","name":"","ref":"","surface":"","sc":"unknown","speed":null,"lit":"unk","km":0.481}},
{"type":"Feature","geometry":{"type":"LineString","coordinates":[[32.96752,-9.39942],[32.96797,-9.39953],[32.96849,-9.39965],[32.96858,-9.39953],[32.96924,-9.39947],[32.9702,-9.39983],[32.97117,-9.40009],[32.97171,-9.40044],[32.97221,-9.4007],[32.97259,-9.40146],[32.97276,-9.40221],[32.97319,-9.40274],[32.97345,-9.40309],[32.97378,-9.40342],[32.97431,-9.40381]]},"properties":{"id":730772368,"cls":"path","hw":"path","tg":"na","name":"","ref":"","surface":"","sc":"unknown","speed":null,"lit":"unk","km":0.982}},
{"type":"Feature","geometry":{"type":"LineString","coordinates":[[32.96752,-9.39942],[32.96686,-9.39933],[32.96677,-9.3993],[32.9667,-9.3993],[32.96659,-9.39927],[32.96644,-9.39917],[32.9664,-9.39914],[32.9659,-9.39903],[32.9654,-9.39886],[32.96467,-9.39849],[32.96427,-9.39837],[32.96394,-9.3983],[32.96372,-9.39851],[32.96352,-9.39862],[32.96315,-9.39883],[32.96278,-9.39883],[32.96271,-9.39876],[32.96232,-9.39878]]},"properties":{"id":730772369,"cls":"path","hw":"path","tg":"na","name":"","ref":"","surface":"","sc":"unknown","speed":null,"lit":"unk","km":0.616}},
{"type":"Feature","geometry":{"type":"LineString","coordinates":[[32.9731,-9.39012],[32.97206,-9.39101],[32.97084,-9.39082],[32.97075,-9.39068],[32.96967,-9.39071],[32.96917,-9.39136],[32.96872,-9.39182],[32.96811,-9.39222],[32.96807,-9.39321],[32.96799,-9.39358],[32.96767,-9.3946],[32.96745,-9.39496],[32.96739,-9.39539],[32.9674,-9.39559],[32.96741,-9.39623],[32.96753,-9.3965],[32.96762,-9.39758],[32.96766,-9.39782],[32.96742,-9.39832],[32.96738,-9.39851],[32.96752,-9.39942]]},"properties":{"id":730772370,"cls":"path","hw":"path","tg":"na","name":"","ref":"","surface":"","sc":"unknown","speed":null,"lit":"unk","km":1.491}},
{"type":"Feature","geometry":{"type":"LineString","coordinates":[[32.95768,-9.40802],[32.95795,-9.40819],[32.95805,-9.40827],[32.95813,-9.40832],[32.95822,-9.40842],[32.95837,-9.4085],[32.95849,-9.4086],[32.95863,-9.40871],[32.95878,-9.40876],[32.95889,-9.40883],[32.95895,-9.40887],[32.95916,-9.40907],[32.95927,-9.4092],[32.95938,-9.40931],[32.95976,-9.40955],[32.95991,-9.40964],[32.95998,-9.40969],[32.96106,-9.4101],[32.96174,-9.41056],[32.96184,-9.41068],[32.9628,-9.41116],[32.96341,-9.41196],[32.96358,-9.41228],[32.96432,-9.4132],[32.96439,-9.41389],[32.96435,-9.41425],[32.9644,-9.41469],[32.96443,-9.41476],[32.96476,-9.41561],[32.96482,-9.41574],[32.96506,-9.41625],[32.96535,-9.4173],[32.96557,-9.41815],[32.96533,-9.41887],[32.96562,-9.42014],[32.96535,-9.42102],[32.96513,-9.4213],[32.96509,-9.42184],[32.96508,-9.42191],[32.96506,-9.42209],[32.96501,-9.4224],[32.96473,-9.42276],[32.96415,-9.42312],[32.96374,-9.4232],[32.9634,-9.42356],[32.96329,-9.42372],[32.9632,-9.42388],[32.96221,-9.42452],[32.96202,-9.42471],[32.96128,-9.42506],[32.961,-9.4252],[32.96081,-9.42598],[32.96058,-9.42687],[32.96046,-9.42765],[32.96032,-9.4284],[32.9604,-9.42915],[32.96044,-9.43013],[32.96042,-9.43027],[32.96041,-9.43035],[32.96051,-9.43046]]},"properties":{"id":736247118,"cls":"track","hw":"track","tg":"none","name":"","ref":"","surface":"","sc":"unknown","speed":null,"lit":"unk","km":3.168}},
{"type":"Feature","geometry":{"type":"LineString","coordinates":[[32.96508,-9.42191],[32.96535,-9.42176],[32.96561,-9.42165],[32.96566,-9.42163],[32.96636,-9.42146],[32.96757,-9.42118],[32.96837,-9.42097],[32.96878,-9.42073],[32.96973,-9.42064],[32.96987,-9.42038],[32.97001,-9.42024],[32.9702,-9.42025],[32.97107,-9.41997],[32.97118,-9.41979]]},"properties":{"id":736247124,"cls":"path","hw":"path","tg":"na","name":"","ref":"","surface":"","sc":"unknown","speed":null,"lit":"unk","km":0.733}},
{"type":"Feature","geometry":{"type":"LineString","coordinates":[[32.96566,-9.42163],[32.9667,-9.42196],[32.96684,-9.42211],[32.96756,-9.42222],[32.96796,-9.4223],[32.96825,-9.42241],[32.96864,-9.42273],[32.96889,-9.42272],[32.96921,-9.42301],[32.96999,-9.42331],[32.97026,-9.42377],[32.97028,-9.42381],[32.97134,-9.42415],[32.97169,-9.42436],[32.97304,-9.42434],[32.97338,-9.42458],[32.97382,-9.42476],[32.9746,-9.42493],[32.97489,-9.42499],[32.97505,-9.42513],[32.97521,-9.42521],[32.97544,-9.42526],[32.97647,-9.42592]]},"properties":{"id":736247131,"cls":"path","hw":"path","tg":"na","name":"","ref":"","surface":"","sc":"unknown","speed":null,"lit":"unk","km":1.325}},
{"type":"Feature","geometry":{"type":"LineString","coordinates":[[32.97026,-9.42377],[32.97055,-9.42464],[32.9707,-9.42479],[32.97102,-9.42542],[32.97127,-9.42592],[32.97136,-9.42606],[32.97179,-9.42652],[32.97211,-9.42687],[32.97239,-9.42713],[32.97254,-9.4272],[32.97282,-9.42734],[32.97309,-9.42737],[32.97324,-9.42737],[32.9737,-9.42775],[32.9742,-9.42815],[32.9743,-9.42839],[32.97459,-9.4284],[32.97493,-9.42887],[32.97528,-9.42934],[32.97562,-9.4297],[32.97579,-9.42976],[32.97613,-9.43002],[32.97661,-9.43025],[32.97736,-9.43044],[32.9782,-9.43046]]},"properties":{"id":736247132,"cls":"track","hw":"track","tg":"none","name":"","ref":"","surface":"","sc":"unknown","speed":null,"lit":"unk","km":1.231}},
{"type":"Feature","geometry":{"type":"LineString","coordinates":[[32.96913,-9.44511],[32.9692,-9.44512],[32.96921,-9.44506],[32.96932,-9.44506],[32.96937,-9.44511],[32.96961,-9.44525],[32.96971,-9.44528],[32.96977,-9.44533],[32.96981,-9.44541]]},"properties":{"id":736247137,"cls":"path","hw":"path","tg":"na","name":"","ref":"","surface":"","sc":"unknown","speed":null,"lit":"unk","km":0.095}},
{"type":"Feature","geometry":{"type":"LineString","coordinates":[[32.9696,-9.44574],[32.9698,-9.4458],[32.97021,-9.44587],[32.97105,-9.44607],[32.97133,-9.44605],[32.97166,-9.4461],[32.97223,-9.44641],[32.97282,-9.44643],[32.97347,-9.44641],[32.97396,-9.44657],[32.97482,-9.44718],[32.97548,-9.4474],[32.97614,-9.44738],[32.97663,-9.44723],[32.97712,-9.44729],[32.97784,-9.44739],[32.97817,-9.44751],[32.97873,-9.44766],[32.97882,-9.44764],[32.97885,-9.44763],[32.97896,-9.44758],[32.97912,-9.44757],[32.9793,-9.44753],[32.97941,-9.44756],[32.97953,-9.44756],[32.98007,-9.44769],[32.98023,-9.4477],[32.98036,-9.44762],[32.98062,-9.44752],[32.98097,-9.44732]]},"properties":{"id":736247138,"cls":"path","hw":"path","tg":"na","name":"","ref":"","surface":"","sc":"unknown","speed":null,"lit":"unk","km":1.313}},
{"type":"Feature","geometry":{"type":"LineString","coordinates":[[32.99056,-9.42659],[32.9901,-9.42702],[32.98941,-9.4275],[32.98838,-9.42806],[32.98792,-9.42857],[32.98783,-9.42866],[32.98734,-9.429],[32.98688,-9.42938],[32.9866,-9.4296],[32.98644,-9.42986],[32.98641,-9.4299],[32.98615,-9.43025],[32.98573,-9.43097],[32.98526,-9.43135],[32.98478,-9.43163],[32.98464,-9.43177],[32.9845,-9.43192],[32.98426,-9.43219],[32.9839,-9.43257],[32.98362,-9.43301],[32.98332,-9.43343],[32.98325,-9.43363],[32.98312,-9.43395],[32.98299,-9.4343],[32.98292,-9.43449],[32.98292,-9.43517],[32.98269,-9.43676],[32.98232,-9.43715],[32.98204,-9.4374],[32.98185,-9.4377],[32.98161,-9.43801],[32.98139,-9.43831],[32.98114,-9.43893],[32.98098,-9.43955],[32.98087,-9.43982],[32.98081,-9.44004],[32.98068,-9.44066],[32.98029,-9.44159],[32.98002,-9.4417]]},"properties":{"id":736247147,"cls":"path","hw":"path","tg":"na","name":"","ref":"","surface":"","sc":"unknown","speed":null,"lit":"unk","km":2.139}},
{"type":"Feature","geometry":{"type":"LineString","coordinates":[[32.98615,-9.43025],[32.98683,-9.43125],[32.98731,-9.43196],[32.98825,-9.43332],[32.98862,-9.43378],[32.98974,-9.43474],[32.99115,-9.43595],[32.99161,-9.43634],[32.99242,-9.43712],[32.99294,-9.43731],[32.99308,-9.4374],[32.99322,-9.4377],[32.99344,-9.43876],[32.99346,-9.43884],[32.9936,-9.43946],[32.99381,-9.44015],[32.9939,-9.44037],[32.99421,-9.4407],[32.99473,-9.44105],[32.99492,-9.44114],[32.9951,-9.44125],[32.99555,-9.4415],[32.99591,-9.44163],[32.9961,-9.4417],[32.99642,-9.4418],[32.99672,-9.44196],[32.99709,-9.44213],[32.99749,-9.44224],[32.99762,-9.44227],[32.99786,-9.44231],[32.99806,-9.44235],[32.99864,-9.44246],[32.99898,-9.4426],[32.99915,-9.44269],[32.99931,-9.44277]]},"properties":{"id":736247157,"cls":"path","hw":"path","tg":"na","name":"","ref":"","surface":"","sc":"unknown","speed":null,"lit":"unk","km":2.119}},
{"type":"Feature","geometry":{"type":"LineString","coordinates":[[32.99419,-9.44932],[32.99396,-9.44889],[32.99387,-9.44845],[32.99373,-9.4482],[32.99368,-9.44792],[32.99352,-9.44764],[32.99345,-9.44734],[32.99343,-9.4471],[32.9932,-9.44674],[32.99291,-9.44627],[32.99262,-9.44584],[32.99207,-9.44613],[32.99172,-9.44624],[32.99125,-9.44622],[32.99036,-9.44628],[32.99017,-9.44635],[32.98988,-9.44636],[32.9894,-9.44645],[32.98914,-9.44657],[32.98895,-9.44668],[32.98881,-9.44682],[32.98871,-9.44693],[32.98849,-9.44699],[32.98831,-9.44702],[32.98814,-9.44707],[32.98761,-9.44723],[32.98752,-9.44723],[32.9874,-9.44723],[32.98725,-9.44724],[32.98701,-9.44721],[32.98674,-9.44722],[32.98639,-9.44723],[32.98631,-9.44724],[32.98616,-9.44725],[32.98609,-9.44738],[32.98591,-9.44757],[32.98576,-9.44763],[32.98559,-9.44761],[32.98516,-9.44753],[32.98466,-9.44743],[32.98441,-9.44736],[32.98393,-9.44723],[32.98357,-9.44717],[32.98335,-9.44724],[32.9831,-9.44739],[32.98286,-9.44742],[32.98257,-9.44743],[32.98243,-9.44741],[32.98229,-9.4474],[32.98198,-9.44742],[32.98169,-9.4474]]},"properties":{"id":736247175,"cls":"path","hw":"path","tg":"na","name":"","ref":"","surface":"","sc":"unknown","speed":null,"lit":"unk","km":1.696}},
{"type":"Feature","geometry":{"type":"LineString","coordinates":[[32.98081,-9.44004],[32.98016,-9.44039],[32.98012,-9.44041],[32.97997,-9.44037],[32.97991,-9.44059],[32.97965,-9.44075],[32.97922,-9.44103],[32.97911,-9.44112],[32.97899,-9.44139],[32.97895,-9.44181],[32.97899,-9.44219],[32.97903,-9.44244],[32.97903,-9.44266],[32.97896,-9.443],[32.97894,-9.44368],[32.9789,-9.44414],[32.97891,-9.44472],[32.97872,-9.44553],[32.97856,-9.44639],[32.97856,-9.44658],[32.97881,-9.4473],[32.97885,-9.44763],[32.9789,-9.44822],[32.97897,-9.44858],[32.97897,-9.44882],[32.97897,-9.4489],[32.97903,-9.44891],[32.97899,-9.44901],[32.97898,-9.44908],[32.97902,-9.4491],[32.97905,-9.44912],[32.97915,-9.44918],[32.97925,-9.44934],[32.97932,-9.44942],[32.9795,-9.44958],[32.97958,-9.44966]]},"properties":{"id":736247176,"cls":"path","hw":"path","tg":"na","name":"","ref":"","surface":"","sc":"unknown","speed":null,"lit":"unk","km":1.234}},
{"type":"Feature","geometry":{"type":"LineString","coordinates":[[32.9551,-9.40718],[32.9552,-9.407],[32.95529,-9.40695],[32.95536,-9.40688],[32.95539,-9.40682],[32.95545,-9.40675],[32.9555,-9.40671],[32.95554,-9.40665],[32.95557,-9.40664],[32.95562,-9.40664],[32.9557,-9.40658],[32.95578,-9.40661],[32.95586,-9.40656],[32.95604,-9.40654],[32.95622,-9.40646],[32.9563,-9.40641],[32.95644,-9.40638],[32.9566,-9.40637],[32.95678,-9.40633],[32.95688,-9.4063],[32.95702,-9.40639],[32.95714,-9.4064],[32.95727,-9.4064],[32.95755,-9.40624],[32.95768,-9.40616],[32.95799,-9.40613],[32.95831,-9.40601],[32.95846,-9.40595],[32.95861,-9.40592],[32.95875,-9.40589],[32.95889,-9.40585],[32.959,-9.40581]]},"properties":{"id":754116231,"cls":"track","hw":"track","tg":"none","name":"","ref":"","surface":"","sc":"unknown","speed":null,"lit":"unk","km":0.483}},
{"type":"Feature","geometry":{"type":"LineString","coordinates":[[32.94824,-9.39886],[32.94832,-9.3989],[32.94841,-9.39889],[32.94848,-9.39893],[32.94856,-9.39894],[32.94863,-9.39891],[32.9487,-9.3989],[32.9488,-9.39892],[32.9489,-9.39898],[32.94898,-9.39901],[32.94908,-9.39901],[32.9492,-9.39901],[32.9493,-9.39903],[32.94938,-9.39906],[32.94949,-9.39904],[32.94962,-9.39904],[32.94976,-9.39906],[32.94987,-9.39908],[32.94999,-9.39911],[32.95007,-9.3991],[32.95019,-9.3991],[32.95021,-9.39909],[32.9503,-9.39909],[32.95043,-9.3991],[32.95054,-9.39911],[32.95064,-9.39912],[32.95072,-9.39912],[32.9508,-9.3991],[32.95085,-9.39903],[32.95093,-9.39899],[32.95101,-9.39898],[32.95108,-9.39898],[32.95115,-9.39896],[32.95123,-9.39907],[32.9513,-9.39916],[32.95135,-9.39921],[32.95143,-9.39928],[32.95152,-9.39934],[32.9516,-9.39941],[32.95167,-9.39948],[32.95179,-9.39952],[32.95186,-9.39955],[32.95194,-9.3996],[32.95198,-9.39968],[32.95207,-9.39968],[32.95215,-9.39969]]},"properties":{"id":755034832,"cls":"path","hw":"path","tg":"na","name":"","ref":"","surface":"","sc":"unknown","speed":null,"lit":"unk","km":0.476}},
{"type":"Feature","geometry":{"type":"LineString","coordinates":[[32.95215,-9.39969],[32.95209,-9.39977],[32.95203,-9.39984],[32.95202,-9.3999],[32.95201,-9.39994],[32.95195,-9.40002],[32.95191,-9.40009],[32.95192,-9.40019],[32.95198,-9.40027],[32.95205,-9.40033],[32.95207,-9.40043],[32.95215,-9.4005],[32.95216,-9.4006],[32.95223,-9.40069],[32.95233,-9.40079],[32.95242,-9.40091],[32.9525,-9.40094],[32.95254,-9.401],[32.95258,-9.40116],[32.95264,-9.40122],[32.95267,-9.40127],[32.95281,-9.40147],[32.95289,-9.40155],[32.95296,-9.4016],[32.95306,-9.40174]]},"properties":{"id":755034836,"cls":"path","hw":"path","tg":"na","name":"","ref":"","surface":"","sc":"unknown","speed":null,"lit":"unk","km":0.284}},
{"type":"Feature","geometry":{"type":"LineString","coordinates":[[32.95191,-9.40009],[32.95183,-9.40008],[32.95174,-9.40002],[32.95167,-9.40008],[32.95159,-9.40014],[32.95155,-9.40019],[32.95148,-9.40024],[32.95145,-9.40033],[32.95143,-9.4004],[32.95139,-9.40045],[32.95138,-9.4005],[32.95132,-9.40055],[32.95129,-9.40057],[32.95128,-9.40063],[32.95121,-9.4007],[32.9512,-9.40077],[32.9512,-9.40083],[32.95119,-9.4009],[32.95105,-9.40099],[32.95098,-9.40102],[32.95092,-9.40113],[32.95085,-9.40116],[32.95078,-9.40115],[32.95063,-9.40112]]},"properties":{"id":755034837,"cls":"track","hw":"track","tg":"none","name":"","ref":"","surface":"","sc":"unknown","speed":null,"lit":"unk","km":0.216}},
{"type":"Feature","geometry":{"type":"LineString","coordinates":[[32.95378,-9.40626],[32.95391,-9.40627],[32.95403,-9.40621],[32.95424,-9.40617],[32.95431,-9.40617],[32.9544,-9.40614],[32.95445,-9.40616],[32.95456,-9.40628],[32.95464,-9.40637],[32.9547,-9.40646],[32.95475,-9.40653],[32.95481,-9.40659],[32.95481,-9.40667],[32.95482,-9.40674],[32.95484,-9.40679],[32.95489,-9.40685],[32.95492,-9.40693],[32.95495,-9.40699],[32.955,-9.40704],[32.95504,-9.4071],[32.95505,-9.4071],[32.9551,-9.40718]]},"properties":{"id":755034842,"cls":"track","hw":"track","tg":"none","name":"","ref":"","surface":"","sc":"unknown","speed":null,"lit":"unk","km":0.214}},
{"type":"Feature","geometry":{"type":"LineString","coordinates":[[32.95143,-9.4004],[32.95151,-9.40045],[32.95163,-9.40049],[32.95172,-9.40053],[32.95178,-9.40056],[32.95188,-9.40061],[32.95197,-9.40064],[32.95206,-9.40066],[32.95211,-9.40064],[32.95216,-9.4006]]},"properties":{"id":755034843,"cls":"path","hw":"path","tg":"na","name":"","ref":"","surface":"","sc":"unknown","speed":null,"lit":"unk","km":0.088}},
{"type":"Feature","geometry":{"type":"LineString","coordinates":[[32.95027,-9.40082],[32.95031,-9.40087],[32.95036,-9.40095],[32.95037,-9.401],[32.95042,-9.40104],[32.95047,-9.40108],[32.95052,-9.4011]]},"properties":{"id":755034844,"cls":"track","hw":"track","tg":"none","name":"","ref":"","surface":"","sc":"unknown","speed":null,"lit":"unk","km":0.043}},
{"type":"Feature","geometry":{"type":"LineString","coordinates":[[32.9489,-9.40058],[32.94883,-9.40066],[32.9488,-9.40071],[32.94875,-9.40074],[32.94871,-9.40077],[32.94867,-9.40081],[32.94865,-9.40083],[32.94861,-9.40084],[32.94855,-9.40086],[32.9485,-9.40089],[32.94847,-9.40091],[32.94844,-9.40094],[32.94839,-9.40099],[32.94835,-9.40102],[32.94829,-9.40106],[32.94825,-9.40109],[32.9482,-9.40113],[32.94817,-9.40115],[32.94814,-9.40122],[32.94812,-9.40125],[32.94805,-9.40133],[32.948,-9.4014],[32.94793,-9.40149],[32.94787,-9.40156],[32.94782,-9.40163],[32.94776,-9.40169],[32.9477,-9.40174],[32.94764,-9.40181],[32.94758,-9.40187],[32.94757,-9.40191],[32.94755,-9.40194],[32.94751,-9.40198],[32.94749,-9.40202],[32.94763,-9.40214],[32.94763,-9.40221],[32.94765,-9.40226],[32.9477,-9.40232],[32.94774,-9.40235],[32.94779,-9.40242],[32.94785,-9.40248],[32.94792,-9.40255],[32.94798,-9.40261],[32.94806,-9.40268],[32.94812,-9.40274],[32.94815,-9.40282],[32.94822,-9.40281],[32.94836,-9.40292],[32.94839,-9.40295],[32.94842,-9.40297],[32.94848,-9.40305],[32.94855,-9.40311],[32.94861,-9.40316],[32.94869,-9.40319],[32.94875,-9.40322],[32.9488,-9.40324],[32.94881,-9.4033],[32.94883,-9.40337],[32.94887,-9.40347],[32.94891,-9.40355],[32.94895,-9.4036],[32.94901,-9.40367],[32.94909,-9.40374],[32.94916,-9.40378],[32.94923,-9.4038],[32.94931,-9.40386],[32.9494,-9.40392],[32.94946,-9.40396],[32.94958,-9.40397],[32.94969,-9.40401],[32.94978,-9.40407],[32.94984,-9.40414],[32.9499,-9.4042],[32.94993,-9.40427]]},"properties":{"id":755034849,"cls":"track","hw":"track","tg":"none","name":"","ref":"","surface":"","sc":"unknown","speed":null,"lit":"unk","km":0.613}},
{"type":"Feature","geometry":{"type":"LineString","coordinates":[[32.94232,-9.40142],[32.94242,-9.4015],[32.94259,-9.40159],[32.94273,-9.40166],[32.9428,-9.40168],[32.94286,-9.40172],[32.94297,-9.4018],[32.94302,-9.40186],[32.94311,-9.4019],[32.94324,-9.40201],[32.94335,-9.40208],[32.94344,-9.40216],[32.9435,-9.40222],[32.94353,-9.40226],[32.94349,-9.40239],[32.94348,-9.40248],[32.94344,-9.40258],[32.94341,-9.40266],[32.94338,-9.40276],[32.94336,-9.40282],[32.94336,-9.40292],[32.94333,-9.40303],[32.94327,-9.40314],[32.94326,-9.40322],[32.94322,-9.4033],[32.9432,-9.40336],[32.94311,-9.40349],[32.94306,-9.40357],[32.94302,-9.40368],[32.943,-9.40381],[32.94301,-9.40395],[32.94302,-9.40408],[32.94304,-9.40425],[32.94307,-9.40438],[32.9431,-9.40444],[32.9431,-9.40458],[32.94314,-9.4047],[32.94315,-9.4048],[32.94317,-9.4049],[32.94319,-9.40498],[32.9432,-9.40507],[32.94323,-9.40519],[32.94324,-9.40532],[32.94337,-9.40544],[32.94344,-9.40558],[32.94354,-9.40587],[32.94361,-9.40621],[32.9437,-9.40642],[32.94385,-9.40668],[32.94398,-9.40693],[32.94412,-9.40719],[32.9442,-9.40733],[32.94435,-9.40742],[32.94441,-9.40746],[32.94446,-9.40757],[32.94452,-9.40781],[32.94458,-9.40799],[32.94463,-9.40817],[32.94468,-9.40831],[32.94471,-9.40845],[32.94475,-9.40857],[32.94476,-9.40858],[32.94484,-9.40867],[32.94484,-9.40872],[32.94483,-9.40877],[32.94484,-9.40886],[32.94488,-9.40895],[32.94497,-9.40907],[32.94497,-9.40922],[32.94501,-9.40935],[32.94509,-9.40949],[32.94514,-9.40961],[32.94515,-9.40967],[32.94523,-9.40977],[32.94525,-9.40983],[32.94525,-9.40991],[32.94524,-9.40998],[32.94524,-9.41004],[32.94531,-9.41015],[32.94536,-9.41025],[32.9454,-9.41031],[32.94545,-9.41035],[32.94549,-9.4104],[32.94551,-9.41048],[32.9455,-9.41056],[32.94548,-9.41064],[32.94552,-9.41073],[32.94556,-9.41085],[32.94561,-9.41097],[32.94562,-9.41105],[32.94565,-9.4111],[32.94569,-9.41118],[32.94576,-9.41131],[32.94585,-9.41167]]},"properties":{"id":755672829,"cls":"unclassified","hw":"unclassified","tg":"na","name":"","ref":"","surface":"unpaved","sc":"unpaved","speed":null,"lit":"unk","km":1.304}},
{"type":"Feature","geometry":{"type":"LineString","coordinates":[[32.95606,-9.42507],[32.95615,-9.42506],[32.95639,-9.42505],[32.95667,-9.42504],[32.95684,-9.42507],[32.95702,-9.42512],[32.95716,-9.42517],[32.95722,-9.42519],[32.95735,-9.42519],[32.95762,-9.42517],[32.95788,-9.42516]]},"properties":{"id":756382991,"cls":"unclassified","hw":"unclassified","tg":"na","name":"","ref":"","surface":"unpaved","sc":"unpaved","speed":null,"lit":"unk","km":0.202}},
{"type":"Feature","geometry":{"type":"LineString","coordinates":[[32.94457,-9.44491],[32.94462,-9.44497],[32.94463,-9.44502],[32.94467,-9.44508],[32.94467,-9.44519],[32.94468,-9.44528],[32.94469,-9.4454],[32.94469,-9.44546],[32.94471,-9.44553],[32.94471,-9.44562],[32.94471,-9.44566],[32.94469,-9.44573],[32.94473,-9.44584],[32.94473,-9.44595],[32.94472,-9.44611],[32.9447,-9.44624],[32.94472,-9.44631],[32.94469,-9.44646],[32.9447,-9.4465],[32.94468,-9.44663],[32.94465,-9.44673],[32.9446,-9.44683],[32.94454,-9.44693],[32.94449,-9.447],[32.94444,-9.44707],[32.94441,-9.44712],[32.94436,-9.44716],[32.94429,-9.44721],[32.94421,-9.4473],[32.94413,-9.44735],[32.94408,-9.44745],[32.94402,-9.44755],[32.944,-9.44761],[32.94395,-9.44767],[32.94392,-9.44775],[32.9439,-9.44783],[32.94387,-9.44788],[32.94379,-9.44786],[32.94373,-9.44793],[32.94372,-9.44799],[32.94368,-9.44805],[32.94364,-9.44813],[32.94359,-9.4482],[32.94356,-9.44828],[32.9435,-9.44836],[32.94347,-9.44845],[32.94343,-9.44852],[32.94337,-9.44858],[32.94333,-9.44867],[32.94328,-9.4488],[32.94337,-9.4489],[32.94347,-9.44894],[32.94366,-9.44899]]},"properties":{"id":757440396,"cls":"path","hw":"path","tg":"na","name":"","ref":"","surface":"","sc":"unknown","speed":null,"lit":"unk","km":0.543}},
{"type":"Feature","geometry":{"type":"LineString","coordinates":[[32.94676,-9.44476],[32.94678,-9.4448],[32.94678,-9.44486],[32.94681,-9.4449],[32.94681,-9.44495],[32.94684,-9.44503],[32.94685,-9.44508],[32.94685,-9.44519],[32.94687,-9.44529],[32.94686,-9.44541],[32.94685,-9.44556],[32.94685,-9.44568],[32.94685,-9.44576],[32.94685,-9.44586],[32.94681,-9.44592],[32.9468,-9.44604],[32.94678,-9.4461],[32.94677,-9.44615],[32.94676,-9.44634],[32.9467,-9.4465],[32.94673,-9.44673],[32.94674,-9.44678],[32.94676,-9.44684],[32.94678,-9.44699],[32.94679,-9.44703],[32.9468,-9.44708],[32.94685,-9.44713],[32.94686,-9.44721],[32.94686,-9.44727],[32.94693,-9.44741],[32.94695,-9.4475],[32.94695,-9.44757],[32.94698,-9.44765],[32.947,-9.44774],[32.947,-9.44785],[32.94698,-9.44795],[32.94697,-9.44807],[32.94697,-9.44812],[32.94703,-9.44819],[32.94704,-9.44835],[32.94706,-9.44845],[32.94709,-9.44852],[32.94711,-9.44858],[32.94712,-9.44866],[32.94708,-9.44877],[32.94702,-9.44887],[32.94707,-9.44896],[32.94714,-9.44896],[32.94735,-9.44888],[32.94755,-9.44881],[32.94776,-9.44873],[32.94791,-9.44871]]},"properties":{"id":757440398,"cls":"path","hw":"path","tg":"na","name":"","ref":"","surface":"","sc":"unknown","speed":null,"lit":"unk","km":0.584}},
{"type":"Feature","geometry":{"type":"LineString","coordinates":[[32.95481,-9.44893],[32.95482,-9.44906],[32.95381,-9.44865],[32.95354,-9.44854],[32.95317,-9.44838],[32.95284,-9.44823],[32.95247,-9.44811],[32.95213,-9.44804],[32.95193,-9.44802],[32.95179,-9.44805],[32.95163,-9.44809],[32.95094,-9.44809],[32.95061,-9.44809],[32.95017,-9.44812],[32.94988,-9.44818],[32.94964,-9.44818],[32.94942,-9.4482],[32.94913,-9.44827],[32.94883,-9.44834],[32.94855,-9.44841],[32.9484,-9.44849],[32.94809,-9.44863],[32.94791,-9.44871],[32.94774,-9.44885],[32.94762,-9.44896],[32.94747,-9.44911],[32.94705,-9.44925],[32.94687,-9.44953],[32.94669,-9.44999],[32.94649,-9.45041],[32.94624,-9.4509],[32.94601,-9.45136],[32.94589,-9.45153],[32.94576,-9.45177],[32.94558,-9.45207],[32.9454,-9.45251],[32.94523,-9.45294]]},"properties":{"id":757440399,"cls":"unclassified","hw":"unclassified","tg":"na","name":"","ref":"","surface":"unpaved","sc":"unpaved","speed":null,"lit":"unk","km":1.378}},
{"type":"Feature","geometry":{"type":"LineString","coordinates":[[32.95646,-9.44902],[32.95643,-9.44889],[32.95642,-9.4488],[32.95639,-9.4487],[32.95634,-9.44866],[32.95628,-9.4486],[32.95623,-9.44857],[32.95619,-9.44851],[32.95613,-9.44847],[32.95608,-9.44843],[32.95604,-9.44837],[32.95599,-9.44834],[32.9559,-9.44828],[32.95583,-9.44823],[32.95575,-9.4482],[32.95567,-9.44816],[32.95565,-9.44813],[32.95549,-9.44808],[32.95535,-9.44802],[32.95527,-9.44799],[32.95515,-9.448],[32.95508,-9.44797],[32.95501,-9.44794],[32.95492,-9.44801],[32.95487,-9.44808],[32.95481,-9.44817],[32.95472,-9.44821],[32.95452,-9.44833]]},"properties":{"id":757440402,"cls":"path","hw":"path","tg":"na","name":"","ref":"","surface":"","sc":"unknown","speed":null,"lit":"unk","km":0.286}},
{"type":"Feature","geometry":{"type":"LineString","coordinates":[[32.95642,-9.4488],[32.95643,-9.4487],[32.95652,-9.44865],[32.95661,-9.44867],[32.95674,-9.4488],[32.95683,-9.44888],[32.95691,-9.4489],[32.95697,-9.44896],[32.95707,-9.44898],[32.95708,-9.44896],[32.95717,-9.44901]]},"properties":{"id":757445861,"cls":"path","hw":"path","tg":"na","name":"","ref":"","surface":"","sc":"unknown","speed":null,"lit":"unk","km":0.11}},
{"type":"Feature","geometry":{"type":"LineString","coordinates":[[32.95279,-9.43829],[32.95288,-9.43839],[32.95295,-9.43845],[32.95311,-9.43846],[32.95344,-9.43856],[32.95355,-9.43858],[32.95391,-9.43868],[32.95407,-9.43874],[32.9542,-9.43881],[32.95424,-9.43882],[32.95439,-9.43884],[32.95447,-9.43887],[32.9547,-9.43899],[32.95487,-9.43911],[32.95503,-9.43918],[32.95515,-9.43921],[32.95525,-9.43921],[32.95532,-9.43923],[32.9554,-9.43933],[32.95554,-9.43943],[32.95569,-9.43961],[32.95574,-9.43965],[32.95612,-9.44004],[32.95636,-9.44036],[32.95639,-9.44046],[32.95642,-9.44062],[32.95645,-9.4407],[32.95651,-9.44079],[32.95697,-9.44119],[32.95749,-9.44157],[32.95782,-9.44171],[32.95795,-9.4418],[32.95808,-9.44187],[32.95837,-9.44197],[32.95885,-9.44226],[32.95918,-9.44247]]},"properties":{"id":757445862,"cls":"path","hw":"path","tg":"na","name":"","ref":"","surface":"","sc":"unknown","speed":null,"lit":"unk","km":0.874}},
{"type":"Feature","geometry":{"type":"LineString","coordinates":[[32.95156,-9.43406],[32.95184,-9.43401],[32.95192,-9.43401],[32.95204,-9.43392],[32.95216,-9.43386],[32.95231,-9.43378],[32.95249,-9.43374],[32.95263,-9.43371],[32.95273,-9.4337],[32.95288,-9.43364],[32.95301,-9.43361],[32.95318,-9.43352],[32.95334,-9.43345],[32.95352,-9.43341],[32.95369,-9.43338],[32.95382,-9.43334],[32.95396,-9.43333],[32.95413,-9.4333],[32.95426,-9.43332],[32.9544,-9.43336],[32.95459,-9.43336],[32.95475,-9.43338],[32.9549,-9.43342],[32.955,-9.43343],[32.95509,-9.43343],[32.95525,-9.43339],[32.95538,-9.43335],[32.95545,-9.43332],[32.95555,-9.43326],[32.95562,-9.4332],[32.95567,-9.43321],[32.95577,-9.43324],[32.95583,-9.4333],[32.95594,-9.43337],[32.95602,-9.43347],[32.95608,-9.43354],[32.95615,-9.43361],[32.95623,-9.43369],[32.95628,-9.43376],[32.95639,-9.43385],[32.9565,-9.43393],[32.95662,-9.43403],[32.95673,-9.43408],[32.95689,-9.43415],[32.95706,-9.43424],[32.95717,-9.43429],[32.9573,-9.43436],[32.95743,-9.43442],[32.95748,-9.43448],[32.95758,-9.43455],[32.9577,-9.43461],[32.95777,-9.43465],[32.95787,-9.43481],[32.95794,-9.4349],[32.95802,-9.43497],[32.95811,-9.43506],[32.9582,-9.43514],[32.95832,-9.43516],[32.95842,-9.43521],[32.95851,-9.43531],[32.95861,-9.43539],[32.95869,-9.43549],[32.95876,-9.43555],[32.95884,-9.43567],[32.95888,-9.43576],[32.95895,-9.43582],[32.95908,-9.43592],[32.95968,-9.43645],[32.96011,-9.43707],[32.96042,-9.4373],[32.96062,-9.43762],[32.96154,-9.43893],[32.96206,-9.43969]]},"properties":{"id":757445863,"cls":"path","hw":"path","tg":"na","name":"","ref":"","surface":"","sc":"unknown","speed":null,"lit":"unk","km":1.502}},
{"type":"Feature","geometry":{"type":"LineString","coordinates":[[32.9565,-9.43393],[32.95663,-9.43396],[32.95679,-9.43398],[32.95687,-9.434],[32.95703,-9.43399],[32.95715,-9.43397],[32.95721,-9.43395],[32.95732,-9.4339],[32.95749,-9.43392],[32.95755,-9.43391],[32.9577,-9.43383],[32.95781,-9.43376],[32.95791,-9.43372],[32.95812,-9.43367],[32.95827,-9.43363],[32.95836,-9.4336],[32.95846,-9.43358],[32.95857,-9.43354],[32.95863,-9.43353],[32.95874,-9.43348],[32.95882,-9.43342],[32.95891,-9.43341],[32.95901,-9.43338],[32.9597,-9.43322],[32.95982,-9.43289],[32.95982,-9.43253],[32.96001,-9.4323],[32.96039,-9.43224]]},"properties":{"id":757445864,"cls":"path","hw":"path","tg":"na","name":"","ref":"","surface":"","sc":"unknown","speed":null,"lit":"unk","km":0.522}},
{"type":"Feature","geometry":{"type":"LineString","coordinates":[[32.95368,-9.40776],[32.95374,-9.40784],[32.95378,-9.40788],[32.95384,-9.40792],[32.95392,-9.408],[32.95404,-9.40823],[32.95411,-9.40831],[32.95417,-9.40836],[32.95425,-9.40842],[32.95435,-9.40853],[32.95442,-9.40858],[32.95447,-9.40864],[32.95456,-9.4087],[32.95462,-9.40877],[32.95464,-9.40879],[32.95478,-9.40892],[32.95485,-9.40896],[32.95493,-9.40902],[32.95499,-9.40912],[32.95503,-9.40925],[32.95511,-9.40981],[32.95517,-9.40995],[32.95518,-9.41006],[32.95522,-9.4102],[32.95534,-9.41044],[32.95537,-9.41064],[32.95536,-9.41078]]},"properties":{"id":757448334,"cls":"track","hw":"track","tg":"none","name":"","ref":"","surface":"","sc":"unknown","speed":null,"lit":"unk","km":0.403}},
{"type":"Feature","geometry":{"type":"LineString","coordinates":[[32.95349,-9.40732],[32.95354,-9.40748],[32.95356,-9.40759],[32.95361,-9.40767],[32.95368,-9.40776]]},"properties":{"id":757941784,"cls":"track","hw":"track","tg":"none","name":"","ref":"","surface":"","sc":"unknown","speed":null,"lit":"unk","km":0.054}},
{"type":"Feature","geometry":{"type":"LineString","coordinates":[[32.95376,-9.40729],[32.9537,-9.40757],[32.95368,-9.40776]]},"properties":{"id":757941785,"cls":"track","hw":"track","tg":"none","name":"","ref":"","surface":"","sc":"unknown","speed":null,"lit":"unk","km":0.053}},
{"type":"Feature","geometry":{"type":"LineString","coordinates":[[32.94266,-9.42031],[32.94302,-9.42022],[32.94322,-9.42016],[32.94332,-9.42012],[32.94348,-9.42005],[32.94361,-9.42001]]},"properties":{"id":757948490,"cls":"path","hw":"path","tg":"na","name":"","ref":"","surface":"","sc":"unknown","speed":null,"lit":"unk","km":0.11}},
{"type":"Feature","geometry":{"type":"LineString","coordinates":[[32.95102,-9.41434],[32.95097,-9.41442],[32.9509,-9.41446],[32.95078,-9.41445],[32.9507,-9.41447],[32.95057,-9.41446],[32.95042,-9.41445],[32.95029,-9.41447],[32.95014,-9.41449],[32.94993,-9.41454],[32.94976,-9.41458],[32.94972,-9.41459],[32.94966,-9.4146],[32.94956,-9.41463],[32.94936,-9.41471],[32.94921,-9.41475],[32.94907,-9.4148],[32.94882,-9.4149],[32.94868,-9.41497],[32.94853,-9.41507],[32.94845,-9.41515],[32.94838,-9.41523],[32.94826,-9.41539],[32.94818,-9.41545],[32.94802,-9.41557],[32.94792,-9.41566],[32.94775,-9.41574],[32.94767,-9.4158],[32.94759,-9.41581],[32.94758,-9.41581],[32.94742,-9.41579],[32.94726,-9.41576],[32.94708,-9.41574],[32.94694,-9.41572],[32.94679,-9.41569],[32.94665,-9.41564],[32.94652,-9.41555],[32.94647,-9.41554],[32.94644,-9.41553],[32.94635,-9.41553],[32.94623,-9.41549],[32.94608,-9.41548],[32.94582,-9.41548],[32.94564,-9.41549],[32.94519,-9.4155]]},"properties":{"id":757950005,"cls":"track","hw":"track","tg":"none","name":"","ref":"","surface":"","sc":"unknown","speed":null,"lit":"unk","km":0.697}},
{"type":"Feature","geometry":{"type":"LineString","coordinates":[[32.94283,-9.4208],[32.94276,-9.42087],[32.94271,-9.42091],[32.94264,-9.42097],[32.94258,-9.42106],[32.94252,-9.42118],[32.94237,-9.42123]]},"properties":{"id":757973867,"cls":"unclassified","hw":"unclassified","tg":"na","name":"","ref":"","surface":"unpaved","sc":"unpaved","speed":null,"lit":"unk","km":0.072}},
{"type":"Feature","geometry":{"type":"LineString","coordinates":[[32.94329,-9.42176],[32.94334,-9.42172],[32.94349,-9.42159],[32.94362,-9.42148],[32.94376,-9.42134],[32.94394,-9.42132],[32.94418,-9.4213],[32.94442,-9.42128],[32.94445,-9.42125],[32.94446,-9.42121],[32.94445,-9.42113],[32.94447,-9.42091]]},"properties":{"id":757973868,"cls":"path","hw":"path","tg":"na","name":"","ref":"","surface":"","sc":"unknown","speed":null,"lit":"unk","km":0.185}},
{"type":"Feature","geometry":{"type":"LineString","coordinates":[[32.9451,-9.42637],[32.9454,-9.42633],[32.94564,-9.42631],[32.9458,-9.42631],[32.94586,-9.4263],[32.94592,-9.42627],[32.94595,-9.42625],[32.94604,-9.42619],[32.94628,-9.4261],[32.94634,-9.42609],[32.94647,-9.42607],[32.94652,-9.42605],[32.94667,-9.42595],[32.94686,-9.42585],[32.94715,-9.42566],[32.94734,-9.42549],[32.94754,-9.42531],[32.94759,-9.42528],[32.94783,-9.42507],[32.9483,-9.42468],[32.9484,-9.42462],[32.94845,-9.4246],[32.94868,-9.42452],[32.94884,-9.42444]]},"properties":{"id":757973869,"cls":"unclassified","hw":"unclassified","tg":"na","name":"","ref":"","surface":"unpaved","sc":"unpaved","speed":null,"lit":"unk","km":0.476}},
{"type":"Feature","geometry":{"type":"LineString","coordinates":[[32.94314,-9.42189],[32.94306,-9.42195],[32.94293,-9.42208],[32.9429,-9.42213],[32.94283,-9.42218],[32.94263,-9.42237],[32.94251,-9.42249],[32.94237,-9.4226],[32.94202,-9.42282],[32.94189,-9.42295],[32.9418,-9.42311],[32.94168,-9.42327]]},"properties":{"id":757973871,"cls":"unclassified","hw":"unclassified","tg":"na","name":"","ref":"","surface":"unpaved","sc":"unpaved","speed":null,"lit":"unk","km":0.224}},
{"type":"Feature","geometry":{"type":"LineString","coordinates":[[32.9417,-9.42388],[32.94167,-9.4236],[32.94167,-9.42339],[32.94168,-9.42327],[32.94168,-9.42322],[32.94169,-9.42314],[32.9417,-9.42291],[32.94175,-9.42271],[32.94181,-9.42252],[32.94197,-9.42207],[32.94204,-9.42192],[32.94213,-9.42171],[32.94219,-9.4216],[32.94223,-9.42152],[32.94237,-9.42123],[32.94246,-9.42106],[32.94256,-9.42074],[32.94257,-9.42069],[32.9426,-9.42055],[32.94266,-9.42031],[32.94273,-9.4201],[32.94279,-9.41994],[32.94283,-9.41982],[32.94288,-9.41964],[32.9429,-9.41959],[32.94292,-9.41951],[32.94302,-9.41934],[32.94304,-9.41915],[32.94308,-9.41899],[32.94312,-9.41881],[32.94315,-9.41874],[32.94317,-9.41871],[32.94319,-9.41843],[32.94321,-9.41811],[32.94324,-9.41792],[32.94327,-9.41776],[32.94327,-9.41753],[32.94329,-9.41745],[32.94331,-9.41733],[32.94337,-9.41712],[32.94339,-9.41703],[32.94348,-9.41689],[32.94361,-9.4167],[32.94366,-9.41663],[32.94371,-9.41654],[32.94391,-9.41635],[32.94407,-9.4162],[32.94429,-9.41606],[32.94456,-9.4159],[32.94493,-9.41567],[32.94519,-9.4155],[32.94563,-9.41521],[32.94593,-9.41503],[32.94607,-9.41495],[32.94609,-9.41493],[32.94623,-9.41484],[32.94632,-9.41477],[32.94634,-9.41476],[32.94659,-9.41457],[32.94684,-9.41432],[32.9471,-9.41405],[32.94728,-9.41384],[32.94734,-9.41381],[32.94738,-9.41372],[32.9474,-9.41369],[32.9475,-9.41357],[32.94761,-9.41339],[32.94774,-9.41316],[32.94776,-9.41303],[32.94776,-9.41293]]},"properties":{"id":757975259,"cls":"unclassified","hw":"unclassified","tg":"na","name":"","ref":"","surface":"unpaved","sc":"unpaved","speed":null,"lit":"unk","km":1.473}},
{"type":"Feature","geometry":{"type":"LineString","coordinates":[[32.9417,-9.42388],[32.9419,-9.42382],[32.94196,-9.42379],[32.94201,-9.42378],[32.94239,-9.42377],[32.94277,-9.42377],[32.94283,-9.42377],[32.94288,-9.42375],[32.94294,-9.42375],[32.94321,-9.42377],[32.94318,-9.42364],[32.94315,-9.42358],[32.94313,-9.42354],[32.94307,-9.42349],[32.943,-9.42344],[32.94293,-9.42341],[32.94288,-9.42337],[32.94279,-9.4233],[32.94276,-9.42325],[32.94275,-9.42319],[32.94275,-9.42312],[32.94275,-9.42304],[32.94274,-9.42297],[32.94274,-9.42289],[32.94274,-9.42282],[32.94274,-9.42279],[32.94274,-9.42274],[32.94277,-9.42268],[32.94282,-9.42261],[32.94291,-9.42252],[32.94298,-9.42246]]},"properties":{"id":757975260,"cls":"path","hw":"path","tg":"na","name":"","ref":"","surface":"","sc":"unknown","speed":null,"lit":"unk","km":0.346}},
{"type":"Feature","geometry":{"type":"LineString","coordinates":[[32.9554,-9.42845],[32.95531,-9.42849],[32.95525,-9.4285],[32.95511,-9.42854],[32.95501,-9.42855],[32.95493,-9.42855],[32.95477,-9.42857],[32.95453,-9.4286],[32.95449,-9.42862],[32.95442,-9.42867],[32.95433,-9.42878],[32.95422,-9.42884],[32.95414,-9.42892],[32.95406,-9.42898],[32.95398,-9.42901],[32.95384,-9.42909],[32.95372,-9.42913],[32.95361,-9.42918],[32.95351,-9.42924],[32.95341,-9.42929],[32.95309,-9.42935],[32.95287,-9.4294],[32.95266,-9.42947],[32.9524,-9.42949],[32.9523,-9.42952],[32.95225,-9.42965],[32.95219,-9.42978],[32.95212,-9.42993],[32.95206,-9.43004],[32.95198,-9.43015],[32.95192,-9.43024],[32.95186,-9.43038],[32.95181,-9.4305],[32.95175,-9.43059],[32.95175,-9.43065],[32.9517,-9.4307],[32.95167,-9.43072],[32.9516,-9.4309],[32.95152,-9.43105],[32.95152,-9.43111],[32.95148,-9.43119],[32.95145,-9.43122],[32.95139,-9.43137],[32.95136,-9.43141],[32.95132,-9.43147],[32.95124,-9.43156],[32.95121,-9.43158],[32.95099,-9.43161],[32.95087,-9.43162],[32.9508,-9.43163],[32.95067,-9.43167],[32.95064,-9.43171]]},"properties":{"id":758209344,"cls":"track","hw":"track","tg":"none","name":"","ref":"","surface":"","sc":"unknown","speed":null,"lit":"unk","km":0.698}},
{"type":"Feature","geometry":{"type":"LineString","coordinates":[[32.94696,-9.42439],[32.94706,-9.42448],[32.94713,-9.42455],[32.94721,-9.42464],[32.9473,-9.4247],[32.94735,-9.42476],[32.94742,-9.42484],[32.94744,-9.42491],[32.94747,-9.42498],[32.94751,-9.42502],[32.94752,-9.42509],[32.94755,-9.42514],[32.94759,-9.42528]]},"properties":{"id":758217696,"cls":"track","hw":"track","tg":"none","name":"","ref":"","surface":"","sc":"unknown","speed":null,"lit":"unk","km":0.125}},
{"type":"Feature","geometry":{"type":"LineString","coordinates":[[32.94177,-9.42688],[32.94217,-9.42678],[32.94223,-9.42674],[32.94227,-9.42672],[32.94234,-9.42672],[32.94248,-9.42669],[32.94277,-9.42659],[32.94294,-9.42655],[32.94314,-9.4265],[32.94331,-9.42645],[32.94368,-9.42633],[32.94376,-9.42631],[32.94426,-9.42624],[32.94457,-9.42625],[32.94475,-9.42628],[32.94501,-9.42633]]},"properties":{"id":758217697,"cls":"track","hw":"track","tg":"none","name":"","ref":"","surface":"","sc":"unknown","speed":null,"lit":"unk","km":0.367}},
{"type":"Feature","geometry":{"type":"LineString","coordinates":[[32.94734,-9.42549],[32.94736,-9.42561],[32.9474,-9.42566],[32.94745,-9.4258],[32.94759,-9.42609],[32.9476,-9.42614],[32.94761,-9.42622],[32.94766,-9.42641],[32.94772,-9.42657],[32.94775,-9.42673],[32.94782,-9.42695],[32.94788,-9.42713],[32.9479,-9.42725],[32.9479,-9.42735],[32.94791,-9.42754],[32.94797,-9.42779],[32.94805,-9.4281],[32.94815,-9.42848],[32.94823,-9.42871],[32.9483,-9.42879],[32.94845,-9.42911],[32.94846,-9.4292]]},"properties":{"id":758217698,"cls":"track","hw":"track","tg":"none","name":"","ref":"","surface":"","sc":"unknown","speed":null,"lit":"unk","km":0.435}},
{"type":"Feature","geometry":{"type":"LineString","coordinates":[[32.94873,-9.4296],[32.9487,-9.42975],[32.94865,-9.42988],[32.94859,-9.43001],[32.94857,-9.43009],[32.94856,-9.43013],[32.94856,-9.43019]]},"properties":{"id":758217699,"cls":"path","hw":"path","tg":"na","name":"","ref":"","surface":"","sc":"unknown","speed":null,"lit":"unk","km":0.069}},
{"type":"Feature","geometry":{"type":"LineString","coordinates":[[32.94745,-9.43227],[32.94749,-9.43216],[32.94752,-9.43214],[32.9476,-9.43213],[32.94769,-9.43208],[32.94785,-9.43195],[32.94795,-9.43188],[32.94805,-9.43182],[32.94811,-9.43176],[32.94817,-9.43169],[32.94825,-9.43159],[32.94831,-9.43135],[32.94833,-9.43119],[32.94843,-9.43116],[32.94852,-9.43113],[32.94857,-9.43104],[32.94865,-9.43095],[32.94876,-9.43074],[32.94881,-9.43066],[32.94886,-9.43063],[32.94886,-9.43057]]},"properties":{"id":758217702,"cls":"path","hw":"path","tg":"na","name":"","ref":"","surface":"","sc":"unknown","speed":null,"lit":"unk","km":0.262}},
{"type":"Feature","geometry":{"type":"LineString","coordinates":[[32.94856,-9.43019],[32.94855,-9.43024],[32.94847,-9.43034],[32.94852,-9.43039],[32.94852,-9.43041],[32.94847,-9.43067],[32.94841,-9.43081],[32.94839,-9.43091],[32.94837,-9.43099],[32.94836,-9.4311],[32.94834,-9.43115],[32.94833,-9.43119]]},"properties":{"id":758220458,"cls":"path","hw":"path","tg":"na","name":"","ref":"","surface":"","sc":"unknown","speed":null,"lit":"unk","km":0.12}},
{"type":"Feature","geometry":{"type":"LineString","coordinates":[[32.94331,-9.42645],[32.94326,-9.42658],[32.94317,-9.42672],[32.94304,-9.42686],[32.94293,-9.42697],[32.94286,-9.42707],[32.94269,-9.42728],[32.94255,-9.4274],[32.9425,-9.42744],[32.94246,-9.42748],[32.9423,-9.4277],[32.94225,-9.42775],[32.94219,-9.42781],[32.94216,-9.42788],[32.94214,-9.42792],[32.94206,-9.42798],[32.942,-9.42805],[32.94192,-9.42809],[32.94184,-9.42816],[32.9417,-9.42828],[32.94164,-9.4284],[32.94154,-9.42848],[32.94151,-9.42853],[32.94146,-9.42864],[32.94143,-9.42866],[32.94137,-9.42866],[32.94135,-9.42868],[32.9413,-9.42871]]},"properties":{"id":758220459,"cls":"track","hw":"track","tg":"none","name":"","ref":"","surface":"","sc":"unknown","speed":null,"lit":"unk","km":0.342}},
{"type":"Feature","geometry":{"type":"LineString","coordinates":[[32.94075,-9.42846],[32.94089,-9.42845],[32.94118,-9.42842],[32.94124,-9.42844]]},"properties":{"id":758220465,"cls":"track","hw":"track","tg":"none","name":"","ref":"","surface":"","sc":"unknown","speed":null,"lit":"unk","km":0.054}},
{"type":"Feature","geometry":{"type":"LineString","coordinates":[[32.95051,-9.43169],[32.95047,-9.43164],[32.95045,-9.4316],[32.95041,-9.43157],[32.95029,-9.43153],[32.95015,-9.43144],[32.95004,-9.43138],[32.94994,-9.43135],[32.94977,-9.43132],[32.9496,-9.43132],[32.94958,-9.43135],[32.94941,-9.4314],[32.94923,-9.43152],[32.94916,-9.43155],[32.94901,-9.43164],[32.94896,-9.43167],[32.9489,-9.43166],[32.94876,-9.43168],[32.94873,-9.43167],[32.94866,-9.4317],[32.9486,-9.43172],[32.94853,-9.43171],[32.94847,-9.4317],[32.94841,-9.43171],[32.94836,-9.43171],[32.9483,-9.43172],[32.94823,-9.4317],[32.94817,-9.43169]]},"properties":{"id":758225513,"cls":"path","hw":"path","tg":"na","name":"","ref":"","surface":"","sc":"unknown","speed":null,"lit":"unk","km":0.283}},
{"type":"Feature","geometry":{"type":"LineString","coordinates":[[32.95051,-9.43169],[32.95046,-9.43174],[32.95035,-9.43185],[32.95015,-9.43202]]},"properties":{"id":758225514,"cls":"service","hw":"service","tg":"na","name":"","ref":"","surface":"","sc":"unknown","speed":null,"lit":"unk","km":0.054}},
{"type":"Feature","geometry":{"type":"LineString","coordinates":[[32.94271,-9.43484],[32.94277,-9.43466],[32.94292,-9.4343],[32.94294,-9.43414],[32.94304,-9.43396],[32.94315,-9.43364],[32.94318,-9.43354],[32.9434,-9.43315],[32.9435,-9.43303],[32.94363,-9.43294],[32.94381,-9.43285],[32.94385,-9.4328],[32.94398,-9.43268],[32.94402,-9.43263],[32.94406,-9.43254],[32.94417,-9.43233],[32.94427,-9.43215],[32.9443,-9.43214],[32.94438,-9.43209],[32.94445,-9.43214],[32.94453,-9.43215],[32.94474,-9.43213],[32.94504,-9.43218],[32.94521,-9.43226],[32.94534,-9.43228],[32.94549,-9.43234],[32.94583,-9.43234],[32.94619,-9.43227],[32.94646,-9.43229],[32.94657,-9.43228],[32.94668,-9.43231],[32.94708,-9.4323],[32.94728,-9.43228],[32.94733,-9.43226],[32.94738,-9.43226],[32.94743,-9.43227],[32.94745,-9.43227]]},"properties":{"id":758225520,"cls":"path","hw":"path","tg":"na","name":"","ref":"","surface":"","sc":"unknown","speed":null,"lit":"unk","km":0.713}},
{"type":"Feature","geometry":{"type":"LineString","coordinates":[[32.94076,-9.4371],[32.9406,-9.43682],[32.94046,-9.43652],[32.94031,-9.43628],[32.94018,-9.43618],[32.94006,-9.43604],[32.93998,-9.43588],[32.93977,-9.4356],[32.93965,-9.43548],[32.93953,-9.43534],[32.93941,-9.43516],[32.93934,-9.43493],[32.93934,-9.43482],[32.93938,-9.43468],[32.93942,-9.43459],[32.93943,-9.43449],[32.93944,-9.43438],[32.93949,-9.43413],[32.9396,-9.4338],[32.93965,-9.43351],[32.93964,-9.4333],[32.93967,-9.43317],[32.93978,-9.43294],[32.93995,-9.43277],[32.93997,-9.43275],[32.94008,-9.43251],[32.94009,-9.43247],[32.94022,-9.43219],[32.94024,-9.43206],[32.94025,-9.432],[32.94034,-9.43183],[32.94035,-9.4318],[32.94031,-9.43175],[32.94032,-9.4317],[32.94064,-9.43122],[32.94086,-9.43074],[32.94095,-9.43054],[32.94107,-9.43033]]},"properties":{"id":758230825,"cls":"residential","hw":"residential","tg":"na","name":"","ref":"","surface":"","sc":"unknown","speed":null,"lit":"unk","km":0.85}},
{"type":"Feature","geometry":{"type":"LineString","coordinates":[[32.93855,-9.44382],[32.93867,-9.44379],[32.9387,-9.44387],[32.93877,-9.44394],[32.93927,-9.44395],[32.93965,-9.44409],[32.94051,-9.44428],[32.94124,-9.44443],[32.9419,-9.44452],[32.94211,-9.44445],[32.94275,-9.44447],[32.94351,-9.44477],[32.94402,-9.44481],[32.94428,-9.44494],[32.94457,-9.44491],[32.94488,-9.44488],[32.9454,-9.44497],[32.94552,-9.44491],[32.94638,-9.44494],[32.94668,-9.44478],[32.94676,-9.44476]]},"properties":{"id":758443423,"cls":"path","hw":"path","tg":"na","name":"","ref":"","surface":"","sc":"unknown","speed":null,"lit":"unk","km":0.937}},
{"type":"Feature","geometry":{"type":"LineString","coordinates":[[32.93955,-9.44011],[32.93963,-9.44006],[32.93978,-9.44001],[32.93992,-9.43997],[32.94007,-9.43994],[32.94018,-9.4399],[32.9403,-9.43989],[32.94041,-9.43987],[32.94048,-9.43983],[32.94057,-9.4398],[32.9407,-9.43976],[32.94073,-9.43972],[32.94077,-9.4397],[32.94084,-9.43962],[32.94087,-9.43959],[32.94093,-9.4396]]},"properties":{"id":758443426,"cls":"path","hw":"path","tg":"na","name":"","ref":"","surface":"","sc":"unknown","speed":null,"lit":"unk","km":0.167}},
{"type":"Feature","geometry":{"type":"LineString","coordinates":[[32.94676,-9.44476],[32.94684,-9.44478],[32.94688,-9.44478],[32.94695,-9.4448],[32.9471,-9.44483],[32.94726,-9.4448],[32.9474,-9.44479],[32.94755,-9.44477],[32.9476,-9.44474],[32.94772,-9.44466],[32.94786,-9.44459],[32.94805,-9.44451],[32.94819,-9.44448],[32.94831,-9.44439],[32.9484,-9.44434],[32.94849,-9.4443],[32.94861,-9.44427],[32.94874,-9.44422],[32.9488,-9.44422],[32.94886,-9.44421],[32.94895,-9.44421],[32.94901,-9.44419],[32.94914,-9.44417],[32.94923,-9.44416],[32.94933,-9.44414],[32.94939,-9.44414],[32.94944,-9.44411],[32.94958,-9.44409],[32.94974,-9.44403],[32.94985,-9.44398],[32.94998,-9.44396],[32.9501,-9.4439],[32.95018,-9.44386],[32.9503,-9.44382],[32.95036,-9.4438],[32.95042,-9.44379],[32.95049,-9.44377],[32.95059,-9.44374]]},"properties":{"id":758443434,"cls":"unclassified","hw":"unclassified","tg":"na","name":"","ref":"","surface":"unpaved","sc":"unpaved","speed":null,"lit":"unk","km":0.446}},
{"type":"Feature","geometry":{"type":"LineString","coordinates":[[32.95343,-9.48807],[32.95358,-9.4882],[32.95369,-9.48827],[32.95376,-9.48834]]},"properties":{"id":772411717,"cls":"path","hw":"path","tg":"na","name":"","ref":"","surface":"","sc":"unknown","speed":null,"lit":"unk","km":0.047}},
{"type":"Feature","geometry":{"type":"LineString","coordinates":[[32.95795,-9.48165],[32.95802,-9.48208]]},"properties":{"id":772411718,"cls":"path","hw":"path","tg":"na","name":"","ref":"","surface":"","sc":"unknown","speed":null,"lit":"unk","km":0.048}},
{"type":"Feature","geometry":{"type":"LineString","coordinates":[[32.96232,-9.39878],[32.96205,-9.39878],[32.9618,-9.39867],[32.96171,-9.39861],[32.96157,-9.39864],[32.96144,-9.39857],[32.96135,-9.3986],[32.96125,-9.39858],[32.96101,-9.39873],[32.96081,-9.39869],[32.96071,-9.39864],[32.96049,-9.39849],[32.96031,-9.39841],[32.96007,-9.39836],[32.95969,-9.39831],[32.95946,-9.39831],[32.95932,-9.39828],[32.95918,-9.39832]]},"properties":{"id":789762241,"cls":"path","hw":"path","tg":"na","name":"","ref":"","surface":"","sc":"unknown","speed":null,"lit":"unk","km":0.368}},
{"type":"Feature","geometry":{"type":"LineString","coordinates":[[32.96644,-9.39917],[32.96638,-9.39907],[32.96633,-9.39902],[32.96617,-9.39884],[32.96612,-9.39879],[32.96608,-9.39867],[32.96608,-9.39854],[32.96616,-9.39809],[32.96618,-9.39793],[32.96625,-9.39772],[32.96626,-9.39764],[32.96636,-9.3974],[32.96662,-9.39706],[32.96681,-9.39669],[32.9672,-9.39585],[32.96725,-9.39568],[32.96739,-9.39539]]},"properties":{"id":789763342,"cls":"path","hw":"path","tg":"na","name":"","ref":"","surface":"","sc":"unknown","speed":null,"lit":"unk","km":0.466}},
{"type":"Feature","geometry":{"type":"LineString","coordinates":[[32.96173,-9.48575],[32.96189,-9.48571],[32.96203,-9.48566],[32.96242,-9.48557],[32.96253,-9.48554],[32.96315,-9.48533],[32.96345,-9.48522],[32.96374,-9.48511],[32.96396,-9.48504],[32.9644,-9.48491],[32.96487,-9.48476],[32.96501,-9.48472],[32.96537,-9.48457],[32.96563,-9.48448],[32.96601,-9.48436],[32.9664,-9.48424],[32.96662,-9.48418],[32.96708,-9.48411],[32.96764,-9.484],[32.96765,-9.484],[32.96773,-9.48398],[32.96787,-9.48395],[32.96791,-9.48394],[32.96808,-9.48391],[32.96874,-9.48379],[32.96907,-9.48373],[32.96928,-9.48371],[32.96957,-9.48369],[32.96979,-9.48365],[32.96993,-9.48363],[32.97023,-9.48362],[32.97043,-9.48362],[32.97072,-9.48363],[32.97116,-9.48366],[32.97176,-9.48368],[32.97218,-9.48367],[32.97254,-9.4837],[32.97275,-9.4837],[32.97295,-9.48372],[32.9733,-9.48372],[32.97354,-9.48376],[32.97381,-9.48377],[32.97428,-9.48379],[32.97441,-9.4838],[32.97478,-9.48382],[32.97557,-9.48385],[32.97625,-9.48387],[32.97661,-9.48388],[32.97713,-9.48385],[32.97745,-9.48383],[32.97777,-9.4838],[32.9784,-9.48375],[32.97902,-9.48369],[32.97918,-9.48366],[32.97928,-9.48363],[32.97948,-9.48353],[32.98,-9.48323],[32.98006,-9.4832],[32.98027,-9.4831],[32.9805,-9.48301],[32.98059,-9.48297],[32.98118,-9.48264],[32.98165,-9.48237],[32.98223,-9.48207],[32.98241,-9.48197],[32.98267,-9.48183],[32.98275,-9.4818],[32.98292,-9.48177],[32.98302,-9.48174],[32.98319,-9.48165],[32.98353,-9.48147],[32.98394,-9.48125],[32.98433,-9.48109]]},"properties":{"id":789849998,"cls":"unclassified","hw":"unclassified","tg":"na","name":"","ref":"","surface":"","sc":"unknown","speed":null,"lit":"unk","km":2.585}},
{"type":"Feature","geometry":{"type":"LineString","coordinates":[[32.98433,-9.48109],[32.98479,-9.48087],[32.98519,-9.4807],[32.98551,-9.48054],[32.98591,-9.48037],[32.98653,-9.4801],[32.98661,-9.48007],[32.98684,-9.47998],[32.98704,-9.47987],[32.98747,-9.4797],[32.98758,-9.47965],[32.98787,-9.47954],[32.98818,-9.47942],[32.98847,-9.47924],[32.98884,-9.47904],[32.98947,-9.47869],[32.98986,-9.47847],[32.99011,-9.47833],[32.99058,-9.47808],[32.99091,-9.47787],[32.99094,-9.47783],[32.99169,-9.47743],[32.99186,-9.47736],[32.99232,-9.47716],[32.99265,-9.47702],[32.99293,-9.47694],[32.99297,-9.47693],[32.99345,-9.47673],[32.99422,-9.47634],[32.9946,-9.47622],[32.99499,-9.47609],[32.99518,-9.47599],[32.99542,-9.4759],[32.99546,-9.47588],[32.99558,-9.47585],[32.99569,-9.4758],[32.9958,-9.47577],[32.99591,-9.4757],[32.99616,-9.4756],[32.99644,-9.47545],[32.99681,-9.4753],[32.99693,-9.47523],[32.99701,-9.47518],[32.99724,-9.47502],[32.9976,-9.4748],[32.99779,-9.47462],[32.99806,-9.47445],[32.99826,-9.47432],[32.99827,-9.47429],[32.9985,-9.47409],[32.99874,-9.47394],[32.99885,-9.47377],[32.999,-9.4734],[32.99914,-9.47296],[32.99921,-9.47278],[32.99926,-9.47271],[32.99937,-9.4724],[32.99952,-9.47206],[32.9997,-9.47161],[32.99985,-9.47125],[32.99997,-9.47085],[33.0001,-9.47054],[33.00022,-9.4703],[33.00014,-9.47003],[33.00007,-9.46984],[33.00006,-9.46971],[33.00005,-9.46946],[33.00007,-9.46928],[33.00005,-9.46909],[33.00007,-9.46881],[33.00004,-9.46859],[32.99999,-9.46836],[32.99991,-9.46828],[32.99997,-9.46814],[33.00002,-9.468],[32.99997,-9.46792]]},"properties":{"id":789850020,"cls":"unclassified","hw":"unclassified","tg":"na","name":"","ref":"","surface":"","sc":"unknown","speed":null,"lit":"unk","km":2.492}},
{"type":"Feature","geometry":{"type":"LineString","coordinates":[[32.95918,-9.44247],[32.95927,-9.44252],[32.95943,-9.4426],[32.95969,-9.44272],[32.96001,-9.44288],[32.96024,-9.44304],[32.96068,-9.44317],[32.96115,-9.44327],[32.96142,-9.44332],[32.96176,-9.44342],[32.962,-9.44351],[32.96209,-9.44351],[32.96218,-9.44356],[32.96258,-9.44371],[32.96275,-9.44377],[32.9629,-9.44376],[32.963,-9.44368],[32.96319,-9.44367],[32.9632,-9.44372]]},"properties":{"id":789858417,"cls":"path","hw":"path","tg":"na","name":"","ref":"","surface":"","sc":"unknown","speed":null,"lit":"unk","km":0.478}},
{"type":"Feature","geometry":{"type":"LineString","coordinates":[[32.96312,-9.44409],[32.96303,-9.44429],[32.96292,-9.44438],[32.9628,-9.44447],[32.96266,-9.44455],[32.96249,-9.44471],[32.96242,-9.44477],[32.96233,-9.44495],[32.96216,-9.44516],[32.96197,-9.44538],[32.96167,-9.44558],[32.96152,-9.44579],[32.96133,-9.44589],[32.96108,-9.4461],[32.96069,-9.44626],[32.96033,-9.44638],[32.96001,-9.44655],[32.95952,-9.44666],[32.95922,-9.44653],[32.95899,-9.4466]]},"properties":{"id":789858418,"cls":"path","hw":"path","tg":"na","name":"","ref":"","surface":"","sc":"unknown","speed":null,"lit":"unk","km":0.568}},
{"type":"Feature","geometry":{"type":"LineString","coordinates":[[32.97213,-9.44275],[32.97216,-9.44283],[32.9722,-9.44282],[32.97223,-9.44285],[32.9723,-9.44283],[32.97234,-9.44282],[32.97236,-9.44274],[32.97251,-9.44271],[32.97274,-9.44261],[32.973,-9.44247],[32.97326,-9.44251],[32.97343,-9.44255],[32.97353,-9.44255],[32.97369,-9.44243],[32.97394,-9.44227],[32.97423,-9.44213],[32.97464,-9.44185],[32.97477,-9.44166],[32.97493,-9.44163],[32.97506,-9.44147],[32.97514,-9.44142],[32.97528,-9.44124],[32.97529,-9.44119],[32.97531,-9.44116],[32.9756,-9.44078],[32.97575,-9.44085],[32.97579,-9.44083],[32.97586,-9.44064],[32.97597,-9.44041],[32.97608,-9.43991],[32.97628,-9.43933],[32.9763,-9.43925],[32.97637,-9.43914],[32.97635,-9.43884],[32.97636,-9.43852],[32.97634,-9.43843],[32.97637,-9.43824],[32.97638,-9.43813],[32.97642,-9.43804],[32.97644,-9.43799],[32.97649,-9.43775],[32.97651,-9.43758],[32.97651,-9.4375],[32.97655,-9.43734],[32.97656,-9.4371],[32.97656,-9.43699],[32.97658,-9.43671],[32.97677,-9.43656],[32.9769,-9.43656],[32.9771,-9.43626],[32.97732,-9.43624],[32.97746,-9.4361],[32.97771,-9.43609],[32.97784,-9.43593],[32.97795,-9.43584],[32.97827,-9.4351],[32.97851,-9.43478],[32.9789,-9.43467],[32.97917,-9.43434],[32.97927,-9.434],[32.97947,-9.43383],[32.97982,-9.43375],[32.98007,-9.4336],[32.98053,-9.4335],[32.98072,-9.43347],[32.98096,-9.43347],[32.98138,-9.43324],[32.98169,-9.43306],[32.98204,-9.43279],[32.98231,-9.43274]]},"properties":{"id":789858426,"cls":"path","hw":"path","tg":"na","name":"","ref":"","surface":"","sc":"unknown","speed":null,"lit":"unk","km":1.81}},
{"type":"Feature","geometry":{"type":"LineString","coordinates":[[32.98103,-9.37516],[32.98095,-9.37515],[32.98087,-9.37512],[32.98082,-9.37509],[32.98078,-9.37507],[32.98072,-9.37504],[32.98065,-9.375],[32.98058,-9.37498],[32.98048,-9.37498],[32.98042,-9.37498],[32.9803,-9.37493],[32.98023,-9.37488],[32.98016,-9.37486],[32.98009,-9.3748],[32.98006,-9.37476],[32.98001,-9.37471],[32.97998,-9.37466],[32.97989,-9.37453],[32.97984,-9.3745]]},"properties":{"id":791178394,"cls":"path","hw":"path","tg":"na","name":"","ref":"","surface":"","sc":"unknown","speed":null,"lit":"unk","km":0.157}},
{"type":"Feature","geometry":{"type":"LineString","coordinates":[[32.98024,-9.3792],[32.98034,-9.37892],[32.98043,-9.3788],[32.98057,-9.37865],[32.98062,-9.37856],[32.98068,-9.37848],[32.98076,-9.37838],[32.9808,-9.37837],[32.98083,-9.37839],[32.98091,-9.37835],[32.98098,-9.37828]]},"properties":{"id":791178398,"cls":"path","hw":"path","tg":"na","name":"","ref":"","surface":"","sc":"unknown","speed":null,"lit":"unk","km":0.138}},
{"type":"Feature","geometry":{"type":"LineString","coordinates":[[32.98002,-9.37695],[32.98002,-9.37689],[32.98005,-9.37682],[32.98007,-9.37677],[32.98011,-9.37671],[32.98019,-9.37659],[32.98026,-9.37651],[32.9803,-9.37647],[32.9804,-9.37633],[32.98057,-9.37597],[32.98063,-9.37579],[32.98068,-9.37562],[32.98074,-9.37546],[32.98077,-9.37529],[32.98078,-9.37519]]},"properties":{"id":791178401,"cls":"path","hw":"path","tg":"na","name":"","ref":"","surface":"","sc":"unknown","speed":null,"lit":"unk","km":0.216}},
{"type":"Feature","geometry":{"type":"LineString","coordinates":[[32.94531,-9.46152],[32.94539,-9.46153],[32.94543,-9.46152],[32.94559,-9.46133],[32.94588,-9.46113],[32.94594,-9.46109],[32.94601,-9.46102],[32.94607,-9.46091]]},"properties":{"id":791927363,"cls":"path","hw":"path","tg":"na","name":"","ref":"","surface":"dirt","sc":"unpaved","speed":null,"lit":"unk","km":0.112}},
{"type":"Feature","geometry":{"type":"LineString","coordinates":[[32.94894,-9.46409],[32.94895,-9.46403],[32.94893,-9.464],[32.94881,-9.46393],[32.94853,-9.46382],[32.94844,-9.46382],[32.94823,-9.46382],[32.948,-9.46384],[32.94791,-9.46381],[32.94778,-9.4638],[32.94754,-9.46376],[32.94741,-9.46372],[32.94726,-9.46365],[32.94708,-9.46355],[32.94695,-9.46349]]},"properties":{"id":791940312,"cls":"path","hw":"path","tg":"na","name":"","ref":"","surface":"dirt","sc":"unpaved","speed":null,"lit":"unk","km":0.24}},
{"type":"Feature","geometry":{"type":"LineString","coordinates":[[32.94679,-9.46365],[32.9469,-9.46365],[32.94693,-9.46361],[32.947,-9.46358]]},"properties":{"id":791940313,"cls":"path","hw":"path","tg":"na","name":"","ref":"","surface":"dirt","sc":"unpaved","speed":null,"lit":"unk","km":0.026}},
{"type":"Feature","geometry":{"type":"LineString","coordinates":[[32.94948,-9.46388],[32.94938,-9.46386],[32.94931,-9.46384],[32.94908,-9.46381],[32.9489,-9.46378],[32.94853,-9.46382]]},"properties":{"id":791940314,"cls":"path","hw":"path","tg":"na","name":"","ref":"","surface":"dirt","sc":"unpaved","speed":null,"lit":"unk","km":0.105}},
{"type":"Feature","geometry":{"type":"LineString","coordinates":[[32.95108,-9.46437],[32.95063,-9.46427],[32.95045,-9.46424],[32.94977,-9.46415],[32.94965,-9.46414],[32.94926,-9.46407],[32.94928,-9.46419],[32.94926,-9.46441],[32.94927,-9.46451],[32.9493,-9.4646],[32.94931,-9.46474],[32.94933,-9.46483],[32.94935,-9.46495],[32.94935,-9.46502],[32.94937,-9.46512],[32.94937,-9.46522],[32.94939,-9.4653],[32.94939,-9.46539],[32.94941,-9.46543],[32.94942,-9.46549],[32.94941,-9.46554],[32.94944,-9.46579],[32.94946,-9.46587],[32.94942,-9.46592]]},"properties":{"id":791940317,"cls":"path","hw":"path","tg":"na","name":"","ref":"","surface":"dirt","sc":"unpaved","speed":null,"lit":"unk","km":0.413}},
{"type":"Feature","geometry":{"type":"LineString","coordinates":[[32.98098,-9.37996],[32.98069,-9.3799],[32.98053,-9.37999],[32.98041,-9.38016],[32.98035,-9.38031],[32.98034,-9.38041]]},"properties":{"id":792155636,"cls":"path","hw":"path","tg":"na","name":"","ref":"","surface":"","sc":"unknown","speed":null,"lit":"unk","km":0.105}},
{"type":"Feature","geometry":{"type":"LineString","coordinates":[[32.98076,-9.37838],[32.98069,-9.37836],[32.98067,-9.37828],[32.98067,-9.37821],[32.98069,-9.37807],[32.98073,-9.37801],[32.98076,-9.37795],[32.98085,-9.37776],[32.98094,-9.37762],[32.981,-9.37758]]},"properties":{"id":792155639,"cls":"path","hw":"path","tg":"na","name":"","ref":"","surface":"","sc":"unknown","speed":null,"lit":"unk","km":0.106}},
{"type":"Feature","geometry":{"type":"LineString","coordinates":[[32.97911,-9.37902],[32.97925,-9.37868],[32.9793,-9.3786],[32.97929,-9.37836],[32.97928,-9.37811],[32.97937,-9.37799],[32.97959,-9.37782],[32.97983,-9.37751],[32.97997,-9.37715],[32.97998,-9.37706],[32.98002,-9.37695]]},"properties":{"id":792155642,"cls":"path","hw":"path","tg":"na","name":"","ref":"","surface":"","sc":"unknown","speed":null,"lit":"unk","km":0.262}},
{"type":"Feature","geometry":{"type":"LineString","coordinates":[[32.9782,-9.3754],[32.97828,-9.37537],[32.97841,-9.37536],[32.97861,-9.37527],[32.97879,-9.37519],[32.97894,-9.37527],[32.97897,-9.37528],[32.9793,-9.37538],[32.97935,-9.37538],[32.97951,-9.37545],[32.97972,-9.37548],[32.97968,-9.37553],[32.97966,-9.37554],[32.97958,-9.37562],[32.97948,-9.37575],[32.97941,-9.37593],[32.97924,-9.37632],[32.97923,-9.37651],[32.9793,-9.37657],[32.97936,-9.37664],[32.97944,-9.37672],[32.97958,-9.3768],[32.9797,-9.37675],[32.97982,-9.37679],[32.97991,-9.37686],[32.98002,-9.37695]]},"properties":{"id":792155645,"cls":"path","hw":"path","tg":"na","name":"","ref":"","surface":"","sc":"unknown","speed":null,"lit":"unk","km":0.415}},
{"type":"Feature","geometry":{"type":"LineString","coordinates":[[32.97972,-9.37548],[32.97977,-9.37544],[32.97983,-9.37544],[32.9799,-9.37535],[32.97999,-9.37538],[32.98006,-9.37533],[32.98037,-9.37531],[32.98078,-9.37519],[32.98103,-9.37516]]},"properties":{"id":792155646,"cls":"path","hw":"path","tg":"na","name":"","ref":"","surface":"","sc":"unknown","speed":null,"lit":"unk","km":0.155}},
{"type":"Feature","geometry":{"type":"LineString","coordinates":[[32.99748,-9.39166],[32.99707,-9.39197],[32.99692,-9.39215],[32.99672,-9.39215],[32.99658,-9.3922],[32.99638,-9.3923],[32.99622,-9.39237]]},"properties":{"id":793460787,"cls":"path","hw":"path","tg":"na","name":"","ref":"","surface":"","sc":"unknown","speed":null,"lit":"unk","km":0.165}},
{"type":"Feature","geometry":{"type":"LineString","coordinates":[[32.99503,-9.39098],[32.99423,-9.39063],[32.99404,-9.39041],[32.994,-9.39035],[32.99416,-9.38984],[32.99413,-9.38945],[32.99398,-9.38925],[32.99412,-9.38883],[32.99428,-9.38858],[32.99426,-9.38834],[32.99432,-9.38807]]},"properties":{"id":793460788,"cls":"unclassified","hw":"unclassified","tg":"na","name":"","ref":"","surface":"","sc":"unknown","speed":null,"lit":"unk","km":0.406}},
{"type":"Feature","geometry":{"type":"LineString","coordinates":[[32.99753,-9.3912],[32.99736,-9.39117],[32.99718,-9.39105],[32.99693,-9.3912],[32.99688,-9.39119],[32.99681,-9.39131],[32.99673,-9.39128],[32.99644,-9.39169],[32.99626,-9.39182],[32.9962,-9.3919],[32.996,-9.39218]]},"properties":{"id":793460790,"cls":"path","hw":"path","tg":"na","name":"","ref":"","surface":"","sc":"unknown","speed":null,"lit":"unk","km":0.234}},
{"type":"Feature","geometry":{"type":"LineString","coordinates":[[32.99595,-9.39154],[32.9962,-9.3919]]},"properties":{"id":793460792,"cls":"path","hw":"path","tg":"na","name":"","ref":"","surface":"","sc":"unknown","speed":null,"lit":"unk","km":0.049}},
{"type":"Feature","geometry":{"type":"LineString","coordinates":[[32.99581,-9.38398],[32.99567,-9.38411],[32.99558,-9.38408],[32.9951,-9.38463],[32.995,-9.38445],[32.99488,-9.38435]]},"properties":{"id":793460794,"cls":"path","hw":"path","tg":"na","name":"","ref":"","surface":"","sc":"unknown","speed":null,"lit":"unk","km":0.152}},
{"type":"Feature","geometry":{"type":"LineString","coordinates":[[32.99798,-9.38522],[32.99725,-9.38515],[32.99707,-9.38511],[32.99634,-9.38514],[32.99533,-9.38503]]},"properties":{"id":793460795,"cls":"track","hw":"track","tg":"none","name":"","ref":"","surface":"","sc":"unknown","speed":null,"lit":"unk","km":0.292}},
{"type":"Feature","geometry":{"type":"LineString","coordinates":[[32.99533,-9.38503],[32.99494,-9.38504],[32.99462,-9.38494],[32.9944,-9.38483],[32.99427,-9.38482],[32.99358,-9.38446],[32.99355,-9.38443],[32.99302,-9.38402]]},"properties":{"id":793460796,"cls":"track","hw":"track","tg":"none","name":"","ref":"","surface":"","sc":"unknown","speed":null,"lit":"unk","km":0.285}},
{"type":"Feature","geometry":{"type":"LineString","coordinates":[[32.99488,-9.38435],[32.9948,-9.38431],[32.99459,-9.38445],[32.99442,-9.38461],[32.99427,-9.38482],[32.9941,-9.38517],[32.99373,-9.38547],[32.99352,-9.38552],[32.99328,-9.38575],[32.99321,-9.38596]]},"properties":{"id":793460798,"cls":"path","hw":"path","tg":"na","name":"","ref":"","surface":"","sc":"unknown","speed":null,"lit":"unk","km":0.273}},
{"type":"Feature","geometry":{"type":"LineString","coordinates":[[32.99355,-9.38443],[32.99328,-9.38448],[32.99302,-9.38476],[32.99267,-9.3848],[32.99233,-9.38488],[32.99227,-9.38479],[32.99154,-9.38505],[32.99116,-9.38526]]},"properties":{"id":793460801,"cls":"path","hw":"path","tg":"na","name":"","ref":"","surface":"","sc":"unknown","speed":null,"lit":"unk","km":0.294}},
{"type":"Feature","geometry":{"type":"LineString","coordinates":[[32.99321,-9.38596],[32.99299,-9.38608],[32.99263,-9.38639],[32.99256,-9.38661],[32.99225,-9.38678],[32.99194,-9.38706],[32.9918,-9.38718],[32.99115,-9.38746],[32.9907,-9.38753],[32.99036,-9.3874]]},"properties":{"id":793460803,"cls":"path","hw":"path","tg":"na","name":"","ref":"","surface":"","sc":"unknown","speed":null,"lit":"unk","km":0.379}},
{"type":"Feature","geometry":{"type":"LineString","coordinates":[[32.99427,-9.38716],[32.99428,-9.38723],[32.99437,-9.3873],[32.99433,-9.38744],[32.9941,-9.3877],[32.99413,-9.38778],[32.99438,-9.38802]]},"properties":{"id":793460806,"cls":"path","hw":"path","tg":"na","name":"","ref":"","surface":"","sc":"unknown","speed":null,"lit":"unk","km":0.123}},
{"type":"Feature","geometry":{"type":"LineString","coordinates":[[32.99432,-9.38807],[32.99417,-9.38822],[32.99381,-9.38815],[32.99286,-9.38794],[32.99226,-9.38777],[32.99168,-9.38789],[32.99083,-9.38832]]},"properties":{"id":793460810,"cls":"path","hw":"path","tg":"na","name":"","ref":"","surface":"","sc":"unknown","speed":null,"lit":"unk","km":0.409}},
{"type":"Feature","geometry":{"type":"LineString","coordinates":[[32.99819,-9.38647],[32.99851,-9.38668],[32.99881,-9.38692],[32.99884,-9.38699],[32.9987,-9.38726],[32.99861,-9.38759]]},"properties":{"id":793460811,"cls":"path","hw":"path","tg":"na","name":"","ref":"","surface":"","sc":"unknown","speed":null,"lit":"unk","km":0.165}},
{"type":"Feature","geometry":{"type":"LineString","coordinates":[[32.99851,-9.38668],[32.99839,-9.38688],[32.99819,-9.3871],[32.99816,-9.38722]]},"properties":{"id":793460812,"cls":"path","hw":"path","tg":"na","name":"","ref":"","surface":"","sc":"unknown","speed":null,"lit":"unk","km":0.072}},
{"type":"Feature","geometry":{"type":"LineString","coordinates":[[32.99712,-9.38762],[32.99695,-9.38762],[32.99688,-9.38769],[32.99672,-9.3877],[32.99657,-9.38753],[32.99646,-9.3874],[32.99648,-9.38737],[32.99642,-9.38729],[32.9965,-9.38715]]},"properties":{"id":793467443,"cls":"path","hw":"path","tg":"na","name":"","ref":"","surface":"","sc":"unknown","speed":null,"lit":"unk","km":0.124}},
{"type":"Feature","geometry":{"type":"LineString","coordinates":[[32.98677,-9.38398],[32.98658,-9.38439],[32.98671,-9.38467],[32.98695,-9.38502],[32.98838,-9.38573],[32.98922,-9.38626],[32.98938,-9.38656],[32.99036,-9.3874],[32.99052,-9.38758],[32.99076,-9.38816],[32.99083,-9.38832],[32.99096,-9.38885],[32.99092,-9.38895],[32.99073,-9.38921],[32.99069,-9.38936],[32.9906,-9.38967]]},"properties":{"id":793467454,"cls":"path","hw":"path","tg":"na","name":"","ref":"","surface":"","sc":"unknown","speed":null,"lit":"unk","km":0.873}},
{"type":"Feature","geometry":{"type":"LineString","coordinates":[[32.9906,-9.38967],[32.99058,-9.38971],[32.9907,-9.38979],[32.99065,-9.38999],[32.99054,-9.39003],[32.99048,-9.39017],[32.99038,-9.39022],[32.99022,-9.39058],[32.98994,-9.39092]]},"properties":{"id":793484199,"cls":"path","hw":"path","tg":"na","name":"","ref":"","surface":"","sc":"unknown","speed":null,"lit":"unk","km":0.178}},
{"type":"Feature","geometry":{"type":"LineString","coordinates":[[32.99225,-9.39335],[32.99237,-9.39312],[32.99242,-9.39237],[32.99254,-9.39203],[32.99276,-9.39167],[32.99326,-9.39112],[32.99404,-9.39041]]},"properties":{"id":793484204,"cls":"path","hw":"path","tg":"na","name":"","ref":"","surface":"","sc":"unknown","speed":null,"lit":"unk","km":0.398}},
{"type":"Feature","geometry":{"type":"LineString","coordinates":[[32.99225,-9.39335],[32.99214,-9.39344],[32.99213,-9.39351],[32.99183,-9.39366]]},"properties":{"id":793484208,"cls":"path","hw":"path","tg":"na","name":"","ref":"","surface":"","sc":"unknown","speed":null,"lit":"unk","km":0.06}},
{"type":"Feature","geometry":{"type":"LineString","coordinates":[[32.98084,-9.40024],[32.98103,-9.39992],[32.9811,-9.39981],[32.98128,-9.39973],[32.98179,-9.39922],[32.982,-9.39903],[32.98218,-9.39884],[32.98259,-9.3983],[32.98295,-9.39771],[32.98312,-9.39753],[32.98382,-9.39739],[32.98473,-9.39725],[32.98545,-9.39723],[32.98581,-9.39701],[32.98604,-9.39663],[32.98616,-9.39632],[32.98634,-9.39555],[32.98644,-9.39475],[32.98649,-9.39401],[32.98661,-9.39378],[32.98661,-9.39358],[32.98704,-9.39316],[32.98771,-9.3926],[32.98893,-9.39152],[32.9895,-9.39107],[32.98981,-9.39101],[32.98994,-9.39092]]},"properties":{"id":793484214,"cls":"path","hw":"path","tg":"na","name":"","ref":"","surface":"","sc":"unknown","speed":null,"lit":"unk","km":1.573}},
{"type":"Feature","geometry":{"type":"LineString","coordinates":[[32.99069,-9.38936],[32.99121,-9.38946],[32.99136,-9.38941]]},"properties":{"id":793484220,"cls":"path","hw":"path","tg":"na","name":"","ref":"","surface":"","sc":"unknown","speed":null,"lit":"unk","km":0.075}},
{"type":"Feature","geometry":{"type":"LineString","coordinates":[[32.95609,-9.48757],[32.95617,-9.4877],[32.95622,-9.48785]]},"properties":{"id":794468589,"cls":"track","hw":"track","tg":"none","name":"","ref":"","surface":"","sc":"unknown","speed":null,"lit":"unk","km":0.034}},
{"type":"Feature","geometry":{"type":"LineString","coordinates":[[32.9573,-9.4871],[32.95738,-9.48722],[32.9574,-9.48741],[32.9574,-9.48761],[32.95736,-9.48783],[32.95737,-9.48795],[32.95746,-9.48827]]},"properties":{"id":794468593,"cls":"track","hw":"track","tg":"none","name":"","ref":"","surface":"","sc":"unknown","speed":null,"lit":"unk","km":0.135}},
{"type":"Feature","geometry":{"type":"LineString","coordinates":[[32.95746,-9.48827],[32.95748,-9.4884],[32.95747,-9.48864],[32.9575,-9.48878],[32.95752,-9.48895],[32.95752,-9.48919],[32.95746,-9.48931],[32.95753,-9.48986],[32.95758,-9.48991],[32.95763,-9.48993],[32.95773,-9.48994],[32.95787,-9.48997],[32.95802,-9.49009],[32.95807,-9.49011],[32.95821,-9.49011],[32.95827,-9.49011]]},"properties":{"id":794468594,"cls":"track","hw":"track","tg":"none","name":"","ref":"","surface":"","sc":"unknown","speed":null,"lit":"unk","km":0.269}},
{"type":"Feature","geometry":{"type":"LineString","coordinates":[[32.95835,-9.49019],[32.95841,-9.49042]]},"properties":{"id":794468595,"cls":"track","hw":"track","tg":"none","name":"","ref":"","surface":"","sc":"unknown","speed":null,"lit":"unk","km":0.026}},
{"type":"Feature","geometry":{"type":"LineString","coordinates":[[32.95841,-9.49042],[32.9584,-9.49049],[32.95835,-9.49052],[32.95836,-9.49066],[32.95838,-9.49068],[32.95836,-9.49087],[32.95833,-9.49095],[32.95833,-9.49116],[32.95857,-9.49105],[32.95869,-9.49097],[32.95874,-9.49089],[32.95885,-9.49066],[32.9589,-9.49063]]},"properties":{"id":794468598,"cls":"path","hw":"path","tg":"na","name":"","ref":"","surface":"","sc":"unknown","speed":null,"lit":"unk","km":0.177}},
{"type":"Feature","geometry":{"type":"LineString","coordinates":[[32.95833,-9.49116],[32.95812,-9.49151],[32.95808,-9.49155],[32.95798,-9.4917],[32.9579,-9.49182],[32.95782,-9.4919],[32.95766,-9.49208],[32.95754,-9.49219],[32.95748,-9.49226],[32.95742,-9.49237],[32.9574,-9.49254],[32.9574,-9.49262],[32.95736,-9.49274],[32.95731,-9.49283],[32.95727,-9.49293],[32.95721,-9.49319],[32.9572,-9.49329],[32.95722,-9.49336],[32.95728,-9.49344],[32.95733,-9.49356],[32.9574,-9.49375],[32.95741,-9.49378],[32.95748,-9.49384],[32.95753,-9.49395],[32.95756,-9.49401],[32.95768,-9.49413],[32.95791,-9.49424],[32.95802,-9.4943],[32.95814,-9.49442],[32.95826,-9.49449],[32.9584,-9.49465],[32.95857,-9.49484],[32.95877,-9.49502],[32.95887,-9.49514],[32.95894,-9.49521],[32.95923,-9.49561],[32.95936,-9.49575],[32.95948,-9.49591],[32.9596,-9.49602],[32.96006,-9.49627],[32.96099,-9.49705],[32.96144,-9.49741],[32.96162,-9.49752],[32.96173,-9.49762],[32.962,-9.49791],[32.96223,-9.49819],[32.96231,-9.4983],[32.96235,-9.49846],[32.96241,-9.49855],[32.96242,-9.49859],[32.96244,-9.4988]]},"properties":{"id":794468599,"cls":"path","hw":"path","tg":"na","name":"","ref":"","surface":"","sc":"unknown","speed":null,"lit":"unk","km":1.137}},
{"type":"Feature","geometry":{"type":"LineString","coordinates":[[32.95697,-9.49167],[32.95702,-9.49152],[32.95701,-9.49143],[32.95708,-9.49124],[32.95722,-9.4911],[32.95722,-9.4909],[32.95727,-9.49074],[32.95727,-9.49065],[32.95729,-9.4906],[32.95733,-9.49055],[32.95734,-9.49052],[32.95733,-9.49046],[32.95739,-9.49038],[32.9575,-9.49002],[32.9575,-9.48988],[32.95753,-9.48986],[32.95759,-9.48977],[32.95795,-9.48947],[32.95813,-9.48938],[32.95827,-9.48919],[32.95847,-9.48878],[32.95866,-9.48844],[32.9588,-9.4881],[32.95882,-9.48795],[32.95886,-9.48787],[32.9589,-9.48737],[32.95899,-9.48724],[32.95903,-9.48708],[32.95901,-9.48691],[32.95902,-9.48686],[32.95905,-9.48674],[32.95911,-9.48664],[32.95913,-9.48659]]},"properties":{"id":794468600,"cls":"path","hw":"path","tg":"na","name":"","ref":"","surface":"","sc":"unknown","speed":null,"lit":"unk","km":0.641}},
{"type":"Feature","geometry":{"type":"LineString","coordinates":[[32.95746,-9.48827],[32.95797,-9.48848],[32.95802,-9.48853],[32.9581,-9.48857],[32.95824,-9.48864],[32.95847,-9.48878],[32.95869,-9.48892],[32.95891,-9.48918],[32.959,-9.48928],[32.95903,-9.48936],[32.95934,-9.48965],[32.95938,-9.48971]]},"properties":{"id":794468601,"cls":"path","hw":"path","tg":"na","name":"","ref":"","surface":"","sc":"unknown","speed":null,"lit":"unk","km":0.271}},
{"type":"Feature","geometry":{"type":"LineString","coordinates":[[32.95528,-9.48291],[32.95523,-9.483],[32.95531,-9.4832],[32.95532,-9.48329],[32.95522,-9.4836],[32.95518,-9.48369],[32.9552,-9.48386],[32.95511,-9.48423],[32.95498,-9.48455],[32.95487,-9.48475],[32.95471,-9.48508]]},"properties":{"id":794468602,"cls":"track","hw":"track","tg":"none","name":"","ref":"","surface":"","sc":"unknown","speed":null,"lit":"unk","km":0.258}},
{"type":"Feature","geometry":{"type":"LineString","coordinates":[[32.95667,-9.4836],[32.95686,-9.4836],[32.95697,-9.48356],[32.95717,-9.48351],[32.95724,-9.4835],[32.95732,-9.48347],[32.95736,-9.48341],[32.95742,-9.48337]]},"properties":{"id":794468610,"cls":"residential","hw":"residential","tg":"na","name":"","ref":"","surface":"","sc":"unknown","speed":null,"lit":"unk","km":0.089}},
{"type":"Feature","geometry":{"type":"LineString","coordinates":[[32.95666,-9.48373],[32.95667,-9.4836],[32.95668,-9.48354],[32.95673,-9.48342],[32.95673,-9.48338],[32.95669,-9.4833],[32.95666,-9.48315],[32.95666,-9.4831],[32.9567,-9.48302],[32.9567,-9.48298],[32.95669,-9.48295],[32.95663,-9.48287],[32.95645,-9.48241],[32.95645,-9.4824],[32.95647,-9.48237]]},"properties":{"id":794468611,"cls":"residential","hw":"residential","tg":"na","name":"","ref":"","surface":"","sc":"unknown","speed":null,"lit":"unk","km":0.161}},
{"type":"Feature","geometry":{"type":"LineString","coordinates":[[32.95669,-9.48295],[32.95682,-9.4828],[32.95684,-9.48277],[32.95684,-9.48273],[32.95685,-9.4827],[32.95689,-9.48266],[32.9569,-9.48264],[32.95695,-9.48255],[32.95696,-9.48248],[32.95695,-9.48242],[32.95696,-9.48236],[32.95699,-9.48231],[32.95702,-9.48193]]},"properties":{"id":794468612,"cls":"residential","hw":"residential","tg":"na","name":"","ref":"","surface":"","sc":"unknown","speed":null,"lit":"unk","km":0.124}},
{"type":"Feature","geometry":{"type":"LineString","coordinates":[[32.95685,-9.4827],[32.9569,-9.48274],[32.95704,-9.48295],[32.95708,-9.48303]]},"properties":{"id":794468613,"cls":"path","hw":"path","tg":"na","name":"","ref":"","surface":"","sc":"unknown","speed":null,"lit":"unk","km":0.045}},
{"type":"Feature","geometry":{"type":"LineString","coordinates":[[32.95788,-9.48285],[32.95784,-9.48287],[32.95782,-9.4829],[32.95781,-9.48294],[32.95761,-9.48317],[32.95744,-9.48335],[32.95742,-9.48337]]},"properties":{"id":794468614,"cls":"path","hw":"path","tg":"na","name":"","ref":"","surface":"","sc":"unknown","speed":null,"lit":"unk","km":0.078}},
{"type":"Feature","geometry":{"type":"LineString","coordinates":[[32.96089,-9.4846],[32.96088,-9.48456],[32.96081,-9.48451],[32.96078,-9.48446],[32.96061,-9.48424],[32.96049,-9.48418],[32.96037,-9.4841],[32.96027,-9.48405],[32.96016,-9.48396],[32.96012,-9.48394],[32.95988,-9.48388],[32.95972,-9.48383],[32.95965,-9.4838],[32.95943,-9.48369],[32.95921,-9.48363],[32.95899,-9.48358],[32.95897,-9.48354],[32.95895,-9.48353],[32.95885,-9.48349],[32.95874,-9.48337],[32.95867,-9.48333],[32.9586,-9.48331],[32.95842,-9.48318],[32.95838,-9.48316],[32.95825,-9.48313],[32.95822,-9.48311],[32.95816,-9.48306],[32.95799,-9.48292],[32.95788,-9.48285]]},"properties":{"id":794468616,"cls":"path","hw":"path","tg":"na","name":"","ref":"","surface":"","sc":"unknown","speed":null,"lit":"unk","km":0.395}},
{"type":"Feature","geometry":{"type":"LineString","coordinates":[[32.95829,-9.4824],[32.95832,-9.48239],[32.9584,-9.48239],[32.95843,-9.48238]]},"properties":{"id":794468617,"cls":"track","hw":"track","tg":"none","name":"","ref":"","surface":"","sc":"unknown","speed":null,"lit":"unk","km":0.016}},
{"type":"Feature","geometry":{"type":"LineString","coordinates":[[32.95465,-9.48194],[32.95475,-9.48186],[32.95483,-9.48179]]},"properties":{"id":794468618,"cls":"track","hw":"track","tg":"none","name":"","ref":"","surface":"","sc":"unknown","speed":null,"lit":"unk","km":0.026}},
{"type":"Feature","geometry":{"type":"LineString","coordinates":[[32.95038,-9.48403],[32.95041,-9.48418],[32.95045,-9.48432],[32.95046,-9.48439],[32.9505,-9.4845],[32.95052,-9.48464]]},"properties":{"id":794468625,"cls":"path","hw":"path","tg":"na","name":"","ref":"","surface":"","sc":"unknown","speed":null,"lit":"unk","km":0.07}},
{"type":"Feature","geometry":{"type":"LineString","coordinates":[[32.95029,-9.48477],[32.95038,-9.48477],[32.95042,-9.48472],[32.95051,-9.48465],[32.95052,-9.48464]]},"properties":{"id":794468626,"cls":"path","hw":"path","tg":"na","name":"","ref":"","surface":"","sc":"unknown","speed":null,"lit":"unk","km":0.031}},
{"type":"Feature","geometry":{"type":"LineString","coordinates":[[32.95038,-9.48403],[32.95035,-9.48397],[32.95033,-9.48379],[32.95032,-9.48361],[32.95028,-9.48355],[32.95028,-9.48341],[32.95026,-9.48332],[32.95024,-9.48328],[32.95027,-9.48322],[32.95026,-9.48314],[32.95021,-9.48285],[32.95025,-9.48268],[32.95023,-9.48251],[32.95026,-9.48243],[32.95023,-9.48238],[32.95026,-9.48225],[32.9502,-9.482],[32.95023,-9.48164],[32.95023,-9.48157],[32.95018,-9.4815],[32.95018,-9.48134],[32.95006,-9.48127],[32.95,-9.48123],[32.94984,-9.4812],[32.94982,-9.48118]]},"properties":{"id":794468627,"cls":"path","hw":"path","tg":"na","name":"","ref":"","surface":"","sc":"unknown","speed":null,"lit":"unk","km":0.353}},
{"type":"Feature","geometry":{"type":"LineString","coordinates":[[32.95175,-9.48962],[32.9518,-9.48948],[32.95193,-9.48899],[32.95197,-9.48888],[32.95197,-9.48883]]},"properties":{"id":794468635,"cls":"track","hw":"track","tg":"none","name":"","ref":"","surface":"","sc":"unknown","speed":null,"lit":"unk","km":0.091}},
{"type":"Feature","geometry":{"type":"LineString","coordinates":[[32.95103,-9.48786],[32.95094,-9.48784],[32.95093,-9.48783],[32.95095,-9.48775],[32.95096,-9.48773],[32.95103,-9.48773],[32.95105,-9.48771],[32.95107,-9.48762],[32.95111,-9.48752]]},"properties":{"id":794468638,"cls":"track","hw":"track","tg":"none","name":"","ref":"","surface":"","sc":"unknown","speed":null,"lit":"unk","km":0.056}},
{"type":"Feature","geometry":{"type":"LineString","coordinates":[[32.9517,-9.48984],[32.95165,-9.48989],[32.95161,-9.48994],[32.95159,-9.48995],[32.95153,-9.48993],[32.95149,-9.48994],[32.95147,-9.48999]]},"properties":{"id":794468639,"cls":"track","hw":"track","tg":"none","name":"","ref":"","surface":"","sc":"unknown","speed":null,"lit":"unk","km":0.035}},
{"type":"Feature","geometry":{"type":"LineString","coordinates":[[32.9517,-9.48984],[32.95171,-9.4899],[32.9517,-9.48996],[32.95169,-9.49],[32.95167,-9.49003],[32.95164,-9.49003],[32.95162,-9.49004],[32.95162,-9.49076],[32.95161,-9.49086],[32.95157,-9.49096],[32.95155,-9.49102],[32.95147,-9.4911],[32.95144,-9.49114],[32.95142,-9.49118],[32.95139,-9.49119],[32.9513,-9.49117],[32.95127,-9.49117],[32.95121,-9.4912],[32.95117,-9.49121],[32.9511,-9.4912],[32.95108,-9.49121],[32.95107,-9.49125],[32.95107,-9.49133],[32.951,-9.49147],[32.95092,-9.49169],[32.95062,-9.49234],[32.95058,-9.4924],[32.95055,-9.49241],[32.95048,-9.49241],[32.95045,-9.49242],[32.95043,-9.49243],[32.94995,-9.49312]]},"properties":{"id":794468640,"cls":"track","hw":"track","tg":"none","name":"","ref":"","surface":"","sc":"unknown","speed":null,"lit":"unk","km":0.454}},
{"type":"Feature","geometry":{"type":"LineString","coordinates":[[32.95256,-9.49037],[32.9523,-9.49033],[32.95227,-9.49032],[32.9521,-9.49019],[32.95205,-9.49016],[32.9519,-9.49008],[32.95177,-9.48999],[32.95174,-9.48997],[32.9517,-9.48996]]},"properties":{"id":794468641,"cls":"track","hw":"track","tg":"none","name":"","ref":"","surface":"","sc":"unknown","speed":null,"lit":"unk","km":0.107}},
{"type":"Feature","geometry":{"type":"LineString","coordinates":[[32.95797,-9.48703],[32.95804,-9.4869]]},"properties":{"id":794468643,"cls":"track","hw":"track","tg":"none","name":"","ref":"","surface":"","sc":"unknown","speed":null,"lit":"unk","km":0.016}},
{"type":"Feature","geometry":{"type":"LineString","coordinates":[[32.95551,-9.48186],[32.95555,-9.48192],[32.95564,-9.48195],[32.95571,-9.48201],[32.95581,-9.48205],[32.95582,-9.48206],[32.95582,-9.48212],[32.95595,-9.48213],[32.956,-9.48213],[32.95606,-9.48214],[32.95618,-9.48217],[32.95646,-9.48219],[32.95659,-9.4822]]},"properties":{"id":794468645,"cls":"residential","hw":"residential","tg":"na","name":"","ref":"","surface":"","sc":"unknown","speed":null,"lit":"unk","km":0.134}},
{"type":"Feature","geometry":{"type":"LineString","coordinates":[[32.95575,-9.48234],[32.95578,-9.48227],[32.95578,-9.48222],[32.95576,-9.48218],[32.95569,-9.48216]]},"properties":{"id":794468646,"cls":"path","hw":"path","tg":"na","name":"","ref":"","surface":"","sc":"unknown","speed":null,"lit":"unk","km":0.027}},
{"type":"Feature","geometry":{"type":"LineString","coordinates":[[32.95528,-9.48291],[32.95531,-9.48287],[32.95536,-9.48276],[32.9554,-9.48268],[32.9554,-9.48257],[32.95552,-9.48247],[32.95562,-9.48228],[32.95569,-9.48216]]},"properties":{"id":794468648,"cls":"path","hw":"path","tg":"na","name":"","ref":"","surface":"","sc":"unknown","speed":null,"lit":"unk","km":0.098}},
{"type":"Feature","geometry":{"type":"LineString","coordinates":[[32.95503,-9.48222],[32.95527,-9.48216],[32.95553,-9.48214],[32.95566,-9.48212]]},"properties":{"id":794468649,"cls":"path","hw":"path","tg":"na","name":"","ref":"","surface":"","sc":"unknown","speed":null,"lit":"unk","km":0.07}},
{"type":"Feature","geometry":{"type":"LineString","coordinates":[[32.95418,-9.48164],[32.95412,-9.48167],[32.9541,-9.48171],[32.95409,-9.48176],[32.95411,-9.48181],[32.95412,-9.48183],[32.95415,-9.48187],[32.95421,-9.48189],[32.95423,-9.48192],[32.95427,-9.48199],[32.9543,-9.482],[32.95448,-9.48202],[32.95461,-9.48202],[32.95464,-9.48201]]},"properties":{"id":794468650,"cls":"residential","hw":"residential","tg":"na","name":"","ref":"","surface":"","sc":"unknown","speed":null,"lit":"unk","km":0.093}},
{"type":"Feature","geometry":{"type":"LineString","coordinates":[[32.95388,-9.48183],[32.95397,-9.48187],[32.95401,-9.48187],[32.95411,-9.48181]]},"properties":{"id":794468651,"cls":"path","hw":"path","tg":"na","name":"","ref":"","surface":"","sc":"unknown","speed":null,"lit":"unk","km":0.028}},
{"type":"Feature","geometry":{"type":"LineString","coordinates":[[32.94862,-9.4002],[32.94866,-9.40028],[32.94872,-9.40036],[32.94877,-9.40045],[32.94883,-9.40051],[32.9489,-9.40058],[32.94894,-9.40061],[32.94896,-9.40062],[32.94907,-9.40067],[32.94913,-9.40072],[32.94922,-9.40076],[32.94936,-9.4008],[32.94942,-9.40081],[32.94955,-9.40087],[32.94965,-9.40091],[32.94975,-9.40094],[32.94983,-9.40097],[32.94997,-9.40104],[32.95008,-9.40109],[32.95016,-9.40112],[32.95021,-9.40112],[32.95029,-9.40111],[32.95037,-9.40108],[32.95042,-9.4011],[32.95052,-9.4011],[32.95063,-9.40112],[32.95077,-9.40117],[32.95085,-9.40122],[32.95093,-9.40126],[32.951,-9.40129],[32.95118,-9.40133],[32.95122,-9.40135],[32.95128,-9.40136],[32.95138,-9.40134],[32.95157,-9.4013],[32.95166,-9.40133],[32.95183,-9.40129],[32.95189,-9.40127],[32.95197,-9.40125],[32.95207,-9.40126],[32.95215,-9.40127],[32.95219,-9.40128],[32.95225,-9.4013],[32.95231,-9.40136],[32.9524,-9.40139],[32.95248,-9.40146],[32.95261,-9.40155],[32.95275,-9.40163],[32.95288,-9.40167],[32.95297,-9.40172],[32.95301,-9.40175],[32.95306,-9.40174],[32.95312,-9.40179],[32.95315,-9.40181],[32.95321,-9.40184],[32.95322,-9.40184],[32.95328,-9.40185],[32.95335,-9.40192],[32.9534,-9.40199],[32.95341,-9.402],[32.95349,-9.40205],[32.95355,-9.40216],[32.95362,-9.40229],[32.95366,-9.40233],[32.95366,-9.4024],[32.95371,-9.40248],[32.95376,-9.40259],[32.95381,-9.40267],[32.95388,-9.40282],[32.95392,-9.40291],[32.95396,-9.40296],[32.954,-9.403],[32.95406,-9.40313],[32.95412,-9.40325],[32.95418,-9.40339],[32.95422,-9.4035],[32.95426,-9.40358],[32.9543,-9.40369],[32.95432,-9.40384],[32.95435,-9.40394],[32.95437,-9.40405],[32.95439,-9.40411],[32.95447,-9.40416],[32.95447,-9.40426],[32.95445,-9.40437],[32.95438,-9.40448],[32.95436,-9.40454],[32.95434,-9.40464],[32.95425,-9.40471],[32.9542,-9.40474],[32.95416,-9.40481],[32.95409,-9.40487],[32.95404,-9.4049],[32.95401,-9.40497],[32.95394,-9.40504],[32.95392,-9.40513],[32.9539,-9.40524],[32.95389,-9.4053],[32.95389,-9.40534],[32.95383,-9.40539],[32.95382,-9.40546],[32.95385,-9.40564],[32.95385,-9.40576],[32.95384,-9.40588],[32.95375,-9.40613],[32.95374,-9.40621],[32.95378,-9.40626],[32.95374,-9.40628],[32.95376,-9.40636],[32.95378,-9.40645],[32.95378,-9.40655],[32.95378,-9.40671],[32.95383,-9.40689],[32.95382,-9.4071],[32.95376,-9.40729]]},"properties":{"id":794495999,"cls":"track","hw":"track","tg":"none","name":"","ref":"","surface":"","sc":"unknown","speed":null,"lit":"unk","km":1.253}},
{"type":"Feature","geometry":{"type":"LineString","coordinates":[[32.9478,-9.42535],[32.94791,-9.42529],[32.94806,-9.4253],[32.94821,-9.42525],[32.94871,-9.42524],[32.9494,-9.42525],[32.94976,-9.42525],[32.94982,-9.42525],[32.94989,-9.42525],[32.94996,-9.42525],[32.95003,-9.42523],[32.95009,-9.4252],[32.95016,-9.42511],[32.95022,-9.42501],[32.95034,-9.42484]]},"properties":{"id":794496005,"cls":"path","hw":"path","tg":"na","name":"","ref":"","surface":"","sc":"unknown","speed":null,"lit":"unk","km":0.304}},
{"type":"Feature","geometry":{"type":"LineString","coordinates":[[32.95288,-9.43839],[32.95295,-9.43833],[32.95304,-9.43822],[32.95306,-9.43817],[32.9531,-9.43815],[32.95316,-9.43803],[32.9532,-9.43788],[32.95322,-9.43763],[32.95324,-9.43757],[32.95329,-9.43751],[32.95334,-9.43748],[32.9534,-9.43739],[32.95344,-9.43734],[32.95351,-9.43733],[32.95358,-9.43732],[32.95377,-9.43724],[32.95381,-9.4372],[32.95407,-9.43709],[32.95417,-9.43702],[32.95437,-9.43684],[32.95442,-9.43681],[32.95455,-9.43679],[32.95515,-9.4367],[32.9553,-9.43664],[32.95557,-9.43648],[32.95581,-9.43633],[32.95597,-9.43622],[32.95612,-9.43606]]},"properties":{"id":794989276,"cls":"path","hw":"path","tg":"na","name":"","ref":"","surface":"","sc":"unknown","speed":null,"lit":"unk","km":0.473}},
{"type":"Feature","geometry":{"type":"LineString","coordinates":[[32.94791,-9.43834],[32.94791,-9.43853],[32.94798,-9.43869],[32.94805,-9.4391],[32.9481,-9.43917],[32.94811,-9.43925],[32.94811,-9.43938],[32.94816,-9.43957],[32.9483,-9.44043]]},"properties":{"id":794989277,"cls":"path","hw":"path","tg":"na","name":"","ref":"","surface":"","sc":"unknown","speed":null,"lit":"unk","km":0.238}},
{"type":"Feature","geometry":{"type":"LineString","coordinates":[[32.94749,-9.43948],[32.94748,-9.43929],[32.94751,-9.43912],[32.94757,-9.43898],[32.94764,-9.43884],[32.94774,-9.43858],[32.94791,-9.43834],[32.94798,-9.43788],[32.948,-9.4375],[32.94805,-9.4372],[32.94818,-9.4369],[32.94824,-9.43679],[32.94825,-9.43662],[32.9484,-9.43613],[32.94848,-9.43605],[32.94892,-9.43522],[32.94908,-9.43503],[32.94912,-9.43486],[32.94921,-9.43475],[32.94937,-9.43445],[32.94942,-9.43432],[32.94959,-9.43406],[32.94962,-9.43401],[32.94968,-9.43391],[32.94969,-9.43386],[32.94968,-9.43381],[32.9497,-9.43374],[32.94987,-9.43334],[32.94996,-9.43314],[32.95,-9.43303],[32.95001,-9.43277],[32.95008,-9.43238],[32.95009,-9.43215],[32.95004,-9.43203],[32.95001,-9.43194],[32.95002,-9.43188]]},"properties":{"id":794989278,"cls":"path","hw":"path","tg":"na","name":"","ref":"","surface":"","sc":"unknown","speed":null,"lit":"unk","km":0.913}},
{"type":"Feature","geometry":{"type":"LineString","coordinates":[[32.95193,-9.44802],[32.95176,-9.44767],[32.95172,-9.44725],[32.95173,-9.44701],[32.95175,-9.44662],[32.95175,-9.4462],[32.95176,-9.44586],[32.9518,-9.44558],[32.9518,-9.44519],[32.95178,-9.445]]},"properties":{"id":794992322,"cls":"path","hw":"path","tg":"na","name":"","ref":"","surface":"","sc":"unknown","speed":null,"lit":"unk","km":0.341}},
{"type":"Feature","geometry":{"type":"LineString","coordinates":[[32.95139,-9.43137],[32.95236,-9.4318],[32.95253,-9.43187],[32.95269,-9.43196],[32.95388,-9.43251],[32.95459,-9.43336]]},"properties":{"id":794992325,"cls":"path","hw":"path","tg":"na","name":"","ref":"","surface":"","sc":"unknown","speed":null,"lit":"unk","km":0.424}},
{"type":"Feature","geometry":{"type":"LineString","coordinates":[[32.95265,-9.43567],[32.95266,-9.43549],[32.95264,-9.43525],[32.95268,-9.43485],[32.95268,-9.43451],[32.95272,-9.43418],[32.95275,-9.43408],[32.95276,-9.43392],[32.95273,-9.4337],[32.95273,-9.43341],[32.95276,-9.43329],[32.95271,-9.43248],[32.95269,-9.43196]]},"properties":{"id":795000409,"cls":"path","hw":"path","tg":"na","name":"","ref":"","surface":"","sc":"unknown","speed":null,"lit":"unk","km":0.414}},
{"type":"Feature","geometry":{"type":"LineString","coordinates":[[32.94079,-9.43682],[32.94096,-9.43684],[32.941,-9.43683],[32.94104,-9.4368],[32.94109,-9.43678],[32.94114,-9.43678],[32.94122,-9.43682],[32.94125,-9.43682],[32.94129,-9.43679],[32.94133,-9.43678],[32.94139,-9.43679],[32.94149,-9.43686],[32.94164,-9.43693],[32.94185,-9.43701],[32.94195,-9.43709],[32.94261,-9.43711]]},"properties":{"id":795000997,"cls":"path","hw":"path","tg":"na","name":"","ref":"","surface":"","sc":"unknown","speed":null,"lit":"unk","km":0.213}},
{"type":"Feature","geometry":{"type":"LineString","coordinates":[[32.94195,-9.43709],[32.94198,-9.43752],[32.94225,-9.43767],[32.94234,-9.43775],[32.94243,-9.43784],[32.94249,-9.43787],[32.94265,-9.43791],[32.94285,-9.43806]]},"properties":{"id":795000998,"cls":"path","hw":"path","tg":"na","name":"","ref":"","surface":"","sc":"unknown","speed":null,"lit":"unk","km":0.162}},
{"type":"Feature","geometry":{"type":"LineString","coordinates":[[32.94121,-9.442],[32.94219,-9.44251],[32.94232,-9.44292],[32.94326,-9.44357],[32.94369,-9.44394],[32.94402,-9.44481]]},"properties":{"id":795000999,"cls":"path","hw":"path","tg":"na","name":"","ref":"","surface":"","sc":"unknown","speed":null,"lit":"unk","km":0.461}},
{"type":"Feature","geometry":{"type":"LineString","coordinates":[[32.94076,-9.4371],[32.94082,-9.43715],[32.94085,-9.43719],[32.9409,-9.43736],[32.94116,-9.43803],[32.94125,-9.43814],[32.9414,-9.43849],[32.94184,-9.43947],[32.94186,-9.44071],[32.94225,-9.44165],[32.94219,-9.44251]]},"properties":{"id":795001000,"cls":"path","hw":"path","tg":"na","name":"","ref":"","surface":"","sc":"unknown","speed":null,"lit":"unk","km":0.637}},
{"type":"Feature","geometry":{"type":"LineString","coordinates":[[32.94578,-9.44899],[32.94585,-9.44891],[32.94591,-9.44886],[32.94601,-9.44881],[32.94612,-9.44863],[32.94615,-9.44861],[32.94629,-9.44836],[32.94658,-9.44778],[32.94661,-9.44759],[32.94669,-9.44752],[32.94675,-9.44734],[32.94681,-9.4473],[32.94686,-9.44727]]},"properties":{"id":795001002,"cls":"path","hw":"path","tg":"na","name":"","ref":"","surface":"","sc":"unknown","speed":null,"lit":"unk","km":0.232}},
{"type":"Feature","geometry":{"type":"LineString","coordinates":[[32.95196,-9.44308],[32.95214,-9.44305],[32.95222,-9.44303],[32.95248,-9.44291],[32.95269,-9.44286],[32.95321,-9.4428],[32.95393,-9.44274],[32.95467,-9.44278],[32.95475,-9.44277],[32.95494,-9.44273],[32.955,-9.44272],[32.95511,-9.44272],[32.9552,-9.44269],[32.95527,-9.44269],[32.95536,-9.44273],[32.95546,-9.44274],[32.95552,-9.44273],[32.9556,-9.44271],[32.95575,-9.4427],[32.9559,-9.44267],[32.95597,-9.44264],[32.95603,-9.44262],[32.95615,-9.44264],[32.95629,-9.4426],[32.95636,-9.44257],[32.95652,-9.44244],[32.95657,-9.44243],[32.95712,-9.44236],[32.9574,-9.44227],[32.95755,-9.44223],[32.9576,-9.44224],[32.95777,-9.4423],[32.95801,-9.44233],[32.95807,-9.44232],[32.95849,-9.4424],[32.95881,-9.44243],[32.95911,-9.44249],[32.95918,-9.44247]]},"properties":{"id":795001128,"cls":"path","hw":"path","tg":"na","name":"","ref":"","surface":"","sc":"unknown","speed":null,"lit":"unk","km":0.814}},
{"type":"Feature","geometry":{"type":"LineString","coordinates":[[32.95535,-9.44802],[32.95564,-9.4476],[32.95638,-9.44731],[32.95664,-9.44706],[32.95721,-9.44676],[32.95746,-9.44676],[32.95759,-9.44672],[32.9577,-9.44673],[32.9579,-9.44673],[32.95813,-9.44671],[32.95822,-9.44671],[32.95831,-9.44666],[32.95839,-9.44666],[32.95867,-9.44661],[32.95882,-9.44655],[32.95899,-9.4466]]},"properties":{"id":795001129,"cls":"path","hw":"path","tg":"na","name":"","ref":"","surface":"","sc":"unknown","speed":null,"lit":"unk","km":0.455}},
{"type":"Feature","geometry":{"type":"LineString","coordinates":[[32.98981,-9.41525],[32.99034,-9.41524]]},"properties":{"id":795255744,"cls":"path","hw":"path","tg":"na","name":"","ref":"","surface":"","sc":"unknown","speed":null,"lit":"unk","km":0.058}},
{"type":"Feature","geometry":{"type":"LineString","coordinates":[[32.99022,-9.41508],[32.99034,-9.41524],[32.99029,-9.41567],[32.99033,-9.41585],[32.99032,-9.41605],[32.99019,-9.41634],[32.99032,-9.41639],[32.99026,-9.41657]]},"properties":{"id":795255745,"cls":"path","hw":"path","tg":"na","name":"","ref":"","surface":"","sc":"unknown","speed":null,"lit":"unk","km":0.185}},
{"type":"Feature","geometry":{"type":"LineString","coordinates":[[32.98683,-9.41416],[32.98706,-9.41456],[32.98712,-9.41503],[32.98739,-9.41537],[32.98744,-9.41552],[32.98765,-9.4158],[32.98807,-9.41619],[32.98809,-9.41625],[32.98834,-9.41634],[32.98856,-9.41639],[32.98877,-9.41631],[32.98929,-9.41629],[32.98963,-9.41635],[32.98994,-9.41648],[32.9901,-9.4165],[32.99026,-9.41657]]},"properties":{"id":795255746,"cls":"path","hw":"path","tg":"na","name":"","ref":"","surface":"","sc":"unknown","speed":null,"lit":"unk","km":0.526}},
{"type":"Feature","geometry":{"type":"LineString","coordinates":[[32.99319,-9.40948],[32.99336,-9.40983],[32.99326,-9.40997],[32.99333,-9.41],[32.99336,-9.4107],[32.99345,-9.41099],[32.99346,-9.41151],[32.9934,-9.41156],[32.9934,-9.41194],[32.99348,-9.41248]]},"properties":{"id":795259692,"cls":"path","hw":"path","tg":"na","name":"","ref":"","surface":"","sc":"unknown","speed":null,"lit":"unk","km":0.352}},
{"type":"Feature","geometry":{"type":"LineString","coordinates":[[32.99348,-9.41248],[32.99346,-9.41301],[32.99353,-9.41326],[32.99329,-9.41373],[32.99329,-9.41434],[32.99322,-9.41446],[32.99319,-9.4147],[32.99311,-9.41486],[32.99309,-9.41506],[32.9927,-9.41553],[32.99254,-9.41555]]},"properties":{"id":795259693,"cls":"path","hw":"path","tg":"na","name":"","ref":"","surface":"","sc":"unknown","speed":null,"lit":"unk","km":0.384}},
{"type":"Feature","geometry":{"type":"LineString","coordinates":[[32.99254,-9.41555],[32.99223,-9.41557],[32.9919,-9.41551]]},"properties":{"id":795259694,"cls":"path","hw":"path","tg":"na","name":"","ref":"","surface":"","sc":"unknown","speed":null,"lit":"unk","km":0.071}},
{"type":"Feature","geometry":{"type":"LineString","coordinates":[[32.99254,-9.41555],[32.99276,-9.41579],[32.99289,-9.41582],[32.99318,-9.41601],[32.99339,-9.41625]]},"properties":{"id":795259695,"cls":"path","hw":"path","tg":"na","name":"","ref":"","surface":"","sc":"unknown","speed":null,"lit":"unk","km":0.124}},
{"type":"Feature","geometry":{"type":"LineString","coordinates":[[32.99339,-9.41625],[32.99357,-9.41639],[32.99374,-9.41658]]},"properties":{"id":795259696,"cls":"path","hw":"path","tg":"na","name":"","ref":"","surface":"","sc":"unknown","speed":null,"lit":"unk","km":0.053}},
{"type":"Feature","geometry":{"type":"LineString","coordinates":[[32.98756,-9.41871],[32.9877,-9.41833],[32.98812,-9.41827],[32.98834,-9.41811],[32.98875,-9.41807],[32.98886,-9.41801],[32.98907,-9.41808],[32.98937,-9.41784],[32.98967,-9.41765],[32.99014,-9.41778],[32.99039,-9.41776]]},"properties":{"id":795268459,"cls":"path","hw":"path","tg":"na","name":"","ref":"","surface":"","sc":"unknown","speed":null,"lit":"unk","km":0.367}},
{"type":"Feature","geometry":{"type":"LineString","coordinates":[[32.99026,-9.41657],[32.99039,-9.41776],[32.99046,-9.41876],[32.99042,-9.4189],[32.99044,-9.41901],[32.9902,-9.4197],[32.99021,-9.41992],[32.99032,-9.42001],[32.99033,-9.42061],[32.99046,-9.42091],[32.99103,-9.42144],[32.99102,-9.42172],[32.99096,-9.42289],[32.99125,-9.42375],[32.99094,-9.42468],[32.99073,-9.4249]]},"properties":{"id":795268460,"cls":"path","hw":"path","tg":"na","name":"","ref":"","surface":"","sc":"unknown","speed":null,"lit":"unk","km":0.988}},
{"type":"Feature","geometry":{"type":"LineString","coordinates":[[32.99039,-9.41776],[32.99054,-9.41776],[32.99152,-9.41737],[32.99172,-9.41722],[32.99198,-9.41703]]},"properties":{"id":795268462,"cls":"path","hw":"path","tg":"na","name":"","ref":"","surface":"","sc":"unknown","speed":null,"lit":"unk","km":0.195}},
{"type":"Feature","geometry":{"type":"LineString","coordinates":[[32.98724,-9.42552],[32.98768,-9.42551],[32.98809,-9.42565],[32.98823,-9.42562],[32.9889,-9.42603],[32.98905,-9.42599],[32.98943,-9.42627],[32.98968,-9.42628],[32.98993,-9.42622],[32.99024,-9.42625],[32.99071,-9.42627]]},"properties":{"id":795268466,"cls":"path","hw":"path","tg":"na","name":"","ref":"","surface":"","sc":"unknown","speed":null,"lit":"unk","km":0.409}},
{"type":"Feature","geometry":{"type":"LineString","coordinates":[[32.99073,-9.4249],[32.9909,-9.42514],[32.99075,-9.42541],[32.99071,-9.42627],[32.99075,-9.4265],[32.99056,-9.42659]]},"properties":{"id":795268467,"cls":"path","hw":"path","tg":"na","name":"","ref":"","surface":"","sc":"unknown","speed":null,"lit":"unk","km":0.212}},
{"type":"Feature","geometry":{"type":"LineString","coordinates":[[32.99198,-9.41703],[32.9922,-9.41692],[32.99269,-9.41681],[32.99331,-9.41705],[32.99374,-9.41682],[32.99389,-9.41685]]},"properties":{"id":795271094,"cls":"path","hw":"path","tg":"na","name":"","ref":"","surface":"","sc":"unknown","speed":null,"lit":"unk","km":0.226}},
{"type":"Feature","geometry":{"type":"LineString","coordinates":[[32.99374,-9.41658],[32.99389,-9.41685],[32.99399,-9.41691],[32.99404,-9.41726],[32.99414,-9.41754]]},"properties":{"id":795271095,"cls":"path","hw":"path","tg":"na","name":"","ref":"","surface":"","sc":"unknown","speed":null,"lit":"unk","km":0.119}},
{"type":"Feature","geometry":{"type":"LineString","coordinates":[[32.95275,-9.43868],[32.95265,-9.43867],[32.95261,-9.43864],[32.95258,-9.43864],[32.95254,-9.43866]]},"properties":{"id":795439508,"cls":"track","hw":"track","tg":"none","name":"","ref":"","surface":"","sc":"unknown","speed":null,"lit":"unk","km":0.025}},
{"type":"Feature","geometry":{"type":"LineString","coordinates":[[32.95082,-9.43292],[32.95087,-9.43316],[32.9509,-9.43326],[32.95102,-9.43394],[32.95106,-9.43406],[32.95109,-9.43408],[32.95136,-9.43406],[32.95156,-9.43406]]},"properties":{"id":795439509,"cls":"residential","hw":"residential","tg":"na","name":"","ref":"","surface":"","sc":"unknown","speed":null,"lit":"unk","km":0.185}},
{"type":"Feature","geometry":{"type":"LineString","coordinates":[[32.981,-9.4546],[32.98106,-9.45453],[32.9811,-9.45448],[32.98116,-9.45442],[32.98121,-9.45437],[32.98129,-9.4543],[32.98134,-9.45421],[32.98144,-9.45408],[32.98151,-9.454],[32.9816,-9.45392],[32.98169,-9.45379],[32.98176,-9.45372],[32.98188,-9.45365],[32.98196,-9.45358],[32.98208,-9.45355],[32.98216,-9.45346],[32.98223,-9.45344],[32.9823,-9.4534],[32.98236,-9.45337],[32.98244,-9.45323],[32.98254,-9.45312],[32.98263,-9.453],[32.98273,-9.45288],[32.98278,-9.45279],[32.98287,-9.45265]]},"properties":{"id":795661676,"cls":"path","hw":"path","tg":"na","name":"","ref":"","surface":"","sc":"unknown","speed":null,"lit":"unk","km":0.305}},
{"type":"Feature","geometry":{"type":"LineString","coordinates":[[32.98287,-9.45265],[32.98301,-9.45252],[32.98311,-9.45239],[32.98323,-9.45221],[32.98329,-9.45207],[32.98338,-9.45192],[32.98345,-9.45173],[32.98352,-9.45149],[32.98364,-9.45117],[32.98382,-9.45107],[32.98398,-9.45102],[32.98408,-9.45094],[32.98422,-9.45085],[32.98433,-9.45073],[32.98457,-9.45062],[32.98471,-9.45054],[32.98507,-9.45028],[32.98525,-9.4502],[32.98534,-9.45013],[32.98552,-9.45001],[32.98565,-9.44986],[32.98575,-9.44972],[32.98581,-9.44957]]},"properties":{"id":795661677,"cls":"path","hw":"path","tg":"na","name":"","ref":"","surface":"","sc":"unknown","speed":null,"lit":"unk","km":0.492}},
{"type":"Feature","geometry":{"type":"LineString","coordinates":[[32.98301,-9.45252],[32.98325,-9.45252],[32.98338,-9.4525],[32.98355,-9.45242],[32.98367,-9.45237],[32.98385,-9.45228],[32.98406,-9.45216],[32.98417,-9.45209],[32.98434,-9.452],[32.98448,-9.4519],[32.98473,-9.45175],[32.98492,-9.45163],[32.985,-9.45161],[32.98512,-9.45158],[32.98535,-9.45145],[32.98547,-9.45142],[32.9856,-9.45138],[32.98577,-9.45129],[32.98592,-9.45128],[32.98606,-9.45117],[32.9863,-9.45104],[32.98646,-9.45104],[32.98662,-9.45089],[32.98669,-9.45086],[32.98672,-9.45079],[32.98678,-9.45074],[32.98685,-9.45066],[32.98694,-9.45058],[32.987,-9.4505],[32.98706,-9.4504],[32.98711,-9.45033],[32.98715,-9.45028],[32.98722,-9.45018]]},"properties":{"id":795661678,"cls":"path","hw":"path","tg":"na","name":"","ref":"","surface":"","sc":"unknown","speed":null,"lit":"unk","km":0.55}},
{"type":"Feature","geometry":{"type":"LineString","coordinates":[[32.98752,-9.44723],[32.98741,-9.44735],[32.98729,-9.44749],[32.98719,-9.44765],[32.98707,-9.44787],[32.98705,-9.44806],[32.98696,-9.44824],[32.98705,-9.44849],[32.98703,-9.4486],[32.98711,-9.44892],[32.98715,-9.4491],[32.98725,-9.44924],[32.98725,-9.44941],[32.98727,-9.44955],[32.98732,-9.44972],[32.98741,-9.44989],[32.98747,-9.44998],[32.98747,-9.45002],[32.98748,-9.45004],[32.98745,-9.45005],[32.9874,-9.45005],[32.98732,-9.45004],[32.98726,-9.45009],[32.98722,-9.45004],[32.98714,-9.45],[32.98708,-9.44996],[32.98701,-9.44993],[32.98693,-9.44987],[32.98685,-9.44986],[32.98677,-9.44983],[32.98672,-9.4498],[32.98667,-9.44976],[32.98657,-9.44973],[32.9865,-9.44971],[32.98638,-9.44967],[32.98633,-9.44964],[32.98626,-9.4496],[32.98618,-9.44957],[32.98612,-9.44953],[32.98605,-9.4495],[32.98595,-9.44946]]},"properties":{"id":795661679,"cls":"path","hw":"path","tg":"na","name":"","ref":"","surface":"","sc":"unknown","speed":null,"lit":"unk","km":0.532}},
{"type":"Feature","geometry":{"type":"LineString","coordinates":[[32.98581,-9.44957],[32.98586,-9.44957],[32.98589,-9.44955],[32.98593,-9.44954],[32.98594,-9.44951],[32.98595,-9.44946]]},"properties":{"id":795661680,"cls":"path","hw":"path","tg":"na","name":"","ref":"","surface":"","sc":"unknown","speed":null,"lit":"unk","km":0.023}},
{"type":"Feature","geometry":{"type":"LineString","coordinates":[[32.98722,-9.45018],[32.98732,-9.45004]]},"properties":{"id":795661681,"cls":"path","hw":"path","tg":"na","name":"","ref":"","surface":"","sc":"unknown","speed":null,"lit":"unk","km":0.019}},
{"type":"Feature","geometry":{"type":"LineString","coordinates":[[32.992,-9.44849],[32.99196,-9.44866],[32.99194,-9.44872],[32.99183,-9.44886],[32.99181,-9.44899],[32.99172,-9.44903],[32.99168,-9.44913],[32.99167,-9.4492],[32.99167,-9.44925],[32.99167,-9.44926],[32.99161,-9.4493],[32.99158,-9.44937],[32.99158,-9.44943],[32.9916,-9.44956],[32.99157,-9.44965],[32.99153,-9.44974],[32.99146,-9.44988],[32.99144,-9.44996],[32.99145,-9.45003],[32.99145,-9.4501],[32.99145,-9.45016],[32.99148,-9.45024],[32.99151,-9.4503],[32.9915,-9.4504],[32.9915,-9.45046],[32.99144,-9.45053],[32.99141,-9.45062],[32.99139,-9.45071],[32.99136,-9.45076],[32.99135,-9.4508],[32.99135,-9.45086],[32.99134,-9.45092],[32.99131,-9.45098],[32.99127,-9.45105],[32.99121,-9.4511],[32.99113,-9.45114],[32.99108,-9.45116],[32.99104,-9.45121],[32.991,-9.45125],[32.99094,-9.45131],[32.99087,-9.45136]]},"properties":{"id":795661684,"cls":"path","hw":"path","tg":"na","name":"","ref":"","surface":"","sc":"unknown","speed":null,"lit":"unk","km":0.369}},
{"type":"Feature","geometry":{"type":"LineString","coordinates":[[32.989,-9.44623],[32.98909,-9.44629],[32.98919,-9.44636],[32.9894,-9.44645],[32.99017,-9.44695],[32.99025,-9.44704],[32.99039,-9.44711],[32.9907,-9.4473],[32.99096,-9.44747],[32.99118,-9.44764],[32.99144,-9.44789],[32.992,-9.44849],[32.99255,-9.44902],[32.99307,-9.44944],[32.99323,-9.44961],[32.99345,-9.4499],[32.99359,-9.4501],[32.99378,-9.45032],[32.99427,-9.4508],[32.99433,-9.45089],[32.99437,-9.45102],[32.99435,-9.45132],[32.99435,-9.45158],[32.99439,-9.45172],[32.9944,-9.45196],[32.99439,-9.45198],[32.99446,-9.4523],[32.99449,-9.45249],[32.99463,-9.45296],[32.99494,-9.45357],[32.99505,-9.45384],[32.99511,-9.4541],[32.99513,-9.45428],[32.99512,-9.45448],[32.99518,-9.45474],[32.99525,-9.45507],[32.9955,-9.45608],[32.99553,-9.45616],[32.99566,-9.45636],[32.99563,-9.45662],[32.99562,-9.45707],[32.99561,-9.45715],[32.99563,-9.45721],[32.99567,-9.45726],[32.99583,-9.45744],[32.99594,-9.45754],[32.99619,-9.4578],[32.99654,-9.45816],[32.99717,-9.45873],[32.99745,-9.45894],[32.99772,-9.45914],[32.99822,-9.45952],[32.99874,-9.45996],[32.99888,-9.4601],[32.99899,-9.46015]]},"properties":{"id":795661685,"cls":"unclassified","hw":"unclassified","tg":"na","name":"","ref":"","surface":"","sc":"unknown","speed":null,"lit":"unk","km":2.012}},
{"type":"Feature","geometry":{"type":"LineString","coordinates":[[32.99087,-9.45136],[32.99086,-9.45144],[32.99084,-9.45145],[32.99083,-9.45146],[32.99079,-9.4515],[32.99079,-9.45152],[32.99082,-9.45161],[32.99082,-9.45162],[32.99084,-9.45168],[32.99088,-9.45171],[32.99093,-9.45174],[32.99101,-9.45175],[32.99109,-9.45173],[32.99112,-9.45175],[32.99124,-9.45175],[32.99148,-9.45175],[32.9916,-9.45176],[32.99169,-9.45176],[32.99181,-9.45176],[32.99192,-9.45177],[32.99203,-9.4518],[32.99214,-9.45186],[32.99223,-9.45192],[32.99228,-9.45199],[32.9924,-9.45195],[32.99248,-9.45191],[32.99256,-9.45188],[32.99262,-9.45186],[32.99269,-9.45187],[32.99274,-9.45188],[32.99279,-9.45189],[32.99287,-9.45186],[32.99296,-9.45186],[32.99305,-9.45187],[32.99318,-9.45188],[32.99325,-9.4519],[32.99335,-9.45188],[32.99345,-9.45187],[32.99355,-9.45187],[32.99368,-9.45186],[32.99379,-9.45184],[32.99397,-9.45185],[32.99406,-9.45183],[32.99411,-9.45183],[32.99423,-9.4519],[32.99428,-9.45194],[32.99434,-9.45196],[32.99439,-9.45198]]},"properties":{"id":795661686,"cls":"path","hw":"path","tg":"na","name":"","ref":"","surface":"","sc":"unknown","speed":null,"lit":"unk","km":0.45}},
{"type":"Feature","geometry":{"type":"LineString","coordinates":[[32.99247,-9.46889],[32.99231,-9.46889],[32.99197,-9.46884],[32.99163,-9.46887],[32.99125,-9.46902],[32.991,-9.4692],[32.99084,-9.4693],[32.99053,-9.46948],[32.99031,-9.46965],[32.9901,-9.46984],[32.98992,-9.47007],[32.98983,-9.4702],[32.98981,-9.47038],[32.98977,-9.47053],[32.98964,-9.47067],[32.98954,-9.47079]]},"properties":{"id":795661700,"cls":"path","hw":"path","tg":"na","name":"","ref":"","surface":"","sc":"unknown","speed":null,"lit":"unk","km":0.419}},
{"type":"Feature","geometry":{"type":"LineString","coordinates":[[32.98329,-9.45668],[32.98332,-9.45674],[32.98345,-9.45698],[32.98359,-9.45721],[32.98371,-9.45747],[32.98383,-9.45768],[32.98384,-9.45775],[32.98379,-9.45776],[32.98374,-9.45778],[32.98348,-9.45763],[32.98327,-9.45757],[32.98312,-9.45753],[32.98302,-9.45757],[32.98292,-9.45763],[32.98283,-9.45766],[32.98275,-9.45771],[32.9826,-9.45769],[32.98246,-9.45763],[32.98232,-9.45762],[32.98228,-9.4576]]},"properties":{"id":795661710,"cls":"path","hw":"path","tg":"na","name":"","ref":"","surface":"","sc":"unknown","speed":null,"lit":"unk","km":0.319}},
{"type":"Feature","geometry":{"type":"LineString","coordinates":[[32.98405,-9.45676],[32.98412,-9.45683],[32.98419,-9.4569],[32.98426,-9.45695],[32.98432,-9.457],[32.98437,-9.45703],[32.98444,-9.45711],[32.98449,-9.45716],[32.98462,-9.45719],[32.98474,-9.45722],[32.98484,-9.45724],[32.98501,-9.45729],[32.98516,-9.45737],[32.98523,-9.45741],[32.98526,-9.45742],[32.98527,-9.45743],[32.98536,-9.45751],[32.98542,-9.45764],[32.98548,-9.45777],[32.98554,-9.45794],[32.98564,-9.45813],[32.9857,-9.45822],[32.98573,-9.45832],[32.98575,-9.45842],[32.98575,-9.45854],[32.98579,-9.45864],[32.98583,-9.45872]]},"properties":{"id":795661711,"cls":"path","hw":"path","tg":"na","name":"","ref":"","surface":"","sc":"unknown","speed":null,"lit":"unk","km":0.316}},
{"type":"Feature","geometry":{"type":"LineString","coordinates":[[32.98515,-9.46478],[32.98505,-9.46463],[32.98489,-9.46444],[32.98475,-9.46426],[32.98453,-9.46405],[32.98437,-9.46387],[32.98423,-9.46374],[32.98405,-9.46361],[32.98392,-9.46353],[32.9838,-9.46331],[32.98366,-9.46316],[32.98354,-9.46299],[32.98342,-9.46284],[32.98342,-9.46278],[32.9834,-9.46274],[32.98339,-9.46273],[32.98332,-9.46267],[32.98327,-9.46256],[32.98326,-9.46239],[32.98321,-9.46218],[32.98325,-9.46197],[32.98324,-9.46174],[32.98321,-9.46133],[32.98318,-9.46095],[32.98313,-9.46058],[32.98307,-9.46021],[32.98305,-9.46011],[32.98301,-9.45989],[32.98289,-9.45922],[32.98285,-9.45903],[32.98286,-9.45886],[32.9829,-9.45864],[32.98287,-9.45844],[32.98283,-9.45823],[32.98279,-9.458],[32.98282,-9.45784],[32.98282,-9.45777],[32.98283,-9.45766],[32.98283,-9.45761],[32.98283,-9.45756],[32.98283,-9.45748],[32.98281,-9.45736],[32.98278,-9.45723],[32.98276,-9.4571],[32.98271,-9.45696],[32.98267,-9.45685],[32.98262,-9.45671],[32.9826,-9.45663],[32.98261,-9.45657]]},"properties":{"id":795661715,"cls":"path","hw":"path","tg":"na","name":"","ref":"","surface":"","sc":"unknown","speed":null,"lit":"unk","km":1.003}},
{"type":"Feature","geometry":{"type":"LineString","coordinates":[[32.98384,-9.45775],[32.98391,-9.45768],[32.98401,-9.45774],[32.98403,-9.45775],[32.98409,-9.45779],[32.98422,-9.45787],[32.98434,-9.45793],[32.98438,-9.45795],[32.98447,-9.45797],[32.98457,-9.45799],[32.98465,-9.45803],[32.98471,-9.45806],[32.98478,-9.45808],[32.98484,-9.45809],[32.98513,-9.45819],[32.98524,-9.45822],[32.98533,-9.45825],[32.98539,-9.45827],[32.98542,-9.45832],[32.98547,-9.45833],[32.98555,-9.45835],[32.98562,-9.45838],[32.98561,-9.45846],[32.98562,-9.4586],[32.98563,-9.45865],[32.98566,-9.45867],[32.98567,-9.45871],[32.98569,-9.45873],[32.98571,-9.45874],[32.98575,-9.45874],[32.98578,-9.45875],[32.98581,-9.45876],[32.98583,-9.45874],[32.98583,-9.45872]]},"properties":{"id":795661716,"cls":"path","hw":"path","tg":"na","name":"","ref":"","surface":"","sc":"unknown","speed":null,"lit":"unk","km":0.278}},
{"type":"Feature","geometry":{"type":"LineString","coordinates":[[32.98426,-9.45695],[32.98432,-9.45677],[32.98434,-9.45671],[32.98437,-9.45662],[32.98437,-9.45652],[32.98438,-9.45644],[32.98441,-9.45638],[32.98448,-9.45636],[32.98457,-9.45634],[32.98474,-9.4563],[32.98487,-9.45624],[32.98495,-9.45619],[32.98498,-9.45615],[32.98501,-9.45599],[32.98509,-9.45589],[32.98518,-9.45579],[32.98526,-9.45569],[32.98535,-9.45556],[32.98548,-9.45543],[32.98561,-9.45534],[32.98565,-9.45531],[32.98571,-9.4552],[32.98575,-9.45512],[32.98576,-9.45504],[32.98583,-9.45484],[32.98595,-9.45475],[32.98608,-9.45466],[32.98627,-9.45462],[32.98641,-9.45455],[32.98646,-9.45443],[32.98657,-9.45438],[32.98671,-9.45435],[32.98678,-9.45433],[32.98692,-9.45427],[32.98706,-9.45422],[32.98732,-9.45416],[32.98749,-9.45409],[32.98768,-9.45402],[32.98783,-9.45394],[32.988,-9.45386],[32.98817,-9.45373],[32.98832,-9.45359],[32.98853,-9.45343],[32.98868,-9.45332],[32.98876,-9.45324],[32.98894,-9.4531],[32.98913,-9.45298],[32.98922,-9.45283],[32.98931,-9.45269],[32.98936,-9.45251],[32.98946,-9.45245],[32.98954,-9.45246],[32.98958,-9.45241],[32.98954,-9.45233],[32.98956,-9.45231],[32.98963,-9.45223],[32.98974,-9.45216],[32.98983,-9.45213],[32.98991,-9.45205],[32.98999,-9.45196],[32.99019,-9.4519],[32.99031,-9.45186],[32.99038,-9.45182],[32.99046,-9.45179],[32.99055,-9.45175],[32.99064,-9.45166],[32.99069,-9.45162],[32.99075,-9.45168],[32.99082,-9.45161]]},"properties":{"id":795661718,"cls":"path","hw":"path","tg":"na","name":"","ref":"","surface":"","sc":"unknown","speed":null,"lit":"unk","km":1.01}},
{"type":"Feature","geometry":{"type":"LineString","coordinates":[[32.98748,-9.45004],[32.98754,-9.45008],[32.98757,-9.45012],[32.98756,-9.45017],[32.98754,-9.45022],[32.98762,-9.45029],[32.98771,-9.45037],[32.98782,-9.45052],[32.98786,-9.45056],[32.98795,-9.45067],[32.98804,-9.45079],[32.98805,-9.45085],[32.98816,-9.451],[32.98823,-9.45108],[32.98829,-9.45119],[32.98836,-9.45125],[32.98846,-9.45131],[32.9886,-9.45139],[32.98871,-9.45144],[32.98891,-9.45147],[32.98906,-9.45151],[32.98919,-9.45154],[32.98928,-9.45154],[32.98942,-9.45151],[32.98952,-9.4515],[32.98963,-9.45148],[32.98977,-9.45149],[32.98986,-9.45148],[32.9899,-9.45147],[32.98994,-9.45146],[32.98998,-9.45143],[32.9901,-9.45144],[32.9902,-9.45147],[32.9903,-9.45147],[32.99042,-9.45148],[32.99051,-9.4515],[32.99057,-9.45152],[32.99065,-9.45155],[32.99071,-9.4516]]},"properties":{"id":795661722,"cls":"path","hw":"path","tg":"na","name":"","ref":"","surface":"","sc":"unknown","speed":null,"lit":"unk","km":0.443}},
{"type":"Feature","geometry":{"type":"LineString","coordinates":[[32.99071,-9.4516],[32.99082,-9.45161]]},"properties":{"id":795661723,"cls":"path","hw":"path","tg":"na","name":"","ref":"","surface":"","sc":"unknown","speed":null,"lit":"unk","km":0.012}},
{"type":"Feature","geometry":{"type":"LineString","coordinates":[[32.99997,-9.46792],[32.99993,-9.46789],[32.99992,-9.46786],[32.99987,-9.46782],[32.99981,-9.4678],[32.99972,-9.46778],[32.99966,-9.46776],[32.99965,-9.46775],[32.99963,-9.46774],[32.99956,-9.46772],[32.99949,-9.46773],[32.99938,-9.4677],[32.9993,-9.46766],[32.99922,-9.46758],[32.99913,-9.46751],[32.99905,-9.46747],[32.99898,-9.46741],[32.99895,-9.46736],[32.999,-9.46729],[32.99907,-9.46722],[32.99915,-9.46716],[32.9992,-9.46712],[32.99912,-9.46708],[32.99906,-9.46702],[32.99899,-9.46699],[32.99881,-9.46693],[32.99873,-9.46684],[32.99855,-9.46665],[32.99844,-9.46659],[32.99832,-9.46661],[32.99819,-9.46652],[32.99813,-9.46647],[32.99808,-9.46637],[32.9979,-9.46628],[32.99775,-9.46624],[32.99762,-9.46619],[32.99747,-9.46615],[32.99733,-9.4661],[32.99659,-9.46582],[32.99629,-9.46572],[32.99608,-9.46568],[32.99589,-9.46562],[32.99581,-9.46563],[32.99563,-9.46557],[32.99548,-9.4655],[32.99538,-9.46546],[32.9953,-9.46546],[32.99525,-9.46546],[32.99522,-9.46544],[32.99514,-9.46538],[32.99509,-9.46538],[32.995,-9.4654],[32.99499,-9.46534],[32.99487,-9.46522],[32.99482,-9.46512],[32.99477,-9.46506],[32.99469,-9.46504],[32.99461,-9.46493],[32.99457,-9.46485],[32.99449,-9.46477],[32.99435,-9.46465],[32.99426,-9.46458],[32.99417,-9.46446],[32.99408,-9.46437],[32.99403,-9.46433],[32.99398,-9.46422],[32.99386,-9.46419],[32.99375,-9.46418],[32.99364,-9.46417],[32.99352,-9.46414],[32.99343,-9.46411],[32.99338,-9.46413],[32.9933,-9.46414],[32.99317,-9.46414],[32.99298,-9.46414]]},"properties":{"id":795661731,"cls":"path","hw":"path","tg":"na","name":"","ref":"","surface":"","sc":"unknown","speed":null,"lit":"unk","km":0.977}},
{"type":"Feature","geometry":{"type":"LineString","coordinates":[[32.99298,-9.46414],[32.99294,-9.46429],[32.9929,-9.46434],[32.9928,-9.46444],[32.9927,-9.46449],[32.99258,-9.46464],[32.99251,-9.46478],[32.99246,-9.46488],[32.99221,-9.46508],[32.99197,-9.46531],[32.99184,-9.46545],[32.99171,-9.46555],[32.9916,-9.46563],[32.99149,-9.46574],[32.99139,-9.46581],[32.99133,-9.46585],[32.99136,-9.46589],[32.99139,-9.46593],[32.99139,-9.466],[32.99138,-9.46602],[32.99136,-9.46605],[32.99136,-9.46609],[32.99126,-9.46619],[32.99115,-9.4663],[32.99111,-9.46636],[32.99105,-9.46643],[32.991,-9.46646],[32.99096,-9.46651],[32.99098,-9.46656],[32.99094,-9.46664],[32.99087,-9.46669],[32.99081,-9.46671],[32.99072,-9.46668],[32.99022,-9.4672],[32.98997,-9.46748]]},"properties":{"id":795661732,"cls":"residential","hw":"residential","tg":"na","name":"","ref":"","surface":"","sc":"unknown","speed":null,"lit":"unk","km":0.526}},
{"type":"Feature","geometry":{"type":"LineString","coordinates":[[32.99852,-9.46564],[32.99861,-9.46575],[32.99878,-9.46585],[32.99894,-9.46596],[32.99908,-9.46609],[32.99919,-9.46632],[32.99927,-9.46644],[32.99939,-9.4666],[32.9995,-9.4668],[32.99968,-9.46707],[32.99974,-9.46716],[32.99989,-9.46742],[32.99992,-9.4675],[32.99987,-9.46753],[32.99979,-9.46754],[32.99974,-9.46754],[32.99966,-9.46754],[32.9997,-9.46757],[32.99971,-9.46765],[32.99969,-9.46769],[32.99965,-9.46775]]},"properties":{"id":795661733,"cls":"path","hw":"path","tg":"na","name":"","ref":"","surface":"","sc":"unknown","speed":null,"lit":"unk","km":0.319}},
{"type":"Feature","geometry":{"type":"LineString","coordinates":[[32.95914,-9.45686],[32.95902,-9.45684],[32.95889,-9.45682],[32.95878,-9.45676],[32.95872,-9.45673]]},"properties":{"id":795709682,"cls":"path","hw":"path","tg":"na","name":"","ref":"","surface":"unpaved","sc":"unpaved","speed":null,"lit":"unk","km":0.049}},
{"type":"Feature","geometry":{"type":"LineString","coordinates":[[32.95778,-9.45554],[32.95776,-9.45532]]},"properties":{"id":795709683,"cls":"path","hw":"path","tg":"na","name":"","ref":"","surface":"unpaved","sc":"unpaved","speed":null,"lit":"unk","km":0.025}},
{"type":"Feature","geometry":{"type":"LineString","coordinates":[[32.94366,-9.44899],[32.94381,-9.44905],[32.94408,-9.44917],[32.94426,-9.44919],[32.94447,-9.44922],[32.94462,-9.44922],[32.94475,-9.44924],[32.94487,-9.44925],[32.94498,-9.44927],[32.94525,-9.44936],[32.9454,-9.44939],[32.94545,-9.4494],[32.94548,-9.44937]]},"properties":{"id":795709692,"cls":"path","hw":"path","tg":"na","name":"","ref":"","surface":"unpaved","sc":"unpaved","speed":null,"lit":"unk","km":0.208}},
{"type":"Feature","geometry":{"type":"LineString","coordinates":[[32.94297,-9.46038],[32.94303,-9.46036],[32.94309,-9.46036],[32.94313,-9.4603],[32.94314,-9.46022],[32.94317,-9.46015],[32.94314,-9.46008],[32.94311,-9.45995],[32.94309,-9.45981],[32.94312,-9.45959],[32.94315,-9.45942],[32.94316,-9.45923],[32.94314,-9.45905],[32.94312,-9.45873],[32.94307,-9.45843],[32.94304,-9.45825],[32.94298,-9.45791]]},"properties":{"id":795709703,"cls":"path","hw":"path","tg":"na","name":"","ref":"","surface":"unpaved","sc":"unpaved","speed":null,"lit":"unk","km":0.291}},
{"type":"Feature","geometry":{"type":"LineString","coordinates":[[32.97821,-9.37567],[32.97833,-9.37571],[32.97846,-9.37575],[32.97855,-9.37584],[32.97853,-9.37597],[32.97856,-9.3761],[32.97861,-9.37622],[32.97866,-9.37634],[32.97873,-9.37645],[32.97883,-9.37657],[32.97891,-9.37673],[32.97888,-9.37708],[32.97889,-9.37752],[32.97893,-9.37787],[32.97897,-9.37822],[32.97898,-9.37845],[32.97892,-9.37876],[32.97881,-9.37895],[32.97879,-9.37903],[32.97874,-9.37917]]},"properties":{"id":796856496,"cls":"path","hw":"path","tg":"na","name":"","ref":"","surface":"","sc":"unknown","speed":null,"lit":"unk","km":0.43}},
{"type":"Feature","geometry":{"type":"LineString","coordinates":[[32.98022,-9.38042],[32.98019,-9.38046],[32.98016,-9.38055],[32.98009,-9.38069],[32.98004,-9.38081],[32.98002,-9.38089],[32.98002,-9.38102],[32.98002,-9.38106],[32.97998,-9.38115],[32.97996,-9.38124],[32.97996,-9.38131],[32.97998,-9.38135],[32.98,-9.38145],[32.97999,-9.3815],[32.98004,-9.38167],[32.98001,-9.38177],[32.97998,-9.38187],[32.97993,-9.38191],[32.97994,-9.38199],[32.97993,-9.38206],[32.97989,-9.38212],[32.97987,-9.38216],[32.97985,-9.38219],[32.97982,-9.38228],[32.97982,-9.38234],[32.9798,-9.38237],[32.97979,-9.38242],[32.97967,-9.38253],[32.97954,-9.38265],[32.97939,-9.38277],[32.97935,-9.3828],[32.97931,-9.38286],[32.97927,-9.38291],[32.97924,-9.38297],[32.97921,-9.383],[32.97915,-9.38307],[32.97901,-9.38317],[32.97895,-9.38321],[32.97888,-9.38334],[32.97881,-9.38347],[32.9787,-9.38354],[32.97863,-9.38354],[32.97856,-9.38351],[32.97847,-9.38353],[32.97839,-9.38359],[32.97829,-9.38361],[32.97814,-9.38367],[32.97798,-9.38376],[32.97791,-9.38383],[32.97778,-9.38394],[32.97767,-9.38399],[32.97753,-9.38409]]},"properties":{"id":796856497,"cls":"path","hw":"path","tg":"na","name":"","ref":"","surface":"","sc":"unknown","speed":null,"lit":"unk","km":0.561}},
{"type":"Feature","geometry":{"type":"LineString","coordinates":[[32.98103,-9.38032],[32.98082,-9.3803],[32.98053,-9.38035],[32.98036,-9.38041],[32.98034,-9.38041],[32.98022,-9.38042],[32.98018,-9.38039],[32.97993,-9.38039],[32.97939,-9.3805],[32.97888,-9.38072],[32.97873,-9.38072],[32.97864,-9.38066],[32.97866,-9.38048],[32.97852,-9.38039],[32.97842,-9.38037],[32.97837,-9.38027],[32.97818,-9.38028],[32.97812,-9.3802],[32.97831,-9.37995],[32.97843,-9.37973],[32.97857,-9.37944],[32.97872,-9.37924],[32.97874,-9.37917]]},"properties":{"id":796856499,"cls":"path","hw":"path","tg":"na","name":"","ref":"","surface":"","sc":"unknown","speed":null,"lit":"unk","km":0.502}},
{"type":"Feature","geometry":{"type":"LineString","coordinates":[[32.95199,-9.42515],[32.95209,-9.42547],[32.95224,-9.42577],[32.95231,-9.42598],[32.95246,-9.42612],[32.95252,-9.42624],[32.95253,-9.42627]]},"properties":{"id":796870844,"cls":"path","hw":"path","tg":"na","name":"","ref":"","surface":"","sc":"unknown","speed":null,"lit":"unk","km":0.14}},
{"type":"Feature","geometry":{"type":"LineString","coordinates":[[32.95169,-9.42511],[32.95156,-9.42538],[32.95151,-9.42544],[32.95147,-9.42548],[32.95137,-9.42583],[32.95129,-9.42606],[32.95119,-9.42618]]},"properties":{"id":796870845,"cls":"path","hw":"path","tg":"na","name":"","ref":"","surface":"","sc":"unknown","speed":null,"lit":"unk","km":0.133}},
{"type":"Feature","geometry":{"type":"LineString","coordinates":[[32.95624,-9.40821],[32.95629,-9.40826],[32.9563,-9.40834],[32.95611,-9.40908],[32.95603,-9.40934],[32.95564,-9.41015],[32.95546,-9.41055],[32.95537,-9.41064]]},"properties":{"id":796870852,"cls":"unclassified","hw":"unclassified","tg":"na","name":"","ref":"","surface":"","sc":"unknown","speed":null,"lit":"unk","km":0.294}},
{"type":"Feature","geometry":{"type":"LineString","coordinates":[[32.95445,-9.40616],[32.95449,-9.40606],[32.95449,-9.40588],[32.95449,-9.40567],[32.95445,-9.40553]]},"properties":{"id":796870861,"cls":"track","hw":"track","tg":"none","name":"","ref":"","surface":"","sc":"unknown","speed":null,"lit":"unk","km":0.071}},
{"type":"Feature","geometry":{"type":"LineString","coordinates":[[32.95537,-9.41064],[32.95551,-9.41058],[32.95555,-9.41061],[32.95569,-9.41069],[32.95583,-9.41081],[32.9563,-9.41126],[32.9567,-9.41167],[32.95681,-9.41177],[32.95718,-9.41212],[32.9575,-9.41244],[32.95773,-9.41267],[32.95781,-9.4128],[32.95828,-9.41329],[32.95844,-9.41353],[32.95857,-9.4137],[32.95877,-9.41398],[32.95892,-9.41414],[32.95905,-9.41427]]},"properties":{"id":796870862,"cls":"path","hw":"path","tg":"na","name":"","ref":"","surface":"","sc":"unknown","speed":null,"lit":"unk","km":0.584}},
{"type":"Feature","geometry":{"type":"LineString","coordinates":[[32.95577,-9.41148],[32.9562,-9.41129],[32.9563,-9.41126],[32.9567,-9.41112],[32.95682,-9.41102],[32.95693,-9.41097],[32.95707,-9.41092],[32.95726,-9.41085],[32.95778,-9.41068],[32.95829,-9.41041],[32.95846,-9.41024],[32.95856,-9.41011],[32.95879,-9.40991],[32.95892,-9.40975],[32.95907,-9.40964]]},"properties":{"id":796870863,"cls":"path","hw":"path","tg":"na","name":"","ref":"","surface":"","sc":"unknown","speed":null,"lit":"unk","km":0.424}},
{"type":"Feature","geometry":{"type":"LineString","coordinates":[[32.95451,-9.41258],[32.95477,-9.41263],[32.9551,-9.41262],[32.95542,-9.41243],[32.95555,-9.41241],[32.95597,-9.4125],[32.95615,-9.41253],[32.95626,-9.41258],[32.95652,-9.41266],[32.95664,-9.41269],[32.95672,-9.41274],[32.95697,-9.41271],[32.95719,-9.41267],[32.95737,-9.41263],[32.95763,-9.4127],[32.95781,-9.4128],[32.9581,-9.41283],[32.95822,-9.41288],[32.95854,-9.413],[32.95862,-9.41303],[32.95889,-9.41312],[32.95914,-9.41329]]},"properties":{"id":796870864,"cls":"path","hw":"path","tg":"na","name":"","ref":"","surface":"","sc":"unknown","speed":null,"lit":"unk","km":0.537}},
{"type":"Feature","geometry":{"type":"LineString","coordinates":[[32.95368,-9.40776],[32.95364,-9.40779],[32.9536,-9.40789],[32.9536,-9.40792],[32.9536,-9.40812],[32.95343,-9.40817],[32.95309,-9.40824],[32.95301,-9.40828],[32.95295,-9.4084],[32.95286,-9.40856],[32.95267,-9.40893],[32.95243,-9.40905],[32.95213,-9.40918],[32.95184,-9.40932],[32.95154,-9.40931],[32.95126,-9.40925],[32.95111,-9.4092],[32.95098,-9.40925],[32.95057,-9.40944],[32.95021,-9.40954],[32.95012,-9.40962],[32.9497,-9.40985],[32.94934,-9.41003],[32.94926,-9.41032],[32.94924,-9.4104],[32.94914,-9.41065],[32.94888,-9.41099],[32.94878,-9.41105],[32.94849,-9.41133],[32.9483,-9.41167],[32.94807,-9.41193],[32.94793,-9.41214],[32.9479,-9.41219],[32.9478,-9.4123],[32.94773,-9.41249],[32.94771,-9.41251],[32.94758,-9.41262]]},"properties":{"id":796870866,"cls":"path","hw":"path","tg":"na","name":"","ref":"","surface":"","sc":"unknown","speed":null,"lit":"unk","km":0.945}},
{"type":"Feature","geometry":{"type":"LineString","coordinates":[[32.94325,-9.42162],[32.94327,-9.4214],[32.9433,-9.42132],[32.94326,-9.42121],[32.94335,-9.42095]]},"properties":{"id":796870874,"cls":"path","hw":"path","tg":"na","name":"","ref":"","surface":"","sc":"unknown","speed":null,"lit":"unk","km":0.078}},
{"type":"Feature","geometry":{"type":"LineString","coordinates":[[32.94311,-9.42047],[32.9432,-9.42077],[32.94335,-9.42095],[32.94349,-9.42116],[32.94354,-9.42125],[32.94376,-9.42134]]},"properties":{"id":796870875,"cls":"path","hw":"path","tg":"na","name":"","ref":"","surface":"","sc":"unknown","speed":null,"lit":"unk","km":0.126}},
{"type":"Feature","geometry":{"type":"LineString","coordinates":[[32.94334,-9.42172],[32.94325,-9.42162],[32.94317,-9.42143],[32.94298,-9.42124],[32.94299,-9.42118],[32.94302,-9.4211],[32.94302,-9.421],[32.94298,-9.42091],[32.94297,-9.4209],[32.94292,-9.42086],[32.94289,-9.42084],[32.94283,-9.4208]]},"properties":{"id":796870876,"cls":"path","hw":"path","tg":"na","name":"","ref":"","surface":"","sc":"unknown","speed":null,"lit":"unk","km":0.126}},
{"type":"Feature","geometry":{"type":"LineString","coordinates":[[32.94236,-9.42221],[32.94252,-9.4224],[32.94251,-9.42249]]},"properties":{"id":796870877,"cls":"path","hw":"path","tg":"na","name":"","ref":"","surface":"","sc":"unknown","speed":null,"lit":"unk","km":0.038}},
{"type":"Feature","geometry":{"type":"LineString","coordinates":[[32.94272,-9.425],[32.94259,-9.42501],[32.94246,-9.42491],[32.94232,-9.42484],[32.94218,-9.42476]]},"properties":{"id":796870878,"cls":"path","hw":"path","tg":"na","name":"","ref":"","surface":"","sc":"unknown","speed":null,"lit":"unk","km":0.067}},
{"type":"Feature","geometry":{"type":"LineString","coordinates":[[32.94278,-9.42471],[32.94272,-9.425],[32.94274,-9.42507],[32.94271,-9.42518],[32.94245,-9.42542],[32.94223,-9.42562],[32.94204,-9.42578]]},"properties":{"id":796870879,"cls":"path","hw":"path","tg":"na","name":"","ref":"","surface":"","sc":"unknown","speed":null,"lit":"unk","km":0.153}},
{"type":"Feature","geometry":{"type":"LineString","coordinates":[[32.94294,-9.42655],[32.94295,-9.42646],[32.94298,-9.42615],[32.94298,-9.42587],[32.94291,-9.42554],[32.94291,-9.42538],[32.94291,-9.42515]]},"properties":{"id":796870880,"cls":"path","hw":"path","tg":"na","name":"","ref":"","surface":"","sc":"unknown","speed":null,"lit":"unk","km":0.157}},
{"type":"Feature","geometry":{"type":"LineString","coordinates":[[32.94401,-9.42564],[32.94368,-9.42633]]},"properties":{"id":796870881,"cls":"path","hw":"path","tg":"na","name":"","ref":"","surface":"","sc":"unknown","speed":null,"lit":"unk","km":0.085}},
{"type":"Feature","geometry":{"type":"LineString","coordinates":[[32.9428,-9.42473],[32.94304,-9.42474],[32.94313,-9.42475],[32.94323,-9.42478],[32.94337,-9.42477],[32.94355,-9.42481]]},"properties":{"id":796870882,"cls":"track","hw":"track","tg":"none","name":"","ref":"","surface":"","sc":"unknown","speed":null,"lit":"unk","km":0.083}},
{"type":"Feature","geometry":{"type":"LineString","coordinates":[[32.94365,-9.42456],[32.94355,-9.42481],[32.94349,-9.42492],[32.94342,-9.42505],[32.94333,-9.42517]]},"properties":{"id":796870883,"cls":"service","hw":"service","tg":"na","name":"","ref":"","surface":"","sc":"unknown","speed":null,"lit":"unk","km":0.077}},
{"type":"Feature","geometry":{"type":"LineString","coordinates":[[32.94447,-9.42381],[32.94442,-9.42404],[32.94441,-9.42409],[32.94439,-9.42417],[32.94432,-9.4243],[32.94426,-9.42436],[32.94402,-9.42442],[32.94396,-9.42445],[32.9439,-9.42451],[32.94365,-9.42456]]},"properties":{"id":796870884,"cls":"track","hw":"track","tg":"none","name":"","ref":"","surface":"","sc":"unknown","speed":null,"lit":"unk","km":0.139}},
{"type":"Feature","geometry":{"type":"LineString","coordinates":[[32.94447,-9.42381],[32.94442,-9.42379],[32.9443,-9.42377],[32.94424,-9.42376],[32.94409,-9.42374],[32.94404,-9.42376],[32.94391,-9.42375],[32.94378,-9.42374],[32.94357,-9.4238],[32.94347,-9.42382],[32.94337,-9.42381],[32.94336,-9.4238]]},"properties":{"id":796870886,"cls":"track","hw":"track","tg":"none","name":"","ref":"","surface":"","sc":"unknown","speed":null,"lit":"unk","km":0.125}},
{"type":"Feature","geometry":{"type":"LineString","coordinates":[[32.94712,-9.41936],[32.94715,-9.41968],[32.94726,-9.41992],[32.94696,-9.42035],[32.94695,-9.42082],[32.94703,-9.42134],[32.94701,-9.42168],[32.94673,-9.42222],[32.94624,-9.42294],[32.9461,-9.42317]]},"properties":{"id":796870897,"cls":"path","hw":"path","tg":"na","name":"","ref":"","surface":"","sc":"unknown","speed":null,"lit":"unk","km":0.465}},
{"type":"Feature","geometry":{"type":"LineString","coordinates":[[32.95093,-9.41502],[32.95085,-9.41511],[32.95073,-9.41546],[32.95054,-9.41559],[32.95044,-9.41576],[32.95034,-9.41591],[32.95024,-9.41613],[32.95014,-9.41641],[32.95007,-9.41653],[32.95004,-9.41658],[32.94989,-9.41674],[32.94987,-9.41683],[32.94958,-9.41719],[32.9494,-9.41748],[32.94932,-9.41769],[32.9492,-9.41779],[32.94905,-9.41807],[32.9489,-9.41838],[32.94879,-9.41861],[32.94853,-9.41883],[32.94826,-9.41895],[32.94807,-9.41899],[32.94792,-9.41901],[32.94776,-9.41908],[32.94751,-9.41909],[32.94728,-9.41925],[32.94712,-9.41936],[32.9469,-9.4195],[32.94672,-9.41964],[32.9465,-9.41973],[32.94636,-9.41986],[32.94594,-9.42006],[32.94579,-9.42014],[32.94571,-9.4202],[32.94539,-9.42025],[32.94514,-9.42023],[32.94496,-9.4203],[32.94462,-9.42043],[32.94454,-9.42046]]},"properties":{"id":796870898,"cls":"path","hw":"path","tg":"na","name":"","ref":"","surface":"","sc":"unknown","speed":null,"lit":"unk","km":0.993}},
{"type":"Feature","geometry":{"type":"LineString","coordinates":[[32.95294,-9.4268],[32.95301,-9.42692],[32.95309,-9.427],[32.95317,-9.42714],[32.95323,-9.42721],[32.95328,-9.42728],[32.95337,-9.42733],[32.95344,-9.42741]]},"properties":{"id":796870899,"cls":"path","hw":"path","tg":"na","name":"","ref":"","surface":"","sc":"unknown","speed":null,"lit":"unk","km":0.089}},
{"type":"Feature","geometry":{"type":"LineString","coordinates":[[32.94623,-9.41549],[32.94619,-9.41553],[32.94618,-9.4156],[32.9461,-9.4157],[32.94604,-9.41577],[32.94601,-9.41584],[32.94597,-9.41591],[32.94591,-9.41599],[32.94585,-9.41606],[32.94581,-9.41614],[32.94575,-9.41622],[32.9457,-9.41627],[32.94568,-9.4163],[32.94568,-9.41633],[32.94559,-9.4164],[32.94556,-9.41645],[32.94553,-9.41653],[32.94548,-9.41662],[32.94539,-9.41674],[32.94528,-9.4169],[32.94526,-9.41694],[32.94526,-9.41702],[32.94524,-9.41706],[32.94522,-9.41716],[32.9452,-9.41726],[32.94521,-9.41731],[32.9452,-9.41736],[32.94509,-9.41749],[32.94502,-9.41758],[32.94496,-9.41764]]},"properties":{"id":796870902,"cls":"path","hw":"path","tg":"na","name":"","ref":"","surface":"","sc":"unknown","speed":null,"lit":"unk","km":0.285}},
{"type":"Feature","geometry":{"type":"LineString","coordinates":[[32.94767,-9.4158],[32.94757,-9.41591],[32.9475,-9.41598],[32.94743,-9.41601],[32.94716,-9.41618],[32.94708,-9.41635],[32.94686,-9.4165],[32.94671,-9.41659],[32.9465,-9.41673],[32.94639,-9.41677],[32.94619,-9.41695],[32.94592,-9.41711],[32.94577,-9.4172],[32.94564,-9.41736],[32.94547,-9.41749],[32.94511,-9.41756],[32.94503,-9.4176],[32.94496,-9.41764],[32.9449,-9.41767],[32.94486,-9.4177],[32.94475,-9.41769]]},"properties":{"id":796870903,"cls":"path","hw":"path","tg":"na","name":"","ref":"","surface":"","sc":"unknown","speed":null,"lit":"unk","km":0.395}},
{"type":"Feature","geometry":{"type":"LineString","coordinates":[[32.95102,-9.41434],[32.95098,-9.41448],[32.95093,-9.41502],[32.95091,-9.41515],[32.95083,-9.41613],[32.95076,-9.41644],[32.95068,-9.41681],[32.95057,-9.41738],[32.9504,-9.41808],[32.95001,-9.4198],[32.94979,-9.4206],[32.94952,-9.42173],[32.94929,-9.4226],[32.94917,-9.42311],[32.94908,-9.42346],[32.94884,-9.42444]]},"properties":{"id":796870904,"cls":"unclassified","hw":"unclassified","tg":"na","name":"","ref":"","surface":"","sc":"unknown","speed":null,"lit":"unk","km":1.15}},
{"type":"Feature","geometry":{"type":"LineString","coordinates":[[32.9568,-9.42358],[32.95704,-9.42357],[32.95715,-9.42364],[32.95743,-9.42356],[32.9576,-9.42355],[32.95782,-9.42361],[32.95806,-9.42366],[32.95816,-9.42381],[32.95846,-9.42375],[32.95865,-9.42366],[32.95874,-9.42363],[32.95882,-9.42351],[32.95905,-9.42328]]},"properties":{"id":796870908,"cls":"path","hw":"path","tg":"na","name":"","ref":"","surface":"","sc":"unknown","speed":null,"lit":"unk","km":0.282}},
{"type":"Feature","geometry":{"type":"LineString","coordinates":[[32.95552,-9.42401],[32.95559,-9.42407],[32.95568,-9.4241],[32.95574,-9.42413],[32.95587,-9.42416],[32.95598,-9.42419],[32.95615,-9.42426],[32.95626,-9.42427],[32.95637,-9.42431],[32.95646,-9.42436],[32.95645,-9.42443],[32.95668,-9.42453],[32.95689,-9.42467],[32.95697,-9.42472],[32.95717,-9.42473],[32.95727,-9.42474],[32.95732,-9.42476],[32.9574,-9.42481],[32.95765,-9.42485],[32.9578,-9.42487],[32.95792,-9.42492],[32.9581,-9.42502],[32.95813,-9.42509]]},"properties":{"id":796870919,"cls":"track","hw":"track","tg":"none","name":"","ref":"","surface":"","sc":"unknown","speed":null,"lit":"unk","km":0.324}},
{"type":"Feature","geometry":{"type":"LineString","coordinates":[[32.95904,-9.4149],[32.95896,-9.415],[32.95893,-9.41508],[32.95877,-9.4153],[32.95871,-9.41553],[32.95872,-9.41559],[32.95875,-9.41573],[32.95871,-9.41586],[32.95871,-9.41607],[32.95869,-9.41619],[32.95869,-9.41625],[32.95864,-9.41633],[32.9585,-9.41645],[32.95832,-9.41666],[32.95817,-9.41679],[32.95802,-9.41699],[32.95795,-9.41715],[32.95789,-9.41742],[32.95778,-9.41773],[32.95773,-9.41796],[32.95767,-9.41822],[32.95763,-9.41836],[32.95758,-9.41854],[32.95754,-9.41864],[32.95744,-9.41893],[32.95736,-9.41919],[32.95726,-9.41938],[32.95716,-9.41954],[32.95711,-9.41967],[32.95709,-9.4198],[32.957,-9.41993],[32.95681,-9.42017],[32.95677,-9.42022],[32.95674,-9.42031],[32.95666,-9.42041],[32.95663,-9.42055],[32.95649,-9.42075],[32.95647,-9.42087],[32.95642,-9.42102],[32.95635,-9.4212],[32.95616,-9.42165],[32.95607,-9.42177],[32.95597,-9.42186],[32.95591,-9.42219],[32.95585,-9.4223],[32.95582,-9.42236],[32.95578,-9.4225],[32.95577,-9.42257],[32.95575,-9.42266],[32.9557,-9.42287],[32.95569,-9.42297],[32.95566,-9.42308],[32.95568,-9.42323],[32.95566,-9.42334],[32.95567,-9.42344],[32.95565,-9.42354],[32.95562,-9.42364],[32.9556,-9.42369],[32.95556,-9.42377],[32.95556,-9.42385],[32.95552,-9.42391],[32.95552,-9.42401],[32.95549,-9.42407],[32.95544,-9.42408],[32.95538,-9.42406],[32.95536,-9.42403],[32.95528,-9.42402]]},"properties":{"id":796870920,"cls":"path","hw":"path","tg":"na","name":"","ref":"","surface":"","sc":"unknown","speed":null,"lit":"unk","km":1.148}},
{"type":"Feature","geometry":{"type":"LineString","coordinates":[[32.95615,-9.42506],[32.95622,-9.42487],[32.95628,-9.42485],[32.95628,-9.42476],[32.95643,-9.42462],[32.95644,-9.4245],[32.95645,-9.42443],[32.95649,-9.42438],[32.95658,-9.42423],[32.95661,-9.4242],[32.95663,-9.42405],[32.95663,-9.42394],[32.95666,-9.42386],[32.95667,-9.42372],[32.95678,-9.42362],[32.9568,-9.42358],[32.95683,-9.42353],[32.95686,-9.42349],[32.95686,-9.42338],[32.95687,-9.42334],[32.95691,-9.42311],[32.95696,-9.42305],[32.95695,-9.42299],[32.95694,-9.42283],[32.95691,-9.42278],[32.95693,-9.42274],[32.95694,-9.42269],[32.95692,-9.42259],[32.9569,-9.42248],[32.9569,-9.42243],[32.95693,-9.42234],[32.95693,-9.42227],[32.95691,-9.42221],[32.95695,-9.42203],[32.9571,-9.42179],[32.95717,-9.42163],[32.95717,-9.42155],[32.95723,-9.4214],[32.95725,-9.42115],[32.95727,-9.42103],[32.95731,-9.42089],[32.95736,-9.42075],[32.95738,-9.42066],[32.95744,-9.42043],[32.95743,-9.42034],[32.95747,-9.42021],[32.95753,-9.4201],[32.95754,-9.41995],[32.95753,-9.41976],[32.95756,-9.41946],[32.95756,-9.41932],[32.95787,-9.41913],[32.958,-9.41905],[32.95816,-9.41895],[32.95827,-9.41881],[32.95843,-9.41878],[32.95864,-9.41856],[32.95894,-9.41847]]},"properties":{"id":796870921,"cls":"path","hw":"path","tg":"na","name":"","ref":"","surface":"","sc":"unknown","speed":null,"lit":"unk","km":0.868}},
{"type":"Feature","geometry":{"type":"LineString","coordinates":[[32.94578,-9.44899],[32.94572,-9.44906],[32.94567,-9.44913],[32.94562,-9.44921],[32.94559,-9.44924],[32.94557,-9.44928],[32.94554,-9.44933],[32.94553,-9.44935]]},"properties":{"id":796948524,"cls":"path","hw":"path","tg":"na","name":"","ref":"","surface":"","sc":"unknown","speed":null,"lit":"unk","km":0.049}},
{"type":"Feature","geometry":{"type":"LineString","coordinates":[[32.94536,-9.4496],[32.9454,-9.44954],[32.94543,-9.44947],[32.94545,-9.44942],[32.94545,-9.4494]]},"properties":{"id":796948526,"cls":"unclassified","hw":"unclassified","tg":"na","name":"","ref":"","surface":"","sc":"unknown","speed":null,"lit":"unk","km":0.025}},
{"type":"Feature","geometry":{"type":"LineString","coordinates":[[32.9454,-9.44954],[32.94546,-9.4495],[32.94549,-9.44949],[32.9455,-9.44945],[32.9455,-9.44941],[32.94553,-9.44935]]},"properties":{"id":796948527,"cls":"unclassified","hw":"unclassified","tg":"na","name":"","ref":"","surface":"","sc":"unknown","speed":null,"lit":"unk","km":0.028}},
{"type":"Feature","geometry":{"type":"LineString","coordinates":[[32.94389,-9.45037],[32.94399,-9.4503],[32.94404,-9.45027],[32.94408,-9.45025],[32.94416,-9.4502],[32.94424,-9.45017],[32.94432,-9.45014],[32.94439,-9.45012],[32.94447,-9.45006],[32.94461,-9.44997],[32.94471,-9.44993],[32.94482,-9.44989],[32.94493,-9.44986],[32.94503,-9.44986],[32.94515,-9.44985],[32.94527,-9.44983],[32.94531,-9.44983]]},"properties":{"id":796948528,"cls":"unclassified","hw":"unclassified","tg":"na","name":"","ref":"","surface":"","sc":"unknown","speed":null,"lit":"unk","km":0.17}},
{"type":"Feature","geometry":{"type":"LineString","coordinates":[[32.95872,-9.45673],[32.95867,-9.45679],[32.95864,-9.45683],[32.95862,-9.45685],[32.9586,-9.4569]]},"properties":{"id":796948534,"cls":"path","hw":"path","tg":"na","name":"","ref":"","surface":"","sc":"unknown","speed":null,"lit":"unk","km":0.023}},
{"type":"Feature","geometry":{"type":"LineString","coordinates":[[32.98228,-9.4576],[32.98221,-9.45759],[32.9821,-9.4575]]},"properties":{"id":796948579,"cls":"path","hw":"path","tg":"na","name":"","ref":"","surface":"","sc":"unknown","speed":null,"lit":"unk","km":0.023}},
{"type":"Feature","geometry":{"type":"LineString","coordinates":[[32.9821,-9.4575],[32.98203,-9.45748],[32.98198,-9.45743],[32.98194,-9.45739],[32.98182,-9.45737],[32.98174,-9.45737],[32.98168,-9.45738],[32.98157,-9.45738],[32.98149,-9.45738],[32.98146,-9.45738],[32.9814,-9.45738],[32.98125,-9.4574]]},"properties":{"id":796948580,"cls":"path","hw":"path","tg":"na","name":"","ref":"","surface":"","sc":"unknown","speed":null,"lit":"unk","km":0.098}},
{"type":"Feature","geometry":{"type":"LineString","coordinates":[[32.97586,-9.45685],[32.97579,-9.45691],[32.97575,-9.45696],[32.97561,-9.45701],[32.97533,-9.45704],[32.97507,-9.45706],[32.97478,-9.45698],[32.97467,-9.45698],[32.97454,-9.45696],[32.97446,-9.45695]]},"properties":{"id":796948585,"cls":"unclassified","hw":"unclassified","tg":"na","name":"","ref":"","surface":"unpaved","sc":"unpaved","speed":null,"lit":"unk","km":0.161}},
{"type":"Feature","geometry":{"type":"LineString","coordinates":[[32.9449,-9.46151],[32.94493,-9.46151],[32.94499,-9.46154],[32.94502,-9.46154],[32.9451,-9.46154],[32.94514,-9.46155],[32.9452,-9.46158],[32.94523,-9.46158],[32.94529,-9.46153],[32.94531,-9.46152]]},"properties":{"id":796948651,"cls":"path","hw":"path","tg":"na","name":"","ref":"","surface":"","sc":"unknown","speed":null,"lit":"unk","km":0.049}},
{"type":"Feature","geometry":{"type":"LineString","coordinates":[[32.94874,-9.43032],[32.94894,-9.43036]]},"properties":{"id":796962685,"cls":"path","hw":"path","tg":"na","name":"","ref":"","surface":"","sc":"unknown","speed":null,"lit":"unk","km":0.022}},
{"type":"Feature","geometry":{"type":"LineString","coordinates":[[32.94886,-9.43057],[32.94888,-9.43054],[32.94891,-9.43051]]},"properties":{"id":796962692,"cls":"path","hw":"path","tg":"na","name":"","ref":"","surface":"","sc":"unknown","speed":null,"lit":"unk","km":0.009}},
{"type":"Feature","geometry":{"type":"LineString","coordinates":[[32.94886,-9.43063],[32.94891,-9.43067],[32.94895,-9.43069],[32.94899,-9.43067],[32.94904,-9.43062],[32.94911,-9.4306],[32.94923,-9.4306]]},"properties":{"id":796962693,"cls":"path","hw":"path","tg":"na","name":"","ref":"","surface":"","sc":"unknown","speed":null,"lit":"unk","km":0.046}},
{"type":"Feature","geometry":{"type":"LineString","coordinates":[[32.94902,-9.43004],[32.94911,-9.42989],[32.94919,-9.42975],[32.94919,-9.42969],[32.94919,-9.42961],[32.94924,-9.42955],[32.94929,-9.42948],[32.94939,-9.42939],[32.94948,-9.42931],[32.94957,-9.42926],[32.94969,-9.42921],[32.94983,-9.42914],[32.94987,-9.42909],[32.94988,-9.42903],[32.94995,-9.42888],[32.95002,-9.42879],[32.95011,-9.42865],[32.95023,-9.42856],[32.95031,-9.42849],[32.95036,-9.42843],[32.95045,-9.42832],[32.95045,-9.42827],[32.95054,-9.4281],[32.95053,-9.42806],[32.95055,-9.42802],[32.95055,-9.42796],[32.95058,-9.42785],[32.95059,-9.42779],[32.95061,-9.42772],[32.95064,-9.42759],[32.95065,-9.42751],[32.95067,-9.42744],[32.9507,-9.42711],[32.95072,-9.42689],[32.95082,-9.42668],[32.9509,-9.4265],[32.95101,-9.42625],[32.95112,-9.42616],[32.95113,-9.42611]]},"properties":{"id":796962699,"cls":"path","hw":"path","tg":"na","name":"","ref":"","surface":"","sc":"unknown","speed":null,"lit":"unk","km":0.521}},
{"type":"Feature","geometry":{"type":"LineString","coordinates":[[32.95344,-9.42741],[32.95354,-9.42745],[32.9536,-9.4275],[32.95366,-9.42756],[32.95371,-9.42763],[32.95378,-9.42771],[32.95383,-9.42775],[32.95387,-9.42782],[32.95396,-9.42791],[32.954,-9.42798],[32.95407,-9.42803],[32.95421,-9.42817],[32.95423,-9.42821],[32.95431,-9.42827],[32.95436,-9.42833],[32.95437,-9.42838],[32.95441,-9.42844],[32.95444,-9.42849],[32.95453,-9.4286]]},"properties":{"id":796962700,"cls":"track","hw":"track","tg":"none","name":"","ref":"","surface":"","sc":"unknown","speed":null,"lit":"unk","km":0.182}},
{"type":"Feature","geometry":{"type":"LineString","coordinates":[[32.9562,-9.42734],[32.95616,-9.42754],[32.95615,-9.42768],[32.95611,-9.42782],[32.95605,-9.4279],[32.95597,-9.42808],[32.95592,-9.42825],[32.95578,-9.42826],[32.95574,-9.42828],[32.95568,-9.4283],[32.95559,-9.42835],[32.95557,-9.42843],[32.95555,-9.42844],[32.95553,-9.42844],[32.9554,-9.42845]]},"properties":{"id":796962701,"cls":"track","hw":"track","tg":"none","name":"","ref":"","surface":"","sc":"unknown","speed":null,"lit":"unk","km":0.174}},
{"type":"Feature","geometry":{"type":"LineString","coordinates":[[32.95051,-9.43169],[32.95058,-9.43174],[32.9506,-9.43174],[32.95064,-9.43171]]},"properties":{"id":796962712,"cls":"path","hw":"path","tg":"na","name":"","ref":"","surface":"","sc":"unknown","speed":null,"lit":"unk","km":0.017}},
{"type":"Feature","geometry":{"type":"LineString","coordinates":[[32.94968,-9.47069],[32.94958,-9.47077],[32.94954,-9.47081],[32.9495,-9.47087],[32.9495,-9.47093],[32.94946,-9.47099],[32.94939,-9.47103],[32.94933,-9.47107],[32.94924,-9.47113],[32.94917,-9.47119],[32.94907,-9.47132],[32.949,-9.47141],[32.94898,-9.47146],[32.94896,-9.47149],[32.94892,-9.47151],[32.94886,-9.47153],[32.94879,-9.47157],[32.94876,-9.47161],[32.9487,-9.47163],[32.94862,-9.47165],[32.94853,-9.47166],[32.94848,-9.47169],[32.94843,-9.47169],[32.94837,-9.47174],[32.9483,-9.47178],[32.94826,-9.47182],[32.94824,-9.47184]]},"properties":{"id":797903365,"cls":"path","hw":"path","tg":"na","name":"","ref":"","surface":"","sc":"unknown","speed":null,"lit":"unk","km":0.214}},
{"type":"Feature","geometry":{"type":"LineString","coordinates":[[32.94936,-9.47229],[32.94939,-9.47231],[32.94944,-9.47233],[32.94951,-9.47235],[32.94956,-9.47234],[32.94959,-9.47237],[32.94963,-9.47243],[32.94969,-9.47249],[32.94976,-9.47252],[32.94981,-9.47254],[32.9499,-9.47256],[32.94994,-9.47258],[32.95003,-9.47261],[32.95012,-9.47262],[32.95021,-9.47265],[32.95028,-9.47265],[32.95032,-9.47268],[32.95038,-9.47269],[32.95046,-9.47274],[32.95058,-9.47278],[32.95061,-9.4728],[32.95067,-9.47289],[32.95088,-9.47307],[32.95099,-9.47313],[32.95104,-9.47316],[32.95111,-9.4732],[32.95118,-9.47324],[32.95125,-9.47327],[32.95131,-9.47331],[32.95139,-9.47336],[32.95147,-9.47335],[32.95157,-9.47328],[32.95165,-9.47324]]},"properties":{"id":797903366,"cls":"path","hw":"path","tg":"na","name":"","ref":"","surface":"","sc":"unknown","speed":null,"lit":"unk","km":0.293}},
{"type":"Feature","geometry":{"type":"LineString","coordinates":[[32.95193,-9.47165],[32.95188,-9.47156],[32.95185,-9.47147],[32.95177,-9.47114],[32.95174,-9.47094],[32.95175,-9.47083],[32.95172,-9.47077],[32.95171,-9.47073]]},"properties":{"id":797903368,"cls":"path","hw":"path","tg":"na","name":"","ref":"","surface":"","sc":"unknown","speed":null,"lit":"unk","km":0.106}},
{"type":"Feature","geometry":{"type":"LineString","coordinates":[[32.9577,-9.47087],[32.95783,-9.47104],[32.95792,-9.47111],[32.95798,-9.47124],[32.95815,-9.47145],[32.95838,-9.47173],[32.95843,-9.47181],[32.95839,-9.47189]]},"properties":{"id":797903372,"cls":"path","hw":"path","tg":"na","name":"","ref":"","surface":"","sc":"unknown","speed":null,"lit":"unk","km":0.142}},
{"type":"Feature","geometry":{"type":"LineString","coordinates":[[32.96015,-9.46974],[32.96012,-9.46983],[32.96009,-9.46988],[32.96003,-9.46992],[32.95998,-9.46998],[32.95986,-9.47007],[32.95983,-9.47009],[32.9598,-9.47009],[32.95966,-9.4702],[32.95952,-9.47031],[32.95945,-9.47044],[32.95945,-9.47046],[32.95945,-9.47049],[32.95945,-9.47051],[32.95942,-9.47057],[32.95941,-9.47059],[32.95942,-9.47062],[32.95942,-9.47064],[32.9594,-9.47068],[32.95939,-9.47071],[32.95923,-9.47091],[32.95897,-9.47106],[32.95881,-9.47121],[32.95881,-9.47124],[32.95875,-9.47141]]},"properties":{"id":797903376,"cls":"path","hw":"path","tg":"na","name":"","ref":"","surface":"","sc":"unknown","speed":null,"lit":"unk","km":0.254}},
{"type":"Feature","geometry":{"type":"LineString","coordinates":[[32.95875,-9.47141],[32.95879,-9.47143],[32.95879,-9.47145],[32.95874,-9.47154],[32.95871,-9.47165],[32.95871,-9.4717],[32.95864,-9.47181],[32.95862,-9.47185],[32.95856,-9.47188],[32.95848,-9.47196]]},"properties":{"id":797903377,"cls":"path","hw":"path","tg":"na","name":"","ref":"","surface":"","sc":"unknown","speed":null,"lit":"unk","km":0.076}},
{"type":"Feature","geometry":{"type":"LineString","coordinates":[[32.95669,-9.47172],[32.9567,-9.47177],[32.9567,-9.47181],[32.9567,-9.47188],[32.95668,-9.47192],[32.95661,-9.47196],[32.95656,-9.472],[32.95653,-9.47202],[32.9565,-9.47205],[32.95646,-9.47207],[32.9564,-9.47209],[32.95635,-9.47211],[32.95632,-9.47214],[32.95629,-9.47219],[32.95628,-9.47227],[32.95627,-9.47236],[32.95623,-9.47247],[32.95623,-9.47257],[32.9562,-9.4726],[32.95618,-9.47265],[32.95616,-9.47274],[32.95615,-9.47281],[32.95615,-9.47285],[32.95613,-9.47289],[32.95611,-9.47294],[32.95608,-9.47296],[32.95605,-9.47308],[32.95602,-9.47313],[32.95601,-9.47318],[32.956,-9.47324],[32.95598,-9.47331],[32.95595,-9.47338],[32.95595,-9.47347],[32.95595,-9.47354],[32.95591,-9.4736],[32.95588,-9.47364]]},"properties":{"id":797903379,"cls":"path","hw":"path","tg":"na","name":"","ref":"","surface":"","sc":"unknown","speed":null,"lit":"unk","km":0.248}},
{"type":"Feature","geometry":{"type":"LineString","coordinates":[[32.95588,-9.47364],[32.95586,-9.47371],[32.95585,-9.47383],[32.95583,-9.47392],[32.9558,-9.47404],[32.95576,-9.47415],[32.95577,-9.47423],[32.95575,-9.47433],[32.95571,-9.47443],[32.95568,-9.4745],[32.95565,-9.47457],[32.95557,-9.47471],[32.95556,-9.47476],[32.95555,-9.47485],[32.95554,-9.47489],[32.95552,-9.47493],[32.95547,-9.475]]},"properties":{"id":797903381,"cls":"path","hw":"path","tg":"na","name":"","ref":"","surface":"","sc":"unknown","speed":null,"lit":"unk","km":0.16}},
{"type":"Feature","geometry":{"type":"LineString","coordinates":[[32.95547,-9.475],[32.95551,-9.47506],[32.95557,-9.47514],[32.95564,-9.47524],[32.9557,-9.47529],[32.95572,-9.47534],[32.95577,-9.47538],[32.95582,-9.47544],[32.95594,-9.47553],[32.95598,-9.47561],[32.95601,-9.47567],[32.95602,-9.47571],[32.95603,-9.47579],[32.95604,-9.47582],[32.95607,-9.47585]]},"properties":{"id":797903382,"cls":"path","hw":"path","tg":"na","name":"","ref":"","surface":"","sc":"unknown","speed":null,"lit":"unk","km":0.118}},
{"type":"Feature","geometry":{"type":"LineString","coordinates":[[32.95631,-9.47534],[32.95629,-9.47536],[32.95626,-9.47536],[32.95622,-9.47537],[32.95617,-9.47538],[32.95612,-9.47537],[32.95608,-9.47537],[32.95603,-9.47538],[32.95599,-9.47539],[32.95596,-9.4754],[32.95591,-9.47541],[32.95588,-9.47542],[32.95583,-9.47544],[32.95582,-9.47544],[32.95578,-9.47545],[32.95572,-9.47546],[32.95568,-9.4755],[32.95563,-9.47553],[32.9556,-9.47556],[32.95557,-9.47558],[32.95553,-9.47559],[32.9555,-9.47561],[32.95547,-9.47563],[32.95543,-9.47566],[32.95539,-9.47569],[32.95536,-9.47574],[32.95531,-9.47576],[32.95526,-9.47578],[32.95523,-9.47582],[32.95516,-9.4759],[32.9551,-9.47594],[32.95504,-9.47597],[32.95498,-9.47601],[32.95492,-9.47605],[32.95486,-9.47609],[32.95478,-9.47614],[32.95472,-9.47619],[32.95463,-9.47625]]},"properties":{"id":797903383,"cls":"path","hw":"path","tg":"na","name":"","ref":"","surface":"","sc":"unknown","speed":null,"lit":"unk","km":0.218}},
{"type":"Feature","geometry":{"type":"LineString","coordinates":[[32.95547,-9.475],[32.95542,-9.47504],[32.95539,-9.47512],[32.95534,-9.47518],[32.95523,-9.47526],[32.95521,-9.47531],[32.95504,-9.47557],[32.955,-9.47561],[32.95499,-9.47567],[32.95496,-9.47577],[32.95492,-9.47583],[32.95484,-9.47589],[32.95477,-9.47594],[32.95473,-9.47601],[32.95469,-9.4761],[32.95463,-9.47625],[32.9546,-9.4763],[32.95455,-9.47638],[32.95443,-9.47651],[32.95438,-9.47664],[32.95437,-9.47682],[32.95432,-9.47693],[32.95426,-9.47704],[32.95422,-9.47715],[32.95419,-9.47727],[32.95415,-9.47738],[32.95411,-9.47749],[32.95408,-9.47755],[32.95404,-9.47769]]},"properties":{"id":797903384,"cls":"path","hw":"path","tg":"na","name":"","ref":"","surface":"","sc":"unknown","speed":null,"lit":"unk","km":0.347}},
{"type":"Feature","geometry":{"type":"LineString","coordinates":[[32.952,-9.4777],[32.95212,-9.47775],[32.95218,-9.47779],[32.95224,-9.4778],[32.95232,-9.4778],[32.95238,-9.47778],[32.95254,-9.47778],[32.95266,-9.47779],[32.95272,-9.4778],[32.9528,-9.47783],[32.95287,-9.47782],[32.95296,-9.47783],[32.95303,-9.47784],[32.9531,-9.47788],[32.95318,-9.47788],[32.95333,-9.47792],[32.95343,-9.47797],[32.95355,-9.47799],[32.95361,-9.47799],[32.95376,-9.478],[32.95383,-9.478],[32.95393,-9.47803]]},"properties":{"id":797903390,"cls":"path","hw":"path","tg":"na","name":"","ref":"","surface":"","sc":"unknown","speed":null,"lit":"unk","km":0.219}},
{"type":"Feature","geometry":{"type":"LineString","coordinates":[[32.94956,-9.4791],[32.94961,-9.47915],[32.9496,-9.4792],[32.9496,-9.47926]]},"properties":{"id":797903394,"cls":"path","hw":"path","tg":"na","name":"","ref":"","surface":"","sc":"unknown","speed":null,"lit":"unk","km":0.02}},
{"type":"Feature","geometry":{"type":"LineString","coordinates":[[32.95466,-9.48177],[32.95465,-9.48194],[32.95464,-9.48201],[32.95464,-9.48213],[32.95463,-9.48222]]},"properties":{"id":797903397,"cls":"residential","hw":"residential","tg":"na","name":"","ref":"","surface":"","sc":"unknown","speed":null,"lit":"unk","km":0.05}},
{"type":"Feature","geometry":{"type":"LineString","coordinates":[[32.95464,-9.48213],[32.95477,-9.48213],[32.9548,-9.48214],[32.95492,-9.4822],[32.95503,-9.48222]]},"properties":{"id":797903402,"cls":"path","hw":"path","tg":"na","name":"","ref":"","surface":"","sc":"unknown","speed":null,"lit":"unk","km":0.045}},
{"type":"Feature","geometry":{"type":"LineString","coordinates":[[32.95049,-9.48493],[32.95057,-9.48485],[32.95066,-9.48485]]},"properties":{"id":797903403,"cls":"path","hw":"path","tg":"na","name":"","ref":"","surface":"","sc":"unknown","speed":null,"lit":"unk","km":0.022}},
{"type":"Feature","geometry":{"type":"LineString","coordinates":[[32.95066,-9.48485],[32.95078,-9.48479],[32.95088,-9.4847],[32.95101,-9.48459],[32.95121,-9.48443],[32.95159,-9.48413],[32.95189,-9.48388],[32.9519,-9.48381],[32.95198,-9.48373],[32.95209,-9.48367],[32.95221,-9.48356],[32.95235,-9.48344],[32.95249,-9.48335],[32.95254,-9.48332],[32.95259,-9.48323],[32.95265,-9.48312],[32.95269,-9.48308],[32.9527,-9.48303],[32.95271,-9.4829],[32.95272,-9.48284],[32.95275,-9.48278],[32.95281,-9.48268],[32.95286,-9.48256],[32.95289,-9.48246],[32.95293,-9.48241],[32.953,-9.48236],[32.95306,-9.4823],[32.95312,-9.4822],[32.95316,-9.48222],[32.95321,-9.48215],[32.95325,-9.48212],[32.95336,-9.48208],[32.9534,-9.48201],[32.95346,-9.4819],[32.9535,-9.48183],[32.95352,-9.48179],[32.95355,-9.48176]]},"properties":{"id":797903404,"cls":"path","hw":"path","tg":"na","name":"","ref":"","surface":"","sc":"unknown","speed":null,"lit":"unk","km":0.488}},
{"type":"Feature","geometry":{"type":"LineString","coordinates":[[32.95355,-9.48176],[32.95362,-9.48173],[32.95367,-9.48173],[32.95372,-9.48174],[32.95375,-9.48174],[32.95381,-9.48169],[32.95384,-9.48167]]},"properties":{"id":797903407,"cls":"residential","hw":"residential","tg":"na","name":"","ref":"","surface":"","sc":"unknown","speed":null,"lit":"unk","km":0.035}},
{"type":"Feature","geometry":{"type":"LineString","coordinates":[[32.95384,-9.48197],[32.95386,-9.48193],[32.95386,-9.48191],[32.95386,-9.48188],[32.95388,-9.48183],[32.9539,-9.48178],[32.95391,-9.48173],[32.95385,-9.48169],[32.95384,-9.48167],[32.95386,-9.48162],[32.95391,-9.48156]]},"properties":{"id":797903408,"cls":"residential","hw":"residential","tg":"na","name":"","ref":"","surface":"","sc":"unknown","speed":null,"lit":"unk","km":0.053}},
{"type":"Feature","geometry":{"type":"LineString","coordinates":[[32.95038,-9.48477],[32.95041,-9.48485]]},"properties":{"id":797903417,"cls":"path","hw":"path","tg":"na","name":"","ref":"","surface":"","sc":"unknown","speed":null,"lit":"unk","km":0.009}},
{"type":"Feature","geometry":{"type":"LineString","coordinates":[[32.9528,-9.49044],[32.95278,-9.49041],[32.95275,-9.4904],[32.95256,-9.49037]]},"properties":{"id":797903426,"cls":"track","hw":"track","tg":"none","name":"","ref":"","surface":"","sc":"unknown","speed":null,"lit":"unk","km":0.029}},
{"type":"Feature","geometry":{"type":"LineString","coordinates":[[32.95827,-9.49011],[32.95827,-9.49017],[32.95835,-9.49019]]},"properties":{"id":797903432,"cls":"track","hw":"track","tg":"none","name":"","ref":"","surface":"","sc":"unknown","speed":null,"lit":"unk","km":0.016}},
{"type":"Feature","geometry":{"type":"LineString","coordinates":[[32.95941,-9.49242],[32.9595,-9.49243],[32.95965,-9.49247],[32.95984,-9.49252],[32.96007,-9.49261],[32.96019,-9.49264],[32.96035,-9.49263],[32.96063,-9.49276]]},"properties":{"id":798811047,"cls":"path","hw":"path","tg":"na","name":"","ref":"","surface":"","sc":"unknown","speed":null,"lit":"unk","km":0.141}},
{"type":"Feature","geometry":{"type":"LineString","coordinates":[[32.96063,-9.49276],[32.96079,-9.49241]]},"properties":{"id":798811048,"cls":"path","hw":"path","tg":"na","name":"","ref":"","surface":"","sc":"unknown","speed":null,"lit":"unk","km":0.043}},
{"type":"Feature","geometry":{"type":"LineString","coordinates":[[32.97772,-9.4972],[32.97787,-9.49708],[32.97831,-9.49639],[32.97841,-9.49629],[32.97868,-9.49605],[32.97891,-9.49581],[32.97911,-9.49552],[32.97916,-9.49541],[32.97933,-9.49528],[32.97973,-9.49482],[32.97982,-9.4947],[32.97991,-9.4946]]},"properties":{"id":798811050,"cls":"path","hw":"path","tg":"na","name":"","ref":"","surface":"","sc":"unknown","speed":null,"lit":"unk","km":0.379}},
{"type":"Feature","geometry":{"type":"LineString","coordinates":[[32.9822,-9.49266],[32.98201,-9.49265],[32.98186,-9.49271],[32.98161,-9.49287],[32.98145,-9.49307],[32.9813,-9.49313],[32.98115,-9.49325],[32.98088,-9.49346],[32.98075,-9.49358],[32.98066,-9.49364],[32.98057,-9.49369],[32.98053,-9.49375],[32.98049,-9.49376],[32.9804,-9.49379]]},"properties":{"id":798811051,"cls":"path","hw":"path","tg":"na","name":"","ref":"","surface":"","sc":"unknown","speed":null,"lit":"unk","km":0.242}},
{"type":"Feature","geometry":{"type":"LineString","coordinates":[[32.96808,-9.48391],[32.96801,-9.48379],[32.96813,-9.4836],[32.96828,-9.4833],[32.96838,-9.48302],[32.96844,-9.48291],[32.96845,-9.48278],[32.96856,-9.4826],[32.96862,-9.48249],[32.96865,-9.48239],[32.96875,-9.48228],[32.96881,-9.48216],[32.96895,-9.48194],[32.96915,-9.4818],[32.96963,-9.48183],[32.9699,-9.48181],[32.97026,-9.48172],[32.97076,-9.48161],[32.97121,-9.4817],[32.9715,-9.48164],[32.97193,-9.48163],[32.97214,-9.48162],[32.97229,-9.48162],[32.97242,-9.48157]]},"properties":{"id":798915158,"cls":"path","hw":"path","tg":"na","name":"","ref":"","surface":"","sc":"unknown","speed":null,"lit":"unk","km":0.639}},
{"type":"Feature","geometry":{"type":"LineString","coordinates":[[32.97023,-9.48362],[32.97041,-9.48341],[32.97089,-9.48318],[32.97112,-9.48304],[32.97116,-9.48293],[32.97161,-9.48268],[32.9719,-9.48237],[32.97215,-9.48204],[32.97232,-9.48172],[32.97242,-9.48157],[32.97279,-9.48146],[32.97302,-9.48134],[32.9732,-9.48117],[32.97339,-9.48111],[32.97346,-9.48104]]},"properties":{"id":798915159,"cls":"path","hw":"path","tg":"na","name":"","ref":"","surface":"","sc":"unknown","speed":null,"lit":"unk","km":0.472}},
{"type":"Feature","geometry":{"type":"LineString","coordinates":[[32.97662,-9.46618],[32.97667,-9.46621],[32.97673,-9.46626],[32.97697,-9.46642],[32.97726,-9.4666],[32.97756,-9.46677],[32.97776,-9.4669],[32.97789,-9.46708],[32.97802,-9.46719],[32.97814,-9.46726],[32.97827,-9.46743],[32.97844,-9.46761],[32.97865,-9.46776],[32.97878,-9.46792],[32.97904,-9.46813],[32.97908,-9.46817],[32.97943,-9.46847],[32.97955,-9.46853],[32.97967,-9.46866],[32.97968,-9.4689],[32.97975,-9.46899],[32.97979,-9.46912],[32.97992,-9.46934],[32.98006,-9.4696],[32.98015,-9.4698],[32.98019,-9.47003],[32.98028,-9.47023],[32.98034,-9.47045],[32.9804,-9.47053],[32.98073,-9.47087],[32.98109,-9.47116]]},"properties":{"id":798915160,"cls":"path","hw":"path","tg":"na","name":"","ref":"","surface":"","sc":"unknown","speed":null,"lit":"unk","km":0.768}},
{"type":"Feature","geometry":{"type":"LineString","coordinates":[[32.9788,-9.4711],[32.97932,-9.47117],[32.98018,-9.4712],[32.98082,-9.47117],[32.98109,-9.47116],[32.98158,-9.47124],[32.98177,-9.47123],[32.98212,-9.47129],[32.98248,-9.47128],[32.98263,-9.47133],[32.98302,-9.47133],[32.98332,-9.47143],[32.98341,-9.47108],[32.98342,-9.47088],[32.98346,-9.47063]]},"properties":{"id":798915161,"cls":"path","hw":"path","tg":"na","name":"","ref":"","surface":"","sc":"unknown","speed":null,"lit":"unk","km":0.591}},
{"type":"Feature","geometry":{"type":"LineString","coordinates":[[32.98048,-9.47493],[32.98074,-9.47506],[32.98092,-9.47517],[32.98113,-9.4753]]},"properties":{"id":798915162,"cls":"path","hw":"path","tg":"na","name":"","ref":"","surface":"","sc":"unknown","speed":null,"lit":"unk","km":0.082}},
{"type":"Feature","geometry":{"type":"LineString","coordinates":[[32.97832,-9.48465],[32.9785,-9.48468],[32.97857,-9.48469],[32.97862,-9.48472],[32.97882,-9.4847],[32.97889,-9.48472],[32.979,-9.48469],[32.97915,-9.4847],[32.97923,-9.48464],[32.97935,-9.4846],[32.97941,-9.48459],[32.9796,-9.48462],[32.97966,-9.48457],[32.97975,-9.48455],[32.97979,-9.48456],[32.97992,-9.4845],[32.98002,-9.48449],[32.98005,-9.48449],[32.98011,-9.48442],[32.98013,-9.4844]]},"properties":{"id":798915163,"cls":"path","hw":"path","tg":"na","name":"","ref":"","surface":"","sc":"unknown","speed":null,"lit":"unk","km":0.213}},
{"type":"Feature","geometry":{"type":"LineString","coordinates":[[32.97952,-9.47458],[32.97938,-9.47479],[32.9792,-9.475],[32.97903,-9.47519],[32.97872,-9.4755],[32.97868,-9.47558],[32.97851,-9.47561],[32.97836,-9.4756],[32.97816,-9.47545],[32.97807,-9.47533],[32.97794,-9.47519],[32.97764,-9.47493],[32.97755,-9.47481],[32.97739,-9.47466],[32.97728,-9.47452],[32.97722,-9.47445]]},"properties":{"id":798915164,"cls":"path","hw":"path","tg":"na","name":"","ref":"","surface":"","sc":"unknown","speed":null,"lit":"unk","km":0.36}},
{"type":"Feature","geometry":{"type":"LineString","coordinates":[[32.96055,-9.47284],[32.96054,-9.47274],[32.96058,-9.47259],[32.96054,-9.47243],[32.96054,-9.47231],[32.96052,-9.47223],[32.96051,-9.47211],[32.96052,-9.47196],[32.9605,-9.47189],[32.96039,-9.47174],[32.96026,-9.4716],[32.96019,-9.47154],[32.96017,-9.4715],[32.96018,-9.47146],[32.9602,-9.47136],[32.9602,-9.47131],[32.96019,-9.47128],[32.96015,-9.47121],[32.96015,-9.47117],[32.96017,-9.47113],[32.96016,-9.47096],[32.96017,-9.47091],[32.96017,-9.47086],[32.96009,-9.47067],[32.96006,-9.47047],[32.96005,-9.47042],[32.96004,-9.47039],[32.96005,-9.47035],[32.96008,-9.47031],[32.9601,-9.47022],[32.96009,-9.47009],[32.96011,-9.46999],[32.96013,-9.46995],[32.96016,-9.4699],[32.96016,-9.46983],[32.96015,-9.46974],[32.96018,-9.46961],[32.96024,-9.46951],[32.96026,-9.46947],[32.96027,-9.4694],[32.96031,-9.46929],[32.96032,-9.46924],[32.96033,-9.46921],[32.96047,-9.46895],[32.96046,-9.46891],[32.96041,-9.46859],[32.96041,-9.4685],[32.96043,-9.46845]]},"properties":{"id":798915165,"cls":"track","hw":"track","tg":"none","name":"","ref":"","surface":"","sc":"unknown","speed":null,"lit":"unk","km":0.52}},
{"type":"Feature","geometry":{"type":"LineString","coordinates":[[32.96482,-9.47334],[32.96523,-9.47324],[32.96555,-9.47314],[32.96591,-9.47296],[32.96636,-9.47277],[32.96637,-9.47258],[32.96686,-9.4726],[32.96694,-9.47258],[32.96699,-9.47255],[32.96718,-9.47247],[32.96735,-9.47235],[32.96761,-9.47223],[32.96777,-9.47201],[32.96793,-9.47188],[32.96811,-9.47178],[32.96829,-9.4717]]},"properties":{"id":798915166,"cls":"path","hw":"path","tg":"na","name":"","ref":"","surface":"","sc":"unknown","speed":null,"lit":"unk","km":0.446}},
{"type":"Feature","geometry":{"type":"LineString","coordinates":[[32.96829,-9.4717],[32.96857,-9.47156],[32.96904,-9.47137],[32.96931,-9.47126],[32.96959,-9.47111],[32.9698,-9.47096],[32.96985,-9.47096],[32.96997,-9.47089],[32.97002,-9.47084],[32.97006,-9.47079],[32.97025,-9.47071],[32.97038,-9.47067]]},"properties":{"id":798915167,"cls":"path","hw":"path","tg":"na","name":"","ref":"","surface":"","sc":"unknown","speed":null,"lit":"unk","km":0.259}},
{"type":"Feature","geometry":{"type":"LineString","coordinates":[[32.96749,-9.47448],[32.96746,-9.47434],[32.96743,-9.47423],[32.96741,-9.47419],[32.96737,-9.47406],[32.96736,-9.47405],[32.96726,-9.47406],[32.96724,-9.47406],[32.96695,-9.47383]]},"properties":{"id":798915169,"cls":"service","hw":"service","tg":"na","name":"","ref":"","surface":"","sc":"unknown","speed":null,"lit":"unk","km":0.104}},
{"type":"Feature","geometry":{"type":"LineString","coordinates":[[32.96833,-9.47463],[32.96823,-9.47484],[32.96819,-9.47494]]},"properties":{"id":798915170,"cls":"service","hw":"service","tg":"na","name":"","ref":"","surface":"","sc":"unknown","speed":null,"lit":"unk","km":0.038}},
{"type":"Feature","geometry":{"type":"LineString","coordinates":[[32.97534,-9.48257],[32.97534,-9.48258],[32.97533,-9.4826],[32.97532,-9.48264],[32.97532,-9.4827],[32.97529,-9.48272],[32.9752,-9.48267],[32.97513,-9.48267],[32.97505,-9.48275],[32.97495,-9.48282],[32.97485,-9.48286],[32.97479,-9.4829],[32.97474,-9.48291],[32.97462,-9.48296],[32.97456,-9.48298],[32.97443,-9.48305],[32.97439,-9.4831],[32.9743,-9.48311],[32.97423,-9.48314],[32.97412,-9.48325],[32.97404,-9.48329],[32.97391,-9.48329],[32.97361,-9.48325],[32.97349,-9.48321]]},"properties":{"id":798915173,"cls":"path","hw":"path","tg":"na","name":"","ref":"","surface":"","sc":"unknown","speed":null,"lit":"unk","km":0.24}},
{"type":"Feature","geometry":{"type":"LineString","coordinates":[[32.9769,-9.48176],[32.97696,-9.48179],[32.97705,-9.48186],[32.97713,-9.48193]]},"properties":{"id":798915174,"cls":"path","hw":"path","tg":"na","name":"","ref":"","surface":"","sc":"unknown","speed":null,"lit":"unk","km":0.032}},
{"type":"Feature","geometry":{"type":"LineString","coordinates":[[32.97541,-9.47961],[32.9756,-9.47973],[32.97569,-9.47976],[32.97577,-9.47974],[32.97595,-9.47983],[32.97599,-9.47985]]},"properties":{"id":798915176,"cls":"path","hw":"path","tg":"na","name":"","ref":"","surface":"","sc":"unknown","speed":null,"lit":"unk","km":0.071}},
{"type":"Feature","geometry":{"type":"LineString","coordinates":[[32.98059,-9.48297],[32.9804,-9.48284],[32.98027,-9.48274],[32.98018,-9.48269],[32.98009,-9.48267]]},"properties":{"id":798915177,"cls":"track","hw":"track","tg":"none","name":"","ref":"","surface":"","sc":"unknown","speed":null,"lit":"unk","km":0.065}},
{"type":"Feature","geometry":{"type":"LineString","coordinates":[[32.97684,-9.47799],[32.97689,-9.47807],[32.97689,-9.47816],[32.97692,-9.47823],[32.97687,-9.47833],[32.97694,-9.47841],[32.97696,-9.4785],[32.977,-9.4786],[32.97706,-9.47869],[32.97711,-9.47877]]},"properties":{"id":798915182,"cls":"path","hw":"path","tg":"na","name":"","ref":"","surface":"","sc":"unknown","speed":null,"lit":"unk","km":0.098}},
{"type":"Feature","geometry":{"type":"LineString","coordinates":[[32.97655,-9.47855],[32.97669,-9.47866],[32.97685,-9.47872],[32.97701,-9.47877],[32.97711,-9.47877],[32.97715,-9.4788],[32.97733,-9.47887],[32.97748,-9.47896],[32.97786,-9.47914],[32.97831,-9.47916],[32.97859,-9.47918],[32.97876,-9.47926],[32.97885,-9.4793],[32.97907,-9.47934],[32.97929,-9.47945],[32.97947,-9.47951],[32.98004,-9.47967],[32.9805,-9.47985],[32.98071,-9.47994],[32.98099,-9.48008]]},"properties":{"id":798915183,"cls":"unclassified","hw":"unclassified","tg":"na","name":"","ref":"","surface":"","sc":"unknown","speed":null,"lit":"unk","km":0.523}},
{"type":"Feature","geometry":{"type":"LineString","coordinates":[[32.977,-9.47677],[32.97707,-9.47682]]},"properties":{"id":798915184,"cls":"path","hw":"path","tg":"na","name":"","ref":"","surface":"","sc":"unknown","speed":null,"lit":"unk","km":0.009}},
{"type":"Feature","geometry":{"type":"LineString","coordinates":[[32.97715,-9.47672],[32.977,-9.47677],[32.97692,-9.47677],[32.97658,-9.4769],[32.97619,-9.47694],[32.97599,-9.47695],[32.97575,-9.47687],[32.97563,-9.47685],[32.97554,-9.47682],[32.97547,-9.47681],[32.97534,-9.47678],[32.97505,-9.47676],[32.9749,-9.47669],[32.97476,-9.4766],[32.97473,-9.47659],[32.97469,-9.47655],[32.97459,-9.47651],[32.97434,-9.47633],[32.97427,-9.47631],[32.97415,-9.47624],[32.9741,-9.4762]]},"properties":{"id":798915185,"cls":"path","hw":"path","tg":"na","name":"","ref":"","surface":"","sc":"unknown","speed":null,"lit":"unk","km":0.359}},
{"type":"Feature","geometry":{"type":"LineString","coordinates":[[32.97707,-9.47682],[32.97722,-9.4769],[32.97729,-9.47702],[32.97744,-9.47713],[32.9776,-9.47726]]},"properties":{"id":798915186,"cls":"path","hw":"path","tg":"na","name":"","ref":"","surface":"","sc":"unknown","speed":null,"lit":"unk","km":0.077}},
{"type":"Feature","geometry":{"type":"LineString","coordinates":[[32.97981,-9.47482],[32.97952,-9.47458],[32.97967,-9.47446],[32.97978,-9.47431],[32.97998,-9.47406],[32.98012,-9.47391],[32.9804,-9.47362],[32.98058,-9.4735],[32.98077,-9.47334],[32.98083,-9.47327],[32.98093,-9.47323],[32.98108,-9.47311],[32.98151,-9.47275],[32.98169,-9.47264],[32.98213,-9.47226],[32.98242,-9.47205],[32.98279,-9.47178],[32.98304,-9.47161],[32.98329,-9.47144],[32.98332,-9.47143],[32.9836,-9.47133],[32.98395,-9.47126],[32.98393,-9.47115],[32.98384,-9.47109],[32.98377,-9.47096],[32.98375,-9.47083],[32.98369,-9.47072],[32.98357,-9.47059]]},"properties":{"id":798915188,"cls":"path","hw":"path","tg":"na","name":"","ref":"","surface":"","sc":"unknown","speed":null,"lit":"unk","km":0.75}},
{"type":"Feature","geometry":{"type":"LineString","coordinates":[[32.97981,-9.47482],[32.97991,-9.47475],[32.98001,-9.47471],[32.98014,-9.47474],[32.98022,-9.47481],[32.98048,-9.47493],[32.98066,-9.47468],[32.98084,-9.47444],[32.9809,-9.4744],[32.98105,-9.47419],[32.98124,-9.47397],[32.98142,-9.47377],[32.98177,-9.47332],[32.98213,-9.47291],[32.98243,-9.47263],[32.98278,-9.47238],[32.98301,-9.47218],[32.98322,-9.47201],[32.98329,-9.47193],[32.98336,-9.47188],[32.98343,-9.47186],[32.98366,-9.47174],[32.98373,-9.47174],[32.98377,-9.47173],[32.98378,-9.4717],[32.98379,-9.47161],[32.9838,-9.47157],[32.98392,-9.47143],[32.98395,-9.47136],[32.98395,-9.47126],[32.98441,-9.47132],[32.98504,-9.47138],[32.98518,-9.47148],[32.98613,-9.47173],[32.9864,-9.47193],[32.98705,-9.47218],[32.9872,-9.47218],[32.98831,-9.472],[32.98857,-9.47181],[32.98929,-9.47104],[32.98949,-9.47089],[32.98954,-9.47079]]},"properties":{"id":798915189,"cls":"unclassified","hw":"unclassified","tg":"na","name":"","ref":"","surface":"","sc":"unknown","speed":null,"lit":"unk","km":1.349}},
{"type":"Feature","geometry":{"type":"LineString","coordinates":[[32.9633,-9.47385],[32.96332,-9.47383],[32.96341,-9.4735],[32.96343,-9.47348],[32.96348,-9.47347],[32.96358,-9.47345],[32.96361,-9.47342],[32.96364,-9.47341],[32.96367,-9.47342],[32.96373,-9.47345],[32.96381,-9.47347],[32.96387,-9.47349],[32.96394,-9.47351],[32.96404,-9.47352],[32.9641,-9.4735],[32.96414,-9.47346],[32.96417,-9.47346],[32.96421,-9.47346],[32.96435,-9.4735],[32.9644,-9.47349],[32.96443,-9.47349],[32.96445,-9.47349],[32.96454,-9.47351]]},"properties":{"id":798915192,"cls":"residential","hw":"residential","tg":"na","name":"","ref":"","surface":"","sc":"unknown","speed":null,"lit":"unk","km":0.173}},
{"type":"Feature","geometry":{"type":"LineString","coordinates":[[32.96653,-9.47101],[32.96639,-9.47124],[32.96627,-9.47138],[32.96621,-9.47143],[32.96616,-9.47146],[32.96601,-9.47166],[32.96592,-9.47175],[32.96564,-9.4722],[32.96552,-9.47237],[32.96538,-9.47251],[32.96515,-9.47273],[32.96503,-9.473],[32.96488,-9.47327],[32.96482,-9.47334],[32.96463,-9.47346],[32.96457,-9.47346],[32.96454,-9.47351],[32.96457,-9.47364],[32.96456,-9.4737],[32.96456,-9.47374],[32.9646,-9.47381],[32.96459,-9.47386],[32.9646,-9.47393],[32.96465,-9.47399],[32.96468,-9.47406],[32.96471,-9.47414]]},"properties":{"id":798915193,"cls":"path","hw":"path","tg":"na","name":"","ref":"","surface":"","sc":"unknown","speed":null,"lit":"unk","km":0.436}},
{"type":"Feature","geometry":{"type":"LineString","coordinates":[[32.96688,-9.4746],[32.96687,-9.47451],[32.96687,-9.47445],[32.96687,-9.47441],[32.96695,-9.47383],[32.96696,-9.47296],[32.96694,-9.47258],[32.9669,-9.47113]]},"properties":{"id":798915194,"cls":"track","hw":"track","tg":"none","name":"","ref":"","surface":"","sc":"unknown","speed":null,"lit":"unk","km":0.387}},
{"type":"Feature","geometry":{"type":"LineString","coordinates":[[32.96942,-9.4776],[32.96909,-9.47731],[32.96882,-9.47707],[32.96856,-9.47686],[32.96838,-9.47671],[32.96823,-9.47656],[32.96775,-9.47604],[32.96755,-9.47587],[32.96733,-9.47568],[32.96699,-9.47524],[32.96693,-9.47512],[32.96686,-9.47483],[32.96683,-9.4746]]},"properties":{"id":798915196,"cls":"unclassified","hw":"unclassified","tg":"na","name":"","ref":"","surface":"unpaved","sc":"unpaved","speed":null,"lit":"unk","km":0.449}},
{"type":"Feature","geometry":{"type":"LineString","coordinates":[[32.96942,-9.4776],[32.97043,-9.4786],[32.97079,-9.47897],[32.97113,-9.47922],[32.97177,-9.47962],[32.97221,-9.47992],[32.97228,-9.47999]]},"properties":{"id":798915197,"cls":"path","hw":"path","tg":"na","name":"","ref":"","surface":"","sc":"unknown","speed":null,"lit":"unk","km":0.413}},
{"type":"Feature","geometry":{"type":"LineString","coordinates":[[32.97369,-9.48079],[32.97356,-9.48072],[32.97341,-9.48063],[32.9729,-9.48038],[32.97269,-9.48028],[32.97242,-9.48009],[32.97228,-9.47999]]},"properties":{"id":798915198,"cls":"path","hw":"path","tg":"na","name":"","ref":"","surface":"","sc":"unknown","speed":null,"lit":"unk","km":0.179}},
{"type":"Feature","geometry":{"type":"LineString","coordinates":[[32.9729,-9.47515],[32.97276,-9.47509],[32.97267,-9.47501],[32.97256,-9.47498],[32.97246,-9.47492],[32.97238,-9.47488],[32.97228,-9.4748],[32.9721,-9.47472],[32.97207,-9.47469],[32.97202,-9.47461],[32.97166,-9.47432],[32.97152,-9.47421],[32.9714,-9.47417],[32.97113,-9.4741],[32.97088,-9.47401],[32.97074,-9.47393],[32.97062,-9.47387],[32.97051,-9.4738],[32.97043,-9.47377]]},"properties":{"id":798915199,"cls":"path","hw":"path","tg":"na","name":"","ref":"","surface":"","sc":"unknown","speed":null,"lit":"unk","km":0.317}},
{"type":"Feature","geometry":{"type":"LineString","coordinates":[[32.97102,-9.47263],[32.9711,-9.47269],[32.97124,-9.47289],[32.97135,-9.47304],[32.97151,-9.47317],[32.97165,-9.47332],[32.97188,-9.47352],[32.97194,-9.47363],[32.97204,-9.47373],[32.97216,-9.47382],[32.97229,-9.47389]]},"properties":{"id":798915200,"cls":"path","hw":"path","tg":"na","name":"","ref":"","surface":"","sc":"unknown","speed":null,"lit":"unk","km":0.2}},
{"type":"Feature","geometry":{"type":"LineString","coordinates":[[32.97043,-9.47377],[32.97055,-9.47373],[32.97061,-9.47368],[32.97068,-9.47353],[32.97079,-9.47338],[32.97088,-9.47316],[32.97101,-9.47288],[32.97103,-9.47281],[32.97102,-9.47263],[32.97096,-9.47249],[32.97091,-9.47235],[32.97081,-9.47219],[32.97073,-9.47209],[32.97069,-9.4719],[32.97064,-9.47171],[32.97056,-9.47158],[32.97053,-9.47149],[32.97049,-9.47141],[32.97047,-9.47104],[32.97046,-9.47092],[32.97042,-9.47078],[32.97038,-9.47067]]},"properties":{"id":798915202,"cls":"unclassified","hw":"unclassified","tg":"na","name":"","ref":"","surface":"unpaved","sc":"unpaved","speed":null,"lit":"unk","km":0.383}},
{"type":"Feature","geometry":{"type":"LineString","coordinates":[[32.97212,-9.4743],[32.97161,-9.47379],[32.97109,-9.47333],[32.97088,-9.47316],[32.97057,-9.47296],[32.96985,-9.47249],[32.969,-9.47207],[32.96829,-9.4717],[32.96798,-9.47156],[32.96696,-9.47115],[32.9669,-9.47113],[32.96653,-9.47101],[32.96585,-9.47078],[32.96531,-9.47057],[32.96506,-9.47049],[32.96461,-9.47034],[32.96391,-9.47004],[32.9637,-9.46994],[32.96365,-9.46991],[32.96257,-9.46939],[32.96193,-9.46908],[32.96137,-9.46885],[32.96093,-9.46868],[32.96063,-9.46856],[32.96043,-9.46845],[32.9602,-9.4683]]},"properties":{"id":798915203,"cls":"track","hw":"track","tg":"none","name":"","ref":"","surface":"unpaved","sc":"unpaved","speed":null,"lit":"unk","km":1.48}},
{"type":"Feature","geometry":{"type":"LineString","coordinates":[[32.97351,-9.47582],[32.97334,-9.47568],[32.9729,-9.47515],[32.97277,-9.475],[32.97212,-9.4743]]},"properties":{"id":798915204,"cls":"track","hw":"track","tg":"none","name":"","ref":"","surface":"unpaved","sc":"unpaved","speed":null,"lit":"unk","km":0.228}},
{"type":"Feature","geometry":{"type":"LineString","coordinates":[[32.97409,-9.47638],[32.9741,-9.4762],[32.9741,-9.47616],[32.97406,-9.47603],[32.97392,-9.4759],[32.97375,-9.47579],[32.97364,-9.47572],[32.97334,-9.47568]]},"properties":{"id":798915205,"cls":"path","hw":"path","tg":"na","name":"","ref":"","surface":"","sc":"unknown","speed":null,"lit":"unk","km":0.131}},
{"type":"Feature","geometry":{"type":"LineString","coordinates":[[32.97494,-9.4773],[32.97485,-9.47718],[32.97472,-9.47708],[32.97443,-9.47675],[32.97422,-9.47652],[32.97409,-9.47638],[32.97386,-9.47623],[32.97356,-9.47603],[32.97351,-9.47582]]},"properties":{"id":798915206,"cls":"track","hw":"track","tg":"none","name":"","ref":"","surface":"unpaved","sc":"unpaved","speed":null,"lit":"unk","km":0.233}},
{"type":"Feature","geometry":{"type":"LineString","coordinates":[[32.97537,-9.47827],[32.97548,-9.47813],[32.97559,-9.47806],[32.97582,-9.47796],[32.97619,-9.47778],[32.9763,-9.4777],[32.97646,-9.47755],[32.97657,-9.47734],[32.97684,-9.47705],[32.97697,-9.47693],[32.97707,-9.47682],[32.97715,-9.47672],[32.97717,-9.4767]]},"properties":{"id":798915207,"cls":"path","hw":"path","tg":"na","name":"","ref":"","surface":"","sc":"unknown","speed":null,"lit":"unk","km":0.269}},
{"type":"Feature","geometry":{"type":"LineString","coordinates":[[32.97655,-9.47855],[32.9764,-9.47839],[32.97615,-9.47825],[32.97604,-9.47813],[32.97582,-9.47796],[32.97566,-9.47786],[32.97538,-9.47762],[32.97508,-9.47737],[32.97494,-9.4773]]},"properties":{"id":798915208,"cls":"unclassified","hw":"unclassified","tg":"na","name":"","ref":"","surface":"unpaved","sc":"unpaved","speed":null,"lit":"unk","km":0.226}},
{"type":"Feature","geometry":{"type":"LineString","coordinates":[[32.97414,-9.47888],[32.97423,-9.47868],[32.97439,-9.47835],[32.97462,-9.4779],[32.97481,-9.47755],[32.97488,-9.47742],[32.97486,-9.47738],[32.97473,-9.47712],[32.97472,-9.47708]]},"properties":{"id":798915209,"cls":"path","hw":"path","tg":"na","name":"","ref":"","surface":"","sc":"unknown","speed":null,"lit":"unk","km":0.223}},
{"type":"Feature","geometry":{"type":"LineString","coordinates":[[32.97411,-9.47907],[32.97436,-9.47885],[32.97444,-9.47882],[32.97461,-9.47864],[32.97492,-9.47844],[32.97511,-9.47838],[32.97519,-9.47833],[32.97534,-9.47826]]},"properties":{"id":798915210,"cls":"path","hw":"path","tg":"na","name":"","ref":"","surface":"","sc":"unknown","speed":null,"lit":"unk","km":0.165}},
{"type":"Feature","geometry":{"type":"LineString","coordinates":[[32.97479,-9.47997],[32.97479,-9.47994],[32.97487,-9.47974],[32.97486,-9.47971],[32.97464,-9.47963],[32.97461,-9.47958],[32.97458,-9.47942],[32.97438,-9.47937],[32.97429,-9.4793],[32.97422,-9.47929],[32.97417,-9.47931],[32.97413,-9.47933],[32.97401,-9.47932]]},"properties":{"id":798915211,"cls":"service","hw":"service","tg":"na","name":"","ref":"","surface":"","sc":"unknown","speed":null,"lit":"unk","km":0.148}},
{"type":"Feature","geometry":{"type":"LineString","coordinates":[[32.97537,-9.47963],[32.97525,-9.47956],[32.97507,-9.47947],[32.97496,-9.47937],[32.97487,-9.47929],[32.97482,-9.47932],[32.97478,-9.47942],[32.97472,-9.47943],[32.97458,-9.47942]]},"properties":{"id":798915212,"cls":"path","hw":"path","tg":"na","name":"","ref":"","surface":"","sc":"unknown","speed":null,"lit":"unk","km":0.108}},
{"type":"Feature","geometry":{"type":"LineString","coordinates":[[32.97375,-9.48068],[32.9738,-9.48062],[32.97391,-9.48039],[32.97396,-9.48034],[32.97436,-9.48012],[32.97453,-9.48005],[32.97479,-9.47997],[32.97499,-9.47989],[32.9752,-9.47975],[32.97537,-9.47963],[32.97541,-9.47961],[32.97565,-9.4795],[32.97586,-9.47938],[32.97594,-9.47928],[32.97619,-9.47891],[32.97639,-9.47871],[32.97647,-9.47863],[32.97655,-9.47855],[32.97659,-9.47838],[32.97667,-9.4782],[32.97684,-9.47799],[32.97713,-9.47772],[32.97726,-9.47762],[32.9776,-9.47726],[32.97788,-9.47687],[32.97794,-9.47671],[32.97799,-9.47665],[32.97826,-9.47632],[32.97833,-9.47624],[32.97882,-9.4757],[32.97887,-9.47563],[32.97897,-9.47557],[32.97915,-9.47539],[32.97924,-9.47532],[32.97948,-9.47507],[32.97965,-9.47498],[32.97976,-9.47487],[32.97981,-9.47482]]},"properties":{"id":798915215,"cls":"unclassified","hw":"unclassified","tg":"na","name":"","ref":"","surface":"unpaved","sc":"unpaved","speed":null,"lit":"unk","km":0.955}},
{"type":"Feature","geometry":{"type":"LineString","coordinates":[[32.97741,-9.4825],[32.9774,-9.48243],[32.97737,-9.48235],[32.97732,-9.48231],[32.97718,-9.48201],[32.97713,-9.48193],[32.97708,-9.48183],[32.97702,-9.48173],[32.97698,-9.48155],[32.97686,-9.48135],[32.97672,-9.48115],[32.97662,-9.48096],[32.97654,-9.48081],[32.97651,-9.48072],[32.97635,-9.48047],[32.97622,-9.48026],[32.97609,-9.47996],[32.97599,-9.47985],[32.97591,-9.47969],[32.97586,-9.47938],[32.97581,-9.47923],[32.97576,-9.47904],[32.97567,-9.47893],[32.97564,-9.47878],[32.97555,-9.47866],[32.97552,-9.47858],[32.97546,-9.47851],[32.97545,-9.47843],[32.9754,-9.47828],[32.97537,-9.47827],[32.97534,-9.47826],[32.97527,-9.47814],[32.97518,-9.47793],[32.97509,-9.47778],[32.97505,-9.47756],[32.97494,-9.47735],[32.97494,-9.4773]]},"properties":{"id":798915216,"cls":"path","hw":"path","tg":"na","name":"","ref":"","surface":"","sc":"unknown","speed":null,"lit":"unk","km":0.65}},
{"type":"Feature","geometry":{"type":"LineString","coordinates":[[32.97918,-9.48366],[32.97857,-9.48333],[32.97837,-9.48319],[32.97814,-9.48296],[32.97793,-9.48282],[32.97753,-9.48258],[32.97741,-9.4825],[32.97687,-9.48217],[32.9765,-9.48204],[32.97623,-9.48195],[32.97572,-9.4817],[32.97503,-9.48139],[32.97454,-9.48119],[32.97414,-9.48103],[32.97402,-9.48095],[32.97389,-9.48089],[32.97385,-9.48082],[32.97371,-9.48077]]},"properties":{"id":798915217,"cls":"unclassified","hw":"unclassified","tg":"na","name":"","ref":"","surface":"","sc":"unknown","speed":null,"lit":"unk","km":0.686}},
{"type":"Feature","geometry":{"type":"LineString","coordinates":[[32.97414,-9.47888],[32.9741,-9.47898],[32.97411,-9.47907],[32.97408,-9.47919],[32.97401,-9.47932],[32.97391,-9.47957],[32.97375,-9.48004],[32.97365,-9.4804],[32.97365,-9.48044],[32.97372,-9.48053],[32.97374,-9.48057],[32.97375,-9.48068],[32.97371,-9.48077],[32.97369,-9.48079],[32.97365,-9.48087],[32.97346,-9.48104],[32.97343,-9.4812],[32.97339,-9.48137],[32.97331,-9.48185],[32.97326,-9.48207],[32.97326,-9.48216],[32.97318,-9.48264],[32.97313,-9.48296],[32.97316,-9.48308],[32.97319,-9.48321],[32.9732,-9.48325],[32.97328,-9.48331],[32.97343,-9.48352]]},"properties":{"id":798915218,"cls":"unclassified","hw":"unclassified","tg":"na","name":"","ref":"","surface":"","sc":"unknown","speed":null,"lit":"unk","km":0.555}},
{"type":"Feature","geometry":{"type":"LineString","coordinates":[[32.97343,-9.48352],[32.97351,-9.48354],[32.97378,-9.48356],[32.97406,-9.48361],[32.97415,-9.48362]]},"properties":{"id":798915219,"cls":"residential","hw":"residential","tg":"na","name":"","ref":"","surface":"","sc":"unknown","speed":null,"lit":"unk","km":0.08}},
{"type":"Feature","geometry":{"type":"LineString","coordinates":[[32.96197,-9.48466],[32.96199,-9.48476],[32.96201,-9.48485],[32.96201,-9.48504],[32.96202,-9.48509],[32.962,-9.48519],[32.96202,-9.48527],[32.96203,-9.48566]]},"properties":{"id":798915221,"cls":"path","hw":"path","tg":"na","name":"","ref":"","surface":"","sc":"unknown","speed":null,"lit":"unk","km":0.112}},
{"type":"Feature","geometry":{"type":"LineString","coordinates":[[32.961,-9.48941],[32.961,-9.48937],[32.96102,-9.48929],[32.96116,-9.48904],[32.96122,-9.48893],[32.96122,-9.48889],[32.96123,-9.48877],[32.96124,-9.48876],[32.96132,-9.48871],[32.96139,-9.48855],[32.96142,-9.48844],[32.96143,-9.48843],[32.9615,-9.48838],[32.9615,-9.48837],[32.96151,-9.48824],[32.96152,-9.48823],[32.96156,-9.48819],[32.96162,-9.48797],[32.96166,-9.48793],[32.96167,-9.48787],[32.96167,-9.48782],[32.96168,-9.48781],[32.96174,-9.48774]]},"properties":{"id":798915223,"cls":"path","hw":"path","tg":"na","name":"","ref":"","surface":"","sc":"unknown","speed":null,"lit":"unk","km":0.211}},
{"type":"Feature","geometry":{"type":"LineString","coordinates":[[32.96398,-9.48728],[32.96405,-9.48739],[32.96409,-9.4874],[32.96419,-9.4874],[32.96443,-9.4874],[32.96455,-9.48739],[32.96469,-9.48734],[32.96492,-9.48739],[32.9651,-9.48734],[32.9653,-9.4874],[32.96549,-9.48738],[32.96555,-9.48737],[32.9657,-9.48736],[32.96574,-9.48734],[32.96593,-9.48733],[32.96604,-9.48731],[32.96618,-9.48737],[32.96628,-9.48741],[32.96645,-9.4875],[32.96657,-9.48753],[32.96673,-9.48754],[32.96688,-9.48766],[32.96699,-9.48769],[32.96706,-9.48778],[32.96715,-9.48788],[32.96728,-9.48796],[32.96738,-9.48804],[32.96747,-9.48809],[32.96754,-9.48811],[32.96765,-9.4882],[32.96768,-9.4882]]},"properties":{"id":798915224,"cls":"path","hw":"path","tg":"na","name":"","ref":"","surface":"","sc":"unknown","speed":null,"lit":"unk","km":0.449}},
{"type":"Feature","geometry":{"type":"LineString","coordinates":[[32.96476,-9.48681],[32.96481,-9.48669],[32.96493,-9.48647],[32.96504,-9.48618],[32.96515,-9.48579],[32.96524,-9.48525],[32.96525,-9.48513],[32.96527,-9.48511],[32.96529,-9.48509]]},"properties":{"id":798915225,"cls":"track","hw":"track","tg":"none","name":"","ref":"","surface":"","sc":"unknown","speed":null,"lit":"unk","km":0.202}},
{"type":"Feature","geometry":{"type":"LineString","coordinates":[[32.96719,-9.48497],[32.96728,-9.48503]]},"properties":{"id":798915226,"cls":"path","hw":"path","tg":"na","name":"","ref":"","surface":"","sc":"unknown","speed":null,"lit":"unk","km":0.012}},
{"type":"Feature","geometry":{"type":"LineString","coordinates":[[32.96732,-9.48494],[32.96719,-9.48497],[32.96691,-9.485],[32.96653,-9.48503],[32.96632,-9.48502],[32.96622,-9.48505],[32.966,-9.48508],[32.9658,-9.48514],[32.96562,-9.48521],[32.96547,-9.48521],[32.96542,-9.48519],[32.96537,-9.48513],[32.96529,-9.48509]]},"properties":{"id":798915227,"cls":"track","hw":"track","tg":"none","name":"","ref":"","surface":"","sc":"unknown","speed":null,"lit":"unk","km":0.231}},
{"type":"Feature","geometry":{"type":"LineString","coordinates":[[32.97181,-9.48587],[32.97189,-9.48587],[32.97226,-9.4859],[32.9724,-9.4859],[32.97254,-9.48593],[32.97275,-9.48598],[32.97281,-9.48604],[32.97288,-9.48606],[32.97301,-9.48604]]},"properties":{"id":798915228,"cls":"path","hw":"path","tg":"na","name":"","ref":"","surface":"","sc":"unknown","speed":null,"lit":"unk","km":0.136}},
{"type":"Feature","geometry":{"type":"LineString","coordinates":[[32.97165,-9.4857],[32.97176,-9.48545],[32.97194,-9.48486],[32.97199,-9.48478],[32.97207,-9.48473],[32.9721,-9.48467],[32.97211,-9.48458],[32.97216,-9.48442],[32.97229,-9.48429],[32.97245,-9.48417],[32.97254,-9.48403],[32.97265,-9.4839],[32.97275,-9.4837]]},"properties":{"id":798915229,"cls":"path","hw":"path","tg":"na","name":"","ref":"","surface":"","sc":"unknown","speed":null,"lit":"unk","km":0.26}},
{"type":"Feature","geometry":{"type":"LineString","coordinates":[[32.97025,-9.48552],[32.9705,-9.48553],[32.97065,-9.48553],[32.97091,-9.48556],[32.97126,-9.48563],[32.97158,-9.48568],[32.97165,-9.4857],[32.97181,-9.48587]]},"properties":{"id":798915231,"cls":"path","hw":"path","tg":"na","name":"","ref":"","surface":"","sc":"unknown","speed":null,"lit":"unk","km":0.181}},
{"type":"Feature","geometry":{"type":"LineString","coordinates":[[32.97041,-9.48422],[32.97032,-9.48433],[32.97026,-9.48451],[32.97022,-9.48462],[32.97018,-9.48467],[32.9702,-9.48489],[32.97019,-9.48513],[32.97023,-9.48536],[32.97025,-9.48552],[32.9703,-9.48569],[32.97016,-9.48602]]},"properties":{"id":798915232,"cls":"path","hw":"path","tg":"na","name":"","ref":"","surface":"","sc":"unknown","speed":null,"lit":"unk","km":0.211}},
{"type":"Feature","geometry":{"type":"LineString","coordinates":[[32.97043,-9.48362],[32.9704,-9.48395],[32.9704,-9.48417],[32.97041,-9.48422],[32.9704,-9.48434]]},"properties":{"id":798915234,"cls":"unclassified","hw":"unclassified","tg":"na","name":"","ref":"","surface":"","sc":"unknown","speed":null,"lit":"unk","km":0.08}},
{"type":"Feature","geometry":{"type":"LineString","coordinates":[[32.97643,-9.48587],[32.97636,-9.4858],[32.97596,-9.48548],[32.97584,-9.48538],[32.97579,-9.48532],[32.97577,-9.48525],[32.97577,-9.48514],[32.97574,-9.48505],[32.97527,-9.48437],[32.97512,-9.48414],[32.97505,-9.48405],[32.97497,-9.48403],[32.97487,-9.48396],[32.97478,-9.48382]]},"properties":{"id":798915237,"cls":"path","hw":"path","tg":"na","name":"","ref":"","surface":"","sc":"unknown","speed":null,"lit":"unk","km":0.3}},
{"type":"Feature","geometry":{"type":"LineString","coordinates":[[32.98073,-9.48557],[32.98094,-9.48583],[32.98086,-9.48589],[32.98074,-9.48592],[32.98067,-9.48597],[32.98043,-9.486],[32.98014,-9.48603],[32.97985,-9.48607],[32.97969,-9.48611],[32.9796,-9.4861],[32.97949,-9.48614],[32.9794,-9.48622],[32.97934,-9.48626],[32.97898,-9.48628],[32.9789,-9.48624],[32.97845,-9.48624],[32.97816,-9.48623],[32.978,-9.48616],[32.97788,-9.48615],[32.97776,-9.48612],[32.97753,-9.48614],[32.97739,-9.48609],[32.97722,-9.48608],[32.97701,-9.48608]]},"properties":{"id":798915238,"cls":"path","hw":"path","tg":"na","name":"","ref":"","surface":"","sc":"unknown","speed":null,"lit":"unk","km":0.484}},
{"type":"Feature","geometry":{"type":"LineString","coordinates":[[32.98064,-9.48429],[32.98066,-9.48447],[32.98068,-9.48454],[32.98069,-9.4846],[32.98067,-9.48467],[32.98069,-9.48473],[32.98068,-9.48478],[32.98068,-9.48494],[32.98068,-9.4852],[32.98069,-9.48529],[32.98068,-9.48542],[32.98073,-9.48557]]},"properties":{"id":798915242,"cls":"path","hw":"path","tg":"na","name":"","ref":"","surface":"","sc":"unknown","speed":null,"lit":"unk","km":0.145}},
{"type":"Feature","geometry":{"type":"LineString","coordinates":[[32.98018,-9.48445],[32.98022,-9.48452],[32.98026,-9.48455],[32.9803,-9.48456],[32.98032,-9.48457],[32.98039,-9.48468],[32.98068,-9.48478],[32.98083,-9.48484],[32.98089,-9.48487],[32.98102,-9.48487],[32.98113,-9.48492],[32.98118,-9.48509],[32.98129,-9.48526],[32.98133,-9.48529],[32.9814,-9.4853],[32.98149,-9.48533],[32.98159,-9.48553],[32.98179,-9.48582]]},"properties":{"id":798915243,"cls":"path","hw":"path","tg":"na","name":"","ref":"","surface":"","sc":"unknown","speed":null,"lit":"unk","km":0.252}},
{"type":"Feature","geometry":{"type":"LineString","coordinates":[[32.98064,-9.48421],[32.98064,-9.48429],[32.98059,-9.4843],[32.98051,-9.48429],[32.98039,-9.4843],[32.98024,-9.48442],[32.98018,-9.48445]]},"properties":{"id":798915244,"cls":"path","hw":"path","tg":"na","name":"","ref":"","surface":"","sc":"unknown","speed":null,"lit":"unk","km":0.065}},
{"type":"Feature","geometry":{"type":"LineString","coordinates":[[32.98007,-9.48399],[32.98018,-9.48423],[32.98013,-9.4844],[32.98018,-9.48445]]},"properties":{"id":798915245,"cls":"path","hw":"path","tg":"na","name":"","ref":"","surface":"","sc":"unknown","speed":null,"lit":"unk","km":0.057}},
{"type":"Feature","geometry":{"type":"LineString","coordinates":[[32.98009,-9.48267],[32.98007,-9.48291],[32.98004,-9.48307],[32.98006,-9.4832],[32.98011,-9.48336],[32.98012,-9.4835],[32.98023,-9.48388],[32.98027,-9.48401],[32.98025,-9.48409],[32.98018,-9.48423]]},"properties":{"id":798915246,"cls":"track","hw":"track","tg":"none","name":"","ref":"","surface":"","sc":"unknown","speed":null,"lit":"unk","km":0.179}},
{"type":"Feature","geometry":{"type":"LineString","coordinates":[[32.96728,-9.48503],[32.96755,-9.48519],[32.96763,-9.48521],[32.96774,-9.48525],[32.96784,-9.4853],[32.96796,-9.48534],[32.96824,-9.48541],[32.96841,-9.4855],[32.9685,-9.48553],[32.96869,-9.48556],[32.96876,-9.48559],[32.96899,-9.48561],[32.96916,-9.48565],[32.96971,-9.48583],[32.96992,-9.4859],[32.97016,-9.48602],[32.97034,-9.48608],[32.97052,-9.48615],[32.97069,-9.48623],[32.9708,-9.48628],[32.97097,-9.48631],[32.97105,-9.48634],[32.97115,-9.48641],[32.97122,-9.48644],[32.97131,-9.48645],[32.97139,-9.48648],[32.97148,-9.48644],[32.9716,-9.48643],[32.97176,-9.48642],[32.97185,-9.48639],[32.97217,-9.48639],[32.97229,-9.48639],[32.9725,-9.48629],[32.97273,-9.48614],[32.9728,-9.48612],[32.97301,-9.48604],[32.97337,-9.48609],[32.9735,-9.48612],[32.97367,-9.48616],[32.97393,-9.48615],[32.97415,-9.4862],[32.9747,-9.48629],[32.9748,-9.48629],[32.97504,-9.48635],[32.97528,-9.48632],[32.9755,-9.48637],[32.97585,-9.48632],[32.97636,-9.4862],[32.97665,-9.48616],[32.97682,-9.48616],[32.97688,-9.48614],[32.97701,-9.48608],[32.97746,-9.48579],[32.97755,-9.48573],[32.97777,-9.48545],[32.97796,-9.4851],[32.97805,-9.48496],[32.97826,-9.48469],[32.97832,-9.48465],[32.97839,-9.48463],[32.97849,-9.48454],[32.97856,-9.48446],[32.97867,-9.4844],[32.97876,-9.48431],[32.97896,-9.48399],[32.97908,-9.48375],[32.97918,-9.48366],[32.97943,-9.4838],[32.97981,-9.4839],[32.97995,-9.48398],[32.98007,-9.48399],[32.98027,-9.48401],[32.98044,-9.48409],[32.98053,-9.48412],[32.98064,-9.48421],[32.98083,-9.48423],[32.98105,-9.4843],[32.98129,-9.48436],[32.98152,-9.48444],[32.98154,-9.48445],[32.98178,-9.48451]]},"properties":{"id":798915251,"cls":"track","hw":"track","tg":"none","name":"","ref":"","surface":"","sc":"unknown","speed":null,"lit":"unk","km":1.79}},
{"type":"Feature","geometry":{"type":"LineString","coordinates":[[32.95841,-9.49042],[32.95845,-9.49038],[32.95863,-9.4903],[32.95865,-9.4903],[32.9588,-9.49028],[32.95889,-9.49025],[32.95904,-9.49019],[32.9591,-9.49015],[32.95915,-9.49008],[32.95917,-9.49006],[32.9593,-9.49],[32.95957,-9.48991],[32.95959,-9.48991],[32.95964,-9.48992],[32.95968,-9.48991],[32.95969,-9.48992],[32.95976,-9.48996],[32.95979,-9.48996],[32.96012,-9.48994],[32.9602,-9.48994],[32.96022,-9.48993],[32.961,-9.48941],[32.9617,-9.48901],[32.96179,-9.48893],[32.96186,-9.48883],[32.96197,-9.4887],[32.9621,-9.48858],[32.96224,-9.48849],[32.96246,-9.48832],[32.96252,-9.48829],[32.96272,-9.48813]]},"properties":{"id":798915252,"cls":"track","hw":"track","tg":"none","name":"","ref":"","surface":"","sc":"unknown","speed":null,"lit":"unk","km":0.558}},
{"type":"Feature","geometry":{"type":"LineString","coordinates":[[32.96476,-9.48681],[32.96493,-9.48676],[32.96503,-9.48672],[32.96509,-9.48668],[32.96516,-9.48662],[32.96519,-9.48661],[32.96564,-9.48641],[32.96601,-9.48621],[32.96613,-9.48612],[32.96626,-9.48601],[32.96634,-9.48594],[32.96639,-9.48592],[32.96649,-9.48588],[32.96654,-9.48585],[32.96676,-9.48565],[32.96698,-9.48552],[32.96702,-9.4855],[32.96721,-9.48549],[32.96729,-9.48548],[32.96739,-9.4854],[32.96752,-9.48528],[32.96755,-9.48519]]},"properties":{"id":798915253,"cls":"path","hw":"path","tg":"na","name":"","ref":"","surface":"","sc":"unknown","speed":null,"lit":"unk","km":0.364}},
{"type":"Feature","geometry":{"type":"LineString","coordinates":[[32.962,-9.48647],[32.96203,-9.4865],[32.96204,-9.48653],[32.96204,-9.48656],[32.96227,-9.48683],[32.96233,-9.48687],[32.96242,-9.48691],[32.96268,-9.48699],[32.96273,-9.48702],[32.96278,-9.48704],[32.96299,-9.48705],[32.96304,-9.48704],[32.96345,-9.48705],[32.96371,-9.48706],[32.96373,-9.48708],[32.96391,-9.48732]]},"properties":{"id":798915262,"cls":"path","hw":"path","tg":"na","name":"","ref":"","surface":"","sc":"unknown","speed":null,"lit":"unk","km":0.25}},
{"type":"Feature","geometry":{"type":"LineString","coordinates":[[32.96012,-9.48322],[32.95985,-9.48355],[32.95981,-9.48363],[32.95971,-9.48366],[32.95965,-9.4838]]},"properties":{"id":798915268,"cls":"service","hw":"service","tg":"na","name":"","ref":"","surface":"","sc":"unknown","speed":null,"lit":"unk","km":0.085}},
{"type":"Feature","geometry":{"type":"LineString","coordinates":[[32.96173,-9.48575],[32.96083,-9.48603],[32.96005,-9.48626],[32.95937,-9.48651],[32.95913,-9.48659]]},"properties":{"id":798915270,"cls":"unclassified","hw":"unclassified","tg":"na","name":"","ref":"","surface":"","sc":"unknown","speed":null,"lit":"unk","km":0.3}},
{"type":"Feature","geometry":{"type":"LineString","coordinates":[[32.98438,-9.48433],[32.98425,-9.48439],[32.98419,-9.48451],[32.98383,-9.48459],[32.98362,-9.48461],[32.98357,-9.48458],[32.98357,-9.48455],[32.98343,-9.48433],[32.98336,-9.48427],[32.98332,-9.48425],[32.9832,-9.48427],[32.98309,-9.48428],[32.98299,-9.48433],[32.98289,-9.48433],[32.98284,-9.48434],[32.98276,-9.48438],[32.98272,-9.48439],[32.98256,-9.48438],[32.9825,-9.48437],[32.98235,-9.48427],[32.98233,-9.48427],[32.98226,-9.48427],[32.98217,-9.48424],[32.98205,-9.48416],[32.982,-9.48416],[32.98195,-9.48417],[32.98192,-9.48417],[32.98172,-9.48411],[32.98167,-9.48411],[32.98158,-9.4842],[32.98158,-9.48426]]},"properties":{"id":798978347,"cls":"path","hw":"path","tg":"na","name":"","ref":"","surface":"","sc":"unknown","speed":null,"lit":"unk","km":0.36}},
{"type":"Feature","geometry":{"type":"LineString","coordinates":[[32.98552,-9.48436],[32.98527,-9.48424],[32.98518,-9.48426],[32.98508,-9.48427],[32.985,-9.48429],[32.98489,-9.48428],[32.9848,-9.48436],[32.98473,-9.48435],[32.98465,-9.48431],[32.98461,-9.48435],[32.98445,-9.48435],[32.98438,-9.48433],[32.98436,-9.48425],[32.98435,-9.4842],[32.98431,-9.48406],[32.98426,-9.484],[32.98423,-9.48386],[32.98415,-9.4837],[32.98412,-9.48358],[32.98431,-9.48326],[32.98439,-9.48306],[32.98448,-9.48293],[32.98463,-9.48273],[32.98476,-9.4825],[32.98492,-9.48226],[32.98528,-9.48199],[32.98542,-9.4819],[32.98559,-9.4818],[32.98594,-9.48161],[32.98615,-9.48151],[32.98631,-9.48141]]},"properties":{"id":798978348,"cls":"path","hw":"path","tg":"na","name":"","ref":"","surface":"","sc":"unknown","speed":null,"lit":"unk","km":0.576}},
{"type":"Feature","geometry":{"type":"LineString","coordinates":[[32.9881,-9.4788],[32.98854,-9.47832],[32.98886,-9.47797],[32.98883,-9.4779],[32.98925,-9.47733],[32.98967,-9.47718],[32.9901,-9.47692]]},"properties":{"id":798978350,"cls":"path","hw":"path","tg":"na","name":"","ref":"","surface":"","sc":"unknown","speed":null,"lit":"unk","km":0.315}},
{"type":"Feature","geometry":{"type":"LineString","coordinates":[[32.9924,-9.47604],[32.99256,-9.47621],[32.99264,-9.47634],[32.9927,-9.4764],[32.99275,-9.47643],[32.99285,-9.47665],[32.99286,-9.4767],[32.99291,-9.47679],[32.99292,-9.47687],[32.99293,-9.47694]]},"properties":{"id":798978351,"cls":"path","hw":"path","tg":"na","name":"","ref":"","surface":"","sc":"unknown","speed":null,"lit":"unk","km":0.119}},
{"type":"Feature","geometry":{"type":"LineString","coordinates":[[32.9924,-9.47532],[32.9925,-9.47555],[32.99249,-9.47579],[32.9924,-9.47604],[32.99226,-9.47629],[32.99214,-9.47652],[32.99201,-9.47689],[32.99191,-9.47714],[32.99187,-9.4773],[32.99186,-9.47736]]},"properties":{"id":798978352,"cls":"path","hw":"path","tg":"na","name":"","ref":"","surface":"","sc":"unknown","speed":null,"lit":"unk","km":0.243}},
{"type":"Feature","geometry":{"type":"LineString","coordinates":[[32.98885,-9.47581],[32.9888,-9.47605],[32.98838,-9.47653],[32.98799,-9.47717],[32.98787,-9.47751],[32.98782,-9.47761],[32.98782,-9.47769],[32.98779,-9.47774],[32.98774,-9.47777]]},"properties":{"id":798978353,"cls":"path","hw":"path","tg":"na","name":"","ref":"","surface":"","sc":"unknown","speed":null,"lit":"unk","km":0.255}},
{"type":"Feature","geometry":{"type":"LineString","coordinates":[[32.98941,-9.47567],[32.98909,-9.47566],[32.98891,-9.47566],[32.98891,-9.47559],[32.98892,-9.47554],[32.9889,-9.47531],[32.98888,-9.47517],[32.9889,-9.475],[32.9889,-9.47482],[32.9889,-9.47469],[32.98892,-9.47454],[32.98893,-9.47433]]},"properties":{"id":798978354,"cls":"path","hw":"path","tg":"na","name":"","ref":"","surface":"","sc":"unknown","speed":null,"lit":"unk","km":0.203}},
{"type":"Feature","geometry":{"type":"LineString","coordinates":[[32.99099,-9.48452],[32.99107,-9.48478],[32.99106,-9.48482]]},"properties":{"id":798978355,"cls":"path","hw":"path","tg":"na","name":"","ref":"","surface":"","sc":"unknown","speed":null,"lit":"unk","km":0.035}},
{"type":"Feature","geometry":{"type":"LineString","coordinates":[[32.98808,-9.4867],[32.98784,-9.48713],[32.98765,-9.48731],[32.98752,-9.48762],[32.98744,-9.48772],[32.98736,-9.48795],[32.98736,-9.48809],[32.98734,-9.48816]]},"properties":{"id":798978357,"cls":"path","hw":"path","tg":"na","name":"","ref":"","surface":"","sc":"unknown","speed":null,"lit":"unk","km":0.186}},
{"type":"Feature","geometry":{"type":"LineString","coordinates":[[32.99032,-9.48519],[32.98987,-9.48562],[32.9897,-9.48587],[32.98934,-9.48622],[32.98908,-9.48628],[32.9885,-9.48645],[32.98837,-9.48651],[32.98818,-9.4866],[32.98808,-9.4867]]},"properties":{"id":798978358,"cls":"path","hw":"path","tg":"na","name":"","ref":"","surface":"","sc":"unknown","speed":null,"lit":"unk","km":0.308}},
{"type":"Feature","geometry":{"type":"LineString","coordinates":[[32.98987,-9.48778],[32.99032,-9.48747],[32.99044,-9.48737],[32.99058,-9.48725],[32.99077,-9.48704],[32.99107,-9.48685]]},"properties":{"id":798978359,"cls":"path","hw":"path","tg":"na","name":"","ref":"","surface":"","sc":"unknown","speed":null,"lit":"unk","km":0.168}},
{"type":"Feature","geometry":{"type":"LineString","coordinates":[[32.99262,-9.48322],[32.99299,-9.4837],[32.99323,-9.4839],[32.99364,-9.48462],[32.99389,-9.48524],[32.99456,-9.48695],[32.99482,-9.48756],[32.99495,-9.48798],[32.99511,-9.48866],[32.99517,-9.48913],[32.99557,-9.48989],[32.99567,-9.49001],[32.99572,-9.4901],[32.9957,-9.49016]]},"properties":{"id":798978360,"cls":"path","hw":"path","tg":"na","name":"","ref":"","surface":"","sc":"unknown","speed":null,"lit":"unk","km":0.855}},
{"type":"Feature","geometry":{"type":"LineString","coordinates":[[32.9949,-9.49138],[32.99491,-9.49101],[32.99497,-9.49047],[32.99499,-9.49035]]},"properties":{"id":798978361,"cls":"path","hw":"path","tg":"na","name":"","ref":"","surface":"","sc":"unknown","speed":null,"lit":"unk","km":0.115}},
{"type":"Feature","geometry":{"type":"LineString","coordinates":[[32.99118,-9.48997],[32.99266,-9.48991],[32.99341,-9.48989],[32.99381,-9.48991],[32.99404,-9.48999],[32.9943,-9.49006],[32.99448,-9.49016],[32.99471,-9.49021],[32.99483,-9.49025],[32.99499,-9.49035],[32.99506,-9.49031],[32.99525,-9.49035],[32.99539,-9.49037],[32.99549,-9.49036],[32.99558,-9.49036]]},"properties":{"id":798978362,"cls":"path","hw":"path","tg":"na","name":"","ref":"","surface":"","sc":"unknown","speed":null,"lit":"unk","km":0.495}},
{"type":"Feature","geometry":{"type":"LineString","coordinates":[[32.9895,-9.48848],[32.99014,-9.48901],[32.99066,-9.48943],[32.99118,-9.48997],[32.99194,-9.49063],[32.99221,-9.4908],[32.99256,-9.49117],[32.9929,-9.4915],[32.99322,-9.49172],[32.99355,-9.49186],[32.99385,-9.49205],[32.99403,-9.49217],[32.99411,-9.49224],[32.99439,-9.49259]]},"properties":{"id":798978363,"cls":"track","hw":"track","tg":"none","name":"","ref":"","surface":"","sc":"unknown","speed":null,"lit":"unk","km":0.709}},
{"type":"Feature","geometry":{"type":"LineString","coordinates":[[32.98704,-9.47987],[32.98674,-9.47967]]},"properties":{"id":798978365,"cls":"path","hw":"path","tg":"na","name":"","ref":"","surface":"","sc":"unknown","speed":null,"lit":"unk","km":0.04}},
{"type":"Feature","geometry":{"type":"LineString","coordinates":[[32.98661,-9.48007],[32.98674,-9.47967]]},"properties":{"id":798978366,"cls":"path","hw":"path","tg":"na","name":"","ref":"","surface":"","sc":"unknown","speed":null,"lit":"unk","km":0.047}},
{"type":"Feature","geometry":{"type":"LineString","coordinates":[[32.99139,-9.48115],[32.99141,-9.48141],[32.99151,-9.48177],[32.99159,-9.48205],[32.99161,-9.48222],[32.99164,-9.48263],[32.99163,-9.48303],[32.9916,-9.48353],[32.99156,-9.48377],[32.99156,-9.48391],[32.99159,-9.48395]]},"properties":{"id":798978368,"cls":"unclassified","hw":"unclassified","tg":"na","name":"","ref":"","surface":"","sc":"unknown","speed":null,"lit":"unk","km":0.316}},
{"type":"Feature","geometry":{"type":"LineString","coordinates":[[32.99693,-9.47523],[32.99692,-9.47506],[32.99699,-9.47478],[32.99703,-9.47461],[32.99704,-9.47454],[32.99703,-9.47444]]},"properties":{"id":798978369,"cls":"path","hw":"path","tg":"na","name":"","ref":"","surface":"","sc":"unknown","speed":null,"lit":"unk","km":0.089}},
{"type":"Feature","geometry":{"type":"LineString","coordinates":[[32.99542,-9.4759],[32.99552,-9.47574],[32.99572,-9.47551],[32.9958,-9.47536],[32.99597,-9.47524],[32.99623,-9.47504],[32.9964,-9.47488],[32.99651,-9.47479],[32.99666,-9.47477],[32.99678,-9.47467],[32.99694,-9.4745],[32.99703,-9.47444],[32.99708,-9.47437],[32.99715,-9.47432]]},"properties":{"id":798978370,"cls":"path","hw":"path","tg":"na","name":"","ref":"","surface":"","sc":"unknown","speed":null,"lit":"unk","km":0.265}},
{"type":"Feature","geometry":{"type":"LineString","coordinates":[[32.99823,-9.47504],[32.99827,-9.47491],[32.9985,-9.4746],[32.99869,-9.47407],[32.99874,-9.47394]]},"properties":{"id":798978371,"cls":"path","hw":"path","tg":"na","name":"","ref":"","surface":"","sc":"unknown","speed":null,"lit":"unk","km":0.136}},
{"type":"Feature","geometry":{"type":"LineString","coordinates":[[32.99823,-9.47504],[32.99799,-9.47544],[32.99794,-9.47557],[32.99791,-9.47567],[32.99772,-9.47606],[32.99761,-9.47637],[32.99756,-9.47652],[32.99751,-9.47663],[32.99746,-9.47671],[32.9974,-9.47682],[32.99728,-9.477],[32.9972,-9.47714],[32.99718,-9.47736],[32.99719,-9.47744],[32.99721,-9.47751],[32.99719,-9.47765],[32.99724,-9.47782],[32.99727,-9.47794],[32.99738,-9.47811],[32.99742,-9.47815],[32.99745,-9.47837],[32.99747,-9.47855],[32.9975,-9.47864],[32.99754,-9.47876],[32.99768,-9.47894],[32.99782,-9.47909],[32.99801,-9.47922],[32.99814,-9.47929],[32.99823,-9.4794],[32.99828,-9.47949],[32.99833,-9.47964],[32.99837,-9.47975],[32.99841,-9.47986],[32.99856,-9.48005],[32.99873,-9.48022],[32.99885,-9.48037],[32.99897,-9.48051],[32.99915,-9.48065],[32.99923,-9.48079],[32.99939,-9.4809],[32.99947,-9.48096],[32.99954,-9.48107],[32.99967,-9.48123],[32.9998,-9.48141],[32.99984,-9.48145],[33.0,-9.48159],[33.00006,-9.48168],[33.00008,-9.48175],[33.00011,-9.4818],[33.00015,-9.48185],[33.00015,-9.48188],[33.00028,-9.48196],[33.00031,-9.482],[33.00047,-9.48239],[33.0006,-9.48253],[33.00073,-9.48267],[33.00085,-9.48282],[33.0009,-9.48292],[33.00095,-9.48316],[33.00097,-9.48333],[33.00097,-9.48348],[33.00107,-9.48362],[33.00109,-9.48371],[33.00116,-9.48391],[33.00124,-9.48404],[33.00147,-9.48422],[33.00156,-9.48431]]},"properties":{"id":798978372,"cls":"path","hw":"path","tg":"na","name":"","ref":"","surface":"","sc":"unknown","speed":null,"lit":"unk","km":1.232}},
{"type":"Feature","geometry":{"type":"LineString","coordinates":[[32.99874,-9.47394],[32.99896,-9.47378],[32.99923,-9.47357],[32.99943,-9.47346],[32.99977,-9.47328],[32.99995,-9.47318],[33.00015,-9.47306]]},"properties":{"id":798978373,"cls":"unclassified","hw":"unclassified","tg":"na","name":"","ref":"","surface":"","sc":"unknown","speed":null,"lit":"unk","km":0.183}},
{"type":"Feature","geometry":{"type":"LineString","coordinates":[[32.99931,-9.47548],[32.99963,-9.47557],[32.99988,-9.47569],[33.00006,-9.47581]]},"properties":{"id":798978374,"cls":"path","hw":"path","tg":"na","name":"","ref":"","surface":"","sc":"unknown","speed":null,"lit":"unk","km":0.091}},
{"type":"Feature","geometry":{"type":"LineString","coordinates":[[32.99931,-9.47548],[32.99926,-9.47548],[32.99912,-9.47545],[32.99893,-9.47538],[32.9986,-9.47521],[32.99832,-9.47505],[32.99823,-9.47504],[32.99817,-9.47502],[32.99802,-9.47504],[32.99789,-9.475],[32.9976,-9.4748],[32.99746,-9.47464],[32.99715,-9.47432],[32.99723,-9.47418],[32.99733,-9.47405],[32.99753,-9.47385],[32.99769,-9.47372],[32.99777,-9.4737],[32.99787,-9.47369],[32.99795,-9.47373],[32.99801,-9.47381],[32.99807,-9.47394],[32.99817,-9.47418],[32.99826,-9.47432],[32.9985,-9.4746],[32.9986,-9.47471],[32.99877,-9.47488],[32.99891,-9.47503],[32.99901,-9.47516],[32.99914,-9.47528],[32.99927,-9.47542],[32.9993,-9.47547],[32.99931,-9.47548],[32.99947,-9.47561],[33.00011,-9.47605],[33.0005,-9.47642],[33.00055,-9.47644],[33.00073,-9.47651],[33.0011,-9.47659],[33.0012,-9.4766],[33.00143,-9.47649],[33.00171,-9.47641],[33.00199,-9.47637],[33.00229,-9.47656],[33.00245,-9.47664],[33.00276,-9.47674],[33.00312,-9.47685],[33.00367,-9.47703]]},"properties":{"id":798978376,"cls":"path","hw":"path","tg":"na","name":"","ref":"","surface":"","sc":"unknown","speed":null,"lit":"unk","km":1.185}},
{"type":"Feature","geometry":{"type":"LineString","coordinates":[[32.99433,-9.47572],[32.9946,-9.47622]]},"properties":{"id":798978377,"cls":"path","hw":"path","tg":"na","name":"","ref":"","surface":"","sc":"unknown","speed":null,"lit":"unk","km":0.063}},
{"type":"Feature","geometry":{"type":"LineString","coordinates":[[32.98959,-9.47597],[32.98986,-9.47576],[32.99006,-9.47559],[32.99013,-9.47554],[32.99027,-9.47553],[32.99058,-9.47539],[32.99078,-9.47535],[32.9909,-9.47532],[32.99101,-9.47528],[32.99111,-9.47528],[32.99115,-9.47524],[32.99129,-9.47522],[32.99141,-9.47521],[32.99164,-9.47518],[32.99171,-9.4752],[32.99192,-9.47518],[32.99207,-9.47527],[32.99228,-9.47532],[32.9924,-9.47532],[32.99244,-9.47532],[32.99251,-9.47528],[32.99256,-9.47525],[32.99265,-9.47522],[32.99272,-9.47516],[32.99281,-9.47515],[32.99297,-9.47515],[32.99307,-9.47521],[32.99314,-9.47527],[32.99323,-9.47529],[32.99335,-9.47529],[32.99348,-9.47534],[32.99382,-9.47551],[32.99406,-9.47564],[32.99416,-9.47568],[32.99426,-9.47562]]},"properties":{"id":798978378,"cls":"path","hw":"path","tg":"na","name":"","ref":"","surface":"","sc":"unknown","speed":null,"lit":"unk","km":0.562}},
{"type":"Feature","geometry":{"type":"LineString","coordinates":[[32.99094,-9.47783],[32.99079,-9.47768],[32.99067,-9.47757],[32.99056,-9.47742],[32.99038,-9.47725],[32.9901,-9.47692],[32.98989,-9.47656],[32.98959,-9.47597],[32.98946,-9.47565],[32.98935,-9.47546]]},"properties":{"id":798978379,"cls":"unclassified","hw":"unclassified","tg":"na","name":"","ref":"","surface":"","sc":"unknown","speed":null,"lit":"unk","km":0.319}},
{"type":"Feature","geometry":{"type":"LineString","coordinates":[[32.98804,-9.47877],[32.98808,-9.47867],[32.98805,-9.47861],[32.98802,-9.47851],[32.98797,-9.47829],[32.98792,-9.47815],[32.98788,-9.47806],[32.98782,-9.47795],[32.98774,-9.47777]]},"properties":{"id":798978380,"cls":"path","hw":"path","tg":"na","name":"","ref":"","surface":"","sc":"unknown","speed":null,"lit":"unk","km":0.119}},
{"type":"Feature","geometry":{"type":"LineString","coordinates":[[32.98758,-9.47965],[32.98763,-9.47954],[32.98805,-9.47893],[32.9881,-9.4788]]},"properties":{"id":798978381,"cls":"path","hw":"path","tg":"na","name":"","ref":"","surface":"","sc":"unknown","speed":null,"lit":"unk","km":0.111}},
{"type":"Feature","geometry":{"type":"LineString","coordinates":[[32.98653,-9.4801],[32.98647,-9.48049],[32.98644,-9.4807],[32.98635,-9.48082],[32.98631,-9.48092],[32.98629,-9.48111],[32.98633,-9.48131],[32.98631,-9.48141],[32.98633,-9.48155],[32.98625,-9.48228],[32.98622,-9.48246],[32.98609,-9.48271],[32.98604,-9.48323],[32.98596,-9.48371],[32.98573,-9.484],[32.98564,-9.48415],[32.98552,-9.48436],[32.98531,-9.48455],[32.98521,-9.48466],[32.98491,-9.48495],[32.98484,-9.48503],[32.98493,-9.48523],[32.98496,-9.48533],[32.98498,-9.48556],[32.98497,-9.48592],[32.98501,-9.48601],[32.98501,-9.48616],[32.98498,-9.48639],[32.98499,-9.48651],[32.98513,-9.4866],[32.98521,-9.48669],[32.98523,-9.48684],[32.98518,-9.48702],[32.98518,-9.48711],[32.98521,-9.48715],[32.98538,-9.48729],[32.98558,-9.48747]]},"properties":{"id":798978382,"cls":"path","hw":"path","tg":"na","name":"","ref":"","surface":"","sc":"unknown","speed":null,"lit":"unk","km":0.912}},
{"type":"Feature","geometry":{"type":"LineString","coordinates":[[32.98224,-9.48613],[32.98221,-9.48597],[32.98212,-9.48584],[32.98208,-9.48571],[32.98211,-9.48559],[32.98215,-9.48544],[32.98215,-9.48528],[32.98197,-9.48488],[32.98186,-9.48465],[32.98182,-9.48456],[32.98178,-9.48451]]},"properties":{"id":798978383,"cls":"track","hw":"track","tg":"none","name":"","ref":"","surface":"","sc":"unknown","speed":null,"lit":"unk","km":0.194}},
{"type":"Feature","geometry":{"type":"LineString","coordinates":[[32.98936,-9.48847],[32.98916,-9.48857],[32.98866,-9.48864],[32.98828,-9.48859],[32.98792,-9.48845],[32.98746,-9.48821],[32.98734,-9.48816],[32.98731,-9.48817],[32.98724,-9.48814],[32.98725,-9.48809],[32.9872,-9.48805],[32.98694,-9.488],[32.98688,-9.48796],[32.98679,-9.48786],[32.98662,-9.4878],[32.98626,-9.48764],[32.98619,-9.48763],[32.98611,-9.48763],[32.98576,-9.48752],[32.98558,-9.48747],[32.98544,-9.48744],[32.98536,-9.48738],[32.98529,-9.48738],[32.98517,-9.48743],[32.9847,-9.48723],[32.98431,-9.4871],[32.9838,-9.48693],[32.98304,-9.48667],[32.98258,-9.4866],[32.98252,-9.48649],[32.98232,-9.48621],[32.98224,-9.48613]]},"properties":{"id":798978384,"cls":"track","hw":"track","tg":"none","name":"","ref":"","surface":"","sc":"unknown","speed":null,"lit":"unk","km":0.865}},
{"type":"Feature","geometry":{"type":"LineString","coordinates":[[32.99363,-9.48195],[32.9935,-9.48241],[32.99284,-9.483],[32.99262,-9.48322],[32.99235,-9.48343],[32.99192,-9.4837],[32.99176,-9.48383],[32.99169,-9.48391],[32.99159,-9.48395],[32.99142,-9.48406],[32.99099,-9.48452],[32.99083,-9.4847],[32.99055,-9.485],[32.99033,-9.48514],[32.99032,-9.48519],[32.99026,-9.4854],[32.99021,-9.48567],[32.99026,-9.48584],[32.99029,-9.48607],[32.9903,-9.48627],[32.99025,-9.48632],[32.99016,-9.48634],[32.98998,-9.48651],[32.98988,-9.4866],[32.98982,-9.48684],[32.98969,-9.48721],[32.98966,-9.48744],[32.98965,-9.4876],[32.98975,-9.48776]]},"properties":{"id":798978385,"cls":"path","hw":"path","tg":"na","name":"","ref":"","surface":"","sc":"unknown","speed":null,"lit":"unk","km":0.841}},
{"type":"Feature","geometry":{"type":"LineString","coordinates":[[32.9995,-9.48684],[32.99964,-9.4871],[32.99983,-9.48744],[33.00008,-9.48787],[33.00024,-9.48814],[33.00036,-9.48821],[33.0007,-9.48833],[33.00091,-9.48843],[33.0013,-9.48886],[33.0014,-9.48896],[33.00184,-9.48907],[33.00254,-9.48954],[33.00282,-9.48967],[33.00312,-9.48981],[33.00356,-9.49008],[33.00372,-9.49018],[33.00387,-9.49037],[33.00411,-9.49063],[33.00432,-9.49093],[33.0045,-9.49127],[33.00465,-9.49163],[33.00471,-9.49183],[33.00473,-9.492],[33.00481,-9.49221],[33.00483,-9.49235],[33.00491,-9.49258],[33.00496,-9.49288],[33.00496,-9.493],[33.00501,-9.49319]]},"properties":{"id":798978392,"cls":"path","hw":"path","tg":"na","name":"","ref":"","surface":"","sc":"unknown","speed":null,"lit":"unk","km":0.988}},
{"type":"Feature","geometry":{"type":"LineString","coordinates":[[32.9995,-9.48684],[32.99938,-9.48661],[32.99928,-9.48648],[32.9991,-9.48632],[32.99908,-9.48627],[32.99906,-9.48617],[32.99887,-9.48596],[32.99876,-9.48592],[32.99855,-9.48575],[32.99836,-9.48566],[32.99829,-9.48558],[32.99816,-9.48547],[32.99809,-9.48532]]},"properties":{"id":798978395,"cls":"path","hw":"path","tg":"na","name":"","ref":"","surface":"","sc":"unknown","speed":null,"lit":"unk","km":0.237}},
{"type":"Feature","geometry":{"type":"LineString","coordinates":[[32.99519,-9.48329],[32.99568,-9.48406],[32.99618,-9.4847],[32.99691,-9.48516],[32.99786,-9.48529],[32.99809,-9.48532],[32.99876,-9.48544]]},"properties":{"id":798978397,"cls":"unclassified","hw":"unclassified","tg":"na","name":"","ref":"","surface":"","sc":"unknown","speed":null,"lit":"unk","km":0.491}},
{"type":"Feature","geometry":{"type":"LineString","coordinates":[[32.98353,-9.48147],[32.98322,-9.48136],[32.98265,-9.48094],[32.98299,-9.48035],[32.98303,-9.48013],[32.98308,-9.47968],[32.98332,-9.47945],[32.98346,-9.47942],[32.98427,-9.47885],[32.98477,-9.47877],[32.98485,-9.4787],[32.98498,-9.47868],[32.98537,-9.47815],[32.98612,-9.47832],[32.98702,-9.4785],[32.98728,-9.47854],[32.9876,-9.47857],[32.98787,-9.47865],[32.98804,-9.47877],[32.9881,-9.4788],[32.98827,-9.47888],[32.98842,-9.4789],[32.98855,-9.47893],[32.98874,-9.47896],[32.9888,-9.479],[32.98884,-9.47904],[32.98898,-9.47911],[32.98907,-9.47925],[32.98931,-9.47941],[32.98945,-9.47951],[32.98953,-9.47953],[32.98958,-9.47957],[32.98962,-9.4796],[32.98971,-9.47961],[32.98981,-9.47967],[32.98996,-9.47972],[32.99005,-9.47975]]},"properties":{"id":798978398,"cls":"path","hw":"path","tg":"na","name":"","ref":"","surface":"","sc":"unknown","speed":null,"lit":"unk","km":1.137}},
{"type":"Feature","geometry":{"type":"LineString","coordinates":[[32.9957,-9.49016],[32.99656,-9.49224],[32.99661,-9.49243],[32.99673,-9.49258],[32.99686,-9.49272],[32.99694,-9.49282],[32.99702,-9.49292],[32.99724,-9.4931],[32.9974,-9.49329],[32.9975,-9.49345],[32.99756,-9.49353],[32.99767,-9.49379],[32.99788,-9.49404],[32.99807,-9.4943]]},"properties":{"id":799083101,"cls":"path","hw":"path","tg":"na","name":"","ref":"","surface":"","sc":"unknown","speed":null,"lit":"unk","km":0.536}},
{"type":"Feature","geometry":{"type":"LineString","coordinates":[[32.99487,-9.49452],[32.99502,-9.49457],[32.99512,-9.49463],[32.9957,-9.49503],[32.99584,-9.49519],[32.99591,-9.49534],[32.9961,-9.49557],[32.9963,-9.49568],[32.99674,-9.49603]]},"properties":{"id":799083102,"cls":"path","hw":"path","tg":"na","name":"","ref":"","surface":"","sc":"unknown","speed":null,"lit":"unk","km":0.27}},
{"type":"Feature","geometry":{"type":"LineString","coordinates":[[32.999,-9.49427],[32.99915,-9.49434],[32.9995,-9.49448],[32.99973,-9.49453],[32.99991,-9.49455],[32.99999,-9.4946],[33.00057,-9.49479],[33.00072,-9.49481],[33.00079,-9.4948],[33.00106,-9.49477],[33.00124,-9.49474],[33.00144,-9.49472],[33.00155,-9.49472],[33.00175,-9.49475],[33.00202,-9.49475],[33.00207,-9.49471],[33.00216,-9.4947],[33.00221,-9.49468],[33.00234,-9.49463],[33.0027,-9.49451],[33.00284,-9.49444],[33.00305,-9.49426]]},"properties":{"id":799083109,"cls":"path","hw":"path","tg":"na","name":"","ref":"","surface":"","sc":"unknown","speed":null,"lit":"unk","km":0.47}},
{"type":"Feature","geometry":{"type":"LineString","coordinates":[[32.99754,-9.49423],[32.99784,-9.49428],[32.99807,-9.4943],[32.99839,-9.49434],[32.99851,-9.49435],[32.9987,-9.49439],[32.99886,-9.49438],[32.99893,-9.49432]]},"properties":{"id":799083110,"cls":"path","hw":"path","tg":"na","name":"","ref":"","surface":"","sc":"unknown","speed":null,"lit":"unk","km":0.156}},
{"type":"Feature","geometry":{"type":"LineString","coordinates":[[32.9975,-9.49466],[32.99744,-9.49486],[32.99729,-9.49516],[32.99715,-9.49544],[32.9969,-9.49585],[32.99674,-9.49603],[32.99662,-9.49617]]},"properties":{"id":799083111,"cls":"path","hw":"path","tg":"na","name":"","ref":"","surface":"","sc":"unknown","speed":null,"lit":"unk","km":0.195}},
{"type":"Feature","geometry":{"type":"LineString","coordinates":[[32.99739,-9.49017],[32.99747,-9.49129],[32.99762,-9.49224],[32.9977,-9.49239],[32.9976,-9.49266],[32.99756,-9.49353],[32.99756,-9.49384],[32.99754,-9.49423],[32.99753,-9.49448],[32.9975,-9.49466],[32.99753,-9.49494],[32.99753,-9.4952],[32.99755,-9.4954],[32.99758,-9.49545],[32.99759,-9.49561],[32.99769,-9.49606],[32.99762,-9.49626],[32.9976,-9.49672],[32.99758,-9.49708]]},"properties":{"id":799083112,"cls":"path","hw":"path","tg":"na","name":"","ref":"","surface":"","sc":"unknown","speed":null,"lit":"unk","km":0.778}},
{"type":"Feature","geometry":{"type":"LineString","coordinates":[[32.97772,-9.4972],[32.97812,-9.49716],[32.97819,-9.49713],[32.97837,-9.49699],[32.97902,-9.49617],[32.97934,-9.49588],[32.97949,-9.49566],[32.97961,-9.49558],[32.97966,-9.49552],[32.97974,-9.4954],[32.97978,-9.49526],[32.97991,-9.4946],[32.98003,-9.49439],[32.98005,-9.4943],[32.9804,-9.49379],[32.98066,-9.49346],[32.98086,-9.49306],[32.98134,-9.49214],[32.98154,-9.49186],[32.98168,-9.49164],[32.98169,-9.49151],[32.98197,-9.49094],[32.9822,-9.49063],[32.98225,-9.49047],[32.98236,-9.48973],[32.98233,-9.48902],[32.98238,-9.488],[32.98242,-9.48775],[32.9825,-9.48731],[32.98259,-9.48706],[32.98263,-9.48687],[32.98262,-9.48668],[32.98258,-9.4866]]},"properties":{"id":799083113,"cls":"track","hw":"track","tg":"none","name":"","ref":"","surface":"","sc":"unknown","speed":null,"lit":"unk","km":1.368}},
{"type":"Feature","geometry":{"type":"LineString","coordinates":[[32.99822,-9.49561],[32.99858,-9.49562],[32.99886,-9.49559],[32.99903,-9.49563]]},"properties":{"id":799084967,"cls":"path","hw":"path","tg":"na","name":"","ref":"","surface":"","sc":"unknown","speed":null,"lit":"unk","km":0.09}},
{"type":"Feature","geometry":{"type":"LineString","coordinates":[[32.99674,-9.49603],[32.99691,-9.49617],[32.99727,-9.49636],[32.99735,-9.49647],[32.99744,-9.49685],[32.99758,-9.49708],[32.99771,-9.49732],[32.99793,-9.4977],[32.99814,-9.4981],[32.99821,-9.49843],[32.99846,-9.49891],[32.99845,-9.49859],[32.99847,-9.49794],[32.99851,-9.49775],[32.99857,-9.49751],[32.99869,-9.49719],[32.99869,-9.49689],[32.9987,-9.4966],[32.99876,-9.4963],[32.99891,-9.49597],[32.99899,-9.49574],[32.99903,-9.49563]]},"properties":{"id":799084968,"cls":"path","hw":"path","tg":"na","name":"","ref":"","surface":"","sc":"unknown","speed":null,"lit":"unk","km":0.759}},
{"type":"Feature","geometry":{"type":"LineString","coordinates":[[32.99903,-9.49563],[32.99934,-9.49564],[32.99972,-9.49552],[32.99989,-9.49538],[33.00011,-9.49509],[33.00024,-9.49495],[33.00055,-9.49489],[33.00072,-9.49481]]},"properties":{"id":799084969,"cls":"path","hw":"path","tg":"na","name":"","ref":"","surface":"","sc":"unknown","speed":null,"lit":"unk","km":0.219}},
{"type":"Feature","geometry":{"type":"LineString","coordinates":[[32.99915,-9.49477],[32.99906,-9.49516],[32.99903,-9.49563],[32.99946,-9.4958],[32.99979,-9.49599],[33.00003,-9.49612],[33.0001,-9.4962],[33.00033,-9.49651],[33.0013,-9.49736],[33.00263,-9.49787],[33.00298,-9.49798]]},"properties":{"id":799084971,"cls":"path","hw":"path","tg":"na","name":"","ref":"","surface":"","sc":"unknown","speed":null,"lit":"unk","km":0.613}},
{"type":"Feature","geometry":{"type":"LineString","coordinates":[[32.99973,-9.49453],[32.99915,-9.49477],[32.99886,-9.49509],[32.99869,-9.49521],[32.99854,-9.49534],[32.99822,-9.49561],[32.99773,-9.49558],[32.99759,-9.49561]]},"properties":{"id":799084972,"cls":"path","hw":"path","tg":"na","name":"","ref":"","surface":"","sc":"unknown","speed":null,"lit":"unk","km":0.277}},
{"type":"Feature","geometry":{"type":"LineString","coordinates":[[32.99457,-9.49195],[32.99461,-9.49196],[32.99467,-9.49195],[32.99474,-9.49198],[32.99475,-9.492],[32.99472,-9.49207],[32.99478,-9.4921],[32.99484,-9.49218],[32.99503,-9.49225],[32.99516,-9.49238],[32.99547,-9.4925],[32.99554,-9.4925],[32.99567,-9.49256],[32.99599,-9.49273],[32.99622,-9.49272],[32.99633,-9.49273],[32.99649,-9.49275],[32.99662,-9.49275],[32.99668,-9.49277],[32.9968,-9.4928],[32.99687,-9.4928],[32.9969,-9.49282],[32.99694,-9.49282]]},"properties":{"id":799086839,"cls":"path","hw":"path","tg":"na","name":"","ref":"","surface":"","sc":"unknown","speed":null,"lit":"unk","km":0.297}},
{"type":"Feature","geometry":{"type":"LineString","coordinates":[[32.99846,-9.49891],[32.99874,-9.4999],[32.99892,-9.50098],[32.99893,-9.50178],[32.99903,-9.50242],[32.99922,-9.50305]]},"properties":{"id":799086840,"cls":"path","hw":"path","tg":"na","name":"","ref":"","surface":"","sc":"unknown","speed":null,"lit":"unk","km":0.47}},
{"type":"Feature","geometry":{"type":"LineString","coordinates":[[32.99353,-9.37828],[32.9936,-9.37834],[32.99387,-9.37844],[32.99407,-9.37851],[32.99458,-9.37873],[32.9951,-9.37904],[32.99549,-9.37922],[32.99588,-9.37942],[32.99615,-9.37958],[32.99656,-9.37982],[32.99686,-9.38002],[32.99729,-9.38035],[32.99775,-9.38073],[32.99814,-9.38119],[32.99842,-9.38143],[32.99875,-9.38181],[32.99912,-9.38224],[32.99964,-9.38273],[32.99992,-9.3831],[33.00006,-9.38325],[33.00009,-9.3833],[33.00017,-9.38342],[33.0002,-9.38351],[33.00023,-9.38362],[33.00028,-9.38368],[33.00042,-9.38382],[33.00068,-9.3841],[33.00074,-9.3842],[33.00088,-9.38439],[33.00098,-9.38452],[33.0013,-9.38483],[33.00151,-9.38504],[33.00176,-9.38528],[33.00193,-9.38548],[33.00215,-9.38583],[33.00262,-9.38629],[33.00276,-9.38644],[33.00282,-9.38651],[33.00303,-9.38671],[33.00343,-9.38704],[33.00359,-9.38719],[33.00378,-9.38744],[33.00399,-9.38766],[33.0042,-9.38786],[33.00461,-9.38829],[33.00472,-9.38843],[33.00483,-9.38856],[33.00489,-9.38868],[33.00497,-9.38884],[33.005,-9.38898],[33.00502,-9.38918],[33.00507,-9.38973],[33.0051,-9.38989]]},"properties":{"id":821878587,"cls":"tertiary","hw":"tertiary","tg":"na","name":"","ref":"M9","surface":"unpaved","sc":"unpaved","speed":null,"lit":"unk","km":1.866}},
{"type":"Feature","geometry":{"type":"LineString","coordinates":[[32.98565,-9.46521],[32.98514,-9.46494],[32.98477,-9.46473],[32.98426,-9.46453],[32.98373,-9.46442],[32.98338,-9.46435],[32.98293,-9.46426],[32.98262,-9.46424],[32.98214,-9.46429],[32.98167,-9.46431],[32.98093,-9.4642],[32.98039,-9.46414],[32.97985,-9.46411],[32.97934,-9.46407],[32.979,-9.46402],[32.97856,-9.46388],[32.97848,-9.46385],[32.97811,-9.46368],[32.97772,-9.46346],[32.97721,-9.4632],[32.97681,-9.46291],[32.97632,-9.46253],[32.97603,-9.46233],[32.97553,-9.46204],[32.97456,-9.46163],[32.97409,-9.46138],[32.9736,-9.46117],[32.97314,-9.46094],[32.97283,-9.46079],[32.97263,-9.46069],[32.97221,-9.46045],[32.97184,-9.46022],[32.97159,-9.46009],[32.97118,-9.4599],[32.97097,-9.4598],[32.97061,-9.45962],[32.97041,-9.45948],[32.97023,-9.45935],[32.97002,-9.45916],[32.96984,-9.459],[32.96969,-9.45886],[32.96938,-9.45859],[32.96872,-9.45808],[32.96869,-9.45805],[32.96865,-9.45803],[32.96818,-9.45767],[32.96771,-9.45728],[32.96747,-9.45709],[32.96725,-9.45692],[32.96712,-9.45684],[32.9669,-9.45668],[32.96673,-9.45657],[32.96652,-9.45642],[32.96608,-9.45614],[32.9659,-9.45601],[32.96561,-9.45574],[32.9654,-9.45554],[32.965,-9.45515],[32.96497,-9.45512],[32.96465,-9.45482],[32.96441,-9.45466],[32.96433,-9.45465],[32.96411,-9.45463],[32.96393,-9.45458],[32.96382,-9.45453],[32.96372,-9.45449],[32.96353,-9.45442],[32.96342,-9.45438],[32.96323,-9.45429],[32.96286,-9.45411],[32.96273,-9.45403],[32.96241,-9.45385],[32.96221,-9.45373],[32.96205,-9.45364],[32.96195,-9.45358],[32.96165,-9.45343],[32.96138,-9.45329],[32.96102,-9.45313],[32.9607,-9.45297],[32.96046,-9.45284],[32.96034,-9.45278],[32.96007,-9.45264],[32.95955,-9.45235],[32.95899,-9.45205],[32.95868,-9.45188],[32.95823,-9.45162],[32.95796,-9.45147],[32.95762,-9.45132],[32.95747,-9.45124],[32.95738,-9.45118],[32.957,-9.45085],[32.95633,-9.45026],[32.95593,-9.44989],[32.95577,-9.44976],[32.95565,-9.44964],[32.95547,-9.44948],[32.95535,-9.44936],[32.9552,-9.44923]]},"properties":{"id":821886557,"cls":"tertiary","hw":"tertiary","tg":"na","name":"","ref":"","surface":"unpaved","sc":"unpaved","speed":null,"lit":"unk","km":3.866}},
{"type":"Feature","geometry":{"type":"LineString","coordinates":[[32.98578,-9.46525],[32.98565,-9.46521]]},"properties":{"id":821886558,"cls":"tertiary","hw":"tertiary","tg":"na","name":"","ref":"","surface":"unpaved","sc":"unpaved","speed":null,"lit":"unk","km":0.015}},
{"type":"Feature","geometry":{"type":"LineString","coordinates":[[32.94875,-9.44159],[32.94874,-9.4417],[32.94869,-9.44224],[32.94867,-9.44253],[32.94868,-9.44269],[32.94867,-9.44283],[32.94863,-9.44322],[32.94862,-9.44334],[32.94863,-9.44347],[32.94861,-9.44397],[32.94861,-9.44427]]},"properties":{"id":829592512,"cls":"unclassified","hw":"unclassified","tg":"na","name":"","ref":"","surface":"unpaved","sc":"unpaved","speed":null,"lit":"unk","km":0.299}},
{"type":"Feature","geometry":{"type":"LineString","coordinates":[[32.95876,-9.40083],[32.95868,-9.40111],[32.9585,-9.40149],[32.95831,-9.40179],[32.95808,-9.40206],[32.95796,-9.40228],[32.9578,-9.40241],[32.95771,-9.40261]]},"properties":{"id":850802754,"cls":"track","hw":"track","tg":"none","name":"","ref":"","surface":"","sc":"unknown","speed":null,"lit":"unk","km":0.232}},
{"type":"Feature","geometry":{"type":"LineString","coordinates":[[32.95039,-9.40443],[32.95079,-9.40457],[32.95095,-9.40459],[32.9511,-9.4046],[32.95136,-9.40463],[32.95176,-9.40474],[32.95192,-9.40477],[32.95209,-9.4048],[32.95231,-9.40487],[32.95257,-9.40489],[32.95273,-9.40489],[32.95276,-9.40489],[32.95283,-9.40489],[32.9531,-9.40496],[32.95331,-9.40502],[32.95363,-9.40516],[32.9539,-9.40524]]},"properties":{"id":850802762,"cls":"track","hw":"track","tg":"none","name":"","ref":"","surface":"","sc":"unknown","speed":null,"lit":"unk","km":0.398}},
{"type":"Feature","geometry":{"type":"LineString","coordinates":[[32.95157,-9.4013],[32.95133,-9.40148],[32.95126,-9.40155]]},"properties":{"id":850802765,"cls":"track","hw":"track","tg":"none","name":"","ref":"","surface":"","sc":"unknown","speed":null,"lit":"unk","km":0.044}},
{"type":"Feature","geometry":{"type":"LineString","coordinates":[[32.94749,-9.40202],[32.94732,-9.40223],[32.94717,-9.40241],[32.94716,-9.40271],[32.9472,-9.40279],[32.94719,-9.40304],[32.9472,-9.40328],[32.94723,-9.4034],[32.94727,-9.4037],[32.94745,-9.40408],[32.94774,-9.40431],[32.94796,-9.40459],[32.948,-9.40463],[32.94841,-9.405],[32.94862,-9.40521],[32.94879,-9.40552],[32.9489,-9.40582]]},"properties":{"id":850802781,"cls":"path","hw":"path","tg":"na","name":"","ref":"","surface":"","sc":"unknown","speed":null,"lit":"unk","km":0.503}},
{"type":"Feature","geometry":{"type":"LineString","coordinates":[[32.94796,-9.40459],[32.94815,-9.40457],[32.94867,-9.40463],[32.94904,-9.40469],[32.94934,-9.40453],[32.94945,-9.40447],[32.94962,-9.40439],[32.94975,-9.40439],[32.94977,-9.40439],[32.94993,-9.40427]]},"properties":{"id":850802782,"cls":"track","hw":"track","tg":"none","name":"","ref":"","surface":"","sc":"unknown","speed":null,"lit":"unk","km":0.23}},
{"type":"Feature","geometry":{"type":"LineString","coordinates":[[32.9494,-9.40392],[32.94952,-9.40371],[32.94952,-9.40327],[32.94952,-9.40317],[32.94992,-9.40243],[32.95008,-9.40202],[32.95021,-9.40165],[32.95032,-9.40146],[32.95033,-9.40124],[32.9504,-9.40118],[32.95077,-9.40117]]},"properties":{"id":850802783,"cls":"track","hw":"track","tg":"none","name":"","ref":"","surface":"","sc":"unknown","speed":null,"lit":"unk","km":0.372}},
{"type":"Feature","geometry":{"type":"LineString","coordinates":[[32.98169,-9.4474],[32.98159,-9.4474],[32.98136,-9.4474],[32.98116,-9.44731],[32.98097,-9.44732]]},"properties":{"id":871096195,"cls":"path","hw":"path","tg":"na","name":"","ref":"","surface":"","sc":"unknown","speed":null,"lit":"unk","km":0.081}},
{"type":"Feature","geometry":{"type":"LineString","coordinates":[[32.98164,-9.43308],[32.98167,-9.43311]]},"properties":{"id":871119779,"cls":"path","hw":"path","tg":"na","name":"","ref":"","surface":"","sc":"unknown","speed":null,"lit":"unk","km":0.005}},
{"type":"Feature","geometry":{"type":"LineString","coordinates":[[32.98089,-9.43278],[32.98107,-9.43291],[32.98152,-9.43297],[32.98164,-9.43308]]},"properties":{"id":871119780,"cls":"path","hw":"path","tg":"na","name":"","ref":"","surface":"","sc":"unknown","speed":null,"lit":"unk","km":0.092}},
{"type":"Feature","geometry":{"type":"LineString","coordinates":[[32.98167,-9.43311],[32.98193,-9.43331],[32.9821,-9.43341],[32.98232,-9.43353],[32.9827,-9.4336],[32.98283,-9.43401],[32.98297,-9.43424],[32.98299,-9.4343]]},"properties":{"id":871119781,"cls":"path","hw":"path","tg":"na","name":"","ref":"","surface":"","sc":"unknown","speed":null,"lit":"unk","km":0.212}},
{"type":"Feature","geometry":{"type":"LineString","coordinates":[[32.99941,-9.4428],[32.99931,-9.44293],[32.99914,-9.44305],[32.99896,-9.44318],[32.99884,-9.44325],[32.99867,-9.44312],[32.99856,-9.44301],[32.99849,-9.4429],[32.99831,-9.44286],[32.99815,-9.44276],[32.99807,-9.44264],[32.99796,-9.44252],[32.9979,-9.44243],[32.99786,-9.44231]]},"properties":{"id":871119782,"cls":"path","hw":"path","tg":"na","name":"","ref":"","surface":"","sc":"unknown","speed":null,"lit":"unk","km":0.237}},
{"type":"Feature","geometry":{"type":"LineString","coordinates":[[32.99762,-9.44227],[32.99776,-9.44247],[32.99775,-9.4425],[32.99783,-9.4426],[32.99776,-9.44268],[32.99759,-9.44277],[32.99749,-9.44289]]},"properties":{"id":871119783,"cls":"path","hw":"path","tg":"na","name":"","ref":"","surface":"","sc":"unknown","speed":null,"lit":"unk","km":0.095}},
{"type":"Feature","geometry":{"type":"LineString","coordinates":[[32.98298,-9.43241],[32.98309,-9.43254],[32.98319,-9.43299],[32.98323,-9.43315],[32.98322,-9.43332],[32.98323,-9.43347],[32.98325,-9.43363]]},"properties":{"id":871119784,"cls":"path","hw":"path","tg":"na","name":"","ref":"","surface":"","sc":"unknown","speed":null,"lit":"unk","km":0.142}},
{"type":"Feature","geometry":{"type":"LineString","coordinates":[[32.9822,-9.4317],[32.98246,-9.43195],[32.98289,-9.43209]]},"properties":{"id":871119785,"cls":"path","hw":"path","tg":"na","name":"","ref":"","surface":"","sc":"unknown","speed":null,"lit":"unk","km":0.089}},
{"type":"Feature","geometry":{"type":"LineString","coordinates":[[32.98317,-9.43156],[32.98295,-9.43164],[32.9822,-9.4317],[32.98183,-9.43175],[32.98142,-9.43186],[32.98108,-9.43196],[32.98073,-9.43213]]},"properties":{"id":871119786,"cls":"path","hw":"path","tg":"na","name":"","ref":"","surface":"","sc":"unknown","speed":null,"lit":"unk","km":0.278}},
{"type":"Feature","geometry":{"type":"LineString","coordinates":[[32.98302,-9.43195],[32.98305,-9.43194],[32.98312,-9.43176],[32.98314,-9.43167],[32.98317,-9.43156],[32.98331,-9.43107],[32.98348,-9.43077],[32.98428,-9.43066],[32.98464,-9.43046],[32.98526,-9.43068],[32.98573,-9.43097]]},"properties":{"id":871119787,"cls":"path","hw":"path","tg":"na","name":"","ref":"","surface":"","sc":"unknown","speed":null,"lit":"unk","km":0.41}},
{"type":"Feature","geometry":{"type":"LineString","coordinates":[[32.98619,-9.42988],[32.98608,-9.43017],[32.98615,-9.43025]]},"properties":{"id":871119788,"cls":"path","hw":"path","tg":"na","name":"","ref":"","surface":"","sc":"unknown","speed":null,"lit":"unk","km":0.046}},
{"type":"Feature","geometry":{"type":"LineString","coordinates":[[32.98527,-9.42953],[32.98538,-9.42962],[32.98551,-9.42979],[32.98576,-9.42985],[32.98592,-9.4298],[32.98619,-9.42988],[32.98631,-9.42986],[32.98638,-9.42984],[32.98644,-9.42986]]},"properties":{"id":871119789,"cls":"path","hw":"path","tg":"na","name":"","ref":"","surface":"","sc":"unknown","speed":null,"lit":"unk","km":0.145}},
{"type":"Feature","geometry":{"type":"LineString","coordinates":[[32.98464,-9.43177],[32.98447,-9.4318],[32.98428,-9.4319],[32.9842,-9.43199],[32.984,-9.4321],[32.98377,-9.43217],[32.98356,-9.4322],[32.98333,-9.43224],[32.98313,-9.43224],[32.98301,-9.43228],[32.98288,-9.4323],[32.98281,-9.43233],[32.9826,-9.43233]]},"properties":{"id":871119795,"cls":"path","hw":"path","tg":"na","name":"","ref":"","surface":"","sc":"unknown","speed":null,"lit":"unk","km":0.238}},
{"type":"Feature","geometry":{"type":"LineString","coordinates":[[32.98573,-9.43097],[32.98606,-9.43108],[32.98656,-9.4312],[32.98673,-9.43125],[32.98683,-9.43125]]},"properties":{"id":871119796,"cls":"path","hw":"path","tg":"na","name":"","ref":"","surface":"","sc":"unknown","speed":null,"lit":"unk","km":0.125}},
{"type":"Feature","geometry":{"type":"LineString","coordinates":[[32.98792,-9.42857],[32.98808,-9.42861],[32.98826,-9.42857],[32.98842,-9.42869],[32.98852,-9.42868],[32.98868,-9.42886],[32.98875,-9.42902],[32.98866,-9.42921],[32.98851,-9.42936],[32.98844,-9.4298],[32.9884,-9.43014],[32.98854,-9.43037],[32.98878,-9.43078],[32.98895,-9.43112],[32.98906,-9.43149],[32.98917,-9.43163],[32.98916,-9.43168],[32.98915,-9.43186],[32.98908,-9.43203],[32.98904,-9.43215],[32.989,-9.43235]]},"properties":{"id":871119797,"cls":"path","hw":"path","tg":"na","name":"","ref":"","surface":"","sc":"unknown","speed":null,"lit":"unk","km":0.522}},
{"type":"Feature","geometry":{"type":"LineString","coordinates":[[32.9895,-9.43319],[32.98971,-9.4333],[32.99006,-9.43337],[32.99023,-9.43361],[32.99039,-9.43375],[32.99091,-9.43393],[32.99127,-9.43414],[32.99157,-9.43433],[32.99195,-9.43462],[32.99202,-9.43458],[32.99212,-9.43447],[32.99208,-9.43441],[32.99214,-9.43432],[32.99207,-9.43419]]},"properties":{"id":871119798,"cls":"path","hw":"path","tg":"na","name":"","ref":"","surface":"","sc":"unknown","speed":null,"lit":"unk","km":0.381}},
{"type":"Feature","geometry":{"type":"LineString","coordinates":[[32.98731,-9.43196],[32.9875,-9.43197],[32.98777,-9.43205],[32.98782,-9.43208],[32.98798,-9.43209],[32.98806,-9.43214],[32.98828,-9.43224],[32.98854,-9.43226],[32.98874,-9.43237],[32.98884,-9.43244],[32.98887,-9.43249],[32.98899,-9.43248],[32.98904,-9.43251],[32.9893,-9.43265],[32.98934,-9.43281],[32.98941,-9.43285],[32.98945,-9.43303],[32.9895,-9.43319],[32.98951,-9.43332],[32.98949,-9.43352],[32.98952,-9.43365],[32.98955,-9.43375],[32.98967,-9.434],[32.98973,-9.43416],[32.98974,-9.43441],[32.98975,-9.43462],[32.98974,-9.43474]]},"properties":{"id":871119799,"cls":"path","hw":"path","tg":"na","name":"","ref":"","surface":"","sc":"unknown","speed":null,"lit":"unk","km":0.482}},
{"type":"Feature","geometry":{"type":"LineString","coordinates":[[32.99346,-9.43884],[32.99328,-9.43895],[32.9931,-9.43914],[32.9931,-9.43921],[32.99304,-9.43928],[32.99294,-9.43936],[32.99294,-9.43943],[32.99292,-9.43967],[32.99291,-9.43996]]},"properties":{"id":871119800,"cls":"path","hw":"path","tg":"na","name":"","ref":"","surface":"","sc":"unknown","speed":null,"lit":"unk","km":0.151}},
{"type":"Feature","geometry":{"type":"LineString","coordinates":[[32.99115,-9.43595],[32.99139,-9.43573],[32.99186,-9.43514],[32.99209,-9.43496],[32.99213,-9.43472],[32.99207,-9.43464],[32.99202,-9.43458]]},"properties":{"id":871119801,"cls":"path","hw":"path","tg":"na","name":"","ref":"","surface":"","sc":"unknown","speed":null,"lit":"unk","km":0.198}},
{"type":"Feature","geometry":{"type":"LineString","coordinates":[[32.99591,-9.44163],[32.99569,-9.44181],[32.99552,-9.44205],[32.99548,-9.44211],[32.99538,-9.44217]]},"properties":{"id":871119808,"cls":"path","hw":"path","tg":"na","name":"","ref":"","surface":"","sc":"unknown","speed":null,"lit":"unk","km":0.085}},
{"type":"Feature","geometry":{"type":"LineString","coordinates":[[32.98402,-9.44839],[32.98444,-9.44867],[32.9844,-9.44871],[32.98432,-9.44877],[32.98422,-9.44891],[32.98443,-9.4491],[32.98454,-9.44915]]},"properties":{"id":871119809,"cls":"path","hw":"path","tg":"na","name":"","ref":"","surface":"","sc":"unknown","speed":null,"lit":"unk","km":0.136}},
{"type":"Feature","geometry":{"type":"LineString","coordinates":[[32.98402,-9.44839],[32.98406,-9.44833],[32.98402,-9.44825],[32.98408,-9.44815],[32.98394,-9.44803]]},"properties":{"id":871119810,"cls":"path","hw":"path","tg":"na","name":"","ref":"","surface":"","sc":"unknown","speed":null,"lit":"unk","km":0.051}},
{"type":"Feature","geometry":{"type":"LineString","coordinates":[[32.98243,-9.44741],[32.98275,-9.44756],[32.98314,-9.44777],[32.9834,-9.44789],[32.98369,-9.44811],[32.98396,-9.44834],[32.98402,-9.44839]]},"properties":{"id":871119811,"cls":"path","hw":"path","tg":"na","name":"","ref":"","surface":"","sc":"unknown","speed":null,"lit":"unk","km":0.207}},
{"type":"Feature","geometry":{"type":"LineString","coordinates":[[32.96839,-9.44497],[32.96849,-9.44615],[32.96835,-9.44752],[32.96819,-9.44832],[32.96806,-9.44913],[32.96801,-9.44937],[32.96733,-9.45033],[32.96678,-9.45118],[32.96654,-9.45174],[32.96646,-9.45194],[32.96633,-9.45242],[32.96598,-9.45276],[32.96578,-9.45298],[32.96546,-9.45319],[32.96499,-9.45344]]},"properties":{"id":871711609,"cls":"unclassified","hw":"unclassified","tg":"na","name":"","ref":"","surface":"unpaved","sc":"unpaved","speed":null,"lit":"unk","km":1.07}},
{"type":"Feature","geometry":{"type":"LineString","coordinates":[[32.97209,-9.44268],[32.97211,-9.4426],[32.97209,-9.44254],[32.97211,-9.44229],[32.97208,-9.44205],[32.97212,-9.44182]]},"properties":{"id":871711610,"cls":"path","hw":"path","tg":"na","name":"","ref":"","surface":"","sc":"unknown","speed":null,"lit":"unk","km":0.097}},
{"type":"Feature","geometry":{"type":"LineString","coordinates":[[32.9511,-9.4643],[32.95165,-9.46433],[32.95214,-9.46437],[32.95219,-9.46441],[32.95227,-9.46438],[32.9525,-9.46424],[32.95253,-9.46424],[32.95291,-9.46455],[32.95331,-9.4648],[32.95348,-9.46484],[32.95372,-9.46498],[32.95392,-9.46511],[32.95416,-9.46532],[32.95422,-9.4654],[32.95473,-9.46575]]},"properties":{"id":872308509,"cls":"path","hw":"path","tg":"na","name":"","ref":"","surface":"","sc":"unknown","speed":null,"lit":"unk","km":0.46}},
{"type":"Feature","geometry":{"type":"LineString","coordinates":[[32.99622,-9.39237],[32.99605,-9.39227],[32.996,-9.39218],[32.99581,-9.39177],[32.99541,-9.39131],[32.99503,-9.39098]]},"properties":{"id":872741922,"cls":"unclassified","hw":"unclassified","tg":"na","name":"","ref":"","surface":"","sc":"unknown","speed":null,"lit":"unk","km":0.206}},
{"type":"Feature","geometry":{"type":"LineString","coordinates":[[32.99503,-9.39098],[32.99553,-9.39113],[32.99595,-9.39154]]},"properties":{"id":872741923,"cls":"path","hw":"path","tg":"na","name":"","ref":"","surface":"","sc":"unknown","speed":null,"lit":"unk","km":0.122}},
{"type":"Feature","geometry":{"type":"LineString","coordinates":[[32.98183,-9.38529],[32.98194,-9.3849],[32.98211,-9.38484],[32.98224,-9.38458],[32.98343,-9.38423],[32.98366,-9.38436],[32.98378,-9.38434],[32.98399,-9.38414],[32.98419,-9.38397]]},"properties":{"id":872741924,"cls":"path","hw":"path","tg":"na","name":"","ref":"","surface":"","sc":"unknown","speed":null,"lit":"unk","km":0.337}},
{"type":"Feature","geometry":{"type":"LineString","coordinates":[[32.9951,-9.38463],[32.99516,-9.38475],[32.99513,-9.38485],[32.99526,-9.38491],[32.99533,-9.38503]]},"properties":{"id":872741932,"cls":"path","hw":"path","tg":"na","name":"","ref":"","surface":"","sc":"unknown","speed":null,"lit":"unk","km":0.058}},
{"type":"Feature","geometry":{"type":"LineString","coordinates":[[32.96462,-9.46515],[32.96459,-9.46523],[32.96455,-9.46534],[32.96445,-9.46556],[32.96414,-9.46573],[32.96364,-9.46601],[32.96272,-9.46661],[32.96177,-9.46715],[32.96075,-9.46772],[32.96063,-9.46856]]},"properties":{"id":877610977,"cls":"unclassified","hw":"unclassified","tg":"na","name":"","ref":"","surface":"unpaved","sc":"unpaved","speed":null,"lit":"unk","km":0.615}},
{"type":"Feature","geometry":{"type":"LineString","coordinates":[[32.96142,-9.45757],[32.96141,-9.45769],[32.9612,-9.45802],[32.96107,-9.4582],[32.96083,-9.45837],[32.96077,-9.45847],[32.96047,-9.4587],[32.96019,-9.45901],[32.96001,-9.45913],[32.95981,-9.45918],[32.95967,-9.45931],[32.95947,-9.45949]]},"properties":{"id":877685030,"cls":"path","hw":"path","tg":"na","name":"","ref":"","surface":"","sc":"unknown","speed":null,"lit":"unk","km":0.312}},
{"type":"Feature","geometry":{"type":"LineString","coordinates":[[32.96155,-9.45763],[32.96164,-9.45753],[32.96165,-9.45746],[32.962,-9.45737]]},"properties":{"id":877685031,"cls":"path","hw":"path","tg":"na","name":"","ref":"","surface":"","sc":"unknown","speed":null,"lit":"unk","km":0.062}},
{"type":"Feature","geometry":{"type":"LineString","coordinates":[[32.96078,-9.45654],[32.96083,-9.45667],[32.96088,-9.45674],[32.96088,-9.45679],[32.9609,-9.45684],[32.96096,-9.45694],[32.96098,-9.45705],[32.96099,-9.45713],[32.96104,-9.4572],[32.96111,-9.45727],[32.96119,-9.45734],[32.96138,-9.45752],[32.96142,-9.45757],[32.96155,-9.45763],[32.96161,-9.45766],[32.96169,-9.45784],[32.9617,-9.4579],[32.96182,-9.45812]]},"properties":{"id":877685032,"cls":"path","hw":"path","tg":"na","name":"","ref":"","surface":"","sc":"unknown","speed":null,"lit":"unk","km":0.219}},
{"type":"Feature","geometry":{"type":"LineString","coordinates":[[32.96202,-9.45723],[32.9622,-9.45714],[32.96233,-9.45706],[32.9624,-9.457],[32.96244,-9.45699],[32.96247,-9.45693],[32.96253,-9.45689]]},"properties":{"id":877685034,"cls":"path","hw":"path","tg":"na","name":"","ref":"","surface":"","sc":"unknown","speed":null,"lit":"unk","km":0.069}},
{"type":"Feature","geometry":{"type":"LineString","coordinates":[[32.96181,-9.45564],[32.96188,-9.45572],[32.96205,-9.45597],[32.96214,-9.45607],[32.9622,-9.45613],[32.96226,-9.45618],[32.96235,-9.45624],[32.96242,-9.45629],[32.96248,-9.45633],[32.96257,-9.45639],[32.96263,-9.45647],[32.9627,-9.45652],[32.96282,-9.45662],[32.96282,-9.4567],[32.96301,-9.45682],[32.96312,-9.45684],[32.96322,-9.45683],[32.96326,-9.4569]]},"properties":{"id":877685035,"cls":"path","hw":"path","tg":"na","name":"","ref":"","surface":"","sc":"unknown","speed":null,"lit":"unk","km":0.223}},
{"type":"Feature","geometry":{"type":"LineString","coordinates":[[32.96331,-9.45482],[32.96349,-9.45492],[32.96358,-9.45483],[32.96363,-9.45476],[32.96371,-9.45464],[32.96382,-9.45453]]},"properties":{"id":877685036,"cls":"residential","hw":"residential","tg":"na","name":"","ref":"","surface":"","sc":"unknown","speed":null,"lit":"unk","km":0.079}},
{"type":"Feature","geometry":{"type":"LineString","coordinates":[[32.96273,-9.45522],[32.96298,-9.45513],[32.96306,-9.45511],[32.96322,-9.455],[32.96322,-9.45493],[32.96328,-9.45487],[32.96331,-9.45482],[32.96338,-9.45469],[32.96353,-9.45442]]},"properties":{"id":877685037,"cls":"path","hw":"path","tg":"na","name":"","ref":"","surface":"","sc":"unknown","speed":null,"lit":"unk","km":0.134}},
{"type":"Feature","geometry":{"type":"LineString","coordinates":[[32.96388,-9.45416],[32.96412,-9.45435],[32.96441,-9.45466]]},"properties":{"id":877685038,"cls":"residential","hw":"residential","tg":"na","name":"","ref":"","surface":"unpaved","sc":"unpaved","speed":null,"lit":"unk","km":0.081}},
{"type":"Feature","geometry":{"type":"LineString","coordinates":[[32.96499,-9.45344],[32.9646,-9.45359],[32.9644,-9.45368],[32.96408,-9.45395],[32.964,-9.45397],[32.96388,-9.45416]]},"properties":{"id":877685040,"cls":"unclassified","hw":"unclassified","tg":"na","name":"","ref":"","surface":"unpaved","sc":"unpaved","speed":null,"lit":"unk","km":0.15}},
{"type":"Feature","geometry":{"type":"LineString","coordinates":[[32.97038,-9.45835],[32.97033,-9.45839],[32.97043,-9.45853],[32.97073,-9.45881],[32.97105,-9.45909],[32.97146,-9.45951],[32.97182,-9.45985],[32.97203,-9.46016],[32.97221,-9.46045]]},"properties":{"id":877685041,"cls":"path","hw":"path","tg":"na","name":"","ref":"","surface":"","sc":"unknown","speed":null,"lit":"unk","km":0.317}},
{"type":"Feature","geometry":{"type":"LineString","coordinates":[[32.97015,-9.45847],[32.97006,-9.45837],[32.97016,-9.45828]]},"properties":{"id":877685044,"cls":"path","hw":"path","tg":"na","name":"","ref":"","surface":"","sc":"unknown","speed":null,"lit":"unk","km":0.03}},
{"type":"Feature","geometry":{"type":"LineString","coordinates":[[32.96969,-9.45886],[32.97015,-9.45847],[32.97,-9.45868],[32.97001,-9.45898],[32.97002,-9.45916]]},"properties":{"id":877685045,"cls":"path","hw":"path","tg":"na","name":"","ref":"","surface":"","sc":"unknown","speed":null,"lit":"unk","km":0.149}},
{"type":"Feature","geometry":{"type":"LineString","coordinates":[[32.96872,-9.45808],[32.96892,-9.45807],[32.96955,-9.45818],[32.96982,-9.45821],[32.96994,-9.45823],[32.97016,-9.45828],[32.97024,-9.45829],[32.97032,-9.45829],[32.97038,-9.45835]]},"properties":{"id":877685047,"cls":"residential","hw":"residential","tg":"na","name":"","ref":"","surface":"","sc":"unknown","speed":null,"lit":"unk","km":0.187}},
{"type":"Feature","geometry":{"type":"LineString","coordinates":[[32.965,-9.4653],[32.96639,-9.46473],[32.96653,-9.46467],[32.96702,-9.46423]]},"properties":{"id":877685049,"cls":"path","hw":"path","tg":"na","name":"","ref":"","surface":"","sc":"unknown","speed":null,"lit":"unk","km":0.255}},
{"type":"Feature","geometry":{"type":"LineString","coordinates":[[32.96722,-9.45914],[32.96699,-9.45962],[32.96682,-9.46015],[32.96682,-9.46038],[32.96675,-9.46066],[32.96669,-9.46092],[32.96677,-9.46105],[32.96678,-9.46128],[32.96665,-9.46167],[32.96674,-9.46231],[32.96689,-9.46262],[32.96675,-9.46344],[32.96682,-9.46371],[32.96699,-9.4639],[32.96702,-9.46423],[32.96706,-9.46434],[32.96723,-9.4647],[32.9673,-9.46521],[32.96751,-9.46635],[32.96752,-9.46662]]},"properties":{"id":877685050,"cls":"path","hw":"path","tg":"na","name":"","ref":"","surface":"","sc":"unknown","speed":null,"lit":"unk","km":0.868}},
{"type":"Feature","geometry":{"type":"LineString","coordinates":[[32.96755,-9.45815],[32.96754,-9.45818],[32.9672,-9.45884],[32.96716,-9.45899],[32.96718,-9.45911],[32.96722,-9.45914],[32.96732,-9.45922],[32.96745,-9.4594],[32.96761,-9.45944],[32.96769,-9.4594],[32.96774,-9.45929],[32.96787,-9.45897],[32.96802,-9.45867],[32.96818,-9.45855],[32.9684,-9.45839],[32.96848,-9.45828],[32.96852,-9.45827],[32.96853,-9.45812],[32.96865,-9.45803]]},"properties":{"id":877685051,"cls":"path","hw":"path","tg":"na","name":"","ref":"","surface":"","sc":"unknown","speed":null,"lit":"unk","km":0.383}},
{"type":"Feature","geometry":{"type":"LineString","coordinates":[[32.9662,-9.4585],[32.96632,-9.45836],[32.96662,-9.45822],[32.96685,-9.45808],[32.96697,-9.45793],[32.96703,-9.45758]]},"properties":{"id":877685052,"cls":"path","hw":"path","tg":"na","name":"","ref":"","surface":"","sc":"unknown","speed":null,"lit":"unk","km":0.147}},
{"type":"Feature","geometry":{"type":"LineString","coordinates":[[32.96685,-9.45808],[32.96706,-9.45815],[32.96713,-9.45804],[32.96755,-9.45815],[32.96771,-9.45777],[32.96705,-9.45791],[32.96697,-9.45793]]},"properties":{"id":877685053,"cls":"residential","hw":"residential","tg":"na","name":"","ref":"","surface":"unpaved","sc":"unpaved","speed":null,"lit":"unk","km":0.215}},
{"type":"Feature","geometry":{"type":"LineString","coordinates":[[32.96614,-9.45733],[32.96615,-9.45754],[32.96617,-9.45785],[32.96617,-9.45813],[32.9662,-9.45829],[32.9662,-9.4585],[32.96618,-9.45864],[32.96615,-9.45894]]},"properties":{"id":877685054,"cls":"residential","hw":"residential","tg":"na","name":"","ref":"","surface":"unpaved","sc":"unpaved","speed":null,"lit":"unk","km":0.18}},
{"type":"Feature","geometry":{"type":"LineString","coordinates":[[32.96615,-9.45894],[32.96612,-9.45927],[32.96603,-9.45971],[32.96602,-9.45992],[32.96604,-9.46016],[32.96604,-9.46026],[32.96605,-9.46035],[32.96612,-9.46061],[32.96624,-9.461],[32.96648,-9.46122],[32.9666,-9.46143],[32.96663,-9.46153],[32.96665,-9.46167]]},"properties":{"id":877685055,"cls":"path","hw":"path","tg":"na","name":"","ref":"","surface":"","sc":"unknown","speed":null,"lit":"unk","km":0.323}},
{"type":"Feature","geometry":{"type":"LineString","coordinates":[[32.96138,-9.45329],[32.96127,-9.45346],[32.96128,-9.45358],[32.96117,-9.45363],[32.96105,-9.45368],[32.96097,-9.45375],[32.96096,-9.45389],[32.96093,-9.45401],[32.9609,-9.45423],[32.96091,-9.45444],[32.96088,-9.45462]]},"properties":{"id":877685063,"cls":"path","hw":"path","tg":"na","name":"","ref":"","surface":"","sc":"unknown","speed":null,"lit":"unk","km":0.173}},
{"type":"Feature","geometry":{"type":"LineString","coordinates":[[32.9604,-9.45338],[32.96047,-9.45348],[32.96049,-9.45351],[32.96058,-9.45358],[32.96072,-9.45372],[32.96078,-9.45382],[32.96081,-9.45388],[32.96093,-9.45401],[32.96122,-9.45428],[32.96139,-9.45456]]},"properties":{"id":877685064,"cls":"path","hw":"path","tg":"na","name":"","ref":"","surface":"","sc":"unknown","speed":null,"lit":"unk","km":0.172}},
{"type":"Feature","geometry":{"type":"LineString","coordinates":[[32.96022,-9.45641],[32.96022,-9.45625],[32.96022,-9.45605],[32.96032,-9.45583],[32.96049,-9.45555],[32.96056,-9.45545],[32.96082,-9.45507],[32.96075,-9.45489],[32.96066,-9.45467]]},"properties":{"id":877685065,"cls":"unclassified","hw":"unclassified","tg":"na","name":"","ref":"","surface":"unpaved","sc":"unpaved","speed":null,"lit":"unk","km":0.215}},
{"type":"Feature","geometry":{"type":"LineString","coordinates":[[32.9637,-9.46994],[32.96372,-9.47004],[32.96363,-9.47023],[32.96361,-9.47036],[32.96361,-9.47044],[32.96364,-9.47057],[32.96365,-9.47065],[32.96365,-9.47074],[32.96367,-9.47078],[32.96369,-9.47105],[32.96374,-9.47115],[32.96381,-9.47155],[32.9638,-9.47163],[32.96385,-9.4718],[32.96386,-9.47188],[32.96389,-9.47197],[32.96389,-9.47217],[32.9641,-9.47259],[32.9641,-9.47264],[32.96409,-9.4727],[32.96412,-9.47278],[32.96425,-9.47303],[32.96433,-9.47312],[32.96436,-9.47316],[32.96438,-9.47339],[32.96443,-9.47349]]},"properties":{"id":877685066,"cls":"path","hw":"path","tg":"na","name":"","ref":"","surface":"","sc":"unknown","speed":null,"lit":"unk","km":0.417}},
{"type":"Feature","geometry":{"type":"LineString","coordinates":[[32.95657,-9.46947],[32.95682,-9.46935],[32.95686,-9.46931],[32.95691,-9.46923],[32.95697,-9.46918],[32.95727,-9.46906],[32.95752,-9.46898],[32.95827,-9.46881],[32.95837,-9.4688],[32.95845,-9.46876],[32.95868,-9.46866],[32.95881,-9.46864],[32.95888,-9.46857],[32.95895,-9.46856],[32.95905,-9.46858],[32.95923,-9.46853],[32.95932,-9.46851],[32.95943,-9.46846],[32.95952,-9.46844],[32.95967,-9.4684],[32.95989,-9.46838],[32.96006,-9.46844]]},"properties":{"id":877685067,"cls":"path","hw":"path","tg":"na","name":"","ref":"","surface":"","sc":"unknown","speed":null,"lit":"unk","km":0.412}},
{"type":"Feature","geometry":{"type":"LineString","coordinates":[[32.95051,-9.45885],[32.95065,-9.45902],[32.95086,-9.45931],[32.95103,-9.4596],[32.95187,-9.46122],[32.9522,-9.46177],[32.95272,-9.46274],[32.95295,-9.46312],[32.95308,-9.46327],[32.95327,-9.46343],[32.9538,-9.4639],[32.95421,-9.46423],[32.95428,-9.46428],[32.95444,-9.4644],[32.95467,-9.46453],[32.95476,-9.46453],[32.95502,-9.46468],[32.95522,-9.46481],[32.95704,-9.46591],[32.95792,-9.46643],[32.95914,-9.46735],[32.95947,-9.46764],[32.96,-9.46815],[32.9602,-9.4683]]},"properties":{"id":877685068,"cls":"unclassified","hw":"unclassified","tg":"na","name":"","ref":"","surface":"unpaved","sc":"unpaved","speed":null,"lit":"unk","km":1.533}},
{"type":"Feature","geometry":{"type":"LineString","coordinates":[[32.95962,-9.46562],[32.95961,-9.46573],[32.95956,-9.46577],[32.95954,-9.46584],[32.95956,-9.46591],[32.95953,-9.46606],[32.95956,-9.46621],[32.95961,-9.46637],[32.95957,-9.46665],[32.95957,-9.46678],[32.95955,-9.46684],[32.95933,-9.4672],[32.95914,-9.46735]]},"properties":{"id":877685070,"cls":"path","hw":"path","tg":"na","name":"","ref":"","surface":"","sc":"unknown","speed":null,"lit":"unk","km":0.214}},
{"type":"Feature","geometry":{"type":"LineString","coordinates":[[32.95876,-9.465],[32.95906,-9.4652],[32.95915,-9.4653],[32.95932,-9.46544],[32.9596,-9.46558],[32.95962,-9.46562],[32.95984,-9.46576],[32.96005,-9.4659],[32.96027,-9.46592],[32.9607,-9.46607],[32.96105,-9.46619]]},"properties":{"id":877685071,"cls":"unclassified","hw":"unclassified","tg":"na","name":"","ref":"","surface":"unpaved","sc":"unpaved","speed":null,"lit":"unk","km":0.29}},
{"type":"Feature","geometry":{"type":"LineString","coordinates":[[32.95945,-9.46361],[32.95938,-9.46381],[32.95929,-9.46403],[32.95922,-9.46423],[32.95914,-9.46442],[32.95909,-9.4646],[32.95902,-9.46474]]},"properties":{"id":877685072,"cls":"path","hw":"path","tg":"na","name":"","ref":"","surface":"","sc":"unknown","speed":null,"lit":"unk","km":0.134}},
{"type":"Feature","geometry":{"type":"LineString","coordinates":[[32.95917,-9.45656],[32.959,-9.45664],[32.95883,-9.45675],[32.95872,-9.45673]]},"properties":{"id":877685074,"cls":"path","hw":"path","tg":"na","name":"","ref":"","surface":"","sc":"unknown","speed":null,"lit":"unk","km":0.055}},
{"type":"Feature","geometry":{"type":"LineString","coordinates":[[32.95923,-9.45635],[32.9592,-9.45645],[32.95917,-9.45656],[32.95908,-9.45673],[32.95902,-9.45684],[32.95897,-9.45693]]},"properties":{"id":877685075,"cls":"path","hw":"path","tg":"na","name":"","ref":"","surface":"","sc":"unknown","speed":null,"lit":"unk","km":0.071}},
{"type":"Feature","geometry":{"type":"LineString","coordinates":[[32.95927,-9.45618],[32.95923,-9.45635],[32.95958,-9.45636],[32.95962,-9.45633],[32.95964,-9.4563],[32.95968,-9.4563]]},"properties":{"id":877685077,"cls":"path","hw":"path","tg":"na","name":"","ref":"","surface":"","sc":"unknown","speed":null,"lit":"unk","km":0.072}},
{"type":"Feature","geometry":{"type":"LineString","coordinates":[[32.96097,-9.45375],[32.96093,-9.45376],[32.96081,-9.45388],[32.96075,-9.45393],[32.96069,-9.45397],[32.96065,-9.454],[32.96059,-9.45399],[32.96049,-9.454],[32.96032,-9.45402],[32.96039,-9.45436],[32.96038,-9.45446],[32.96039,-9.45456],[32.96033,-9.45465]]},"properties":{"id":877685079,"cls":"path","hw":"path","tg":"na","name":"","ref":"","surface":"","sc":"unknown","speed":null,"lit":"unk","km":0.155}},
{"type":"Feature","geometry":{"type":"LineString","coordinates":[[32.95894,-9.454],[32.95921,-9.45399],[32.9594,-9.45406],[32.95944,-9.4541],[32.95943,-9.45416],[32.95977,-9.45419],[32.95989,-9.45424],[32.95995,-9.45426],[32.96006,-9.45432],[32.96019,-9.45448],[32.96033,-9.45465],[32.96036,-9.45472],[32.96037,-9.45475]]},"properties":{"id":877685080,"cls":"path","hw":"path","tg":"na","name":"","ref":"","surface":"","sc":"unknown","speed":null,"lit":"unk","km":0.196}},
{"type":"Feature","geometry":{"type":"LineString","coordinates":[[32.96127,-9.45001],[32.96135,-9.45014],[32.96141,-9.45033],[32.96148,-9.4504],[32.96147,-9.45052],[32.96143,-9.45067],[32.96138,-9.45078],[32.96136,-9.45092],[32.96132,-9.45102],[32.9613,-9.45112],[32.96129,-9.45117],[32.96124,-9.45129],[32.96121,-9.45147],[32.96118,-9.45161],[32.96112,-9.45171],[32.96106,-9.45185],[32.96102,-9.452],[32.96098,-9.45211],[32.96091,-9.45215],[32.96087,-9.45218],[32.96083,-9.45218],[32.96077,-9.45222],[32.96062,-9.45242],[32.96053,-9.45253],[32.96054,-9.45261],[32.96051,-9.45268],[32.96049,-9.45276],[32.96046,-9.45284],[32.96042,-9.45294],[32.96033,-9.45311],[32.96035,-9.45325],[32.96037,-9.45329],[32.9604,-9.45338],[32.96038,-9.45356],[32.96031,-9.45375],[32.96032,-9.45388],[32.96032,-9.45402],[32.96019,-9.45413],[32.95995,-9.45426]]},"properties":{"id":877685083,"cls":"path","hw":"path","tg":"na","name":"","ref":"","surface":"","sc":"unknown","speed":null,"lit":"unk","km":0.542}},
{"type":"Feature","geometry":{"type":"LineString","coordinates":[[32.96007,-9.45264],[32.96014,-9.4525],[32.96019,-9.45235],[32.96023,-9.45223],[32.96029,-9.45203],[32.96036,-9.4518],[32.96045,-9.4516],[32.9605,-9.45149],[32.96059,-9.45123],[32.9606,-9.45112],[32.96072,-9.45092],[32.96081,-9.45079],[32.96099,-9.45063],[32.9609,-9.45055],[32.96107,-9.45034],[32.96105,-9.45028],[32.96103,-9.45022],[32.96124,-9.45006],[32.96127,-9.45001],[32.9612,-9.44996],[32.96115,-9.44989],[32.96109,-9.44985],[32.96106,-9.44982],[32.96097,-9.44975],[32.9609,-9.44974],[32.96086,-9.44979],[32.96078,-9.44984],[32.9607,-9.44987],[32.96067,-9.44987],[32.96065,-9.44988],[32.96061,-9.44988],[32.96059,-9.4499],[32.96052,-9.4499],[32.96046,-9.44994],[32.96039,-9.44995],[32.96032,-9.45001],[32.96031,-9.45006],[32.96027,-9.45009],[32.9602,-9.4502],[32.96017,-9.45025],[32.96015,-9.45032],[32.96001,-9.45039],[32.95987,-9.45047],[32.9597,-9.45059],[32.95952,-9.45069],[32.95946,-9.45079],[32.95932,-9.45091]]},"properties":{"id":877685084,"cls":"path","hw":"path","tg":"na","name":"","ref":"","surface":"","sc":"unknown","speed":null,"lit":"unk","km":0.622}},
{"type":"Feature","geometry":{"type":"LineString","coordinates":[[32.98265,-9.48094],[32.9821,-9.48053],[32.98191,-9.48044],[32.98099,-9.48008]]},"properties":{"id":879406105,"cls":"path","hw":"path","tg":"na","name":"","ref":"","surface":"","sc":"unknown","speed":null,"lit":"unk","km":0.207}},
{"type":"Feature","geometry":{"type":"LineString","coordinates":[[32.94921,-9.48625],[32.94907,-9.48606]]},"properties":{"id":879923391,"cls":"path","hw":"path","tg":"na","name":"","ref":"","surface":"","sc":"unknown","speed":null,"lit":"unk","km":0.026}},
{"type":"Feature","geometry":{"type":"LineString","coordinates":[[32.94885,-9.48611],[32.9488,-9.48619],[32.94871,-9.48624]]},"properties":{"id":879923392,"cls":"path","hw":"path","tg":"na","name":"","ref":"","surface":"","sc":"unknown","speed":null,"lit":"unk","km":0.022}},
{"type":"Feature","geometry":{"type":"LineString","coordinates":[[32.95787,-9.48278],[32.9578,-9.48276],[32.9577,-9.4827],[32.95742,-9.4826],[32.95737,-9.48254],[32.95708,-9.48241],[32.957,-9.48239],[32.95696,-9.48236],[32.95673,-9.48232],[32.95667,-9.48231],[32.95664,-9.48232],[32.95658,-9.48238],[32.95656,-9.48238],[32.95647,-9.48237]]},"properties":{"id":879923393,"cls":"residential","hw":"residential","tg":"na","name":"","ref":"","surface":"","sc":"unknown","speed":null,"lit":"unk","km":0.169}},
{"type":"Feature","geometry":{"type":"LineString","coordinates":[[32.96857,-9.45083],[32.96893,-9.45061],[32.9692,-9.45053]]},"properties":{"id":879932613,"cls":"path","hw":"path","tg":"na","name":"","ref":"","surface":"","sc":"unknown","speed":null,"lit":"unk","km":0.077}},
{"type":"Feature","geometry":{"type":"LineString","coordinates":[[32.96967,-9.45122],[32.96912,-9.45104],[32.96857,-9.45083],[32.9682,-9.45089],[32.96794,-9.45109],[32.96776,-9.45141],[32.96762,-9.45137],[32.96748,-9.45144],[32.96725,-9.45147],[32.96719,-9.45149],[32.96692,-9.45192],[32.96654,-9.45174]]},"properties":{"id":879932614,"cls":"path","hw":"path","tg":"na","name":"","ref":"","surface":"","sc":"unknown","speed":null,"lit":"unk","km":0.414}},
{"type":"Feature","geometry":{"type":"LineString","coordinates":[[32.96357,-9.44938],[32.96367,-9.44945],[32.96379,-9.44963],[32.96391,-9.44981],[32.964,-9.44993],[32.96408,-9.45001],[32.96419,-9.45015],[32.96426,-9.4503],[32.96441,-9.45053],[32.96444,-9.45061],[32.96451,-9.45069],[32.96458,-9.45082],[32.96467,-9.45093],[32.96473,-9.45103],[32.96481,-9.45111],[32.96501,-9.45136],[32.96508,-9.45146],[32.96508,-9.4517],[32.96529,-9.45194],[32.96565,-9.4524],[32.96598,-9.45276]]},"properties":{"id":879932615,"cls":"path","hw":"path","tg":"na","name":"","ref":"","surface":"","sc":"unknown","speed":null,"lit":"unk","km":0.467}},
{"type":"Feature","geometry":{"type":"LineString","coordinates":[[32.96585,-9.45724],[32.96584,-9.45699],[32.96589,-9.45686],[32.96577,-9.45664],[32.96565,-9.45636],[32.96555,-9.45609],[32.96555,-9.45602],[32.96559,-9.4558],[32.96561,-9.45574],[32.96562,-9.45567],[32.96569,-9.45544],[32.96571,-9.4554],[32.96571,-9.45538],[32.96572,-9.45529],[32.96578,-9.45504],[32.96584,-9.45484],[32.96603,-9.45451],[32.96603,-9.45436],[32.96602,-9.45423],[32.96605,-9.45417],[32.96612,-9.45411],[32.96612,-9.45398],[32.96614,-9.4538],[32.96621,-9.45357],[32.96627,-9.4534],[32.96627,-9.45326],[32.96621,-9.4531],[32.96613,-9.45302],[32.96608,-9.4528],[32.96598,-9.45276]]},"properties":{"id":879932616,"cls":"path","hw":"path","tg":"na","name":"","ref":"","surface":"","sc":"unknown","speed":null,"lit":"unk","km":0.536}},
{"type":"Feature","geometry":{"type":"LineString","coordinates":[[32.96117,-9.46287],[32.96113,-9.46333],[32.96087,-9.46373],[32.9608,-9.46377],[32.96077,-9.46378],[32.9607,-9.46393],[32.96063,-9.46407],[32.96059,-9.46426],[32.96062,-9.4644]]},"properties":{"id":879932617,"cls":"path","hw":"path","tg":"na","name":"","ref":"","surface":"","sc":"unknown","speed":null,"lit":"unk","km":0.19}},
{"type":"Feature","geometry":{"type":"LineString","coordinates":[[32.9596,-9.46558],[32.95972,-9.46551],[32.95987,-9.46533],[32.96009,-9.46515],[32.96018,-9.46505],[32.96024,-9.46503],[32.96034,-9.46482],[32.96044,-9.46469],[32.96052,-9.46459],[32.96062,-9.4644],[32.96072,-9.46429],[32.9608,-9.46421],[32.96083,-9.4641],[32.96091,-9.464]]},"properties":{"id":879932618,"cls":"path","hw":"path","tg":"na","name":"","ref":"","surface":"","sc":"unknown","speed":null,"lit":"unk","km":0.232}},
{"type":"Feature","geometry":{"type":"LineString","coordinates":[[32.96119,-9.46545],[32.96131,-9.46533],[32.96162,-9.46506],[32.96173,-9.46504],[32.96181,-9.46497],[32.96199,-9.46484],[32.96207,-9.46477],[32.96209,-9.46462],[32.96211,-9.46451],[32.96213,-9.46443],[32.96211,-9.46433]]},"properties":{"id":879932619,"cls":"path","hw":"path","tg":"na","name":"","ref":"","surface":"","sc":"unknown","speed":null,"lit":"unk","km":0.174}},
{"type":"Feature","geometry":{"type":"LineString","coordinates":[[32.96795,-9.46689],[32.96789,-9.46698],[32.96782,-9.467],[32.96773,-9.46698],[32.96754,-9.46726],[32.96758,-9.46752],[32.96751,-9.46778],[32.96751,-9.46785],[32.96765,-9.46823],[32.96766,-9.46839],[32.96756,-9.4688],[32.96749,-9.46913],[32.96739,-9.46948],[32.96728,-9.4699]]},"properties":{"id":879932620,"cls":"path","hw":"path","tg":"na","name":"","ref":"","surface":"","sc":"unknown","speed":null,"lit":"unk","km":0.37}},
{"type":"Feature","geometry":{"type":"LineString","coordinates":[[32.96653,-9.47101],[32.96683,-9.47054],[32.96688,-9.47048],[32.96695,-9.47031],[32.96705,-9.47014],[32.96717,-9.46999],[32.96728,-9.4699],[32.96761,-9.46966],[32.96814,-9.46932],[32.96855,-9.46902],[32.96893,-9.46898],[32.9693,-9.46887],[32.96938,-9.46887],[32.96952,-9.46884],[32.96959,-9.46877],[32.96965,-9.4687],[32.96978,-9.46865],[32.96985,-9.4686]]},"properties":{"id":879932621,"cls":"path","hw":"path","tg":"na","name":"","ref":"","surface":"","sc":"unknown","speed":null,"lit":"unk","km":0.475}},
{"type":"Feature","geometry":{"type":"LineString","coordinates":[[32.96531,-9.47057],[32.96561,-9.47039],[32.96569,-9.47042],[32.96575,-9.47039],[32.96582,-9.4703],[32.96629,-9.47012],[32.96636,-9.47019]]},"properties":{"id":879932622,"cls":"unclassified","hw":"unclassified","tg":"na","name":"","ref":"","surface":"unpaved","sc":"unpaved","speed":null,"lit":"unk","km":0.134}},
{"type":"Feature","geometry":{"type":"LineString","coordinates":[[32.97009,-9.4684],[32.97016,-9.46848],[32.97017,-9.46852],[32.97026,-9.46859],[32.97067,-9.46908],[32.97115,-9.46962],[32.97125,-9.46979]]},"properties":{"id":879932623,"cls":"path","hw":"path","tg":"na","name":"","ref":"","surface":"","sc":"unknown","speed":null,"lit":"unk","km":0.201}},
{"type":"Feature","geometry":{"type":"LineString","coordinates":[[32.97049,-9.47063],[32.97061,-9.47064],[32.97067,-9.47063],[32.9709,-9.47058],[32.97112,-9.47048],[32.9714,-9.47043]]},"properties":{"id":879932625,"cls":"path","hw":"path","tg":"na","name":"","ref":"","surface":"","sc":"unknown","speed":null,"lit":"unk","km":0.103}},
{"type":"Feature","geometry":{"type":"LineString","coordinates":[[32.97038,-9.47067],[32.97049,-9.47063],[32.97055,-9.47051],[32.97063,-9.4705],[32.97068,-9.47031],[32.97077,-9.4701],[32.9709,-9.46996],[32.97108,-9.46986],[32.97125,-9.46979],[32.97134,-9.4698],[32.97145,-9.46965],[32.97164,-9.46947],[32.97181,-9.46927],[32.97275,-9.46874],[32.97284,-9.46863],[32.97297,-9.46853],[32.97309,-9.46835],[32.97324,-9.46815],[32.97355,-9.46787],[32.9737,-9.46787],[32.97393,-9.46771],[32.97417,-9.46759],[32.9744,-9.46757],[32.97469,-9.46747],[32.97487,-9.46751]]},"properties":{"id":879932626,"cls":"path","hw":"path","tg":"na","name":"","ref":"","surface":"","sc":"unknown","speed":null,"lit":"unk","km":0.643}},
{"type":"Feature","geometry":{"type":"LineString","coordinates":[[32.96981,-9.46842],[32.96989,-9.4684],[32.96996,-9.46835],[32.97009,-9.4684],[32.97022,-9.4682],[32.97023,-9.46812],[32.97045,-9.46799],[32.97061,-9.46791],[32.97074,-9.46786],[32.97088,-9.46774],[32.97117,-9.46746],[32.97157,-9.46715],[32.97173,-9.46696],[32.97183,-9.4668],[32.97203,-9.46668],[32.97215,-9.46659],[32.97233,-9.46628],[32.9726,-9.46621],[32.97269,-9.46612],[32.97287,-9.46601],[32.97328,-9.46623]]},"properties":{"id":879932628,"cls":"path","hw":"path","tg":"na","name":"","ref":"","surface":"","sc":"unknown","speed":null,"lit":"unk","km":0.502}},
{"type":"Feature","geometry":{"type":"LineString","coordinates":[[32.97668,-9.45852],[32.97704,-9.45848],[32.97728,-9.45847],[32.97796,-9.45823],[32.9784,-9.45812],[32.97924,-9.45754],[32.97943,-9.45735],[32.97945,-9.45731],[32.97956,-9.45698],[32.97966,-9.45696]]},"properties":{"id":879932629,"cls":"path","hw":"path","tg":"na","name":"","ref":"","surface":"","sc":"unknown","speed":null,"lit":"unk","km":0.392}},
{"type":"Feature","geometry":{"type":"LineString","coordinates":[[32.97985,-9.45631],[32.97966,-9.45696],[32.97953,-9.45695],[32.97932,-9.45691],[32.97924,-9.45686],[32.97914,-9.45683],[32.97902,-9.45682],[32.97889,-9.45678],[32.97881,-9.45684]]},"properties":{"id":879932632,"cls":"path","hw":"path","tg":"na","name":"","ref":"","surface":"","sc":"unknown","speed":null,"lit":"unk","km":0.174}},
{"type":"Feature","geometry":{"type":"LineString","coordinates":[[32.97693,-9.45684],[32.97713,-9.45691],[32.97731,-9.45694],[32.97739,-9.45695],[32.97785,-9.45704],[32.97804,-9.45709],[32.97835,-9.45705],[32.97867,-9.45696],[32.97878,-9.4569],[32.97881,-9.45684]]},"properties":{"id":879932633,"cls":"path","hw":"path","tg":"na","name":"","ref":"","surface":"","sc":"unknown","speed":null,"lit":"unk","km":0.217}},
{"type":"Feature","geometry":{"type":"LineString","coordinates":[[32.96307,-9.45342],[32.96332,-9.4537],[32.96357,-9.4539],[32.96371,-9.45401]]},"properties":{"id":879932639,"cls":"path","hw":"path","tg":"na","name":"","ref":"","surface":"unpaved","sc":"unpaved","speed":null,"lit":"unk","km":0.096}},
{"type":"Feature","geometry":{"type":"LineString","coordinates":[[32.9607,-9.45297],[32.96067,-9.45301],[32.96059,-9.45311],[32.96051,-9.45325],[32.9604,-9.45338]]},"properties":{"id":904869360,"cls":"path","hw":"path","tg":"na","name":"","ref":"","surface":"","sc":"unknown","speed":null,"lit":"unk","km":0.056}},
{"type":"Feature","geometry":{"type":"LineString","coordinates":[[32.96652,-9.45642],[32.96647,-9.45649],[32.96646,-9.4565],[32.96647,-9.45657],[32.96646,-9.45666],[32.96653,-9.45674]]},"properties":{"id":904869365,"cls":"path","hw":"path","tg":"na","name":"","ref":"","surface":"","sc":"unknown","speed":null,"lit":"unk","km":0.041}},
{"type":"Feature","geometry":{"type":"LineString","coordinates":[[32.9669,-9.45668],[32.96694,-9.45682],[32.96702,-9.45707],[32.96704,-9.45721],[32.96703,-9.45736],[32.96703,-9.45758]]},"properties":{"id":904869367,"cls":"path","hw":"path","tg":"na","name":"","ref":"","surface":"","sc":"unknown","speed":null,"lit":"unk","km":0.102}},
{"type":"Feature","geometry":{"type":"LineString","coordinates":[[32.96589,-9.45686],[32.96599,-9.45702],[32.96613,-9.457],[32.96625,-9.45692],[32.96653,-9.45674],[32.96667,-9.45662],[32.96673,-9.45657]]},"properties":{"id":904869368,"cls":"path","hw":"path","tg":"na","name":"","ref":"","surface":"","sc":"unknown","speed":null,"lit":"unk","km":0.118}},
{"type":"Feature","geometry":{"type":"LineString","coordinates":[[32.96139,-9.45397],[32.96135,-9.45402],[32.96133,-9.45406],[32.96127,-9.45417],[32.96125,-9.45422],[32.96122,-9.45428]]},"properties":{"id":904869370,"cls":"path","hw":"path","tg":"na","name":"","ref":"","surface":"","sc":"unknown","speed":null,"lit":"unk","km":0.039}},
{"type":"Feature","geometry":{"type":"LineString","coordinates":[[32.96191,-9.45395],[32.96182,-9.45405],[32.96172,-9.45421],[32.96164,-9.45437],[32.96162,-9.45448]]},"properties":{"id":904869371,"cls":"path","hw":"path","tg":"na","name":"","ref":"","surface":"","sc":"unknown","speed":null,"lit":"unk","km":0.068}},
{"type":"Feature","geometry":{"type":"LineString","coordinates":[[32.96195,-9.45358],[32.9619,-9.45374],[32.96191,-9.45395],[32.96203,-9.45392],[32.96218,-9.45377],[32.96221,-9.45373]]},"properties":{"id":904869372,"cls":"path","hw":"path","tg":"na","name":"","ref":"","surface":"","sc":"unknown","speed":null,"lit":"unk","km":0.085}},
{"type":"Feature","geometry":{"type":"LineString","coordinates":[[32.961,-9.45603],[32.96111,-9.45616],[32.96115,-9.4562],[32.96117,-9.45635],[32.96126,-9.45647],[32.96134,-9.45664]]},"properties":{"id":904869374,"cls":"path","hw":"path","tg":"na","name":"","ref":"","surface":"","sc":"unknown","speed":null,"lit":"unk","km":0.079}},
{"type":"Feature","geometry":{"type":"LineString","coordinates":[[32.96056,-9.45545],[32.96064,-9.45564],[32.96063,-9.45573],[32.96065,-9.45582],[32.96063,-9.45596],[32.9607,-9.45616],[32.96072,-9.45622],[32.96075,-9.45632],[32.96076,-9.45639],[32.96077,-9.45644],[32.96078,-9.45654]]},"properties":{"id":904869377,"cls":"path","hw":"path","tg":"na","name":"","ref":"","surface":"","sc":"unknown","speed":null,"lit":"unk","km":0.126}},
{"type":"Feature","geometry":{"type":"LineString","coordinates":[[32.96082,-9.45507],[32.96088,-9.45528],[32.96109,-9.45598]]},"properties":{"id":904869378,"cls":"path","hw":"path","tg":"na","name":"","ref":"","surface":"","sc":"unknown","speed":null,"lit":"unk","km":0.105}},
{"type":"Feature","geometry":{"type":"LineString","coordinates":[[32.96139,-9.45456],[32.96143,-9.45474],[32.96145,-9.45484],[32.96143,-9.45505],[32.96148,-9.45516],[32.9616,-9.45529],[32.96176,-9.45541],[32.96182,-9.45543],[32.96181,-9.45556],[32.96181,-9.45564]]},"properties":{"id":904869380,"cls":"path","hw":"path","tg":"na","name":"","ref":"","surface":"","sc":"unknown","speed":null,"lit":"unk","km":0.141}},
{"type":"Feature","geometry":{"type":"LineString","coordinates":[[32.96143,-9.45474],[32.96164,-9.45476],[32.96183,-9.45482],[32.96195,-9.45491],[32.96202,-9.45494],[32.96229,-9.45509],[32.96236,-9.45512],[32.96243,-9.45515],[32.9625,-9.45516],[32.96258,-9.45521],[32.96263,-9.45527]]},"properties":{"id":904869381,"cls":"path","hw":"path","tg":"na","name":"","ref":"","surface":"","sc":"unknown","speed":null,"lit":"unk","km":0.147}},
{"type":"Feature","geometry":{"type":"LineString","coordinates":[[32.96446,-9.45343],[32.96442,-9.45351],[32.96441,-9.45362],[32.9644,-9.45368]]},"properties":{"id":904869382,"cls":"path","hw":"path","tg":"na","name":"","ref":"","surface":"","sc":"unknown","speed":null,"lit":"unk","km":0.029}},
{"type":"Feature","geometry":{"type":"LineString","coordinates":[[32.96382,-9.45294],[32.964,-9.45305],[32.96408,-9.45308],[32.96422,-9.45321],[32.96433,-9.45327],[32.96442,-9.45333],[32.96446,-9.45343],[32.9646,-9.45359]]},"properties":{"id":904869383,"cls":"path","hw":"path","tg":"na","name":"","ref":"","surface":"","sc":"unknown","speed":null,"lit":"unk","km":0.115}},
{"type":"Feature","geometry":{"type":"LineString","coordinates":[[32.96394,-9.45693],[32.96395,-9.45678],[32.96399,-9.45668],[32.96403,-9.45655],[32.96406,-9.45654],[32.96411,-9.45645],[32.96424,-9.4565],[32.96457,-9.45654],[32.9647,-9.45659],[32.96478,-9.45656],[32.96489,-9.45646],[32.965,-9.45644],[32.96512,-9.4565],[32.96519,-9.45652]]},"properties":{"id":904869387,"cls":"path","hw":"path","tg":"na","name":"","ref":"","surface":"","sc":"unknown","speed":null,"lit":"unk","km":0.187}},
{"type":"Feature","geometry":{"type":"LineString","coordinates":[[32.96393,-9.45458],[32.96415,-9.45485],[32.9642,-9.45494],[32.96422,-9.45507],[32.96417,-9.45529],[32.96419,-9.45537],[32.96436,-9.45554],[32.96456,-9.45548],[32.96485,-9.45529],[32.96488,-9.45531],[32.96495,-9.45543],[32.96512,-9.45567],[32.96519,-9.45571],[32.96529,-9.45572]]},"properties":{"id":904869389,"cls":"path","hw":"path","tg":"na","name":"","ref":"","surface":"","sc":"unknown","speed":null,"lit":"unk","km":0.258}},
{"type":"Feature","geometry":{"type":"LineString","coordinates":[[32.965,-9.45515],[32.96503,-9.45526],[32.96521,-9.45555],[32.96529,-9.45572],[32.96533,-9.45567],[32.96536,-9.45561],[32.9654,-9.45554]]},"properties":{"id":904869391,"cls":"path","hw":"path","tg":"na","name":"","ref":"","surface":"","sc":"unknown","speed":null,"lit":"unk","km":0.095}},
{"type":"Feature","geometry":{"type":"LineString","coordinates":[[32.96519,-9.45652],[32.96531,-9.45626],[32.96535,-9.45614],[32.96541,-9.45603],[32.96545,-9.456],[32.96538,-9.45587],[32.96561,-9.45574]]},"properties":{"id":904869392,"cls":"path","hw":"path","tg":"na","name":"","ref":"","surface":"","sc":"unknown","speed":null,"lit":"unk","km":0.111}},
{"type":"Feature","geometry":{"type":"LineString","coordinates":[[32.96505,-9.45699],[32.96511,-9.45673],[32.96519,-9.45652],[32.9654,-9.45646],[32.96554,-9.4564],[32.96565,-9.45636]]},"properties":{"id":904869393,"cls":"path","hw":"path","tg":"na","name":"","ref":"","surface":"","sc":"unknown","speed":null,"lit":"unk","km":0.108}},
{"type":"Feature","geometry":{"type":"LineString","coordinates":[[32.97966,-9.44901],[32.9796,-9.44928],[32.97954,-9.44945],[32.9795,-9.44958]]},"properties":{"id":904869399,"cls":"path","hw":"path","tg":"na","name":"","ref":"","surface":"","sc":"unknown","speed":null,"lit":"unk","km":0.066}},
{"type":"Feature","geometry":{"type":"LineString","coordinates":[[32.98098,-9.45713],[32.981,-9.45714],[32.98102,-9.45714],[32.98108,-9.45717]]},"properties":{"id":904869407,"cls":"path","hw":"path","tg":"na","name":"","ref":"","surface":"","sc":"unknown","speed":null,"lit":"unk","km":0.012}},
{"type":"Feature","geometry":{"type":"LineString","coordinates":[[32.97652,-9.46629],[32.9766,-9.46645],[32.97672,-9.46688],[32.97682,-9.46711],[32.97684,-9.46744],[32.97691,-9.46781],[32.97707,-9.46815],[32.97721,-9.46846],[32.97725,-9.46876],[32.97747,-9.469],[32.97755,-9.46933],[32.97766,-9.46985],[32.97763,-9.47021],[32.97773,-9.47054],[32.97776,-9.47066]]},"properties":{"id":904869409,"cls":"path","hw":"path","tg":"na","name":"","ref":"","surface":"","sc":"unknown","speed":null,"lit":"unk","km":0.514}},
{"type":"Feature","geometry":{"type":"LineString","coordinates":[[32.9779,-9.46467],[32.97788,-9.46472],[32.97788,-9.46481],[32.97774,-9.46496],[32.97762,-9.46511],[32.97742,-9.46538],[32.97724,-9.4656],[32.97716,-9.46568],[32.97677,-9.46606],[32.97662,-9.46618]]},"properties":{"id":904869410,"cls":"path","hw":"path","tg":"na","name":"","ref":"","surface":"","sc":"unknown","speed":null,"lit":"unk","km":0.222}},
{"type":"Feature","geometry":{"type":"LineString","coordinates":[[32.97721,-9.4632],[32.97729,-9.46346],[32.97753,-9.46378],[32.97756,-9.46387],[32.97753,-9.46406],[32.97759,-9.46426],[32.97772,-9.46447],[32.9779,-9.46467],[32.97798,-9.46454],[32.97809,-9.46434],[32.97848,-9.46385]]},"properties":{"id":904869411,"cls":"path","hw":"path","tg":"na","name":"","ref":"","surface":"","sc":"unknown","speed":null,"lit":"unk","km":0.298}},
{"type":"Feature","geometry":{"type":"LineString","coordinates":[[32.97263,-9.46059],[32.97311,-9.46046],[32.9734,-9.46025],[32.97413,-9.45989],[32.9747,-9.45955],[32.97508,-9.45937]]},"properties":{"id":904869417,"cls":"path","hw":"path","tg":"na","name":"","ref":"","surface":"","sc":"unknown","speed":null,"lit":"unk","km":0.303}},
{"type":"Feature","geometry":{"type":"LineString","coordinates":[[32.97402,-9.46419],[32.974,-9.46443],[32.97401,-9.46461],[32.97397,-9.46468],[32.974,-9.46479],[32.97394,-9.46506],[32.97392,-9.46523],[32.97426,-9.46556]]},"properties":{"id":904869421,"cls":"path","hw":"path","tg":"na","name":"","ref":"","surface":"","sc":"unknown","speed":null,"lit":"unk","km":0.171}},
{"type":"Feature","geometry":{"type":"LineString","coordinates":[[32.97247,-9.46123],[32.97266,-9.46147],[32.97267,-9.46157],[32.97274,-9.46167],[32.97275,-9.46174],[32.97281,-9.46181],[32.97286,-9.46196],[32.97292,-9.46208],[32.97294,-9.46219],[32.97296,-9.46238],[32.97303,-9.46248],[32.97302,-9.46257],[32.97306,-9.46269],[32.97319,-9.46296],[32.97323,-9.46317],[32.97336,-9.46335],[32.9735,-9.46348],[32.97358,-9.46363],[32.97366,-9.46381],[32.97368,-9.46387],[32.97395,-9.46406],[32.97402,-9.46419],[32.97412,-9.4643],[32.9742,-9.46447],[32.97438,-9.4647],[32.97464,-9.46492],[32.97496,-9.46521],[32.97507,-9.46539],[32.9748,-9.46542],[32.97451,-9.46551],[32.97426,-9.46556]]},"properties":{"id":904869422,"cls":"path","hw":"path","tg":"na","name":"","ref":"","surface":"","sc":"unknown","speed":null,"lit":"unk","km":0.653}},
{"type":"Feature","geometry":{"type":"LineString","coordinates":[[32.96365,-9.46991],[32.96391,-9.4699],[32.9644,-9.46992],[32.96462,-9.46991],[32.96497,-9.46989],[32.96514,-9.46994],[32.96518,-9.46998],[32.96517,-9.47005],[32.96521,-9.47009],[32.96555,-9.47023],[32.96561,-9.47039]]},"properties":{"id":904869446,"cls":"path","hw":"path","tg":"na","name":"","ref":"","surface":"","sc":"unknown","speed":null,"lit":"unk","km":0.244}},
{"type":"Feature","geometry":{"type":"LineString","coordinates":[[32.9627,-9.46915],[32.96257,-9.46939]]},"properties":{"id":904869449,"cls":"service","hw":"service","tg":"na","name":"","ref":"","surface":"","sc":"unknown","speed":null,"lit":"unk","km":0.03}},
{"type":"Feature","geometry":{"type":"LineString","coordinates":[[32.96367,-9.46841],[32.96346,-9.46869],[32.96339,-9.46886],[32.96329,-9.46899],[32.96326,-9.46898],[32.96313,-9.46892],[32.9631,-9.46892],[32.96304,-9.46897],[32.96301,-9.46898],[32.96293,-9.46896],[32.96287,-9.46898],[32.96277,-9.46919],[32.96276,-9.46919],[32.9627,-9.46915]]},"properties":{"id":904869450,"cls":"path","hw":"path","tg":"na","name":"","ref":"","surface":"","sc":"unknown","speed":null,"lit":"unk","km":0.163}},
{"type":"Feature","geometry":{"type":"LineString","coordinates":[[32.96552,-9.46556],[32.96548,-9.46564],[32.96549,-9.4659],[32.96546,-9.46609],[32.96544,-9.46622],[32.96533,-9.46634],[32.96529,-9.46643],[32.96503,-9.46669],[32.96482,-9.46685],[32.96468,-9.467],[32.96454,-9.46734],[32.96436,-9.46761],[32.96418,-9.46786],[32.96405,-9.46807],[32.96399,-9.46818],[32.96386,-9.46835],[32.96367,-9.46841],[32.96356,-9.46844],[32.96345,-9.46844],[32.96331,-9.4684],[32.96322,-9.46831],[32.96312,-9.46831],[32.96302,-9.46828],[32.96282,-9.46824],[32.9627,-9.46831],[32.96242,-9.46828],[32.96219,-9.46878],[32.96216,-9.46886],[32.96213,-9.46889],[32.96208,-9.46889]]},"properties":{"id":904869451,"cls":"path","hw":"path","tg":"na","name":"","ref":"","surface":"","sc":"unknown","speed":null,"lit":"unk","km":0.62}},
{"type":"Feature","geometry":{"type":"LineString","coordinates":[[32.9998,-9.46013],[32.99964,-9.46005],[32.99958,-9.46005],[32.99941,-9.46006],[32.99925,-9.4601],[32.99899,-9.46015]]},"properties":{"id":932399022,"cls":"residential","hw":"residential","tg":"na","name":"","ref":"","surface":"","sc":"unknown","speed":null,"lit":"unk","km":0.092}},
{"type":"Feature","geometry":{"type":"LineString","coordinates":[[32.99867,-9.45925],[32.99875,-9.45921],[32.99888,-9.45944],[32.99892,-9.45945],[32.99895,-9.45947],[32.99899,-9.45953],[32.99907,-9.45968],[32.99913,-9.4597],[32.99918,-9.45975],[32.99941,-9.46006]]},"properties":{"id":932399024,"cls":"path","hw":"path","tg":"na","name":"","ref":"","surface":"","sc":"unknown","speed":null,"lit":"unk","km":0.132}},
{"type":"Feature","geometry":{"type":"LineString","coordinates":[[32.99864,-9.4592],[32.99867,-9.45925],[32.99868,-9.45937],[32.99868,-9.45949],[32.99869,-9.45965],[32.99873,-9.45986],[32.99874,-9.45996]]},"properties":{"id":932399025,"cls":"path","hw":"path","tg":"na","name":"","ref":"","surface":"","sc":"unknown","speed":null,"lit":"unk","km":0.086}},
{"type":"Feature","geometry":{"type":"LineString","coordinates":[[32.99864,-9.4592],[32.9985,-9.45929],[32.99835,-9.4594],[32.99825,-9.45948],[32.99822,-9.45952]]},"properties":{"id":932399026,"cls":"path","hw":"path","tg":"na","name":"","ref":"","surface":"","sc":"unknown","speed":null,"lit":"unk","km":0.058}},
{"type":"Feature","geometry":{"type":"LineString","coordinates":[[32.99628,-9.45839],[32.99643,-9.45827],[32.99647,-9.45824],[32.99651,-9.4582],[32.99654,-9.45816]]},"properties":{"id":932399027,"cls":"path","hw":"path","tg":"na","name":"","ref":"","surface":"","sc":"unknown","speed":null,"lit":"unk","km":0.038}},
{"type":"Feature","geometry":{"type":"LineString","coordinates":[[32.99619,-9.4578],[32.99623,-9.45747],[32.99621,-9.45734],[32.99615,-9.45727],[32.99613,-9.45723],[32.99608,-9.45713],[32.99605,-9.45705],[32.99597,-9.45683],[32.99589,-9.45665],[32.99576,-9.45649],[32.99566,-9.45636]]},"properties":{"id":932399029,"cls":"residential","hw":"residential","tg":"na","name":"","ref":"","surface":"","sc":"unknown","speed":null,"lit":"unk","km":0.177}},
{"type":"Feature","geometry":{"type":"LineString","coordinates":[[32.99619,-9.4578],[32.99618,-9.45799],[32.99616,-9.45809],[32.99616,-9.45811],[32.99614,-9.45817],[32.99614,-9.4582],[32.99616,-9.45826],[32.99622,-9.45835],[32.99625,-9.45836],[32.99628,-9.45839]]},"properties":{"id":932406375,"cls":"path","hw":"path","tg":"na","name":"","ref":"","surface":"","sc":"unknown","speed":null,"lit":"unk","km":0.072}},
{"type":"Feature","geometry":{"type":"LineString","coordinates":[[32.9951,-9.45719],[32.99522,-9.4571],[32.99534,-9.4571],[32.9955,-9.4571]]},"properties":{"id":932406378,"cls":"path","hw":"path","tg":"na","name":"","ref":"","surface":"","sc":"unknown","speed":null,"lit":"unk","km":0.047}},
{"type":"Feature","geometry":{"type":"LineString","coordinates":[[32.99562,-9.45707],[32.99552,-9.45704],[32.99536,-9.45699]]},"properties":{"id":932406379,"cls":"path","hw":"path","tg":"na","name":"","ref":"","surface":"","sc":"unknown","speed":null,"lit":"unk","km":0.03}},
{"type":"Feature","geometry":{"type":"LineString","coordinates":[[32.99561,-9.45715],[32.9955,-9.4571],[32.99552,-9.45704]]},"properties":{"id":932406380,"cls":"path","hw":"path","tg":"na","name":"","ref":"","surface":"","sc":"unknown","speed":null,"lit":"unk","km":0.02}},
{"type":"Feature","geometry":{"type":"LineString","coordinates":[[32.99562,-9.45707],[32.99569,-9.45708],[32.99582,-9.45713],[32.99594,-9.45714],[32.99608,-9.45713]]},"properties":{"id":932406383,"cls":"path","hw":"path","tg":"na","name":"","ref":"","surface":"","sc":"unknown","speed":null,"lit":"unk","km":0.052}},
{"type":"Feature","geometry":{"type":"LineString","coordinates":[[32.99583,-9.45744],[32.99569,-9.45745],[32.99559,-9.45742],[32.99551,-9.45743],[32.9954,-9.45742],[32.99507,-9.45732],[32.99493,-9.45733],[32.99477,-9.45734],[32.99458,-9.45738],[32.99451,-9.45739],[32.99433,-9.45735],[32.99426,-9.45734],[32.99418,-9.45736],[32.99405,-9.45732],[32.99381,-9.45733],[32.99364,-9.45729],[32.99346,-9.45728],[32.99336,-9.45725],[32.99322,-9.45719],[32.99312,-9.45716],[32.99306,-9.45717],[32.99295,-9.45714]]},"properties":{"id":934494986,"cls":"path","hw":"path","tg":"na","name":"","ref":"","surface":"","sc":"unknown","speed":null,"lit":"unk","km":0.324}},
{"type":"Feature","geometry":{"type":"LineString","coordinates":[[32.99295,-9.45714],[32.99287,-9.45714],[32.9928,-9.45711],[32.99275,-9.4571],[32.99264,-9.45706],[32.9925,-9.457],[32.99241,-9.45699],[32.9923,-9.45699],[32.99208,-9.45692]]},"properties":{"id":934494987,"cls":"path","hw":"path","tg":"na","name":"","ref":"","surface":"","sc":"unknown","speed":null,"lit":"unk","km":0.1}},
{"type":"Feature","geometry":{"type":"LineString","coordinates":[[32.99086,-9.45144],[32.99096,-9.45157],[32.99109,-9.45173]]},"properties":{"id":934494988,"cls":"path","hw":"path","tg":"na","name":"","ref":"","surface":"","sc":"unknown","speed":null,"lit":"unk","km":0.041}},
{"type":"Feature","geometry":{"type":"LineString","coordinates":[[32.98498,-9.45615],[32.98501,-9.45632],[32.98501,-9.45635],[32.98499,-9.4564],[32.98499,-9.45647],[32.985,-9.45656],[32.98501,-9.45669],[32.98504,-9.45678],[32.98503,-9.45683],[32.98503,-9.45691],[32.98507,-9.45696],[32.98509,-9.45703],[32.98513,-9.45713],[32.98519,-9.45721]]},"properties":{"id":934496157,"cls":"path","hw":"path","tg":"na","name":"","ref":"","surface":"","sc":"unknown","speed":null,"lit":"unk","km":0.124}},
{"type":"Feature","geometry":{"type":"LineString","coordinates":[[32.98519,-9.45721],[32.98524,-9.4573],[32.98523,-9.45741]]},"properties":{"id":934496158,"cls":"path","hw":"path","tg":"na","name":"","ref":"","surface":"","sc":"unknown","speed":null,"lit":"unk","km":0.024}},
{"type":"Feature","geometry":{"type":"LineString","coordinates":[[32.98772,-9.45118],[32.98779,-9.4513],[32.98785,-9.45135],[32.98794,-9.45144],[32.98798,-9.45143],[32.98801,-9.4515],[32.98804,-9.45153],[32.9881,-9.4516],[32.98816,-9.45165],[32.98824,-9.45167],[32.98829,-9.45166],[32.98835,-9.4517],[32.98842,-9.45177],[32.98853,-9.45185],[32.98862,-9.45188],[32.98869,-9.45189],[32.98879,-9.45193],[32.98884,-9.45196],[32.98888,-9.45201],[32.98895,-9.45203],[32.98898,-9.45208],[32.98905,-9.45212],[32.98919,-9.45223],[32.98925,-9.45228]]},"properties":{"id":934496159,"cls":"path","hw":"path","tg":"na","name":"","ref":"","surface":"","sc":"unknown","speed":null,"lit":"unk","km":0.218}},
{"type":"Feature","geometry":{"type":"LineString","coordinates":[[32.98745,-9.45027],[32.98748,-9.45036],[32.98755,-9.45041],[32.98757,-9.45048],[32.98759,-9.45058],[32.9876,-9.45066],[32.98762,-9.45076],[32.98765,-9.45081],[32.98764,-9.45087],[32.98767,-9.45093],[32.98766,-9.45099]]},"properties":{"id":934496161,"cls":"path","hw":"path","tg":"na","name":"","ref":"","surface":"","sc":"unknown","speed":null,"lit":"unk","km":0.087}},
{"type":"Feature","geometry":{"type":"LineString","coordinates":[[32.98576,-9.44941],[32.98567,-9.44939],[32.98563,-9.44937],[32.98558,-9.44936],[32.98551,-9.44937],[32.98545,-9.44937],[32.98542,-9.44936],[32.98537,-9.44939],[32.98532,-9.4494],[32.98524,-9.44941],[32.98519,-9.44941],[32.98508,-9.44939],[32.98489,-9.44931],[32.98472,-9.44923],[32.98466,-9.44922],[32.98459,-9.44919],[32.98454,-9.44915]]},"properties":{"id":936702487,"cls":"path","hw":"path","tg":"na","name":"","ref":"","surface":"","sc":"unknown","speed":null,"lit":"unk","km":0.142}},
{"type":"Feature","geometry":{"type":"LineString","coordinates":[[32.98169,-9.45379],[32.98171,-9.45391],[32.98179,-9.45399],[32.98184,-9.45417],[32.9819,-9.45424],[32.9819,-9.45431],[32.98192,-9.45438],[32.98199,-9.45446],[32.98203,-9.45463],[32.98207,-9.4547],[32.98208,-9.45477],[32.98215,-9.45489],[32.9822,-9.45504],[32.98225,-9.45518],[32.98227,-9.45528],[32.98233,-9.45539],[32.98236,-9.45557],[32.98238,-9.45563],[32.98242,-9.45569],[32.98247,-9.45582],[32.9825,-9.45596],[32.98253,-9.45611],[32.98254,-9.45625],[32.98255,-9.45637],[32.98261,-9.45657]]},"properties":{"id":937530757,"cls":"path","hw":"path","tg":"na","name":"","ref":"","surface":"","sc":"unknown","speed":null,"lit":"unk","km":0.331}},
{"type":"Feature","geometry":{"type":"LineString","coordinates":[[32.98108,-9.45717],[32.9812,-9.45723],[32.98131,-9.45728],[32.98134,-9.45732],[32.98146,-9.45738]]},"properties":{"id":937530758,"cls":"path","hw":"path","tg":"na","name":"","ref":"","surface":"","sc":"unknown","speed":null,"lit":"unk","km":0.048}},
{"type":"Feature","geometry":{"type":"LineString","coordinates":[[32.98116,-9.45697],[32.9813,-9.45697],[32.98143,-9.45697],[32.98157,-9.45701],[32.98161,-9.45707],[32.98178,-9.45711],[32.98183,-9.45712],[32.98195,-9.45722],[32.98203,-9.45732],[32.98213,-9.4572]]},"properties":{"id":937530759,"cls":"path","hw":"path","tg":"na","name":"","ref":"","surface":"","sc":"unknown","speed":null,"lit":"unk","km":0.127}},
{"type":"Feature","geometry":{"type":"LineString","coordinates":[[32.98116,-9.45697],[32.98124,-9.45691],[32.98132,-9.45687],[32.98139,-9.45681],[32.98149,-9.45675],[32.98158,-9.45666],[32.98166,-9.4567],[32.98174,-9.45664],[32.98182,-9.45663],[32.9819,-9.45658],[32.98194,-9.45654],[32.98203,-9.45654],[32.98214,-9.45648]]},"properties":{"id":937530760,"cls":"path","hw":"path","tg":"na","name":"","ref":"","surface":"","sc":"unknown","speed":null,"lit":"unk","km":0.128}},
{"type":"Feature","geometry":{"type":"LineString","coordinates":[[32.98405,-9.45676],[32.98418,-9.45668],[32.98428,-9.45665],[32.98437,-9.45662]]},"properties":{"id":937533136,"cls":"path","hw":"path","tg":"na","name":"","ref":"","surface":"","sc":"unknown","speed":null,"lit":"unk","km":0.039}},
{"type":"Feature","geometry":{"type":"LineString","coordinates":[[32.98426,-9.45695],[32.98426,-9.45701],[32.98419,-9.45707],[32.98416,-9.45715],[32.98414,-9.45721],[32.98413,-9.45732],[32.98411,-9.45739],[32.98408,-9.45753],[32.98407,-9.45763],[32.98401,-9.45774]]},"properties":{"id":937533137,"cls":"path","hw":"path","tg":"na","name":"","ref":"","surface":"","sc":"unknown","speed":null,"lit":"unk","km":0.095}},
{"type":"Feature","geometry":{"type":"LineString","coordinates":[[32.98379,-9.45776],[32.98388,-9.45782],[32.9839,-9.4579],[32.98398,-9.45795],[32.98397,-9.45806],[32.9839,-9.45822],[32.98383,-9.45842],[32.98382,-9.45849],[32.98379,-9.45856],[32.98377,-9.45868],[32.98377,-9.45879],[32.98376,-9.45887],[32.9837,-9.45897],[32.98367,-9.45903],[32.98362,-9.45907],[32.9836,-9.45915],[32.98353,-9.45923],[32.98345,-9.45931],[32.9834,-9.45941],[32.98333,-9.4596]]},"properties":{"id":937533138,"cls":"path","hw":"path","tg":"na","name":"","ref":"","surface":"","sc":"unknown","speed":null,"lit":"unk","km":0.233}},
{"type":"Feature","geometry":{"type":"LineString","coordinates":[[32.98333,-9.4596],[32.98327,-9.45973],[32.98322,-9.45983],[32.98316,-9.45991],[32.98312,-9.45999],[32.98305,-9.46011]]},"properties":{"id":937533139,"cls":"path","hw":"path","tg":"na","name":"","ref":"","surface":"","sc":"unknown","speed":null,"lit":"unk","km":0.065}},
{"type":"Feature","geometry":{"type":"LineString","coordinates":[[32.99111,-9.46636],[32.99118,-9.4664],[32.99123,-9.46645]]},"properties":{"id":937535564,"cls":"path","hw":"path","tg":"na","name":"","ref":"","surface":"","sc":"unknown","speed":null,"lit":"unk","km":0.017}},
{"type":"Feature","geometry":{"type":"LineString","coordinates":[[32.99133,-9.46585],[32.99119,-9.46584],[32.99099,-9.46581],[32.99081,-9.46577],[32.99073,-9.46575],[32.99066,-9.46575],[32.99058,-9.46573],[32.99052,-9.4658],[32.99029,-9.46592],[32.99013,-9.46602],[32.98997,-9.46613],[32.98988,-9.4662],[32.98984,-9.46633],[32.98979,-9.46642],[32.98978,-9.46653],[32.98974,-9.4667],[32.98971,-9.46689],[32.98966,-9.46703],[32.98964,-9.46713],[32.98963,-9.4673]]},"properties":{"id":937535565,"cls":"path","hw":"path","tg":"na","name":"","ref":"","surface":"","sc":"unknown","speed":null,"lit":"unk","km":0.303}},
{"type":"Feature","geometry":{"type":"LineString","coordinates":[[32.98979,-9.46642],[32.9899,-9.46642],[32.98998,-9.46642],[32.99004,-9.46644],[32.99017,-9.46643],[32.99024,-9.46644],[32.99029,-9.46652],[32.9904,-9.46651],[32.99045,-9.46656],[32.99048,-9.46656],[32.99051,-9.46661],[32.99067,-9.46664],[32.99072,-9.46668]]},"properties":{"id":937535566,"cls":"path","hw":"path","tg":"na","name":"","ref":"","surface":"","sc":"unknown","speed":null,"lit":"unk","km":0.115}},
{"type":"Feature","geometry":{"type":"LineString","coordinates":[[32.99461,-9.46493],[32.99459,-9.465],[32.99457,-9.46507],[32.99457,-9.46512],[32.99456,-9.46518],[32.99457,-9.46522],[32.99461,-9.46524]]},"properties":{"id":937535567,"cls":"path","hw":"path","tg":"na","name":"","ref":"","surface":"","sc":"unknown","speed":null,"lit":"unk","km":0.038}},
{"type":"Feature","geometry":{"type":"LineString","coordinates":[[32.99966,-9.46754],[32.99962,-9.46745],[32.99954,-9.46743],[32.99939,-9.46743],[32.99929,-9.46745],[32.99924,-9.46745],[32.99917,-9.4674],[32.99918,-9.46733],[32.99925,-9.46724],[32.99928,-9.46721],[32.99926,-9.46715],[32.9992,-9.46712],[32.99929,-9.46709],[32.9994,-9.46705],[32.99946,-9.46701],[32.99952,-9.467],[32.99955,-9.46697],[32.99959,-9.46699],[32.99962,-9.46703],[32.99968,-9.46707]]},"properties":{"id":937539075,"cls":"path","hw":"path","tg":"na","name":"","ref":"","surface":"","sc":"unknown","speed":null,"lit":"unk","km":0.163}},
{"type":"Feature","geometry":{"type":"LineString","coordinates":[[32.98672,-9.45079],[32.98682,-9.45081],[32.98692,-9.45081],[32.98707,-9.45082],[32.98721,-9.45086],[32.98728,-9.45089],[32.98742,-9.45093],[32.98755,-9.45102],[32.9876,-9.45107],[32.98765,-9.45107]]},"properties":{"id":937539737,"cls":"path","hw":"path","tg":"na","name":"","ref":"","surface":"","sc":"unknown","speed":null,"lit":"unk","km":0.11}},
{"type":"Feature","geometry":{"type":"LineString","coordinates":[[32.98772,-9.45118],[32.98763,-9.45135],[32.98751,-9.45156],[32.98743,-9.45173],[32.9874,-9.45186],[32.98731,-9.452],[32.98723,-9.45213],[32.98715,-9.45225],[32.98706,-9.4524],[32.98702,-9.45254],[32.98698,-9.45263],[32.98692,-9.45268],[32.9869,-9.45277],[32.98683,-9.45287],[32.98676,-9.45292],[32.98669,-9.45305],[32.98663,-9.45307],[32.98656,-9.45306],[32.98652,-9.45311],[32.9865,-9.45321],[32.98646,-9.45332],[32.9864,-9.45337],[32.98641,-9.45349],[32.98641,-9.45355],[32.98647,-9.45374],[32.98652,-9.45389],[32.98655,-9.45406]]},"properties":{"id":937539738,"cls":"path","hw":"path","tg":"na","name":"","ref":"","surface":"","sc":"unknown","speed":null,"lit":"unk","km":0.373}},
{"type":"Feature","geometry":{"type":"LineString","coordinates":[[32.98655,-9.45406],[32.98661,-9.45421],[32.98665,-9.45427],[32.98671,-9.45435]]},"properties":{"id":937539739,"cls":"path","hw":"path","tg":"na","name":"","ref":"","surface":"","sc":"unknown","speed":null,"lit":"unk","km":0.037}},
{"type":"Feature","geometry":{"type":"LineString","coordinates":[[32.98672,-9.45079],[32.98677,-9.45092],[32.98683,-9.45111],[32.98688,-9.45125],[32.98692,-9.45143],[32.98695,-9.45155],[32.98699,-9.45173],[32.98708,-9.4519],[32.98715,-9.45201],[32.98723,-9.45213]]},"properties":{"id":937539740,"cls":"path","hw":"path","tg":"na","name":"","ref":"","surface":"","sc":"unknown","speed":null,"lit":"unk","km":0.161}},
{"type":"Feature","geometry":{"type":"LineString","coordinates":[[32.97254,-9.4272],[32.97233,-9.42745],[32.97213,-9.42771],[32.97186,-9.42791],[32.97155,-9.42788],[32.9712,-9.42799],[32.97106,-9.42795],[32.97085,-9.42804],[32.97059,-9.42807],[32.97029,-9.42809],[32.97,-9.42803],[32.96966,-9.42799],[32.96946,-9.42801],[32.96931,-9.42794],[32.9689,-9.42793],[32.9687,-9.42798],[32.96847,-9.42793],[32.96821,-9.42787],[32.96799,-9.42774],[32.96776,-9.4276],[32.96761,-9.4275],[32.96733,-9.42741],[32.96709,-9.42735],[32.96688,-9.42727],[32.96663,-9.42723],[32.96645,-9.4272],[32.96627,-9.42711],[32.96609,-9.42706],[32.96596,-9.42708],[32.96582,-9.42706],[32.96568,-9.42706],[32.96542,-9.42699],[32.96511,-9.42688],[32.96476,-9.42677],[32.96469,-9.42666],[32.96439,-9.42649],[32.96426,-9.4264],[32.96394,-9.42616],[32.96369,-9.42603],[32.96316,-9.42576],[32.96292,-9.42553],[32.96286,-9.42542],[32.9627,-9.42528],[32.96263,-9.42512],[32.96243,-9.42487],[32.96235,-9.42474],[32.96225,-9.42473],[32.96209,-9.42479],[32.96202,-9.42471]]},"properties":{"id":965567446,"cls":"track","hw":"track","tg":"none","name":"","ref":"","surface":"","sc":"unknown","speed":null,"lit":"unk","km":1.321}},
{"type":"Feature","geometry":{"type":"LineString","coordinates":[[32.99758,-9.37618],[32.99738,-9.37633],[32.99711,-9.37662],[32.99692,-9.37678],[32.99686,-9.37687],[32.99678,-9.37705],[32.99672,-9.3772],[32.99669,-9.3774],[32.9967,-9.37748],[32.99663,-9.37758],[32.99665,-9.37776],[32.99667,-9.37797],[32.99673,-9.37821],[32.99675,-9.37827],[32.99675,-9.37838],[32.99665,-9.37857],[32.99647,-9.3789],[32.99615,-9.37958]]},"properties":{"id":965567452,"cls":"unclassified","hw":"unclassified","tg":"na","name":"","ref":"","surface":"","sc":"unknown","speed":null,"lit":"unk","km":0.435}},
{"type":"Feature","geometry":{"type":"LineString","coordinates":[[32.99766,-9.37712],[32.99737,-9.37685],[32.99732,-9.37678],[32.99718,-9.37673],[32.99713,-9.37669],[32.99711,-9.37662],[32.99708,-9.37656],[32.997,-9.37647],[32.99693,-9.37632],[32.99682,-9.37622]]},"properties":{"id":965567453,"cls":"unclassified","hw":"unclassified","tg":"na","name":"","ref":"","surface":"","sc":"unknown","speed":null,"lit":"unk","km":0.14}},
{"type":"Feature","geometry":{"type":"LineString","coordinates":[[32.99763,-9.37653],[32.99777,-9.37643],[32.9979,-9.37627],[32.99805,-9.37612],[32.99821,-9.37595],[32.99842,-9.3758],[32.99869,-9.37565]]},"properties":{"id":965567461,"cls":"unclassified","hw":"unclassified","tg":"na","name":"","ref":"","surface":"","sc":"unknown","speed":null,"lit":"unk","km":0.153}},
{"type":"Feature","geometry":{"type":"LineString","coordinates":[[32.99777,-9.37149],[32.99776,-9.37156],[32.99786,-9.37175],[32.9981,-9.37206],[32.9981,-9.37217],[32.99813,-9.3723],[32.99822,-9.3726],[32.99836,-9.3729],[32.99847,-9.37314],[32.9985,-9.37325],[32.99856,-9.37334],[32.99839,-9.37354],[32.99831,-9.37366]]},"properties":{"id":965567463,"cls":"track","hw":"track","tg":"none","name":"","ref":"","surface":"","sc":"unknown","speed":null,"lit":"unk","km":0.273}},
{"type":"Feature","geometry":{"type":"LineString","coordinates":[[32.99738,-9.37533],[32.99731,-9.37522],[32.99725,-9.3751],[32.99721,-9.37497],[32.99714,-9.3748],[32.99711,-9.37477],[32.99706,-9.37467],[32.99702,-9.37463],[32.99685,-9.37427],[32.99672,-9.37413],[32.99666,-9.37402],[32.99654,-9.37384],[32.99651,-9.37367],[32.99642,-9.37346],[32.99643,-9.37316],[32.99643,-9.37307],[32.99635,-9.37296],[32.99632,-9.37287],[32.99629,-9.37279],[32.99628,-9.37259],[32.99624,-9.3725],[32.99624,-9.37242],[32.99621,-9.37232],[32.99613,-9.37212],[32.99608,-9.37197],[32.99605,-9.37174],[32.99601,-9.37159],[32.99597,-9.37148],[32.996,-9.37141],[32.996,-9.37129],[32.99595,-9.37115],[32.99592,-9.37104],[32.99588,-9.37098],[32.9959,-9.37085]]},"properties":{"id":965567470,"cls":"track","hw":"track","tg":"none","name":"","ref":"","surface":"","sc":"unknown","speed":null,"lit":"unk","km":0.539}},
{"type":"Feature","geometry":{"type":"LineString","coordinates":[[32.99829,-9.37987],[32.99825,-9.37968],[32.99827,-9.37938],[32.99822,-9.37919],[32.99812,-9.37896],[32.998,-9.37858],[32.99796,-9.37841],[32.99794,-9.37824],[32.99787,-9.37807],[32.99784,-9.37797],[32.99777,-9.37766],[32.99776,-9.37746],[32.99773,-9.37733],[32.99772,-9.37722],[32.99766,-9.37712],[32.99763,-9.37694],[32.99765,-9.37673],[32.99763,-9.37653],[32.99759,-9.37647],[32.99758,-9.37618],[32.99759,-9.37588],[32.99753,-9.37567],[32.99748,-9.37552],[32.99738,-9.37533],[32.99746,-9.37525],[32.99767,-9.37512],[32.99777,-9.37496],[32.9979,-9.37471],[32.998,-9.37454],[32.99802,-9.37443],[32.99807,-9.37424],[32.99815,-9.37413],[32.9982,-9.37408],[32.99823,-9.37392],[32.99831,-9.37366]]},"properties":{"id":965567471,"cls":"unclassified","hw":"unclassified","tg":"na","name":"","ref":"","surface":"","sc":"unknown","speed":null,"lit":"unk","km":0.741}},
{"type":"Feature","geometry":{"type":"LineString","coordinates":[[32.98853,-9.38128],[32.98912,-9.38154],[32.98933,-9.38169]]},"properties":{"id":965567480,"cls":"track","hw":"track","tg":"none","name":"","ref":"","surface":"","sc":"unknown","speed":null,"lit":"unk","km":0.099}},
{"type":"Feature","geometry":{"type":"LineString","coordinates":[[32.99352,-9.38283],[32.99325,-9.38251],[32.99303,-9.38233],[32.99293,-9.38222],[32.99282,-9.38218],[32.99271,-9.38213],[32.99231,-9.38175],[32.9921,-9.38158],[32.99191,-9.38142],[32.99162,-9.38112],[32.99149,-9.38096],[32.99139,-9.38085],[32.99132,-9.38075],[32.99127,-9.38065],[32.99129,-9.38044],[32.99127,-9.3803],[32.99122,-9.38019],[32.99116,-9.38009],[32.99115,-9.38003],[32.99114,-9.37993],[32.99106,-9.3798],[32.99103,-9.37971],[32.99095,-9.37966],[32.99089,-9.37956],[32.99077,-9.37934],[32.99069,-9.37922],[32.99054,-9.37917],[32.99047,-9.3791],[32.99022,-9.37888],[32.99007,-9.37873],[32.98982,-9.37858],[32.98962,-9.37848],[32.98954,-9.37847],[32.98921,-9.37839],[32.989,-9.37828],[32.98889,-9.3782],[32.98878,-9.37817],[32.98864,-9.37804],[32.98862,-9.37795],[32.98858,-9.37789],[32.98859,-9.37782],[32.98849,-9.37774],[32.98841,-9.37766],[32.98844,-9.37752]]},"properties":{"id":965567482,"cls":"track","hw":"track","tg":"none","name":"","ref":"","surface":"","sc":"unknown","speed":null,"lit":"unk","km":0.862}},
{"type":"Feature","geometry":{"type":"LineString","coordinates":[[32.99128,-9.3812],[32.99127,-9.38119],[32.99122,-9.38112],[32.99122,-9.38109],[32.99129,-9.38095]]},"properties":{"id":965567486,"cls":"residential","hw":"residential","tg":"na","name":"","ref":"","surface":"","sc":"unknown","speed":null,"lit":"unk","km":0.032}},
{"type":"Feature","geometry":{"type":"LineString","coordinates":[[32.98581,-9.38243],[32.98653,-9.38151],[32.98711,-9.38211],[32.98722,-9.38219],[32.98749,-9.3824]]},"properties":{"id":965567487,"cls":"track","hw":"track","tg":"none","name":"","ref":"","surface":"","sc":"unknown","speed":null,"lit":"unk","km":0.274}},
{"type":"Feature","geometry":{"type":"LineString","coordinates":[[32.99033,-9.38212],[32.9906,-9.38182],[32.99063,-9.3818],[32.99069,-9.38178],[32.99073,-9.38175],[32.99127,-9.38121],[32.99128,-9.3812]]},"properties":{"id":965567488,"cls":"residential","hw":"residential","tg":"na","name":"","ref":"","surface":"","sc":"unknown","speed":null,"lit":"unk","km":0.147}},
{"type":"Feature","geometry":{"type":"LineString","coordinates":[[32.98979,-9.38189],[32.98954,-9.3822]]},"properties":{"id":965567489,"cls":"service","hw":"service","tg":"na","name":"","ref":"","surface":"","sc":"unknown","speed":null,"lit":"unk","km":0.044}},
{"type":"Feature","geometry":{"type":"LineString","coordinates":[[32.98581,-9.38243],[32.9863,-9.38242],[32.98646,-9.38242],[32.98669,-9.38235],[32.98702,-9.38226],[32.98712,-9.38218],[32.98722,-9.38219],[32.98736,-9.38219],[32.98778,-9.38219],[32.98802,-9.38216],[32.98815,-9.38212],[32.98845,-9.3821],[32.98871,-9.38201],[32.98904,-9.38185],[32.98922,-9.38172],[32.98933,-9.38169]]},"properties":{"id":965567490,"cls":"unclassified","hw":"unclassified","tg":"na","name":"","ref":"","surface":"","sc":"unknown","speed":null,"lit":"unk","km":0.404}},
{"type":"Feature","geometry":{"type":"LineString","coordinates":[[32.95008,-9.40431],[32.95018,-9.4043],[32.95022,-9.40432],[32.95026,-9.40436],[32.9503,-9.4044],[32.95039,-9.40443],[32.95047,-9.40452],[32.95057,-9.40458],[32.95067,-9.40464],[32.95076,-9.40472],[32.95085,-9.40483],[32.95089,-9.40488],[32.95096,-9.40498],[32.95102,-9.40507],[32.95106,-9.40514],[32.95113,-9.40523],[32.95122,-9.40532],[32.95129,-9.4054],[32.95134,-9.40543],[32.95142,-9.40548],[32.95149,-9.40555],[32.95154,-9.40562],[32.9516,-9.40565],[32.95168,-9.40569],[32.95177,-9.40575],[32.95189,-9.40582],[32.95198,-9.40585],[32.95209,-9.40589],[32.95214,-9.40594],[32.95221,-9.40599],[32.9523,-9.40602],[32.95236,-9.40608],[32.95246,-9.40618],[32.95257,-9.40622],[32.95264,-9.40632],[32.95272,-9.40642],[32.9527,-9.40648],[32.95281,-9.40661],[32.95286,-9.4067],[32.95301,-9.40681],[32.95308,-9.40686],[32.95312,-9.40688],[32.95326,-9.40704],[32.95338,-9.40719],[32.95349,-9.40732]]},"properties":{"id":1008894827,"cls":"track","hw":"track","tg":"none","name":"","ref":"","surface":"","sc":"unknown","speed":null,"lit":"unk","km":0.521}},
{"type":"Feature","geometry":{"type":"LineString","coordinates":[[32.95497,-9.41168],[32.9549,-9.41178],[32.9548,-9.41193],[32.95473,-9.41207],[32.95467,-9.41218],[32.95463,-9.41228],[32.9546,-9.41237],[32.95451,-9.41258],[32.95452,-9.41264],[32.9545,-9.41273],[32.95446,-9.41284],[32.95443,-9.41295],[32.95436,-9.41303],[32.95429,-9.41314],[32.95421,-9.41322],[32.95403,-9.41348],[32.95389,-9.41367],[32.95371,-9.41385],[32.95349,-9.41395],[32.95327,-9.41401],[32.953,-9.41406],[32.95277,-9.41412],[32.95265,-9.41413],[32.95237,-9.41409],[32.95213,-9.41404],[32.95198,-9.41401],[32.95181,-9.41401],[32.9517,-9.41402],[32.95156,-9.41406],[32.95146,-9.41411],[32.95102,-9.41434]]},"properties":{"id":1008894833,"cls":"unclassified","hw":"unclassified","tg":"na","name":"","ref":"","surface":"","sc":"unknown","speed":null,"lit":"unk","km":0.593}},
{"type":"Feature","geometry":{"type":"LineString","coordinates":[[32.95253,-9.42627],[32.95262,-9.42638],[32.95267,-9.42646],[32.95272,-9.42653],[32.95279,-9.42658],[32.95281,-9.42664],[32.95292,-9.42678],[32.95294,-9.4268]]},"properties":{"id":1008894839,"cls":"path","hw":"path","tg":"na","name":"","ref":"","surface":"","sc":"unknown","speed":null,"lit":"unk","km":0.075}},
{"type":"Feature","geometry":{"type":"LineString","coordinates":[[32.95237,-9.42498],[32.95255,-9.42514],[32.95268,-9.42528],[32.95267,-9.42531],[32.95264,-9.42538],[32.9526,-9.42543],[32.95261,-9.42557],[32.95262,-9.42583],[32.95262,-9.42605],[32.9526,-9.42606],[32.95256,-9.42617],[32.95253,-9.42627],[32.9524,-9.42675],[32.95241,-9.42687],[32.95226,-9.42686],[32.95209,-9.42686],[32.95199,-9.42686],[32.95194,-9.42684],[32.95183,-9.42676],[32.95172,-9.42667],[32.95161,-9.42658],[32.95155,-9.42651],[32.95149,-9.42647],[32.95135,-9.42635],[32.95125,-9.42626],[32.95119,-9.42618],[32.95113,-9.42611],[32.95101,-9.42601],[32.95099,-9.42599],[32.95091,-9.4259],[32.95083,-9.42582],[32.95076,-9.42572],[32.95069,-9.42565],[32.95066,-9.4256],[32.95056,-9.42553],[32.95051,-9.42547],[32.95045,-9.42538],[32.95045,-9.42532],[32.95043,-9.42527],[32.95032,-9.42521],[32.9503,-9.4252],[32.95024,-9.42524],[32.95007,-9.42541],[32.94997,-9.42559],[32.9499,-9.42572],[32.94978,-9.42606],[32.94969,-9.42623],[32.94961,-9.42635],[32.9496,-9.42641],[32.9496,-9.42648],[32.94958,-9.42654],[32.94953,-9.42659],[32.94948,-9.42664],[32.94945,-9.4267],[32.94941,-9.42674],[32.94935,-9.42687],[32.94931,-9.42693],[32.9492,-9.42707],[32.94911,-9.42721],[32.94901,-9.42735],[32.94899,-9.42741],[32.94897,-9.42746],[32.94906,-9.42778],[32.94896,-9.42826],[32.94886,-9.42868],[32.94879,-9.42922],[32.94873,-9.4296]]},"properties":{"id":1008894842,"cls":"path","hw":"path","tg":"na","name":"","ref":"","surface":"","sc":"unknown","speed":null,"lit":"unk","km":1.083}},
{"type":"Feature","geometry":{"type":"LineString","coordinates":[[32.94294,-9.42655],[32.94295,-9.42674],[32.94293,-9.42697]]},"properties":{"id":1033855563,"cls":"track","hw":"track","tg":"none","name":"","ref":"","surface":"","sc":"unknown","speed":null,"lit":"unk","km":0.047}},
{"type":"Feature","geometry":{"type":"LineString","coordinates":[[32.94177,-9.42688],[32.94169,-9.42691],[32.94143,-9.42701],[32.94127,-9.42711],[32.94112,-9.42724]]},"properties":{"id":1033855564,"cls":"track","hw":"track","tg":"none","name":"","ref":"","surface":"","sc":"unknown","speed":null,"lit":"unk","km":0.083}},
{"type":"Feature","geometry":{"type":"LineString","coordinates":[[32.94177,-9.42688],[32.94166,-9.42737],[32.94154,-9.42742],[32.9413,-9.42751],[32.94113,-9.42757]]},"properties":{"id":1033855565,"cls":"track","hw":"track","tg":"none","name":"","ref":"","surface":"","sc":"unknown","speed":null,"lit":"unk","km":0.118}},
{"type":"Feature","geometry":{"type":"LineString","coordinates":[[32.94166,-9.42737],[32.94175,-9.42738],[32.94179,-9.42744],[32.94184,-9.42752],[32.94194,-9.42758],[32.94206,-9.42762],[32.94214,-9.42763],[32.94221,-9.42765],[32.9423,-9.4277]]},"properties":{"id":1033855566,"cls":"track","hw":"track","tg":"none","name":"","ref":"","surface":"","sc":"unknown","speed":null,"lit":"unk","km":0.083}},
{"type":"Feature","geometry":{"type":"LineString","coordinates":[[32.94291,-9.42515],[32.94295,-9.42508],[32.94297,-9.42501],[32.94299,-9.42495],[32.94301,-9.42491]]},"properties":{"id":1033858679,"cls":"path","hw":"path","tg":"na","name":"","ref":"","surface":"","sc":"unknown","speed":null,"lit":"unk","km":0.029}},
{"type":"Feature","geometry":{"type":"LineString","coordinates":[[32.94448,-9.42462],[32.94437,-9.42492],[32.94423,-9.4251],[32.94415,-9.42529],[32.94415,-9.42541],[32.94415,-9.42541],[32.94419,-9.42548],[32.94423,-9.42552],[32.94424,-9.42562],[32.94434,-9.42577],[32.94436,-9.42587]]},"properties":{"id":1033859517,"cls":"path","hw":"path","tg":"na","name":"","ref":"","surface":"","sc":"unknown","speed":null,"lit":"unk","km":0.155}},
{"type":"Feature","geometry":{"type":"LineString","coordinates":[[32.94415,-9.42541],[32.94406,-9.42545],[32.94402,-9.42551],[32.94396,-9.42558]]},"properties":{"id":1033859518,"cls":"path","hw":"path","tg":"na","name":"","ref":"","surface":"","sc":"unknown","speed":null,"lit":"unk","km":0.029}},
{"type":"Feature","geometry":{"type":"LineString","coordinates":[[32.94783,-9.42507],[32.94779,-9.42514],[32.94776,-9.42523],[32.9478,-9.42535]]},"properties":{"id":1033861149,"cls":"service","hw":"service","tg":"na","name":"","ref":"","surface":"","sc":"unknown","speed":null,"lit":"unk","km":0.034}},
{"type":"Feature","geometry":{"type":"LineString","coordinates":[[32.94764,-9.42544],[32.94761,-9.42547],[32.94763,-9.4255],[32.94763,-9.42552],[32.94762,-9.42555],[32.94752,-9.42561],[32.9474,-9.42566]]},"properties":{"id":1033861150,"cls":"track","hw":"track","tg":"none","name":"","ref":"","surface":"","sc":"unknown","speed":null,"lit":"unk","km":0.042}},
{"type":"Feature","geometry":{"type":"LineString","coordinates":[[32.94763,-9.4255],[32.94766,-9.42557],[32.94769,-9.42562],[32.94771,-9.42566],[32.94772,-9.42569],[32.9477,-9.42576],[32.9477,-9.42587],[32.94772,-9.42594],[32.94772,-9.42599],[32.94769,-9.42605],[32.9476,-9.42614]]},"properties":{"id":1033861151,"cls":"track","hw":"track","tg":"none","name":"","ref":"","surface":"","sc":"unknown","speed":null,"lit":"unk","km":0.079}},
{"type":"Feature","geometry":{"type":"LineString","coordinates":[[32.9478,-9.42535],[32.94788,-9.42541],[32.94799,-9.42557],[32.94808,-9.42569],[32.94816,-9.42579],[32.94828,-9.42588],[32.94838,-9.42596],[32.94846,-9.42608],[32.94849,-9.42624],[32.9485,-9.42631],[32.94856,-9.42639],[32.94864,-9.42649],[32.94869,-9.4266],[32.94875,-9.4267],[32.94882,-9.42686],[32.94888,-9.42703],[32.94893,-9.42721],[32.94899,-9.42741]]},"properties":{"id":1033861154,"cls":"path","hw":"path","tg":"na","name":"","ref":"","surface":"","sc":"unknown","speed":null,"lit":"unk","km":0.271}},
{"type":"Feature","geometry":{"type":"LineString","coordinates":[[32.94426,-9.42436],[32.94445,-9.42455],[32.94448,-9.42462],[32.9447,-9.42487],[32.94473,-9.42598],[32.94476,-9.42617]]},"properties":{"id":1033863626,"cls":"path","hw":"path","tg":"na","name":"","ref":"","surface":"","sc":"unknown","speed":null,"lit":"unk","km":0.22}},
{"type":"Feature","geometry":{"type":"LineString","coordinates":[[32.9447,-9.42487],[32.94493,-9.42491],[32.94513,-9.42495],[32.94532,-9.425],[32.94542,-9.42512],[32.9457,-9.42522],[32.94581,-9.42548],[32.94588,-9.42565],[32.946,-9.42582]]},"properties":{"id":1033863628,"cls":"path","hw":"path","tg":"na","name":"","ref":"","surface":"","sc":"unknown","speed":null,"lit":"unk","km":0.194}},
{"type":"Feature","geometry":{"type":"LineString","coordinates":[[32.9499,-9.42572],[32.95,-9.42594],[32.95005,-9.42621],[32.95004,-9.42635],[32.95008,-9.4266],[32.95019,-9.42687],[32.95022,-9.42702],[32.95031,-9.42724],[32.95029,-9.42737],[32.95031,-9.42763],[32.95031,-9.42778],[32.95031,-9.42793],[32.95034,-9.42804],[32.95045,-9.42827]]},"properties":{"id":1033865288,"cls":"path","hw":"path","tg":"na","name":"","ref":"","surface":"","sc":"unknown","speed":null,"lit":"unk","km":0.295}},
{"type":"Feature","geometry":{"type":"LineString","coordinates":[[32.95054,-9.4281],[32.95067,-9.42801],[32.95079,-9.42787],[32.9509,-9.42781],[32.9511,-9.42779],[32.95129,-9.42774],[32.95148,-9.42766],[32.95165,-9.42765],[32.95183,-9.42767],[32.95201,-9.42767],[32.95213,-9.42735],[32.95222,-9.42712],[32.95231,-9.42703],[32.95236,-9.42701],[32.95241,-9.42687]]},"properties":{"id":1033865289,"cls":"path","hw":"path","tg":"na","name":"","ref":"","surface":"","sc":"unknown","speed":null,"lit":"unk","km":0.278}},
{"type":"Feature","geometry":{"type":"LineString","coordinates":[[32.95005,-9.42479],[32.95007,-9.42489],[32.95013,-9.42495],[32.95022,-9.42501],[32.95032,-9.42506],[32.95034,-9.42512],[32.95032,-9.42521]]},"properties":{"id":1033865403,"cls":"path","hw":"path","tg":"na","name":"","ref":"","surface":"","sc":"unknown","speed":null,"lit":"unk","km":0.062}},
{"type":"Feature","geometry":{"type":"LineString","coordinates":[[32.95241,-9.42687],[32.95246,-9.42691],[32.95251,-9.4269],[32.95261,-9.42687],[32.9527,-9.42685],[32.95279,-9.42682],[32.95292,-9.42678],[32.95304,-9.42675]]},"properties":{"id":1033866939,"cls":"path","hw":"path","tg":"na","name":"","ref":"","surface":"","sc":"unknown","speed":null,"lit":"unk","km":0.073}},
{"type":"Feature","geometry":{"type":"LineString","coordinates":[[32.95148,-9.42766],[32.95142,-9.42733],[32.95138,-9.4271],[32.95139,-9.42697],[32.95142,-9.4268],[32.95142,-9.42668],[32.95134,-9.42646],[32.95123,-9.4263],[32.95119,-9.42618]]},"properties":{"id":1033866940,"cls":"path","hw":"path","tg":"na","name":"","ref":"","surface":"","sc":"unknown","speed":null,"lit":"unk","km":0.172}},
{"type":"Feature","geometry":{"type":"LineString","coordinates":[[32.95304,-9.42675],[32.95346,-9.42665],[32.95371,-9.42663],[32.95382,-9.42652],[32.95396,-9.42634],[32.95402,-9.42628],[32.95422,-9.42607],[32.95434,-9.42592],[32.95447,-9.42578],[32.95455,-9.42568],[32.9548,-9.42552],[32.95491,-9.42544],[32.95494,-9.42536],[32.95503,-9.42534],[32.95508,-9.4253],[32.95515,-9.42528],[32.95531,-9.42525],[32.95544,-9.42521],[32.95557,-9.42518],[32.95562,-9.42517],[32.95571,-9.42516],[32.95588,-9.42513],[32.95606,-9.42507]]},"properties":{"id":1033870924,"cls":"path","hw":"path","tg":"na","name":"","ref":"","surface":"","sc":"unknown","speed":null,"lit":"unk","km":0.4}},
{"type":"Feature","geometry":{"type":"LineString","coordinates":[[32.95371,-9.42663],[32.95323,-9.42721]]},"properties":{"id":1033870925,"cls":"path","hw":"path","tg":"na","name":"","ref":"","surface":"","sc":"unknown","speed":null,"lit":"unk","km":0.083}},
{"type":"Feature","geometry":{"type":"LineString","coordinates":[[32.95416,-9.42466],[32.9544,-9.42499],[32.95441,-9.42501],[32.95445,-9.42508],[32.95465,-9.42521],[32.95487,-9.42531],[32.95494,-9.42536]]},"properties":{"id":1033870926,"cls":"unclassified","hw":"unclassified","tg":"na","name":"","ref":"","surface":"","sc":"unknown","speed":null,"lit":"unk","km":0.119}},
{"type":"Feature","geometry":{"type":"LineString","coordinates":[[32.95813,-9.42509],[32.95863,-9.42492],[32.95885,-9.42487],[32.9591,-9.42483],[32.95945,-9.4248],[32.95969,-9.42475],[32.96004,-9.42461],[32.96013,-9.42461],[32.96032,-9.42458],[32.96053,-9.42459],[32.96067,-9.42454]]},"properties":{"id":1033875240,"cls":"track","hw":"track","tg":"none","name":"","ref":"","surface":"","sc":"unknown","speed":null,"lit":"unk","km":0.288}},
{"type":"Feature","geometry":{"type":"LineString","coordinates":[[32.961,-9.4252],[32.96061,-9.42525],[32.96025,-9.42533]]},"properties":{"id":1033875241,"cls":"track","hw":"track","tg":"none","name":"","ref":"","surface":"","sc":"unknown","speed":null,"lit":"unk","km":0.084}},
{"type":"Feature","geometry":{"type":"LineString","coordinates":[[32.95724,-9.42577],[32.95732,-9.42555],[32.95741,-9.42558],[32.95744,-9.42552],[32.95755,-9.42548],[32.95762,-9.4254],[32.95766,-9.42538],[32.9577,-9.42533],[32.95782,-9.42523],[32.95788,-9.42516]]},"properties":{"id":1033875243,"cls":"path","hw":"path","tg":"na","name":"","ref":"","surface":"","sc":"unknown","speed":null,"lit":"unk","km":0.108}},
{"type":"Feature","geometry":{"type":"LineString","coordinates":[[32.95721,-9.42531],[32.95727,-9.42534],[32.95729,-9.42537],[32.95731,-9.42542],[32.95735,-9.42547],[32.95744,-9.42552]]},"properties":{"id":1033875244,"cls":"path","hw":"path","tg":"na","name":"","ref":"","surface":"","sc":"unknown","speed":null,"lit":"unk","km":0.036}},
{"type":"Feature","geometry":{"type":"LineString","coordinates":[[32.95741,-9.42558],[32.95745,-9.42561],[32.95746,-9.42561],[32.95771,-9.42559],[32.95793,-9.42563],[32.95802,-9.42563],[32.95835,-9.42561],[32.9585,-9.42561],[32.95864,-9.42551],[32.95874,-9.42537],[32.95886,-9.4253],[32.95906,-9.42522]]},"properties":{"id":1033875246,"cls":"track","hw":"track","tg":"none","name":"","ref":"","surface":"","sc":"unknown","speed":null,"lit":"unk","km":0.198}},
{"type":"Feature","geometry":{"type":"LineString","coordinates":[[32.95993,-9.42546],[32.95962,-9.42583],[32.95932,-9.42617],[32.9591,-9.42651],[32.95879,-9.42689],[32.9584,-9.42741]]},"properties":{"id":1033875247,"cls":"track","hw":"track","tg":"none","name":"","ref":"","surface":"","sc":"unknown","speed":null,"lit":"unk","km":0.275}},
{"type":"Feature","geometry":{"type":"LineString","coordinates":[[32.94405,-9.42294],[32.94411,-9.42305],[32.94418,-9.42311],[32.94427,-9.42313],[32.94431,-9.42313],[32.94434,-9.42315],[32.94437,-9.42318],[32.94437,-9.4233],[32.94436,-9.42349],[32.94429,-9.42362],[32.94427,-9.4237],[32.9443,-9.42377]]},"properties":{"id":1033878634,"cls":"track","hw":"track","tg":"none","name":"","ref":"","surface":"","sc":"unknown","speed":null,"lit":"unk","km":0.116}},
{"type":"Feature","geometry":{"type":"LineString","coordinates":[[32.9443,-9.42377],[32.9443,-9.42386],[32.94435,-9.42396],[32.94441,-9.42409],[32.94441,-9.42432],[32.94445,-9.42455]]},"properties":{"id":1033878635,"cls":"track","hw":"track","tg":"none","name":"","ref":"","surface":"","sc":"unknown","speed":null,"lit":"unk","km":0.09}},
{"type":"Feature","geometry":{"type":"LineString","coordinates":[[32.94204,-9.42578],[32.94199,-9.42623],[32.94186,-9.42667],[32.94177,-9.42688]]},"properties":{"id":1033878636,"cls":"track","hw":"track","tg":"none","name":"","ref":"","surface":"","sc":"unknown","speed":null,"lit":"unk","km":0.127}},
{"type":"Feature","geometry":{"type":"LineString","coordinates":[[32.94497,-9.4234],[32.9456,-9.42343],[32.94598,-9.42345],[32.94636,-9.42352]]},"properties":{"id":1033879630,"cls":"track","hw":"track","tg":"none","name":"","ref":"","surface":"","sc":"unknown","speed":null,"lit":"unk","km":0.153}},
{"type":"Feature","geometry":{"type":"LineString","coordinates":[[32.9484,-9.42462],[32.94855,-9.42485],[32.94866,-9.42509],[32.94871,-9.42524],[32.94885,-9.42576],[32.94897,-9.4263],[32.94908,-9.4269],[32.94911,-9.42721]]},"properties":{"id":1033880839,"cls":"path","hw":"path","tg":"na","name":"","ref":"","surface":"","sc":"unknown","speed":null,"lit":"unk","km":0.301}},
{"type":"Feature","geometry":{"type":"LineString","coordinates":[[32.94911,-9.42721],[32.94927,-9.42737],[32.94966,-9.42762],[32.95001,-9.42778],[32.95021,-9.42792],[32.95034,-9.42804]]},"properties":{"id":1033880840,"cls":"track","hw":"track","tg":"none","name":"","ref":"","surface":"","sc":"unknown","speed":null,"lit":"unk","km":0.165}},
{"type":"Feature","geometry":{"type":"LineString","coordinates":[[32.95009,-9.42436],[32.95025,-9.42415],[32.95043,-9.42381],[32.95046,-9.42374],[32.95059,-9.42342],[32.95072,-9.42315],[32.95102,-9.4228]]},"properties":{"id":1033886791,"cls":"path","hw":"path","tg":"na","name":"","ref":"","surface":"","sc":"unknown","speed":null,"lit":"unk","km":0.203}},
{"type":"Feature","geometry":{"type":"LineString","coordinates":[[32.95046,-9.42374],[32.95027,-9.4234],[32.9502,-9.42311],[32.95023,-9.42283],[32.9504,-9.42244],[32.95056,-9.42204],[32.95072,-9.42185],[32.95088,-9.42159],[32.95097,-9.42139],[32.95112,-9.42115],[32.95127,-9.42178]]},"properties":{"id":1033886792,"cls":"path","hw":"path","tg":"na","name":"","ref":"","surface":"","sc":"unknown","speed":null,"lit":"unk","km":0.392}},
{"type":"Feature","geometry":{"type":"LineString","coordinates":[[32.95164,-9.42412],[32.95173,-9.4237],[32.95173,-9.42331],[32.95173,-9.42324],[32.95174,-9.42306],[32.95175,-9.42291],[32.9516,-9.42254],[32.95146,-9.4222],[32.95127,-9.42178]]},"properties":{"id":1033893961,"cls":"path","hw":"path","tg":"na","name":"","ref":"","surface":"","sc":"unknown","speed":null,"lit":"unk","km":0.272}},
{"type":"Feature","geometry":{"type":"LineString","coordinates":[[32.95102,-9.4228],[32.95122,-9.42257],[32.95146,-9.4222],[32.95181,-9.42199]]},"properties":{"id":1033893962,"cls":"path","hw":"path","tg":"na","name":"","ref":"","surface":"","sc":"unknown","speed":null,"lit":"unk","km":0.127}},
{"type":"Feature","geometry":{"type":"LineString","coordinates":[[32.95173,-9.42331],[32.95205,-9.42298],[32.9523,-9.42263],[32.95245,-9.42241],[32.95262,-9.42221],[32.95282,-9.42203],[32.95302,-9.42183]]},"properties":{"id":1033893963,"cls":"path","hw":"path","tg":"na","name":"","ref":"","surface":"","sc":"unknown","speed":null,"lit":"unk","km":0.218}},
{"type":"Feature","geometry":{"type":"LineString","coordinates":[[32.95169,-9.42511],[32.95176,-9.42506],[32.9518,-9.42501],[32.95183,-9.42486],[32.95181,-9.4247],[32.95177,-9.42451],[32.9518,-9.42442],[32.95175,-9.42427],[32.9518,-9.42417],[32.95164,-9.42412]]},"properties":{"id":1033893964,"cls":"path","hw":"path","tg":"na","name":"","ref":"","surface":"","sc":"unknown","speed":null,"lit":"unk","km":0.132}},
{"type":"Feature","geometry":{"type":"LineString","coordinates":[[32.95268,-9.42528],[32.95279,-9.42517],[32.95284,-9.42514],[32.95286,-9.42522],[32.95287,-9.42529],[32.95277,-9.42532],[32.95267,-9.42531]]},"properties":{"id":1033894945,"cls":"path","hw":"path","tg":"na","name":"","ref":"","surface":"","sc":"unknown","speed":null,"lit":"unk","km":0.063}},
{"type":"Feature","geometry":{"type":"LineString","coordinates":[[32.95287,-9.42529],[32.95344,-9.42531],[32.95363,-9.42531],[32.95376,-9.42531],[32.95382,-9.42531],[32.95392,-9.42524],[32.95398,-9.42513],[32.95401,-9.42499],[32.95404,-9.42489],[32.95405,-9.42481],[32.95411,-9.42473],[32.95416,-9.42466]]},"properties":{"id":1033894947,"cls":"path","hw":"path","tg":"na","name":"","ref":"","surface":"","sc":"unknown","speed":null,"lit":"unk","km":0.189}},
{"type":"Feature","geometry":{"type":"LineString","coordinates":[[32.95302,-9.42183],[32.95324,-9.42199],[32.95337,-9.42219],[32.95392,-9.42261],[32.95434,-9.42301],[32.95474,-9.42336],[32.95494,-9.42371]]},"properties":{"id":1033895248,"cls":"path","hw":"path","tg":"na","name":"","ref":"","surface":"","sc":"unknown","speed":null,"lit":"unk","km":0.3}},
{"type":"Feature","geometry":{"type":"LineString","coordinates":[[32.95512,-9.4242],[32.95513,-9.42419],[32.95526,-9.42418],[32.95529,-9.42415]]},"properties":{"id":1033896000,"cls":"track","hw":"track","tg":"none","name":"","ref":"","surface":"","sc":"unknown","speed":null,"lit":"unk","km":0.021}},
{"type":"Feature","geometry":{"type":"LineString","coordinates":[[32.95512,-9.4242],[32.95502,-9.42417],[32.95494,-9.4241],[32.95485,-9.42402],[32.95477,-9.42395]]},"properties":{"id":1033896001,"cls":"path","hw":"path","tg":"na","name":"","ref":"","surface":"","sc":"unknown","speed":null,"lit":"unk","km":0.048}},
{"type":"Feature","geometry":{"type":"LineString","coordinates":[[32.95494,-9.42371],[32.95503,-9.42369],[32.9551,-9.42363],[32.95518,-9.42356],[32.95525,-9.42346],[32.95531,-9.4234],[32.9554,-9.42324],[32.95544,-9.42315],[32.95556,-9.42307],[32.95569,-9.42297]]},"properties":{"id":1033896504,"cls":"path","hw":"path","tg":"na","name":"","ref":"","surface":"","sc":"unknown","speed":null,"lit":"unk","km":0.12}},
{"type":"Feature","geometry":{"type":"LineString","coordinates":[[32.95531,-9.4234],[32.95542,-9.42335],[32.95557,-9.42329],[32.95568,-9.42323],[32.95582,-9.42314],[32.956,-9.4231],[32.95626,-9.42296],[32.95629,-9.42291],[32.95642,-9.42285],[32.9566,-9.42281],[32.95675,-9.42275],[32.95687,-9.42269],[32.95692,-9.42259]]},"properties":{"id":1033896505,"cls":"path","hw":"path","tg":"na","name":"","ref":"","surface":"","sc":"unknown","speed":null,"lit":"unk","km":0.203}},
{"type":"Feature","geometry":{"type":"LineString","coordinates":[[32.95549,-9.42407],[32.95559,-9.42407],[32.95587,-9.42397],[32.95614,-9.42387],[32.95631,-9.42374],[32.95651,-9.42365],[32.95672,-9.42359],[32.9568,-9.42358]]},"properties":{"id":1033896506,"cls":"path","hw":"path","tg":"na","name":"","ref":"","surface":"","sc":"unknown","speed":null,"lit":"unk","km":0.156}},
{"type":"Feature","geometry":{"type":"LineString","coordinates":[[32.95735,-9.42519],[32.9574,-9.42481],[32.95756,-9.42451],[32.95776,-9.42414],[32.95789,-9.42399],[32.95816,-9.42381]]},"properties":{"id":1033898406,"cls":"path","hw":"path","tg":"na","name":"","ref":"","surface":"","sc":"unknown","speed":null,"lit":"unk","km":0.185}},
{"type":"Feature","geometry":{"type":"LineString","coordinates":[[32.95874,-9.42363],[32.95893,-9.42368],[32.95914,-9.42378]]},"properties":{"id":1033899112,"cls":"path","hw":"path","tg":"na","name":"","ref":"","surface":"","sc":"unknown","speed":null,"lit":"unk","km":0.047}},
{"type":"Feature","geometry":{"type":"LineString","coordinates":[[32.94252,-9.42118],[32.9426,-9.42135],[32.94262,-9.4214],[32.94266,-9.42145],[32.94271,-9.4215],[32.94288,-9.42161],[32.94299,-9.4217],[32.94309,-9.42182],[32.94314,-9.42189]]},"properties":{"id":1034193808,"cls":"path","hw":"path","tg":"na","name":"","ref":"","surface":"","sc":"unknown","speed":null,"lit":"unk","km":0.106}},
{"type":"Feature","geometry":{"type":"LineString","coordinates":[[32.94329,-9.42176],[32.94335,-9.42182],[32.94334,-9.42189],[32.94331,-9.42196],[32.94331,-9.42199]]},"properties":{"id":1034193809,"cls":"path","hw":"path","tg":"na","name":"","ref":"","surface":"","sc":"unknown","speed":null,"lit":"unk","km":0.029}},
{"type":"Feature","geometry":{"type":"LineString","coordinates":[[32.94331,-9.42199],[32.94322,-9.42198],[32.94315,-9.42215],[32.94308,-9.42218],[32.94299,-9.42237],[32.94298,-9.42246]]},"properties":{"id":1034193810,"cls":"path","hw":"path","tg":"na","name":"","ref":"","surface":"","sc":"unknown","speed":null,"lit":"unk","km":0.072}},
{"type":"Feature","geometry":{"type":"LineString","coordinates":[[32.94219,-9.4216],[32.9423,-9.4217],[32.94236,-9.42187],[32.94239,-9.42207],[32.94236,-9.42221]]},"properties":{"id":1034195052,"cls":"path","hw":"path","tg":"na","name":"","ref":"","surface":"","sc":"unknown","speed":null,"lit":"unk","km":0.075}},
{"type":"Feature","geometry":{"type":"LineString","coordinates":[[32.94251,-9.42249],[32.94261,-9.42267],[32.94263,-9.42273],[32.94266,-9.42277],[32.94274,-9.42282]]},"properties":{"id":1034195053,"cls":"path","hw":"path","tg":"na","name":"","ref":"","surface":"","sc":"unknown","speed":null,"lit":"unk","km":0.046}},
{"type":"Feature","geometry":{"type":"LineString","coordinates":[[32.94329,-9.42257],[32.94342,-9.42259],[32.94356,-9.42265],[32.94371,-9.42261]]},"properties":{"id":1034195054,"cls":"path","hw":"path","tg":"na","name":"","ref":"","surface":"","sc":"unknown","speed":null,"lit":"unk","km":0.048}},
{"type":"Feature","geometry":{"type":"LineString","coordinates":[[32.94168,-9.42322],[32.94157,-9.42331],[32.94145,-9.42339],[32.94142,-9.42341],[32.9414,-9.42344],[32.94139,-9.42347],[32.94133,-9.42356],[32.94127,-9.4237],[32.94116,-9.42402],[32.94113,-9.42408],[32.9411,-9.4241],[32.94106,-9.42413],[32.94104,-9.42417],[32.94103,-9.42421],[32.94105,-9.42426],[32.94108,-9.4243],[32.94109,-9.42434],[32.94108,-9.42441],[32.94104,-9.42471],[32.94103,-9.425],[32.94108,-9.42527],[32.9411,-9.42534],[32.9411,-9.42542],[32.94113,-9.42548],[32.94117,-9.42553],[32.94123,-9.42558],[32.94129,-9.42563]]},"properties":{"id":1034195055,"cls":"path","hw":"path","tg":"na","name":"","ref":"","surface":"","sc":"unknown","speed":null,"lit":"unk","km":0.305}},
{"type":"Feature","geometry":{"type":"LineString","coordinates":[[32.94424,-9.42077],[32.94447,-9.42091],[32.94459,-9.42111],[32.94466,-9.4212],[32.94473,-9.4213]]},"properties":{"id":1034195535,"cls":"path","hw":"path","tg":"na","name":"","ref":"","surface":"","sc":"unknown","speed":null,"lit":"unk","km":0.082}},
{"type":"Feature","geometry":{"type":"LineString","coordinates":[[32.94332,-9.42012],[32.9432,-9.42029],[32.94311,-9.42047]]},"properties":{"id":1034196323,"cls":"path","hw":"path","tg":"na","name":"","ref":"","surface":"","sc":"unknown","speed":null,"lit":"unk","km":0.045}},
{"type":"Feature","geometry":{"type":"LineString","coordinates":[[32.94348,-9.41983],[32.94348,-9.41986],[32.94347,-9.41993],[32.94346,-9.41999],[32.94348,-9.42005]]},"properties":{"id":1034196981,"cls":"path","hw":"path","tg":"na","name":"","ref":"","surface":"","sc":"unknown","speed":null,"lit":"unk","km":0.025}},
{"type":"Feature","geometry":{"type":"LineString","coordinates":[[32.94352,-9.41969],[32.94363,-9.41977],[32.94356,-9.41988],[32.94359,-9.41991],[32.94361,-9.42001],[32.94372,-9.42007]]},"properties":{"id":1034196987,"cls":"path","hw":"path","tg":"na","name":"","ref":"","surface":"","sc":"unknown","speed":null,"lit":"unk","km":0.059}},
{"type":"Feature","geometry":{"type":"LineString","coordinates":[[32.94372,-9.42007],[32.94391,-9.42026],[32.94401,-9.4204],[32.94417,-9.42062],[32.94424,-9.42077]]},"properties":{"id":1034197393,"cls":"path","hw":"path","tg":"na","name":"","ref":"","surface":"","sc":"unknown","speed":null,"lit":"unk","km":0.097}},
{"type":"Feature","geometry":{"type":"LineString","coordinates":[[32.94454,-9.42026],[32.94462,-9.42043],[32.94469,-9.42067],[32.94469,-9.42087],[32.94471,-9.42104],[32.94475,-9.42119],[32.94473,-9.4213],[32.94476,-9.42144]]},"properties":{"id":1034197394,"cls":"path","hw":"path","tg":"na","name":"","ref":"","surface":"","sc":"unknown","speed":null,"lit":"unk","km":0.135}},
{"type":"Feature","geometry":{"type":"LineString","coordinates":[[32.94726,-9.41992],[32.94761,-9.42032],[32.94773,-9.42056],[32.94778,-9.42111],[32.94777,-9.42163],[32.94776,-9.42195],[32.94793,-9.42242],[32.94799,-9.42291],[32.94819,-9.42349],[32.94837,-9.42412],[32.94836,-9.42445],[32.9484,-9.42462]]},"properties":{"id":1034197525,"cls":"path","hw":"path","tg":"na","name":"","ref":"","surface":"","sc":"unknown","speed":null,"lit":"unk","km":0.551}},
{"type":"Feature","geometry":{"type":"LineString","coordinates":[[32.94929,-9.4226],[32.94832,-9.42125],[32.94773,-9.42056]]},"properties":{"id":1034197944,"cls":"path","hw":"path","tg":"na","name":"","ref":"","surface":"","sc":"unknown","speed":null,"lit":"unk","km":0.284}},
{"type":"Feature","geometry":{"type":"LineString","coordinates":[[32.94979,-9.4206],[32.94993,-9.42082],[32.94998,-9.42108],[32.94995,-9.42132],[32.9499,-9.4215],[32.94987,-9.42171],[32.94987,-9.42187],[32.94987,-9.42202],[32.9501,-9.42197],[32.95038,-9.42194],[32.95056,-9.42191],[32.95072,-9.42185]]},"properties":{"id":1034197946,"cls":"path","hw":"path","tg":"na","name":"","ref":"","surface":"","sc":"unknown","speed":null,"lit":"unk","km":0.26}},
{"type":"Feature","geometry":{"type":"LineString","coordinates":[[32.95112,-9.42115],[32.95123,-9.42021],[32.95128,-9.41992],[32.95109,-9.41935]]},"properties":{"id":1034200133,"cls":"path","hw":"path","tg":"na","name":"","ref":"","surface":"","sc":"unknown","speed":null,"lit":"unk","km":0.205}},
{"type":"Feature","geometry":{"type":"LineString","coordinates":[[32.95235,-9.41935],[32.95243,-9.41957],[32.95246,-9.41987],[32.95243,-9.42028],[32.95242,-9.42051],[32.95248,-9.42082],[32.95254,-9.42131],[32.95264,-9.42162],[32.9527,-9.42177],[32.95282,-9.42203],[32.95282,-9.42205],[32.95305,-9.42258],[32.95319,-9.42308],[32.9531,-9.42324],[32.95315,-9.42342],[32.95314,-9.42375],[32.95302,-9.42424],[32.95304,-9.42467]]},"properties":{"id":1034200134,"cls":"path","hw":"path","tg":"na","name":"","ref":"","surface":"","sc":"unknown","speed":null,"lit":"unk","km":0.612}},
{"type":"Feature","geometry":{"type":"LineString","coordinates":[[32.95181,-9.42199],[32.95206,-9.42186],[32.95231,-9.4218],[32.9527,-9.42177],[32.95302,-9.42183]]},"properties":{"id":1034200135,"cls":"path","hw":"path","tg":"na","name":"","ref":"","surface":"","sc":"unknown","speed":null,"lit":"unk","km":0.138}},
{"type":"Feature","geometry":{"type":"LineString","coordinates":[[32.95304,-9.42467],[32.95292,-9.42504],[32.95284,-9.42514]]},"properties":{"id":1034200137,"cls":"path","hw":"path","tg":"na","name":"","ref":"","surface":"","sc":"unknown","speed":null,"lit":"unk","km":0.057}},
{"type":"Feature","geometry":{"type":"LineString","coordinates":[[32.95302,-9.42183],[32.95346,-9.42148],[32.95369,-9.42138],[32.95421,-9.42105],[32.9548,-9.42084],[32.95527,-9.42064]]},"properties":{"id":1034200530,"cls":"track","hw":"track","tg":"none","name":"","ref":"","surface":"","sc":"unknown","speed":null,"lit":"unk","km":0.282}},
{"type":"Feature","geometry":{"type":"LineString","coordinates":[[32.95527,-9.42064],[32.95565,-9.42042],[32.95595,-9.42031],[32.95635,-9.42023],[32.95658,-9.42016],[32.95684,-9.41994],[32.95711,-9.41967]]},"properties":{"id":1034201277,"cls":"path","hw":"path","tg":"na","name":"","ref":"","surface":"","sc":"unknown","speed":null,"lit":"unk","km":0.234}},
{"type":"Feature","geometry":{"type":"LineString","coordinates":[[32.95756,-9.41932],[32.95711,-9.41967]]},"properties":{"id":1034201385,"cls":"path","hw":"path","tg":"na","name":"","ref":"","surface":"","sc":"unknown","speed":null,"lit":"unk","km":0.063}},
{"type":"Feature","geometry":{"type":"LineString","coordinates":[[32.94358,-9.41799],[32.94338,-9.41822],[32.94334,-9.41839],[32.94329,-9.41862],[32.94315,-9.41874]]},"properties":{"id":1034202938,"cls":"path","hw":"path","tg":"na","name":"","ref":"","surface":"","sc":"unknown","speed":null,"lit":"unk","km":0.1}},
{"type":"Feature","geometry":{"type":"LineString","coordinates":[[32.94329,-9.41745],[32.94351,-9.41769],[32.94358,-9.41783],[32.94358,-9.41799]]},"properties":{"id":1034203661,"cls":"path","hw":"path","tg":"na","name":"","ref":"","surface":"","sc":"unknown","speed":null,"lit":"unk","km":0.071}},
{"type":"Feature","geometry":{"type":"LineString","coordinates":[[32.94358,-9.41783],[32.94386,-9.41804],[32.94397,-9.41815],[32.94421,-9.41826],[32.94427,-9.41828],[32.9443,-9.41833]]},"properties":{"id":1034203662,"cls":"path","hw":"path","tg":"na","name":"","ref":"","surface":"","sc":"unknown","speed":null,"lit":"unk","km":0.098}},
{"type":"Feature","geometry":{"type":"LineString","coordinates":[[32.94441,-9.41818],[32.94449,-9.41828],[32.94456,-9.41843],[32.94457,-9.41849],[32.94459,-9.41863],[32.94461,-9.41869],[32.94474,-9.41876]]},"properties":{"id":1034204034,"cls":"path","hw":"path","tg":"na","name":"","ref":"","surface":"","sc":"unknown","speed":null,"lit":"unk","km":0.078}},
{"type":"Feature","geometry":{"type":"LineString","coordinates":[[32.94361,-9.4167],[32.94373,-9.4168]]},"properties":{"id":1034204812,"cls":"track","hw":"track","tg":"none","name":"","ref":"","surface":"","sc":"unknown","speed":null,"lit":"unk","km":0.017}},
{"type":"Feature","geometry":{"type":"LineString","coordinates":[[32.94416,-9.41724],[32.94437,-9.41735],[32.9445,-9.41747],[32.94457,-9.41755],[32.94461,-9.41764],[32.94465,-9.41766],[32.94475,-9.41769]]},"properties":{"id":1034205616,"cls":"path","hw":"path","tg":"na","name":"","ref":"","surface":"","sc":"unknown","speed":null,"lit":"unk","km":0.085}},
{"type":"Feature","geometry":{"type":"LineString","coordinates":[[32.94438,-9.41789],[32.94447,-9.4179],[32.94451,-9.41791],[32.94456,-9.41792],[32.94458,-9.41794],[32.94472,-9.418]]},"properties":{"id":1034205617,"cls":"residential","hw":"residential","tg":"na","name":"","ref":"","surface":"","sc":"unknown","speed":null,"lit":"unk","km":0.04}},
{"type":"Feature","geometry":{"type":"LineString","coordinates":[[32.94438,-9.41789],[32.94438,-9.41799],[32.94438,-9.41806],[32.94441,-9.41818]]},"properties":{"id":1034205619,"cls":"track","hw":"track","tg":"none","name":"","ref":"","surface":"","sc":"unknown","speed":null,"lit":"unk","km":0.033}},
{"type":"Feature","geometry":{"type":"LineString","coordinates":[[32.94486,-9.4177],[32.94481,-9.41779],[32.94472,-9.418]]},"properties":{"id":1034206667,"cls":"path","hw":"path","tg":"na","name":"","ref":"","surface":"","sc":"unknown","speed":null,"lit":"unk","km":0.037}},
{"type":"Feature","geometry":{"type":"LineString","coordinates":[[32.94472,-9.418],[32.94485,-9.41797],[32.94497,-9.41791],[32.94509,-9.41786],[32.94529,-9.41764],[32.94547,-9.41749]]},"properties":{"id":1034206668,"cls":"path","hw":"path","tg":"na","name":"","ref":"","surface":"","sc":"unknown","speed":null,"lit":"unk","km":0.102}},
{"type":"Feature","geometry":{"type":"LineString","coordinates":[[32.94474,-9.41876],[32.94515,-9.41915],[32.94543,-9.4192],[32.94575,-9.41919],[32.94616,-9.41917],[32.94659,-9.41918],[32.94686,-9.4192],[32.94712,-9.41936]]},"properties":{"id":1034206669,"cls":"path","hw":"path","tg":"na","name":"","ref":"","surface":"","sc":"unknown","speed":null,"lit":"unk","km":0.284}},
{"type":"Feature","geometry":{"type":"LineString","coordinates":[[32.94826,-9.41539],[32.94868,-9.41586],[32.94913,-9.41626],[32.94941,-9.41647],[32.94967,-9.41661],[32.94989,-9.41674],[32.95021,-9.417],[32.95029,-9.41708],[32.95039,-9.41718],[32.95057,-9.41738],[32.95083,-9.4177],[32.95089,-9.41792],[32.95084,-9.4182],[32.95087,-9.41834],[32.95089,-9.41846],[32.951,-9.41881],[32.95109,-9.41935]]},"properties":{"id":1034207541,"cls":"path","hw":"path","tg":"na","name":"","ref":"","surface":"","sc":"unknown","speed":null,"lit":"unk","km":0.572}},
{"type":"Feature","geometry":{"type":"LineString","coordinates":[[32.95083,-9.4177],[32.95121,-9.41792],[32.95147,-9.41809],[32.95162,-9.41816],[32.95171,-9.41821],[32.95192,-9.4185],[32.95214,-9.41886]]},"properties":{"id":1034207817,"cls":"track","hw":"track","tg":"none","name":"","ref":"","surface":"","sc":"unknown","speed":null,"lit":"unk","km":0.198}},
{"type":"Feature","geometry":{"type":"LineString","coordinates":[[32.95644,-9.41663],[32.95663,-9.41689],[32.95672,-9.41719],[32.95687,-9.41747],[32.95706,-9.41786],[32.95729,-9.4182],[32.95745,-9.41851],[32.95754,-9.41864]]},"properties":{"id":1034208603,"cls":"track","hw":"track","tg":"none","name":"","ref":"","surface":"","sc":"unknown","speed":null,"lit":"unk","km":0.255}},
{"type":"Feature","geometry":{"type":"LineString","coordinates":[[32.95754,-9.41864],[32.95765,-9.41899],[32.95767,-9.41912],[32.95756,-9.41932]]},"properties":{"id":1034209308,"cls":"track","hw":"track","tg":"none","name":"","ref":"","surface":"","sc":"unknown","speed":null,"lit":"unk","km":0.081}},
{"type":"Feature","geometry":{"type":"LineString","coordinates":[[32.95894,-9.41847],[32.95949,-9.41825],[32.95969,-9.41806],[32.95981,-9.41795],[32.95994,-9.41782],[32.96019,-9.41754],[32.96043,-9.41727],[32.96065,-9.41704],[32.96089,-9.41685],[32.96117,-9.41666],[32.96152,-9.41649],[32.96178,-9.41634],[32.96189,-9.4163],[32.962,-9.41626],[32.96231,-9.4163],[32.96262,-9.41618],[32.96287,-9.41617],[32.96319,-9.41619],[32.96347,-9.41621],[32.96379,-9.41623],[32.96406,-9.41617],[32.96424,-9.41612],[32.96443,-9.41606],[32.96463,-9.41602],[32.96477,-9.41586],[32.96482,-9.41574]]},"properties":{"id":1034209309,"cls":"track","hw":"track","tg":"none","name":"","ref":"","surface":"","sc":"unknown","speed":null,"lit":"unk","km":0.755}},
{"type":"Feature","geometry":{"type":"LineString","coordinates":[[32.94414,-9.41401],[32.9442,-9.41444],[32.94421,-9.4145],[32.94424,-9.41487],[32.94421,-9.41527],[32.94412,-9.41552],[32.94396,-9.41583],[32.94389,-9.41603],[32.94391,-9.41617],[32.94379,-9.41638],[32.94372,-9.4165],[32.94366,-9.41663]]},"properties":{"id":1034210462,"cls":"path","hw":"path","tg":"na","name":"","ref":"","surface":"","sc":"unknown","speed":null,"lit":"unk","km":0.306}},
{"type":"Feature","geometry":{"type":"LineString","coordinates":[[32.94391,-9.41617],[32.94418,-9.41594],[32.94433,-9.41577],[32.94445,-9.41554],[32.9447,-9.41528],[32.94493,-9.41507],[32.94513,-9.41478]]},"properties":{"id":1034210463,"cls":"track","hw":"track","tg":"none","name":"","ref":"","surface":"","sc":"unknown","speed":null,"lit":"unk","km":0.206}},
{"type":"Feature","geometry":{"type":"LineString","coordinates":[[32.94553,-9.41653],[32.94546,-9.41623],[32.94532,-9.41587],[32.94519,-9.4155],[32.94531,-9.41522],[32.94536,-9.41511],[32.94536,-9.415],[32.94539,-9.41485],[32.94541,-9.41479],[32.94544,-9.41473],[32.94546,-9.41468],[32.94556,-9.41441],[32.94556,-9.41432],[32.94533,-9.41454],[32.94513,-9.41478]]},"properties":{"id":1034226554,"cls":"track","hw":"track","tg":"none","name":"","ref":"","surface":"","sc":"unknown","speed":null,"lit":"unk","km":0.329}},
{"type":"Feature","geometry":{"type":"LineString","coordinates":[[32.94556,-9.41432],[32.94564,-9.41422],[32.94567,-9.41419],[32.94574,-9.41413],[32.94579,-9.41406],[32.94585,-9.41397]]},"properties":{"id":1034226555,"cls":"path","hw":"path","tg":"na","name":"","ref":"","surface":"","sc":"unknown","speed":null,"lit":"unk","km":0.051}},
{"type":"Feature","geometry":{"type":"LineString","coordinates":[[32.94567,-9.41419],[32.94567,-9.414],[32.94567,-9.41392],[32.94554,-9.4137]]},"properties":{"id":1034226556,"cls":"path","hw":"path","tg":"na","name":"","ref":"","surface":"","sc":"unknown","speed":null,"lit":"unk","km":0.058}},
{"type":"Feature","geometry":{"type":"LineString","coordinates":[[32.94623,-9.41549],[32.94633,-9.41536],[32.94646,-9.4152],[32.94663,-9.41496],[32.9467,-9.41493],[32.94674,-9.41488],[32.94675,-9.41479],[32.9468,-9.41474],[32.94688,-9.41464],[32.94698,-9.4145],[32.9472,-9.4143]]},"properties":{"id":1034226557,"cls":"track","hw":"track","tg":"none","name":"","ref":"","surface":"","sc":"unknown","speed":null,"lit":"unk","km":0.173}},
{"type":"Feature","geometry":{"type":"LineString","coordinates":[[32.94567,-9.414],[32.94579,-9.41406],[32.946,-9.41416],[32.94613,-9.41424],[32.94633,-9.41436],[32.94652,-9.41449],[32.94659,-9.41457],[32.94671,-9.41468],[32.94672,-9.41469],[32.94675,-9.41479]]},"properties":{"id":1034227476,"cls":"path","hw":"path","tg":"na","name":"","ref":"","surface":"","sc":"unknown","speed":null,"lit":"unk","km":0.151}},
{"type":"Feature","geometry":{"type":"LineString","coordinates":[[32.94544,-9.41473],[32.9455,-9.41479],[32.94563,-9.41483],[32.9458,-9.41484],[32.94595,-9.41485],[32.94603,-9.4149],[32.94607,-9.41495]]},"properties":{"id":1034227478,"cls":"track","hw":"track","tg":"none","name":"","ref":"","surface":"","sc":"unknown","speed":null,"lit":"unk","km":0.077}},
{"type":"Feature","geometry":{"type":"LineString","coordinates":[[32.94632,-9.41477],[32.94644,-9.4148],[32.94651,-9.41484],[32.94658,-9.41487],[32.9467,-9.41493],[32.94672,-9.41494],[32.9468,-9.41506],[32.94696,-9.41519],[32.94709,-9.41526],[32.94721,-9.41531]]},"properties":{"id":1034227668,"cls":"track","hw":"track","tg":"none","name":"","ref":"","surface":"","sc":"unknown","speed":null,"lit":"unk","km":0.117}},
{"type":"Feature","geometry":{"type":"LineString","coordinates":[[32.94607,-9.41495],[32.94617,-9.41511],[32.94627,-9.41527],[32.94633,-9.41536],[32.94647,-9.41554]]},"properties":{"id":1034227669,"cls":"track","hw":"track","tg":"none","name":"","ref":"","surface":"","sc":"unknown","speed":null,"lit":"unk","km":0.079}},
{"type":"Feature","geometry":{"type":"LineString","coordinates":[[32.94721,-9.41531],[32.94732,-9.41548],[32.94742,-9.41579],[32.9475,-9.41598]]},"properties":{"id":1034231202,"cls":"track","hw":"track","tg":"none","name":"","ref":"","surface":"","sc":"unknown","speed":null,"lit":"unk","km":0.081}},
{"type":"Feature","geometry":{"type":"LineString","coordinates":[[32.9472,-9.4143],[32.94728,-9.41418],[32.94729,-9.41416],[32.94737,-9.414],[32.94739,-9.41392],[32.94734,-9.41381]]},"properties":{"id":1034231203,"cls":"track","hw":"track","tg":"none","name":"","ref":"","surface":"","sc":"unknown","speed":null,"lit":"unk","km":0.061}},
{"type":"Feature","geometry":{"type":"LineString","coordinates":[[32.94728,-9.41418],[32.94735,-9.41436],[32.9474,-9.41449],[32.9475,-9.41461],[32.94761,-9.41475],[32.94769,-9.41485],[32.94775,-9.41495],[32.94776,-9.41503],[32.94775,-9.41508],[32.94769,-9.41533],[32.9476,-9.4156],[32.94758,-9.41572],[32.94758,-9.41581],[32.94757,-9.41591]]},"properties":{"id":1034231204,"cls":"path","hw":"path","tg":"na","name":"","ref":"","surface":"","sc":"unknown","speed":null,"lit":"unk","km":0.21}},
{"type":"Feature","geometry":{"type":"LineString","coordinates":[[32.9475,-9.41598],[32.94753,-9.41602],[32.94756,-9.41597],[32.94757,-9.41591]]},"properties":{"id":1034231205,"cls":"track","hw":"track","tg":"none","name":"","ref":"","surface":"","sc":"unknown","speed":null,"lit":"unk","km":0.019}},
{"type":"Feature","geometry":{"type":"LineString","coordinates":[[32.9475,-9.41598],[32.94752,-9.41621],[32.94742,-9.41649],[32.94748,-9.41682],[32.94751,-9.41727],[32.94746,-9.4177],[32.94734,-9.41804],[32.94732,-9.41869],[32.94729,-9.41896],[32.94728,-9.41925],[32.94715,-9.41968]]},"properties":{"id":1034231206,"cls":"path","hw":"path","tg":"na","name":"","ref":"","surface":"","sc":"unknown","speed":null,"lit":"unk","km":0.419}},
{"type":"Feature","geometry":{"type":"LineString","coordinates":[[32.9492,-9.41396],[32.94938,-9.41401],[32.94973,-9.41418],[32.94996,-9.41423],[32.95013,-9.41421],[32.95039,-9.41424],[32.95071,-9.41415],[32.951,-9.41416],[32.95118,-9.41414],[32.95139,-9.41409],[32.95146,-9.41411]]},"properties":{"id":1034231911,"cls":"track","hw":"track","tg":"none","name":"","ref":"","surface":"","sc":"unknown","speed":null,"lit":"unk","km":0.257}},
{"type":"Feature","geometry":{"type":"LineString","coordinates":[[32.95007,-9.41653],[32.95033,-9.41644],[32.95048,-9.41641],[32.95063,-9.41639]]},"properties":{"id":1034231915,"cls":"track","hw":"track","tg":"none","name":"","ref":"","surface":"","sc":"unknown","speed":null,"lit":"unk","km":0.064}},
{"type":"Feature","geometry":{"type":"LineString","coordinates":[[32.94672,-9.41469],[32.9468,-9.41474],[32.94691,-9.41475],[32.94701,-9.41476],[32.94708,-9.4148],[32.94718,-9.41483],[32.94739,-9.41495],[32.94754,-9.41496],[32.94775,-9.41508],[32.94779,-9.4151],[32.9481,-9.41512],[32.94829,-9.41514],[32.94845,-9.41515],[32.94866,-9.41519],[32.94913,-9.41522],[32.94947,-9.41516],[32.94984,-9.41511],[32.95,-9.41511],[32.95031,-9.41507],[32.95062,-9.41508],[32.95075,-9.41509],[32.95085,-9.41511]]},"properties":{"id":1034231916,"cls":"path","hw":"path","tg":"na","name":"","ref":"","surface":"","sc":"unknown","speed":null,"lit":"unk","km":0.467}},
{"type":"Feature","geometry":{"type":"LineString","coordinates":[[32.95277,-9.41412],[32.95293,-9.41426],[32.95323,-9.41446]]},"properties":{"id":1034232935,"cls":"track","hw":"track","tg":"none","name":"","ref":"","surface":"","sc":"unknown","speed":null,"lit":"unk","km":0.063}},
{"type":"Feature","geometry":{"type":"LineString","coordinates":[[32.94739,-9.41392],[32.94748,-9.41395],[32.94764,-9.41399],[32.94777,-9.41406],[32.94797,-9.41412],[32.94832,-9.41416],[32.94852,-9.41418],[32.94871,-9.41417],[32.94893,-9.41421],[32.94912,-9.41427],[32.94932,-9.4143],[32.94948,-9.41432],[32.94956,-9.41436],[32.94961,-9.41445],[32.94966,-9.41453],[32.94972,-9.41459],[32.94982,-9.41475],[32.94986,-9.4149],[32.95,-9.41511],[32.95014,-9.41534],[32.95025,-9.41549],[32.95037,-9.41565],[32.95044,-9.41576],[32.95051,-9.41589],[32.95057,-9.41607],[32.95063,-9.41621],[32.95063,-9.41639],[32.95075,-9.41643],[32.95076,-9.41644],[32.95091,-9.41659],[32.95104,-9.41674],[32.95109,-9.41692],[32.95124,-9.41728],[32.95136,-9.41765],[32.95145,-9.41788],[32.95162,-9.41816]]},"properties":{"id":1034232936,"cls":"path","hw":"path","tg":"na","name":"","ref":"","surface":"","sc":"unknown","speed":null,"lit":"unk","km":0.736}},
{"type":"Feature","geometry":{"type":"LineString","coordinates":[[32.95323,-9.41446],[32.95352,-9.41461],[32.95365,-9.41469],[32.95376,-9.41471],[32.95389,-9.41471],[32.95404,-9.41474],[32.95425,-9.4148],[32.95428,-9.4148],[32.95446,-9.41491],[32.95462,-9.41503],[32.95481,-9.41511],[32.95504,-9.41511]]},"properties":{"id":1034233492,"cls":"track","hw":"track","tg":"none","name":"","ref":"","surface":"","sc":"unknown","speed":null,"lit":"unk","km":0.216}},
{"type":"Feature","geometry":{"type":"LineString","coordinates":[[32.95421,-9.41322],[32.95418,-9.41335],[32.95436,-9.41371],[32.95447,-9.4139],[32.95452,-9.41404],[32.95467,-9.41424],[32.95481,-9.41436],[32.95489,-9.41446],[32.95504,-9.41459]]},"properties":{"id":1034233493,"cls":"track","hw":"track","tg":"none","name":"","ref":"","surface":"","sc":"unknown","speed":null,"lit":"unk","km":0.184}},
{"type":"Feature","geometry":{"type":"LineString","coordinates":[[32.95371,-9.41385],[32.95382,-9.41407],[32.95387,-9.41421],[32.95401,-9.41438],[32.95411,-9.41455],[32.95416,-9.4147],[32.95425,-9.4148]]},"properties":{"id":1034233494,"cls":"path","hw":"path","tg":"na","name":"","ref":"","surface":"","sc":"unknown","speed":null,"lit":"unk","km":0.122}},
{"type":"Feature","geometry":{"type":"LineString","coordinates":[[32.95504,-9.41511],[32.95522,-9.41515],[32.95539,-9.41522],[32.95552,-9.41535],[32.9556,-9.41545],[32.95583,-9.41573],[32.95601,-9.41597],[32.95619,-9.41622],[32.95644,-9.41663]]},"properties":{"id":1034233936,"cls":"track","hw":"track","tg":"none","name":"","ref":"","surface":"","sc":"unknown","speed":null,"lit":"unk","km":0.235}},
{"type":"Feature","geometry":{"type":"LineString","coordinates":[[32.95504,-9.41459],[32.95516,-9.41478],[32.95528,-9.41504],[32.95539,-9.41522]]},"properties":{"id":1034233937,"cls":"track","hw":"track","tg":"none","name":"","ref":"","surface":"","sc":"unknown","speed":null,"lit":"unk","km":0.08}},
{"type":"Feature","geometry":{"type":"LineString","coordinates":[[32.95552,-9.41535],[32.95583,-9.41543],[32.95607,-9.41556],[32.95627,-9.41573],[32.95653,-9.41591],[32.95681,-9.4161],[32.95704,-9.41627],[32.95735,-9.4164],[32.95763,-9.41653],[32.95782,-9.41663],[32.95805,-9.4167],[32.95832,-9.41666]]},"properties":{"id":1034234945,"cls":"path","hw":"path","tg":"na","name":"","ref":"","surface":"","sc":"unknown","speed":null,"lit":"unk","km":0.349}},
{"type":"Feature","geometry":{"type":"LineString","coordinates":[[32.95764,-9.41395],[32.95772,-9.41419],[32.95802,-9.41445],[32.95826,-9.41459],[32.95842,-9.41473],[32.95854,-9.415],[32.9586,-9.4152],[32.95871,-9.41553]]},"properties":{"id":1034234946,"cls":"track","hw":"track","tg":"none","name":"","ref":"","surface":"","sc":"unknown","speed":null,"lit":"unk","km":0.221}},
{"type":"Feature","geometry":{"type":"LineString","coordinates":[[32.95869,-9.41625],[32.95879,-9.41644],[32.95901,-9.41665],[32.95932,-9.41685],[32.95959,-9.41721],[32.95973,-9.4175],[32.95979,-9.41772],[32.95981,-9.41795]]},"properties":{"id":1034234947,"cls":"path","hw":"path","tg":"na","name":"","ref":"","surface":"","sc":"unknown","speed":null,"lit":"unk","km":0.235}},
{"type":"Feature","geometry":{"type":"LineString","coordinates":[[32.95914,-9.41329],[32.95949,-9.41363],[32.95959,-9.41369],[32.95979,-9.41382],[32.96013,-9.41394],[32.96092,-9.41403],[32.96141,-9.41411],[32.96165,-9.41415],[32.96189,-9.41417],[32.96225,-9.41436],[32.96254,-9.41444],[32.96272,-9.41445],[32.96306,-9.4144],[32.96346,-9.41449],[32.96389,-9.41459],[32.96431,-9.41471],[32.96443,-9.41476]]},"properties":{"id":1034235533,"cls":"track","hw":"track","tg":"none","name":"","ref":"","surface":"","sc":"unknown","speed":null,"lit":"unk","km":0.618}},
{"type":"Feature","geometry":{"type":"LineString","coordinates":[[32.95904,-9.4149],[32.95931,-9.41449],[32.95935,-9.41441],[32.95945,-9.41421],[32.95959,-9.41369]]},"properties":{"id":1034235534,"cls":"track","hw":"track","tg":"none","name":"","ref":"","surface":"","sc":"unknown","speed":null,"lit":"unk","km":0.149}},
{"type":"Feature","geometry":{"type":"LineString","coordinates":[[32.95905,-9.41427],[32.95935,-9.41441],[32.96002,-9.41494],[32.96087,-9.41561],[32.96126,-9.41598],[32.96155,-9.41613],[32.96189,-9.4163]]},"properties":{"id":1034235535,"cls":"track","hw":"track","tg":"none","name":"","ref":"","surface":"","sc":"unknown","speed":null,"lit":"unk","km":0.387}},
{"type":"Feature","geometry":{"type":"LineString","coordinates":[[32.94414,-9.41401],[32.9441,-9.41372],[32.94411,-9.41362],[32.94407,-9.41346],[32.94406,-9.41334],[32.94407,-9.41329],[32.94408,-9.41319],[32.94403,-9.41313],[32.94399,-9.41307],[32.94399,-9.41301],[32.94408,-9.41288],[32.94421,-9.4127],[32.94427,-9.41255],[32.94429,-9.4125],[32.94431,-9.41243],[32.94432,-9.41239],[32.94428,-9.41215],[32.94425,-9.41202],[32.94424,-9.41195],[32.94418,-9.41185],[32.94418,-9.41175],[32.94409,-9.41163],[32.94402,-9.41155],[32.94398,-9.41148],[32.94396,-9.41142],[32.94391,-9.41129]]},"properties":{"id":1034407561,"cls":"track","hw":"track","tg":"none","name":"","ref":"","surface":"","sc":"unknown","speed":null,"lit":"unk","km":0.328}},
{"type":"Feature","geometry":{"type":"LineString","coordinates":[[32.94445,-9.41117],[32.9444,-9.41126],[32.9444,-9.41134],[32.94436,-9.41134],[32.94433,-9.41143],[32.94436,-9.41152],[32.9444,-9.41162],[32.94433,-9.41175],[32.94431,-9.41182],[32.94429,-9.41188],[32.94425,-9.41202]]},"properties":{"id":1034407562,"cls":"track","hw":"track","tg":"none","name":"","ref":"","surface":"","sc":"unknown","speed":null,"lit":"unk","km":0.105}},
{"type":"Feature","geometry":{"type":"LineString","coordinates":[[32.94431,-9.41243],[32.94444,-9.41257],[32.94455,-9.41266],[32.94466,-9.41281],[32.94478,-9.41301],[32.94497,-9.41312],[32.94519,-9.41326],[32.94532,-9.41331],[32.94541,-9.41342],[32.94548,-9.41355],[32.94554,-9.4137]]},"properties":{"id":1034407563,"cls":"path","hw":"path","tg":"na","name":"","ref":"","surface":"","sc":"unknown","speed":null,"lit":"unk","km":0.201}},
{"type":"Feature","geometry":{"type":"LineString","coordinates":[[32.9444,-9.41162],[32.94456,-9.4117],[32.9448,-9.41176],[32.94495,-9.4118],[32.94518,-9.41189]]},"properties":{"id":1034407564,"cls":"path","hw":"path","tg":"na","name":"","ref":"","surface":"","sc":"unknown","speed":null,"lit":"unk","km":0.091}},
{"type":"Feature","geometry":{"type":"LineString","coordinates":[[32.94585,-9.41167],[32.94596,-9.41196],[32.94602,-9.41216],[32.94603,-9.4122],[32.94613,-9.41245],[32.94618,-9.41263],[32.94625,-9.41277],[32.94626,-9.41292],[32.94625,-9.41308],[32.9462,-9.41315],[32.94612,-9.41324],[32.94609,-9.4133],[32.94607,-9.41348],[32.94604,-9.41363],[32.946,-9.41377],[32.94591,-9.41385],[32.94589,-9.4139],[32.94585,-9.41397]]},"properties":{"id":1034409050,"cls":"path","hw":"path","tg":"na","name":"","ref":"","surface":"","sc":"unknown","speed":null,"lit":"unk","km":0.277}},
{"type":"Feature","geometry":{"type":"LineString","coordinates":[[32.94625,-9.41308],[32.94628,-9.41319],[32.94631,-9.41326],[32.94645,-9.41331],[32.9466,-9.41336],[32.94675,-9.41338],[32.94677,-9.4134],[32.94685,-9.41344],[32.94695,-9.41347],[32.94704,-9.41358],[32.9471,-9.41368],[32.94713,-9.41373],[32.94718,-9.4138],[32.94728,-9.41384]]},"properties":{"id":1034409051,"cls":"path","hw":"path","tg":"na","name":"","ref":"","surface":"","sc":"unknown","speed":null,"lit":"unk","km":0.152}},
{"type":"Feature","geometry":{"type":"LineString","coordinates":[[32.94604,-9.41363],[32.94619,-9.41361],[32.94637,-9.41355],[32.94653,-9.41354],[32.94667,-9.41344],[32.94677,-9.4134]]},"properties":{"id":1034409052,"cls":"path","hw":"path","tg":"na","name":"","ref":"","surface":"","sc":"unknown","speed":null,"lit":"unk","km":0.086}},
{"type":"Feature","geometry":{"type":"LineString","coordinates":[[32.94625,-9.41308],[32.94632,-9.41299],[32.94637,-9.41287],[32.9464,-9.41265],[32.94644,-9.41249],[32.94647,-9.41239],[32.94645,-9.41215],[32.94651,-9.41201],[32.94652,-9.41179],[32.94653,-9.41153],[32.94665,-9.41128]]},"properties":{"id":1034409054,"cls":"path","hw":"path","tg":"na","name":"","ref":"","surface":"","sc":"unknown","speed":null,"lit":"unk","km":0.209}},
{"type":"Feature","geometry":{"type":"LineString","coordinates":[[32.94626,-9.41127],[32.94633,-9.41153],[32.9464,-9.41177],[32.94643,-9.41194],[32.94645,-9.41215]]},"properties":{"id":1034409055,"cls":"path","hw":"path","tg":"na","name":"","ref":"","surface":"","sc":"unknown","speed":null,"lit":"unk","km":0.1}},
{"type":"Feature","geometry":{"type":"LineString","coordinates":[[32.94665,-9.41128],[32.94677,-9.41102],[32.94693,-9.41133],[32.94705,-9.41159],[32.94726,-9.41188],[32.94742,-9.41209]]},"properties":{"id":1034409056,"cls":"path","hw":"path","tg":"na","name":"","ref":"","surface":"","sc":"unknown","speed":null,"lit":"unk","km":0.171}},
{"type":"Feature","geometry":{"type":"LineString","coordinates":[[32.94518,-9.41189],[32.94554,-9.41201],[32.94582,-9.4121],[32.94602,-9.41216],[32.94624,-9.41217],[32.94645,-9.41215]]},"properties":{"id":1034409057,"cls":"path","hw":"path","tg":"na","name":"","ref":"","surface":"","sc":"unknown","speed":null,"lit":"unk","km":0.144}},
{"type":"Feature","geometry":{"type":"LineString","coordinates":[[32.94445,-9.41117],[32.94453,-9.41111],[32.94455,-9.41109],[32.94465,-9.4111],[32.94479,-9.41109],[32.94491,-9.41111],[32.94496,-9.41112],[32.94513,-9.41118],[32.94535,-9.41133],[32.94542,-9.4114],[32.94575,-9.41156],[32.94585,-9.41167]]},"properties":{"id":1034409058,"cls":"path","hw":"path","tg":"na","name":"","ref":"","surface":"","sc":"unknown","speed":null,"lit":"unk","km":0.176}},
{"type":"Feature","geometry":{"type":"LineString","coordinates":[[32.94771,-9.41251],[32.94773,-9.41275]]},"properties":{"id":1034415336,"cls":"track","hw":"track","tg":"none","name":"","ref":"","surface":"","sc":"unknown","speed":null,"lit":"unk","km":0.027}},
{"type":"Feature","geometry":{"type":"LineString","coordinates":[[32.94758,-9.41262],[32.94747,-9.41277],[32.94734,-9.41296],[32.94729,-9.41306]]},"properties":{"id":1034415337,"cls":"track","hw":"track","tg":"none","name":"","ref":"","surface":"","sc":"unknown","speed":null,"lit":"unk","km":0.058}},
{"type":"Feature","geometry":{"type":"LineString","coordinates":[[32.94745,-9.41332],[32.94753,-9.41335],[32.94761,-9.41339]]},"properties":{"id":1034415338,"cls":"track","hw":"track","tg":"none","name":"","ref":"","surface":"","sc":"unknown","speed":null,"lit":"unk","km":0.019}},
{"type":"Feature","geometry":{"type":"LineString","coordinates":[[32.94758,-9.41262],[32.94762,-9.41268],[32.94765,-9.41285],[32.9477,-9.41301],[32.94774,-9.41316]]},"properties":{"id":1034415339,"cls":"track","hw":"track","tg":"none","name":"","ref":"","surface":"","sc":"unknown","speed":null,"lit":"unk","km":0.063}},
{"type":"Feature","geometry":{"type":"LineString","coordinates":[[32.94758,-9.41262],[32.94756,-9.41254],[32.94753,-9.41231],[32.9475,-9.41226],[32.94742,-9.41209]]},"properties":{"id":1034416251,"cls":"track","hw":"track","tg":"none","name":"","ref":"","surface":"","sc":"unknown","speed":null,"lit":"unk","km":0.062}},
{"type":"Feature","geometry":{"type":"LineString","coordinates":[[32.9475,-9.41226],[32.9475,-9.41187],[32.94751,-9.41162],[32.9475,-9.41147],[32.94746,-9.41112]]},"properties":{"id":1034416252,"cls":"path","hw":"path","tg":"na","name":"","ref":"","surface":"","sc":"unknown","speed":null,"lit":"unk","km":0.127}},
{"type":"Feature","geometry":{"type":"LineString","coordinates":[[32.948,-9.41123],[32.94796,-9.41144],[32.94797,-9.41167],[32.94798,-9.41189],[32.94793,-9.41205],[32.9479,-9.41219]]},"properties":{"id":1034416253,"cls":"path","hw":"path","tg":"na","name":"","ref":"","surface":"","sc":"unknown","speed":null,"lit":"unk","km":0.108}},
{"type":"Feature","geometry":{"type":"LineString","coordinates":[[32.94776,-9.41293],[32.94788,-9.41294],[32.94793,-9.41294],[32.94795,-9.41294],[32.94797,-9.41294],[32.94801,-9.41293],[32.94806,-9.41292],[32.94809,-9.41292],[32.94823,-9.41293],[32.94834,-9.41295],[32.94853,-9.41295],[32.9488,-9.41296],[32.94912,-9.41291]]},"properties":{"id":1034416254,"cls":"track","hw":"track","tg":"none","name":"","ref":"","surface":"","sc":"unknown","speed":null,"lit":"unk","km":0.15}},
{"type":"Feature","geometry":{"type":"LineString","coordinates":[[32.94774,-9.41316],[32.94781,-9.41316],[32.94784,-9.41318],[32.94792,-9.41323],[32.94798,-9.41326],[32.94806,-9.41331],[32.94821,-9.41338],[32.94846,-9.41354],[32.94869,-9.41367],[32.94875,-9.41371],[32.94885,-9.41378],[32.94905,-9.4139],[32.9492,-9.41396]]},"properties":{"id":1034416255,"cls":"track","hw":"track","tg":"none","name":"","ref":"","surface":"","sc":"unknown","speed":null,"lit":"unk","km":0.185}},
{"type":"Feature","geometry":{"type":"LineString","coordinates":[[32.94788,-9.41294],[32.94792,-9.41278],[32.94797,-9.41272],[32.94814,-9.41246],[32.94833,-9.41204],[32.94854,-9.41168],[32.9487,-9.41141],[32.9488,-9.41122],[32.94888,-9.41099]]},"properties":{"id":1034416256,"cls":"path","hw":"path","tg":"na","name":"","ref":"","surface":"","sc":"unknown","speed":null,"lit":"unk","km":0.244}},
{"type":"Feature","geometry":{"type":"LineString","coordinates":[[32.94912,-9.41291],[32.94943,-9.41286],[32.94963,-9.41287],[32.94967,-9.4129],[32.94989,-9.41307],[32.95014,-9.41323],[32.95037,-9.41325],[32.95063,-9.41321],[32.95032,-9.41348],[32.94994,-9.41364],[32.94962,-9.41378],[32.94937,-9.41383],[32.94905,-9.4139]]},"properties":{"id":1034416589,"cls":"track","hw":"track","tg":"none","name":"","ref":"","surface":"","sc":"unknown","speed":null,"lit":"unk","km":0.373}},
{"type":"Feature","geometry":{"type":"LineString","coordinates":[[32.95063,-9.41321],[32.95089,-9.41294],[32.95106,-9.41276],[32.95114,-9.4127],[32.9513,-9.41266],[32.95148,-9.41261],[32.95163,-9.41253],[32.95179,-9.41244],[32.95192,-9.41229],[32.95201,-9.41211],[32.95227,-9.41178],[32.95261,-9.4115],[32.95284,-9.41132],[32.95313,-9.41115]]},"properties":{"id":1034416590,"cls":"path","hw":"path","tg":"na","name":"","ref":"","surface":"","sc":"unknown","speed":null,"lit":"unk","km":0.366}},
{"type":"Feature","geometry":{"type":"LineString","coordinates":[[32.94926,-9.41032],[32.9493,-9.41077],[32.94927,-9.41128],[32.94938,-9.41179],[32.94952,-9.41232],[32.94959,-9.41269],[32.94967,-9.4129]]},"properties":{"id":1034416591,"cls":"path","hw":"path","tg":"na","name":"","ref":"","surface":"","sc":"unknown","speed":null,"lit":"unk","km":0.293}},
{"type":"Feature","geometry":{"type":"LineString","coordinates":[[32.95404,-9.41114],[32.95414,-9.41149],[32.95409,-9.41207],[32.95406,-9.41237],[32.95405,-9.41244],[32.95415,-9.41276],[32.95425,-9.41301],[32.95421,-9.41322]]},"properties":{"id":1034417477,"cls":"track","hw":"track","tg":"none","name":"","ref":"","surface":"","sc":"unknown","speed":null,"lit":"unk","km":0.237}},
{"type":"Feature","geometry":{"type":"LineString","coordinates":[[32.95577,-9.41148],[32.95569,-9.4115],[32.95566,-9.41151],[32.9556,-9.41153],[32.95554,-9.41145]]},"properties":{"id":1034418741,"cls":"track","hw":"track","tg":"none","name":"","ref":"","surface":"","sc":"unknown","speed":null,"lit":"unk","km":0.031}},
{"type":"Feature","geometry":{"type":"LineString","coordinates":[[32.95519,-9.41116],[32.95534,-9.41132],[32.95551,-9.41148]]},"properties":{"id":1034418742,"cls":"service","hw":"service","tg":"na","name":"","ref":"","surface":"","sc":"unknown","speed":null,"lit":"unk","km":0.05}},
{"type":"Feature","geometry":{"type":"LineString","coordinates":[[32.95551,-9.41148],[32.95554,-9.41145],[32.95551,-9.41139],[32.95542,-9.41114],[32.95537,-9.41093],[32.95536,-9.41078]]},"properties":{"id":1034418743,"cls":"track","hw":"track","tg":"none","name":"","ref":"","surface":"","sc":"unknown","speed":null,"lit":"unk","km":0.082}},
{"type":"Feature","geometry":{"type":"LineString","coordinates":[[32.95549,-9.41153],[32.95557,-9.41166],[32.95559,-9.4117],[32.95563,-9.41187],[32.95563,-9.41199],[32.95566,-9.41205],[32.9557,-9.41204],[32.95577,-9.4121],[32.95585,-9.41221],[32.95597,-9.4125]]},"properties":{"id":1034418744,"cls":"path","hw":"path","tg":"na","name":"","ref":"","surface":"","sc":"unknown","speed":null,"lit":"unk","km":0.127}},
{"type":"Feature","geometry":{"type":"LineString","coordinates":[[32.94303,-9.40857],[32.94305,-9.4089],[32.94314,-9.40924],[32.94321,-9.40952],[32.94339,-9.40992],[32.94361,-9.41034],[32.94369,-9.4105],[32.94384,-9.41076],[32.94391,-9.41126],[32.94391,-9.41129]]},"properties":{"id":1034420749,"cls":"track","hw":"track","tg":"none","name":"","ref":"","surface":"","sc":"unknown","speed":null,"lit":"unk","km":0.322}},
{"type":"Feature","geometry":{"type":"LineString","coordinates":[[32.94453,-9.41111],[32.94452,-9.41097],[32.94445,-9.41085],[32.94444,-9.41076],[32.9445,-9.41065],[32.94464,-9.41044],[32.94461,-9.41027],[32.94456,-9.41006],[32.94456,-9.4098],[32.94464,-9.40959],[32.94471,-9.40946],[32.94474,-9.40944],[32.94486,-9.40934],[32.94497,-9.40922]]},"properties":{"id":1034420750,"cls":"track","hw":"track","tg":"none","name":"","ref":"","surface":"","sc":"unknown","speed":null,"lit":"unk","km":0.235}},
{"type":"Feature","geometry":{"type":"LineString","coordinates":[[32.94497,-9.40907],[32.94497,-9.40903],[32.94498,-9.40885],[32.94501,-9.40878],[32.94502,-9.40874],[32.94513,-9.40866],[32.94525,-9.40855]]},"properties":{"id":1034420751,"cls":"path","hw":"path","tg":"na","name":"","ref":"","surface":"","sc":"unknown","speed":null,"lit":"unk","km":0.07}},
{"type":"Feature","geometry":{"type":"LineString","coordinates":[[32.94497,-9.40903],[32.94519,-9.40918],[32.94536,-9.40936]]},"properties":{"id":1034420752,"cls":"path","hw":"path","tg":"na","name":"","ref":"","surface":"","sc":"unknown","speed":null,"lit":"unk","km":0.057}},
{"type":"Feature","geometry":{"type":"LineString","coordinates":[[32.94361,-9.41034],[32.94365,-9.41023],[32.94381,-9.41006],[32.94394,-9.40989],[32.94401,-9.40982],[32.94406,-9.40967],[32.94406,-9.40956],[32.94401,-9.40948],[32.944,-9.4094],[32.94411,-9.40924],[32.94431,-9.40911],[32.9444,-9.40906],[32.9446,-9.40892],[32.94471,-9.40884],[32.94472,-9.40881],[32.94473,-9.40879],[32.94484,-9.40872],[32.94494,-9.40863],[32.94501,-9.40856],[32.94505,-9.40854],[32.94525,-9.40855]]},"properties":{"id":1034421499,"cls":"path","hw":"path","tg":"na","name":"","ref":"","surface":"","sc":"unknown","speed":null,"lit":"unk","km":0.297}},
{"type":"Feature","geometry":{"type":"LineString","coordinates":[[32.94391,-9.41126],[32.94399,-9.41108],[32.9441,-9.41099],[32.94422,-9.41097],[32.94429,-9.41096],[32.94436,-9.4109],[32.94444,-9.41076]]},"properties":{"id":1034421500,"cls":"track","hw":"track","tg":"none","name":"","ref":"","surface":"","sc":"unknown","speed":null,"lit":"unk","km":0.087}},
{"type":"Feature","geometry":{"type":"LineString","coordinates":[[32.94392,-9.40857],[32.94397,-9.40872],[32.94405,-9.40878],[32.94411,-9.40888],[32.94418,-9.40901],[32.94431,-9.40911],[32.94437,-9.40919],[32.94449,-9.40931],[32.94463,-9.40938],[32.94474,-9.40944],[32.94494,-9.40955],[32.94515,-9.40967]]},"properties":{"id":1034421697,"cls":"track","hw":"track","tg":"none","name":"","ref":"","surface":"","sc":"unknown","speed":null,"lit":"unk","km":0.189}},
{"type":"Feature","geometry":{"type":"LineString","coordinates":[[32.94536,-9.40936],[32.94546,-9.40947],[32.94556,-9.40952],[32.94568,-9.40957],[32.94575,-9.40966],[32.94579,-9.40979],[32.94579,-9.40988],[32.94583,-9.40993],[32.94592,-9.40995],[32.94607,-9.41002],[32.94618,-9.41016],[32.94631,-9.41022],[32.94642,-9.41033],[32.94651,-9.41053],[32.94669,-9.41087],[32.94677,-9.41102]]},"properties":{"id":1034422751,"cls":"path","hw":"path","tg":"na","name":"","ref":"","surface":"","sc":"unknown","speed":null,"lit":"unk","km":0.255}},
{"type":"Feature","geometry":{"type":"LineString","coordinates":[[32.94677,-9.41102],[32.94689,-9.41078],[32.94698,-9.41045],[32.94705,-9.41023],[32.94718,-9.41006]]},"properties":{"id":1034422752,"cls":"path","hw":"path","tg":"na","name":"","ref":"","surface":"","sc":"unknown","speed":null,"lit":"unk","km":0.117}},
{"type":"Feature","geometry":{"type":"LineString","coordinates":[[32.94626,-9.41127],[32.94619,-9.41102],[32.94612,-9.41066],[32.94614,-9.41049],[32.94617,-9.41032],[32.94618,-9.41016]]},"properties":{"id":1034422753,"cls":"path","hw":"path","tg":"na","name":"","ref":"","surface":"","sc":"unknown","speed":null,"lit":"unk","km":0.126}},
{"type":"Feature","geometry":{"type":"LineString","coordinates":[[32.94718,-9.41006],[32.94727,-9.40974],[32.94746,-9.40913],[32.94747,-9.40901],[32.94748,-9.40879],[32.94752,-9.40869],[32.94768,-9.40831],[32.94779,-9.40802]]},"properties":{"id":1034426887,"cls":"path","hw":"path","tg":"na","name":"","ref":"","surface":"","sc":"unknown","speed":null,"lit":"unk","km":0.238}},
{"type":"Feature","geometry":{"type":"LineString","coordinates":[[32.94746,-9.41112],[32.94738,-9.41075],[32.94725,-9.41043],[32.94718,-9.41006]]},"properties":{"id":1034426888,"cls":"path","hw":"path","tg":"na","name":"","ref":"","surface":"","sc":"unknown","speed":null,"lit":"unk","km":0.122}},
{"type":"Feature","geometry":{"type":"LineString","coordinates":[[32.948,-9.41123],[32.94805,-9.41086],[32.94807,-9.41073],[32.94799,-9.41038],[32.94789,-9.41015],[32.94775,-9.40959],[32.94759,-9.40926],[32.94747,-9.40901]]},"properties":{"id":1034426889,"cls":"path","hw":"path","tg":"na","name":"","ref":"","surface":"","sc":"unknown","speed":null,"lit":"unk","km":0.259}},
{"type":"Feature","geometry":{"type":"LineString","coordinates":[[32.94934,-9.41003],[32.94935,-9.40959],[32.94936,-9.40914],[32.94938,-9.40906],[32.94939,-9.40898],[32.94962,-9.40873],[32.94981,-9.40861],[32.95032,-9.40842]]},"properties":{"id":1034427861,"cls":"path","hw":"path","tg":"na","name":"","ref":"","surface":"","sc":"unknown","speed":null,"lit":"unk","km":0.239}},
{"type":"Feature","geometry":{"type":"LineString","coordinates":[[32.9536,-9.40812],[32.95366,-9.40889],[32.95359,-9.40933],[32.95364,-9.40958],[32.95369,-9.41004],[32.95379,-9.41051],[32.95382,-9.41062],[32.95404,-9.41114]]},"properties":{"id":1034431599,"cls":"path","hw":"path","tg":"na","name":"","ref":"","surface":"","sc":"unknown","speed":null,"lit":"unk","km":0.344}},
{"type":"Feature","geometry":{"type":"LineString","coordinates":[[32.95313,-9.41115],[32.95336,-9.41098],[32.95355,-9.41075],[32.95373,-9.41056],[32.95379,-9.41051]]},"properties":{"id":1034431600,"cls":"path","hw":"path","tg":"na","name":"","ref":"","surface":"","sc":"unknown","speed":null,"lit":"unk","km":0.102}},
{"type":"Feature","geometry":{"type":"LineString","coordinates":[[32.95507,-9.41097],[32.95517,-9.41088],[32.95513,-9.41081],[32.95515,-9.41077],[32.95525,-9.41071],[32.95537,-9.41064]]},"properties":{"id":1034432714,"cls":"service","hw":"service","tg":"na","name":"","ref":"","surface":"","sc":"unknown","speed":null,"lit":"unk","km":0.057}},
{"type":"Feature","geometry":{"type":"LineString","coordinates":[[32.9549,-9.41072],[32.95502,-9.41085],[32.95503,-9.41093],[32.95507,-9.41097],[32.95507,-9.41101],[32.95519,-9.41116]]},"properties":{"id":1034432715,"cls":"service","hw":"service","tg":"na","name":"","ref":"","surface":"","sc":"unknown","speed":null,"lit":"unk","km":0.06}},
{"type":"Feature","geometry":{"type":"LineString","coordinates":[[32.95768,-9.40802],[32.95749,-9.40818],[32.95717,-9.40848],[32.95688,-9.40863],[32.95685,-9.40868],[32.9568,-9.40875],[32.95666,-9.40916],[32.95659,-9.40926],[32.95659,-9.40948],[32.95627,-9.40989],[32.95598,-9.41034],[32.95577,-9.41049],[32.95571,-9.41053],[32.95555,-9.41061]]},"properties":{"id":1034432901,"cls":"path","hw":"path","tg":"na","name":"","ref":"","surface":"","sc":"unknown","speed":null,"lit":"unk","km":0.387}},
{"type":"Feature","geometry":{"type":"LineString","coordinates":[[32.95571,-9.41053],[32.95593,-9.41055],[32.95627,-9.41064],[32.95681,-9.41083],[32.95695,-9.41088],[32.95707,-9.41092]]},"properties":{"id":1034432902,"cls":"path","hw":"path","tg":"na","name":"","ref":"","surface":"","sc":"unknown","speed":null,"lit":"unk","km":0.156}},
{"type":"Feature","geometry":{"type":"LineString","coordinates":[[32.95747,-9.4079],[32.95716,-9.40797],[32.9566,-9.40816],[32.95641,-9.40826],[32.9563,-9.40834]]},"properties":{"id":1034434175,"cls":"track","hw":"track","tg":"none","name":"","ref":"","surface":"","sc":"unknown","speed":null,"lit":"unk","km":0.138}},
{"type":"Feature","geometry":{"type":"LineString","coordinates":[[32.95907,-9.40964],[32.95921,-9.4095],[32.95932,-9.40937],[32.95938,-9.40931]]},"properties":{"id":1034434596,"cls":"track","hw":"track","tg":"none","name":"","ref":"","surface":"","sc":"unknown","speed":null,"lit":"unk","km":0.05}},
{"type":"Feature","geometry":{"type":"LineString","coordinates":[[32.94383,-9.40848],[32.94408,-9.4085],[32.94426,-9.40856],[32.94447,-9.4086],[32.94464,-9.4086],[32.94476,-9.40858]]},"properties":{"id":1034521262,"cls":"path","hw":"path","tg":"na","name":"","ref":"","surface":"","sc":"unknown","speed":null,"lit":"unk","km":0.104}},
{"type":"Feature","geometry":{"type":"LineString","coordinates":[[32.94548,-9.40629],[32.94574,-9.4067],[32.94589,-9.4071],[32.94595,-9.40743]]},"properties":{"id":1034522226,"cls":"path","hw":"path","tg":"na","name":"","ref":"","surface":"","sc":"unknown","speed":null,"lit":"unk","km":0.138}},
{"type":"Feature","geometry":{"type":"LineString","coordinates":[[32.94595,-9.40743],[32.94639,-9.4078],[32.9468,-9.40811],[32.94621,-9.40821],[32.94576,-9.40841],[32.94549,-9.40846],[32.94525,-9.40855]]},"properties":{"id":1034522227,"cls":"path","hw":"path","tg":"na","name":"","ref":"","surface":"","sc":"unknown","speed":null,"lit":"unk","km":0.298}},
{"type":"Feature","geometry":{"type":"LineString","coordinates":[[32.94549,-9.40846],[32.94574,-9.4085],[32.94594,-9.40856],[32.9461,-9.40861],[32.94626,-9.40863],[32.94643,-9.40863],[32.94667,-9.40859],[32.94681,-9.40855],[32.94696,-9.40851],[32.94705,-9.40854],[32.94712,-9.40855],[32.94725,-9.40851]]},"properties":{"id":1034522228,"cls":"path","hw":"path","tg":"na","name":"","ref":"","surface":"","sc":"unknown","speed":null,"lit":"unk","km":0.198}},
{"type":"Feature","geometry":{"type":"LineString","coordinates":[[32.9468,-9.40811],[32.94696,-9.40811],[32.94716,-9.40806]]},"properties":{"id":1034522229,"cls":"path","hw":"path","tg":"na","name":"","ref":"","surface":"","sc":"unknown","speed":null,"lit":"unk","km":0.04}},
{"type":"Feature","geometry":{"type":"LineString","coordinates":[[32.94302,-9.40368],[32.94412,-9.40454],[32.94531,-9.40551],[32.94647,-9.40649],[32.94696,-9.40694],[32.94752,-9.40758]]},"properties":{"id":1034522230,"cls":"path","hw":"path","tg":"na","name":"","ref":"","surface":"","sc":"unknown","speed":null,"lit":"unk","km":0.658}},
{"type":"Feature","geometry":{"type":"LineString","coordinates":[[32.94934,-9.40453],[32.94927,-9.40489],[32.94923,-9.40519],[32.94915,-9.40541],[32.94906,-9.4055],[32.94898,-9.40559],[32.9489,-9.40582]]},"properties":{"id":1034523850,"cls":"path","hw":"path","tg":"na","name":"","ref":"","surface":"","sc":"unknown","speed":null,"lit":"unk","km":0.155}},
{"type":"Feature","geometry":{"type":"LineString","coordinates":[[32.9489,-9.40582],[32.94887,-9.40596],[32.94881,-9.40612],[32.94881,-9.40617],[32.94879,-9.40629],[32.94878,-9.40638],[32.94873,-9.40648],[32.94861,-9.40656],[32.94858,-9.40671],[32.94845,-9.40687],[32.94827,-9.40705],[32.94812,-9.40723],[32.94796,-9.40749],[32.94787,-9.4077],[32.94782,-9.40788],[32.9478,-9.40795],[32.94779,-9.40802]]},"properties":{"id":1034523851,"cls":"path","hw":"path","tg":"na","name":"","ref":"","surface":"","sc":"unknown","speed":null,"lit":"unk","km":0.282}},
{"type":"Feature","geometry":{"type":"LineString","coordinates":[[32.94752,-9.40758],[32.94764,-9.40766],[32.94773,-9.4077],[32.94782,-9.40788]]},"properties":{"id":1034523852,"cls":"path","hw":"path","tg":"na","name":"","ref":"","surface":"","sc":"unknown","speed":null,"lit":"unk","km":0.049}},
{"type":"Feature","geometry":{"type":"LineString","coordinates":[[32.94716,-9.40806],[32.9472,-9.40807],[32.94727,-9.40811],[32.94734,-9.40815],[32.9474,-9.40818],[32.94746,-9.40819],[32.94753,-9.40817],[32.94754,-9.40816],[32.94762,-9.40812],[32.94771,-9.40805],[32.9478,-9.40795]]},"properties":{"id":1034523853,"cls":"path","hw":"path","tg":"na","name":"","ref":"","surface":"","sc":"unknown","speed":null,"lit":"unk","km":0.083}},
{"type":"Feature","geometry":{"type":"LineString","coordinates":[[32.94754,-9.40816],[32.94749,-9.40829],[32.94745,-9.40837],[32.94738,-9.40843],[32.94725,-9.40851]]},"properties":{"id":1034523854,"cls":"path","hw":"path","tg":"na","name":"","ref":"","surface":"","sc":"unknown","speed":null,"lit":"unk","km":0.052}},
{"type":"Feature","geometry":{"type":"LineString","coordinates":[[32.94782,-9.40788],[32.94798,-9.40804],[32.94826,-9.40819],[32.94851,-9.40832],[32.94863,-9.40839],[32.9488,-9.40848],[32.949,-9.40861],[32.94914,-9.4087],[32.94938,-9.40906]]},"properties":{"id":1034523855,"cls":"path","hw":"path","tg":"na","name":"","ref":"","surface":"","sc":"unknown","speed":null,"lit":"unk","km":0.22}},
{"type":"Feature","geometry":{"type":"LineString","coordinates":[[32.95032,-9.40842],[32.95061,-9.40829],[32.95118,-9.40803],[32.95143,-9.4079],[32.9516,-9.40781],[32.95172,-9.40767],[32.95185,-9.40752],[32.95183,-9.40741],[32.95192,-9.40716],[32.95207,-9.40707],[32.95226,-9.40698],[32.95256,-9.40688],[32.95263,-9.4068],[32.95286,-9.4067]]},"properties":{"id":1034524349,"cls":"path","hw":"path","tg":"na","name":"","ref":"","surface":"","sc":"unknown","speed":null,"lit":"unk","km":0.357}},
{"type":"Feature","geometry":{"type":"LineString","coordinates":[[32.94945,-9.40838],[32.94946,-9.40815],[32.94946,-9.40786],[32.94942,-9.40765],[32.94943,-9.40747],[32.9495,-9.40727],[32.94951,-9.40702],[32.94949,-9.40684],[32.94945,-9.4067],[32.94946,-9.40658],[32.94947,-9.40648],[32.94943,-9.40634],[32.94931,-9.40617],[32.94924,-9.40606],[32.94917,-9.40596],[32.94911,-9.40586],[32.94908,-9.40571],[32.94906,-9.4055]]},"properties":{"id":1034524350,"cls":"track","hw":"track","tg":"none","name":"","ref":"","surface":"","sc":"unknown","speed":null,"lit":"unk","km":0.334}},
{"type":"Feature","geometry":{"type":"LineString","coordinates":[[32.94993,-9.40427],[32.94996,-9.40429],[32.95002,-9.40431],[32.95008,-9.40431]]},"properties":{"id":1034525020,"cls":"track","hw":"track","tg":"none","name":"","ref":"","surface":"","sc":"unknown","speed":null,"lit":"unk","km":0.018}},
{"type":"Feature","geometry":{"type":"LineString","coordinates":[[32.9494,-9.40392],[32.94937,-9.404],[32.94937,-9.40406],[32.94936,-9.40412],[32.94935,-9.40429],[32.94936,-9.40446],[32.94934,-9.40453]]},"properties":{"id":1034525021,"cls":"track","hw":"track","tg":"none","name":"","ref":"","surface":"","sc":"unknown","speed":null,"lit":"unk","km":0.069}},
{"type":"Feature","geometry":{"type":"LineString","coordinates":[[32.94993,-9.40427],[32.95001,-9.40422],[32.95013,-9.40416],[32.95016,-9.40423],[32.95022,-9.40432]]},"properties":{"id":1034525022,"cls":"track","hw":"track","tg":"none","name":"","ref":"","surface":"","sc":"unknown","speed":null,"lit":"unk","km":0.046}},
{"type":"Feature","geometry":{"type":"LineString","coordinates":[[32.95013,-9.40416],[32.9501,-9.40393],[32.95009,-9.40373],[32.95007,-9.40358],[32.95006,-9.40353],[32.94979,-9.40341],[32.94962,-9.40329],[32.94952,-9.40327],[32.94936,-9.4032],[32.94922,-9.40318],[32.94891,-9.40322],[32.9488,-9.40324]]},"properties":{"id":1034526563,"cls":"track","hw":"track","tg":"none","name":"","ref":"","surface":"","sc":"unknown","speed":null,"lit":"unk","km":0.218}},
{"type":"Feature","geometry":{"type":"LineString","coordinates":[[32.95349,-9.40732],[32.9536,-9.40731],[32.95376,-9.40729]]},"properties":{"id":1034527436,"cls":"track","hw":"track","tg":"none","name":"","ref":"","surface":"","sc":"unknown","speed":null,"lit":"unk","km":0.03}},
{"type":"Feature","geometry":{"type":"LineString","coordinates":[[32.95408,-9.40769],[32.95411,-9.40776],[32.95412,-9.40783],[32.95411,-9.40797],[32.95417,-9.40814],[32.9542,-9.40829],[32.95425,-9.40842]]},"properties":{"id":1034527437,"cls":"track","hw":"track","tg":"none","name":"","ref":"","surface":"","sc":"unknown","speed":null,"lit":"unk","km":0.084}},
{"type":"Feature","geometry":{"type":"LineString","coordinates":[[32.95185,-9.40752],[32.95211,-9.40754],[32.95243,-9.4078],[32.95264,-9.40794],[32.95282,-9.408],[32.95308,-9.408],[32.95338,-9.40795],[32.95351,-9.40795],[32.9536,-9.40792]]},"properties":{"id":1034527438,"cls":"path","hw":"path","tg":"na","name":"","ref":"","surface":"","sc":"unknown","speed":null,"lit":"unk","km":0.209}},
{"type":"Feature","geometry":{"type":"LineString","coordinates":[[32.95298,-9.40641],[32.95298,-9.40631],[32.95294,-9.40619],[32.95296,-9.4061],[32.95298,-9.40599],[32.95298,-9.40592],[32.95293,-9.40581],[32.9529,-9.40566],[32.95285,-9.40542],[32.95281,-9.40518],[32.95273,-9.40489],[32.95265,-9.40463],[32.95257,-9.40446],[32.95235,-9.40423],[32.95223,-9.40406],[32.95195,-9.40385],[32.95182,-9.40351],[32.95168,-9.4029],[32.95164,-9.40238],[32.95145,-9.40195],[32.95126,-9.40155]]},"properties":{"id":1034528360,"cls":"track","hw":"track","tg":"none","name":"","ref":"","surface":"","sc":"unknown","speed":null,"lit":"unk","km":0.591}},
{"type":"Feature","geometry":{"type":"LineString","coordinates":[[32.95119,-9.4009],[32.95122,-9.40097],[32.95117,-9.40116],[32.95113,-9.40123],[32.95114,-9.40128],[32.95118,-9.40133]]},"properties":{"id":1034528974,"cls":"track","hw":"track","tg":"none","name":"","ref":"","surface":"","sc":"unknown","speed":null,"lit":"unk","km":0.052}},
{"type":"Feature","geometry":{"type":"LineString","coordinates":[[32.9539,-9.40524],[32.95396,-9.40536],[32.95403,-9.40545],[32.95422,-9.40548],[32.95445,-9.40553]]},"properties":{"id":1034530006,"cls":"track","hw":"track","tg":"none","name":"","ref":"","surface":"","sc":"unknown","speed":null,"lit":"unk","km":0.074}},
{"type":"Feature","geometry":{"type":"LineString","coordinates":[[32.95445,-9.40553],[32.95443,-9.40528],[32.9544,-9.40508],[32.95438,-9.40487],[32.95434,-9.40464]]},"properties":{"id":1034530007,"cls":"track","hw":"track","tg":"none","name":"","ref":"","surface":"","sc":"unknown","speed":null,"lit":"unk","km":0.1}},
{"type":"Feature","geometry":{"type":"LineString","coordinates":[[32.95624,-9.40821],[32.95619,-9.40804],[32.95619,-9.40799],[32.95621,-9.40791],[32.95624,-9.40786],[32.9563,-9.40785],[32.95638,-9.40769]]},"properties":{"id":1034530515,"cls":"unclassified","hw":"unclassified","tg":"na","name":"","ref":"","surface":"","sc":"unknown","speed":null,"lit":"unk","km":0.067}},
{"type":"Feature","geometry":{"type":"LineString","coordinates":[[32.95605,-9.40761],[32.95615,-9.40778],[32.95624,-9.40786]]},"properties":{"id":1034530516,"cls":"track","hw":"track","tg":"none","name":"","ref":"","surface":"","sc":"unknown","speed":null,"lit":"unk","km":0.035}},
{"type":"Feature","geometry":{"type":"LineString","coordinates":[[32.95557,-9.40664],[32.95567,-9.40646],[32.95588,-9.40619],[32.95602,-9.40596],[32.95611,-9.40587],[32.95622,-9.40575],[32.95624,-9.40571],[32.95628,-9.40562],[32.95637,-9.40545],[32.95657,-9.40524],[32.95673,-9.40503],[32.95698,-9.40478],[32.95715,-9.40459],[32.95727,-9.40429],[32.95748,-9.404],[32.95761,-9.40376],[32.9578,-9.40352],[32.95776,-9.40317],[32.95773,-9.40291],[32.95771,-9.40261]]},"properties":{"id":1034531045,"cls":"track","hw":"track","tg":"none","name":"","ref":"","surface":"","sc":"unknown","speed":null,"lit":"unk","km":0.53}},
{"type":"Feature","geometry":{"type":"LineString","coordinates":[[32.9566,-9.40637],[32.95639,-9.40609],[32.95624,-9.40586],[32.95624,-9.40571]]},"properties":{"id":1034531046,"cls":"track","hw":"track","tg":"none","name":"","ref":"","surface":"","sc":"unknown","speed":null,"lit":"unk","km":0.086}},
{"type":"Feature","geometry":{"type":"LineString","coordinates":[[32.95938,-9.40931],[32.95975,-9.40884],[32.96008,-9.40839],[32.96023,-9.40805],[32.96034,-9.40763],[32.96042,-9.40712],[32.96056,-9.40682],[32.9606,-9.40658],[32.96072,-9.40631],[32.96116,-9.40586],[32.96161,-9.40557],[32.96195,-9.40526],[32.9622,-9.40503],[32.96244,-9.40483],[32.96255,-9.40457],[32.96267,-9.40429]]},"properties":{"id":1034531776,"cls":"track","hw":"track","tg":"none","name":"","ref":"","surface":"","sc":"unknown","speed":null,"lit":"unk","km":0.688}},
{"type":"Feature","geometry":{"type":"LineString","coordinates":[[32.96173,-9.48454],[32.96155,-9.48477],[32.96149,-9.4848],[32.96143,-9.48489],[32.96142,-9.48496],[32.96141,-9.48511],[32.96143,-9.48518],[32.96157,-9.48542],[32.9616,-9.48549],[32.96173,-9.48575]]},"properties":{"id":1037872367,"cls":"unclassified","hw":"unclassified","tg":"na","name":"","ref":"","surface":"","sc":"unknown","speed":null,"lit":"unk","km":0.156}},
{"type":"Feature","geometry":{"type":"LineString","coordinates":[[32.96173,-9.48575],[32.96181,-9.48591],[32.96185,-9.48594],[32.96189,-9.48594],[32.96204,-9.48599]]},"properties":{"id":1037872368,"cls":"service","hw":"service","tg":"na","name":"","ref":"","surface":"","sc":"unknown","speed":null,"lit":"unk","km":0.047}},
{"type":"Feature","geometry":{"type":"LineString","coordinates":[[32.96529,-9.48509],[32.9652,-9.48493],[32.96511,-9.48481],[32.96501,-9.48472]]},"properties":{"id":1037872373,"cls":"track","hw":"track","tg":"none","name":"","ref":"","surface":"","sc":"unknown","speed":null,"lit":"unk","km":0.052}},
{"type":"Feature","geometry":{"type":"LineString","coordinates":[[32.96391,-9.48732],[32.96398,-9.48728],[32.96445,-9.48697],[32.96463,-9.48687],[32.96476,-9.48681]]},"properties":{"id":1037872374,"cls":"track","hw":"track","tg":"none","name":"","ref":"","surface":"","sc":"unknown","speed":null,"lit":"unk","km":0.109}},
{"type":"Feature","geometry":{"type":"LineString","coordinates":[[32.96203,-9.48566],[32.96204,-9.48581],[32.96204,-9.48599],[32.96203,-9.48628],[32.96201,-9.48634],[32.96198,-9.4864],[32.96198,-9.48644],[32.962,-9.48647],[32.96192,-9.48657],[32.96192,-9.48661],[32.96193,-9.48667],[32.96199,-9.48683],[32.962,-9.48689],[32.96198,-9.48708],[32.96195,-9.48722],[32.96192,-9.48728],[32.96186,-9.48733],[32.96184,-9.48736],[32.96182,-9.48747],[32.9618,-9.48751],[32.96177,-9.48755],[32.96175,-9.48761],[32.96174,-9.48774],[32.96175,-9.4878],[32.96178,-9.48785],[32.9618,-9.48788],[32.96182,-9.4879],[32.96195,-9.4879],[32.962,-9.4879],[32.96204,-9.4879],[32.96219,-9.48798],[32.96225,-9.488],[32.96232,-9.48799],[32.96235,-9.488],[32.96249,-9.48805],[32.96251,-9.48805],[32.96257,-9.48805],[32.9626,-9.48806],[32.96267,-9.4881],[32.96272,-9.48813]]},"properties":{"id":1037872380,"cls":"track","hw":"track","tg":"none","name":"","ref":"","surface":"","sc":"unknown","speed":null,"lit":"unk","km":0.37}},
{"type":"Feature","geometry":{"type":"LineString","coordinates":[[32.96791,-9.48394],[32.96781,-9.48412],[32.96769,-9.48424],[32.96763,-9.48438],[32.96762,-9.48443],[32.96754,-9.48455],[32.96742,-9.48467],[32.96736,-9.4848],[32.96732,-9.48494],[32.96728,-9.48503]]},"properties":{"id":1037872381,"cls":"track","hw":"track","tg":"none","name":"","ref":"","surface":"","sc":"unknown","speed":null,"lit":"unk","km":0.142}},
{"type":"Feature","geometry":{"type":"LineString","coordinates":[[32.96272,-9.48813],[32.96288,-9.488],[32.9631,-9.48784],[32.96319,-9.48779],[32.96355,-9.48753],[32.96372,-9.48743],[32.96378,-9.4874],[32.96391,-9.48732]]},"properties":{"id":1037872382,"cls":"track","hw":"track","tg":"none","name":"","ref":"","surface":"","sc":"unknown","speed":null,"lit":"unk","km":0.159}},
{"type":"Feature","geometry":{"type":"LineString","coordinates":[[32.95938,-9.48971],[32.95944,-9.4898],[32.9595,-9.48985],[32.95957,-9.48991]]},"properties":{"id":1037872385,"cls":"track","hw":"track","tg":"none","name":"","ref":"","surface":"","sc":"unknown","speed":null,"lit":"unk","km":0.031}},
{"type":"Feature","geometry":{"type":"LineString","coordinates":[[32.95845,-9.49038],[32.95847,-9.49025],[32.95848,-9.49023],[32.95855,-9.49022],[32.95857,-9.49021],[32.95859,-9.49016],[32.95861,-9.49012],[32.95863,-9.4901],[32.95886,-9.49001],[32.95896,-9.48999],[32.959,-9.48996],[32.95903,-9.48993],[32.95908,-9.48991],[32.95915,-9.48983],[32.95922,-9.48978],[32.95938,-9.48971]]},"properties":{"id":1037872386,"cls":"track","hw":"track","tg":"none","name":"","ref":"","surface":"","sc":"unknown","speed":null,"lit":"unk","km":0.136}},
{"type":"Feature","geometry":{"type":"LineString","coordinates":[[32.95737,-9.49144],[32.95741,-9.49155],[32.95741,-9.49158],[32.95739,-9.49164],[32.95737,-9.49181],[32.95739,-9.49189],[32.95741,-9.49193],[32.95745,-9.49199],[32.95747,-9.49204],[32.95748,-9.49226]]},"properties":{"id":1037872389,"cls":"path","hw":"path","tg":"na","name":"","ref":"","surface":"","sc":"unknown","speed":null,"lit":"unk","km":0.095}},
{"type":"Feature","geometry":{"type":"LineString","coordinates":[[32.95464,-9.48872],[32.95466,-9.48859],[32.9547,-9.48828],[32.95471,-9.48804],[32.95471,-9.48786]]},"properties":{"id":1037872432,"cls":"track","hw":"track","tg":"none","name":"","ref":"","surface":"","sc":"unknown","speed":null,"lit":"unk","km":0.096}},
{"type":"Feature","geometry":{"type":"LineString","coordinates":[[32.95214,-9.49268],[32.95217,-9.49266],[32.95225,-9.49244],[32.95226,-9.49233],[32.95228,-9.49213],[32.95229,-9.49204],[32.95232,-9.49193],[32.95232,-9.49188],[32.95235,-9.49176],[32.95236,-9.4917],[32.95235,-9.49158],[32.95236,-9.49152],[32.9524,-9.4914],[32.95242,-9.49116],[32.95245,-9.4911],[32.95249,-9.49101],[32.95253,-9.49043],[32.95256,-9.49037],[32.95264,-9.49016],[32.95267,-9.49001],[32.9527,-9.48995],[32.95281,-9.48983],[32.95284,-9.48975],[32.95299,-9.48945],[32.95309,-9.48934],[32.95326,-9.48917],[32.95332,-9.48914],[32.95335,-9.4891],[32.95356,-9.48862],[32.95361,-9.48857],[32.95367,-9.48852],[32.95376,-9.48834],[32.95386,-9.48817],[32.95391,-9.48813],[32.95399,-9.48805],[32.95406,-9.48796]]},"properties":{"id":1037872433,"cls":"track","hw":"track","tg":"none","name":"","ref":"","surface":"","sc":"unknown","speed":null,"lit":"unk","km":0.586}},
{"type":"Feature","geometry":{"type":"LineString","coordinates":[[32.9517,-9.48984],[32.95175,-9.4897],[32.95175,-9.48962],[32.95173,-9.48952],[32.95154,-9.48913]]},"properties":{"id":1037872434,"cls":"track","hw":"track","tg":"none","name":"","ref":"","surface":"","sc":"unknown","speed":null,"lit":"unk","km":0.085}},
{"type":"Feature","geometry":{"type":"LineString","coordinates":[[32.95154,-9.48913],[32.95133,-9.48883],[32.95119,-9.48854],[32.95111,-9.48835],[32.95103,-9.48813],[32.95102,-9.48802],[32.95103,-9.48786]]},"properties":{"id":1037872435,"cls":"track","hw":"track","tg":"none","name":"","ref":"","surface":"","sc":"unknown","speed":null,"lit":"unk","km":0.155}},
{"type":"Feature","geometry":{"type":"LineString","coordinates":[[32.95103,-9.48965],[32.95109,-9.48967],[32.95111,-9.48967],[32.95124,-9.48966],[32.95128,-9.48967],[32.95138,-9.4897],[32.95149,-9.48974],[32.95161,-9.48981],[32.9517,-9.48984]]},"properties":{"id":1037872436,"cls":"track","hw":"track","tg":"none","name":"","ref":"","surface":"","sc":"unknown","speed":null,"lit":"unk","km":0.078}},
{"type":"Feature","geometry":{"type":"LineString","coordinates":[[32.97753,-9.48258],[32.97767,-9.48236],[32.97787,-9.4821],[32.97805,-9.48187]]},"properties":{"id":1039255368,"cls":"track","hw":"track","tg":"none","name":"","ref":"","surface":"","sc":"unknown","speed":null,"lit":"unk","km":0.097}},
{"type":"Feature","geometry":{"type":"LineString","coordinates":[[32.97701,-9.48608],[32.97692,-9.48605],[32.9767,-9.48594],[32.97663,-9.48594],[32.97657,-9.48596],[32.97649,-9.48596],[32.97648,-9.48592],[32.97643,-9.48587]]},"properties":{"id":1039255369,"cls":"track","hw":"track","tg":"none","name":"","ref":"","surface":"","sc":"unknown","speed":null,"lit":"unk","km":0.073}},
{"type":"Feature","geometry":{"type":"LineString","coordinates":[[32.98158,-9.48426],[32.98152,-9.48444]]},"properties":{"id":1039255370,"cls":"path","hw":"path","tg":"na","name":"","ref":"","surface":"","sc":"unknown","speed":null,"lit":"unk","km":0.021}},
{"type":"Feature","geometry":{"type":"LineString","coordinates":[[32.95255,-9.48741],[32.95269,-9.48746],[32.95278,-9.4875]]},"properties":{"id":1039255384,"cls":"track","hw":"track","tg":"none","name":"","ref":"","surface":"","sc":"unknown","speed":null,"lit":"unk","km":0.027}},
{"type":"Feature","geometry":{"type":"LineString","coordinates":[[32.95666,-9.48373],[32.9566,-9.48378],[32.95657,-9.48385],[32.95654,-9.48395],[32.95644,-9.48411],[32.9563,-9.48424],[32.95627,-9.48427],[32.95609,-9.48461],[32.95606,-9.48465],[32.95606,-9.48478],[32.95607,-9.48505]]},"properties":{"id":1039255387,"cls":"track","hw":"track","tg":"none","name":"","ref":"","surface":"","sc":"unknown","speed":null,"lit":"unk","km":0.168}},
{"type":"Feature","geometry":{"type":"LineString","coordinates":[[32.95516,-9.48705],[32.95516,-9.48716],[32.95519,-9.48725],[32.95521,-9.48729],[32.95529,-9.48739],[32.95541,-9.48755],[32.95547,-9.48764],[32.95552,-9.48776]]},"properties":{"id":1039255388,"cls":"track","hw":"track","tg":"none","name":"","ref":"","surface":"","sc":"unknown","speed":null,"lit":"unk","km":0.09}},
{"type":"Feature","geometry":{"type":"LineString","coordinates":[[32.95571,-9.48201],[32.95566,-9.48208],[32.95566,-9.48212],[32.95569,-9.48216]]},"properties":{"id":1039255389,"cls":"service","hw":"service","tg":"na","name":"","ref":"","surface":"","sc":"unknown","speed":null,"lit":"unk","km":0.02}},
{"type":"Feature","geometry":{"type":"LineString","coordinates":[[32.96116,-9.48492],[32.96095,-9.48462],[32.96093,-9.48461],[32.96089,-9.4846]]},"properties":{"id":1039255390,"cls":"path","hw":"path","tg":"na","name":"","ref":"","surface":"","sc":"unknown","speed":null,"lit":"unk","km":0.048}},
{"type":"Feature","geometry":{"type":"LineString","coordinates":[[32.96143,-9.48489],[32.96132,-9.48493],[32.96124,-9.48494],[32.96116,-9.48492],[32.961,-9.48491],[32.9609,-9.48493],[32.9608,-9.48502],[32.96065,-9.48516],[32.96056,-9.4853]]},"properties":{"id":1039255391,"cls":"residential","hw":"residential","tg":"na","name":"","ref":"","surface":"","sc":"unknown","speed":null,"lit":"unk","km":0.115}},
{"type":"Feature","geometry":{"type":"LineString","coordinates":[[32.95676,-9.48193],[32.95663,-9.48217],[32.95659,-9.4822],[32.95655,-9.48223],[32.9565,-9.4823],[32.95647,-9.48237]]},"properties":{"id":1039255393,"cls":"residential","hw":"residential","tg":"na","name":"","ref":"","surface":"","sc":"unknown","speed":null,"lit":"unk","km":0.059}},
{"type":"Feature","geometry":{"type":"LineString","coordinates":[[32.97328,-9.48331],[32.97317,-9.48348],[32.97299,-9.4836],[32.97275,-9.4837]]},"properties":{"id":1039255399,"cls":"unclassified","hw":"unclassified","tg":"na","name":"","ref":"","surface":"","sc":"unknown","speed":null,"lit":"unk","km":0.075}},
{"type":"Feature","geometry":{"type":"LineString","coordinates":[[32.97354,-9.48376],[32.97347,-9.48363],[32.97343,-9.48352]]},"properties":{"id":1039255402,"cls":"unclassified","hw":"unclassified","tg":"na","name":"","ref":"","surface":"","sc":"unknown","speed":null,"lit":"unk","km":0.029}},
{"type":"Feature","geometry":{"type":"LineString","coordinates":[[32.96728,-9.48503],[32.96723,-9.48515],[32.96722,-9.48519],[32.96711,-9.48533],[32.96707,-9.48543],[32.96702,-9.4855]]},"properties":{"id":1039255404,"cls":"path","hw":"path","tg":"na","name":"","ref":"","surface":"","sc":"unknown","speed":null,"lit":"unk","km":0.06}},
{"type":"Feature","geometry":{"type":"LineString","coordinates":[[32.97346,-9.48104],[32.97356,-9.48072],[32.97363,-9.48045],[32.97365,-9.48044]]},"properties":{"id":1039492341,"cls":"unclassified","hw":"unclassified","tg":"na","name":"","ref":"","surface":"","sc":"unknown","speed":null,"lit":"unk","km":0.071}},
{"type":"Feature","geometry":{"type":"LineString","coordinates":[[32.97572,-9.4817],[32.97565,-9.4818],[32.9756,-9.48185],[32.97555,-9.48194],[32.97551,-9.48203],[32.97549,-9.4821],[32.97549,-9.48216],[32.97547,-9.48222],[32.97543,-9.48227],[32.9754,-9.48233],[32.97539,-9.48238],[32.97537,-9.48244],[32.97537,-9.48252],[32.97534,-9.48257]]},"properties":{"id":1039492342,"cls":"path","hw":"path","tg":"na","name":"","ref":"","surface":"","sc":"unknown","speed":null,"lit":"unk","km":0.108}},
{"type":"Feature","geometry":{"type":"LineString","coordinates":[[32.97717,-9.4767],[32.97767,-9.47644],[32.97785,-9.47643],[32.97807,-9.47632],[32.97817,-9.47625],[32.97833,-9.47624]]},"properties":{"id":1039492345,"cls":"path","hw":"path","tg":"na","name":"","ref":"","surface":"","sc":"unknown","speed":null,"lit":"unk","km":0.14}},
{"type":"Feature","geometry":{"type":"LineString","coordinates":[[32.98154,-9.48445],[32.98142,-9.48464],[32.98136,-9.48478],[32.98134,-9.48486],[32.98133,-9.48512],[32.98132,-9.48519],[32.98129,-9.48526]]},"properties":{"id":1039492347,"cls":"path","hw":"path","tg":"na","name":"","ref":"","surface":"","sc":"unknown","speed":null,"lit":"unk","km":0.096}},
{"type":"Feature","geometry":{"type":"LineString","coordinates":[[32.96208,-9.46889],[32.96193,-9.46908]]},"properties":{"id":1039492369,"cls":"service","hw":"service","tg":"na","name":"","ref":"","surface":"","sc":"unknown","speed":null,"lit":"unk","km":0.027}},
{"type":"Feature","geometry":{"type":"LineString","coordinates":[[32.952,-9.4777],[32.95201,-9.47775],[32.95203,-9.47793],[32.95203,-9.47814],[32.95202,-9.47837],[32.95199,-9.47853],[32.95198,-9.47865],[32.95197,-9.4787],[32.95197,-9.4788],[32.95201,-9.47894],[32.95205,-9.47902],[32.95205,-9.4791],[32.9521,-9.47922],[32.95225,-9.4795],[32.95231,-9.4796],[32.95239,-9.47976],[32.95266,-9.48017],[32.95275,-9.48031],[32.95296,-9.48067],[32.95316,-9.48092],[32.95333,-9.48113],[32.95366,-9.48143],[32.95381,-9.48152],[32.95391,-9.48156],[32.95418,-9.48164]]},"properties":{"id":1039492382,"cls":"unclassified","hw":"unclassified","tg":"na","name":"","ref":"","surface":"unpaved","sc":"unpaved","speed":null,"lit":"unk","km":0.536}},
{"type":"Feature","geometry":{"type":"LineString","coordinates":[[32.98938,-9.48837],[32.9895,-9.48848]]},"properties":{"id":1040100316,"cls":"path","hw":"path","tg":"na","name":"","ref":"","surface":"","sc":"unknown","speed":null,"lit":"unk","km":0.018}},
{"type":"Feature","geometry":{"type":"LineString","coordinates":[[32.98936,-9.48847],[32.9895,-9.48848]]},"properties":{"id":1040100317,"cls":"track","hw":"track","tg":"none","name":"","ref":"","surface":"","sc":"unknown","speed":null,"lit":"unk","km":0.015}},
{"type":"Feature","geometry":{"type":"LineString","coordinates":[[32.98964,-9.48804],[32.98938,-9.48837],[32.98936,-9.48847]]},"properties":{"id":1040100318,"cls":"path","hw":"path","tg":"na","name":"","ref":"","surface":"","sc":"unknown","speed":null,"lit":"unk","km":0.058}},
{"type":"Feature","geometry":{"type":"LineString","coordinates":[[32.98224,-9.48613],[32.98215,-9.48603],[32.98206,-9.48598],[32.98201,-9.48596],[32.98192,-9.48592],[32.98186,-9.48587],[32.98179,-9.48582],[32.98159,-9.48575],[32.98142,-9.48572],[32.98138,-9.48572],[32.98134,-9.48574],[32.98131,-9.48574],[32.98123,-9.48572],[32.98113,-9.48575],[32.98106,-9.4858],[32.98094,-9.48583]]},"properties":{"id":1040100319,"cls":"path","hw":"path","tg":"na","name":"","ref":"","surface":"","sc":"unknown","speed":null,"lit":"unk","km":0.159}},
{"type":"Feature","geometry":{"type":"LineString","coordinates":[[32.98178,-9.48451],[32.98164,-9.48434],[32.98158,-9.48426]]},"properties":{"id":1040100320,"cls":"path","hw":"path","tg":"na","name":"","ref":"","surface":"","sc":"unknown","speed":null,"lit":"unk","km":0.035}},
{"type":"Feature","geometry":{"type":"LineString","coordinates":[[32.98975,-9.48776],[32.98987,-9.48778],[32.98987,-9.48788],[32.98981,-9.48797],[32.98982,-9.488],[32.9899,-9.48808],[32.98997,-9.48834],[32.99001,-9.48851],[32.99007,-9.4886],[32.9901,-9.4887],[32.99014,-9.48901]]},"properties":{"id":1040100321,"cls":"path","hw":"path","tg":"na","name":"","ref":"","surface":"","sc":"unknown","speed":null,"lit":"unk","km":0.16}},
{"type":"Feature","geometry":{"type":"LineString","coordinates":[[32.94894,-9.43036],[32.94912,-9.43038]]},"properties":{"id":1046012490,"cls":"path","hw":"path","tg":"na","name":"","ref":"","surface":"","sc":"unknown","speed":null,"lit":"unk","km":0.02}},
{"type":"Feature","geometry":{"type":"LineString","coordinates":[[32.94874,-9.43032],[32.94875,-9.43039],[32.94882,-9.43045],[32.94891,-9.43051],[32.94892,-9.43039],[32.94894,-9.43036]]},"properties":{"id":1046012491,"cls":"path","hw":"path","tg":"na","name":"","ref":"","surface":"","sc":"unknown","speed":null,"lit":"unk","km":0.047}},
{"type":"Feature","geometry":{"type":"LineString","coordinates":[[32.94856,-9.43019],[32.94858,-9.43019],[32.94864,-9.43024],[32.94874,-9.43032]]},"properties":{"id":1046012492,"cls":"path","hw":"path","tg":"na","name":"","ref":"","surface":"","sc":"unknown","speed":null,"lit":"unk","km":0.025}},
{"type":"Feature","geometry":{"type":"LineString","coordinates":[[32.93965,-9.43351],[32.93985,-9.43368],[32.94013,-9.43393],[32.94034,-9.43417],[32.94055,-9.43431]]},"properties":{"id":1046012525,"cls":"residential","hw":"residential","tg":"na","name":"","ref":"","surface":"","sc":"unknown","speed":null,"lit":"unk","km":0.133}},
{"type":"Feature","geometry":{"type":"LineString","coordinates":[[32.94101,-9.43229],[32.94085,-9.43244],[32.94067,-9.4326],[32.94051,-9.43274],[32.94042,-9.43279],[32.94032,-9.43287],[32.94025,-9.43297],[32.94013,-9.4331],[32.93965,-9.43351]]},"properties":{"id":1046012526,"cls":"residential","hw":"residential","tg":"na","name":"","ref":"","surface":"","sc":"unknown","speed":null,"lit":"unk","km":0.202}},
{"type":"Feature","geometry":{"type":"LineString","coordinates":[[32.94032,-9.43287],[32.94032,-9.43273],[32.9403,-9.43254],[32.94029,-9.43252],[32.9402,-9.43249],[32.94009,-9.43247]]},"properties":{"id":1046012527,"cls":"service","hw":"service","tg":"na","name":"","ref":"","surface":"","sc":"unknown","speed":null,"lit":"unk","km":0.062}},
{"type":"Feature","geometry":{"type":"LineString","coordinates":[[32.94313,-9.42475],[32.94308,-9.4248],[32.94301,-9.42491]]},"properties":{"id":1046012552,"cls":"path","hw":"path","tg":"na","name":"","ref":"","surface":"unpaved","sc":"unpaved","speed":null,"lit":"unk","km":0.022}},
{"type":"Feature","geometry":{"type":"LineString","coordinates":[[32.95746,-9.42561],[32.95749,-9.42574],[32.9575,-9.42587],[32.9575,-9.426]]},"properties":{"id":1046012553,"cls":"track","hw":"track","tg":"none","name":"","ref":"","surface":"","sc":"unknown","speed":null,"lit":"unk","km":0.044}},
{"type":"Feature","geometry":{"type":"LineString","coordinates":[[32.95707,-9.42547],[32.95715,-9.42538],[32.95721,-9.42531],[32.95722,-9.42519]]},"properties":{"id":1046012554,"cls":"path","hw":"path","tg":"na","name":"","ref":"","surface":"","sc":"unknown","speed":null,"lit":"unk","km":0.037}},
{"type":"Feature","geometry":{"type":"LineString","coordinates":[[32.94884,-9.42444],[32.94909,-9.42447],[32.94927,-9.42455],[32.94951,-9.42468],[32.94971,-9.42473],[32.95005,-9.42479],[32.95034,-9.42484],[32.95158,-9.42508],[32.95169,-9.42511],[32.95183,-9.42515],[32.95199,-9.42515],[32.95205,-9.42514],[32.95215,-9.4251],[32.95221,-9.42507],[32.95237,-9.42498],[32.95277,-9.42478],[32.95304,-9.42467],[32.95327,-9.42462],[32.95352,-9.42458],[32.95358,-9.42458],[32.95363,-9.42458],[32.95371,-9.4246],[32.95379,-9.42462],[32.95401,-9.42465],[32.95416,-9.42466],[32.95426,-9.42466],[32.9543,-9.42467],[32.95478,-9.42477],[32.95521,-9.42487],[32.95524,-9.42487],[32.95563,-9.42495],[32.95606,-9.42507]]},"properties":{"id":1046012564,"cls":"unclassified","hw":"unclassified","tg":"na","name":"","ref":"","surface":"unpaved","sc":"unpaved","speed":null,"lit":"unk","km":0.823}},
{"type":"Feature","geometry":{"type":"LineString","coordinates":[[32.95005,-9.42479],[32.95009,-9.42436]]},"properties":{"id":1046012565,"cls":"track","hw":"track","tg":"none","name":"","ref":"","surface":"","sc":"unknown","speed":null,"lit":"unk","km":0.048}},
{"type":"Feature","geometry":{"type":"LineString","coordinates":[[32.95551,-9.41148],[32.95549,-9.41153],[32.95544,-9.41157],[32.95531,-9.4116],[32.95497,-9.41168]]},"properties":{"id":1046012569,"cls":"unclassified","hw":"unclassified","tg":"na","name":"","ref":"","surface":"","sc":"unknown","speed":null,"lit":"unk","km":0.066}},
{"type":"Feature","geometry":{"type":"LineString","coordinates":[[32.95536,-9.41078],[32.95527,-9.41097],[32.95519,-9.41116],[32.95497,-9.41168]]},"properties":{"id":1046012570,"cls":"track","hw":"track","tg":"none","name":"","ref":"","surface":"","sc":"unknown","speed":null,"lit":"unk","km":0.109}},
{"type":"Feature","geometry":{"type":"LineString","coordinates":[[32.9551,-9.40718],[32.95506,-9.40722],[32.955,-9.40725],[32.95489,-9.40732],[32.95482,-9.40737],[32.95468,-9.40746],[32.95455,-9.40753],[32.95443,-9.40757],[32.95414,-9.40767],[32.95408,-9.40769],[32.95385,-9.40775],[32.95368,-9.40776]]},"properties":{"id":1046012571,"cls":"track","hw":"track","tg":"none","name":"","ref":"","surface":"","sc":"unknown","speed":null,"lit":"unk","km":0.171}},
{"type":"Feature","geometry":{"type":"LineString","coordinates":[[32.95768,-9.40802],[32.95747,-9.4079],[32.95725,-9.40778],[32.95706,-9.40772],[32.95696,-9.4077],[32.95653,-9.40769],[32.95638,-9.40769],[32.95605,-9.40761],[32.9559,-9.40753],[32.95571,-9.40745],[32.9556,-9.40738],[32.95533,-9.40722],[32.95528,-9.40719],[32.9551,-9.40718]]},"properties":{"id":1046012576,"cls":"track","hw":"track","tg":"none","name":"","ref":"","surface":"","sc":"unknown","speed":null,"lit":"unk","km":0.305}},
{"type":"Feature","geometry":{"type":"LineString","coordinates":[[32.95064,-9.43171],[32.95066,-9.43187],[32.95073,-9.43234],[32.9508,-9.43275],[32.95082,-9.43284],[32.95082,-9.43292]]},"properties":{"id":1046378129,"cls":"track","hw":"track","tg":"none","name":"","ref":"","surface":"","sc":"unknown","speed":null,"lit":"unk","km":0.136}},
{"type":"Feature","geometry":{"type":"LineString","coordinates":[[32.94147,-9.44945],[32.94181,-9.44941],[32.94196,-9.4494],[32.94208,-9.44941],[32.94244,-9.44959],[32.94297,-9.44997],[32.94337,-9.45024],[32.94349,-9.45029],[32.9436,-9.45029],[32.94377,-9.45032],[32.94389,-9.45037],[32.94399,-9.45045],[32.9441,-9.4505],[32.94425,-9.45052],[32.9445,-9.45053],[32.94499,-9.45056]]},"properties":{"id":1046378148,"cls":"residential","hw":"residential","tg":"na","name":"","ref":"","surface":"unpaved","sc":"unpaved","speed":null,"lit":"unk","km":0.421}},
{"type":"Feature","geometry":{"type":"LineString","coordinates":[[32.94134,-9.44941],[32.94147,-9.44945]]},"properties":{"id":1046378149,"cls":"residential","hw":"residential","tg":"na","name":"","ref":"","surface":"unpaved","sc":"unpaved","speed":null,"lit":"unk","km":0.015}},
{"type":"Feature","geometry":{"type":"LineString","coordinates":[[32.95,-9.46169],[32.95082,-9.46159],[32.95097,-9.46153],[32.95108,-9.46145],[32.95113,-9.46143],[32.9512,-9.46143],[32.95123,-9.46141],[32.95133,-9.46133],[32.95142,-9.46131],[32.9515,-9.46128],[32.95183,-9.46125],[32.95187,-9.46122],[32.95209,-9.46109],[32.95225,-9.46091],[32.95229,-9.46086],[32.95231,-9.46075],[32.95234,-9.46068],[32.95238,-9.46057],[32.95242,-9.46046]]},"properties":{"id":1046378175,"cls":"path","hw":"path","tg":"na","name":"","ref":"","surface":"unpaved","sc":"unpaved","speed":null,"lit":"unk","km":0.325}},
{"type":"Feature","geometry":{"type":"LineString","coordinates":[[32.95533,-9.4635],[32.95531,-9.46362],[32.95525,-9.46366],[32.95519,-9.46373],[32.95515,-9.46386],[32.95515,-9.46404],[32.9551,-9.46421],[32.95511,-9.4643],[32.95512,-9.46438],[32.95509,-9.46451],[32.95502,-9.46468]]},"properties":{"id":1046378176,"cls":"path","hw":"path","tg":"na","name":"","ref":"","surface":"unpaved","sc":"unpaved","speed":null,"lit":"unk","km":0.141}},
{"type":"Feature","geometry":{"type":"LineString","coordinates":[[32.95051,-9.45885],[32.95041,-9.45879],[32.95032,-9.45871],[32.95031,-9.45869],[32.95025,-9.45861],[32.95019,-9.45852],[32.95011,-9.45843],[32.95004,-9.45838],[32.94997,-9.45833],[32.94985,-9.45829]]},"properties":{"id":1046378179,"cls":"unclassified","hw":"unclassified","tg":"na","name":"","ref":"","surface":"unpaved","sc":"unpaved","speed":null,"lit":"unk","km":0.098}},
{"type":"Feature","geometry":{"type":"LineString","coordinates":[[32.94968,-9.45894],[32.94974,-9.45895],[32.94978,-9.45893],[32.94992,-9.45889],[32.95,-9.45891],[32.95015,-9.45889],[32.95034,-9.4589],[32.95051,-9.45885]]},"properties":{"id":1046378180,"cls":"path","hw":"path","tg":"na","name":"","ref":"","surface":"unpaved","sc":"unpaved","speed":null,"lit":"unk","km":0.094}},
{"type":"Feature","geometry":{"type":"LineString","coordinates":[[32.95214,-9.41886],[32.95235,-9.41935]]},"properties":{"id":1056313057,"cls":"track","hw":"track","tg":"none","name":"","ref":"","surface":"","sc":"unknown","speed":null,"lit":"unk","km":0.059}},
{"type":"Feature","geometry":{"type":"LineString","coordinates":[[32.95574,-9.42828],[32.95573,-9.42802],[32.95575,-9.42778],[32.95566,-9.42751],[32.95557,-9.42733]]},"properties":{"id":1056500314,"cls":"path","hw":"path","tg":"na","name":"","ref":"","surface":"","sc":"unknown","speed":null,"lit":"unk","km":0.11}},
{"type":"Feature","geometry":{"type":"LineString","coordinates":[[32.9562,-9.42734],[32.95606,-9.42751],[32.95596,-9.42768],[32.95587,-9.4278],[32.95577,-9.42794],[32.95573,-9.42802],[32.9557,-9.42806],[32.95557,-9.42823],[32.95546,-9.42838],[32.95543,-9.42842],[32.9554,-9.42845]]},"properties":{"id":1056500315,"cls":"path","hw":"path","tg":"na","name":"","ref":"","surface":"unpaved","sc":"unpaved","speed":null,"lit":"unk","km":0.152}},
{"type":"Feature","geometry":{"type":"LineString","coordinates":[[32.95562,-9.42517],[32.95563,-9.42495]]},"properties":{"id":1056500316,"cls":"track","hw":"track","tg":"none","name":"","ref":"","surface":"","sc":"unknown","speed":null,"lit":"unk","km":0.024}},
{"type":"Feature","geometry":{"type":"LineString","coordinates":[[32.95524,-9.42487],[32.95515,-9.42505],[32.9551,-9.42516],[32.95508,-9.4253]]},"properties":{"id":1056500317,"cls":"unclassified","hw":"unclassified","tg":"na","name":"","ref":"","surface":"","sc":"unknown","speed":null,"lit":"unk","km":0.051}},
{"type":"Feature","geometry":{"type":"LineString","coordinates":[[32.95494,-9.42371],[32.95477,-9.42395],[32.95472,-9.42399],[32.9543,-9.42467]]},"properties":{"id":1056762960,"cls":"unclassified","hw":"unclassified","tg":"na","name":"","ref":"","surface":"","sc":"unknown","speed":null,"lit":"unk","km":0.128}},
{"type":"Feature","geometry":{"type":"LineString","coordinates":[[32.9527,-9.40648],[32.95298,-9.40641],[32.95302,-9.4064],[32.95316,-9.40639],[32.95325,-9.40638],[32.95332,-9.40636],[32.95344,-9.40636],[32.95352,-9.40636],[32.95363,-9.40632],[32.95374,-9.40628]]},"properties":{"id":1056786778,"cls":"track","hw":"track","tg":"none","name":"","ref":"","surface":"","sc":"unknown","speed":null,"lit":"unk","km":0.117}},
{"type":"Feature","geometry":{"type":"LineString","coordinates":[[32.94288,-9.41854],[32.94303,-9.41871],[32.94317,-9.41871]]},"properties":{"id":1056787392,"cls":"path","hw":"path","tg":"na","name":"","ref":"","surface":"","sc":"unknown","speed":null,"lit":"unk","km":0.04}},
{"type":"Feature","geometry":{"type":"LineString","coordinates":[[32.95494,-9.42371],[32.95507,-9.42379],[32.95519,-9.42391],[32.95528,-9.42402],[32.9553,-9.42407],[32.95529,-9.42415],[32.95527,-9.42429],[32.95525,-9.42455],[32.95526,-9.42469],[32.95524,-9.42487]]},"properties":{"id":1057149004,"cls":"track","hw":"track","tg":"none","name":"","ref":"","surface":"","sc":"unknown","speed":null,"lit":"unk","km":0.147}},
{"type":"Feature","geometry":{"type":"LineString","coordinates":[[32.94939,-9.40898],[32.94945,-9.40865],[32.94945,-9.40838]]},"properties":{"id":1057750586,"cls":"path","hw":"path","tg":"na","name":"","ref":"","surface":"","sc":"unknown","speed":null,"lit":"unk","km":0.067}},
{"type":"Feature","geometry":{"type":"LineString","coordinates":[[32.9478,-9.42535],[32.94764,-9.42544],[32.94754,-9.42531]]},"properties":{"id":1058040383,"cls":"service","hw":"service","tg":"na","name":"","ref":"","surface":"","sc":"unknown","speed":null,"lit":"unk","km":0.038}},
{"type":"Feature","geometry":{"type":"LineString","coordinates":[[32.94456,-9.42319],[32.94453,-9.42337],[32.9445,-9.42349],[32.9445,-9.4236],[32.94451,-9.4237],[32.9445,-9.42378],[32.94447,-9.42381]]},"properties":{"id":1058040820,"cls":"service","hw":"service","tg":"na","name":"","ref":"","surface":"","sc":"unknown","speed":null,"lit":"unk","km":0.071}},
{"type":"Feature","geometry":{"type":"LineString","coordinates":[[32.9456,-9.42693],[32.94575,-9.42682],[32.94617,-9.42654],[32.94603,-9.42641],[32.94595,-9.42625]]},"properties":{"id":1058040821,"cls":"service","hw":"service","tg":"na","name":"","ref":"","surface":"","sc":"unknown","speed":null,"lit":"unk","km":0.117}},
{"type":"Feature","geometry":{"type":"LineString","coordinates":[[32.97704,-9.45848],[32.97728,-9.45834],[32.97733,-9.4583],[32.97741,-9.45822],[32.97747,-9.45817],[32.97762,-9.45807],[32.97768,-9.45804],[32.97776,-9.45798],[32.97783,-9.45786],[32.97791,-9.45775],[32.97799,-9.45763],[32.97806,-9.45753],[32.9781,-9.45743],[32.97816,-9.45738],[32.97823,-9.45728],[32.97827,-9.45718],[32.97828,-9.45716],[32.9783,-9.45712],[32.97831,-9.45711],[32.97835,-9.45705]]},"properties":{"id":1059712111,"cls":"path","hw":"path","tg":"na","name":"","ref":"","surface":"","sc":"unknown","speed":null,"lit":"unk","km":0.22}},
{"type":"Feature","geometry":{"type":"LineString","coordinates":[[32.97508,-9.45937],[32.97539,-9.45923],[32.97564,-9.4591],[32.97579,-9.45899],[32.97594,-9.4589],[32.97609,-9.45881],[32.97616,-9.45872],[32.97625,-9.4586],[32.97633,-9.45851],[32.97642,-9.45849],[32.97654,-9.45844]]},"properties":{"id":1059712112,"cls":"path","hw":"path","tg":"na","name":"","ref":"","surface":"","sc":"unknown","speed":null,"lit":"unk","km":0.194}},
{"type":"Feature","geometry":{"type":"LineString","coordinates":[[32.97654,-9.45844],[32.97668,-9.45852]]},"properties":{"id":1059712113,"cls":"path","hw":"path","tg":"na","name":"","ref":"","surface":"","sc":"unknown","speed":null,"lit":"unk","km":0.018}},
{"type":"Feature","geometry":{"type":"LineString","coordinates":[[32.97731,-9.45694],[32.97731,-9.457],[32.97727,-9.45708],[32.97723,-9.45716],[32.9772,-9.45721],[32.97715,-9.45726],[32.97706,-9.45738],[32.97696,-9.45745],[32.97692,-9.45753],[32.97684,-9.45765],[32.97679,-9.45772],[32.97673,-9.45777],[32.97671,-9.45781],[32.97664,-9.45793],[32.97662,-9.45802],[32.97662,-9.45805],[32.9766,-9.45817],[32.97659,-9.45825],[32.97654,-9.45838],[32.97654,-9.45844]]},"properties":{"id":1059712117,"cls":"path","hw":"path","tg":"na","name":"","ref":"","surface":"","sc":"unknown","speed":null,"lit":"unk","km":0.193}},
{"type":"Feature","geometry":{"type":"LineString","coordinates":[[32.97579,-9.45899],[32.97566,-9.45893],[32.97544,-9.45887],[32.97524,-9.45879],[32.97503,-9.45867],[32.97487,-9.45857],[32.97472,-9.45848],[32.97455,-9.45839],[32.97438,-9.45831],[32.97424,-9.45827],[32.97409,-9.45822],[32.9739,-9.45811],[32.97382,-9.45797],[32.97377,-9.4579],[32.97371,-9.45778],[32.97365,-9.45772],[32.97365,-9.45768]]},"properties":{"id":1059712119,"cls":"path","hw":"path","tg":"na","name":"","ref":"","surface":"","sc":"unknown","speed":null,"lit":"unk","km":0.287}},
{"type":"Feature","geometry":{"type":"LineString","coordinates":[[32.97446,-9.45695],[32.97457,-9.45688],[32.9746,-9.45685],[32.97464,-9.45683],[32.97472,-9.45677],[32.97482,-9.45669],[32.97488,-9.45659],[32.97497,-9.45646],[32.97502,-9.45638],[32.97507,-9.45632],[32.97515,-9.45625],[32.9752,-9.45619],[32.97529,-9.45614],[32.97541,-9.45609],[32.97548,-9.45604]]},"properties":{"id":1059712123,"cls":"path","hw":"path","tg":"na","name":"","ref":"","surface":"","sc":"unknown","speed":null,"lit":"unk","km":0.154}},
{"type":"Feature","geometry":{"type":"LineString","coordinates":[[32.97446,-9.45695],[32.97438,-9.45701],[32.97436,-9.45708],[32.97434,-9.45719],[32.97434,-9.45731],[32.97433,-9.45743],[32.97429,-9.45752],[32.97422,-9.45759],[32.97414,-9.45762],[32.97404,-9.45763],[32.97386,-9.45766],[32.97365,-9.45768],[32.97346,-9.45764],[32.97263,-9.45759],[32.97245,-9.45759]]},"properties":{"id":1059712125,"cls":"unclassified","hw":"unclassified","tg":"na","name":"","ref":"","surface":"unpaved","sc":"unpaved","speed":null,"lit":"unk","km":0.276}},
{"type":"Feature","geometry":{"type":"LineString","coordinates":[[32.97263,-9.46069],[32.97263,-9.46059],[32.97261,-9.4604],[32.97257,-9.4602],[32.97256,-9.46017],[32.97254,-9.46006],[32.9725,-9.45998],[32.97246,-9.45984],[32.97243,-9.45969],[32.97239,-9.45957],[32.97235,-9.45946],[32.97229,-9.45929],[32.97222,-9.45911],[32.97217,-9.45894],[32.97209,-9.45878],[32.97205,-9.45859],[32.97204,-9.45844],[32.97198,-9.45823],[32.97193,-9.45804],[32.97185,-9.45794],[32.9718,-9.45787],[32.97178,-9.45783],[32.97166,-9.45777],[32.97155,-9.45754],[32.97149,-9.45743],[32.97141,-9.4573]]},"properties":{"id":1059712126,"cls":"path","hw":"path","tg":"na","name":"","ref":"","surface":"","sc":"unknown","speed":null,"lit":"unk","km":0.409}},
{"type":"Feature","geometry":{"type":"LineString","coordinates":[[32.97064,-9.45819],[32.97066,-9.4581],[32.9707,-9.45808],[32.97078,-9.45797],[32.97089,-9.45784],[32.97096,-9.45777],[32.97103,-9.45768],[32.97108,-9.45757],[32.97112,-9.45751],[32.97119,-9.45739],[32.97124,-9.45729],[32.97132,-9.45723],[32.97133,-9.45721]]},"properties":{"id":1059712128,"cls":"path","hw":"path","tg":"na","name":"","ref":"","surface":"","sc":"unknown","speed":null,"lit":"unk","km":0.135}},
{"type":"Feature","geometry":{"type":"LineString","coordinates":[[32.97227,-9.45759],[32.97195,-9.45752],[32.97171,-9.45743],[32.97141,-9.4573],[32.97133,-9.45721],[32.97114,-9.45718],[32.97099,-9.45713],[32.97082,-9.45706],[32.97073,-9.45701],[32.9706,-9.45697],[32.97048,-9.45693],[32.97043,-9.4569],[32.97041,-9.45689],[32.97027,-9.45682],[32.97017,-9.45677],[32.97005,-9.45669],[32.96996,-9.45666],[32.96979,-9.45666]]},"properties":{"id":1059712129,"cls":"path","hw":"path","tg":"na","name":"","ref":"","surface":"","sc":"unknown","speed":null,"lit":"unk","km":0.296}},
{"type":"Feature","geometry":{"type":"LineString","coordinates":[[32.97114,-9.45718],[32.97101,-9.45709],[32.97075,-9.45689],[32.97067,-9.45679],[32.97056,-9.45672],[32.97042,-9.45666],[32.97031,-9.45661],[32.97016,-9.4566],[32.97,-9.45662],[32.96993,-9.45662],[32.96979,-9.45666]]},"properties":{"id":1059712130,"cls":"path","hw":"path","tg":"na","name":"","ref":"","surface":"","sc":"unknown","speed":null,"lit":"unk","km":0.17}},
{"type":"Feature","geometry":{"type":"LineString","coordinates":[[32.97042,-9.45666],[32.97044,-9.45675],[32.97046,-9.45684],[32.97043,-9.4569],[32.97032,-9.45707],[32.9703,-9.45711],[32.97022,-9.45719],[32.97015,-9.45733],[32.97013,-9.45737],[32.97008,-9.45743],[32.97002,-9.45754],[32.97001,-9.45755],[32.96997,-9.45767],[32.96994,-9.45777],[32.96995,-9.45786],[32.96999,-9.45794],[32.96997,-9.45802],[32.96989,-9.45809],[32.96982,-9.45821]]},"properties":{"id":1059712131,"cls":"path","hw":"path","tg":"na","name":"","ref":"","surface":"","sc":"unknown","speed":null,"lit":"unk","km":0.196}},
{"type":"Feature","geometry":{"type":"LineString","coordinates":[[32.97002,-9.45754],[32.97001,-9.45745],[32.96999,-9.45734],[32.96999,-9.45731],[32.96996,-9.45718],[32.96993,-9.45713],[32.96991,-9.4571],[32.96991,-9.457],[32.9699,-9.45691],[32.96986,-9.45681],[32.96981,-9.45672],[32.96979,-9.45666],[32.96979,-9.45665],[32.96909,-9.45671],[32.96873,-9.45672],[32.96846,-9.45668],[32.96798,-9.45676],[32.96748,-9.45687]]},"properties":{"id":1059712132,"cls":"path","hw":"path","tg":"na","name":"","ref":"","surface":"","sc":"unknown","speed":null,"lit":"unk","km":0.36}},
{"type":"Feature","geometry":{"type":"LineString","coordinates":[[32.97032,-9.45829],[32.97026,-9.4582],[32.9702,-9.4581],[32.97013,-9.45798],[32.97023,-9.45784],[32.97027,-9.45773],[32.97025,-9.45766],[32.97021,-9.45754],[32.97022,-9.45745],[32.97025,-9.45738]]},"properties":{"id":1059712133,"cls":"path","hw":"path","tg":"na","name":"","ref":"","surface":"","sc":"unknown","speed":null,"lit":"unk","km":0.113}},
{"type":"Feature","geometry":{"type":"LineString","coordinates":[[32.97042,-9.45666],[32.97044,-9.45658],[32.97048,-9.45648],[32.97054,-9.45635],[32.97059,-9.45621],[32.97066,-9.4561],[32.97073,-9.45602],[32.9708,-9.45595],[32.97086,-9.45588],[32.97094,-9.4558],[32.971,-9.45571],[32.97105,-9.45567],[32.9712,-9.45557],[32.97133,-9.45547],[32.97139,-9.45537],[32.97143,-9.45527],[32.97144,-9.45522],[32.97147,-9.45506]]},"properties":{"id":1059712134,"cls":"path","hw":"path","tg":"na","name":"","ref":"","surface":"","sc":"unknown","speed":null,"lit":"unk","km":0.219}},
{"type":"Feature","geometry":{"type":"LineString","coordinates":[[32.96979,-9.45665],[32.96987,-9.45658],[32.97001,-9.4565],[32.97016,-9.45639],[32.97029,-9.45631],[32.97042,-9.4562],[32.97055,-9.45608],[32.97068,-9.45601],[32.97074,-9.45597],[32.9708,-9.45595]]},"properties":{"id":1059712135,"cls":"path","hw":"path","tg":"na","name":"","ref":"","surface":"","sc":"unknown","speed":null,"lit":"unk","km":0.136}},
{"type":"Feature","geometry":{"type":"LineString","coordinates":[[32.97068,-9.45601],[32.97064,-9.45583],[32.97062,-9.45572],[32.97058,-9.45563],[32.97053,-9.4555],[32.97048,-9.45541],[32.97044,-9.45535],[32.97043,-9.45533],[32.97037,-9.45518]]},"properties":{"id":1059712136,"cls":"path","hw":"path","tg":"na","name":"","ref":"","surface":"","sc":"unknown","speed":null,"lit":"unk","km":0.099}},
{"type":"Feature","geometry":{"type":"LineString","coordinates":[[32.97037,-9.45518],[32.97036,-9.45508],[32.9703,-9.45497],[32.9703,-9.45488],[32.97034,-9.45483],[32.97033,-9.45477],[32.97037,-9.45472],[32.97041,-9.45466]]},"properties":{"id":1059712137,"cls":"path","hw":"path","tg":"na","name":"","ref":"","surface":"","sc":"unknown","speed":null,"lit":"unk","km":0.064}},
{"type":"Feature","geometry":{"type":"LineString","coordinates":[[32.97033,-9.45477],[32.97026,-9.45477],[32.97018,-9.45476],[32.97014,-9.45478],[32.97008,-9.45481],[32.97,-9.45486],[32.96994,-9.45488],[32.96984,-9.45491],[32.96979,-9.45493]]},"properties":{"id":1059712138,"cls":"path","hw":"path","tg":"na","name":"","ref":"","surface":"","sc":"unknown","speed":null,"lit":"unk","km":0.064}},
{"type":"Feature","geometry":{"type":"LineString","coordinates":[[32.97133,-9.45721],[32.97139,-9.45714],[32.97143,-9.45705],[32.97147,-9.45701],[32.9715,-9.45692],[32.97151,-9.45689],[32.97152,-9.45688],[32.97155,-9.45676],[32.97158,-9.45663],[32.97167,-9.45644],[32.97168,-9.45637],[32.97168,-9.45629],[32.97166,-9.45617],[32.97169,-9.45601],[32.97174,-9.45593],[32.97182,-9.45583],[32.97185,-9.45575],[32.97192,-9.45559],[32.97193,-9.45552],[32.97194,-9.45547],[32.97192,-9.45541],[32.97204,-9.45539],[32.97213,-9.45536],[32.97221,-9.45528],[32.97227,-9.4552]]},"properties":{"id":1059712140,"cls":"path","hw":"path","tg":"na","name":"","ref":"","surface":"","sc":"unknown","speed":null,"lit":"unk","km":0.265}},
{"type":"Feature","geometry":{"type":"LineString","coordinates":[[32.97192,-9.45541],[32.97184,-9.45544],[32.97164,-9.45544],[32.97154,-9.45542],[32.97143,-9.4554],[32.97139,-9.45537]]},"properties":{"id":1059712141,"cls":"path","hw":"path","tg":"na","name":"","ref":"","surface":"","sc":"unknown","speed":null,"lit":"unk","km":0.06}},
{"type":"Feature","geometry":{"type":"LineString","coordinates":[[32.97227,-9.4552],[32.97229,-9.4552],[32.97229,-9.45527],[32.97228,-9.45537],[32.97227,-9.45558],[32.97228,-9.45564],[32.97227,-9.45572],[32.97225,-9.45583],[32.97225,-9.45594],[32.97223,-9.45605],[32.97221,-9.45613],[32.97219,-9.45619],[32.97215,-9.45623],[32.9721,-9.45625],[32.97205,-9.45629],[32.972,-9.45634],[32.97196,-9.4564],[32.97193,-9.45646],[32.97189,-9.45654],[32.97181,-9.45664],[32.97174,-9.45669],[32.97167,-9.45676],[32.9716,-9.45683],[32.97154,-9.45687],[32.97151,-9.45689]]},"properties":{"id":1059712142,"cls":"path","hw":"path","tg":"na","name":"","ref":"","surface":"","sc":"unknown","speed":null,"lit":"unk","km":0.223}},
{"type":"Feature","geometry":{"type":"LineString","coordinates":[[32.97221,-9.45613],[32.97226,-9.45608],[32.9723,-9.45603],[32.9724,-9.45599],[32.97246,-9.45593],[32.97248,-9.45592],[32.97251,-9.45586],[32.97254,-9.4558],[32.97256,-9.45573],[32.97256,-9.4557],[32.97258,-9.45562],[32.97262,-9.45557],[32.97266,-9.45551],[32.97268,-9.45549]]},"properties":{"id":1059712143,"cls":"path","hw":"path","tg":"na","name":"","ref":"","surface":"","sc":"unknown","speed":null,"lit":"unk","km":0.092}},
{"type":"Feature","geometry":{"type":"LineString","coordinates":[[32.97246,-9.45593],[32.97257,-9.45592],[32.97272,-9.4559],[32.97277,-9.45588],[32.97289,-9.45583],[32.973,-9.45583],[32.97309,-9.45583],[32.97312,-9.45583]]},"properties":{"id":1059712144,"cls":"path","hw":"path","tg":"na","name":"","ref":"","surface":"","sc":"unknown","speed":null,"lit":"unk","km":0.074}},
{"type":"Feature","geometry":{"type":"LineString","coordinates":[[32.97256,-9.4557],[32.97252,-9.45562],[32.97248,-9.4555],[32.97244,-9.45544],[32.97236,-9.45539],[32.97228,-9.45537]]},"properties":{"id":1059712145,"cls":"path","hw":"path","tg":"na","name":"","ref":"","surface":"","sc":"unknown","speed":null,"lit":"unk","km":0.051}},
{"type":"Feature","geometry":{"type":"LineString","coordinates":[[32.96967,-9.45122],[32.96982,-9.45131],[32.97006,-9.45124],[32.97018,-9.45115],[32.97029,-9.45104],[32.97036,-9.45097],[32.97039,-9.45091]]},"properties":{"id":1059712149,"cls":"path","hw":"path","tg":"na","name":"","ref":"","surface":"","sc":"unknown","speed":null,"lit":"unk","km":0.099}},
{"type":"Feature","geometry":{"type":"LineString","coordinates":[[32.97039,-9.45091],[32.97044,-9.45081],[32.97055,-9.45072],[32.97066,-9.45067],[32.97087,-9.45055],[32.97101,-9.45048],[32.97119,-9.45038],[32.97136,-9.45031],[32.97155,-9.45031],[32.97173,-9.45028],[32.97192,-9.45025],[32.97197,-9.45024],[32.97214,-9.45021],[32.97231,-9.4501],[32.9724,-9.45002],[32.97243,-9.45],[32.97252,-9.44992],[32.97266,-9.44982],[32.97272,-9.44976],[32.97275,-9.44973],[32.97297,-9.44959],[32.973,-9.44956],[32.97312,-9.44949],[32.97319,-9.44945],[32.97335,-9.44935],[32.9735,-9.44926],[32.97373,-9.44915],[32.97382,-9.44912],[32.97395,-9.44907]]},"properties":{"id":1059713551,"cls":"path","hw":"path","tg":"na","name":"","ref":"","surface":"","sc":"unknown","speed":null,"lit":"unk","km":0.452}},
{"type":"Feature","geometry":{"type":"LineString","coordinates":[[32.97113,-9.44938],[32.97139,-9.44948],[32.97181,-9.44958],[32.97197,-9.44959],[32.97218,-9.44966],[32.97227,-9.44967],[32.97245,-9.4497],[32.97272,-9.44976],[32.97323,-9.4499],[32.97344,-9.44996],[32.97399,-9.45008],[32.97432,-9.45025],[32.97458,-9.45036],[32.97475,-9.45044],[32.97524,-9.45072],[32.97527,-9.45073],[32.9753,-9.45074],[32.97576,-9.45093],[32.97591,-9.45092],[32.97608,-9.45091],[32.97635,-9.45095],[32.9769,-9.45111],[32.97706,-9.45116],[32.97721,-9.4513],[32.97737,-9.45147],[32.9774,-9.45149],[32.97761,-9.45169],[32.97767,-9.45174]]},"properties":{"id":1059713552,"cls":"path","hw":"path","tg":"na","name":"","ref":"","surface":"unpaved","sc":"unpaved","speed":null,"lit":"unk","km":0.78}},
{"type":"Feature","geometry":{"type":"LineString","coordinates":[[32.97995,-9.45612],[32.98013,-9.45612],[32.98027,-9.45613],[32.98044,-9.45614],[32.98059,-9.45615],[32.98075,-9.45616],[32.98095,-9.45617],[32.98131,-9.45623]]},"properties":{"id":1059713553,"cls":"unclassified","hw":"unclassified","tg":"na","name":"","ref":"","surface":"","sc":"unknown","speed":null,"lit":"unk","km":0.15}},
{"type":"Feature","geometry":{"type":"LineString","coordinates":[[32.98075,-9.45616],[32.98074,-9.45605],[32.98071,-9.45601],[32.98066,-9.45588],[32.98064,-9.45579],[32.98062,-9.4557],[32.98059,-9.4556],[32.9806,-9.45554],[32.98061,-9.45545],[32.98061,-9.45535],[32.98058,-9.45524],[32.98057,-9.45514],[32.98057,-9.45512]]},"properties":{"id":1059713554,"cls":"path","hw":"path","tg":"na","name":"","ref":"","surface":"","sc":"unknown","speed":null,"lit":"unk","km":0.119}},
{"type":"Feature","geometry":{"type":"LineString","coordinates":[[32.97995,-9.45612],[32.98001,-9.45598],[32.98003,-9.45586],[32.98003,-9.45584],[32.98005,-9.45575],[32.98013,-9.45563],[32.98029,-9.45547],[32.98043,-9.45529],[32.9805,-9.45519],[32.98057,-9.45512],[32.98066,-9.45499],[32.98082,-9.45478],[32.98086,-9.45474],[32.98092,-9.45471],[32.981,-9.4546]]},"properties":{"id":1059713555,"cls":"path","hw":"path","tg":"na","name":"","ref":"","surface":"","sc":"unknown","speed":null,"lit":"unk","km":0.209}},
{"type":"Feature","geometry":{"type":"LineString","coordinates":[[32.98086,-9.45474],[32.98085,-9.45459],[32.98085,-9.45451],[32.98087,-9.45447],[32.98087,-9.45439],[32.98087,-9.4543],[32.98086,-9.45425],[32.98084,-9.45404],[32.98085,-9.45391],[32.98082,-9.45368],[32.98082,-9.45354],[32.98081,-9.45345],[32.98081,-9.45342],[32.98089,-9.45345],[32.98095,-9.45348]]},"properties":{"id":1059713557,"cls":"path","hw":"path","tg":"na","name":"","ref":"","surface":"","sc":"unknown","speed":null,"lit":"unk","km":0.165}},
{"type":"Feature","geometry":{"type":"LineString","coordinates":[[32.98081,-9.45342],[32.98078,-9.45317],[32.98078,-9.4531],[32.98078,-9.45305],[32.98079,-9.45301],[32.98078,-9.4527],[32.98073,-9.45259]]},"properties":{"id":1059713558,"cls":"path","hw":"path","tg":"na","name":"","ref":"","surface":"","sc":"unknown","speed":null,"lit":"unk","km":0.094}},
{"type":"Feature","geometry":{"type":"LineString","coordinates":[[32.97958,-9.44966],[32.97966,-9.44974],[32.97973,-9.4498],[32.97981,-9.44988],[32.97991,-9.45001],[32.97992,-9.45003],[32.97994,-9.45009],[32.97997,-9.45015],[32.98002,-9.45022],[32.98006,-9.45027],[32.98007,-9.45035],[32.98011,-9.45047],[32.98015,-9.45057],[32.98018,-9.45069],[32.98017,-9.45078],[32.98016,-9.45087],[32.98015,-9.45096],[32.98015,-9.45099],[32.98017,-9.4511],[32.98023,-9.45126],[32.98032,-9.45147],[32.98041,-9.45171],[32.98047,-9.45184],[32.98047,-9.45187],[32.98049,-9.45195],[32.9805,-9.45211],[32.98053,-9.45222],[32.98069,-9.45243],[32.9807,-9.45251],[32.98073,-9.45259]]},"properties":{"id":1059713559,"cls":"path","hw":"path","tg":"na","name":"","ref":"","surface":"","sc":"unknown","speed":null,"lit":"unk","km":0.361}},
{"type":"Feature","geometry":{"type":"LineString","coordinates":[[32.98069,-9.45243],[32.9808,-9.45257],[32.98096,-9.4527]]},"properties":{"id":1059713560,"cls":"path","hw":"path","tg":"na","name":"","ref":"","surface":"","sc":"unknown","speed":null,"lit":"unk","km":0.042}},
{"type":"Feature","geometry":{"type":"LineString","coordinates":[[32.98047,-9.45187],[32.98044,-9.45191],[32.98038,-9.45204],[32.98037,-9.4521]]},"properties":{"id":1059713561,"cls":"path","hw":"path","tg":"na","name":"","ref":"","surface":"","sc":"unknown","speed":null,"lit":"unk","km":0.028}},
{"type":"Feature","geometry":{"type":"LineString","coordinates":[[32.98047,-9.45187],[32.98056,-9.45188],[32.98066,-9.45182],[32.98084,-9.45174],[32.98092,-9.45167],[32.98095,-9.45166]]},"properties":{"id":1059713562,"cls":"path","hw":"path","tg":"na","name":"","ref":"","surface":"","sc":"unknown","speed":null,"lit":"unk","km":0.06}},
{"type":"Feature","geometry":{"type":"LineString","coordinates":[[32.98095,-9.45022],[32.98084,-9.45019],[32.98069,-9.45017],[32.98051,-9.45016],[32.98033,-9.45015],[32.98022,-9.45014],[32.98014,-9.45015],[32.98011,-9.45015],[32.98009,-9.45015],[32.98002,-9.45015],[32.97997,-9.45015]]},"properties":{"id":1059713563,"cls":"path","hw":"path","tg":"na","name":"","ref":"","surface":"","sc":"unknown","speed":null,"lit":"unk","km":0.108}},
{"type":"Feature","geometry":{"type":"LineString","coordinates":[[32.98006,-9.45027],[32.98008,-9.45019],[32.98011,-9.45015],[32.98018,-9.45001],[32.9802,-9.44989],[32.98024,-9.44981],[32.98025,-9.44976],[32.98029,-9.44965],[32.98029,-9.44954],[32.98034,-9.44934],[32.98038,-9.44922],[32.98041,-9.44913],[32.98044,-9.44907]]},"properties":{"id":1059713564,"cls":"path","hw":"path","tg":"na","name":"","ref":"","surface":"","sc":"unknown","speed":null,"lit":"unk","km":0.141}},
{"type":"Feature","geometry":{"type":"LineString","coordinates":[[32.97997,-9.45015],[32.97989,-9.4502],[32.97976,-9.45023],[32.97966,-9.45026],[32.97947,-9.45026],[32.97933,-9.45027],[32.97901,-9.4504],[32.97898,-9.45041],[32.97884,-9.45043],[32.97869,-9.45045],[32.9788,-9.45052],[32.97903,-9.45059],[32.97924,-9.45065],[32.97955,-9.45069],[32.97985,-9.45075],[32.97998,-9.45081],[32.98012,-9.45089],[32.98015,-9.45096]]},"properties":{"id":1059713565,"cls":"path","hw":"path","tg":"na","name":"","ref":"","surface":"","sc":"unknown","speed":null,"lit":"unk","km":0.321}},
{"type":"Feature","geometry":{"type":"LineString","coordinates":[[32.97985,-9.45075],[32.97988,-9.45049],[32.97989,-9.4502],[32.97989,-9.45014],[32.97992,-9.45003]]},"properties":{"id":1059713566,"cls":"path","hw":"path","tg":"na","name":"","ref":"","surface":"","sc":"unknown","speed":null,"lit":"unk","km":0.081}},
{"type":"Feature","geometry":{"type":"LineString","coordinates":[[32.97992,-9.45003],[32.97989,-9.44988],[32.97984,-9.44973],[32.97985,-9.44946],[32.97985,-9.44927],[32.97984,-9.44917],[32.97982,-9.44907]]},"properties":{"id":1059713567,"cls":"path","hw":"path","tg":"na","name":"","ref":"","surface":"","sc":"unknown","speed":null,"lit":"unk","km":0.108}},
{"type":"Feature","geometry":{"type":"LineString","coordinates":[[32.97901,-9.4504],[32.97901,-9.45025],[32.97898,-9.45008],[32.97897,-9.44994],[32.97897,-9.44977],[32.97898,-9.4496],[32.97897,-9.44943],[32.97897,-9.44935],[32.97896,-9.44929],[32.97893,-9.44926],[32.97895,-9.4492],[32.979,-9.44917],[32.97902,-9.4491]]},"properties":{"id":1059713568,"cls":"path","hw":"path","tg":"na","name":"","ref":"","surface":"","sc":"unknown","speed":null,"lit":"unk","km":0.15}},
{"type":"Feature","geometry":{"type":"LineString","coordinates":[[32.97869,-9.45045],[32.97857,-9.45051],[32.97851,-9.45058],[32.97831,-9.45062],[32.97818,-9.45061],[32.97815,-9.45061]]},"properties":{"id":1059713569,"cls":"path","hw":"path","tg":"na","name":"","ref":"","surface":"","sc":"unknown","speed":null,"lit":"unk","km":0.065}},
{"type":"Feature","geometry":{"type":"LineString","coordinates":[[32.97815,-9.45061],[32.97819,-9.45048],[32.97825,-9.45033],[32.97829,-9.45005],[32.97831,-9.44977],[32.97835,-9.4496],[32.9784,-9.44941],[32.97845,-9.44922],[32.97851,-9.44909],[32.9786,-9.44891],[32.97872,-9.44897],[32.97883,-9.44901],[32.97886,-9.4491],[32.97893,-9.44912],[32.979,-9.44917]]},"properties":{"id":1059713570,"cls":"path","hw":"path","tg":"na","name":"","ref":"","surface":"","sc":"unknown","speed":null,"lit":"unk","km":0.253}},
{"type":"Feature","geometry":{"type":"LineString","coordinates":[[32.97815,-9.45061],[32.97805,-9.45073],[32.97785,-9.45092],[32.97774,-9.45102],[32.9776,-9.45123],[32.97742,-9.45141],[32.97737,-9.45147]]},"properties":{"id":1059713571,"cls":"path","hw":"path","tg":"na","name":"","ref":"","surface":"","sc":"unknown","speed":null,"lit":"unk","km":0.129}},
{"type":"Feature","geometry":{"type":"LineString","coordinates":[[32.97737,-9.45147],[32.97727,-9.45159],[32.97709,-9.45174],[32.97705,-9.45183],[32.97703,-9.45173],[32.977,-9.45163],[32.97689,-9.45157],[32.9768,-9.45151],[32.97671,-9.45154],[32.97662,-9.45154],[32.97652,-9.45151],[32.97639,-9.45148],[32.97601,-9.45148],[32.97597,-9.45148],[32.97594,-9.45142],[32.97591,-9.4514],[32.97577,-9.45137],[32.97572,-9.45134]]},"properties":{"id":1059715904,"cls":"path","hw":"path","tg":"na","name":"","ref":"","surface":"","sc":"unknown","speed":null,"lit":"unk","km":0.229}},
{"type":"Feature","geometry":{"type":"LineString","coordinates":[[32.9753,-9.45074],[32.97525,-9.45093],[32.97519,-9.45108],[32.97511,-9.45126],[32.97502,-9.45142],[32.97495,-9.45156],[32.97488,-9.45166],[32.97483,-9.45174]]},"properties":{"id":1059715905,"cls":"path","hw":"path","tg":"na","name":"","ref":"","surface":"","sc":"unknown","speed":null,"lit":"unk","km":0.123}},
{"type":"Feature","geometry":{"type":"LineString","coordinates":[[32.97527,-9.45073],[32.97502,-9.45082],[32.975,-9.45087],[32.9749,-9.45093],[32.97476,-9.45098],[32.97465,-9.45101],[32.97455,-9.45105],[32.97452,-9.45106],[32.97439,-9.45113],[32.97429,-9.45123],[32.97422,-9.45127]]},"properties":{"id":1059715906,"cls":"path","hw":"path","tg":"na","name":"","ref":"","surface":"","sc":"unknown","speed":null,"lit":"unk","km":0.133}},
{"type":"Feature","geometry":{"type":"LineString","coordinates":[[32.97705,-9.45183],[32.97702,-9.45186],[32.977,-9.45188],[32.97695,-9.452],[32.97692,-9.45211],[32.97692,-9.45214],[32.97679,-9.45258],[32.97668,-9.45296],[32.97654,-9.45336],[32.97646,-9.45367],[32.97628,-9.45394],[32.97614,-9.45417],[32.97604,-9.45444],[32.976,-9.45473],[32.97595,-9.45506],[32.97592,-9.45517],[32.97588,-9.45528],[32.97572,-9.45561],[32.97565,-9.45579],[32.97556,-9.45589],[32.9755,-9.45593],[32.97549,-9.45599],[32.97548,-9.45604]]},"properties":{"id":1059715907,"cls":"path","hw":"path","tg":"na","name":"","ref":"","surface":"","sc":"unknown","speed":null,"lit":"unk","km":0.506}},
{"type":"Feature","geometry":{"type":"LineString","coordinates":[[32.97692,-9.45211],[32.97707,-9.45207],[32.97711,-9.45192],[32.97702,-9.45186]]},"properties":{"id":1059715908,"cls":"path","hw":"path","tg":"na","name":"","ref":"","surface":"","sc":"unknown","speed":null,"lit":"unk","km":0.046}},
{"type":"Feature","geometry":{"type":"LineString","coordinates":[[32.97707,-9.45207],[32.97716,-9.45207],[32.97721,-9.4521],[32.97726,-9.4522],[32.9773,-9.45232],[32.97734,-9.45247],[32.9774,-9.45272],[32.9775,-9.45301],[32.9776,-9.45335],[32.97767,-9.45362],[32.97768,-9.45364],[32.97771,-9.45373],[32.97774,-9.45391],[32.97776,-9.45405],[32.97777,-9.45431],[32.97777,-9.45443],[32.97781,-9.45451],[32.9778,-9.45457],[32.97783,-9.45468],[32.97788,-9.4548],[32.97788,-9.45488],[32.97794,-9.45498],[32.978,-9.45508],[32.97808,-9.45518],[32.97809,-9.45523],[32.97811,-9.45539],[32.97816,-9.45557],[32.97816,-9.45561],[32.97818,-9.45571],[32.97816,-9.45583],[32.97816,-9.45585],[32.97815,-9.45591]]},"properties":{"id":1059715909,"cls":"path","hw":"path","tg":"na","name":"","ref":"","surface":"","sc":"unknown","speed":null,"lit":"unk","km":0.46}},
{"type":"Feature","geometry":{"type":"LineString","coordinates":[[32.97815,-9.45591],[32.97822,-9.45591],[32.97834,-9.45588],[32.97845,-9.45586],[32.97867,-9.45586],[32.97888,-9.4559],[32.97906,-9.45594],[32.97918,-9.45598],[32.97926,-9.45602],[32.97943,-9.45607],[32.97949,-9.45609],[32.97958,-9.45612]]},"properties":{"id":1059715910,"cls":"path","hw":"path","tg":"na","name":"","ref":"","surface":"","sc":"unknown","speed":null,"lit":"unk","km":0.162}},
{"type":"Feature","geometry":{"type":"LineString","coordinates":[[32.97958,-9.45612],[32.97926,-9.4561],[32.97881,-9.4561],[32.97838,-9.45616],[32.97806,-9.4562],[32.97774,-9.45629],[32.9777,-9.45631],[32.97748,-9.45639],[32.97742,-9.4564],[32.9774,-9.45641],[32.97728,-9.45646],[32.97716,-9.45652],[32.97706,-9.45656],[32.97695,-9.45661],[32.9767,-9.45674],[32.97666,-9.45675],[32.97662,-9.45676],[32.9766,-9.45677],[32.97653,-9.45679],[32.97645,-9.45679],[32.97633,-9.45677],[32.97618,-9.45677],[32.97606,-9.45677],[32.976,-9.45678],[32.97593,-9.4568],[32.97586,-9.45685]]},"properties":{"id":1059715911,"cls":"unclassified","hw":"unclassified","tg":"na","name":"","ref":"","surface":"","sc":"unknown","speed":null,"lit":"unk","km":0.424}},
{"type":"Feature","geometry":{"type":"LineString","coordinates":[[32.97742,-9.4564],[32.9773,-9.45638],[32.9772,-9.45636],[32.97717,-9.45634],[32.97707,-9.45633],[32.97697,-9.45624],[32.97682,-9.45617],[32.97672,-9.45614],[32.97668,-9.45612],[32.97656,-9.45611],[32.97649,-9.4561],[32.97639,-9.45611],[32.9763,-9.45613],[32.97626,-9.45614],[32.97621,-9.45614],[32.97586,-9.45618],[32.97579,-9.45617],[32.97574,-9.45615],[32.97571,-9.45606],[32.97562,-9.45604],[32.97554,-9.45604],[32.97551,-9.45604],[32.97548,-9.45604]]},"properties":{"id":1059715912,"cls":"path","hw":"path","tg":"na","name":"","ref":"","surface":"","sc":"unknown","speed":null,"lit":"unk","km":0.229}},
{"type":"Feature","geometry":{"type":"LineString","coordinates":[[32.97653,-9.45679],[32.9765,-9.45671],[32.97643,-9.45663],[32.97632,-9.45652],[32.97627,-9.45643],[32.97623,-9.45633],[32.97622,-9.45631],[32.97621,-9.45625],[32.97622,-9.45619],[32.97621,-9.45617],[32.97621,-9.45614]]},"properties":{"id":1059715914,"cls":"path","hw":"path","tg":"na","name":"","ref":"","surface":"","sc":"unknown","speed":null,"lit":"unk","km":0.084}},
{"type":"Feature","geometry":{"type":"LineString","coordinates":[[32.9765,-9.45671],[32.97651,-9.45672],[32.9766,-9.45677]]},"properties":{"id":1059715915,"cls":"path","hw":"path","tg":"na","name":"","ref":"","surface":"","sc":"unknown","speed":null,"lit":"unk","km":0.013}},
{"type":"Feature","geometry":{"type":"LineString","coordinates":[[32.97653,-9.45679],[32.97657,-9.45688],[32.97665,-9.45691],[32.9767,-9.45693],[32.97677,-9.45698],[32.9768,-9.45705],[32.97689,-9.4571],[32.97693,-9.45715],[32.97699,-9.45721],[32.97703,-9.45724],[32.97708,-9.45722],[32.97712,-9.45724],[32.97715,-9.45726]]},"properties":{"id":1059715916,"cls":"path","hw":"path","tg":"na","name":"","ref":"","surface":"","sc":"unknown","speed":null,"lit":"unk","km":0.092}},
{"type":"Feature","geometry":{"type":"LineString","coordinates":[[32.9777,-9.45631],[32.97786,-9.45644],[32.97792,-9.45647],[32.97799,-9.45648],[32.97805,-9.4565],[32.97811,-9.45655],[32.97822,-9.4566],[32.97827,-9.45662],[32.97832,-9.45666],[32.97837,-9.45671],[32.97843,-9.45675],[32.97853,-9.45682],[32.97863,-9.45685],[32.97881,-9.45684]]},"properties":{"id":1059715917,"cls":"path","hw":"path","tg":"na","name":"","ref":"","surface":"","sc":"unknown","speed":null,"lit":"unk","km":0.14}},
{"type":"Feature","geometry":{"type":"LineString","coordinates":[[32.97889,-9.45678],[32.97883,-9.45677],[32.97879,-9.45674],[32.97874,-9.45667],[32.97863,-9.45659],[32.97855,-9.45645],[32.97848,-9.45636],[32.97844,-9.45626],[32.97838,-9.45616],[32.97834,-9.45613],[32.97829,-9.45605],[32.97827,-9.456],[32.97822,-9.45591]]},"properties":{"id":1059715918,"cls":"path","hw":"path","tg":"na","name":"","ref":"","surface":"","sc":"unknown","speed":null,"lit":"unk","km":0.125}},
{"type":"Feature","geometry":{"type":"LineString","coordinates":[[32.97822,-9.45591],[32.97816,-9.45583]]},"properties":{"id":1059715919,"cls":"path","hw":"path","tg":"na","name":"","ref":"","surface":"","sc":"unknown","speed":null,"lit":"unk","km":0.011}},
{"type":"Feature","geometry":{"type":"LineString","coordinates":[[32.97816,-9.45561],[32.97821,-9.45549],[32.97826,-9.45542],[32.97835,-9.45533],[32.9784,-9.45527],[32.97846,-9.45512],[32.97854,-9.45501],[32.97863,-9.45483],[32.97874,-9.45474],[32.97884,-9.45454],[32.97905,-9.45439],[32.97917,-9.45425],[32.97933,-9.45408],[32.97944,-9.45392],[32.97951,-9.4538],[32.97959,-9.45362],[32.97967,-9.45346],[32.97971,-9.45334],[32.9797,-9.45329],[32.97972,-9.45322],[32.97972,-9.45314],[32.97971,-9.45311],[32.97972,-9.45307],[32.97972,-9.45294],[32.97972,-9.4529]]},"properties":{"id":1059715920,"cls":"path","hw":"path","tg":"na","name":"","ref":"","surface":"","sc":"unknown","speed":null,"lit":"unk","km":0.359}},
{"type":"Feature","geometry":{"type":"LineString","coordinates":[[32.97972,-9.4529],[32.97961,-9.45284],[32.97958,-9.45282],[32.97958,-9.45278],[32.97958,-9.45272],[32.97958,-9.45263]]},"properties":{"id":1059715921,"cls":"path","hw":"path","tg":"na","name":"","ref":"","surface":"","sc":"unknown","speed":null,"lit":"unk","km":0.039}},
{"type":"Feature","geometry":{"type":"LineString","coordinates":[[32.98079,-9.45301],[32.98048,-9.45292],[32.98016,-9.4528],[32.97997,-9.45275],[32.97982,-9.45269],[32.97966,-9.45264],[32.97958,-9.45263],[32.97944,-9.45258],[32.97924,-9.45252],[32.97912,-9.45248],[32.97902,-9.45245],[32.97884,-9.45237],[32.97869,-9.45229],[32.97861,-9.45225],[32.97844,-9.45216],[32.97829,-9.45207],[32.97816,-9.45197],[32.97805,-9.4519],[32.97793,-9.45184],[32.9778,-9.4518],[32.97777,-9.45179],[32.97773,-9.45177],[32.9777,-9.45177],[32.97768,-9.45174],[32.97767,-9.45174]]},"properties":{"id":1059715922,"cls":"path","hw":"path","tg":"na","name":"","ref":"","surface":"","sc":"unknown","speed":null,"lit":"unk","km":0.374}},
{"type":"Feature","geometry":{"type":"LineString","coordinates":[[32.97869,-9.45229],[32.97891,-9.45224],[32.97916,-9.4522],[32.97949,-9.45218],[32.97964,-9.45216],[32.97983,-9.45218],[32.98,-9.45216],[32.98008,-9.45216],[32.98017,-9.45217],[32.98022,-9.45218]]},"properties":{"id":1059715923,"cls":"path","hw":"path","tg":"na","name":"","ref":"","surface":"","sc":"unknown","speed":null,"lit":"unk","km":0.169}},
{"type":"Feature","geometry":{"type":"LineString","coordinates":[[32.98022,-9.45218],[32.98027,-9.45221],[32.98028,-9.45223],[32.98038,-9.45221],[32.98041,-9.45219],[32.98041,-9.45214],[32.98041,-9.4521],[32.98037,-9.4521]]},"properties":{"id":1059715924,"cls":"path","hw":"path","tg":"na","name":"","ref":"","surface":"","sc":"unknown","speed":null,"lit":"unk","km":0.038}},
{"type":"Feature","geometry":{"type":"LineString","coordinates":[[32.98022,-9.45218],[32.9802,-9.45225],[32.9802,-9.45229],[32.98012,-9.45233],[32.98007,-9.45239],[32.98005,-9.45244],[32.98001,-9.4525],[32.97995,-9.45252],[32.97991,-9.45254],[32.97986,-9.45261],[32.97983,-9.45267],[32.97982,-9.45269]]},"properties":{"id":1059715925,"cls":"path","hw":"path","tg":"na","name":"","ref":"","surface":"","sc":"unknown","speed":null,"lit":"unk","km":0.076}},
{"type":"Feature","geometry":{"type":"LineString","coordinates":[[32.97912,-9.45248],[32.97921,-9.45244],[32.97942,-9.45238],[32.97952,-9.45233],[32.97971,-9.45227],[32.97981,-9.45221],[32.97983,-9.45218]]},"properties":{"id":1059715926,"cls":"path","hw":"path","tg":"na","name":"","ref":"","surface":"","sc":"unknown","speed":null,"lit":"unk","km":0.086}},
{"type":"Feature","geometry":{"type":"LineString","coordinates":[[32.97777,-9.45179],[32.9777,-9.45181],[32.97763,-9.45183],[32.9776,-9.45184],[32.97757,-9.45185],[32.97752,-9.45185],[32.97744,-9.45185],[32.97738,-9.45185],[32.97726,-9.45187],[32.97722,-9.45188],[32.9772,-9.45191],[32.97718,-9.45192],[32.97715,-9.45192],[32.97712,-9.45192],[32.97711,-9.45192]]},"properties":{"id":1059715927,"cls":"path","hw":"path","tg":"na","name":"","ref":"","surface":"","sc":"unknown","speed":null,"lit":"unk","km":0.076}},
{"type":"Feature","geometry":{"type":"LineString","coordinates":[[32.97816,-9.45557],[32.97807,-9.4556],[32.97797,-9.45564],[32.97785,-9.45566],[32.97774,-9.4557],[32.97761,-9.45573],[32.97749,-9.45576],[32.97738,-9.45577],[32.97712,-9.45586],[32.97706,-9.4559],[32.97699,-9.45596],[32.9769,-9.45601],[32.97684,-9.45606],[32.97679,-9.45608],[32.97674,-9.45611],[32.97672,-9.45614]]},"properties":{"id":1059715928,"cls":"path","hw":"path","tg":"na","name":"","ref":"","surface":"","sc":"unknown","speed":null,"lit":"unk","km":0.173}},
{"type":"Feature","geometry":{"type":"LineString","coordinates":[[32.9763,-9.45613],[32.97634,-9.45605],[32.97639,-9.45599],[32.97638,-9.45594],[32.97634,-9.45581],[32.97635,-9.45567],[32.97631,-9.45561],[32.97626,-9.45552],[32.97624,-9.45547],[32.97621,-9.45542],[32.97618,-9.45539],[32.97612,-9.45536],[32.97607,-9.45535],[32.97604,-9.45535],[32.97596,-9.45527],[32.97595,-9.45522],[32.97592,-9.45517]]},"properties":{"id":1059715929,"cls":"path","hw":"path","tg":"na","name":"","ref":"","surface":"","sc":"unknown","speed":null,"lit":"unk","km":0.132}},
{"type":"Feature","geometry":{"type":"LineString","coordinates":[[32.97656,-9.45611],[32.97652,-9.45602],[32.97648,-9.45594],[32.97651,-9.45581],[32.97655,-9.45569],[32.97655,-9.45558],[32.97653,-9.45555],[32.97657,-9.45547],[32.97655,-9.45536],[32.97653,-9.45524],[32.97652,-9.45513],[32.9765,-9.45505],[32.97648,-9.45498]]},"properties":{"id":1059715930,"cls":"path","hw":"path","tg":"na","name":"","ref":"","surface":"","sc":"unknown","speed":null,"lit":"unk","km":0.131}},
{"type":"Feature","geometry":{"type":"LineString","coordinates":[[32.97651,-9.45672],[32.97658,-9.45661],[32.97659,-9.45654],[32.97656,-9.45647],[32.97655,-9.45643]]},"properties":{"id":1059715931,"cls":"path","hw":"path","tg":"na","name":"","ref":"","surface":"","sc":"unknown","speed":null,"lit":"unk","km":0.035}},
{"type":"Feature","geometry":{"type":"LineString","coordinates":[[32.9766,-9.45677],[32.97669,-9.4568],[32.97671,-9.4568],[32.97675,-9.45681],[32.97687,-9.45683],[32.97693,-9.45684]]},"properties":{"id":1059715932,"cls":"path","hw":"path","tg":"na","name":"","ref":"","surface":"","sc":"unknown","speed":null,"lit":"unk","km":0.037}},
{"type":"Feature","geometry":{"type":"LineString","coordinates":[[32.97671,-9.4568],[32.9767,-9.45674],[32.97671,-9.45671],[32.97677,-9.45666],[32.97679,-9.45661],[32.97674,-9.45656],[32.97675,-9.45651],[32.97676,-9.45648],[32.97674,-9.45644]]},"properties":{"id":1059715933,"cls":"path","hw":"path","tg":"na","name":"","ref":"","surface":"","sc":"unknown","speed":null,"lit":"unk","km":0.047}},
{"type":"Feature","geometry":{"type":"LineString","coordinates":[[32.97674,-9.45644],[32.97669,-9.45644],[32.97667,-9.45639],[32.97666,-9.45632],[32.97658,-9.45623],[32.97653,-9.45619],[32.97656,-9.45611]]},"properties":{"id":1059715934,"cls":"path","hw":"path","tg":"na","name":"","ref":"","surface":"","sc":"unknown","speed":null,"lit":"unk","km":0.049}},
{"type":"Feature","geometry":{"type":"LineString","coordinates":[[32.97731,-9.45694],[32.9773,-9.45684],[32.97733,-9.45676],[32.97736,-9.45664],[32.97737,-9.45656],[32.97738,-9.45651],[32.97742,-9.45649],[32.97742,-9.45645],[32.97742,-9.4564]]},"properties":{"id":1059715935,"cls":"path","hw":"path","tg":"na","name":"","ref":"","surface":"","sc":"unknown","speed":null,"lit":"unk","km":0.064}},
{"type":"Feature","geometry":{"type":"LineString","coordinates":[[32.97924,-9.45754],[32.97918,-9.45746],[32.9791,-9.45743],[32.97904,-9.45734],[32.97902,-9.45729],[32.97899,-9.45724],[32.97896,-9.45714],[32.9789,-9.45701],[32.97889,-9.45697],[32.97883,-9.45695],[32.97878,-9.4569]]},"properties":{"id":1059715936,"cls":"path","hw":"path","tg":"na","name":"","ref":"","surface":"","sc":"unknown","speed":null,"lit":"unk","km":0.092}},
{"type":"Feature","geometry":{"type":"LineString","coordinates":[[32.97945,-9.45731],[32.97937,-9.45731],[32.97925,-9.45728],[32.97913,-9.45728],[32.97906,-9.45729],[32.97902,-9.45729],[32.97888,-9.45729],[32.97854,-9.45724],[32.97834,-9.45718],[32.97828,-9.45716]]},"properties":{"id":1059715937,"cls":"path","hw":"path","tg":"na","name":"","ref":"","surface":"","sc":"unknown","speed":null,"lit":"unk","km":0.131}},
{"type":"Feature","geometry":{"type":"LineString","coordinates":[[32.9783,-9.45712],[32.97819,-9.45713],[32.97815,-9.45714],[32.9781,-9.45711],[32.97804,-9.45709]]},"properties":{"id":1059715938,"cls":"path","hw":"path","tg":"na","name":"","ref":"","surface":"","sc":"unknown","speed":null,"lit":"unk","km":0.03}},
{"type":"Feature","geometry":{"type":"LineString","coordinates":[[32.97945,-9.45757],[32.97951,-9.45746]]},"properties":{"id":1059715939,"cls":"path","hw":"path","tg":"na","name":"","ref":"","surface":"","sc":"unknown","speed":null,"lit":"unk","km":0.014}},
{"type":"Feature","geometry":{"type":"LineString","coordinates":[[32.97951,-9.45746],[32.97953,-9.45742],[32.97957,-9.45733],[32.97949,-9.45733],[32.97945,-9.45731]]},"properties":{"id":1059715940,"cls":"path","hw":"path","tg":"na","name":"","ref":"","surface":"","sc":"unknown","speed":null,"lit":"unk","km":0.03}},
{"type":"Feature","geometry":{"type":"LineString","coordinates":[[32.97957,-9.45733],[32.97956,-9.45724],[32.97959,-9.45711],[32.97962,-9.45702],[32.97966,-9.45696]]},"properties":{"id":1059715941,"cls":"path","hw":"path","tg":"na","name":"","ref":"","surface":"","sc":"unknown","speed":null,"lit":"unk","km":0.043}},
{"type":"Feature","geometry":{"type":"LineString","coordinates":[[32.97957,-9.45733],[32.97972,-9.45732],[32.97979,-9.45732],[32.98021,-9.45731],[32.98028,-9.45731],[32.98035,-9.45729],[32.98046,-9.45728],[32.98065,-9.45721],[32.98069,-9.4572],[32.98081,-9.45717],[32.98098,-9.45713]]},"properties":{"id":1059715942,"cls":"path","hw":"path","tg":"na","name":"","ref":"","surface":"","sc":"unknown","speed":null,"lit":"unk","km":0.158}},
{"type":"Feature","geometry":{"type":"LineString","coordinates":[[32.98065,-9.45721],[32.98054,-9.45717],[32.98031,-9.45712],[32.98012,-9.45707],[32.97998,-9.45703],[32.97988,-9.457],[32.97974,-9.45695],[32.97966,-9.45696]]},"properties":{"id":1059715943,"cls":"path","hw":"path","tg":"na","name":"","ref":"","surface":"","sc":"unknown","speed":null,"lit":"unk","km":0.113}},
{"type":"Feature","geometry":{"type":"LineString","coordinates":[[32.97933,-9.45768],[32.97935,-9.45773],[32.97942,-9.45784],[32.97955,-9.45788],[32.97973,-9.45787],[32.97994,-9.45783],[32.98,-9.45785],[32.98003,-9.45787],[32.9802,-9.45791],[32.9803,-9.45793],[32.98034,-9.45794],[32.98042,-9.45798]]},"properties":{"id":1059716807,"cls":"path","hw":"path","tg":"na","name":"","ref":"","surface":"","sc":"unknown","speed":null,"lit":"unk","km":0.134}},
{"type":"Feature","geometry":{"type":"LineString","coordinates":[[32.98042,-9.45798],[32.98053,-9.45808],[32.98062,-9.45817],[32.98069,-9.45818],[32.98075,-9.45822],[32.98083,-9.45827],[32.9809,-9.45828],[32.98093,-9.45829]]},"properties":{"id":1059716808,"cls":"path","hw":"path","tg":"na","name":"","ref":"","surface":"","sc":"unknown","speed":null,"lit":"unk","km":0.068}},
{"type":"Feature","geometry":{"type":"LineString","coordinates":[[32.9809,-9.45828],[32.98089,-9.4582],[32.98086,-9.45812],[32.98085,-9.45798],[32.98084,-9.4578],[32.98085,-9.4577],[32.98083,-9.45754],[32.98079,-9.45746],[32.98079,-9.45739],[32.98084,-9.45733],[32.98089,-9.4573],[32.98093,-9.45727],[32.98096,-9.45721],[32.98099,-9.45717],[32.981,-9.45714]]},"properties":{"id":1059716809,"cls":"path","hw":"path","tg":"na","name":"","ref":"","surface":"","sc":"unknown","speed":null,"lit":"unk","km":0.138}},
{"type":"Feature","geometry":{"type":"LineString","coordinates":[[32.98065,-9.45721],[32.98077,-9.45724],[32.98083,-9.45727],[32.98089,-9.4573]]},"properties":{"id":1059716810,"cls":"path","hw":"path","tg":"na","name":"","ref":"","surface":"","sc":"unknown","speed":null,"lit":"unk","km":0.028}},
{"type":"Feature","geometry":{"type":"LineString","coordinates":[[32.98,-9.45785],[32.97996,-9.45773],[32.97991,-9.45767],[32.97984,-9.45759],[32.97981,-9.45749],[32.97979,-9.45744],[32.97979,-9.45739],[32.97979,-9.45732]]},"properties":{"id":1059716813,"cls":"path","hw":"path","tg":"na","name":"","ref":"","surface":"","sc":"unknown","speed":null,"lit":"unk","km":0.065}},
{"type":"Feature","geometry":{"type":"LineString","coordinates":[[32.97953,-9.45742],[32.9796,-9.45738],[32.97967,-9.45736],[32.97972,-9.45733],[32.97972,-9.45732]]},"properties":{"id":1059716814,"cls":"path","hw":"path","tg":"na","name":"","ref":"","surface":"","sc":"unknown","speed":null,"lit":"unk","km":0.024}},
{"type":"Feature","geometry":{"type":"LineString","coordinates":[[32.97548,-9.45604],[32.97542,-9.45596],[32.97536,-9.45593],[32.97529,-9.4559],[32.97518,-9.45585],[32.97509,-9.45584],[32.97505,-9.45583],[32.97485,-9.45576],[32.97468,-9.4556]]},"properties":{"id":1059716818,"cls":"path","hw":"path","tg":"na","name":"","ref":"","surface":"","sc":"unknown","speed":null,"lit":"unk","km":0.104}},
{"type":"Feature","geometry":{"type":"LineString","coordinates":[[32.97468,-9.4556],[32.97459,-9.45554],[32.97452,-9.45548],[32.97445,-9.45546],[32.97436,-9.45528],[32.97428,-9.45514],[32.97421,-9.45507],[32.97416,-9.45504],[32.97413,-9.45504],[32.97409,-9.45509],[32.97405,-9.45509],[32.97397,-9.45509],[32.9739,-9.45508],[32.97386,-9.45504],[32.97377,-9.45503],[32.97366,-9.45505],[32.97359,-9.45506],[32.97352,-9.45507],[32.97347,-9.45507],[32.97342,-9.45506],[32.97337,-9.45507],[32.97333,-9.45507],[32.97328,-9.45509],[32.97321,-9.4551],[32.9732,-9.45505],[32.97317,-9.45499],[32.97315,-9.45496],[32.97312,-9.45493],[32.97306,-9.45486],[32.97304,-9.45478],[32.97292,-9.45466]]},"properties":{"id":1059716820,"cls":"path","hw":"path","tg":"na","name":"","ref":"","surface":"","sc":"unknown","speed":null,"lit":"unk","km":0.257}},
{"type":"Feature","geometry":{"type":"LineString","coordinates":[[32.97292,-9.45466],[32.97286,-9.45463],[32.97279,-9.45462],[32.97277,-9.45447],[32.97277,-9.45429],[32.97281,-9.45412],[32.97282,-9.45395],[32.97281,-9.4538],[32.9728,-9.45354],[32.97279,-9.45346],[32.97275,-9.45335],[32.97273,-9.45318],[32.9727,-9.45301],[32.97262,-9.4528],[32.97254,-9.45273],[32.97249,-9.45267],[32.97246,-9.45249],[32.97243,-9.45226],[32.97243,-9.45204],[32.97243,-9.45182],[32.97245,-9.45162],[32.97246,-9.45139],[32.97246,-9.45111],[32.97246,-9.45099],[32.97249,-9.45086],[32.97254,-9.45075],[32.97262,-9.4506],[32.97261,-9.45056],[32.9726,-9.45046],[32.97257,-9.45034],[32.97252,-9.45017],[32.97251,-9.45015],[32.97248,-9.45008],[32.97243,-9.45]]},"properties":{"id":1059716821,"cls":"path","hw":"path","tg":"na","name":"","ref":"","surface":"","sc":"unknown","speed":null,"lit":"unk","km":0.547}},
{"type":"Feature","geometry":{"type":"LineString","coordinates":[[32.97251,-9.45015],[32.97264,-9.45014],[32.9727,-9.45012],[32.97278,-9.4501],[32.97298,-9.45002],[32.97313,-9.44996],[32.97323,-9.4499]]},"properties":{"id":1059716822,"cls":"path","hw":"path","tg":"na","name":"","ref":"","surface":"","sc":"unknown","speed":null,"lit":"unk","km":0.085}},
{"type":"Feature","geometry":{"type":"LineString","coordinates":[[32.97243,-9.45],[32.97236,-9.44992],[32.9723,-9.44977],[32.97227,-9.44967]]},"properties":{"id":1059716823,"cls":"path","hw":"path","tg":"na","name":"","ref":"","surface":"","sc":"unknown","speed":null,"lit":"unk","km":0.041}},
{"type":"Feature","geometry":{"type":"LineString","coordinates":[[32.97251,-9.45015],[32.97236,-9.4502],[32.97214,-9.45027],[32.97199,-9.45029],[32.97195,-9.45027],[32.97192,-9.45025]]},"properties":{"id":1059716824,"cls":"path","hw":"path","tg":"na","name":"","ref":"","surface":"","sc":"unknown","speed":null,"lit":"unk","km":0.068}},
{"type":"Feature","geometry":{"type":"LineString","coordinates":[[32.97261,-9.45056],[32.97267,-9.45029],[32.97269,-9.45018],[32.9727,-9.45012]]},"properties":{"id":1059716825,"cls":"path","hw":"path","tg":"na","name":"","ref":"","surface":"","sc":"unknown","speed":null,"lit":"unk","km":0.05}},
{"type":"Feature","geometry":{"type":"LineString","coordinates":[[32.97245,-9.4497],[32.97259,-9.44959],[32.9728,-9.44947],[32.97306,-9.44931],[32.9731,-9.44928],[32.97321,-9.44921],[32.97325,-9.44919],[32.97332,-9.44914],[32.97339,-9.44909],[32.97343,-9.44905]]},"properties":{"id":1059716826,"cls":"path","hw":"path","tg":"na","name":"","ref":"","surface":"","sc":"unknown","speed":null,"lit":"unk","km":0.13}},
{"type":"Feature","geometry":{"type":"LineString","coordinates":[[32.97312,-9.44949],[32.97314,-9.44939],[32.9732,-9.44932],[32.97324,-9.44922],[32.97325,-9.44919]]},"properties":{"id":1059716827,"cls":"path","hw":"path","tg":"na","name":"","ref":"","surface":"","sc":"unknown","speed":null,"lit":"unk","km":0.037}},
{"type":"Feature","geometry":{"type":"LineString","coordinates":[[32.97297,-9.44959],[32.97299,-9.44949]]},"properties":{"id":1059716828,"cls":"path","hw":"path","tg":"na","name":"","ref":"","surface":"","sc":"unknown","speed":null,"lit":"unk","km":0.011}},
{"type":"Feature","geometry":{"type":"LineString","coordinates":[[32.97299,-9.44949],[32.97304,-9.4494],[32.9731,-9.44932],[32.9731,-9.44928]]},"properties":{"id":1059716829,"cls":"path","hw":"path","tg":"na","name":"","ref":"","surface":"","sc":"unknown","speed":null,"lit":"unk","km":0.027}},
{"type":"Feature","geometry":{"type":"LineString","coordinates":[[32.97323,-9.4499],[32.97346,-9.4498],[32.97378,-9.44969],[32.97401,-9.44961],[32.9742,-9.44948],[32.97445,-9.44938],[32.9747,-9.4492],[32.9749,-9.44911],[32.97498,-9.44906]]},"properties":{"id":1059716830,"cls":"path","hw":"path","tg":"na","name":"","ref":"","surface":"","sc":"unknown","speed":null,"lit":"unk","km":0.215}},
{"type":"Feature","geometry":{"type":"LineString","coordinates":[[32.97546,-9.45754],[32.97549,-9.45745],[32.97559,-9.45736],[32.9757,-9.45724],[32.97579,-9.45714],[32.97584,-9.45704],[32.97579,-9.45691]]},"properties":{"id":1059716831,"cls":"path","hw":"path","tg":"na","name":"","ref":"","surface":"","sc":"unknown","speed":null,"lit":"unk","km":0.086}},
{"type":"Feature","geometry":{"type":"LineString","coordinates":[[32.97458,-9.45036],[32.97453,-9.45047],[32.97456,-9.45063],[32.97457,-9.45075],[32.97455,-9.4509],[32.97455,-9.45105],[32.97458,-9.45119],[32.97461,-9.45139],[32.97464,-9.45151]]},"properties":{"id":1059716832,"cls":"path","hw":"path","tg":"na","name":"","ref":"","surface":"","sc":"unknown","speed":null,"lit":"unk","km":0.131}},
{"type":"Feature","geometry":{"type":"LineString","coordinates":[[32.96979,-9.45493],[32.96992,-9.45475],[32.97,-9.45456],[32.97013,-9.45437],[32.97026,-9.45433]]},"properties":{"id":1059718725,"cls":"path","hw":"path","tg":"na","name":"","ref":"","surface":"","sc":"unknown","speed":null,"lit":"unk","km":0.088}},
{"type":"Feature","geometry":{"type":"LineString","coordinates":[[32.96795,-9.46689],[32.96818,-9.46663],[32.96878,-9.46601],[32.969,-9.46571],[32.969,-9.46545],[32.96914,-9.46533]]},"properties":{"id":1060582069,"cls":"path","hw":"path","tg":"na","name":"","ref":"","surface":"","sc":"unknown","speed":null,"lit":"unk","km":0.224}},
{"type":"Feature","geometry":{"type":"LineString","coordinates":[[32.94311,-9.42047],[32.94283,-9.4208]]},"properties":{"id":1130624882,"cls":"unclassified","hw":"unclassified","tg":"na","name":"","ref":"","surface":"unpaved","sc":"unpaved","speed":null,"lit":"unk","km":0.048}},
{"type":"Feature","geometry":{"type":"LineString","coordinates":[[32.94585,-9.41167],[32.94603,-9.41173],[32.94617,-9.4118],[32.94628,-9.41186],[32.9464,-9.41191],[32.94643,-9.41194],[32.94651,-9.41201],[32.94663,-9.41207],[32.94677,-9.41213],[32.94688,-9.41219],[32.947,-9.41228],[32.94716,-9.41236],[32.94732,-9.41244],[32.9474,-9.4125],[32.94758,-9.41262],[32.9476,-9.41262],[32.94773,-9.41275],[32.94774,-9.41284],[32.94776,-9.41293]]},"properties":{"id":1130624883,"cls":"unclassified","hw":"unclassified","tg":"na","name":"","ref":"","surface":"unpaved","sc":"unpaved","speed":null,"lit":"unk","km":0.261}},
{"type":"Feature","geometry":{"type":"LineString","coordinates":[[32.94302,-9.42022],[32.94306,-9.4203],[32.94307,-9.42036],[32.9431,-9.42044],[32.94311,-9.42047]]},"properties":{"id":1130624884,"cls":"path","hw":"path","tg":"na","name":"","ref":"","surface":"","sc":"unknown","speed":null,"lit":"unk","km":0.03}},
{"type":"Feature","geometry":{"type":"LineString","coordinates":[[32.94283,-9.41982],[32.9429,-9.41994],[32.94294,-9.42004],[32.94297,-9.42013],[32.94299,-9.42018],[32.94302,-9.42022]]},"properties":{"id":1130624885,"cls":"path","hw":"path","tg":"na","name":"","ref":"","surface":"","sc":"unknown","speed":null,"lit":"unk","km":0.049}},
{"type":"Feature","geometry":{"type":"LineString","coordinates":[[32.94314,-9.42189],[32.94322,-9.42198]]},"properties":{"id":1130624892,"cls":"path","hw":"path","tg":"na","name":"","ref":"","surface":"","sc":"unknown","speed":null,"lit":"unk","km":0.013}},
{"type":"Feature","geometry":{"type":"LineString","coordinates":[[32.94329,-9.42176],[32.94319,-9.42184],[32.94314,-9.42189]]},"properties":{"id":1130624893,"cls":"path","hw":"path","tg":"na","name":"","ref":"","surface":"","sc":"unknown","speed":null,"lit":"unk","km":0.022}},
{"type":"Feature","geometry":{"type":"LineString","coordinates":[[32.96538,-9.45587],[32.96529,-9.45572]]},"properties":{"id":1130633024,"cls":"path","hw":"path","tg":"na","name":"","ref":"","surface":"","sc":"unknown","speed":null,"lit":"unk","km":0.019}},
{"type":"Feature","geometry":{"type":"LineString","coordinates":[[32.96419,-9.45537],[32.96414,-9.45594],[32.96412,-9.45598],[32.96409,-9.45603],[32.96405,-9.45607],[32.964,-9.45609],[32.96395,-9.45611],[32.96389,-9.45611],[32.96384,-9.4561],[32.96378,-9.45611],[32.96373,-9.45613],[32.96368,-9.45616],[32.96364,-9.45619],[32.96347,-9.45645],[32.96322,-9.45683]]},"properties":{"id":1130633025,"cls":"path","hw":"path","tg":"na","name":"","ref":"","surface":"","sc":"unknown","speed":null,"lit":"unk","km":0.215}},
{"type":"Feature","geometry":{"type":"LineString","coordinates":[[32.97245,-9.45759],[32.97235,-9.45763],[32.97209,-9.45774],[32.97178,-9.45783],[32.97169,-9.45786],[32.97148,-9.45792],[32.97124,-9.45798],[32.97119,-9.45798],[32.97088,-9.45808],[32.97064,-9.45819],[32.97061,-9.45823],[32.97046,-9.45831],[32.97038,-9.45835]]},"properties":{"id":1130633026,"cls":"path","hw":"path","tg":"na","name":"","ref":"","surface":"","sc":"unknown","speed":null,"lit":"unk","km":0.244}},
{"type":"Feature","geometry":{"type":"LineString","coordinates":[[32.97245,-9.45759],[32.97227,-9.45759]]},"properties":{"id":1130633027,"cls":"unclassified","hw":"unclassified","tg":"na","name":"","ref":"","surface":"unpaved","sc":"unpaved","speed":null,"lit":"unk","km":0.02}},
{"type":"Feature","geometry":{"type":"LineString","coordinates":[[32.9739,-9.45811],[32.97393,-9.45801],[32.97401,-9.4579],[32.97404,-9.45782],[32.97414,-9.45762]]},"properties":{"id":1130633028,"cls":"path","hw":"path","tg":"na","name":"","ref":"","surface":"","sc":"unknown","speed":null,"lit":"unk","km":0.061}},
{"type":"Feature","geometry":{"type":"LineString","coordinates":[[32.97013,-9.45737],[32.97025,-9.45738],[32.97112,-9.45751]]},"properties":{"id":1130633029,"cls":"unclassified","hw":"unclassified","tg":"na","name":"","ref":"","surface":"unpaved","sc":"unpaved","speed":null,"lit":"unk","km":0.11}},
{"type":"Feature","geometry":{"type":"LineString","coordinates":[[32.96999,-9.45734],[32.97013,-9.45737]]},"properties":{"id":1130633030,"cls":"unclassified","hw":"unclassified","tg":"na","name":"","ref":"","surface":"unpaved","sc":"unpaved","speed":null,"lit":"unk","km":0.016}},
{"type":"Feature","geometry":{"type":"LineString","coordinates":[[32.96712,-9.45684],[32.96725,-9.45683],[32.96748,-9.45687],[32.96886,-9.45711],[32.96999,-9.45734]]},"properties":{"id":1130633031,"cls":"unclassified","hw":"unclassified","tg":"na","name":"","ref":"","surface":"unpaved","sc":"unpaved","speed":null,"lit":"unk","km":0.32}},
{"type":"Feature","geometry":{"type":"LineString","coordinates":[[32.97025,-9.45738],[32.97026,-9.45735],[32.97027,-9.45727],[32.97032,-9.45719],[32.97034,-9.45712],[32.97032,-9.45707]]},"properties":{"id":1130633032,"cls":"path","hw":"path","tg":"na","name":"","ref":"","surface":"","sc":"unknown","speed":null,"lit":"unk","km":0.037}},
{"type":"Feature","geometry":{"type":"LineString","coordinates":[[32.97112,-9.45751],[32.97133,-9.45752],[32.97155,-9.45754],[32.97227,-9.45759]]},"properties":{"id":1130633033,"cls":"unclassified","hw":"unclassified","tg":"na","name":"","ref":"","surface":"unpaved","sc":"unpaved","speed":null,"lit":"unk","km":0.126}},
{"type":"Feature","geometry":{"type":"LineString","coordinates":[[32.96269,-9.45689],[32.96282,-9.4567]]},"properties":{"id":1130633034,"cls":"path","hw":"path","tg":"na","name":"","ref":"","surface":"","sc":"unknown","speed":null,"lit":"unk","km":0.025}},
{"type":"Feature","geometry":{"type":"LineString","coordinates":[[32.96485,-9.45529],[32.965,-9.45515]]},"properties":{"id":1130633036,"cls":"path","hw":"path","tg":"na","name":"","ref":"","surface":"","sc":"unknown","speed":null,"lit":"unk","km":0.023}},
{"type":"Feature","geometry":{"type":"LineString","coordinates":[[32.96633,-9.45242],[32.96692,-9.45195],[32.96692,-9.45192]]},"properties":{"id":1130633038,"cls":"path","hw":"path","tg":"na","name":"","ref":"","surface":"","sc":"unknown","speed":null,"lit":"unk","km":0.087}},
{"type":"Feature","geometry":{"type":"LineString","coordinates":[[32.96022,-9.45641],[32.95974,-9.4566],[32.95949,-9.45672],[32.95926,-9.45683],[32.95914,-9.45686]]},"properties":{"id":1130633039,"cls":"path","hw":"path","tg":"na","name":"","ref":"","surface":"","sc":"unknown","speed":null,"lit":"unk","km":0.129}},
{"type":"Feature","geometry":{"type":"LineString","coordinates":[[32.96499,-9.45344],[32.96459,-9.45432],[32.96453,-9.45451],[32.96465,-9.45482]]},"properties":{"id":1130633040,"cls":"path","hw":"path","tg":"na","name":"","ref":"","surface":"","sc":"unknown","speed":null,"lit":"unk","km":0.166}},
{"type":"Feature","geometry":{"type":"LineString","coordinates":[[32.96388,-9.45416],[32.96371,-9.45401]]},"properties":{"id":1130633041,"cls":"residential","hw":"residential","tg":"na","name":"","ref":"","surface":"unpaved","sc":"unpaved","speed":null,"lit":"unk","km":0.025}},
{"type":"Feature","geometry":{"type":"LineString","coordinates":[[32.97652,-9.46629],[32.97647,-9.46616],[32.97641,-9.46607],[32.97632,-9.46599],[32.97607,-9.46585],[32.97572,-9.46561],[32.9754,-9.46549],[32.97507,-9.46539]]},"properties":{"id":1130635353,"cls":"path","hw":"path","tg":"na","name":"","ref":"","surface":"","sc":"unknown","speed":null,"lit":"unk","km":0.194}},
{"type":"Feature","geometry":{"type":"LineString","coordinates":[[32.97263,-9.46069],[32.97253,-9.46094],[32.97252,-9.46107],[32.97247,-9.46116],[32.97247,-9.46123]]},"properties":{"id":1130635354,"cls":"path","hw":"path","tg":"na","name":"","ref":"","surface":"","sc":"unknown","speed":null,"lit":"unk","km":0.064}},
{"type":"Feature","geometry":{"type":"LineString","coordinates":[[32.97662,-9.46618],[32.97652,-9.46629],[32.97647,-9.46635],[32.97629,-9.46654],[32.97608,-9.4667],[32.97583,-9.46689],[32.97557,-9.46708],[32.97532,-9.46734],[32.9751,-9.46748],[32.97495,-9.46754],[32.97487,-9.46751]]},"properties":{"id":1130635355,"cls":"path","hw":"path","tg":"na","name":"","ref":"","surface":"","sc":"unknown","speed":null,"lit":"unk","km":0.249}},
{"type":"Feature","geometry":{"type":"LineString","coordinates":[[32.97985,-9.45631],[32.97991,-9.45617],[32.97995,-9.45612]]},"properties":{"id":1133121201,"cls":"path","hw":"path","tg":"na","name":"","ref":"","surface":"","sc":"unknown","speed":null,"lit":"unk","km":0.024}},
{"type":"Feature","geometry":{"type":"LineString","coordinates":[[32.97958,-9.45612],[32.97966,-9.45612],[32.97979,-9.45613],[32.97988,-9.45612],[32.97995,-9.45612]]},"properties":{"id":1133121202,"cls":"unclassified","hw":"unclassified","tg":"na","name":"","ref":"","surface":"","sc":"unknown","speed":null,"lit":"unk","km":0.041}},
{"type":"Feature","geometry":{"type":"LineString","coordinates":[[32.98131,-9.45623],[32.98168,-9.4563],[32.9819,-9.45638],[32.98214,-9.45648],[32.9825,-9.45656],[32.98261,-9.45657],[32.98276,-9.45661],[32.98302,-9.45663],[32.98319,-9.45666],[32.98329,-9.45668]]},"properties":{"id":1133121203,"cls":"unclassified","hw":"unclassified","tg":"na","name":"","ref":"","surface":"","sc":"unknown","speed":null,"lit":"unk","km":0.224}},
{"type":"Feature","geometry":{"type":"LineString","coordinates":[[32.98329,-9.45668],[32.98354,-9.45672],[32.98385,-9.45675],[32.98405,-9.45676]]},"properties":{"id":1133121204,"cls":"unclassified","hw":"unclassified","tg":"na","name":"","ref":"","surface":"","sc":"unknown","speed":null,"lit":"unk","km":0.084}},
{"type":"Feature","geometry":{"type":"LineString","coordinates":[[32.97815,-9.45591],[32.97807,-9.45592],[32.97796,-9.45601],[32.97784,-9.4561],[32.97764,-9.45622],[32.97753,-9.45633],[32.97748,-9.45639]]},"properties":{"id":1133121205,"cls":"path","hw":"path","tg":"na","name":"","ref":"","surface":"","sc":"unknown","speed":null,"lit":"unk","km":0.093}},
{"type":"Feature","geometry":{"type":"LineString","coordinates":[[32.95641,-9.49286],[32.95632,-9.49284],[32.95614,-9.49272],[32.95607,-9.49264],[32.95601,-9.49247],[32.95598,-9.49244],[32.95594,-9.49243],[32.95586,-9.49231]]},"properties":{"id":1173557847,"cls":"path","hw":"path","tg":"na","name":"","ref":"","surface":"","sc":"unknown","speed":null,"lit":"unk","km":0.091}},
{"type":"Feature","geometry":{"type":"LineString","coordinates":[[32.94135,-9.42318],[32.94169,-9.42314],[32.9418,-9.42311],[32.94202,-9.42308]]},"properties":{"id":1188205356,"cls":"service","hw":"service","tg":"na","name":"","ref":"","surface":"","sc":"unknown","speed":null,"lit":"unk","km":0.074}},
{"type":"Feature","geometry":{"type":"LineString","coordinates":[[32.94197,-9.42207],[32.94175,-9.42202],[32.94147,-9.42199],[32.94123,-9.42204],[32.94108,-9.42214],[32.94094,-9.42224]]},"properties":{"id":1188205357,"cls":"residential","hw":"residential","tg":"na","name":"","ref":"","surface":"","sc":"unknown","speed":null,"lit":"unk","km":0.121}},
{"type":"Feature","geometry":{"type":"LineString","coordinates":[[32.98963,-9.4673],[32.98943,-9.46772],[32.98922,-9.46826],[32.98908,-9.46857],[32.98891,-9.4689],[32.98858,-9.46959],[32.98843,-9.47005],[32.98832,-9.47046],[32.98829,-9.47082],[32.98828,-9.47123],[32.98829,-9.47155],[32.98831,-9.472],[32.98839,-9.4727],[32.98851,-9.47302],[32.98878,-9.4735],[32.98888,-9.47402],[32.98893,-9.47433],[32.98927,-9.47524],[32.98935,-9.47546],[32.98941,-9.47567],[32.98954,-9.47625],[32.98962,-9.47674],[32.98967,-9.47718],[32.98972,-9.47748],[32.9898,-9.47778],[32.98982,-9.47793],[32.98986,-9.47832],[32.98986,-9.47847],[32.98984,-9.47875],[32.98988,-9.47896],[32.98991,-9.47928],[32.99,-9.47964],[32.99005,-9.47975],[32.9901,-9.47985],[32.99021,-9.48001],[32.99044,-9.48029],[32.9907,-9.48053],[32.99123,-9.48094],[32.99139,-9.48115],[32.99153,-9.48119],[32.99184,-9.48134],[32.99204,-9.4814],[32.99226,-9.48144],[32.99236,-9.48147],[32.9925,-9.48154],[32.99278,-9.48166],[32.99311,-9.48178],[32.99338,-9.48186],[32.99356,-9.48191],[32.99363,-9.48195],[32.99374,-9.48204],[32.99389,-9.48218],[32.99404,-9.48236],[32.99416,-9.48248],[32.99429,-9.48259],[32.99476,-9.48295],[32.99519,-9.48329],[32.9962,-9.48402],[32.99662,-9.48428],[32.99685,-9.48443],[32.99711,-9.48459],[32.99731,-9.48469],[32.9975,-9.4848],[32.99769,-9.48497],[32.99787,-9.48512],[32.9981,-9.48523],[32.99833,-9.48531],[32.99866,-9.48541],[32.99876,-9.48544],[32.9989,-9.48548],[32.99909,-9.4855],[32.99977,-9.4856],[33.00018,-9.48564],[33.00076,-9.4857],[33.00123,-9.48575],[33.00157,-9.4858],[33.0019,-9.48587],[33.00309,-9.48612],[33.00319,-9.48615],[33.00431,-9.48669],[33.00474,-9.48681],[33.00532,-9.48704],[33.00567,-9.4872],[33.00687,-9.48795],[33.00763,-9.48845],[33.0078,-9.48862],[33.00806,-9.48899],[33.00864,-9.48975],[33.00897,-9.49005],[33.00912,-9.49024],[33.00966,-9.49087],[33.01014,-9.49138],[33.01066,-9.49195],[33.01084,-9.49208],[33.01136,-9.49242],[33.01205,-9.49289],[33.01252,-9.4932],[33.01292,-9.49347],[33.01391,-9.49415],[33.01405,-9.49424],[33.0143,-9.49438],[33.01453,-9.49446],[33.01486,-9.49449],[33.01538,-9.49467],[33.01696,-9.49506],[33.01758,-9.49519],[33.0181,-9.49525],[33.01827,-9.49528],[33.01956,-9.49556],[33.02028,-9.49575],[33.02154,-9.49622],[33.02171,-9.49625],[33.02242,-9.49655],[33.02308,-9.49687],[33.02335,-9.49703],[33.0237,-9.49728],[33.02382,-9.49737],[33.02481,-9.49812]]},"properties":{"id":1210468208,"cls":"unclassified","hw":"unclassified","tg":"na","name":"","ref":"","surface":"","sc":"unknown","speed":null,"lit":"unk","km":5.893}},
{"type":"Feature","geometry":{"type":"LineString","coordinates":[[32.95702,-9.4677],[32.95709,-9.46771],[32.95724,-9.46769],[32.95728,-9.4677],[32.95776,-9.46788],[32.95814,-9.46807],[32.95826,-9.46812],[32.95846,-9.46823],[32.95871,-9.46834],[32.95878,-9.46835],[32.95888,-9.46842],[32.95905,-9.46858]]},"properties":{"id":1213744212,"cls":"path","hw":"path","tg":"na","name":"","ref":"","surface":"","sc":"unknown","speed":null,"lit":"unk","km":0.248}},
{"type":"Feature","geometry":{"type":"LineString","coordinates":[[32.95428,-9.46428],[32.95434,-9.46442],[32.95464,-9.46483],[32.95474,-9.46503],[32.95495,-9.46525]]},"properties":{"id":1213744213,"cls":"path","hw":"path","tg":"na","name":"","ref":"","surface":"unpaved","sc":"unpaved","speed":null,"lit":"unk","km":0.132}},
{"type":"Feature","geometry":{"type":"LineString","coordinates":[[32.95522,-9.46481],[32.95509,-9.46487],[32.95498,-9.46492],[32.95474,-9.46503]]},"properties":{"id":1213744214,"cls":"path","hw":"path","tg":"na","name":"","ref":"","surface":"unpaved","sc":"unpaved","speed":null,"lit":"unk","km":0.058}},
{"type":"Feature","geometry":{"type":"LineString","coordinates":[[32.9513,-9.46372],[32.9511,-9.4643],[32.95108,-9.46437]]},"properties":{"id":1213744215,"cls":"path","hw":"path","tg":"na","name":"","ref":"","surface":"","sc":"unknown","speed":null,"lit":"unk","km":0.076}},
{"type":"Feature","geometry":{"type":"LineString","coordinates":[[32.95074,-9.47069],[32.95091,-9.47006],[32.9509,-9.47001],[32.951,-9.46972],[32.95103,-9.46969],[32.95115,-9.46933],[32.95117,-9.46913],[32.95115,-9.46908],[32.95088,-9.46874],[32.95071,-9.46844],[32.95063,-9.46837],[32.95048,-9.46815],[32.95042,-9.46802],[32.95034,-9.46781],[32.95015,-9.46735],[32.95014,-9.4672],[32.95013,-9.46714],[32.95005,-9.46693],[32.94985,-9.46645],[32.94969,-9.46621],[32.94957,-9.46612],[32.94942,-9.46592]]},"properties":{"id":1213744219,"cls":"path","hw":"path","tg":"na","name":"","ref":"","surface":"","sc":"unknown","speed":null,"lit":"unk","km":0.593}},
{"type":"Feature","geometry":{"type":"LineString","coordinates":[[32.95693,-9.4716],[32.95685,-9.47165],[32.95669,-9.47172]]},"properties":{"id":1213744221,"cls":"unclassified","hw":"unclassified","tg":"na","name":"","ref":"","surface":"unpaved","sc":"unpaved","speed":null,"lit":"unk","km":0.03}},
{"type":"Feature","geometry":{"type":"LineString","coordinates":[[32.95396,-9.46984],[32.95425,-9.47003],[32.95439,-9.47013],[32.9545,-9.4702],[32.95467,-9.47034],[32.95475,-9.47039],[32.95485,-9.47046],[32.95499,-9.47054],[32.95513,-9.47062],[32.95522,-9.47067],[32.95539,-9.47076]]},"properties":{"id":1213744222,"cls":"residential","hw":"residential","tg":"na","name":"","ref":"","surface":"unpaved","sc":"unpaved","speed":null,"lit":"unk","km":0.188}},
{"type":"Feature","geometry":{"type":"LineString","coordinates":[[32.95276,-9.46902],[32.95296,-9.46922],[32.95311,-9.4693],[32.95367,-9.46966],[32.95382,-9.46977],[32.95396,-9.46984]]},"properties":{"id":1213744223,"cls":"path","hw":"path","tg":"na","name":"","ref":"","surface":"unpaved","sc":"unpaved","speed":null,"lit":"unk","km":0.161}},
{"type":"Feature","geometry":{"type":"LineString","coordinates":[[32.94695,-9.46349],[32.947,-9.46358],[32.94707,-9.46367],[32.94711,-9.46377],[32.94724,-9.46394],[32.94737,-9.46409],[32.94752,-9.4642],[32.94768,-9.46436],[32.94787,-9.46454],[32.94799,-9.46463],[32.9481,-9.46471],[32.94818,-9.46477],[32.9483,-9.46489],[32.94838,-9.46494],[32.94854,-9.46502],[32.94864,-9.46512],[32.94873,-9.46524],[32.94883,-9.46533],[32.94892,-9.46544],[32.94896,-9.4655],[32.94902,-9.46557],[32.9491,-9.46563],[32.94924,-9.46578],[32.94936,-9.46587],[32.94942,-9.46592]]},"properties":{"id":1213744224,"cls":"path","hw":"path","tg":"na","name":"","ref":"","surface":"unpaved","sc":"unpaved","speed":null,"lit":"unk","km":0.387}},
{"type":"Feature","geometry":{"type":"LineString","coordinates":[[32.94628,-9.46031],[32.94626,-9.46037],[32.9462,-9.46051],[32.94619,-9.4606],[32.94618,-9.46067],[32.94609,-9.46084],[32.94607,-9.46091],[32.94611,-9.46116],[32.94617,-9.46142],[32.94627,-9.46155],[32.94641,-9.4617],[32.9465,-9.46188],[32.94665,-9.46223],[32.94669,-9.46231],[32.94673,-9.46247],[32.94676,-9.46253],[32.94681,-9.4626],[32.94685,-9.46279],[32.94691,-9.46323],[32.94695,-9.46349]]},"properties":{"id":1213744231,"cls":"path","hw":"path","tg":"na","name":"","ref":"","surface":"unpaved","sc":"unpaved","speed":null,"lit":"unk","km":0.38}},
{"type":"Feature","geometry":{"type":"LineString","coordinates":[[32.95525,-9.46366],[32.95513,-9.46361],[32.955,-9.46361],[32.9549,-9.4636],[32.95483,-9.46357],[32.95473,-9.46356],[32.95466,-9.46354],[32.95455,-9.46353]]},"properties":{"id":1213744235,"cls":"path","hw":"path","tg":"na","name":"","ref":"","surface":"unpaved","sc":"unpaved","speed":null,"lit":"unk","km":0.079}},
{"type":"Feature","geometry":{"type":"LineString","coordinates":[[32.95455,-9.46353],[32.95444,-9.46352],[32.95432,-9.46347],[32.95403,-9.4634],[32.95391,-9.46338],[32.95375,-9.46332],[32.95363,-9.46328],[32.95349,-9.46327],[32.95336,-9.46328],[32.95324,-9.46328],[32.95308,-9.46327]]},"properties":{"id":1213744236,"cls":"path","hw":"path","tg":"na","name":"","ref":"","surface":"unpaved","sc":"unpaved","speed":null,"lit":"unk","km":0.166}},
{"type":"Feature","geometry":{"type":"LineString","coordinates":[[32.95914,-9.46735],[32.95905,-9.46746],[32.95894,-9.46758],[32.95881,-9.46764],[32.95846,-9.4679],[32.95836,-9.46801],[32.95831,-9.46808],[32.95826,-9.46812]]},"properties":{"id":1213744247,"cls":"path","hw":"path","tg":"na","name":"","ref":"","surface":"","sc":"unknown","speed":null,"lit":"unk","km":0.131}}
]}