{"type":"FeatureCollection","features":[
{"type":"Feature","geometry":{"type":"LineString","coordinates":[[33.00912,-9.39283],[33.00964,-9.39332],[33.01014,-9.3939],[33.01031,-9.39406],[33.01088,-9.39455],[33.01094,-9.39459],[33.011,-9.39462],[33.01114,-9.39464],[33.01119,-9.39465],[33.012,-9.39482],[33.01223,-9.39487],[33.0125,-9.39497],[33.01278,-9.39506],[33.01309,-9.39519],[33.01352,-9.39534],[33.01395,-9.39551],[33.01413,-9.39557],[33.01439,-9.3957],[33.01459,-9.39579],[33.01486,-9.39593],[33.01531,-9.39617],[33.01556,-9.39632],[33.01569,-9.39639],[33.01583,-9.39646],[33.01593,-9.39654],[33.01613,-9.39666],[33.01633,-9.39682],[33.01673,-9.39712],[33.01693,-9.39726],[33.01716,-9.39748],[33.01725,-9.39759],[33.01743,-9.39787],[33.0175,-9.398],[33.01762,-9.39816],[33.01784,-9.39841],[33.01797,-9.3985],[33.01814,-9.39867],[33.01823,-9.39875],[33.01829,-9.39879],[33.01869,-9.39911],[33.01888,-9.39928],[33.01895,-9.39933],[33.0192,-9.39958],[33.01938,-9.39976],[33.01961,-9.39998],[33.0198,-9.40019],[33.01995,-9.40034],[33.02016,-9.40064],[33.02025,-9.40079],[33.02031,-9.40092],[33.02041,-9.40106],[33.0205,-9.40122],[33.02058,-9.40133],[33.02062,-9.40141],[33.02109,-9.40209],[33.02151,-9.40265],[33.0217,-9.40296],[33.02177,-9.40303],[33.02194,-9.40321],[33.02214,-9.4035],[33.02241,-9.40379],[33.02256,-9.40396],[33.02273,-9.40413],[33.023,-9.4044],[33.02319,-9.40458],[33.02353,-9.40497],[33.02369,-9.40513],[33.02377,-9.40523],[33.02397,-9.40537],[33.02416,-9.40548],[33.02484,-9.40583],[33.02492,-9.40591],[33.02498,-9.40596],[33.02502,-9.40605]]},"properties":{"id":24854111,"cls":"tertiary","hw":"tertiary","tg":"na","name":"","ref":"M9","surface":"unpaved","sc":"unpaved","speed":null,"lit":"unk","km":2.346}},
{"type":"Feature","geometry":{"type":"LineString","coordinates":[[33.29371,-9.49871],[33.2939,-9.49867],[33.2941,-9.49865],[33.29447,-9.49857],[33.29481,-9.49847],[33.29515,-9.49834],[33.29623,-9.4978],[33.29668,-9.49765],[33.29711,-9.49748],[33.29732,-9.49741],[33.29746,-9.49737],[33.29771,-9.49731],[33.29795,-9.49728],[33.29803,-9.49727],[33.29827,-9.49728],[33.29836,-9.49729],[33.2988,-9.49732],[33.29886,-9.49732],[33.2996,-9.49736],[33.29964,-9.49736],[33.30069,-9.4974],[33.30111,-9.49742],[33.30158,-9.49741],[33.3019,-9.49739],[33.30236,-9.49734],[33.30302,-9.49727],[33.30333,-9.49724],[33.30444,-9.49715],[33.30492,-9.49719],[33.30546,-9.49725],[33.30602,-9.49732],[33.30705,-9.49747],[33.30744,-9.49752],[33.30785,-9.49758],[33.30796,-9.49759],[33.30832,-9.49761],[33.30877,-9.49758],[33.30882,-9.49757],[33.30915,-9.49754],[33.30987,-9.49746],[33.31026,-9.49744],[33.31095,-9.49744],[33.31129,-9.49745],[33.31148,-9.49744],[33.3117,-9.49738],[33.31186,-9.49734],[33.31196,-9.49725],[33.31215,-9.49696]]},"properties":{"id":47587110,"cls":"tertiary","hw":"tertiary","tg":"na","name":"T301","ref":"T301","surface":"","sc":"unknown","speed":null,"lit":"unk","km":2.081}},
{"type":"Feature","geometry":{"type":"LineString","coordinates":[[33.33969,-9.49506],[33.33858,-9.49473],[33.33841,-9.49465],[33.3381,-9.4945],[33.33785,-9.49434],[33.33744,-9.49398],[33.33732,-9.49387],[33.33698,-9.49351],[33.33679,-9.4934],[33.3365,-9.49328],[33.33635,-9.49324],[33.33598,-9.4932],[33.33585,-9.49317],[33.33572,-9.49313],[33.33554,-9.49299],[33.33522,-9.49269],[33.33486,-9.49238],[33.33441,-9.49215],[33.33407,-9.49203],[33.33369,-9.49189],[33.33355,-9.49181],[33.33339,-9.49169],[33.33305,-9.49133],[33.33272,-9.49082],[33.33226,-9.4903],[33.33189,-9.48989],[33.3318,-9.48977],[33.33169,-9.48955],[33.33151,-9.4892],[33.33141,-9.48895],[33.33139,-9.4889],[33.3313,-9.48884],[33.33111,-9.48879],[33.33084,-9.48878],[33.33058,-9.48872],[33.33037,-9.48861],[33.3303,-9.48858],[33.3302,-9.48854],[33.33001,-9.4885],[33.32976,-9.48846],[33.32943,-9.48835],[33.32909,-9.48818],[33.32884,-9.48804],[33.32867,-9.48793],[33.32828,-9.48762],[33.32814,-9.4875],[33.32754,-9.48689],[33.32732,-9.48663],[33.32714,-9.48636],[33.32697,-9.48609],[33.32682,-9.48579],[33.32676,-9.48574],[33.32664,-9.48562]]},"properties":{"id":194737517,"cls":"secondary","hw":"secondary","tg":"na","name":"","ref":"R599","surface":"unpaved","sc":"unpaved","speed":null,"lit":"unk","km":1.851}},
{"type":"Feature","geometry":{"type":"LineString","coordinates":[[33.49481,-9.45631],[33.49442,-9.45675],[33.49407,-9.4572],[33.49391,-9.45741],[33.49386,-9.45744],[33.49375,-9.45748],[33.49351,-9.45749],[33.49329,-9.45751],[33.49316,-9.45755],[33.49307,-9.45768],[33.49309,-9.45785],[33.49321,-9.45825],[33.49326,-9.45841],[33.49327,-9.45847],[33.49326,-9.45856],[33.49321,-9.45869],[33.49313,-9.45879],[33.49285,-9.45901],[33.49256,-9.45915],[33.49219,-9.45923],[33.49167,-9.45923],[33.49099,-9.45917],[33.49062,-9.45914],[33.49026,-9.45921],[33.49001,-9.45922],[33.48971,-9.45913],[33.48939,-9.45904],[33.48906,-9.45913],[33.48873,-9.45925],[33.48825,-9.45953],[33.48802,-9.45965],[33.4877,-9.45967],[33.48734,-9.45956],[33.48689,-9.45929],[33.48666,-9.45908],[33.48653,-9.45883],[33.4863,-9.45844],[33.48603,-9.45817],[33.48463,-9.45754],[33.48457,-9.4575],[33.48421,-9.4573],[33.48328,-9.45657],[33.48283,-9.45625],[33.48262,-9.45609],[33.48189,-9.45576],[33.48159,-9.45562],[33.48136,-9.45539],[33.48103,-9.45527],[33.48099,-9.45533],[33.4811,-9.45552],[33.48123,-9.456],[33.48126,-9.45674],[33.48118,-9.45697],[33.48119,-9.45714],[33.48127,-9.45728],[33.48153,-9.45756],[33.48162,-9.45773],[33.48161,-9.45819],[33.48153,-9.45836],[33.48133,-9.45873],[33.48125,-9.45905],[33.48107,-9.45939],[33.48085,-9.45951],[33.48061,-9.45949],[33.48044,-9.45931],[33.48037,-9.45902],[33.48044,-9.45828],[33.48033,-9.45808],[33.48017,-9.45792],[33.47998,-9.45784],[33.47956,-9.45794],[33.47948,-9.45812],[33.47942,-9.45861],[33.47935,-9.45916],[33.47917,-9.45931],[33.47908,-9.45935],[33.47883,-9.45927],[33.4787,-9.45908],[33.47858,-9.45893],[33.47837,-9.45894],[33.47803,-9.45893],[33.47794,-9.45887],[33.47783,-9.45868],[33.47772,-9.45864],[33.47764,-9.45876],[33.47765,-9.45914],[33.47779,-9.45948],[33.47791,-9.4597],[33.47789,-9.46002],[33.47779,-9.46027],[33.47772,-9.46037],[33.4774,-9.46062],[33.47715,-9.46072],[33.47699,-9.46072],[33.4769,-9.46064],[33.47678,-9.46049],[33.47663,-9.46044],[33.4761,-9.46037],[33.47596,-9.46029],[33.47573,-9.46011],[33.47563,-9.46008],[33.47557,-9.46012],[33.47556,-9.46016],[33.47564,-9.46032],[33.47572,-9.4606],[33.47584,-9.46073],[33.47604,-9.46095],[33.47616,-9.4612],[33.47621,-9.46138],[33.47621,-9.46155],[33.47619,-9.46175],[33.47607,-9.46189],[33.47592,-9.46196],[33.47571,-9.46195],[33.47547,-9.4619],[33.47534,-9.46195],[33.47515,-9.46203],[33.47489,-9.46205],[33.47445,-9.46211],[33.47433,-9.46207],[33.47427,-9.462],[33.47422,-9.4618],[33.47424,-9.46157],[33.47424,-9.46133],[33.47421,-9.46124],[33.47413,-9.46123],[33.47405,-9.46134],[33.47394,-9.46157],[33.47371,-9.46228],[33.47354,-9.46266],[33.47345,-9.4629],[33.47339,-9.46312],[33.4734,-9.46327],[33.47348,-9.46357],[33.47343,-9.46372],[33.4733,-9.46376],[33.4731,-9.46377],[33.47301,-9.46385],[33.47295,-9.46398],[33.4729,-9.46423],[33.47287,-9.46481],[33.47282,-9.46505],[33.47277,-9.46513],[33.47269,-9.46517],[33.47259,-9.46511],[33.47254,-9.46501],[33.47248,-9.46484],[33.47249,-9.46463],[33.47249,-9.46445],[33.47244,-9.46439],[33.47209,-9.46455],[33.47207,-9.4647],[33.47203,-9.46542],[33.472,-9.46579],[33.47193,-9.466],[33.47189,-9.46655],[33.47173,-9.46685],[33.47141,-9.4673],[33.47123,-9.46729],[33.47087,-9.46668],[33.47074,-9.46664],[33.47069,-9.4668],[33.4706,-9.46768],[33.47012,-9.46881],[33.47006,-9.469],[33.47004,-9.4692],[33.46991,-9.46935],[33.46941,-9.46933],[33.46923,-9.46939],[33.4691,-9.46959],[33.46877,-9.47028],[33.46864,-9.47063],[33.46855,-9.47098],[33.46821,-9.47155],[33.46826,-9.47174],[33.46854,-9.47205],[33.4693,-9.4723],[33.46938,-9.47235],[33.46943,-9.4724],[33.46942,-9.4725],[33.4693,-9.4726],[33.46908,-9.47266],[33.46894,-9.47268],[33.46881,-9.47277],[33.46858,-9.47297],[33.46763,-9.47332],[33.46731,-9.47345],[33.46672,-9.4735],[33.46578,-9.47392],[33.46564,-9.47403],[33.46564,-9.47415],[33.46571,-9.47434],[33.46565,-9.4745],[33.46552,-9.47461],[33.46485,-9.47484],[33.46446,-9.47505],[33.46351,-9.47541],[33.46314,-9.4756],[33.46294,-9.47573],[33.46245,-9.47567],[33.46228,-9.47573],[33.46198,-9.47597],[33.46141,-9.47612],[33.46086,-9.47617],[33.4599,-9.47629],[33.45888,-9.4764],[33.4584,-9.47662],[33.45827,-9.4767],[33.45806,-9.47691],[33.45752,-9.47747],[33.45737,-9.47764],[33.45715,-9.47781],[33.45683,-9.47794],[33.45668,-9.47815],[33.45646,-9.47855],[33.45623,-9.47898],[33.45609,-9.47932],[33.456,-9.47956],[33.45596,-9.47968],[33.45592,-9.47978],[33.45576,-9.47981],[33.45542,-9.47973],[33.45503,-9.47976],[33.45473,-9.47988],[33.45424,-9.48018],[33.45402,-9.48033],[33.4533,-9.48037],[33.45313,-9.48043],[33.45309,-9.48047],[33.45287,-9.48071],[33.45279,-9.4809],[33.45278,-9.48106],[33.4528,-9.48119],[33.4528,-9.48156],[33.4527,-9.48177],[33.45255,-9.48195],[33.45224,-9.48245],[33.45194,-9.48282],[33.45172,-9.48309],[33.45154,-9.48349],[33.45137,-9.48388],[33.45127,-9.48426],[33.45133,-9.48459],[33.45128,-9.48475],[33.45114,-9.48494],[33.45091,-9.48516],[33.45056,-9.4854],[33.45007,-9.48557],[33.44945,-9.48603],[33.44904,-9.48644],[33.44855,-9.48658],[33.44824,-9.48678],[33.44794,-9.48706],[33.44764,-9.48717],[33.44708,-9.48728],[33.44664,-9.48743],[33.44621,-9.48759],[33.44569,-9.48789],[33.44562,-9.48798],[33.44512,-9.48829],[33.4446,-9.48847],[33.4443,-9.48851],[33.44415,-9.48854],[33.44376,-9.48849],[33.44279,-9.48828],[33.44232,-9.488],[33.44211,-9.48788],[33.44184,-9.48776],[33.44151,-9.48761],[33.44103,-9.48749],[33.44075,-9.48747],[33.44021,-9.48748],[33.43969,-9.48744],[33.43955,-9.48758],[33.43935,-9.4879],[33.4391,-9.4881],[33.43879,-9.48832],[33.43856,-9.48861],[33.43853,-9.48866],[33.43831,-9.48901],[33.43819,-9.48914],[33.43807,-9.48926],[33.43788,-9.48973],[33.4378,-9.48994],[33.43772,-9.49026],[33.43766,-9.49035],[33.43742,-9.49072],[33.43739,-9.49081],[33.43739,-9.4909],[33.43741,-9.49101],[33.43746,-9.4911],[33.43761,-9.49134],[33.43781,-9.49173],[33.43783,-9.49176],[33.43808,-9.49227],[33.43823,-9.49243],[33.43818,-9.4927],[33.43808,-9.4929],[33.43793,-9.4931],[33.43785,-9.49326],[33.43783,-9.4935],[33.43799,-9.49366],[33.43814,-9.49377],[33.43827,-9.49384],[33.43837,-9.49389],[33.4385,-9.49402],[33.43852,-9.49419],[33.43847,-9.49443],[33.43833,-9.49463],[33.43816,-9.49481],[33.4381,-9.49493],[33.4381,-9.49505],[33.4381,-9.49529],[33.43809,-9.49557],[33.43796,-9.49591],[33.43787,-9.49615],[33.43783,-9.49642],[33.43782,-9.49679],[33.43787,-9.49697],[33.43803,-9.49715],[33.43813,-9.49722],[33.43811,-9.49731],[33.43807,-9.49737],[33.43797,-9.49744],[33.43775,-9.49747],[33.43762,-9.49755],[33.43751,-9.49765],[33.43737,-9.49776],[33.4371,-9.49793],[33.43697,-9.49806],[33.43681,-9.4983],[33.43668,-9.49854],[33.43654,-9.49857],[33.43643,-9.49853],[33.43633,-9.4985],[33.43615,-9.49836],[33.43587,-9.49829],[33.43562,-9.49828],[33.43545,-9.49833],[33.43519,-9.49847],[33.43499,-9.49839],[33.43476,-9.49828],[33.43447,-9.49828],[33.43431,-9.49833],[33.4342,-9.49847],[33.43398,-9.49885],[33.43371,-9.49901],[33.43348,-9.49911],[33.43272,-9.49899],[33.43267,-9.49897],[33.43236,-9.49883],[33.43208,-9.49882],[33.43179,-9.49892],[33.43155,-9.49902],[33.43118,-9.49915],[33.431,-9.49917],[33.43042,-9.49905],[33.43011,-9.49897],[33.42976,-9.49884],[33.4292,-9.49863],[33.4288,-9.49846],[33.42838,-9.49823],[33.42747,-9.49822],[33.42732,-9.49834],[33.42718,-9.49855],[33.42688,-9.49908],[33.42656,-9.4994],[33.42615,-9.49992],[33.42567,-9.50026],[33.4254,-9.50049],[33.42528,-9.5007],[33.42531,-9.50089],[33.42546,-9.50111],[33.42565,-9.50138],[33.42583,-9.50167],[33.42586,-9.50188],[33.42577,-9.50216],[33.42565,-9.5024],[33.42542,-9.50256],[33.42515,-9.50271],[33.42498,-9.50287],[33.42485,-9.50305],[33.42471,-9.50318],[33.42449,-9.50321],[33.42426,-9.50321],[33.42417,-9.5032],[33.42404,-9.50327],[33.4236,-9.50354],[33.42321,-9.5037],[33.4231,-9.50382],[33.42306,-9.50415],[33.4229,-9.50457],[33.42286,-9.50473],[33.42289,-9.50497],[33.42291,-9.50515],[33.42282,-9.50535],[33.42255,-9.5057],[33.42242,-9.50595],[33.42226,-9.5063],[33.42204,-9.50643],[33.42173,-9.50649],[33.42144,-9.50645],[33.42125,-9.50642],[33.42113,-9.50646],[33.42107,-9.50657],[33.421,-9.50687],[33.42092,-9.50703],[33.42083,-9.50716],[33.42077,-9.50744],[33.42069,-9.50757],[33.42023,-9.50759],[33.42008,-9.50762],[33.41988,-9.5078],[33.41974,-9.50801],[33.41954,-9.50827],[33.41939,-9.50842],[33.41938,-9.50858],[33.41954,-9.50883],[33.41969,-9.50915],[33.41974,-9.50929],[33.41966,-9.50942],[33.41934,-9.50945],[33.41914,-9.50957],[33.41894,-9.50987],[33.41885,-9.51001],[33.41873,-9.51014],[33.41858,-9.51036],[33.4181,-9.51041],[33.41786,-9.51062],[33.41666,-9.51142],[33.41643,-9.51167],[33.41626,-9.5117],[33.41593,-9.51173],[33.41542,-9.5119],[33.41497,-9.51211],[33.41447,-9.51244],[33.41427,-9.51284],[33.41413,-9.51327],[33.41394,-9.51408],[33.41381,-9.51455],[33.41358,-9.51504],[33.41357,-9.51556],[33.41367,-9.51602],[33.41385,-9.51705],[33.41384,-9.51745],[33.41375,-9.5179],[33.41361,-9.51842],[33.41341,-9.51901],[33.41316,-9.51956],[33.41292,-9.51996],[33.41237,-9.52115],[33.41218,-9.52133],[33.41179,-9.52145],[33.41121,-9.52153],[33.41023,-9.52153],[33.40995,-9.52146],[33.4096,-9.52123],[33.40905,-9.52122],[33.4082,-9.52125],[33.40777,-9.5214],[33.40743,-9.52178],[33.40689,-9.52262],[33.4066,-9.52309],[33.40646,-9.52347],[33.40643,-9.5236],[33.40636,-9.52391],[33.40629,-9.52421],[33.40625,-9.52455],[33.4061,-9.52514],[33.40594,-9.5254],[33.40554,-9.52575],[33.40534,-9.52594],[33.40517,-9.52606],[33.40486,-9.52615],[33.40412,-9.52623],[33.4032,-9.5264],[33.40293,-9.52636],[33.40273,-9.52632],[33.40241,-9.52643],[33.40225,-9.5265],[33.40191,-9.52658],[33.40156,-9.52655],[33.40122,-9.52665],[33.40106,-9.52674],[33.40057,-9.52705],[33.40029,-9.52732],[33.40014,-9.52758],[33.40002,-9.52785],[33.4,-9.52814],[33.40006,-9.5284],[33.40019,-9.5287],[33.40041,-9.52892],[33.40045,-9.52899],[33.40053,-9.52911],[33.40061,-9.52933],[33.4006,-9.52953],[33.40038,-9.52978],[33.40003,-9.52996],[33.39974,-9.53014],[33.39967,-9.5302],[33.39963,-9.53029],[33.39959,-9.5304],[33.39946,-9.53074],[33.39931,-9.53111],[33.3991,-9.5317],[33.39904,-9.53186],[33.39898,-9.53204],[33.39893,-9.53218],[33.3988,-9.5325],[33.39868,-9.53281],[33.39856,-9.53317],[33.39837,-9.53362],[33.39823,-9.53381],[33.3981,-9.53392],[33.39793,-9.53401],[33.39777,-9.53407],[33.39777,-9.53407],[33.39719,-9.53433],[33.39712,-9.53437],[33.39653,-9.53472],[33.39604,-9.53501],[33.39596,-9.53507],[33.39583,-9.5351]]},"properties":{"id":194737518,"cls":"tertiary","hw":"tertiary","tg":"na","name":"","ref":"","surface":"compacted","sc":"unpaved","speed":null,"lit":"unk","km":19.062}},
{"type":"Feature","geometry":{"type":"LineString","coordinates":[[33.31927,-9.48738],[33.31933,-9.48739],[33.31947,-9.48738],[33.31959,-9.48736],[33.31967,-9.48736],[33.31976,-9.48736],[33.31989,-9.48732],[33.31999,-9.48732]]},"properties":{"id":194737522,"cls":"secondary","hw":"secondary","tg":"na","name":"","ref":"","surface":"unpaved","sc":"unpaved","speed":null,"lit":"unk","km":0.08}},
{"type":"Feature","geometry":{"type":"LineString","coordinates":[[33.32632,-9.48554],[33.3261,-9.48554],[33.32579,-9.48559],[33.32569,-9.48559],[33.32537,-9.48559],[33.32473,-9.48556],[33.32442,-9.48559],[33.32424,-9.48559],[33.324,-9.48563],[33.32385,-9.48564],[33.3237,-9.48572],[33.32362,-9.48578],[33.32291,-9.48628],[33.32212,-9.48673],[33.32127,-9.48713],[33.32102,-9.48723],[33.32083,-9.48729],[33.32063,-9.48733]]},"properties":{"id":205350874,"cls":"secondary","hw":"secondary","tg":"na","name":"","ref":"R599","surface":"unpaved","sc":"unpaved","speed":null,"lit":"unk","km":0.675}},
{"type":"Feature","geometry":{"type":"LineString","coordinates":[[33.32638,-9.48555],[33.32632,-9.48554]]},"properties":{"id":205350883,"cls":"secondary","hw":"secondary","tg":"na","name":"","ref":"R599","surface":"unpaved","sc":"unpaved","speed":null,"lit":"unk","km":0.007}},
{"type":"Feature","geometry":{"type":"LineString","coordinates":[[33.32664,-9.48562],[33.32661,-9.4856]]},"properties":{"id":205350884,"cls":"secondary","hw":"secondary","tg":"na","name":"","ref":"R599","surface":"unpaved","sc":"unpaved","speed":null,"lit":"unk","km":0.004}},
{"type":"Feature","geometry":{"type":"LineString","coordinates":[[33.33987,-9.49509],[33.33969,-9.49506]]},"properties":{"id":205350885,"cls":"secondary","hw":"secondary","tg":"na","name":"","ref":"R599","surface":"","sc":"unknown","speed":null,"lit":"unk","km":0.02}},
{"type":"Feature","geometry":{"type":"LineString","coordinates":[[33.32661,-9.4856],[33.32649,-9.48557],[33.32638,-9.48555]]},"properties":{"id":205350904,"cls":"secondary","hw":"secondary","tg":"na","name":"","ref":"R599","surface":"unpaved","sc":"unpaved","speed":null,"lit":"unk","km":0.026}},
{"type":"Feature","geometry":{"type":"LineString","coordinates":[[33.18134,-9.49721],[33.18141,-9.49663],[33.18143,-9.49644],[33.18159,-9.49507],[33.18196,-9.49195],[33.18216,-9.49098],[33.18257,-9.48955],[33.18266,-9.48925],[33.18302,-9.48798],[33.18392,-9.48484],[33.1841,-9.48449],[33.18413,-9.48442],[33.18539,-9.48259],[33.18578,-9.48196],[33.18595,-9.4815],[33.18601,-9.48119],[33.18604,-9.48098],[33.18606,-9.48031],[33.18607,-9.47976],[33.18611,-9.47894]]},"properties":{"id":205363147,"cls":"tertiary","hw":"tertiary","tg":"na","name":"","ref":"T27","surface":"unpaved","sc":"unpaved","speed":null,"lit":"unk","km":2.129}},
{"type":"Feature","geometry":{"type":"LineString","coordinates":[[33.28713,-9.48805],[33.28733,-9.48805],[33.28775,-9.48806],[33.28811,-9.48803],[33.28827,-9.488],[33.28861,-9.48794],[33.28877,-9.48791],[33.28945,-9.48773],[33.28991,-9.48751],[33.29015,-9.48742],[33.29082,-9.48712],[33.29168,-9.48668],[33.29222,-9.48638],[33.2925,-9.48622],[33.29277,-9.48612],[33.29616,-9.48437],[33.29772,-9.48348],[33.29812,-9.48331],[33.2986,-9.48321],[33.29976,-9.48313],[33.29996,-9.48314],[33.30006,-9.48313],[33.30017,-9.4831],[33.30042,-9.48301],[33.30082,-9.48288],[33.30123,-9.48278],[33.30188,-9.48268]]},"properties":{"id":205363148,"cls":"secondary","hw":"secondary","tg":"na","name":"","ref":"R599","surface":"unpaved","sc":"unpaved","speed":null,"lit":"unk","km":1.75}},
{"type":"Feature","geometry":{"type":"LineString","coordinates":[[33.28701,-9.48806],[33.28713,-9.48805]]},"properties":{"id":205363150,"cls":"secondary","hw":"secondary","tg":"na","name":"","ref":"R599","surface":"unpaved","sc":"unpaved","speed":null,"lit":"unk","km":0.013}},
{"type":"Feature","geometry":{"type":"LineString","coordinates":[[33.30617,-9.4832],[33.30627,-9.4832]]},"properties":{"id":205363152,"cls":"secondary","hw":"secondary","tg":"na","name":"","ref":"R599","surface":"unpaved","sc":"unpaved","speed":null,"lit":"unk","km":0.011}},
{"type":"Feature","geometry":{"type":"LineString","coordinates":[[33.1813,-9.4976],[33.18134,-9.49721]]},"properties":{"id":205363153,"cls":"tertiary","hw":"tertiary","tg":"na","name":"","ref":"","surface":"","sc":"unknown","speed":null,"lit":"unk","km":0.044}},
{"type":"Feature","geometry":{"type":"LineString","coordinates":[[33.30627,-9.4832],[33.30658,-9.4832],[33.30673,-9.48322],[33.30696,-9.48326],[33.30718,-9.48329],[33.30762,-9.48329],[33.30795,-9.48334],[33.3084,-9.48342],[33.30891,-9.48355],[33.30902,-9.4836],[33.30943,-9.48384],[33.30967,-9.48398],[33.30998,-9.4841],[33.31027,-9.48421],[33.31051,-9.48432],[33.31079,-9.48441],[33.31104,-9.48445],[33.31132,-9.48447],[33.31146,-9.48447],[33.31156,-9.4845],[33.31165,-9.48456],[33.3119,-9.48478],[33.31217,-9.48497],[33.31253,-9.48522],[33.31282,-9.4854],[33.31294,-9.48549],[33.31341,-9.48583],[33.31346,-9.48587],[33.31402,-9.48625],[33.31414,-9.48631],[33.31466,-9.48656],[33.31539,-9.48686],[33.31548,-9.48687],[33.31559,-9.48689],[33.31591,-9.48698],[33.31606,-9.48704],[33.3164,-9.48719],[33.31668,-9.48731],[33.3167,-9.48731],[33.31684,-9.48736],[33.31736,-9.48744],[33.31766,-9.48745],[33.31807,-9.48746],[33.31821,-9.48746],[33.31826,-9.48746],[33.3187,-9.48743],[33.31896,-9.4874],[33.31927,-9.48738]]},"properties":{"id":205363154,"cls":"secondary","hw":"secondary","tg":"na","name":"","ref":"R599","surface":"unpaved","sc":"unpaved","speed":null,"lit":"unk","km":1.542}},
{"type":"Feature","geometry":{"type":"LineString","coordinates":[[33.30195,-9.48268],[33.30231,-9.48267],[33.30286,-9.48274],[33.30392,-9.48286],[33.30519,-9.48312],[33.30551,-9.48319],[33.30581,-9.48321],[33.30617,-9.4832]]},"properties":{"id":205363156,"cls":"secondary","hw":"secondary","tg":"na","name":"","ref":"R599","surface":"unpaved","sc":"unpaved","speed":null,"lit":"unk","km":0.468}},
{"type":"Feature","geometry":{"type":"LineString","coordinates":[[33.23204,-9.48445],[33.23237,-9.48445],[33.23289,-9.48439],[33.23336,-9.48436],[33.23441,-9.48434],[33.23495,-9.48437],[33.23517,-9.48436],[33.23543,-9.48438],[33.23593,-9.48447],[33.23695,-9.48473],[33.23711,-9.48477],[33.23743,-9.48484],[33.23774,-9.4849],[33.23802,-9.48495],[33.23895,-9.48513],[33.23964,-9.48522],[33.23981,-9.48523],[33.24095,-9.48535],[33.24185,-9.48543],[33.24196,-9.48544],[33.24254,-9.48546],[33.24304,-9.48541],[33.24323,-9.48535],[33.24345,-9.48529],[33.24403,-9.48505],[33.2445,-9.48485],[33.24476,-9.48475],[33.24487,-9.4847],[33.24539,-9.48446],[33.24611,-9.48424],[33.24666,-9.48405],[33.24684,-9.48402],[33.247,-9.48402],[33.24724,-9.48409],[33.24758,-9.48424],[33.24795,-9.48445],[33.24867,-9.48479],[33.24971,-9.48515],[33.25101,-9.48554],[33.25215,-9.48599],[33.2533,-9.48643],[33.25408,-9.48664],[33.25448,-9.48673],[33.25483,-9.48683],[33.25555,-9.48702],[33.25675,-9.48743],[33.25755,-9.48759],[33.258,-9.48763],[33.26003,-9.48761],[33.26043,-9.48762],[33.26084,-9.48764],[33.26088,-9.48764],[33.26138,-9.48768],[33.26223,-9.48772],[33.26226,-9.48773],[33.26283,-9.48776],[33.2634,-9.48775],[33.26356,-9.48774],[33.26407,-9.48761],[33.26449,-9.48743],[33.26457,-9.48741],[33.26493,-9.48729],[33.26506,-9.48724],[33.26528,-9.48717],[33.26541,-9.48714],[33.26657,-9.48709],[33.26679,-9.4871],[33.2674,-9.4871],[33.26795,-9.48711],[33.26817,-9.48711],[33.2684,-9.48714],[33.26871,-9.48718],[33.26888,-9.4872],[33.26908,-9.48728],[33.26911,-9.4873],[33.26928,-9.48739],[33.26949,-9.48754],[33.26973,-9.48769],[33.27075,-9.48839],[33.27092,-9.48851],[33.27108,-9.48861],[33.27128,-9.48869],[33.27135,-9.48871],[33.27158,-9.48878],[33.27194,-9.48888],[33.27209,-9.48892],[33.2722,-9.48896],[33.27224,-9.48897],[33.27259,-9.48905],[33.27268,-9.48907],[33.27279,-9.4891],[33.27282,-9.4891],[33.2731,-9.48915],[33.27322,-9.48916],[33.2736,-9.48923],[33.27426,-9.48926],[33.27481,-9.4893],[33.27528,-9.48927],[33.27632,-9.48923],[33.27653,-9.48923],[33.27753,-9.48925],[33.27766,-9.48925],[33.27834,-9.48921],[33.27861,-9.48916],[33.27866,-9.48915],[33.27922,-9.48903],[33.27957,-9.48901],[33.27982,-9.48905],[33.27999,-9.4891],[33.28027,-9.48918],[33.28071,-9.48919],[33.28073,-9.48919],[33.28093,-9.48916],[33.28144,-9.48908],[33.28384,-9.4886],[33.28462,-9.48845],[33.28487,-9.4884],[33.28494,-9.48838],[33.28502,-9.48837],[33.28521,-9.48834],[33.28701,-9.48806]]},"properties":{"id":205363157,"cls":"secondary","hw":"secondary","tg":"na","name":"","ref":"R599","surface":"unpaved","sc":"unpaved","speed":null,"lit":"unk","km":6.225}},
{"type":"Feature","geometry":{"type":"LineString","coordinates":[[33.30762,-9.48329],[33.30774,-9.48312],[33.30782,-9.48299],[33.30784,-9.48295],[33.30788,-9.48286],[33.30792,-9.48273],[33.30799,-9.48244],[33.30803,-9.48222],[33.30804,-9.48203],[33.30806,-9.48176],[33.30809,-9.48154],[33.3081,-9.48126],[33.3081,-9.48102],[33.3081,-9.48093],[33.30816,-9.48074],[33.30818,-9.48068],[33.30825,-9.4804],[33.30828,-9.48013],[33.30833,-9.47995],[33.30841,-9.47969],[33.30847,-9.47948],[33.30851,-9.47933],[33.30864,-9.47917],[33.30872,-9.47906],[33.30881,-9.47895],[33.30892,-9.47882],[33.30924,-9.47851],[33.30942,-9.4783],[33.30956,-9.47807],[33.3097,-9.47782],[33.30992,-9.47744],[33.31008,-9.47719],[33.31017,-9.47703],[33.31023,-9.47686],[33.31027,-9.47674],[33.31028,-9.47657],[33.31029,-9.47637],[33.31028,-9.47613],[33.31031,-9.47594],[33.31036,-9.47583],[33.31042,-9.47569],[33.31052,-9.47554],[33.31061,-9.47538],[33.31075,-9.47521],[33.31084,-9.47507],[33.31093,-9.4749],[33.31095,-9.4748],[33.31098,-9.47456],[33.31098,-9.47434],[33.31096,-9.4742],[33.31094,-9.4741],[33.31093,-9.47385],[33.3109,-9.47369],[33.31089,-9.47353],[33.31081,-9.47335],[33.31075,-9.47323],[33.31069,-9.47306],[33.31068,-9.47289],[33.31066,-9.47279],[33.3106,-9.47264],[33.31055,-9.47255],[33.31049,-9.47242],[33.31047,-9.47234],[33.31044,-9.47224],[33.31041,-9.47207],[33.31037,-9.47194],[33.31034,-9.47182],[33.31032,-9.47173],[33.31035,-9.47158],[33.31037,-9.47143],[33.31042,-9.47115],[33.31053,-9.47078],[33.31062,-9.4705],[33.31066,-9.47037],[33.31072,-9.47007],[33.31073,-9.46996],[33.3108,-9.46967],[33.31094,-9.46942],[33.31111,-9.46917],[33.31123,-9.46899],[33.31134,-9.46885],[33.31153,-9.46865],[33.31167,-9.46854],[33.31182,-9.46835],[33.31193,-9.46822],[33.31202,-9.46805],[33.3121,-9.4679],[33.31213,-9.46775],[33.31216,-9.46757],[33.31213,-9.46626],[33.312,-9.46589],[33.31194,-9.46549],[33.31177,-9.46494],[33.31164,-9.46454],[33.31134,-9.46368],[33.31118,-9.46343],[33.31106,-9.46328],[33.31095,-9.46316],[33.31085,-9.46306],[33.31072,-9.46297],[33.3106,-9.46293],[33.31036,-9.46287],[33.3102,-9.46283],[33.31007,-9.46276],[33.30989,-9.4627],[33.3096,-9.46265],[33.30937,-9.46261],[33.30915,-9.4626],[33.30896,-9.46256],[33.30889,-9.46252],[33.30878,-9.46239],[33.30871,-9.4622],[33.30868,-9.4621],[33.30868,-9.46197],[33.3087,-9.46185],[33.30877,-9.46171],[33.30885,-9.46153],[33.30892,-9.46138],[33.30913,-9.46074],[33.30917,-9.46061],[33.3092,-9.46046],[33.30925,-9.46017],[33.30928,-9.45977],[33.30928,-9.45946],[33.30928,-9.45902],[33.30933,-9.45875],[33.3094,-9.45848],[33.30936,-9.45829],[33.30931,-9.45802],[33.30927,-9.45769],[33.30931,-9.45734],[33.30935,-9.45705],[33.30941,-9.4569],[33.30944,-9.45669],[33.30947,-9.45644],[33.30949,-9.45628],[33.30951,-9.45611],[33.30955,-9.45602],[33.30974,-9.45574],[33.3099,-9.45555],[33.31015,-9.45532],[33.31035,-9.45506],[33.31054,-9.4548],[33.31067,-9.4546],[33.31077,-9.45447],[33.31089,-9.45425],[33.31092,-9.45418],[33.31097,-9.45411],[33.31107,-9.45403],[33.31122,-9.45388],[33.31135,-9.45376],[33.31155,-9.45362],[33.31167,-9.45347],[33.31179,-9.45326],[33.31192,-9.45306],[33.31199,-9.45287],[33.31204,-9.45265],[33.31208,-9.45251],[33.3121,-9.45236],[33.31211,-9.45225],[33.31208,-9.45214],[33.31197,-9.452],[33.31183,-9.45185],[33.31165,-9.45173],[33.3116,-9.45169],[33.31151,-9.45163],[33.31132,-9.4516],[33.31088,-9.45161],[33.31079,-9.45161],[33.31075,-9.4516],[33.31073,-9.45158],[33.31071,-9.45152],[33.31067,-9.45139],[33.31067,-9.45134],[33.31067,-9.45129],[33.31068,-9.45126],[33.31075,-9.45116],[33.31084,-9.45105],[33.31087,-9.45095],[33.31092,-9.45083],[33.31097,-9.45065],[33.31105,-9.45044],[33.31113,-9.45024],[33.31116,-9.45015],[33.3112,-9.45001],[33.31132,-9.44971],[33.31139,-9.44953],[33.31139,-9.4495],[33.31139,-9.44947],[33.31139,-9.44935],[33.3114,-9.4493],[33.31141,-9.44926],[33.31143,-9.44922],[33.31145,-9.44918],[33.31152,-9.44899],[33.31154,-9.44891],[33.31156,-9.44874],[33.3116,-9.44855],[33.31168,-9.44818],[33.3117,-9.44813],[33.31171,-9.44806],[33.31169,-9.44747],[33.31171,-9.44738],[33.31172,-9.44732],[33.31174,-9.44728],[33.31176,-9.44723],[33.31177,-9.44719],[33.31177,-9.44713],[33.31176,-9.44707],[33.31174,-9.44704],[33.3117,-9.44702],[33.31166,-9.44701],[33.31161,-9.44698],[33.31153,-9.44693],[33.31147,-9.44684],[33.31142,-9.4467],[33.31134,-9.44636],[33.31128,-9.44622],[33.31126,-9.44609],[33.31126,-9.4458],[33.31127,-9.44527],[33.31125,-9.44522],[33.31123,-9.44521],[33.3112,-9.44519],[33.31119,-9.44517],[33.3112,-9.44514],[33.31121,-9.44513],[33.31122,-9.44511],[33.31123,-9.44506],[33.3112,-9.44495],[33.31082,-9.44427],[33.31049,-9.44366],[33.31031,-9.44343],[33.3102,-9.44332],[33.30965,-9.44285],[33.30949,-9.44273],[33.30947,-9.4427],[33.30946,-9.44267],[33.30947,-9.44257],[33.30947,-9.44249],[33.30945,-9.44244],[33.30943,-9.4424],[33.30919,-9.44206],[33.30913,-9.44199],[33.30905,-9.44193],[33.30892,-9.44185],[33.30833,-9.44126],[33.30801,-9.44096],[33.30795,-9.4409],[33.30786,-9.44085],[33.30777,-9.44084],[33.30767,-9.44083],[33.30758,-9.4408],[33.30752,-9.44076],[33.30748,-9.4407],[33.30738,-9.44058],[33.30723,-9.44046],[33.30706,-9.44034],[33.3069,-9.44018],[33.3067,-9.43998],[33.30655,-9.43987],[33.30644,-9.43979],[33.3062,-9.43965],[33.3061,-9.43958],[33.30597,-9.4395],[33.30575,-9.4393],[33.30563,-9.43914],[33.3056,-9.43912],[33.30558,-9.4391],[33.30549,-9.43908],[33.30545,-9.43906],[33.30541,-9.43902],[33.30537,-9.43895],[33.30534,-9.43892],[33.30531,-9.43889],[33.30527,-9.43887],[33.30495,-9.43874],[33.30464,-9.43863],[33.30456,-9.43861],[33.30447,-9.43861],[33.30441,-9.43861],[33.30432,-9.43861],[33.30422,-9.43856],[33.30413,-9.4385],[33.304,-9.43843],[33.30387,-9.43835],[33.30353,-9.43803],[33.30336,-9.4379],[33.30327,-9.43785],[33.3031,-9.43772],[33.30279,-9.43741],[33.30242,-9.43707],[33.30229,-9.43692],[33.30217,-9.43679],[33.30202,-9.43656],[33.30179,-9.43624],[33.30167,-9.43609],[33.30136,-9.43575],[33.30084,-9.43525],[33.30078,-9.43521],[33.30068,-9.43519],[33.30054,-9.43514],[33.30035,-9.43506],[33.29984,-9.43459],[33.2998,-9.43416],[33.29945,-9.43373],[33.29908,-9.43353],[33.2986,-9.43301],[33.29763,-9.43268],[33.29694,-9.43246]]},"properties":{"id":205363158,"cls":"unclassified","hw":"unclassified","tg":"na","name":"","ref":"","surface":"unpaved","sc":"unpaved","speed":null,"lit":"unk","km":7.08}},
{"type":"Feature","geometry":{"type":"LineString","coordinates":[[33.02565,-9.44919],[33.02554,-9.44914],[33.02428,-9.44861],[33.02408,-9.44854],[33.0238,-9.4486],[33.02269,-9.44892]]},"properties":{"id":243591250,"cls":"track","hw":"track","tg":"none","name":"","ref":"","surface":"","sc":"unknown","speed":null,"lit":"unk","km":0.345}},
{"type":"Feature","geometry":{"type":"LineString","coordinates":[[33.02838,-9.45885],[33.02829,-9.45865],[33.02821,-9.45848],[33.02792,-9.45799],[33.02719,-9.45667],[33.02608,-9.455],[33.02601,-9.45486],[33.02596,-9.45472],[33.02594,-9.45456]]},"properties":{"id":243591252,"cls":"unclassified","hw":"unclassified","tg":"na","name":"","ref":"","surface":"unpaved","sc":"unpaved","speed":null,"lit":"unk","km":0.549}},
{"type":"Feature","geometry":{"type":"LineString","coordinates":[[33.24667,-9.49304],[33.24693,-9.4932],[33.24717,-9.49337],[33.24741,-9.49364],[33.24766,-9.49377],[33.24794,-9.49389],[33.24796,-9.49395],[33.24798,-9.49404],[33.24797,-9.49438],[33.24772,-9.49499],[33.24755,-9.49529],[33.24751,-9.49536],[33.24721,-9.49579]]},"properties":{"id":388834101,"cls":"unclassified","hw":"unclassified","tg":"na","name":"","ref":"","surface":"","sc":"unknown","speed":null,"lit":"unk","km":0.404}},
{"type":"Feature","geometry":{"type":"LineString","coordinates":[[33.22561,-9.49634],[33.22565,-9.49636],[33.22573,-9.49652],[33.22578,-9.49662],[33.22583,-9.49677],[33.2259,-9.49698],[33.22591,-9.49711],[33.22594,-9.49717],[33.22602,-9.4973],[33.2261,-9.4975],[33.22617,-9.4977],[33.22619,-9.49779],[33.22623,-9.49791],[33.22627,-9.49796],[33.22632,-9.49805],[33.22637,-9.49814],[33.22642,-9.49827],[33.22646,-9.49837],[33.22652,-9.49855],[33.22659,-9.49865],[33.22665,-9.49881],[33.22668,-9.4989]]},"properties":{"id":561844110,"cls":"residential","hw":"residential","tg":"na","name":"","ref":"","surface":"","sc":"unknown","speed":null,"lit":"unk","km":0.311}},
{"type":"Feature","geometry":{"type":"LineString","coordinates":[[33.22668,-9.4989],[33.22673,-9.49904],[33.22676,-9.49914],[33.2268,-9.49927],[33.22684,-9.4994],[33.22686,-9.49946],[33.22688,-9.4995],[33.22689,-9.49956],[33.22691,-9.49962],[33.22693,-9.49968],[33.22694,-9.49972],[33.22695,-9.49976],[33.22704,-9.50009],[33.22706,-9.50023],[33.22707,-9.50041],[33.2271,-9.50057],[33.22711,-9.50064],[33.22714,-9.5007],[33.2272,-9.50084],[33.22724,-9.50098],[33.22729,-9.50114],[33.22729,-9.50124],[33.22729,-9.50135],[33.22727,-9.50144],[33.22723,-9.50157],[33.22716,-9.50183],[33.22712,-9.50198],[33.22711,-9.50207],[33.22712,-9.5022]]},"properties":{"id":561844111,"cls":"residential","hw":"residential","tg":"na","name":"","ref":"","surface":"","sc":"unknown","speed":null,"lit":"unk","km":0.38}},
{"type":"Feature","geometry":{"type":"LineString","coordinates":[[33.22561,-9.49634],[33.22557,-9.49634],[33.22551,-9.49636],[33.22547,-9.49639],[33.22542,-9.49645],[33.22536,-9.49649],[33.22528,-9.49651],[33.2252,-9.49653],[33.22508,-9.49658],[33.22504,-9.49662],[33.22498,-9.49669],[33.22488,-9.49675],[33.22475,-9.49685],[33.22468,-9.49692],[33.22455,-9.49709],[33.22451,-9.49713],[33.22444,-9.49716],[33.22436,-9.49716],[33.22428,-9.49719],[33.2242,-9.49724],[33.22414,-9.4973],[33.22408,-9.4974],[33.22403,-9.49755],[33.22398,-9.49767],[33.22393,-9.49774],[33.2239,-9.49781],[33.22374,-9.49795],[33.22366,-9.49806],[33.22362,-9.49817],[33.22361,-9.49827],[33.22358,-9.49835],[33.22351,-9.49849],[33.22348,-9.49856],[33.22348,-9.49864],[33.22352,-9.49878]]},"properties":{"id":561844112,"cls":"residential","hw":"residential","tg":"na","name":"","ref":"","surface":"","sc":"unknown","speed":null,"lit":"unk","km":0.386}},
{"type":"Feature","geometry":{"type":"LineString","coordinates":[[33.22431,-9.49974],[33.22433,-9.49986],[33.2243,-9.49995],[33.22425,-9.50002],[33.22414,-9.50015],[33.22408,-9.50023],[33.22403,-9.50032],[33.22403,-9.50041],[33.2241,-9.50059],[33.22411,-9.50068],[33.22411,-9.50075],[33.22408,-9.50084],[33.22406,-9.50096],[33.22406,-9.50105],[33.22407,-9.50114],[33.22411,-9.50124],[33.22419,-9.50132],[33.22429,-9.50139],[33.22435,-9.50145],[33.22436,-9.5015],[33.22436,-9.50155],[33.22432,-9.50165],[33.22425,-9.50183],[33.22422,-9.50193],[33.2242,-9.50201],[33.22421,-9.50208],[33.22425,-9.50222],[33.22428,-9.50228],[33.22449,-9.50266],[33.22453,-9.50281],[33.22457,-9.50302],[33.22459,-9.50315],[33.22466,-9.50332],[33.22469,-9.50343],[33.2247,-9.50349],[33.22472,-9.50376],[33.22466,-9.5039]]},"properties":{"id":561844114,"cls":"residential","hw":"residential","tg":"na","name":"","ref":"","surface":"","sc":"unknown","speed":null,"lit":"unk","km":0.503}},
{"type":"Feature","geometry":{"type":"LineString","coordinates":[[33.29623,-9.4978],[33.29625,-9.49761],[33.29623,-9.49753],[33.29621,-9.49726],[33.29621,-9.49712],[33.2962,-9.49713],[33.29618,-9.49703],[33.29617,-9.49698],[33.29614,-9.49688],[33.29613,-9.49679],[33.29615,-9.49675],[33.29617,-9.49658],[33.29616,-9.49654],[33.29614,-9.4964],[33.29609,-9.49618],[33.29608,-9.49613],[33.29608,-9.49611],[33.29608,-9.49607],[33.29616,-9.49581]]},"properties":{"id":561872459,"cls":"path","hw":"path","tg":"na","name":"","ref":"","surface":"","sc":"unknown","speed":null,"lit":"unk","km":0.228}},
{"type":"Feature","geometry":{"type":"LineString","coordinates":[[33.29616,-9.49581],[33.29619,-9.4957],[33.29621,-9.49564],[33.29632,-9.49544],[33.29635,-9.49535],[33.2964,-9.49528],[33.29638,-9.49524],[33.29629,-9.49517],[33.29611,-9.49504],[33.29615,-9.49496],[33.29621,-9.49493],[33.29627,-9.4949],[33.2963,-9.49486],[33.29638,-9.49481],[33.29644,-9.49474],[33.29654,-9.49466],[33.29664,-9.49458],[33.2968,-9.4945],[33.29687,-9.49445],[33.29702,-9.49462],[33.29712,-9.4947],[33.29718,-9.49473],[33.29721,-9.49472],[33.29731,-9.49474],[33.29745,-9.49481]]},"properties":{"id":561872461,"cls":"path","hw":"path","tg":"na","name":"","ref":"","surface":"","sc":"unknown","speed":null,"lit":"unk","km":0.294}},
{"type":"Feature","geometry":{"type":"LineString","coordinates":[[33.2964,-9.49528],[33.29656,-9.49545],[33.29667,-9.49557],[33.29674,-9.49573],[33.29682,-9.49588]]},"properties":{"id":561872464,"cls":"path","hw":"path","tg":"na","name":"","ref":"","surface":"","sc":"unknown","speed":null,"lit":"unk","km":0.082}},
{"type":"Feature","geometry":{"type":"LineString","coordinates":[[33.29687,-9.49445],[33.29686,-9.49442],[33.29684,-9.49434],[33.29681,-9.49426],[33.29672,-9.49419],[33.29666,-9.49409],[33.2966,-9.49401],[33.29653,-9.49391]]},"properties":{"id":561872465,"cls":"path","hw":"path","tg":"na","name":"","ref":"","surface":"","sc":"unknown","speed":null,"lit":"unk","km":0.072}},
{"type":"Feature","geometry":{"type":"LineString","coordinates":[[33.29666,-9.49409],[33.29639,-9.494],[33.29633,-9.49426],[33.29613,-9.49429],[33.29594,-9.4943],[33.29575,-9.49425]]},"properties":{"id":561872466,"cls":"path","hw":"path","tg":"na","name":"","ref":"","surface":"","sc":"unknown","speed":null,"lit":"unk","km":0.126}},
{"type":"Feature","geometry":{"type":"LineString","coordinates":[[33.08884,-9.45576],[33.0889,-9.45528],[33.08897,-9.45503],[33.08905,-9.45474],[33.08908,-9.45463],[33.08911,-9.45447],[33.08916,-9.45429],[33.08919,-9.45419],[33.08922,-9.45407],[33.08927,-9.45393],[33.08932,-9.45379],[33.08935,-9.45366],[33.08937,-9.45361],[33.08937,-9.45356],[33.0894,-9.45351],[33.08941,-9.45346],[33.08942,-9.4534],[33.08943,-9.45337],[33.08944,-9.45331],[33.08946,-9.45324],[33.08948,-9.45316],[33.08949,-9.45311],[33.0895,-9.45307],[33.0895,-9.45303],[33.0895,-9.45298],[33.0895,-9.45282],[33.08949,-9.45271],[33.08947,-9.45262],[33.08946,-9.45251],[33.08946,-9.45234],[33.08943,-9.45215],[33.08937,-9.45198],[33.08934,-9.45189],[33.08935,-9.45185],[33.08931,-9.45175],[33.0893,-9.45169],[33.08931,-9.45165],[33.08931,-9.45161],[33.08929,-9.45135],[33.08927,-9.45124],[33.08926,-9.45119],[33.08924,-9.45113],[33.08918,-9.45106],[33.08914,-9.45098],[33.08902,-9.45082],[33.08897,-9.45072],[33.08888,-9.45065],[33.08885,-9.45061],[33.08883,-9.4505],[33.08883,-9.45041],[33.0888,-9.45037],[33.08875,-9.45026],[33.08873,-9.45022],[33.08872,-9.45018],[33.08871,-9.45015],[33.08872,-9.45007],[33.08871,-9.45],[33.08871,-9.44995],[33.08872,-9.44993],[33.08874,-9.44983],[33.08875,-9.44975],[33.08878,-9.4497]]},"properties":{"id":563340600,"cls":"track","hw":"track","tg":"none","name":"","ref":"","surface":"","sc":"unknown","speed":null,"lit":"unk","km":0.708}},
{"type":"Feature","geometry":{"type":"LineString","coordinates":[[33.29886,-9.49732],[33.29889,-9.49754],[33.2989,-9.49761],[33.29893,-9.49767],[33.29899,-9.49776],[33.29912,-9.49796],[33.29916,-9.49801],[33.29928,-9.49817],[33.29936,-9.49827],[33.29941,-9.49832],[33.29959,-9.49861],[33.29985,-9.49902],[33.29991,-9.49911],[33.30007,-9.49942],[33.30021,-9.49966],[33.30028,-9.49978],[33.30045,-9.49997],[33.30049,-9.50002],[33.30053,-9.50011],[33.30058,-9.50024],[33.30061,-9.50032],[33.30063,-9.50049],[33.30059,-9.50065]]},"properties":{"id":563423160,"cls":"unclassified","hw":"unclassified","tg":"na","name":"","ref":"","surface":"","sc":"unknown","speed":null,"lit":"unk","km":0.426}},
{"type":"Feature","geometry":{"type":"LineString","coordinates":[[33.10018,-9.46388],[33.10027,-9.46375],[33.10038,-9.46366],[33.10044,-9.46363]]},"properties":{"id":569427753,"cls":"residential","hw":"residential","tg":"na","name":"","ref":"","surface":"","sc":"unknown","speed":null,"lit":"unk","km":0.041}},
{"type":"Feature","geometry":{"type":"LineString","coordinates":[[33.10014,-9.46308],[33.10018,-9.46301],[33.10026,-9.46273],[33.10056,-9.46239],[33.10062,-9.46229],[33.10064,-9.4622],[33.10058,-9.46211],[33.10046,-9.46179],[33.1004,-9.46165],[33.10031,-9.46154],[33.10036,-9.46145],[33.10036,-9.46139],[33.10034,-9.46122],[33.10026,-9.46098],[33.10025,-9.46092],[33.1003,-9.46084],[33.10031,-9.46077]]},"properties":{"id":569427755,"cls":"path","hw":"path","tg":"na","name":"","ref":"","surface":"","sc":"unknown","speed":null,"lit":"unk","km":0.287}},
{"type":"Feature","geometry":{"type":"LineString","coordinates":[[33.10015,-9.4631],[33.09975,-9.46341],[33.09968,-9.4635],[33.0996,-9.46367],[33.09969,-9.46374]]},"properties":{"id":569427756,"cls":"path","hw":"path","tg":"na","name":"","ref":"","surface":"","sc":"unknown","speed":null,"lit":"unk","km":0.102}},
{"type":"Feature","geometry":{"type":"LineString","coordinates":[[33.0996,-9.46367],[33.09953,-9.46363],[33.09963,-9.46345],[33.09942,-9.46326]]},"properties":{"id":569427757,"cls":"path","hw":"path","tg":"na","name":"","ref":"","surface":"","sc":"unknown","speed":null,"lit":"unk","km":0.063}},
{"type":"Feature","geometry":{"type":"LineString","coordinates":[[33.09953,-9.46363],[33.09938,-9.46398],[33.09927,-9.46414],[33.09924,-9.46423],[33.09914,-9.46434],[33.09903,-9.46451],[33.09892,-9.46466],[33.09883,-9.46479],[33.09881,-9.46492],[33.09883,-9.46501],[33.0986,-9.46544],[33.09858,-9.4655]]},"properties":{"id":569427758,"cls":"path","hw":"path","tg":"na","name":"","ref":"","surface":"","sc":"unknown","speed":null,"lit":"unk","km":0.237}},
{"type":"Feature","geometry":{"type":"LineString","coordinates":[[33.09903,-9.46451],[33.09879,-9.46437],[33.09869,-9.46432],[33.09868,-9.4643],[33.09872,-9.46418],[33.09875,-9.46408],[33.09885,-9.46393]]},"properties":{"id":569427759,"cls":"path","hw":"path","tg":"na","name":"","ref":"","surface":"","sc":"unknown","speed":null,"lit":"unk","km":0.091}},
{"type":"Feature","geometry":{"type":"LineString","coordinates":[[33.09858,-9.4655],[33.09881,-9.46547],[33.09911,-9.46549],[33.09941,-9.46554],[33.0999,-9.46556],[33.10027,-9.46557],[33.10046,-9.46558],[33.101,-9.46562],[33.10136,-9.46564]]},"properties":{"id":569427760,"cls":"unclassified","hw":"unclassified","tg":"na","name":"","ref":"","surface":"","sc":"unknown","speed":null,"lit":"unk","km":0.306}},
{"type":"Feature","geometry":{"type":"LineString","coordinates":[[33.10046,-9.46558],[33.10049,-9.46571],[33.10043,-9.46583],[33.10015,-9.46619],[33.10012,-9.4663],[33.10002,-9.46638],[33.0999,-9.4665],[33.09963,-9.46688],[33.09961,-9.46695],[33.09967,-9.46711],[33.09967,-9.46714],[33.09964,-9.46732],[33.09968,-9.46739],[33.09967,-9.46743],[33.09959,-9.46751],[33.09958,-9.46766],[33.09955,-9.4678]]},"properties":{"id":569427768,"cls":"path","hw":"path","tg":"na","name":"","ref":"","surface":"","sc":"unknown","speed":null,"lit":"unk","km":0.287}},
{"type":"Feature","geometry":{"type":"LineString","coordinates":[[33.09941,-9.46554],[33.09951,-9.46532],[33.09959,-9.46524]]},"properties":{"id":569427770,"cls":"path","hw":"path","tg":"na","name":"","ref":"","surface":"","sc":"unknown","speed":null,"lit":"unk","km":0.039}},
{"type":"Feature","geometry":{"type":"LineString","coordinates":[[33.09614,-9.46631],[33.09645,-9.46616],[33.09707,-9.46595],[33.09774,-9.46572],[33.09814,-9.4656],[33.09858,-9.4655]]},"properties":{"id":569427780,"cls":"unclassified","hw":"unclassified","tg":"na","name":"","ref":"","surface":"","sc":"unknown","speed":null,"lit":"unk","km":0.283}},
{"type":"Feature","geometry":{"type":"LineString","coordinates":[[33.0953,-9.4655],[33.09545,-9.46557],[33.09554,-9.46557],[33.0956,-9.46559],[33.09573,-9.46568],[33.09583,-9.46575],[33.0959,-9.46577],[33.09601,-9.46577],[33.09619,-9.46591],[33.09631,-9.46597],[33.0964,-9.46608],[33.09645,-9.46616]]},"properties":{"id":569427794,"cls":"path","hw":"path","tg":"na","name":"","ref":"","surface":"","sc":"unknown","speed":null,"lit":"unk","km":0.152}},
{"type":"Feature","geometry":{"type":"LineString","coordinates":[[33.03069,-9.41356],[33.03055,-9.41375],[33.03046,-9.41385],[33.03036,-9.41397],[33.03027,-9.41403],[33.03013,-9.41417],[33.03001,-9.41427],[33.02989,-9.41439],[33.02956,-9.4147],[33.02948,-9.4148],[33.02938,-9.4149],[33.02932,-9.41496],[33.02921,-9.4151],[33.02916,-9.41518],[33.02912,-9.41522],[33.02906,-9.41526],[33.02903,-9.4153],[33.02901,-9.41536],[33.02898,-9.41551]]},"properties":{"id":570446025,"cls":"unclassified","hw":"unclassified","tg":"na","name":"","ref":"","surface":"","sc":"unknown","speed":null,"lit":"unk","km":0.291}},
{"type":"Feature","geometry":{"type":"LineString","coordinates":[[33.02912,-9.41522],[33.02903,-9.41522],[33.02899,-9.41519],[33.02893,-9.41518],[33.02891,-9.41518],[33.02887,-9.41515]]},"properties":{"id":570449294,"cls":"path","hw":"path","tg":"na","name":"","ref":"","surface":"","sc":"unknown","speed":null,"lit":"unk","km":0.03}},
{"type":"Feature","geometry":{"type":"LineString","coordinates":[[33.02938,-9.4149],[33.02942,-9.41493]]},"properties":{"id":570449295,"cls":"path","hw":"path","tg":"na","name":"","ref":"","surface":"","sc":"unknown","speed":null,"lit":"unk","km":0.006}},
{"type":"Feature","geometry":{"type":"LineString","coordinates":[[33.02887,-9.41515],[33.02884,-9.41516],[33.0288,-9.41514],[33.02876,-9.4151],[33.02874,-9.41505],[33.02876,-9.415],[33.0288,-9.41493],[33.0287,-9.4149],[33.02863,-9.41487],[33.0286,-9.41484],[33.02856,-9.41478],[33.02852,-9.41471],[33.02848,-9.41467]]},"properties":{"id":570449296,"cls":"path","hw":"path","tg":"na","name":"","ref":"","surface":"","sc":"unknown","speed":null,"lit":"unk","km":0.083}},
{"type":"Feature","geometry":{"type":"LineString","coordinates":[[33.02938,-9.4149],[33.02924,-9.41472],[33.02922,-9.41459],[33.02919,-9.41459],[33.02912,-9.41465],[33.02907,-9.4147],[33.029,-9.41475],[33.02892,-9.41481],[33.02887,-9.41485]]},"properties":{"id":570450540,"cls":"path","hw":"path","tg":"na","name":"","ref":"","surface":"","sc":"unknown","speed":null,"lit":"unk","km":0.089}},
{"type":"Feature","geometry":{"type":"LineString","coordinates":[[33.00865,-9.39237],[33.00826,-9.39252],[33.00805,-9.39259],[33.00765,-9.39271],[33.0075,-9.39274],[33.00721,-9.39285],[33.00705,-9.39291],[33.0068,-9.39299],[33.00649,-9.39306],[33.00615,-9.39313],[33.0058,-9.39324],[33.00539,-9.39336]]},"properties":{"id":571740773,"cls":"unclassified","hw":"unclassified","tg":"na","name":"","ref":"","surface":"unpaved","sc":"unpaved","speed":null,"lit":"unk","km":0.375}},
{"type":"Feature","geometry":{"type":"LineString","coordinates":[[33.00539,-9.39336],[33.0051,-9.39354],[33.0048,-9.39372]]},"properties":{"id":571741288,"cls":"unclassified","hw":"unclassified","tg":"na","name":"","ref":"","surface":"unpaved","sc":"unpaved","speed":null,"lit":"unk","km":0.076}},
{"type":"Feature","geometry":{"type":"LineString","coordinates":[[33.00539,-9.39336],[33.00524,-9.39338],[33.00507,-9.39344],[33.00497,-9.39345],[33.00475,-9.39351],[33.00461,-9.39354],[33.00443,-9.3936]]},"properties":{"id":571741289,"cls":"path","hw":"path","tg":"na","name":"","ref":"","surface":"","sc":"unknown","speed":null,"lit":"unk","km":0.109}},
{"type":"Feature","geometry":{"type":"LineString","coordinates":[[33.31769,-9.48801],[33.31753,-9.4879],[33.31749,-9.4879],[33.31733,-9.4878],[33.31724,-9.48782],[33.31708,-9.48776],[33.31699,-9.48776],[33.31697,-9.48777],[33.31695,-9.4878],[33.31692,-9.4878],[33.31677,-9.48778],[33.31673,-9.48778],[33.31653,-9.48789],[33.31652,-9.48792],[33.3164,-9.48795],[33.31637,-9.48793],[33.31636,-9.48808],[33.31633,-9.48817],[33.31633,-9.48839],[33.31624,-9.48851],[33.31621,-9.48851],[33.31614,-9.48855],[33.31605,-9.48856],[33.31591,-9.48855],[33.31578,-9.48851],[33.31565,-9.48847],[33.31537,-9.48838],[33.31525,-9.48838],[33.31511,-9.48851],[33.31512,-9.48858],[33.31501,-9.48888],[33.31492,-9.48897],[33.31474,-9.48914],[33.31475,-9.48925],[33.31472,-9.48931],[33.31472,-9.48936],[33.31463,-9.48945],[33.31451,-9.48963],[33.31448,-9.48967],[33.31446,-9.48972],[33.31437,-9.48984],[33.3144,-9.49032]]},"properties":{"id":571776800,"cls":"track","hw":"track","tg":"none","name":"","ref":"","surface":"","sc":"unknown","speed":null,"lit":"unk","km":0.594}},
{"type":"Feature","geometry":{"type":"LineString","coordinates":[[33.31668,-9.48731],[33.31667,-9.4874],[33.31657,-9.48747],[33.31645,-9.4878],[33.3164,-9.48784],[33.31636,-9.48787],[33.31636,-9.48791],[33.31637,-9.48793]]},"properties":{"id":571776810,"cls":"track","hw":"track","tg":"none","name":"","ref":"","surface":"","sc":"unknown","speed":null,"lit":"unk","km":0.082}},
{"type":"Feature","geometry":{"type":"LineString","coordinates":[[33.31766,-9.48745],[33.31771,-9.48755],[33.31771,-9.48759],[33.31768,-9.48763],[33.31765,-9.4878],[33.31768,-9.48786],[33.31772,-9.48789],[33.31773,-9.48789],[33.31783,-9.48793],[33.31796,-9.48779],[33.31802,-9.48769],[33.31806,-9.48761],[33.31807,-9.48746]]},"properties":{"id":571776814,"cls":"track","hw":"track","tg":"none","name":"","ref":"","surface":"","sc":"unknown","speed":null,"lit":"unk","km":0.128}},
{"type":"Feature","geometry":{"type":"LineString","coordinates":[[33.31783,-9.48793],[33.3179,-9.48795],[33.31793,-9.48791],[33.31798,-9.48792],[33.31804,-9.48781],[33.31833,-9.48779],[33.3185,-9.48782]]},"properties":{"id":571776817,"cls":"track","hw":"track","tg":"none","name":"","ref":"","surface":"","sc":"unknown","speed":null,"lit":"unk","km":0.084}},
{"type":"Feature","geometry":{"type":"LineString","coordinates":[[33.3187,-9.48743],[33.31873,-9.48758],[33.3187,-9.48772],[33.31858,-9.48784],[33.3185,-9.48782]]},"properties":{"id":571776823,"cls":"track","hw":"track","tg":"none","name":"","ref":"","surface":"","sc":"unknown","speed":null,"lit":"unk","km":0.061}},
{"type":"Feature","geometry":{"type":"LineString","coordinates":[[33.31088,-9.48811],[33.31082,-9.48812],[33.31071,-9.48809],[33.31068,-9.48807],[33.31068,-9.48806],[33.31068,-9.48804],[33.3107,-9.48802],[33.31072,-9.48799],[33.3107,-9.48795],[33.31063,-9.48791],[33.31051,-9.48785],[33.3104,-9.48777],[33.31029,-9.48771],[33.31017,-9.48768],[33.31007,-9.48768],[33.30997,-9.48764],[33.30979,-9.48757],[33.30973,-9.48757],[33.30963,-9.48754],[33.30954,-9.48754],[33.30947,-9.48754],[33.30941,-9.48756],[33.30936,-9.48755],[33.30929,-9.48754],[33.30923,-9.48755],[33.30917,-9.48756],[33.30911,-9.48759],[33.30907,-9.48762],[33.30905,-9.48766],[33.30899,-9.48765],[33.30845,-9.48745],[33.30839,-9.48745],[33.30831,-9.48743],[33.30792,-9.48731],[33.3079,-9.48732],[33.30785,-9.48734],[33.30774,-9.48732],[33.30754,-9.48727],[33.30736,-9.48721],[33.30731,-9.4872],[33.30713,-9.48719],[33.30705,-9.48719],[33.3069,-9.48717],[33.30689,-9.48715],[33.30679,-9.48712],[33.30678,-9.48715],[33.30677,-9.4872],[33.30666,-9.48718],[33.30658,-9.48718],[33.30647,-9.48719],[33.3061,-9.48723],[33.30597,-9.48723],[33.30585,-9.48722],[33.30578,-9.48721],[33.30565,-9.48717],[33.30554,-9.48714],[33.30547,-9.48709],[33.30535,-9.48703],[33.30505,-9.4869],[33.30473,-9.48688],[33.30459,-9.48685],[33.30389,-9.48677],[33.30354,-9.48675],[33.3035,-9.48675],[33.30337,-9.4868],[33.30328,-9.48683],[33.30323,-9.48687],[33.30312,-9.48692],[33.30309,-9.48692],[33.30302,-9.48693],[33.30297,-9.48694],[33.30294,-9.48696],[33.30289,-9.48697],[33.30286,-9.48698],[33.30284,-9.48699],[33.30281,-9.48699],[33.30274,-9.48704],[33.3027,-9.48704],[33.30266,-9.48704],[33.30262,-9.48705],[33.30259,-9.48706],[33.30255,-9.48708],[33.3025,-9.48709],[33.3025,-9.48715],[33.30248,-9.48718],[33.30246,-9.48722],[33.30243,-9.48725],[33.30237,-9.48728],[33.30231,-9.48729],[33.3023,-9.4873],[33.30224,-9.48736],[33.30221,-9.48737],[33.30215,-9.48742],[33.30214,-9.48742],[33.30211,-9.48742],[33.3021,-9.48743],[33.30203,-9.48748]]},"properties":{"id":571776834,"cls":"track","hw":"track","tg":"none","name":"","ref":"","surface":"","sc":"unknown","speed":null,"lit":"unk","km":1.063}},
{"type":"Feature","geometry":{"type":"LineString","coordinates":[[33.40218,-9.49761],[33.40211,-9.49786],[33.402,-9.49805],[33.40206,-9.49832],[33.40217,-9.49862],[33.40249,-9.49911],[33.40289,-9.49963],[33.40333,-9.4999],[33.40355,-9.50019],[33.40416,-9.50053],[33.40417,-9.50087],[33.40408,-9.50112],[33.40381,-9.50133],[33.40359,-9.50138],[33.40334,-9.50146],[33.40322,-9.50158],[33.4031,-9.50168],[33.40285,-9.50187],[33.40287,-9.50203],[33.4029,-9.50237],[33.40321,-9.50414],[33.40308,-9.50429],[33.40293,-9.50444],[33.40256,-9.50491],[33.40231,-9.50566],[33.4018,-9.50659],[33.4017,-9.50681],[33.40161,-9.50687],[33.40163,-9.50694],[33.40166,-9.50701],[33.40167,-9.50711],[33.40167,-9.50721],[33.40182,-9.50764],[33.40187,-9.50811],[33.402,-9.50868],[33.40198,-9.50916],[33.40199,-9.50949],[33.40194,-9.50974],[33.40177,-9.51006],[33.40144,-9.51053],[33.40137,-9.51069],[33.40134,-9.51079],[33.40136,-9.51095],[33.40148,-9.51111],[33.40163,-9.51166],[33.40191,-9.51224],[33.40195,-9.51236],[33.40199,-9.51243],[33.40205,-9.51251],[33.40219,-9.51274],[33.40234,-9.51288],[33.4024,-9.51296],[33.40251,-9.51351],[33.4026,-9.51389],[33.40297,-9.51462],[33.40314,-9.51516],[33.40315,-9.51537],[33.40312,-9.51554],[33.40303,-9.51599],[33.40294,-9.51628],[33.40286,-9.51645],[33.40235,-9.51701],[33.40184,-9.51755],[33.40137,-9.51815],[33.40128,-9.51828],[33.40119,-9.51842],[33.40084,-9.51889],[33.40028,-9.51947],[33.39993,-9.51965],[33.39986,-9.51967],[33.39977,-9.51969],[33.3996,-9.5197],[33.39953,-9.51968],[33.39948,-9.51968],[33.39945,-9.51969],[33.39943,-9.51972],[33.39939,-9.51978],[33.39928,-9.51983],[33.39912,-9.51991],[33.39905,-9.51994],[33.39896,-9.51996],[33.39834,-9.52009],[33.39806,-9.52012],[33.39797,-9.52014],[33.39779,-9.5202],[33.39764,-9.52026],[33.39757,-9.52025],[33.39751,-9.52025],[33.39747,-9.52027],[33.39744,-9.5203],[33.39739,-9.52034],[33.39691,-9.52059],[33.39684,-9.52063],[33.39652,-9.52085],[33.39625,-9.52111],[33.39623,-9.52116],[33.39585,-9.52176],[33.39553,-9.52211],[33.39539,-9.52221],[33.39531,-9.52225],[33.39505,-9.52231],[33.39495,-9.52233],[33.39485,-9.52238],[33.39474,-9.52244],[33.39467,-9.52247],[33.39459,-9.52247],[33.39422,-9.52247],[33.39384,-9.52246],[33.39351,-9.52237],[33.39341,-9.52237],[33.39334,-9.5224],[33.3933,-9.52246],[33.39328,-9.52258],[33.39325,-9.52269],[33.39318,-9.52285],[33.3931,-9.523],[33.39282,-9.52347],[33.39254,-9.52389],[33.39241,-9.52406],[33.39229,-9.52419],[33.39206,-9.5244],[33.39188,-9.52455],[33.39178,-9.52462],[33.39164,-9.52473],[33.39132,-9.52513],[33.39101,-9.52555],[33.39098,-9.52561],[33.39097,-9.52564],[33.39095,-9.52584],[33.39095,-9.52588],[33.39089,-9.52595],[33.3908,-9.52601],[33.39065,-9.52609],[33.3906,-9.52615],[33.39052,-9.52624],[33.39042,-9.52632],[33.39033,-9.52638],[33.39022,-9.52643],[33.39005,-9.52648],[33.38995,-9.52654],[33.3899,-9.52659],[33.38971,-9.52684],[33.38957,-9.52711],[33.38954,-9.52717],[33.3895,-9.52722],[33.38949,-9.52726],[33.38946,-9.52729]]},"properties":{"id":571791246,"cls":"unclassified","hw":"unclassified","tg":"na","name":"","ref":"","surface":"","sc":"unknown","speed":null,"lit":"unk","km":4.445}},
{"type":"Feature","geometry":{"type":"LineString","coordinates":[[33.31603,-9.49239],[33.316,-9.49235],[33.316,-9.49233],[33.31595,-9.49225],[33.31594,-9.4922],[33.31589,-9.49214],[33.31589,-9.4921],[33.31584,-9.49202],[33.3158,-9.49196],[33.31575,-9.49192],[33.31568,-9.49186],[33.31566,-9.4918],[33.31552,-9.49167],[33.31548,-9.49156],[33.31546,-9.49153],[33.31546,-9.49151],[33.31535,-9.49132],[33.31528,-9.49118],[33.31529,-9.49114],[33.31523,-9.49104],[33.3152,-9.49099],[33.31521,-9.49095],[33.31525,-9.4909],[33.31524,-9.49087]]},"properties":{"id":571792107,"cls":"track","hw":"track","tg":"none","name":"","ref":"","surface":"","sc":"unknown","speed":null,"lit":"unk","km":0.201}},
{"type":"Feature","geometry":{"type":"LineString","coordinates":[[33.31909,-9.48918],[33.31923,-9.48945],[33.31928,-9.48953],[33.31933,-9.48956],[33.3194,-9.48968],[33.31957,-9.48977],[33.31974,-9.48995],[33.31975,-9.49003],[33.3199,-9.49025],[33.31992,-9.49038],[33.31995,-9.49051],[33.31994,-9.49056],[33.31999,-9.49065],[33.31998,-9.49071],[33.32,-9.49072],[33.32003,-9.49084],[33.32008,-9.49101],[33.32014,-9.49133],[33.32014,-9.49141],[33.32011,-9.49144],[33.3201,-9.49153],[33.32012,-9.49156],[33.32016,-9.49157],[33.32024,-9.49157],[33.32026,-9.49161],[33.32032,-9.49163],[33.32047,-9.49166],[33.32034,-9.49145]]},"properties":{"id":571792113,"cls":"track","hw":"track","tg":"none","name":"","ref":"","surface":"","sc":"unknown","speed":null,"lit":"unk","km":0.375}},
{"type":"Feature","geometry":{"type":"LineString","coordinates":[[33.32014,-9.49133],[33.32023,-9.49135],[33.3203,-9.4914],[33.32034,-9.49145]]},"properties":{"id":571792128,"cls":"track","hw":"track","tg":"none","name":"","ref":"","surface":"","sc":"unknown","speed":null,"lit":"unk","km":0.027}},
{"type":"Feature","geometry":{"type":"LineString","coordinates":[[33.32047,-9.49166],[33.32063,-9.49176],[33.32084,-9.49182],[33.32091,-9.49197],[33.32091,-9.49205],[33.32097,-9.49207],[33.3211,-9.49221],[33.32127,-9.49236],[33.32128,-9.49239]]},"properties":{"id":571792131,"cls":"track","hw":"track","tg":"none","name":"","ref":"","surface":"","sc":"unknown","speed":null,"lit":"unk","km":0.129}},
{"type":"Feature","geometry":{"type":"LineString","coordinates":[[33.32286,-9.49238],[33.32291,-9.49215],[33.32294,-9.4921],[33.32299,-9.49202],[33.323,-9.49199],[33.32301,-9.49195],[33.32303,-9.49188],[33.32309,-9.49173],[33.32316,-9.49161],[33.32326,-9.49147],[33.32336,-9.49139],[33.32344,-9.49132],[33.32369,-9.49118],[33.32392,-9.49102],[33.32398,-9.49085],[33.324,-9.49063],[33.32406,-9.4905],[33.3241,-9.49042],[33.3241,-9.4904],[33.32411,-9.49027],[33.32407,-9.49012],[33.32406,-9.4901],[33.32399,-9.49003],[33.32385,-9.48993],[33.32381,-9.48987],[33.32398,-9.48978],[33.32407,-9.48978],[33.32417,-9.4897],[33.32422,-9.4897],[33.32434,-9.48965],[33.32438,-9.48963],[33.32441,-9.48963],[33.32439,-9.48978],[33.32436,-9.48989],[33.32431,-9.48998],[33.32427,-9.49006],[33.32425,-9.49009],[33.32418,-9.49023],[33.32414,-9.49036],[33.3241,-9.49042]]},"properties":{"id":571792136,"cls":"track","hw":"track","tg":"none","name":"","ref":"","surface":"","sc":"unknown","speed":null,"lit":"unk","km":0.513}},
{"type":"Feature","geometry":{"type":"LineString","coordinates":[[33.32439,-9.48978],[33.32446,-9.48973],[33.32454,-9.48968],[33.32441,-9.48963]]},"properties":{"id":571792138,"cls":"track","hw":"track","tg":"none","name":"","ref":"","surface":"","sc":"unknown","speed":null,"lit":"unk","km":0.035}},
{"type":"Feature","geometry":{"type":"LineString","coordinates":[[33.3061,-9.48723],[33.30615,-9.48728],[33.30615,-9.48736],[33.30615,-9.48742],[33.30615,-9.48744],[33.30617,-9.48747],[33.30619,-9.48754],[33.3062,-9.48759],[33.30621,-9.48765],[33.3062,-9.48769],[33.3063,-9.4879],[33.3064,-9.48795],[33.30652,-9.48804],[33.3066,-9.48812],[33.30673,-9.4882],[33.30681,-9.48821],[33.30686,-9.48825],[33.30691,-9.48835],[33.30698,-9.48845],[33.30705,-9.48854],[33.30711,-9.4887],[33.30718,-9.48884],[33.3073,-9.48895],[33.30737,-9.4891],[33.30738,-9.48924],[33.30738,-9.48939],[33.3074,-9.48943],[33.30748,-9.48944],[33.30756,-9.48946],[33.30764,-9.48951],[33.30777,-9.4896],[33.30784,-9.48966],[33.30788,-9.48977],[33.30791,-9.48982],[33.30792,-9.48992],[33.30795,-9.48995],[33.30797,-9.49005],[33.30797,-9.49015],[33.30793,-9.49034],[33.30771,-9.49094],[33.30767,-9.49108],[33.30766,-9.49119],[33.30765,-9.49128],[33.30761,-9.49137],[33.30754,-9.49156]]},"properties":{"id":571792154,"cls":"path","hw":"path","tg":"na","name":"","ref":"","surface":"","sc":"unknown","speed":null,"lit":"unk","km":0.581}},
{"type":"Feature","geometry":{"type":"LineString","coordinates":[[33.30585,-9.48722],[33.30585,-9.48709],[33.30576,-9.48708],[33.30574,-9.48702],[33.3057,-9.48698],[33.30566,-9.48693],[33.30555,-9.4869],[33.30552,-9.4868],[33.30552,-9.48673],[33.30545,-9.48655],[33.30536,-9.48637],[33.30533,-9.48633],[33.3053,-9.4863],[33.30504,-9.48631],[33.30501,-9.48619],[33.30498,-9.48618],[33.30483,-9.48623],[33.30474,-9.48614],[33.30461,-9.48602],[33.30453,-9.48597],[33.30448,-9.48594],[33.30444,-9.48595],[33.3044,-9.48592],[33.30437,-9.48592],[33.30425,-9.48598],[33.30412,-9.4859],[33.30407,-9.4859],[33.30396,-9.48582],[33.30371,-9.48591],[33.30366,-9.48588],[33.30365,-9.48582],[33.3036,-9.48579]]},"properties":{"id":571792160,"cls":"path","hw":"path","tg":"na","name":"","ref":"","surface":"","sc":"unknown","speed":null,"lit":"unk","km":0.358}},
{"type":"Feature","geometry":{"type":"LineString","coordinates":[[33.30938,-9.4882],[33.30939,-9.48823],[33.30942,-9.48826],[33.30947,-9.48831],[33.3095,-9.48833],[33.30953,-9.48839],[33.30957,-9.48842],[33.30962,-9.48845],[33.30969,-9.48847],[33.30977,-9.48851],[33.30983,-9.48853],[33.30985,-9.48853],[33.31001,-9.48869],[33.31008,-9.48871],[33.31015,-9.48873],[33.3102,-9.48871],[33.31036,-9.48862],[33.31042,-9.4886],[33.31048,-9.48858]]},"properties":{"id":571792162,"cls":"track","hw":"track","tg":"none","name":"","ref":"","surface":"","sc":"unknown","speed":null,"lit":"unk","km":0.147}},
{"type":"Feature","geometry":{"type":"LineString","coordinates":[[33.32362,-9.48981],[33.32344,-9.48988],[33.32338,-9.49008],[33.32337,-9.49018],[33.32332,-9.49033],[33.3233,-9.49034],[33.32326,-9.49043],[33.32329,-9.49054],[33.32324,-9.49068],[33.32312,-9.49072],[33.3231,-9.49081]]},"properties":{"id":571792166,"cls":"track","hw":"track","tg":"none","name":"","ref":"","surface":"","sc":"unknown","speed":null,"lit":"unk","km":0.14}},
{"type":"Feature","geometry":{"type":"LineString","coordinates":[[33.32344,-9.48988],[33.32321,-9.48986],[33.32314,-9.48987],[33.32299,-9.48998],[33.32294,-9.49002],[33.32292,-9.49004],[33.32283,-9.49013],[33.32281,-9.4902],[33.32267,-9.49051],[33.32274,-9.49078],[33.32274,-9.49086],[33.32278,-9.49087],[33.32284,-9.49096]]},"properties":{"id":571792169,"cls":"track","hw":"track","tg":"none","name":"","ref":"","surface":"","sc":"unknown","speed":null,"lit":"unk","km":0.18}},
{"type":"Feature","geometry":{"type":"LineString","coordinates":[[33.32284,-9.49096],[33.32287,-9.49108]]},"properties":{"id":571792170,"cls":"track","hw":"track","tg":"none","name":"","ref":"","surface":"","sc":"unknown","speed":null,"lit":"unk","km":0.014}},
{"type":"Feature","geometry":{"type":"LineString","coordinates":[[33.32274,-9.49086],[33.32269,-9.49079],[33.32269,-9.49074],[33.32258,-9.49065],[33.32255,-9.49055],[33.32251,-9.49052],[33.32248,-9.49049],[33.32236,-9.49041],[33.32236,-9.49031],[33.32232,-9.49025],[33.32227,-9.4901],[33.32224,-9.49007],[33.32224,-9.49002],[33.32215,-9.48994],[33.32213,-9.48984],[33.32208,-9.48974],[33.32201,-9.48969],[33.322,-9.48962],[33.32189,-9.48952],[33.32177,-9.48947],[33.32162,-9.48931],[33.32154,-9.48926],[33.32153,-9.48918],[33.32144,-9.4891],[33.32138,-9.48904],[33.32136,-9.48897],[33.32137,-9.48889],[33.32141,-9.48885],[33.3214,-9.48879],[33.32131,-9.48869],[33.32135,-9.4886]]},"properties":{"id":571792171,"cls":"track","hw":"track","tg":"none","name":"","ref":"","surface":"","sc":"unknown","speed":null,"lit":"unk","km":0.322}},
{"type":"Feature","geometry":{"type":"LineString","coordinates":[[33.32189,-9.48952],[33.322,-9.4895],[33.32211,-9.48955],[33.32233,-9.48953],[33.32242,-9.48947],[33.32251,-9.48949],[33.32267,-9.48948],[33.3227,-9.48946],[33.32279,-9.48946],[33.32291,-9.48941],[33.32296,-9.48935],[33.32301,-9.4894],[33.32313,-9.48942],[33.3232,-9.48942],[33.32333,-9.48946],[33.32342,-9.48952],[33.32347,-9.48963],[33.32347,-9.48966],[33.32335,-9.48977],[33.32335,-9.48983],[33.32344,-9.48988]]},"properties":{"id":571792172,"cls":"track","hw":"track","tg":"none","name":"","ref":"","surface":"","sc":"unknown","speed":null,"lit":"unk","km":0.235}},
{"type":"Feature","geometry":{"type":"LineString","coordinates":[[33.32347,-9.48966],[33.32362,-9.48981]]},"properties":{"id":571792173,"cls":"path","hw":"path","tg":"na","name":"","ref":"","surface":"","sc":"unknown","speed":null,"lit":"unk","km":0.023}},
{"type":"Feature","geometry":{"type":"LineString","coordinates":[[33.32296,-9.48935],[33.32294,-9.48927],[33.32284,-9.48916],[33.3228,-9.48907],[33.32279,-9.48902],[33.32279,-9.48901],[33.32277,-9.4889],[33.32275,-9.48876],[33.32273,-9.48876],[33.32276,-9.48874],[33.32278,-9.48859],[33.32275,-9.48847],[33.32274,-9.48838],[33.32274,-9.48836],[33.32274,-9.48831],[33.32274,-9.48818],[33.32277,-9.48814],[33.32278,-9.48805],[33.32275,-9.48798],[33.3227,-9.48795],[33.32266,-9.48793],[33.32264,-9.48791]]},"properties":{"id":571792179,"cls":"track","hw":"track","tg":"none","name":"","ref":"","surface":"","sc":"unknown","speed":null,"lit":"unk","km":0.179}},
{"type":"Feature","geometry":{"type":"LineString","coordinates":[[33.32296,-9.48935],[33.32297,-9.48954],[33.32291,-9.4896],[33.32291,-9.48968],[33.32291,-9.48975],[33.32295,-9.48985],[33.32296,-9.4899],[33.32293,-9.48994],[33.32294,-9.49002]]},"properties":{"id":571792186,"cls":"track","hw":"track","tg":"none","name":"","ref":"","surface":"","sc":"unknown","speed":null,"lit":"unk","km":0.079}},
{"type":"Feature","geometry":{"type":"LineString","coordinates":[[33.32288,-9.4911],[33.32299,-9.49119],[33.32299,-9.49133],[33.32316,-9.49161]]},"properties":{"id":571792188,"cls":"track","hw":"track","tg":"none","name":"","ref":"","surface":"","sc":"unknown","speed":null,"lit":"unk","km":0.068}},
{"type":"Feature","geometry":{"type":"LineString","coordinates":[[33.30899,-9.48765],[33.30904,-9.4877],[33.30907,-9.48771],[33.30922,-9.4878],[33.3093,-9.48785],[33.30933,-9.48794],[33.30934,-9.48804],[33.30935,-9.48814],[33.30938,-9.4882],[33.30929,-9.48829],[33.30921,-9.48838],[33.30915,-9.48839],[33.30909,-9.48849],[33.30901,-9.48852],[33.30893,-9.4886],[33.30891,-9.48865],[33.30888,-9.48875],[33.30886,-9.48881],[33.30877,-9.48894],[33.30875,-9.48904],[33.30873,-9.48909],[33.30867,-9.48915],[33.30865,-9.48921],[33.30861,-9.48929],[33.30851,-9.48946],[33.30843,-9.48966],[33.30839,-9.48973],[33.30837,-9.48983],[33.30831,-9.48989],[33.30828,-9.49001],[33.30823,-9.49007],[33.30814,-9.49019],[33.30811,-9.49033],[33.30804,-9.49045],[33.30798,-9.49059],[33.30791,-9.49069],[33.30789,-9.49077],[33.30784,-9.49086],[33.3078,-9.49099],[33.30777,-9.4911],[33.30776,-9.49121],[33.30771,-9.49131],[33.30764,-9.49143],[33.30754,-9.49156],[33.30747,-9.49167],[33.3074,-9.49177],[33.30735,-9.49186],[33.30733,-9.4919],[33.30734,-9.492],[33.30735,-9.49204],[33.30739,-9.49208],[33.3074,-9.49221],[33.3074,-9.49235],[33.30739,-9.49245],[33.30734,-9.49254],[33.30721,-9.49275],[33.30709,-9.49294],[33.30699,-9.49314],[33.30698,-9.49325],[33.30688,-9.49336],[33.30682,-9.49345],[33.30671,-9.49353],[33.30662,-9.49359],[33.30655,-9.49364],[33.3065,-9.4937],[33.30627,-9.49383],[33.30606,-9.49401],[33.30592,-9.49421],[33.3058,-9.49442],[33.30571,-9.4945],[33.30541,-9.49466],[33.30519,-9.49472],[33.30501,-9.49474],[33.30492,-9.49479],[33.30478,-9.49486],[33.30468,-9.49492],[33.30462,-9.49494],[33.30444,-9.49488],[33.30409,-9.49509],[33.30373,-9.49525],[33.30361,-9.49529],[33.30356,-9.49532],[33.30351,-9.49542],[33.30348,-9.49547],[33.30339,-9.49569],[33.30332,-9.49591],[33.30332,-9.49606],[33.30334,-9.49614],[33.30328,-9.49631],[33.30327,-9.49635],[33.30321,-9.49646],[33.30316,-9.49661],[33.30313,-9.4967],[33.3031,-9.49675],[33.30306,-9.49696],[33.30302,-9.49727],[33.30305,-9.49758],[33.303,-9.49787],[33.30295,-9.498],[33.30289,-9.49816],[33.30269,-9.49868],[33.30251,-9.49904],[33.30234,-9.49956],[33.30229,-9.49969],[33.30213,-9.49986],[33.3021,-9.50012],[33.30201,-9.50029],[33.30178,-9.50053],[33.30168,-9.50074],[33.30154,-9.50101],[33.30132,-9.50124],[33.30114,-9.50139],[33.30093,-9.50149],[33.30087,-9.50158]]},"properties":{"id":571792189,"cls":"unclassified","hw":"unclassified","tg":"na","name":"","ref":"","surface":"","sc":"unknown","speed":null,"lit":"unk","km":1.971}},
{"type":"Feature","geometry":{"type":"LineString","coordinates":[[33.3229,-9.49117],[33.32286,-9.49129],[33.32287,-9.49138],[33.32283,-9.49151],[33.32287,-9.49158],[33.32288,-9.49163],[33.32293,-9.49171],[33.32291,-9.49184],[33.32294,-9.49195],[33.323,-9.49199]]},"properties":{"id":571792190,"cls":"track","hw":"track","tg":"none","name":"","ref":"","surface":"","sc":"unknown","speed":null,"lit":"unk","km":0.1}},
{"type":"Feature","geometry":{"type":"LineString","coordinates":[[33.2409,-9.48878],[33.24069,-9.48864],[33.24055,-9.48812],[33.24048,-9.48786],[33.24042,-9.48751],[33.24025,-9.48725],[33.24014,-9.48697],[33.24013,-9.48666],[33.24021,-9.4865],[33.24024,-9.4864],[33.24018,-9.48616],[33.24007,-9.48593],[33.24006,-9.48585],[33.23993,-9.48542],[33.23981,-9.48523],[33.23994,-9.48496],[33.23993,-9.48445],[33.24,-9.48425],[33.24003,-9.48413],[33.24004,-9.48389],[33.24007,-9.48375],[33.24009,-9.48361],[33.24012,-9.48345],[33.24024,-9.4834],[33.24032,-9.4832],[33.2404,-9.48312],[33.24056,-9.48309],[33.24066,-9.48306],[33.24077,-9.48295],[33.24091,-9.4828],[33.24106,-9.48264],[33.24116,-9.48245],[33.24127,-9.48231],[33.24142,-9.48222],[33.2416,-9.48209],[33.24176,-9.48199],[33.24193,-9.48189],[33.24213,-9.48178],[33.2423,-9.48168],[33.24249,-9.48153],[33.24269,-9.48138],[33.24282,-9.48113],[33.24283,-9.48091],[33.24283,-9.48069],[33.24286,-9.48044],[33.24287,-9.48029]]},"properties":{"id":588765677,"cls":"path","hw":"path","tg":"na","name":"","ref":"","surface":"","sc":"unknown","speed":null,"lit":"unk","km":1.134}},
{"type":"Feature","geometry":{"type":"LineString","coordinates":[[33.24898,-9.49412],[33.24891,-9.49397],[33.24891,-9.49391],[33.24893,-9.49374],[33.24897,-9.49346],[33.24898,-9.49323],[33.24899,-9.49314],[33.24899,-9.49296],[33.249,-9.49288],[33.24909,-9.49263],[33.24917,-9.49245],[33.24921,-9.49238],[33.24925,-9.49231],[33.24927,-9.49225],[33.24928,-9.49218],[33.24929,-9.49206],[33.24929,-9.49179],[33.24929,-9.49162],[33.24929,-9.49158],[33.24929,-9.49147],[33.24931,-9.49122],[33.24932,-9.49108],[33.24932,-9.49095],[33.24936,-9.49078],[33.24935,-9.49063],[33.24936,-9.49049],[33.24947,-9.49021]]},"properties":{"id":588771740,"cls":"unclassified","hw":"unclassified","tg":"na","name":"","ref":"","surface":"","sc":"unknown","speed":null,"lit":"unk","km":0.446}},
{"type":"Feature","geometry":{"type":"LineString","coordinates":[[33.24701,-9.49415],[33.24683,-9.49409],[33.24676,-9.49406],[33.24667,-9.49404],[33.24654,-9.494],[33.24645,-9.49402],[33.24641,-9.49402],[33.24638,-9.49401],[33.24634,-9.49398],[33.24623,-9.49386],[33.24612,-9.49373],[33.24609,-9.49367],[33.246,-9.49348],[33.24594,-9.4934],[33.2459,-9.49337],[33.24585,-9.49336],[33.24577,-9.49334],[33.24569,-9.49334],[33.24554,-9.49334],[33.2455,-9.49333],[33.24545,-9.49331],[33.24541,-9.49328],[33.24535,-9.49323],[33.24532,-9.49322],[33.24519,-9.4932],[33.24498,-9.49319],[33.24482,-9.49318],[33.24477,-9.49317],[33.24459,-9.49314],[33.24464,-9.49303],[33.24465,-9.49292],[33.24466,-9.4928],[33.24467,-9.49266],[33.24468,-9.49258],[33.24469,-9.49249],[33.2447,-9.49244],[33.2447,-9.49241],[33.24471,-9.49235],[33.24471,-9.49203],[33.24472,-9.49183],[33.24472,-9.4918],[33.24471,-9.49176],[33.24464,-9.49161],[33.24464,-9.49157],[33.24462,-9.49135],[33.2446,-9.49129],[33.24458,-9.49121],[33.24456,-9.49111],[33.24456,-9.49104],[33.24459,-9.49096],[33.24467,-9.49082],[33.24471,-9.49075],[33.24472,-9.49072],[33.24473,-9.49063],[33.24475,-9.49056]]},"properties":{"id":588771741,"cls":"unclassified","hw":"unclassified","tg":"na","name":"","ref":"","surface":"","sc":"unknown","speed":null,"lit":"unk","km":0.606}},
{"type":"Feature","geometry":{"type":"LineString","coordinates":[[33.26088,-9.48764],[33.26076,-9.48783],[33.26049,-9.48802],[33.26034,-9.48812],[33.26029,-9.48811],[33.26013,-9.48812],[33.25937,-9.48835],[33.25887,-9.4885],[33.25874,-9.48852],[33.25862,-9.48851],[33.25852,-9.48849],[33.25833,-9.48845],[33.25823,-9.48846],[33.25801,-9.48841],[33.25798,-9.48834],[33.25794,-9.48824],[33.25793,-9.48805],[33.25794,-9.48784],[33.25794,-9.48775],[33.258,-9.48763]]},"properties":{"id":588775886,"cls":"unclassified","hw":"unclassified","tg":"na","name":"","ref":"","surface":"","sc":"unknown","speed":null,"lit":"unk","km":0.435}},
{"type":"Feature","geometry":{"type":"LineString","coordinates":[[33.26629,-9.49],[33.26628,-9.49013],[33.26626,-9.49039],[33.26623,-9.49072],[33.26618,-9.49082],[33.26605,-9.49093],[33.26585,-9.49106],[33.26559,-9.49127],[33.26546,-9.49156],[33.2654,-9.49194],[33.26536,-9.49219],[33.26518,-9.49236]]},"properties":{"id":588775915,"cls":"unclassified","hw":"unclassified","tg":"na","name":"","ref":"","surface":"","sc":"unknown","speed":null,"lit":"unk","km":0.308}},
{"type":"Feature","geometry":{"type":"LineString","coordinates":[[33.00405,-9.39456],[33.00393,-9.39466],[33.00378,-9.39473],[33.00365,-9.39473],[33.00341,-9.39486],[33.00325,-9.3949],[33.00299,-9.39497]]},"properties":{"id":589664432,"cls":"unclassified","hw":"unclassified","tg":"na","name":"","ref":"","surface":"","sc":"unknown","speed":null,"lit":"unk","km":0.127}},
{"type":"Feature","geometry":{"type":"LineString","coordinates":[[33.00315,-9.39394],[33.00321,-9.39399],[33.00338,-9.39404],[33.00347,-9.39406],[33.0037,-9.39425],[33.0038,-9.3944],[33.00395,-9.3946],[33.00405,-9.39456]]},"properties":{"id":589664433,"cls":"path","hw":"path","tg":"na","name":"","ref":"","surface":"","sc":"unknown","speed":null,"lit":"unk","km":0.131}},
{"type":"Feature","geometry":{"type":"LineString","coordinates":[[33.00405,-9.39456],[33.0041,-9.39458],[33.00417,-9.39461],[33.00425,-9.39473],[33.00436,-9.39489],[33.00444,-9.39522],[33.00447,-9.39529],[33.00457,-9.39558],[33.00463,-9.3958],[33.00471,-9.39595],[33.00469,-9.39613],[33.00463,-9.39633],[33.00453,-9.39654]]},"properties":{"id":589664434,"cls":"path","hw":"path","tg":"na","name":"","ref":"","surface":"","sc":"unknown","speed":null,"lit":"unk","km":0.245}},
{"type":"Feature","geometry":{"type":"LineString","coordinates":[[33.00465,-9.39733],[33.00482,-9.39742],[33.00493,-9.39749],[33.00501,-9.39759],[33.00511,-9.39771],[33.00521,-9.39781],[33.00535,-9.39806],[33.00536,-9.39816],[33.00536,-9.39826],[33.00532,-9.39836],[33.00521,-9.39847],[33.0051,-9.39856],[33.00497,-9.39866],[33.00492,-9.39871],[33.00491,-9.39877],[33.00492,-9.39887],[33.00482,-9.39906],[33.00457,-9.39937],[33.00441,-9.39958]]},"properties":{"id":589664435,"cls":"path","hw":"path","tg":"na","name":"","ref":"","surface":"","sc":"unknown","speed":null,"lit":"unk","km":0.322}},
{"type":"Feature","geometry":{"type":"LineString","coordinates":[[33.00441,-9.39958],[33.00438,-9.39956],[33.00428,-9.39961],[33.00425,-9.39961],[33.00416,-9.39971],[33.00406,-9.39983]]},"properties":{"id":589664436,"cls":"path","hw":"path","tg":"na","name":"","ref":"","surface":"","sc":"unknown","speed":null,"lit":"unk","km":0.052}},
{"type":"Feature","geometry":{"type":"LineString","coordinates":[[33.00492,-9.39887],[33.00498,-9.39892],[33.00505,-9.39897],[33.00511,-9.39904],[33.00523,-9.39908],[33.00531,-9.39917],[33.00539,-9.39919],[33.00546,-9.39923],[33.0054,-9.39928],[33.00521,-9.3993]]},"properties":{"id":589664439,"cls":"path","hw":"path","tg":"na","name":"","ref":"","surface":"","sc":"unknown","speed":null,"lit":"unk","km":0.103}},
{"type":"Feature","geometry":{"type":"LineString","coordinates":[[33.00513,-9.39994],[33.00519,-9.39999],[33.00527,-9.39996],[33.00531,-9.40005],[33.00543,-9.40019],[33.00551,-9.4003],[33.00566,-9.4004],[33.00574,-9.4003],[33.00574,-9.40026]]},"properties":{"id":589664440,"cls":"path","hw":"path","tg":"na","name":"","ref":"","surface":"","sc":"unknown","speed":null,"lit":"unk","km":0.103}},
{"type":"Feature","geometry":{"type":"LineString","coordinates":[[33.00441,-9.39958],[33.00453,-9.39963],[33.0047,-9.39978],[33.00478,-9.39984],[33.00487,-9.39976],[33.00493,-9.3998],[33.00503,-9.39986],[33.00509,-9.39993],[33.00513,-9.39994]]},"properties":{"id":589664442,"cls":"path","hw":"path","tg":"na","name":"","ref":"","surface":"","sc":"unknown","speed":null,"lit":"unk","km":0.099}},
{"type":"Feature","geometry":{"type":"LineString","coordinates":[[33.00406,-9.39983],[33.00406,-9.39985],[33.00411,-9.39988],[33.00422,-9.39998],[33.00433,-9.40005],[33.00442,-9.40006],[33.0045,-9.40009],[33.00459,-9.40008],[33.00469,-9.40006],[33.00474,-9.40004],[33.00493,-9.3998],[33.00506,-9.39966],[33.00524,-9.39957]]},"properties":{"id":589664443,"cls":"path","hw":"path","tg":"na","name":"","ref":"","surface":"","sc":"unknown","speed":null,"lit":"unk","km":0.163}},
{"type":"Feature","geometry":{"type":"LineString","coordinates":[[33.28493,-9.49913],[33.28448,-9.49906],[33.28428,-9.4989],[33.28406,-9.49883]]},"properties":{"id":593515368,"cls":"residential","hw":"residential","tg":"na","name":"","ref":"","surface":"","sc":"unknown","speed":null,"lit":"unk","km":0.104}},
{"type":"Feature","geometry":{"type":"LineString","coordinates":[[33.28226,-9.49867],[33.28249,-9.49869],[33.28264,-9.49871],[33.28279,-9.49869],[33.28318,-9.49876],[33.28327,-9.49881],[33.28341,-9.49885],[33.28363,-9.49888],[33.28369,-9.49886],[33.28381,-9.49887],[33.28394,-9.49881],[33.28406,-9.49883]]},"properties":{"id":593515369,"cls":"residential","hw":"residential","tg":"na","name":"","ref":"","surface":"","sc":"unknown","speed":null,"lit":"unk","km":0.203}},
{"type":"Feature","geometry":{"type":"LineString","coordinates":[[33.28463,-9.49925],[33.28467,-9.49942],[33.28472,-9.49988],[33.28497,-9.5001],[33.28513,-9.5002],[33.28511,-9.50025],[33.2849,-9.50028],[33.28479,-9.50034],[33.28476,-9.50036],[33.28463,-9.50034],[33.28445,-9.50033],[33.28436,-9.50032],[33.28414,-9.50034],[33.28401,-9.50034],[33.28391,-9.50031],[33.28374,-9.50028]]},"properties":{"id":593896485,"cls":"residential","hw":"residential","tg":"na","name":"","ref":"","surface":"","sc":"unknown","speed":null,"lit":"unk","km":0.288}},
{"type":"Feature","geometry":{"type":"LineString","coordinates":[[33.29285,-9.49883],[33.2928,-9.4988],[33.29268,-9.49867],[33.29243,-9.4985],[33.29236,-9.49844],[33.29226,-9.49832],[33.29224,-9.4983],[33.29208,-9.49814],[33.29197,-9.49798],[33.29188,-9.49788],[33.29183,-9.49782],[33.29177,-9.49776],[33.29155,-9.49754],[33.29141,-9.49739],[33.29129,-9.49719],[33.29125,-9.49712],[33.29123,-9.49709],[33.29118,-9.49705],[33.29104,-9.49697],[33.29094,-9.49691],[33.2908,-9.49682],[33.29069,-9.49671],[33.29066,-9.49666],[33.29054,-9.49643]]},"properties":{"id":593896495,"cls":"unclassified","hw":"unclassified","tg":"na","name":"","ref":"","surface":"unpaved","sc":"unpaved","speed":null,"lit":"unk","km":0.373}},
{"type":"Feature","geometry":{"type":"LineString","coordinates":[[33.27158,-9.48878],[33.27165,-9.48898],[33.27172,-9.4893],[33.27183,-9.48961],[33.27194,-9.48984],[33.27199,-9.49005],[33.27209,-9.49041],[33.27216,-9.49061],[33.2722,-9.49075],[33.27234,-9.49114],[33.27244,-9.49138],[33.2725,-9.4915],[33.27252,-9.49155],[33.27262,-9.4917],[33.27268,-9.49187],[33.27281,-9.49199],[33.27285,-9.49207],[33.27293,-9.49225],[33.27314,-9.49246],[33.27332,-9.4926],[33.2736,-9.49287],[33.27376,-9.49314],[33.27387,-9.49322],[33.27399,-9.4935],[33.27404,-9.49377],[33.27412,-9.49389],[33.27418,-9.49405],[33.27427,-9.49422],[33.27452,-9.49432],[33.27464,-9.49448],[33.2747,-9.49456],[33.27478,-9.49467],[33.2748,-9.4948],[33.27481,-9.49492],[33.2748,-9.49506],[33.27481,-9.49517],[33.27469,-9.49562],[33.27464,-9.49582],[33.27462,-9.4959],[33.27473,-9.49617],[33.27479,-9.49636],[33.27481,-9.49663],[33.27487,-9.49694],[33.27492,-9.49714],[33.27489,-9.49742],[33.27482,-9.49763],[33.27481,-9.4979],[33.27485,-9.49817],[33.27492,-9.49833],[33.27504,-9.49838],[33.27507,-9.49846],[33.27505,-9.49857],[33.2751,-9.49886],[33.27511,-9.49891]]},"properties":{"id":593920620,"cls":"unclassified","hw":"unclassified","tg":"na","name":"","ref":"","surface":"","sc":"unknown","speed":null,"lit":"unk","km":1.258}},
{"type":"Feature","geometry":{"type":"LineString","coordinates":[[33.28664,-9.4997],[33.28678,-9.49956],[33.28688,-9.49942],[33.287,-9.49935],[33.28727,-9.49934],[33.28749,-9.49931],[33.28782,-9.49929],[33.28822,-9.49928],[33.28847,-9.49935]]},"properties":{"id":593920686,"cls":"residential","hw":"residential","tg":"na","name":"","ref":"","surface":"","sc":"unknown","speed":null,"lit":"unk","km":0.219}},
{"type":"Feature","geometry":{"type":"LineString","coordinates":[[33.28463,-9.49925],[33.28493,-9.49913],[33.28507,-9.4991],[33.28522,-9.49916],[33.28545,-9.49918],[33.28563,-9.49925],[33.28576,-9.49933],[33.28596,-9.49947],[33.28608,-9.49951],[33.28635,-9.49956],[33.28657,-9.49972],[33.28664,-9.4997],[33.28675,-9.49983],[33.28694,-9.49991]]},"properties":{"id":593920688,"cls":"residential","hw":"residential","tg":"na","name":"","ref":"","surface":"","sc":"unknown","speed":null,"lit":"unk","km":0.283}},
{"type":"Feature","geometry":{"type":"LineString","coordinates":[[33.28493,-9.49913],[33.28468,-9.49913],[33.28445,-9.49918],[33.28428,-9.49918],[33.28404,-9.49917],[33.28382,-9.49909],[33.28355,-9.49913]]},"properties":{"id":593920689,"cls":"residential","hw":"residential","tg":"na","name":"","ref":"","surface":"","sc":"unknown","speed":null,"lit":"unk","km":0.154}},
{"type":"Feature","geometry":{"type":"LineString","coordinates":[[33.11265,-9.49871],[33.11275,-9.49882]]},"properties":{"id":596405531,"cls":"residential","hw":"residential","tg":"na","name":"","ref":"","surface":"","sc":"unknown","speed":null,"lit":"unk","km":0.016}},
{"type":"Feature","geometry":{"type":"LineString","coordinates":[[33.11462,-9.4936],[33.11439,-9.49344],[33.114,-9.49311],[33.11394,-9.49308],[33.11368,-9.49284],[33.11364,-9.49279],[33.11365,-9.49276],[33.11365,-9.49273],[33.11388,-9.49241]]},"properties":{"id":596405532,"cls":"path","hw":"path","tg":"na","name":"","ref":"","surface":"","sc":"unknown","speed":null,"lit":"unk","km":0.191}},
{"type":"Feature","geometry":{"type":"LineString","coordinates":[[33.11483,-9.49489],[33.11492,-9.49486],[33.11502,-9.49492],[33.11513,-9.49494],[33.11538,-9.49486],[33.11559,-9.49483],[33.11581,-9.49486],[33.11594,-9.49494],[33.11595,-9.49494],[33.11607,-9.49497],[33.11632,-9.49501],[33.11664,-9.49505],[33.11677,-9.49512],[33.11692,-9.49515],[33.11701,-9.49508],[33.11706,-9.49518],[33.11718,-9.49517],[33.11735,-9.49522]]},"properties":{"id":596405533,"cls":"path","hw":"path","tg":"na","name":"","ref":"","surface":"","sc":"unknown","speed":null,"lit":"unk","km":0.297}},
{"type":"Feature","geometry":{"type":"LineString","coordinates":[[33.11597,-9.49833],[33.11636,-9.49858],[33.11663,-9.49881],[33.11694,-9.49899],[33.11695,-9.499],[33.11736,-9.49919],[33.11787,-9.49946],[33.11836,-9.49973],[33.11853,-9.49977],[33.11898,-9.49989],[33.1191,-9.49994],[33.11927,-9.49994],[33.11974,-9.49999],[33.12001,-9.50003],[33.1202,-9.5001],[33.12036,-9.50016],[33.12048,-9.50021],[33.12059,-9.50025],[33.12076,-9.50028],[33.12088,-9.50026],[33.12103,-9.50024],[33.1211,-9.50024],[33.1212,-9.50024],[33.12128,-9.50024],[33.12138,-9.50024],[33.12154,-9.50027],[33.12178,-9.50034],[33.12198,-9.50042],[33.12218,-9.50049],[33.12241,-9.50059]]},"properties":{"id":596405534,"cls":"unclassified","hw":"unclassified","tg":"na","name":"","ref":"","surface":"","sc":"unknown","speed":null,"lit":"unk","km":0.766}},
{"type":"Feature","geometry":{"type":"LineString","coordinates":[[33.12961,-9.49282],[33.12979,-9.49294],[33.12987,-9.49306],[33.12996,-9.49313],[33.1303,-9.49324],[33.13064,-9.49343],[33.13079,-9.49349],[33.13082,-9.4935],[33.13101,-9.49351],[33.13152,-9.49369],[33.13158,-9.49323],[33.13167,-9.49316],[33.13194,-9.49266],[33.13211,-9.49243],[33.13222,-9.4923]]},"properties":{"id":596413189,"cls":"path","hw":"path","tg":"na","name":"","ref":"","surface":"","sc":"unknown","speed":null,"lit":"unk","km":0.414}},
{"type":"Feature","geometry":{"type":"LineString","coordinates":[[33.12854,-9.49415],[33.12873,-9.49433],[33.1288,-9.49439],[33.12888,-9.49442],[33.12896,-9.49446],[33.12904,-9.4945],[33.12927,-9.49464],[33.12935,-9.49469],[33.12948,-9.49477],[33.12961,-9.49485],[33.12964,-9.49491]]},"properties":{"id":596413190,"cls":"path","hw":"path","tg":"na","name":"","ref":"","surface":"","sc":"unknown","speed":null,"lit":"unk","km":0.149}},
{"type":"Feature","geometry":{"type":"LineString","coordinates":[[33.11735,-9.49522],[33.11745,-9.49518],[33.11759,-9.49528],[33.11774,-9.49544],[33.11793,-9.49561],[33.11797,-9.49556],[33.11853,-9.49509],[33.11869,-9.49513],[33.1189,-9.49508],[33.11909,-9.49502],[33.11932,-9.495],[33.11949,-9.49499],[33.11954,-9.49494],[33.11964,-9.49493],[33.11981,-9.49487],[33.11988,-9.49494],[33.11998,-9.495],[33.1201,-9.49501],[33.12028,-9.49504],[33.12037,-9.49528],[33.12038,-9.4954],[33.12042,-9.4955],[33.12049,-9.49566],[33.12056,-9.49576],[33.12062,-9.4959],[33.12061,-9.49592],[33.12064,-9.49598],[33.12078,-9.49615],[33.121,-9.49644]]},"properties":{"id":596413191,"cls":"path","hw":"path","tg":"na","name":"","ref":"","surface":"","sc":"unknown","speed":null,"lit":"unk","km":0.552}},
{"type":"Feature","geometry":{"type":"LineString","coordinates":[[33.12078,-9.49615],[33.12085,-9.49608],[33.12094,-9.49604],[33.12099,-9.49598],[33.121,-9.49591],[33.12103,-9.49586],[33.12104,-9.4958],[33.12108,-9.49565],[33.12107,-9.49562],[33.12107,-9.4956],[33.12107,-9.49559],[33.12108,-9.49551],[33.12109,-9.49538],[33.12112,-9.49533],[33.12124,-9.49528],[33.12135,-9.4952],[33.12144,-9.49508],[33.12146,-9.49501],[33.12152,-9.49497],[33.12157,-9.49493],[33.12158,-9.49481],[33.12161,-9.49478],[33.12162,-9.49476],[33.12168,-9.49469],[33.12176,-9.49464],[33.12181,-9.49459],[33.12185,-9.49457],[33.12191,-9.4945],[33.12195,-9.49444],[33.122,-9.49436],[33.12206,-9.49432],[33.12222,-9.49426],[33.12246,-9.49426],[33.12268,-9.49411],[33.12278,-9.49407],[33.12281,-9.49409],[33.12288,-9.49403],[33.12284,-9.49397],[33.12313,-9.49363],[33.12292,-9.49341],[33.1229,-9.49338],[33.12287,-9.49333],[33.1228,-9.49322],[33.12275,-9.49318],[33.12274,-9.49316],[33.12266,-9.49312],[33.12261,-9.49306],[33.12257,-9.49292],[33.12235,-9.49269],[33.12223,-9.49258],[33.12212,-9.4925],[33.12206,-9.49247],[33.1218,-9.49229]]},"properties":{"id":596413192,"cls":"path","hw":"path","tg":"na","name":"","ref":"","surface":"","sc":"unknown","speed":null,"lit":"unk","km":0.636}},
{"type":"Feature","geometry":{"type":"LineString","coordinates":[[33.11735,-9.49522],[33.11734,-9.49497],[33.11746,-9.49473],[33.11754,-9.49418],[33.11762,-9.49421],[33.11784,-9.49444],[33.11801,-9.49437],[33.11811,-9.49423],[33.11814,-9.49416],[33.11818,-9.49415],[33.1183,-9.49418],[33.11837,-9.49414],[33.11851,-9.49413],[33.11855,-9.4941],[33.11861,-9.4941],[33.11865,-9.49408],[33.1187,-9.49408],[33.11883,-9.494],[33.11885,-9.49401],[33.11887,-9.49403],[33.11896,-9.49424],[33.1192,-9.49459],[33.11931,-9.49477],[33.1193,-9.49488],[33.11932,-9.495]]},"properties":{"id":596413193,"cls":"path","hw":"path","tg":"na","name":"","ref":"","surface":"","sc":"unknown","speed":null,"lit":"unk","km":0.42}},
{"type":"Feature","geometry":{"type":"LineString","coordinates":[[33.11754,-9.49418],[33.11752,-9.49406],[33.11757,-9.49397],[33.11759,-9.49373],[33.11767,-9.49343],[33.11772,-9.49331],[33.11774,-9.49324],[33.11776,-9.49314],[33.11774,-9.49306],[33.11782,-9.49279],[33.11786,-9.49275],[33.11787,-9.49269],[33.11793,-9.49263],[33.11816,-9.49246]]},"properties":{"id":596413194,"cls":"path","hw":"path","tg":"na","name":"","ref":"","surface":"","sc":"unknown","speed":null,"lit":"unk","km":0.214}},
{"type":"Feature","geometry":{"type":"LineString","coordinates":[[33.11736,-9.49919],[33.11823,-9.49874],[33.11829,-9.4987],[33.11843,-9.49868],[33.11861,-9.49861],[33.11872,-9.4986],[33.11882,-9.49855],[33.11893,-9.49852],[33.11904,-9.4985],[33.11913,-9.4985],[33.11921,-9.49848],[33.11943,-9.49854],[33.11958,-9.49845],[33.11967,-9.49844],[33.11969,-9.49843],[33.11972,-9.49839],[33.1197,-9.49833],[33.11977,-9.49816],[33.11988,-9.49821],[33.11996,-9.49809],[33.12015,-9.49772],[33.12037,-9.49732],[33.12041,-9.49716],[33.12041,-9.49706],[33.12048,-9.497],[33.12078,-9.49663],[33.121,-9.49644]]},"properties":{"id":596413195,"cls":"path","hw":"path","tg":"na","name":"","ref":"","surface":"","sc":"unknown","speed":null,"lit":"unk","km":0.561}},
{"type":"Feature","geometry":{"type":"LineString","coordinates":[[33.11988,-9.49821],[33.12027,-9.49837],[33.12049,-9.49852],[33.12067,-9.49858],[33.12083,-9.49862],[33.12091,-9.49867],[33.12097,-9.49874],[33.12122,-9.49845],[33.12139,-9.49815],[33.12147,-9.49808],[33.12168,-9.49804],[33.1219,-9.498],[33.12215,-9.49794],[33.12235,-9.49819],[33.1224,-9.49825],[33.12248,-9.49833],[33.12257,-9.4984],[33.12269,-9.49851],[33.12288,-9.49862],[33.12299,-9.49887]]},"properties":{"id":596413196,"cls":"path","hw":"path","tg":"na","name":"","ref":"","surface":"","sc":"unknown","speed":null,"lit":"unk","km":0.445}},
{"type":"Feature","geometry":{"type":"LineString","coordinates":[[33.12097,-9.49874],[33.12121,-9.49888],[33.12142,-9.49891],[33.12191,-9.4989],[33.12227,-9.49886],[33.12262,-9.49888],[33.12294,-9.49892]]},"properties":{"id":596413197,"cls":"path","hw":"path","tg":"na","name":"","ref":"","surface":"","sc":"unknown","speed":null,"lit":"unk","km":0.221}},
{"type":"Feature","geometry":{"type":"LineString","coordinates":[[33.12299,-9.49887],[33.12306,-9.49888],[33.12315,-9.49901],[33.12332,-9.49907],[33.12339,-9.49913],[33.12351,-9.49916],[33.12353,-9.49918],[33.12353,-9.49926],[33.12357,-9.49931],[33.12362,-9.49932],[33.12367,-9.4993],[33.12392,-9.49945],[33.12407,-9.49964],[33.12412,-9.4997],[33.12414,-9.49973],[33.12427,-9.49984],[33.12442,-9.50004],[33.12452,-9.50018],[33.12498,-9.50059],[33.12529,-9.50081],[33.12546,-9.50091],[33.12557,-9.5008],[33.12571,-9.50076],[33.12582,-9.50077],[33.12584,-9.5008],[33.12582,-9.50083],[33.12585,-9.50086],[33.12596,-9.50093],[33.12613,-9.50109],[33.12622,-9.50117],[33.12662,-9.50141]]},"properties":{"id":596413199,"cls":"path","hw":"path","tg":"na","name":"","ref":"","surface":"","sc":"unknown","speed":null,"lit":"unk","km":0.531}},
{"type":"Feature","geometry":{"type":"LineString","coordinates":[[33.13152,-9.49369],[33.13162,-9.49376],[33.13182,-9.49365],[33.13202,-9.49365],[33.13223,-9.49359],[33.13227,-9.4936],[33.13235,-9.49366],[33.13256,-9.49374],[33.13264,-9.49377],[33.13268,-9.49381],[33.13291,-9.49399],[33.13297,-9.49384],[33.13312,-9.49391],[33.13326,-9.49384],[33.13356,-9.49371],[33.13363,-9.49366],[33.13369,-9.4936],[33.13373,-9.4936],[33.13403,-9.49369],[33.13413,-9.4937],[33.13425,-9.49369],[33.13454,-9.4937],[33.13477,-9.49359]]},"properties":{"id":596419454,"cls":"path","hw":"path","tg":"na","name":"","ref":"","surface":"","sc":"unknown","speed":null,"lit":"unk","km":0.404}},
{"type":"Feature","geometry":{"type":"LineString","coordinates":[[33.12964,-9.49491],[33.12981,-9.49496],[33.13012,-9.49492],[33.13052,-9.49456],[33.13063,-9.49442],[33.13077,-9.49431],[33.13089,-9.49429],[33.13098,-9.49423],[33.13115,-9.49435],[33.13128,-9.4942],[33.13154,-9.49389],[33.1316,-9.4938],[33.13162,-9.49376]]},"properties":{"id":596419455,"cls":"path","hw":"path","tg":"na","name":"","ref":"","surface":"","sc":"unknown","speed":null,"lit":"unk","km":0.284}},
{"type":"Feature","geometry":{"type":"LineString","coordinates":[[33.13291,-9.49399],[33.13291,-9.49416],[33.13271,-9.4944],[33.13273,-9.49453],[33.13261,-9.49462],[33.13249,-9.49472],[33.13244,-9.49475],[33.13237,-9.49479],[33.13223,-9.4949],[33.13168,-9.4947],[33.1314,-9.49447],[33.13115,-9.49435]]},"properties":{"id":596419456,"cls":"path","hw":"path","tg":"na","name":"","ref":"","surface":"","sc":"unknown","speed":null,"lit":"unk","km":0.271}},
{"type":"Feature","geometry":{"type":"LineString","coordinates":[[33.12839,-9.49433],[33.12818,-9.49402],[33.128,-9.49383],[33.12774,-9.49362],[33.12751,-9.4935],[33.12744,-9.49343],[33.12735,-9.49328],[33.12707,-9.49309]]},"properties":{"id":596419457,"cls":"path","hw":"path","tg":"na","name":"","ref":"","surface":"","sc":"unknown","speed":null,"lit":"unk","km":0.203}},
{"type":"Feature","geometry":{"type":"LineString","coordinates":[[33.12215,-9.49794],[33.12152,-9.49724],[33.12149,-9.49702],[33.12112,-9.49654],[33.121,-9.49644]]},"properties":{"id":596419458,"cls":"path","hw":"path","tg":"na","name":"","ref":"","surface":"","sc":"unknown","speed":null,"lit":"unk","km":0.213}},
{"type":"Feature","geometry":{"type":"LineString","coordinates":[[33.42393,-9.48149],[33.42398,-9.482],[33.42408,-9.48236],[33.42425,-9.48259],[33.42432,-9.48279],[33.42427,-9.48291],[33.42439,-9.48296],[33.42439,-9.48317],[33.42443,-9.4833],[33.4246,-9.48334],[33.4249,-9.48337],[33.42513,-9.48366],[33.42558,-9.48454],[33.4256,-9.4848],[33.42569,-9.48531],[33.4257,-9.48552],[33.42559,-9.48573],[33.42566,-9.48597],[33.4257,-9.48611],[33.4256,-9.48632],[33.42537,-9.48651],[33.42529,-9.48663],[33.42538,-9.48689],[33.42532,-9.48709],[33.42506,-9.48741],[33.42509,-9.4877],[33.42488,-9.48807],[33.42479,-9.48814],[33.42474,-9.48829],[33.42472,-9.4885],[33.42456,-9.48887],[33.42463,-9.48906],[33.42463,-9.4892],[33.42441,-9.48956],[33.42426,-9.48968],[33.42412,-9.48972],[33.42339,-9.48937],[33.42326,-9.48937],[33.42319,-9.48965],[33.423,-9.4899],[33.42263,-9.49011],[33.42212,-9.49009],[33.42198,-9.4902],[33.42183,-9.49067],[33.42185,-9.49102],[33.42184,-9.49175],[33.42179,-9.49212],[33.42177,-9.49236],[33.42169,-9.49285],[33.4217,-9.49301],[33.42179,-9.4934],[33.42185,-9.49391],[33.42189,-9.49422],[33.42198,-9.49454],[33.42212,-9.49491],[33.42235,-9.49543],[33.42243,-9.49577],[33.4224,-9.49617],[33.42226,-9.49657],[33.42203,-9.49685],[33.42172,-9.49705],[33.42154,-9.49712],[33.42126,-9.49723],[33.42075,-9.49718],[33.42036,-9.49711],[33.41993,-9.4971],[33.41939,-9.49723],[33.41907,-9.49744],[33.41877,-9.49792],[33.41841,-9.49838],[33.41819,-9.49881],[33.41816,-9.49891],[33.41814,-9.49897],[33.41807,-9.49922],[33.41809,-9.49951],[33.41832,-9.50005],[33.41853,-9.5007],[33.41853,-9.5011],[33.41845,-9.50189],[33.41836,-9.5025],[33.41825,-9.50279],[33.41784,-9.50324],[33.41751,-9.50349],[33.41719,-9.50381],[33.41699,-9.50397],[33.41686,-9.50397],[33.41668,-9.50382],[33.41622,-9.50354],[33.416,-9.50348],[33.41579,-9.50352],[33.41549,-9.50371],[33.41523,-9.50402],[33.41503,-9.50431],[33.41492,-9.50463],[33.41489,-9.50486],[33.41478,-9.505],[33.4145,-9.50535],[33.41434,-9.50547],[33.414,-9.50553],[33.41362,-9.50576],[33.41324,-9.50596],[33.41279,-9.5062],[33.41253,-9.50632],[33.4123,-9.50663],[33.41223,-9.5069],[33.41221,-9.50722],[33.41208,-9.50751],[33.41179,-9.50787],[33.41151,-9.50811],[33.41137,-9.50828],[33.41134,-9.50869],[33.41137,-9.50912],[33.41135,-9.50942],[33.41124,-9.50959],[33.41109,-9.50992],[33.41087,-9.51043],[33.41069,-9.51085],[33.41058,-9.51116],[33.41058,-9.51139],[33.41067,-9.51184],[33.41086,-9.51246],[33.41093,-9.51297],[33.41096,-9.51319],[33.41084,-9.51349],[33.41073,-9.5137],[33.41047,-9.51398],[33.41011,-9.51414],[33.40994,-9.51431],[33.4098,-9.5147],[33.40959,-9.51483],[33.40942,-9.51494],[33.40926,-9.51537],[33.409,-9.51599],[33.40896,-9.51637],[33.40897,-9.51677],[33.40893,-9.51712],[33.40876,-9.51714],[33.40863,-9.51713],[33.40805,-9.51712],[33.40787,-9.51718],[33.40781,-9.5172],[33.40734,-9.51737],[33.40682,-9.51723],[33.40649,-9.51734],[33.40623,-9.51777],[33.40595,-9.51818],[33.40555,-9.5185],[33.40524,-9.51878],[33.40513,-9.51901],[33.40487,-9.51966],[33.40479,-9.51975],[33.40446,-9.52013],[33.40437,-9.52029],[33.40406,-9.52097],[33.40374,-9.52132],[33.40338,-9.52181],[33.40333,-9.52209],[33.40299,-9.52258],[33.40271,-9.52286],[33.40235,-9.52297],[33.40128,-9.52266],[33.4007,-9.52252],[33.40026,-9.52256],[33.40004,-9.52273],[33.40005,-9.52297],[33.40006,-9.52325],[33.39996,-9.52337],[33.3998,-9.52351],[33.39959,-9.52369],[33.399,-9.52404],[33.39883,-9.52413],[33.39864,-9.52425],[33.3985,-9.5244],[33.39832,-9.5246],[33.39818,-9.52494],[33.39784,-9.52541],[33.39757,-9.52564],[33.3972,-9.52592],[33.39706,-9.52599],[33.39696,-9.52606],[33.39688,-9.52614],[33.39644,-9.52658],[33.39633,-9.52664],[33.39621,-9.52671],[33.39601,-9.52678],[33.39589,-9.52681],[33.3958,-9.52688],[33.39573,-9.52696],[33.39569,-9.52709],[33.39567,-9.52727],[33.39564,-9.52739],[33.39558,-9.52751],[33.39544,-9.52772],[33.39538,-9.52784],[33.39535,-9.52797],[33.39537,-9.52812],[33.39539,-9.52829],[33.39539,-9.52842],[33.39535,-9.52853],[33.39505,-9.52912],[33.39495,-9.52948],[33.39494,-9.52962],[33.39496,-9.52982],[33.39498,-9.52993],[33.39505,-9.53004],[33.39514,-9.53016],[33.39528,-9.53029],[33.39541,-9.53045],[33.39568,-9.5307],[33.39591,-9.53102],[33.39622,-9.53152],[33.39629,-9.5317],[33.39631,-9.53183],[33.39627,-9.53201],[33.39613,-9.53221],[33.39587,-9.53246],[33.39569,-9.53266],[33.39557,-9.53284],[33.39548,-9.53302],[33.3954,-9.53317],[33.39528,-9.53341],[33.39501,-9.53389],[33.39495,-9.53404]]},"properties":{"id":598287332,"cls":"unclassified","hw":"unclassified","tg":"na","name":"","ref":"","surface":"","sc":"unknown","speed":null,"lit":"unk","km":8.248}},
{"type":"Feature","geometry":{"type":"LineString","coordinates":[[33.09614,-9.46631],[33.09584,-9.46647],[33.09549,-9.46663],[33.09539,-9.46665],[33.09427,-9.46695],[33.09379,-9.46705],[33.09348,-9.46717],[33.09336,-9.46722],[33.09319,-9.4673],[33.09306,-9.4674],[33.09275,-9.46761],[33.09224,-9.46793],[33.09191,-9.46811],[33.09177,-9.46816],[33.09149,-9.46841],[33.09123,-9.4686],[33.09097,-9.46877],[33.09071,-9.46903]]},"properties":{"id":598518553,"cls":"unclassified","hw":"unclassified","tg":"na","name":"","ref":"","surface":"","sc":"unknown","speed":null,"lit":"unk","km":0.679}},
{"type":"Feature","geometry":{"type":"LineString","coordinates":[[33.09074,-9.46717],[33.09096,-9.4671],[33.09121,-9.46701],[33.0914,-9.46705],[33.09182,-9.46711],[33.09189,-9.46715],[33.09199,-9.46731],[33.09229,-9.4674],[33.09257,-9.46749],[33.09279,-9.46747],[33.09306,-9.4674]]},"properties":{"id":598518554,"cls":"path","hw":"path","tg":"na","name":"","ref":"","surface":"","sc":"unknown","speed":null,"lit":"unk","km":0.274}},
{"type":"Feature","geometry":{"type":"LineString","coordinates":[[33.09529,-9.4585],[33.0946,-9.45907],[33.09421,-9.45913],[33.09407,-9.45938],[33.09385,-9.45964],[33.09394,-9.45976],[33.09388,-9.45981],[33.09406,-9.46002],[33.0939,-9.46021],[33.09389,-9.46029],[33.09383,-9.46034],[33.09387,-9.46049],[33.09397,-9.46061],[33.09411,-9.46046],[33.09428,-9.46047],[33.09479,-9.46023],[33.09504,-9.46018],[33.09519,-9.46005],[33.09512,-9.45998],[33.09532,-9.4595],[33.09542,-9.45937],[33.09577,-9.45887]]},"properties":{"id":598518555,"cls":"path","hw":"path","tg":"na","name":"","ref":"","surface":"","sc":"unknown","speed":null,"lit":"unk","km":0.654}},
{"type":"Feature","geometry":{"type":"LineString","coordinates":[[33.09421,-9.45913],[33.09358,-9.45926],[33.09303,-9.45938],[33.09287,-9.45946],[33.09246,-9.45945],[33.09219,-9.45938],[33.09212,-9.45929],[33.09165,-9.45939]]},"properties":{"id":598518556,"cls":"path","hw":"path","tg":"na","name":"","ref":"","surface":"","sc":"unknown","speed":null,"lit":"unk","km":0.293}},
{"type":"Feature","geometry":{"type":"LineString","coordinates":[[33.09165,-9.45939],[33.09155,-9.45964],[33.09143,-9.45976],[33.09161,-9.46012],[33.09168,-9.46025],[33.09168,-9.46031],[33.09185,-9.46073],[33.09203,-9.46088],[33.09222,-9.46111],[33.09237,-9.4613],[33.09255,-9.46145]]},"properties":{"id":598518557,"cls":"path","hw":"path","tg":"na","name":"","ref":"","surface":"","sc":"unknown","speed":null,"lit":"unk","km":0.278}},
{"type":"Feature","geometry":{"type":"LineString","coordinates":[[33.09152,-9.46195],[33.09185,-9.46204],[33.09223,-9.46203],[33.09242,-9.46213],[33.09287,-9.46211],[33.09342,-9.46221],[33.09391,-9.46241],[33.09437,-9.46263],[33.09476,-9.46297],[33.09508,-9.46326],[33.0954,-9.46351]]},"properties":{"id":598518558,"cls":"path","hw":"path","tg":"na","name":"","ref":"","surface":"","sc":"unknown","speed":null,"lit":"unk","km":0.477}},
{"type":"Feature","geometry":{"type":"LineString","coordinates":[[33.09862,-9.46026],[33.09861,-9.46036],[33.09851,-9.46054],[33.09821,-9.46086]]},"properties":{"id":598518559,"cls":"service","hw":"service","tg":"na","name":"","ref":"","surface":"","sc":"unknown","speed":null,"lit":"unk","km":0.082}},
{"type":"Feature","geometry":{"type":"LineString","coordinates":[[33.0954,-9.46351],[33.09587,-9.46406],[33.09608,-9.46418],[33.09656,-9.46478]]},"properties":{"id":598518560,"cls":"path","hw":"path","tg":"na","name":"","ref":"","surface":"","sc":"unknown","speed":null,"lit":"unk","km":0.192}},
{"type":"Feature","geometry":{"type":"LineString","coordinates":[[33.09109,-9.47281],[33.09129,-9.47264],[33.0915,-9.47243],[33.092,-9.47213],[33.09229,-9.47197],[33.09259,-9.47183],[33.09285,-9.47176],[33.09295,-9.47172],[33.09306,-9.47166],[33.09301,-9.47159],[33.09296,-9.47152],[33.09294,-9.47147],[33.09292,-9.47144],[33.09292,-9.4714],[33.09287,-9.47133],[33.09283,-9.47128],[33.0928,-9.4712],[33.0928,-9.47116],[33.09283,-9.47107],[33.09291,-9.4709],[33.09293,-9.47085],[33.09293,-9.47082],[33.09292,-9.47076],[33.09292,-9.47073],[33.09292,-9.47072],[33.09291,-9.47071],[33.09289,-9.4707],[33.09285,-9.47066],[33.0927,-9.47058]]},"properties":{"id":598518561,"cls":"unclassified","hw":"unclassified","tg":"na","name":"","ref":"","surface":"","sc":"unknown","speed":null,"lit":"unk","km":0.399}},
{"type":"Feature","geometry":{"type":"LineString","coordinates":[[33.10009,-9.46774],[33.09999,-9.46789],[33.09976,-9.46854],[33.09941,-9.46901],[33.09915,-9.4694],[33.09914,-9.46946],[33.09904,-9.46993],[33.09915,-9.47026],[33.09914,-9.47043],[33.09887,-9.47076],[33.09887,-9.47088],[33.09893,-9.47105]]},"properties":{"id":598518563,"cls":"path","hw":"path","tg":"na","name":"","ref":"","surface":"","sc":"unknown","speed":null,"lit":"unk","km":0.411}},
{"type":"Feature","geometry":{"type":"LineString","coordinates":[[33.09414,-9.47133],[33.09413,-9.47123],[33.09415,-9.47118],[33.09422,-9.47099],[33.0942,-9.47095],[33.09417,-9.4709],[33.09414,-9.47072],[33.09415,-9.4706],[33.09432,-9.47055],[33.09453,-9.4702],[33.09474,-9.47013],[33.0949,-9.46997],[33.09497,-9.46994],[33.09506,-9.46987],[33.09513,-9.46975],[33.09515,-9.46969],[33.09516,-9.46959],[33.09542,-9.46932],[33.09568,-9.46915],[33.09583,-9.46895],[33.09603,-9.46873],[33.09649,-9.46896],[33.09689,-9.46928]]},"properties":{"id":598518564,"cls":"path","hw":"path","tg":"na","name":"","ref":"","surface":"","sc":"unknown","speed":null,"lit":"unk","km":0.502}},
{"type":"Feature","geometry":{"type":"LineString","coordinates":[[33.11306,-9.48661],[33.11343,-9.4861],[33.11392,-9.48573],[33.11416,-9.4854],[33.11448,-9.48507],[33.11469,-9.48488],[33.11508,-9.48463],[33.11542,-9.48456]]},"properties":{"id":598518571,"cls":"unclassified","hw":"unclassified","tg":"na","name":"","ref":"","surface":"unpaved","sc":"unpaved","speed":null,"lit":"unk","km":0.354}},
{"type":"Feature","geometry":{"type":"LineString","coordinates":[[33.11405,-9.47684],[33.11374,-9.47633],[33.11344,-9.47594],[33.11319,-9.47562],[33.11292,-9.4751],[33.11287,-9.47502],[33.11255,-9.47449],[33.11232,-9.47428],[33.11195,-9.474],[33.11162,-9.47375],[33.11147,-9.47354],[33.11133,-9.47354],[33.11122,-9.4734],[33.11093,-9.47312],[33.11072,-9.47286],[33.11046,-9.47251],[33.11025,-9.47228]]},"properties":{"id":598518572,"cls":"unclassified","hw":"unclassified","tg":"na","name":"","ref":"","surface":"","sc":"unknown","speed":null,"lit":"unk","km":0.668}},
{"type":"Feature","geometry":{"type":"LineString","coordinates":[[33.11126,-9.47987],[33.11122,-9.47912],[33.11111,-9.47838],[33.11088,-9.47682],[33.11071,-9.47581],[33.11051,-9.47452],[33.11047,-9.47409],[33.11044,-9.47375],[33.11032,-9.47264],[33.11023,-9.47234],[33.11025,-9.47228]]},"properties":{"id":598518573,"cls":"unclassified","hw":"unclassified","tg":"na","name":"","ref":"","surface":"","sc":"unknown","speed":null,"lit":"unk","km":0.853}},
{"type":"Feature","geometry":{"type":"LineString","coordinates":[[33.10827,-9.47457],[33.10763,-9.475],[33.10713,-9.47527],[33.1066,-9.47545],[33.10627,-9.4756],[33.1058,-9.4758],[33.10534,-9.47597],[33.10497,-9.47619],[33.10492,-9.47622],[33.10462,-9.4764],[33.10427,-9.4765],[33.10384,-9.47664],[33.10342,-9.47672],[33.10329,-9.47675],[33.10315,-9.4768],[33.10275,-9.477],[33.10217,-9.4774],[33.10208,-9.47748],[33.10203,-9.47752],[33.10182,-9.47758],[33.10154,-9.47773],[33.10085,-9.47805],[33.10058,-9.47814],[33.10037,-9.47826],[33.10016,-9.47839],[33.09994,-9.47857],[33.09969,-9.47886],[33.09912,-9.47916],[33.09888,-9.47934],[33.0985,-9.47972],[33.09824,-9.47987],[33.09794,-9.48013],[33.09769,-9.48033]]},"properties":{"id":598518574,"cls":"residential","hw":"residential","tg":"na","name":"","ref":"","surface":"","sc":"unknown","speed":null,"lit":"unk","km":1.343}},
{"type":"Feature","geometry":{"type":"LineString","coordinates":[[33.10906,-9.4759],[33.10979,-9.47522],[33.11019,-9.47478],[33.11051,-9.47452]]},"properties":{"id":598518578,"cls":"unclassified","hw":"unclassified","tg":"na","name":"","ref":"","surface":"","sc":"unknown","speed":null,"lit":"unk","km":0.221}},
{"type":"Feature","geometry":{"type":"LineString","coordinates":[[33.11405,-9.47684],[33.11401,-9.47643],[33.11408,-9.47592],[33.1144,-9.47525],[33.11474,-9.47475],[33.11504,-9.47436]]},"properties":{"id":598518579,"cls":"unclassified","hw":"unclassified","tg":"na","name":"","ref":"","surface":"","sc":"unknown","speed":null,"lit":"unk","km":0.307}},
{"type":"Feature","geometry":{"type":"LineString","coordinates":[[33.11504,-9.47436],[33.11526,-9.47397],[33.11552,-9.47365],[33.11601,-9.47309]]},"properties":{"id":598518580,"cls":"track","hw":"track","tg":"none","name":"","ref":"","surface":"","sc":"unknown","speed":null,"lit":"unk","km":0.177}},
{"type":"Feature","geometry":{"type":"LineString","coordinates":[[33.13072,-9.47406],[33.13075,-9.47476],[33.13078,-9.4755],[33.13081,-9.47586],[33.13085,-9.47607],[33.13096,-9.47628],[33.13111,-9.47643],[33.13118,-9.47654],[33.13123,-9.47671],[33.13136,-9.47702],[33.1316,-9.47742],[33.13172,-9.47757],[33.13186,-9.47768],[33.13227,-9.4779],[33.13237,-9.478],[33.13306,-9.47858],[33.13314,-9.47864],[33.13322,-9.47865],[33.13326,-9.47861],[33.13378,-9.47779],[33.13432,-9.47745],[33.13493,-9.47691],[33.13576,-9.4763],[33.13591,-9.47619],[33.13606,-9.47619],[33.13629,-9.47617],[33.13702,-9.47622],[33.13761,-9.47616],[33.13887,-9.47592],[33.1398,-9.47574],[33.14036,-9.47555],[33.14139,-9.47536],[33.14194,-9.47535],[33.14253,-9.47542],[33.14324,-9.47544],[33.14448,-9.47534],[33.14543,-9.47525],[33.14682,-9.47497],[33.14863,-9.47458],[33.14879,-9.47453],[33.14902,-9.47436]]},"properties":{"id":598518581,"cls":"unclassified","hw":"unclassified","tg":"na","name":"","ref":"","surface":"","sc":"unknown","speed":null,"lit":"unk","km":2.497}},
{"type":"Feature","geometry":{"type":"LineString","coordinates":[[33.10755,-9.48806],[33.10815,-9.48769],[33.10821,-9.48766],[33.10828,-9.48764],[33.10849,-9.48755],[33.10872,-9.48745],[33.10881,-9.48737],[33.10888,-9.48725],[33.10894,-9.4872],[33.10969,-9.48686],[33.11021,-9.48666],[33.11046,-9.4866],[33.11057,-9.48658],[33.11073,-9.48654],[33.11125,-9.48648],[33.11167,-9.48642],[33.11209,-9.48635],[33.11234,-9.48632],[33.11249,-9.48628],[33.11275,-9.4862],[33.11291,-9.48624]]},"properties":{"id":598518583,"cls":"residential","hw":"residential","tg":"na","name":"","ref":"","surface":"","sc":"unknown","speed":null,"lit":"unk","km":0.637}},
{"type":"Feature","geometry":{"type":"LineString","coordinates":[[33.10927,-9.48842],[33.10936,-9.48827],[33.10947,-9.4882],[33.10965,-9.48809],[33.10973,-9.48803],[33.10993,-9.48767],[33.11001,-9.48745],[33.11031,-9.48675],[33.11038,-9.48665],[33.11046,-9.4866],[33.11049,-9.48646],[33.11053,-9.48632],[33.11059,-9.4861],[33.11067,-9.48596],[33.11095,-9.4854],[33.11114,-9.48503],[33.11131,-9.4847],[33.11153,-9.4843],[33.11178,-9.48382],[33.11186,-9.48376],[33.11209,-9.4837]]},"properties":{"id":598518584,"cls":"residential","hw":"residential","tg":"na","name":"","ref":"","surface":"","sc":"unknown","speed":null,"lit":"unk","km":0.628}},
{"type":"Feature","geometry":{"type":"LineString","coordinates":[[33.13058,-9.49172],[33.13062,-9.49148],[33.13067,-9.49137],[33.13068,-9.49124],[33.13071,-9.49125]]},"properties":{"id":598518586,"cls":"unclassified","hw":"unclassified","tg":"na","name":"","ref":"","surface":"","sc":"unknown","speed":null,"lit":"unk","km":0.058}},
{"type":"Feature","geometry":{"type":"LineString","coordinates":[[33.13222,-9.4923],[33.13239,-9.49203],[33.13255,-9.49187]]},"properties":{"id":598518587,"cls":"path","hw":"path","tg":"na","name":"","ref":"","surface":"","sc":"unknown","speed":null,"lit":"unk","km":0.06}},
{"type":"Feature","geometry":{"type":"LineString","coordinates":[[33.1218,-9.49229],[33.12127,-9.49208],[33.1213,-9.49184],[33.12128,-9.49187],[33.12097,-9.49173],[33.12083,-9.49156],[33.12075,-9.49144],[33.12017,-9.49099],[33.1197,-9.49043],[33.11918,-9.4896],[33.11903,-9.48982],[33.11899,-9.48991],[33.11891,-9.48998],[33.1189,-9.49],[33.11856,-9.49092],[33.11853,-9.49101],[33.11824,-9.49219],[33.11816,-9.49246]]},"properties":{"id":598518588,"cls":"path","hw":"path","tg":"na","name":"","ref":"","surface":"","sc":"unknown","speed":null,"lit":"unk","km":0.782}},
{"type":"Feature","geometry":{"type":"LineString","coordinates":[[33.08461,-9.49992],[33.08466,-9.49981],[33.08476,-9.49979],[33.08484,-9.49976],[33.08492,-9.49972],[33.08504,-9.49969],[33.08515,-9.49961],[33.08518,-9.49951],[33.08518,-9.49943],[33.08525,-9.4994],[33.0853,-9.49935],[33.08535,-9.49926],[33.08542,-9.49922],[33.08548,-9.49909],[33.08549,-9.499],[33.08552,-9.49891],[33.08551,-9.49887],[33.08555,-9.49882],[33.08567,-9.49881],[33.08577,-9.4988],[33.08586,-9.49882],[33.08595,-9.49878],[33.086,-9.49874],[33.08609,-9.49871],[33.08618,-9.49869],[33.08626,-9.49864],[33.08635,-9.49858],[33.08643,-9.49854],[33.08655,-9.49851],[33.08663,-9.49849],[33.08672,-9.49849],[33.08678,-9.49844],[33.08684,-9.4984],[33.08691,-9.49841],[33.08694,-9.49841],[33.08699,-9.4984],[33.08706,-9.49838],[33.0871,-9.49836],[33.08721,-9.49835],[33.08727,-9.49831],[33.08738,-9.4983],[33.08743,-9.49829],[33.08745,-9.49823],[33.08755,-9.49818],[33.08765,-9.49818],[33.08777,-9.49819],[33.08784,-9.49823],[33.08791,-9.49827],[33.08803,-9.49828],[33.08811,-9.49825],[33.0882,-9.49819],[33.08829,-9.49818],[33.08838,-9.49821],[33.08845,-9.49825],[33.08856,-9.49829],[33.08864,-9.49825],[33.08871,-9.49822],[33.08881,-9.49822],[33.08889,-9.49823],[33.08899,-9.49819],[33.08914,-9.49823],[33.08925,-9.49829],[33.08936,-9.49837],[33.08946,-9.4984],[33.08952,-9.49838],[33.0896,-9.49838],[33.08971,-9.49838],[33.08978,-9.49834],[33.08985,-9.49833],[33.08993,-9.49832],[33.08998,-9.49831],[33.09007,-9.49829],[33.09018,-9.49827],[33.09029,-9.49826],[33.09039,-9.49828],[33.09051,-9.49829],[33.09063,-9.49832],[33.09073,-9.49834],[33.09079,-9.49838],[33.09086,-9.49838],[33.09093,-9.49838],[33.09101,-9.49839],[33.0911,-9.49841],[33.09121,-9.49838],[33.0913,-9.49838],[33.0915,-9.49832]]},"properties":{"id":598521399,"cls":"path","hw":"path","tg":"na","name":"","ref":"","surface":"","sc":"unknown","speed":null,"lit":"unk","km":0.874}},
{"type":"Feature","geometry":{"type":"LineString","coordinates":[[33.1136,-9.48809],[33.11314,-9.48807],[33.11272,-9.48823],[33.11255,-9.48844],[33.11243,-9.48846],[33.11228,-9.48849],[33.11194,-9.48871],[33.11187,-9.48894],[33.11157,-9.48917],[33.11125,-9.48938],[33.11098,-9.48955]]},"properties":{"id":598521400,"cls":"path","hw":"path","tg":"na","name":"","ref":"","surface":"","sc":"unknown","speed":null,"lit":"unk","km":0.35}},
{"type":"Feature","geometry":{"type":"LineString","coordinates":[[33.11187,-9.48894],[33.11189,-9.48899],[33.11189,-9.48919],[33.1118,-9.4893],[33.11168,-9.48929],[33.11165,-9.48955],[33.11166,-9.48985],[33.11164,-9.49001],[33.11169,-9.49006],[33.1116,-9.49019],[33.11157,-9.49021],[33.11157,-9.49029],[33.11159,-9.49042],[33.11159,-9.49054],[33.11162,-9.49058],[33.11164,-9.49066],[33.11181,-9.49078],[33.11184,-9.49085],[33.11184,-9.49092],[33.11181,-9.49099],[33.11176,-9.49104],[33.11193,-9.49133],[33.11227,-9.49153],[33.11218,-9.49169],[33.11203,-9.49164],[33.11191,-9.49167],[33.11179,-9.49166],[33.11158,-9.49167],[33.11148,-9.49169],[33.11138,-9.4917],[33.11117,-9.49172],[33.11102,-9.49177],[33.11088,-9.49175],[33.11077,-9.4917],[33.11068,-9.49141],[33.11038,-9.49122],[33.1103,-9.49116],[33.11022,-9.49118],[33.11011,-9.49114],[33.1101,-9.4911],[33.10987,-9.49097]]},"properties":{"id":598521401,"cls":"path","hw":"path","tg":"na","name":"","ref":"","surface":"","sc":"unknown","speed":null,"lit":"unk","km":0.673}},
{"type":"Feature","geometry":{"type":"LineString","coordinates":[[33.10907,-9.48993],[33.10937,-9.4899],[33.10972,-9.48974],[33.11005,-9.48967],[33.11045,-9.48943],[33.11073,-9.4896],[33.11087,-9.48951],[33.11098,-9.48955]]},"properties":{"id":598521402,"cls":"path","hw":"path","tg":"na","name":"","ref":"","surface":"","sc":"unknown","speed":null,"lit":"unk","km":0.231}},
{"type":"Feature","geometry":{"type":"LineString","coordinates":[[33.10777,-9.49026],[33.10758,-9.4903],[33.10736,-9.49042],[33.10711,-9.49047],[33.10693,-9.49057],[33.10659,-9.49091],[33.10579,-9.4916],[33.10542,-9.49195],[33.10535,-9.49194],[33.10523,-9.49204],[33.10504,-9.492],[33.10405,-9.49255],[33.10423,-9.49298],[33.10438,-9.49328],[33.1048,-9.4938],[33.10481,-9.49382]]},"properties":{"id":598521403,"cls":"path","hw":"path","tg":"na","name":"","ref":"","surface":"","sc":"unknown","speed":null,"lit":"unk","km":0.662}},
{"type":"Feature","geometry":{"type":"LineString","coordinates":[[33.10978,-9.49105],[33.10975,-9.49116],[33.10968,-9.49139],[33.10965,-9.49151],[33.10966,-9.49163],[33.10956,-9.49206],[33.10942,-9.49226],[33.10942,-9.49235],[33.10946,-9.49241],[33.10942,-9.49276],[33.1094,-9.49293],[33.10932,-9.493],[33.10929,-9.49311]]},"properties":{"id":598521404,"cls":"path","hw":"path","tg":"na","name":"","ref":"","surface":"","sc":"unknown","speed":null,"lit":"unk","km":0.243}},
{"type":"Feature","geometry":{"type":"LineString","coordinates":[[33.11408,-9.49022],[33.11491,-9.49081],[33.11508,-9.49084],[33.11589,-9.491],[33.11603,-9.49105],[33.11621,-9.49084],[33.11629,-9.49089],[33.11649,-9.49054],[33.11661,-9.49058],[33.11693,-9.49016],[33.11702,-9.4902],[33.11737,-9.48975],[33.11658,-9.48917],[33.11594,-9.48888],[33.11541,-9.48893],[33.11542,-9.489],[33.11526,-9.48903],[33.11518,-9.48897],[33.11468,-9.48908],[33.11413,-9.48909],[33.11388,-9.48909]]},"properties":{"id":598521405,"cls":"path","hw":"path","tg":"na","name":"","ref":"","surface":"","sc":"unknown","speed":null,"lit":"unk","km":0.894}},
{"type":"Feature","geometry":{"type":"LineString","coordinates":[[33.1189,-9.49],[33.11862,-9.49004],[33.11838,-9.49003],[33.1182,-9.48999],[33.11798,-9.49012],[33.11783,-9.4901],[33.11781,-9.48996],[33.11755,-9.48985],[33.11737,-9.48975]]},"properties":{"id":598521406,"cls":"path","hw":"path","tg":"na","name":"","ref":"","surface":"","sc":"unknown","speed":null,"lit":"unk","km":0.192}},
{"type":"Feature","geometry":{"type":"LineString","coordinates":[[33.11918,-9.4896],[33.11931,-9.48925],[33.11934,-9.48919],[33.11931,-9.48908],[33.11942,-9.48896],[33.11951,-9.48897],[33.11962,-9.48869],[33.1197,-9.48857],[33.11967,-9.48844],[33.11961,-9.48838],[33.11965,-9.48831],[33.11955,-9.4879],[33.11948,-9.4879],[33.11946,-9.48777],[33.11948,-9.48774],[33.11939,-9.48744],[33.12016,-9.48725],[33.12027,-9.48729],[33.12038,-9.48734],[33.12058,-9.48749],[33.12099,-9.48772],[33.12114,-9.48767],[33.12141,-9.48736],[33.12164,-9.48745],[33.12171,-9.48752],[33.12181,-9.4877],[33.122,-9.48754],[33.12219,-9.48746],[33.1226,-9.48709]]},"properties":{"id":598521407,"cls":"path","hw":"path","tg":"na","name":"","ref":"","surface":"","sc":"unknown","speed":null,"lit":"unk","km":0.707}},
{"type":"Feature","geometry":{"type":"LineString","coordinates":[[33.11343,-9.4861],[33.11369,-9.4862],[33.11393,-9.48624],[33.11415,-9.48633],[33.11474,-9.48639],[33.11546,-9.4864],[33.11638,-9.48652],[33.11654,-9.4865],[33.11661,-9.48651],[33.11672,-9.4865],[33.11691,-9.48641],[33.11683,-9.4866],[33.11689,-9.48688],[33.11744,-9.48736],[33.11773,-9.48765],[33.11798,-9.48772],[33.11834,-9.48825],[33.11872,-9.48885],[33.11892,-9.48914],[33.11934,-9.48919]]},"properties":{"id":598522120,"cls":"path","hw":"path","tg":"na","name":"","ref":"","surface":"","sc":"unknown","speed":null,"lit":"unk","km":0.834}},
{"type":"Feature","geometry":{"type":"LineString","coordinates":[[33.09512,-9.48301],[33.09507,-9.48298],[33.09496,-9.48288],[33.0948,-9.48264],[33.09448,-9.48203],[33.0942,-9.48163],[33.09384,-9.48124],[33.09328,-9.48067],[33.0928,-9.48027],[33.09262,-9.48018],[33.0923,-9.47999],[33.09225,-9.47996],[33.09206,-9.47987],[33.09165,-9.47973],[33.09127,-9.4796],[33.09085,-9.47945],[33.09061,-9.47934],[33.09039,-9.47922],[33.09018,-9.47911],[33.08992,-9.47903],[33.08965,-9.47907],[33.08944,-9.47907],[33.08922,-9.47915],[33.08902,-9.47929],[33.0888,-9.47948],[33.08864,-9.47979],[33.08856,-9.48007],[33.08822,-9.48081],[33.0874,-9.48183],[33.08735,-9.48196],[33.0873,-9.48211],[33.08726,-9.48233],[33.08726,-9.48253],[33.08726,-9.48287],[33.08723,-9.48307],[33.08716,-9.48322],[33.08716,-9.48341],[33.08697,-9.4837],[33.08667,-9.48386],[33.08639,-9.48398],[33.08618,-9.48398],[33.08587,-9.48402],[33.08571,-9.48409],[33.08553,-9.48408],[33.08535,-9.48409],[33.08515,-9.48411],[33.085,-9.48409],[33.0848,-9.484],[33.08468,-9.4839],[33.08459,-9.48377],[33.0846,-9.48365],[33.08458,-9.48355],[33.08452,-9.48337],[33.08447,-9.4834],[33.08432,-9.48349],[33.08396,-9.48369],[33.08396,-9.48373],[33.08383,-9.48379],[33.08368,-9.48364],[33.08352,-9.48348],[33.08337,-9.48334],[33.08324,-9.48331],[33.08309,-9.48333],[33.08267,-9.48343],[33.08239,-9.48347],[33.08224,-9.48349],[33.08199,-9.48359],[33.08186,-9.48364],[33.08172,-9.48379]]},"properties":{"id":598522122,"cls":"unclassified","hw":"unclassified","tg":"na","name":"","ref":"","surface":"","sc":"unknown","speed":null,"lit":"unk","km":2.095}},
{"type":"Feature","geometry":{"type":"LineString","coordinates":[[33.1106,-9.47839],[33.11042,-9.47875],[33.10997,-9.47904],[33.10937,-9.47936],[33.10896,-9.4797],[33.10857,-9.48015],[33.10827,-9.48052],[33.10803,-9.48095],[33.10772,-9.48135],[33.10736,-9.4817],[33.10704,-9.48211],[33.10724,-9.48244],[33.1073,-9.48253],[33.10732,-9.48281],[33.10736,-9.483],[33.10719,-9.4833],[33.10701,-9.48359],[33.10696,-9.48383]]},"properties":{"id":598522124,"cls":"unclassified","hw":"unclassified","tg":"na","name":"","ref":"","surface":"","sc":"unknown","speed":null,"lit":"unk","km":0.79}},
{"type":"Feature","geometry":{"type":"LineString","coordinates":[[33.11145,-9.48079],[33.11181,-9.4807],[33.11203,-9.48063],[33.11217,-9.48055],[33.11283,-9.47994],[33.11291,-9.47987],[33.11301,-9.47981],[33.11335,-9.47957],[33.11346,-9.4795],[33.11357,-9.47941],[33.11382,-9.47918],[33.11437,-9.47889],[33.11489,-9.47863],[33.11509,-9.47852],[33.11543,-9.47813],[33.11582,-9.47764],[33.11587,-9.47759],[33.11598,-9.47755],[33.1162,-9.47746],[33.11645,-9.47729],[33.11657,-9.47723],[33.11717,-9.47669],[33.11738,-9.4765],[33.11746,-9.47645],[33.11759,-9.47638],[33.11767,-9.47629],[33.11782,-9.47606],[33.11792,-9.47593],[33.11826,-9.47561],[33.11854,-9.47529],[33.11869,-9.47507],[33.11886,-9.47467],[33.11895,-9.47444],[33.11899,-9.47439],[33.11909,-9.47433],[33.11925,-9.47426],[33.11937,-9.47416],[33.11962,-9.4739],[33.11996,-9.47357],[33.1201,-9.47344],[33.12028,-9.4733],[33.12046,-9.47314],[33.12065,-9.47294],[33.12084,-9.4727],[33.12093,-9.47256],[33.12101,-9.47242],[33.12119,-9.47218]]},"properties":{"id":598522426,"cls":"unclassified","hw":"unclassified","tg":"na","name":"","ref":"","surface":"","sc":"unknown","speed":null,"lit":"unk","km":1.467}},
{"type":"Feature","geometry":{"type":"LineString","coordinates":[[33.34423,-9.49788],[33.34426,-9.49763],[33.34429,-9.49755],[33.34427,-9.49731],[33.34424,-9.49696],[33.34425,-9.4969],[33.34425,-9.4968],[33.34428,-9.49672],[33.34437,-9.49663],[33.34452,-9.49652],[33.34459,-9.49641],[33.34466,-9.49632],[33.3448,-9.49623],[33.34492,-9.49618],[33.34518,-9.4961],[33.34535,-9.49608],[33.34546,-9.49604],[33.34561,-9.49598],[33.34573,-9.49591],[33.34584,-9.49581],[33.34603,-9.49559],[33.34612,-9.49542],[33.34618,-9.4952],[33.34626,-9.4949],[33.34629,-9.49477],[33.34629,-9.49461],[33.34631,-9.49449],[33.34636,-9.4944],[33.34648,-9.49429],[33.3466,-9.49419],[33.3467,-9.49412],[33.34677,-9.49404]]},"properties":{"id":608427619,"cls":"unclassified","hw":"unclassified","tg":"na","name":"","ref":"","surface":"","sc":"unknown","speed":null,"lit":"unk","km":0.567}},
{"type":"Feature","geometry":{"type":"LineString","coordinates":[[33.34487,-9.48456],[33.3448,-9.48475],[33.34483,-9.48491],[33.3448,-9.48525],[33.34483,-9.48532],[33.34479,-9.48552],[33.34471,-9.48567],[33.34458,-9.48593],[33.34455,-9.48626],[33.34458,-9.48649],[33.34451,-9.48655],[33.34454,-9.48681],[33.34458,-9.48694],[33.34458,-9.48734],[33.34459,-9.48757],[33.3445,-9.48778],[33.34438,-9.48807],[33.34434,-9.48842],[33.34458,-9.48888],[33.34468,-9.48924],[33.34474,-9.48965],[33.34465,-9.48999],[33.34461,-9.49025],[33.34438,-9.49062],[33.34412,-9.49085],[33.34389,-9.49113],[33.34385,-9.49118],[33.34368,-9.4914],[33.34328,-9.49181],[33.34282,-9.49231],[33.34262,-9.49249]]},"properties":{"id":608434319,"cls":"track","hw":"track","tg":"none","name":"","ref":"","surface":"","sc":"unknown","speed":null,"lit":"unk","km":0.993}},
{"type":"Feature","geometry":{"type":"LineString","coordinates":[[33.33407,-9.49203],[33.33406,-9.49192],[33.33404,-9.49187],[33.33404,-9.49184],[33.33404,-9.49178],[33.33404,-9.49175],[33.33399,-9.49161],[33.33399,-9.49158],[33.33404,-9.49147],[33.33404,-9.4914],[33.33405,-9.49138],[33.33406,-9.49136],[33.33413,-9.49112],[33.33414,-9.49111],[33.33417,-9.4911],[33.33419,-9.49108],[33.33422,-9.49097],[33.33424,-9.49077],[33.33423,-9.49074],[33.3342,-9.49064],[33.3342,-9.49061],[33.33424,-9.49052],[33.33424,-9.4905],[33.33423,-9.49044],[33.33424,-9.49042],[33.3343,-9.49032],[33.33432,-9.49031],[33.33434,-9.49033],[33.33436,-9.49037],[33.33438,-9.49041],[33.33442,-9.49044],[33.33442,-9.49046],[33.33449,-9.49054],[33.33453,-9.49056],[33.33456,-9.49062],[33.33462,-9.49068],[33.3349,-9.49082],[33.33506,-9.49085],[33.33518,-9.49091],[33.33519,-9.49094],[33.33518,-9.49101],[33.33526,-9.49107],[33.33528,-9.49106],[33.33534,-9.49103],[33.33536,-9.49103],[33.33544,-9.49106],[33.33553,-9.49109],[33.33555,-9.49109],[33.33561,-9.49109],[33.33566,-9.49108],[33.33567,-9.49108],[33.33577,-9.49111],[33.33589,-9.49114],[33.33596,-9.49115],[33.33602,-9.49115],[33.33605,-9.49116],[33.33611,-9.49117],[33.33612,-9.49117],[33.33616,-9.49114],[33.33619,-9.49114],[33.33622,-9.49115],[33.33624,-9.49115],[33.33627,-9.49115],[33.33629,-9.49113],[33.33632,-9.49112],[33.33637,-9.49111],[33.3364,-9.49109],[33.33642,-9.49106],[33.33646,-9.49104],[33.3365,-9.49103],[33.33653,-9.49104],[33.33657,-9.49104],[33.33661,-9.49107],[33.33662,-9.49107],[33.33667,-9.49114],[33.33675,-9.49119],[33.3368,-9.49124],[33.33683,-9.49129],[33.33686,-9.49131],[33.33688,-9.49134],[33.33692,-9.49137],[33.33699,-9.4914],[33.33707,-9.49147],[33.33714,-9.4916],[33.33722,-9.49178],[33.33724,-9.49191],[33.33726,-9.49208],[33.33728,-9.49219],[33.33732,-9.49236],[33.33733,-9.49247],[33.33734,-9.49258],[33.33737,-9.49261],[33.33737,-9.49272],[33.33743,-9.49287],[33.33743,-9.49303],[33.33743,-9.49318],[33.33743,-9.49334],[33.33742,-9.49362],[33.3374,-9.49368],[33.3374,-9.49372],[33.33742,-9.49378],[33.33742,-9.49384],[33.33744,-9.49398]]},"properties":{"id":608434345,"cls":"track","hw":"track","tg":"none","name":"","ref":"","surface":"","sc":"unknown","speed":null,"lit":"unk","km":0.863}},
{"type":"Feature","geometry":{"type":"LineString","coordinates":[[33.08172,-9.48379],[33.08153,-9.48388],[33.08132,-9.48394],[33.08112,-9.48406],[33.08087,-9.48426],[33.08073,-9.48439],[33.08062,-9.48447],[33.08054,-9.48457],[33.08027,-9.48462],[33.08007,-9.48463],[33.07994,-9.48459],[33.07981,-9.48452],[33.07974,-9.48447],[33.07965,-9.48449],[33.07955,-9.48455],[33.07949,-9.48461],[33.07939,-9.48464],[33.07922,-9.48467],[33.07905,-9.48468],[33.07897,-9.48471],[33.0789,-9.48476],[33.07884,-9.48483],[33.07874,-9.48491],[33.07857,-9.48501],[33.07836,-9.48509],[33.07799,-9.48511],[33.07779,-9.48501],[33.07767,-9.485],[33.07744,-9.48497],[33.0772,-9.48494],[33.07701,-9.48493],[33.07683,-9.48498],[33.07668,-9.48504]]},"properties":{"id":611548699,"cls":"unclassified","hw":"unclassified","tg":"na","name":"","ref":"","surface":"","sc":"unknown","speed":null,"lit":"unk","km":0.612}},
{"type":"Feature","geometry":{"type":"LineString","coordinates":[[33.07668,-9.48504],[33.07613,-9.48505],[33.07555,-9.48503],[33.07523,-9.48515],[33.07504,-9.48522],[33.07463,-9.48529],[33.07433,-9.48532],[33.07369,-9.48534],[33.07321,-9.48527],[33.07289,-9.4852],[33.07262,-9.48515],[33.07222,-9.48524],[33.07189,-9.48519],[33.07151,-9.48512],[33.07135,-9.48509],[33.0708,-9.48498],[33.07024,-9.48493],[33.0695,-9.48489],[33.06877,-9.48489]]},"properties":{"id":611548700,"cls":"unclassified","hw":"unclassified","tg":"na","name":"","ref":"","surface":"","sc":"unknown","speed":null,"lit":"unk","km":0.878}},
{"type":"Feature","geometry":{"type":"LineString","coordinates":[[33.04492,-9.47057],[33.04527,-9.47032],[33.04545,-9.47018],[33.04561,-9.47007],[33.04573,-9.47003],[33.04585,-9.47002],[33.04596,-9.47001],[33.04611,-9.46987],[33.04619,-9.46983],[33.04628,-9.46983],[33.04635,-9.46984],[33.04639,-9.46976],[33.04646,-9.46972],[33.04659,-9.46975],[33.04687,-9.4697],[33.0472,-9.46961],[33.04753,-9.46958],[33.04832,-9.46929],[33.04902,-9.46902],[33.04973,-9.46848],[33.04981,-9.46843],[33.05051,-9.46774],[33.05117,-9.46715],[33.05145,-9.46691],[33.0521,-9.46655],[33.05217,-9.46649],[33.05223,-9.4664],[33.05236,-9.46598],[33.05297,-9.46511],[33.05319,-9.46493],[33.0536,-9.46447],[33.05414,-9.46391],[33.0542,-9.46372],[33.05433,-9.46347],[33.05424,-9.4634],[33.05409,-9.46331],[33.05414,-9.46286],[33.0541,-9.46255],[33.05399,-9.46234],[33.05389,-9.46207],[33.05345,-9.46159],[33.053,-9.46146],[33.0523,-9.46127],[33.05217,-9.46109],[33.05089,-9.46018],[33.05069,-9.46013],[33.05056,-9.45994],[33.05052,-9.45982],[33.05026,-9.45953]]},"properties":{"id":611548702,"cls":"path","hw":"path","tg":"na","name":"","ref":"","surface":"","sc":"unknown","speed":null,"lit":"unk","km":2.042}},
{"type":"Feature","geometry":{"type":"LineString","coordinates":[[33.05777,-9.4543],[33.05759,-9.45434],[33.05734,-9.45432],[33.05711,-9.45446],[33.05678,-9.45463],[33.05655,-9.45476],[33.05644,-9.45507],[33.05635,-9.4554],[33.05594,-9.45574],[33.05576,-9.45587],[33.05565,-9.45618],[33.05534,-9.45667],[33.05505,-9.457],[33.05479,-9.4573],[33.05452,-9.45745],[33.05428,-9.4577],[33.05401,-9.45786],[33.05377,-9.45805],[33.05352,-9.45814],[33.05326,-9.45827],[33.05293,-9.45854],[33.05263,-9.45873],[33.05235,-9.45895],[33.05203,-9.45907],[33.05183,-9.45929],[33.05162,-9.45947],[33.05135,-9.45961],[33.05093,-9.4596],[33.05056,-9.4596],[33.05026,-9.45953],[33.05,-9.45939],[33.04965,-9.45913],[33.04942,-9.45897],[33.04918,-9.45884],[33.04903,-9.45857],[33.04897,-9.45851],[33.04863,-9.45834],[33.04808,-9.45799],[33.04785,-9.45779],[33.04776,-9.45775],[33.04767,-9.4577],[33.04744,-9.4576],[33.04733,-9.45754],[33.04721,-9.45746],[33.04693,-9.45731]]},"properties":{"id":611548703,"cls":"path","hw":"path","tg":"na","name":"","ref":"","surface":"","sc":"unknown","speed":null,"lit":"unk","km":1.527}},
{"type":"Feature","geometry":{"type":"LineString","coordinates":[[33.04733,-9.45754],[33.0475,-9.45742],[33.04758,-9.45731],[33.04774,-9.45731],[33.04774,-9.45754],[33.04776,-9.45775]]},"properties":{"id":611548704,"cls":"path","hw":"path","tg":"na","name":"","ref":"","surface":"","sc":"unknown","speed":null,"lit":"unk","km":0.105}},
{"type":"Feature","geometry":{"type":"LineString","coordinates":[[33.08988,-9.47605],[33.08972,-9.47598],[33.08956,-9.47591],[33.08956,-9.47564],[33.08947,-9.47543],[33.08945,-9.47531],[33.08944,-9.47516],[33.08952,-9.47491],[33.08964,-9.47474],[33.08974,-9.47454],[33.0898,-9.47444],[33.08994,-9.47409],[33.09,-9.47387],[33.08999,-9.4738],[33.09,-9.47367],[33.0901,-9.47352],[33.09023,-9.47331],[33.09027,-9.47319],[33.09035,-9.47322],[33.09045,-9.47311],[33.09073,-9.47299],[33.09081,-9.47293],[33.09093,-9.47289],[33.09109,-9.47281]]},"properties":{"id":611553225,"cls":"path","hw":"path","tg":"na","name":"","ref":"","surface":"","sc":"unknown","speed":null,"lit":"unk","km":0.469}},
{"type":"Feature","geometry":{"type":"LineString","coordinates":[[33.08967,-9.47191],[33.08986,-9.47212],[33.09002,-9.47218],[33.09007,-9.47229],[33.09025,-9.47236],[33.09045,-9.47243],[33.09061,-9.47254],[33.09074,-9.47259],[33.09079,-9.47257],[33.09104,-9.47274],[33.09109,-9.47281]]},"properties":{"id":611553228,"cls":"path","hw":"path","tg":"na","name":"","ref":"","surface":"","sc":"unknown","speed":null,"lit":"unk","km":0.193}},
{"type":"Feature","geometry":{"type":"LineString","coordinates":[[33.08944,-9.47516],[33.08937,-9.47462],[33.08932,-9.47444],[33.08926,-9.47426],[33.0892,-9.47406],[33.08921,-9.47389],[33.08933,-9.47364],[33.08936,-9.47351],[33.08936,-9.47333],[33.08938,-9.47322],[33.08935,-9.4731],[33.08939,-9.47291],[33.08943,-9.47269],[33.08944,-9.47255],[33.08944,-9.47241],[33.08954,-9.47215],[33.08966,-9.47197],[33.08967,-9.47191],[33.08966,-9.47167],[33.08962,-9.47149],[33.08963,-9.4712],[33.08963,-9.47118],[33.08965,-9.47099],[33.08962,-9.47073],[33.08958,-9.47024],[33.08964,-9.47011],[33.08997,-9.46985],[33.09009,-9.46974],[33.09021,-9.46958],[33.09032,-9.46954],[33.09036,-9.46949],[33.09038,-9.46938],[33.09044,-9.46919],[33.09062,-9.46906],[33.09071,-9.46903]]},"properties":{"id":611553231,"cls":"path","hw":"path","tg":"na","name":"","ref":"","surface":"","sc":"unknown","speed":null,"lit":"unk","km":0.754}},
{"type":"Feature","geometry":{"type":"LineString","coordinates":[[33.09029,-9.46888],[33.09041,-9.46887],[33.09045,-9.4689],[33.09068,-9.46898],[33.09071,-9.46903],[33.09079,-9.4691],[33.09089,-9.46915],[33.09098,-9.46913],[33.09103,-9.46917],[33.0911,-9.46923],[33.09133,-9.46934],[33.09147,-9.46938],[33.09153,-9.46939],[33.09157,-9.4693],[33.09167,-9.46933],[33.09176,-9.46918],[33.09187,-9.46909],[33.09207,-9.46922],[33.09228,-9.46932],[33.09236,-9.46924],[33.09249,-9.46926],[33.09279,-9.46922],[33.09297,-9.4689],[33.09307,-9.46866],[33.09322,-9.46871],[33.09327,-9.46858],[33.0935,-9.46865],[33.09382,-9.46758],[33.09384,-9.46752],[33.09401,-9.46747],[33.09408,-9.46744],[33.09412,-9.46726],[33.09427,-9.46695]]},"properties":{"id":611553235,"cls":"path","hw":"path","tg":"na","name":"","ref":"","surface":"","sc":"unknown","speed":null,"lit":"unk","km":0.67}},
{"type":"Feature","geometry":{"type":"LineString","coordinates":[[33.08964,-9.47011],[33.08954,-9.47013],[33.08951,-9.47013],[33.0891,-9.47019],[33.08884,-9.47022],[33.08887,-9.47047],[33.08886,-9.47063],[33.08887,-9.47076],[33.0889,-9.471]]},"properties":{"id":611553237,"cls":"path","hw":"path","tg":"na","name":"","ref":"","surface":"","sc":"unknown","speed":null,"lit":"unk","km":0.176}},
{"type":"Feature","geometry":{"type":"LineString","coordinates":[[33.08963,-9.4712],[33.08933,-9.47114],[33.08933,-9.47101],[33.08921,-9.4709],[33.0889,-9.471]]},"properties":{"id":611553240,"cls":"path","hw":"path","tg":"na","name":"","ref":"","surface":"","sc":"unknown","speed":null,"lit":"unk","km":0.102}},
{"type":"Feature","geometry":{"type":"LineString","coordinates":[[33.08884,-9.47022],[33.08886,-9.46973],[33.08889,-9.46959],[33.08893,-9.46957],[33.08893,-9.46939]]},"properties":{"id":611553242,"cls":"path","hw":"path","tg":"na","name":"","ref":"","surface":"","sc":"unknown","speed":null,"lit":"unk","km":0.095}},
{"type":"Feature","geometry":{"type":"LineString","coordinates":[[33.08954,-9.47013],[33.08931,-9.46989],[33.08922,-9.46968],[33.08907,-9.46942],[33.08901,-9.46928],[33.08891,-9.46892],[33.08913,-9.46883],[33.08943,-9.46882],[33.08972,-9.4688],[33.08994,-9.46877],[33.09009,-9.4688],[33.09024,-9.46882],[33.09029,-9.46888]]},"properties":{"id":611553244,"cls":"path","hw":"path","tg":"na","name":"","ref":"","surface":"","sc":"unknown","speed":null,"lit":"unk","km":0.311}},
{"type":"Feature","geometry":{"type":"LineString","coordinates":[[33.09045,-9.4689],[33.09045,-9.46872],[33.0905,-9.46853],[33.09062,-9.46823],[33.09046,-9.46821],[33.09036,-9.46822],[33.08991,-9.46815],[33.08938,-9.46809]]},"properties":{"id":611553246,"cls":"path","hw":"path","tg":"na","name":"","ref":"","surface":"","sc":"unknown","speed":null,"lit":"unk","km":0.215}},
{"type":"Feature","geometry":{"type":"LineString","coordinates":[[33.08878,-9.46746],[33.08892,-9.46738],[33.08909,-9.46736],[33.08927,-9.46726],[33.08966,-9.46724],[33.08969,-9.46723],[33.08972,-9.46721],[33.08988,-9.46707],[33.09034,-9.46715],[33.09062,-9.46718],[33.09074,-9.46717]]},"properties":{"id":611553249,"cls":"path","hw":"path","tg":"na","name":"","ref":"","surface":"","sc":"unknown","speed":null,"lit":"unk","km":0.228}},
{"type":"Feature","geometry":{"type":"LineString","coordinates":[[33.08878,-9.46746],[33.0889,-9.46762],[33.08904,-9.46776],[33.08914,-9.4679],[33.08926,-9.46801],[33.08938,-9.46809]]},"properties":{"id":611553251,"cls":"path","hw":"path","tg":"na","name":"","ref":"","surface":"","sc":"unknown","speed":null,"lit":"unk","km":0.097}},
{"type":"Feature","geometry":{"type":"LineString","coordinates":[[33.08906,-9.46393],[33.08914,-9.46405],[33.08935,-9.46418],[33.08944,-9.46429],[33.08948,-9.46449],[33.08962,-9.46458],[33.0898,-9.46487],[33.09001,-9.46512],[33.09017,-9.46534],[33.09033,-9.46534],[33.09053,-9.46557],[33.09062,-9.46566],[33.09078,-9.46585],[33.0908,-9.46625],[33.09086,-9.46633]]},"properties":{"id":611553253,"cls":"path","hw":"path","tg":"na","name":"","ref":"","surface":"","sc":"unknown","speed":null,"lit":"unk","km":0.352}},
{"type":"Feature","geometry":{"type":"LineString","coordinates":[[33.08969,-9.46723],[33.08953,-9.4669],[33.08951,-9.46662],[33.08942,-9.46634],[33.08918,-9.46634],[33.08898,-9.46647],[33.08891,-9.46618],[33.08888,-9.4659],[33.08889,-9.46553],[33.08889,-9.46522],[33.08895,-9.46505],[33.08912,-9.46476],[33.08934,-9.46453],[33.08948,-9.46449]]},"properties":{"id":611553256,"cls":"path","hw":"path","tg":"na","name":"","ref":"","surface":"","sc":"unknown","speed":null,"lit":"unk","km":0.406}},
{"type":"Feature","geometry":{"type":"LineString","coordinates":[[33.0907,-9.46112],[33.0906,-9.46096],[33.09044,-9.46057],[33.09029,-9.46016],[33.09005,-9.46009],[33.08982,-9.46],[33.08958,-9.45986],[33.08926,-9.45999],[33.08907,-9.46011],[33.08887,-9.46021],[33.08868,-9.46043],[33.08845,-9.46061],[33.08822,-9.46079],[33.08811,-9.46094]]},"properties":{"id":611553259,"cls":"path","hw":"path","tg":"na","name":"","ref":"","surface":"","sc":"unknown","speed":null,"lit":"unk","km":0.406}},
{"type":"Feature","geometry":{"type":"LineString","coordinates":[[33.08811,-9.46094],[33.08801,-9.46076],[33.08797,-9.46051],[33.08786,-9.46032],[33.08778,-9.46011],[33.08772,-9.45991],[33.08768,-9.45983],[33.08774,-9.45968],[33.08788,-9.45957],[33.08812,-9.45937],[33.08806,-9.45929]]},"properties":{"id":611553262,"cls":"path","hw":"path","tg":"na","name":"","ref":"","surface":"","sc":"unknown","speed":null,"lit":"unk","km":0.216}},
{"type":"Feature","geometry":{"type":"LineString","coordinates":[[33.09029,-9.46016],[33.09028,-9.45998],[33.09027,-9.45975],[33.09026,-9.45951],[33.09014,-9.45924],[33.09006,-9.45918],[33.08996,-9.45903],[33.08977,-9.45887],[33.08939,-9.45838],[33.08928,-9.45821],[33.08945,-9.45794],[33.08934,-9.45786],[33.08938,-9.45777],[33.08915,-9.4577],[33.08891,-9.45757],[33.08883,-9.45752]]},"properties":{"id":611553265,"cls":"path","hw":"path","tg":"na","name":"","ref":"","surface":"","sc":"unknown","speed":null,"lit":"unk","km":0.383}},
{"type":"Feature","geometry":{"type":"LineString","coordinates":[[33.08883,-9.45752],[33.0888,-9.45737],[33.08861,-9.45705],[33.08851,-9.45672],[33.08848,-9.45666],[33.08844,-9.45662]]},"properties":{"id":611553267,"cls":"path","hw":"path","tg":"na","name":"","ref":"","surface":"","sc":"unknown","speed":null,"lit":"unk","km":0.11}},
{"type":"Feature","geometry":{"type":"LineString","coordinates":[[33.08844,-9.45662],[33.08843,-9.45658],[33.08836,-9.45637],[33.08834,-9.45621],[33.08838,-9.45609],[33.08835,-9.45584],[33.08832,-9.45556]]},"properties":{"id":611553270,"cls":"path","hw":"path","tg":"na","name":"","ref":"","surface":"","sc":"unknown","speed":null,"lit":"unk","km":0.12}},
{"type":"Feature","geometry":{"type":"LineString","coordinates":[[33.05045,-9.47506],[33.05073,-9.4747],[33.05093,-9.47434]]},"properties":{"id":611553279,"cls":"unclassified","hw":"unclassified","tg":"na","name":"","ref":"","surface":"","sc":"unknown","speed":null,"lit":"unk","km":0.096}},
{"type":"Feature","geometry":{"type":"LineString","coordinates":[[33.05093,-9.47434],[33.05107,-9.47419],[33.0512,-9.47409],[33.05129,-9.47405],[33.05171,-9.47394],[33.05207,-9.47381],[33.05236,-9.47371],[33.05271,-9.47355],[33.05306,-9.47344],[33.05327,-9.4734],[33.05346,-9.47333],[33.05352,-9.47329],[33.05361,-9.47322],[33.05378,-9.47307],[33.0538,-9.47305]]},"properties":{"id":611553281,"cls":"unclassified","hw":"unclassified","tg":"na","name":"","ref":"","surface":"","sc":"unknown","speed":null,"lit":"unk","km":0.352}},
{"type":"Feature","geometry":{"type":"LineString","coordinates":[[33.04845,-9.47383],[33.04847,-9.47393]]},"properties":{"id":611553284,"cls":"residential","hw":"residential","tg":"na","name":"","ref":"","surface":"","sc":"unknown","speed":null,"lit":"unk","km":0.011}},
{"type":"Feature","geometry":{"type":"LineString","coordinates":[[33.05063,-9.47973],[33.05089,-9.47944],[33.05101,-9.47922],[33.05128,-9.47908],[33.05141,-9.47909]]},"properties":{"id":611553286,"cls":"path","hw":"path","tg":"na","name":"","ref":"","surface":"","sc":"unknown","speed":null,"lit":"unk","km":0.119}},
{"type":"Feature","geometry":{"type":"LineString","coordinates":[[33.05612,-9.47797],[33.05626,-9.47828],[33.05644,-9.47864],[33.05654,-9.47907],[33.05661,-9.47924],[33.05696,-9.47928],[33.05722,-9.47903],[33.05742,-9.47888],[33.0577,-9.47873],[33.05788,-9.47867],[33.05794,-9.4785],[33.05811,-9.47826]]},"properties":{"id":611553289,"cls":"path","hw":"path","tg":"na","name":"","ref":"","surface":"","sc":"unknown","speed":null,"lit":"unk","km":0.366}},
{"type":"Feature","geometry":{"type":"LineString","coordinates":[[33.05607,-9.47755],[33.056,-9.47737],[33.05595,-9.47723],[33.05602,-9.47721],[33.05612,-9.47723],[33.05634,-9.4772],[33.05665,-9.47715],[33.05682,-9.47697],[33.05696,-9.47685],[33.05741,-9.47629],[33.05768,-9.47606],[33.05795,-9.47588]]},"properties":{"id":611553291,"cls":"path","hw":"path","tg":"na","name":"","ref":"","surface":"","sc":"unknown","speed":null,"lit":"unk","km":0.318}},
{"type":"Feature","geometry":{"type":"LineString","coordinates":[[33.05811,-9.47826],[33.05831,-9.47798],[33.05856,-9.47776]]},"properties":{"id":611553293,"cls":"path","hw":"path","tg":"na","name":"","ref":"","surface":"","sc":"unknown","speed":null,"lit":"unk","km":0.075}},
{"type":"Feature","geometry":{"type":"LineString","coordinates":[[33.06327,-9.48116],[33.06338,-9.48106],[33.06356,-9.48102],[33.06375,-9.48094],[33.06404,-9.48086],[33.06443,-9.48079],[33.06459,-9.4807],[33.06475,-9.48061],[33.06481,-9.48058],[33.0649,-9.48046],[33.06499,-9.4804]]},"properties":{"id":611553300,"cls":"residential","hw":"residential","tg":"na","name":"","ref":"","surface":"","sc":"unknown","speed":null,"lit":"unk","km":0.212}},
{"type":"Feature","geometry":{"type":"LineString","coordinates":[[33.11745,-9.48527],[33.1169,-9.48459],[33.11664,-9.48433],[33.11651,-9.48419],[33.11585,-9.48316],[33.11567,-9.48289],[33.11564,-9.48284],[33.11551,-9.48248],[33.11542,-9.48216],[33.11536,-9.48195],[33.11535,-9.48163],[33.11534,-9.48138],[33.11546,-9.4808],[33.11549,-9.48061],[33.11549,-9.48044],[33.11547,-9.48026],[33.11546,-9.4802],[33.11544,-9.48],[33.11541,-9.47984],[33.11538,-9.47966],[33.11532,-9.47949],[33.11504,-9.47896],[33.11489,-9.47863],[33.11474,-9.47819],[33.11415,-9.47702],[33.11405,-9.47684]]},"properties":{"id":623098250,"cls":"unclassified","hw":"unclassified","tg":"na","name":"","ref":"","surface":"","sc":"unknown","speed":null,"lit":"unk","km":1.044}},
{"type":"Feature","geometry":{"type":"LineString","coordinates":[[33.0005,-9.38723],[33.00068,-9.38736],[33.00059,-9.38771],[33.00052,-9.38813],[32.99984,-9.38802],[32.99924,-9.38805],[32.9987,-9.388],[32.9985,-9.38796],[32.99721,-9.38772],[32.99711,-9.38767],[32.99712,-9.38762],[32.99714,-9.3875],[32.99734,-9.38729],[32.99768,-9.38695],[32.99777,-9.38672],[32.99791,-9.3866],[32.99804,-9.38651],[32.99819,-9.38647],[32.99848,-9.38639],[32.99875,-9.38637],[32.99902,-9.38597],[32.99911,-9.38562],[32.99924,-9.3855],[32.99936,-9.38514],[32.99956,-9.38465],[32.99962,-9.38446],[32.99971,-9.38437]]},"properties":{"id":633094353,"cls":"path","hw":"path","tg":"na","name":"","ref":"","surface":"","sc":"unknown","speed":null,"lit":"unk","km":0.991}},
{"type":"Feature","geometry":{"type":"LineString","coordinates":[[33.0,-9.38451],[33.00044,-9.38421],[33.00068,-9.3841]]},"properties":{"id":633094399,"cls":"path","hw":"path","tg":"na","name":"","ref":"","surface":"","sc":"unknown","speed":null,"lit":"unk","km":0.088}},
{"type":"Feature","geometry":{"type":"LineString","coordinates":[[33.00193,-9.38548],[33.00204,-9.38539],[33.00211,-9.38535],[33.00222,-9.38528],[33.00231,-9.38521],[33.00242,-9.38512],[33.0025,-9.38501],[33.00255,-9.38494],[33.00261,-9.38488],[33.00283,-9.38468],[33.00299,-9.38455],[33.00331,-9.38429],[33.00348,-9.38411],[33.00369,-9.38391],[33.00401,-9.38365],[33.00441,-9.38332],[33.0045,-9.38323],[33.00461,-9.38307],[33.00471,-9.38292],[33.00476,-9.38283],[33.00478,-9.38278],[33.00488,-9.38257],[33.00493,-9.38244],[33.00497,-9.38229],[33.00502,-9.38211],[33.00511,-9.38191],[33.00518,-9.38181],[33.00526,-9.38175],[33.0053,-9.3817],[33.00535,-9.3816],[33.00543,-9.38143],[33.00564,-9.38109],[33.00569,-9.38095],[33.00571,-9.3809],[33.00607,-9.38043],[33.00621,-9.38021],[33.00628,-9.38006],[33.00637,-9.37997],[33.0066,-9.37973],[33.00682,-9.37953],[33.00696,-9.37936],[33.00712,-9.3791],[33.0073,-9.37886],[33.00734,-9.37882],[33.00737,-9.37877],[33.00757,-9.37869],[33.00768,-9.37865],[33.00775,-9.37863],[33.0078,-9.37861],[33.00799,-9.37858],[33.00811,-9.37856],[33.0082,-9.37859],[33.0083,-9.37861],[33.00846,-9.37864],[33.00862,-9.37869],[33.00883,-9.37877],[33.00908,-9.37878],[33.00914,-9.37879],[33.00919,-9.37879],[33.00928,-9.37881],[33.0095,-9.37875],[33.00992,-9.37854],[33.01004,-9.37843]]},"properties":{"id":633094596,"cls":"tertiary","hw":"tertiary","tg":"na","name":"","ref":"","surface":"","sc":"unknown","speed":null,"lit":"unk","km":1.285}},
{"type":"Feature","geometry":{"type":"LineString","coordinates":[[33.23199,-9.49908],[33.23201,-9.49965],[33.23196,-9.49979],[33.23191,-9.49995],[33.23188,-9.50025],[33.23171,-9.50041],[33.23166,-9.50041]]},"properties":{"id":641624428,"cls":"path","hw":"path","tg":"na","name":"","ref":"","surface":"","sc":"unknown","speed":null,"lit":"unk","km":0.163}},
{"type":"Feature","geometry":{"type":"LineString","coordinates":[[33.23033,-9.49457],[33.23034,-9.49473],[33.23035,-9.49494],[33.23038,-9.49507],[33.23056,-9.4954],[33.23068,-9.4957],[33.23071,-9.4958],[33.2309,-9.4965],[33.23093,-9.49664],[33.23103,-9.49684],[33.23108,-9.49691],[33.23144,-9.49738],[33.23148,-9.49741],[33.2315,-9.49746],[33.23156,-9.49766],[33.23159,-9.49777],[33.23161,-9.49786],[33.23165,-9.49796],[33.23186,-9.49837],[33.2319,-9.49846],[33.23193,-9.49855],[33.232,-9.49884],[33.23201,-9.49892],[33.23199,-9.49908],[33.23179,-9.499],[33.23176,-9.499],[33.23141,-9.49902],[33.23137,-9.49903],[33.23135,-9.49904],[33.23128,-9.49913],[33.23125,-9.49918],[33.23115,-9.49938],[33.23113,-9.49938],[33.2311,-9.49937],[33.23077,-9.49914]]},"properties":{"id":641624429,"cls":"path","hw":"path","tg":"na","name":"","ref":"","surface":"","sc":"unknown","speed":null,"lit":"unk","km":0.71}},
{"type":"Feature","geometry":{"type":"LineString","coordinates":[[33.18123,-9.47867],[33.18119,-9.47941],[33.18122,-9.48002],[33.18124,-9.48034],[33.18134,-9.4813],[33.18146,-9.48246],[33.18162,-9.48348],[33.18162,-9.48362],[33.18162,-9.48372],[33.18161,-9.48378],[33.1816,-9.48383],[33.18154,-9.48392],[33.18146,-9.48399],[33.18141,-9.48402],[33.18138,-9.4841],[33.18123,-9.48464],[33.18116,-9.48486],[33.18114,-9.48492],[33.1811,-9.48506],[33.18092,-9.48551],[33.18089,-9.48558],[33.18082,-9.48575],[33.18074,-9.48595],[33.18068,-9.48618],[33.1806,-9.48648],[33.18058,-9.4867],[33.18043,-9.48769],[33.18042,-9.48785],[33.1804,-9.48796],[33.18039,-9.48805],[33.18035,-9.4884],[33.18032,-9.48879],[33.18026,-9.48896],[33.18017,-9.48911],[33.18011,-9.48927],[33.18009,-9.48946],[33.18022,-9.48951],[33.18026,-9.48956],[33.18026,-9.48963],[33.18023,-9.48985],[33.18017,-9.49029],[33.18015,-9.49051],[33.18001,-9.49125],[33.17998,-9.49149],[33.17993,-9.49172],[33.17985,-9.49186],[33.17973,-9.4921],[33.17958,-9.49236],[33.17923,-9.4931],[33.17899,-9.49383],[33.1789,-9.49419],[33.17849,-9.49551],[33.17832,-9.49612],[33.17832,-9.4963],[33.17839,-9.49649],[33.17851,-9.49683],[33.17868,-9.49702],[33.17897,-9.4972],[33.17958,-9.49735]]},"properties":{"id":649410783,"cls":"unclassified","hw":"unclassified","tg":"na","name":"","ref":"","surface":"","sc":"unknown","speed":null,"lit":"unk","km":2.238}},
{"type":"Feature","geometry":{"type":"LineString","coordinates":[[33.31999,-9.48732],[33.32033,-9.48737]]},"properties":{"id":650845577,"cls":"secondary","hw":"secondary","tg":"na","name":"","ref":"","surface":"unpaved","sc":"unpaved","speed":null,"lit":"unk","km":0.038}},
{"type":"Feature","geometry":{"type":"LineString","coordinates":[[33.32033,-9.48737],[33.32047,-9.48736],[33.32063,-9.48733]]},"properties":{"id":650845578,"cls":"secondary","hw":"secondary","tg":"na","name":"","ref":"","surface":"unpaved","sc":"unpaved","speed":null,"lit":"unk","km":0.033}},
{"type":"Feature","geometry":{"type":"LineString","coordinates":[[33.02594,-9.45456],[33.0259,-9.45435]]},"properties":{"id":653363892,"cls":"unclassified","hw":"unclassified","tg":"na","name":"","ref":"","surface":"","sc":"unknown","speed":null,"lit":"unk","km":0.024}},
{"type":"Feature","geometry":{"type":"LineString","coordinates":[[33.02571,-9.4524],[33.02563,-9.45158],[33.02556,-9.45134],[33.02549,-9.45113],[33.0254,-9.45068],[33.02537,-9.45047],[33.02536,-9.45035],[33.02536,-9.45019],[33.02542,-9.44996],[33.02553,-9.44952],[33.02565,-9.44919],[33.02575,-9.44904]]},"properties":{"id":653363893,"cls":"unclassified","hw":"unclassified","tg":"na","name":"","ref":"","surface":"unpaved","sc":"unpaved","speed":null,"lit":"unk","km":0.385}},
{"type":"Feature","geometry":{"type":"LineString","coordinates":[[33.02897,-9.43211],[33.02885,-9.43214],[33.02878,-9.43217],[33.02861,-9.43227],[33.0285,-9.43233],[33.02802,-9.43252],[33.02788,-9.43258],[33.02776,-9.43259],[33.02757,-9.43261],[33.02732,-9.43265],[33.02679,-9.43274],[33.02666,-9.43279],[33.02658,-9.43285],[33.02649,-9.43296],[33.02645,-9.43299],[33.02632,-9.4332],[33.02596,-9.43384],[33.02582,-9.43407],[33.02567,-9.43428],[33.02547,-9.4345],[33.0253,-9.43467],[33.02521,-9.43477],[33.02515,-9.43487],[33.0251,-9.43495],[33.02504,-9.43507],[33.02495,-9.43516],[33.02432,-9.43559],[33.02423,-9.43563],[33.02413,-9.43562],[33.024,-9.43559],[33.02372,-9.43558],[33.0236,-9.4356],[33.02346,-9.43567],[33.02322,-9.43592],[33.02318,-9.43598],[33.023,-9.43624],[33.02278,-9.43657],[33.02264,-9.43687],[33.02255,-9.43701],[33.02246,-9.4371],[33.02226,-9.43722],[33.02216,-9.4373],[33.02206,-9.43741],[33.02169,-9.4379],[33.02163,-9.43798],[33.0213,-9.4383],[33.02102,-9.43856],[33.02044,-9.43902],[33.01965,-9.43975],[33.01958,-9.43986],[33.01956,-9.43995],[33.01951,-9.44016],[33.01941,-9.44047],[33.01917,-9.44083],[33.01892,-9.44108],[33.01859,-9.4413],[33.01795,-9.44161],[33.01785,-9.44163],[33.01779,-9.44164],[33.01774,-9.44165],[33.0177,-9.44169],[33.01762,-9.44174],[33.01751,-9.44203],[33.01748,-9.44212],[33.01738,-9.44247],[33.01732,-9.44255],[33.01727,-9.4426],[33.01675,-9.4428],[33.0166,-9.4429],[33.01642,-9.44304],[33.01623,-9.44324],[33.01614,-9.4434],[33.01613,-9.44345],[33.0161,-9.44359],[33.01616,-9.44382],[33.01627,-9.44397],[33.01642,-9.44411],[33.0167,-9.44436],[33.01734,-9.44505],[33.01773,-9.44545],[33.01789,-9.44565],[33.01804,-9.44583],[33.01808,-9.44591],[33.01818,-9.44611],[33.01831,-9.44631],[33.01846,-9.44651],[33.01852,-9.44664],[33.01858,-9.44679],[33.01864,-9.44696],[33.01902,-9.44775],[33.01931,-9.4483],[33.01945,-9.44851],[33.01964,-9.4487],[33.02017,-9.44913],[33.02042,-9.44932],[33.02096,-9.44981],[33.02117,-9.45005],[33.02179,-9.45055],[33.02197,-9.45068],[33.02217,-9.45084],[33.02235,-9.45094],[33.02249,-9.45105],[33.02258,-9.45108],[33.02369,-9.45164],[33.02374,-9.45167],[33.02382,-9.45171],[33.0246,-9.45212],[33.02503,-9.45222],[33.02514,-9.45225],[33.02544,-9.45232],[33.02563,-9.45237],[33.02571,-9.4524]]},"properties":{"id":653363894,"cls":"unclassified","hw":"unclassified","tg":"na","name":"","ref":"","surface":"unpaved","sc":"unpaved","speed":null,"lit":"unk","km":3.507}},
{"type":"Feature","geometry":{"type":"LineString","coordinates":[[33.03518,-9.4191],[33.03522,-9.41906]]},"properties":{"id":653363895,"cls":"tertiary","hw":"tertiary","tg":"na","name":"","ref":"M9","surface":"","sc":"unknown","speed":null,"lit":"unk","km":0.006}},
{"type":"Feature","geometry":{"type":"LineString","coordinates":[[33.10939,-9.47256],[33.10928,-9.47292],[33.10917,-9.47321],[33.109,-9.4734],[33.10883,-9.47382],[33.10878,-9.47402],[33.10863,-9.47423],[33.10834,-9.47446],[33.10825,-9.47453]]},"properties":{"id":655867419,"cls":"unclassified","hw":"unclassified","tg":"na","name":"","ref":"","surface":"","sc":"unknown","speed":null,"lit":"unk","km":0.26}},
{"type":"Feature","geometry":{"type":"LineString","coordinates":[[33.10825,-9.48427],[33.10846,-9.48438],[33.10873,-9.48444],[33.10909,-9.48457],[33.10932,-9.48469],[33.10995,-9.48501],[33.11061,-9.48531],[33.11095,-9.4854],[33.11116,-9.48545],[33.1113,-9.48552],[33.11151,-9.48566],[33.1119,-9.48588],[33.11214,-9.486],[33.11237,-9.48608],[33.11275,-9.4862]]},"properties":{"id":655870894,"cls":"residential","hw":"residential","tg":"na","name":"","ref":"","surface":"","sc":"unknown","speed":null,"lit":"unk","km":0.541}},
{"type":"Feature","geometry":{"type":"LineString","coordinates":[[33.14909,-9.47392],[33.14905,-9.47403],[33.14903,-9.47419],[33.14902,-9.47436],[33.14909,-9.4746],[33.14931,-9.47514],[33.14946,-9.47548],[33.1495,-9.47568],[33.14951,-9.47578],[33.1495,-9.47589],[33.1495,-9.47598],[33.14953,-9.47611],[33.1496,-9.47626],[33.14973,-9.47647],[33.14976,-9.47655],[33.14977,-9.47667],[33.14974,-9.4768],[33.1497,-9.47694],[33.14972,-9.47706],[33.14975,-9.47735],[33.14976,-9.47742],[33.14979,-9.47749],[33.15,-9.47769],[33.15005,-9.47774],[33.15007,-9.47782],[33.15005,-9.47796],[33.15,-9.47817],[33.14998,-9.47836],[33.15002,-9.47848],[33.15012,-9.47866],[33.15023,-9.47875],[33.15034,-9.47878],[33.15036,-9.47884],[33.15036,-9.47897],[33.15041,-9.47933],[33.15046,-9.47948],[33.15055,-9.47959],[33.15103,-9.47999],[33.1512,-9.48013],[33.15136,-9.48023],[33.15155,-9.48041],[33.15179,-9.48066],[33.152,-9.48095],[33.1521,-9.48102],[33.15222,-9.48104],[33.1524,-9.48105],[33.1526,-9.48111],[33.15287,-9.48128],[33.15324,-9.48149],[33.15343,-9.48166],[33.1538,-9.48197],[33.15396,-9.48209],[33.15403,-9.48217],[33.15421,-9.48219],[33.15443,-9.48214],[33.15456,-9.48214],[33.15468,-9.48216],[33.15485,-9.48222],[33.15523,-9.48242],[33.15548,-9.4826],[33.15591,-9.48286],[33.15631,-9.48308],[33.1565,-9.48327],[33.15677,-9.48355],[33.15705,-9.48394],[33.15723,-9.48425],[33.15745,-9.48466],[33.15757,-9.48491],[33.15763,-9.48516],[33.15778,-9.48557],[33.15786,-9.48588],[33.15798,-9.48614],[33.15827,-9.48658],[33.15856,-9.48699],[33.1589,-9.48733],[33.15911,-9.48752],[33.1594,-9.48788],[33.15977,-9.48834],[33.16006,-9.48875],[33.16026,-9.48916],[33.16043,-9.4896],[33.16052,-9.48994],[33.16052,-9.48995],[33.1606,-9.49044],[33.16059,-9.49077],[33.16058,-9.49097],[33.16056,-9.49112],[33.16049,-9.49148],[33.16039,-9.49184],[33.16038,-9.49189],[33.16025,-9.49202],[33.16016,-9.49218],[33.15982,-9.49265]]},"properties":{"id":655882090,"cls":"unclassified","hw":"unclassified","tg":"na","name":"","ref":"","surface":"","sc":"unknown","speed":null,"lit":"unk","km":2.682}},
{"type":"Feature","geometry":{"type":"LineString","coordinates":[[33.11025,-9.47228],[33.11044,-9.47208],[33.11072,-9.4718],[33.1111,-9.4714],[33.11124,-9.47119],[33.11132,-9.47106],[33.11128,-9.47093],[33.11131,-9.47078],[33.1114,-9.4707],[33.1117,-9.47054],[33.11177,-9.47049]]},"properties":{"id":656122270,"cls":"unclassified","hw":"unclassified","tg":"na","name":"","ref":"","surface":"","sc":"unknown","speed":null,"lit":"unk","km":0.272}},
{"type":"Feature","geometry":{"type":"LineString","coordinates":[[33.11044,-9.47375],[33.1102,-9.47374],[33.11,-9.47372],[33.10983,-9.47362],[33.10971,-9.47347],[33.10944,-9.47309],[33.10928,-9.47292],[33.10904,-9.47265]]},"properties":{"id":656122271,"cls":"unclassified","hw":"unclassified","tg":"na","name":"","ref":"","surface":"","sc":"unknown","speed":null,"lit":"unk","km":0.209}},
{"type":"Feature","geometry":{"type":"LineString","coordinates":[[33.18103,-9.49915],[33.18107,-9.49931],[33.18106,-9.49962],[33.18105,-9.49974],[33.18107,-9.49987],[33.18109,-9.49995],[33.18109,-9.50004],[33.18109,-9.5002],[33.18112,-9.50037],[33.18114,-9.50046],[33.18116,-9.50051],[33.18117,-9.50055],[33.1812,-9.50059],[33.18126,-9.50061]]},"properties":{"id":656151736,"cls":"unclassified","hw":"unclassified","tg":"na","name":"","ref":"","surface":"","sc":"unknown","speed":null,"lit":"unk","km":0.17}},
{"type":"Feature","geometry":{"type":"LineString","coordinates":[[33.14139,-9.47536],[33.14147,-9.47564],[33.14158,-9.47579],[33.14167,-9.47589],[33.14175,-9.47601],[33.14179,-9.47629],[33.142,-9.47686],[33.14211,-9.47724],[33.14214,-9.47755],[33.14216,-9.47792],[33.14233,-9.4785],[33.14265,-9.47921],[33.14274,-9.47958],[33.14281,-9.47965],[33.14294,-9.47968],[33.14307,-9.47981],[33.14363,-9.48048],[33.14376,-9.48064],[33.14405,-9.48097],[33.14427,-9.48201],[33.14386,-9.48362],[33.14247,-9.48518],[33.1414,-9.48586],[33.14127,-9.48787],[33.14254,-9.48957],[33.14487,-9.49129],[33.14574,-9.49143],[33.14632,-9.49179]]},"properties":{"id":656154134,"cls":"unclassified","hw":"unclassified","tg":"na","name":"","ref":"","surface":"","sc":"unknown","speed":null,"lit":"unk","km":2.335}},
{"type":"Feature","geometry":{"type":"LineString","coordinates":[[33.11778,-9.45956],[33.1176,-9.45968],[33.11746,-9.45973],[33.11743,-9.45974],[33.1174,-9.45976],[33.11734,-9.45984],[33.11701,-9.46019],[33.11687,-9.46036],[33.11651,-9.46076],[33.11649,-9.4608],[33.11635,-9.46098],[33.11617,-9.46124],[33.11603,-9.46143],[33.116,-9.46153],[33.11599,-9.46159],[33.11594,-9.46168],[33.11565,-9.4619],[33.11551,-9.462],[33.11546,-9.46209],[33.11541,-9.46219],[33.11535,-9.46229],[33.11527,-9.46234],[33.11508,-9.46241],[33.11497,-9.46244],[33.11485,-9.46251],[33.1147,-9.46266],[33.11453,-9.46287],[33.1144,-9.46297],[33.11417,-9.4631],[33.11395,-9.46322],[33.1138,-9.46334],[33.11358,-9.46351],[33.11347,-9.46362],[33.11344,-9.46365],[33.11332,-9.46375]]},"properties":{"id":656395548,"cls":"unclassified","hw":"unclassified","tg":"na","name":"","ref":"","surface":"","sc":"unknown","speed":null,"lit":"unk","km":0.692}},
{"type":"Feature","geometry":{"type":"LineString","coordinates":[[33.02481,-9.49812],[33.0251,-9.49833],[33.02569,-9.49879],[33.02748,-9.49991],[33.02788,-9.5001],[33.02828,-9.50031],[33.02843,-9.50041],[33.02855,-9.50049],[33.02878,-9.50058],[33.02929,-9.50075],[33.02959,-9.50082],[33.03022,-9.50105],[33.03053,-9.5012],[33.03073,-9.50136],[33.03085,-9.50153],[33.03091,-9.50164],[33.03107,-9.50208],[33.0312,-9.50271],[33.0312,-9.50283],[33.03115,-9.50291],[33.03094,-9.50308],[33.0308,-9.50321],[33.03066,-9.50341],[33.03051,-9.50381],[33.03043,-9.50406],[33.0304,-9.50419],[33.03039,-9.50473],[33.03041,-9.50507],[33.03045,-9.5052],[33.03048,-9.50545],[33.0305,-9.50629],[33.03062,-9.50706],[33.03063,-9.50738],[33.03062,-9.50765],[33.0307,-9.508],[33.03074,-9.50815],[33.03076,-9.50864],[33.03076,-9.50873],[33.03077,-9.50878],[33.03082,-9.50883],[33.03084,-9.50889],[33.03086,-9.50901],[33.03088,-9.50934],[33.03094,-9.50956],[33.03103,-9.50981],[33.03113,-9.50996],[33.03154,-9.51077],[33.03172,-9.51106],[33.03187,-9.51125],[33.032,-9.5115],[33.03211,-9.51175],[33.03221,-9.51218],[33.03231,-9.5128],[33.03234,-9.51294],[33.03236,-9.5137],[33.03239,-9.51383],[33.03239,-9.51395],[33.03236,-9.51402],[33.03234,-9.51432],[33.03233,-9.51479],[33.03237,-9.51491],[33.03238,-9.51505],[33.03233,-9.51512],[33.03233,-9.5152],[33.03236,-9.51547],[33.03238,-9.51575],[33.03239,-9.51583],[33.03239,-9.51592],[33.03243,-9.51612],[33.03236,-9.51679],[33.03238,-9.51686],[33.03239,-9.51692],[33.03239,-9.5173],[33.03244,-9.51757],[33.0325,-9.51772],[33.03251,-9.51783],[33.03247,-9.51823],[33.03248,-9.51837],[33.03255,-9.51857],[33.03257,-9.51883],[33.03245,-9.52107],[33.03238,-9.52223],[33.03231,-9.52284],[33.0323,-9.52289],[33.03232,-9.52307],[33.03231,-9.52324],[33.03228,-9.52341],[33.03224,-9.52351],[33.03223,-9.52359],[33.03224,-9.52384],[33.03222,-9.52393],[33.0321,-9.52419],[33.03182,-9.52463],[33.03175,-9.52479],[33.03157,-9.52535],[33.0315,-9.52545],[33.03143,-9.52549],[33.03117,-9.5256],[33.03089,-9.52574],[33.03046,-9.52598],[33.03037,-9.52608],[33.02952,-9.52692],[33.02894,-9.5274],[33.02888,-9.52752],[33.02885,-9.52765],[33.02878,-9.52848],[33.02871,-9.52862],[33.0287,-9.52873],[33.02872,-9.52896],[33.02869,-9.5291],[33.0282,-9.53019],[33.02814,-9.53042],[33.02809,-9.53071],[33.02805,-9.53082],[33.02754,-9.53184],[33.02732,-9.53207],[33.0271,-9.53247],[33.02598,-9.53373],[33.02582,-9.53396],[33.02546,-9.53455],[33.02531,-9.53495],[33.02524,-9.53526],[33.02512,-9.53601],[33.02508,-9.53617],[33.02495,-9.53641],[33.02458,-9.53698],[33.02436,-9.5372],[33.02402,-9.53752],[33.02386,-9.53779],[33.02373,-9.53803],[33.02357,-9.53836],[33.0235,-9.53849],[33.02344,-9.53878],[33.02334,-9.53926],[33.02331,-9.5393],[33.02325,-9.53933],[33.02246,-9.53947],[33.02238,-9.53951],[33.02233,-9.53956],[33.02201,-9.54006],[33.0216,-9.54059],[33.02144,-9.54074],[33.02124,-9.54086],[33.02057,-9.54128],[33.02047,-9.54143],[33.02041,-9.54162],[33.02036,-9.54195],[33.02011,-9.54357],[33.02005,-9.54367],[33.01991,-9.54374],[33.01867,-9.54432],[33.01812,-9.54475],[33.01734,-9.54548],[33.01709,-9.54574]]},"properties":{"id":658319892,"cls":"track","hw":"track","tg":"none","name":"","ref":"","surface":"","sc":"unknown","speed":null,"lit":"unk","km":6.46}},
{"type":"Feature","geometry":{"type":"LineString","coordinates":[[33.0404,-9.42251],[33.04056,-9.42261]]},"properties":{"id":672252899,"cls":"tertiary","hw":"tertiary","tg":"na","name":"","ref":"M9","surface":"unpaved","sc":"unpaved","speed":null,"lit":"unk","km":0.021}},
{"type":"Feature","geometry":{"type":"LineString","coordinates":[[33.03522,-9.41906],[33.0354,-9.41923],[33.03558,-9.41937],[33.03569,-9.41949],[33.03577,-9.41954],[33.03586,-9.41957],[33.03601,-9.4196],[33.0363,-9.41968],[33.03688,-9.41981],[33.03699,-9.41985],[33.03721,-9.41993],[33.03731,-9.41998],[33.03749,-9.4201],[33.03787,-9.42042],[33.03798,-9.42051],[33.0383,-9.4208],[33.03865,-9.42111],[33.03897,-9.42138],[33.03923,-9.4216],[33.03959,-9.42186],[33.03973,-9.42198],[33.03983,-9.42205],[33.04002,-9.4222],[33.04021,-9.42236],[33.0404,-9.42251]]},"properties":{"id":672252900,"cls":"tertiary","hw":"tertiary","tg":"na","name":"","ref":"M9","surface":"unpaved","sc":"unpaved","speed":null,"lit":"unk","km":0.698}},
{"type":"Feature","geometry":{"type":"LineString","coordinates":[[33.24594,-9.49906],[33.24579,-9.49901],[33.24565,-9.49896],[33.24557,-9.49892],[33.24544,-9.49886],[33.24539,-9.49883],[33.24533,-9.4988],[33.2453,-9.49878],[33.24526,-9.49878],[33.2452,-9.49878],[33.24509,-9.49877],[33.24504,-9.49875],[33.24501,-9.49873],[33.24484,-9.49854],[33.24483,-9.49851],[33.24481,-9.49845],[33.24479,-9.49841],[33.2447,-9.4983],[33.24447,-9.49803],[33.24444,-9.49799],[33.24437,-9.49786],[33.24436,-9.4978],[33.24436,-9.49775],[33.2444,-9.49759],[33.2444,-9.49751],[33.24438,-9.49741],[33.24436,-9.49736],[33.24414,-9.49687],[33.24413,-9.49683],[33.24412,-9.49679],[33.24401,-9.49655],[33.24397,-9.49648],[33.24385,-9.49634],[33.24379,-9.4962]]},"properties":{"id":675784487,"cls":"unclassified","hw":"unclassified","tg":"na","name":"","ref":"","surface":"","sc":"unknown","speed":null,"lit":"unk","km":0.432}},
{"type":"Feature","geometry":{"type":"LineString","coordinates":[[33.24459,-9.49314],[33.2445,-9.49333],[33.24447,-9.49352],[33.2445,-9.49371],[33.24451,-9.4938],[33.24459,-9.49415],[33.24461,-9.49438],[33.2446,-9.49452],[33.2446,-9.49483],[33.24459,-9.49515],[33.24451,-9.49558],[33.24451,-9.49574]]},"properties":{"id":675784533,"cls":"unclassified","hw":"unclassified","tg":"na","name":"","ref":"","surface":"","sc":"unknown","speed":null,"lit":"unk","km":0.294}},
{"type":"Feature","geometry":{"type":"LineString","coordinates":[[33.24459,-9.49314],[33.24455,-9.49312],[33.24444,-9.49308],[33.24397,-9.49302],[33.24352,-9.49309],[33.24294,-9.49326],[33.24253,-9.4936],[33.24178,-9.49406],[33.24173,-9.4941],[33.24153,-9.49423],[33.24103,-9.49439],[33.24065,-9.49456],[33.2404,-9.49456],[33.24,-9.49462],[33.23986,-9.4946],[33.2398,-9.49459],[33.23966,-9.49455],[33.23946,-9.49468],[33.2391,-9.49465],[33.23868,-9.49455]]},"properties":{"id":675784535,"cls":"unclassified","hw":"unclassified","tg":"na","name":"","ref":"","surface":"","sc":"unknown","speed":null,"lit":"unk","km":0.702}},
{"type":"Feature","geometry":{"type":"LineString","coordinates":[[33.34373,-9.49978],[33.34385,-9.49937],[33.34396,-9.49899],[33.34402,-9.49865],[33.34409,-9.4983],[33.34405,-9.49803]]},"properties":{"id":681867210,"cls":"residential","hw":"residential","tg":"na","name":"","ref":"","surface":"","sc":"unknown","speed":null,"lit":"unk","km":0.2}},
{"type":"Feature","geometry":{"type":"LineString","coordinates":[[33.34573,-9.49884],[33.34591,-9.49849],[33.34612,-9.49822],[33.34625,-9.49809],[33.34632,-9.49798],[33.34636,-9.49788],[33.34638,-9.49777],[33.34641,-9.49747],[33.34642,-9.49724],[33.34647,-9.49702],[33.34661,-9.49676],[33.34681,-9.49666]]},"properties":{"id":681867211,"cls":"residential","hw":"residential","tg":"na","name":"","ref":"","surface":"","sc":"unknown","speed":null,"lit":"unk","km":0.282}},
{"type":"Feature","geometry":{"type":"LineString","coordinates":[[33.01114,-9.39464],[33.0112,-9.39451],[33.01124,-9.39444],[33.0113,-9.39438],[33.01141,-9.39426],[33.01156,-9.39409],[33.01162,-9.39404],[33.0117,-9.39399],[33.01175,-9.39395],[33.01179,-9.39392],[33.01182,-9.3939],[33.01197,-9.39385],[33.012,-9.39384],[33.01203,-9.39384],[33.01209,-9.39389],[33.01225,-9.39403],[33.01233,-9.39411],[33.01243,-9.39421],[33.01246,-9.39424],[33.01249,-9.39431],[33.01256,-9.39438],[33.01261,-9.39443],[33.01268,-9.3945],[33.0127,-9.39451],[33.01276,-9.3946],[33.01283,-9.39468],[33.01286,-9.39473],[33.01287,-9.3948],[33.01283,-9.3949],[33.01278,-9.39506]]},"properties":{"id":686155182,"cls":"path","hw":"path","tg":"na","name":"","ref":"","surface":"","sc":"unknown","speed":null,"lit":"unk","km":0.311}},
{"type":"Feature","geometry":{"type":"LineString","coordinates":[[33.00964,-9.39332],[33.00957,-9.3935],[33.00953,-9.39361],[33.00953,-9.39365],[33.00954,-9.3937],[33.0096,-9.39377],[33.00961,-9.3938],[33.00961,-9.39382],[33.00958,-9.3939],[33.00928,-9.3945],[33.00926,-9.39454],[33.00925,-9.39459],[33.00925,-9.39464],[33.00926,-9.39467],[33.00927,-9.39469],[33.00935,-9.39475],[33.00938,-9.39477],[33.00941,-9.39481],[33.00948,-9.39492],[33.00951,-9.39495],[33.00951,-9.39498],[33.00957,-9.39508],[33.00962,-9.39515],[33.00965,-9.39519],[33.00967,-9.39526],[33.00979,-9.3953],[33.00969,-9.39544],[33.00957,-9.39557],[33.00955,-9.39561],[33.00952,-9.39564],[33.00947,-9.39569],[33.00946,-9.39571],[33.00945,-9.39573],[33.00946,-9.39577],[33.00947,-9.39579],[33.00946,-9.39581],[33.0094,-9.39586],[33.00929,-9.39603],[33.00928,-9.39607],[33.00929,-9.3961],[33.00933,-9.39612],[33.00936,-9.39615],[33.00967,-9.39637],[33.00969,-9.39638],[33.00972,-9.39636],[33.00975,-9.39631],[33.00993,-9.39611],[33.01002,-9.39599],[33.01005,-9.39597],[33.01009,-9.39593],[33.01014,-9.39588],[33.01026,-9.39572],[33.01033,-9.39564],[33.01041,-9.39559],[33.01045,-9.39556],[33.01048,-9.39554],[33.01048,-9.39553],[33.01048,-9.39551],[33.01049,-9.3955],[33.0105,-9.39549],[33.01058,-9.39545],[33.01059,-9.39544],[33.01064,-9.39541],[33.01072,-9.39531],[33.01084,-9.39519],[33.01095,-9.39507],[33.01099,-9.39502],[33.01101,-9.39499],[33.01108,-9.39489],[33.01119,-9.39465]]},"properties":{"id":686155185,"cls":"path","hw":"path","tg":"na","name":"","ref":"","surface":"","sc":"unknown","speed":null,"lit":"unk","km":0.681}},
{"type":"Feature","geometry":{"type":"LineString","coordinates":[[33.01797,-9.3985],[33.01786,-9.3986],[33.01784,-9.39865],[33.01782,-9.39868],[33.01778,-9.39871],[33.01772,-9.39875],[33.01762,-9.39882],[33.01742,-9.39897],[33.01738,-9.399],[33.01735,-9.39901],[33.01732,-9.39902],[33.01725,-9.39904],[33.0172,-9.39906],[33.01708,-9.39914],[33.01701,-9.39917],[33.01691,-9.39922],[33.01683,-9.39922],[33.01672,-9.39923],[33.01661,-9.39925],[33.01648,-9.39927],[33.01637,-9.39931],[33.01626,-9.39935],[33.01623,-9.39936],[33.01619,-9.39935],[33.01613,-9.39933],[33.01607,-9.39932],[33.01597,-9.39934],[33.01582,-9.39936],[33.01572,-9.39939],[33.01559,-9.39942],[33.01547,-9.39945],[33.01536,-9.39946],[33.01531,-9.39948],[33.01527,-9.3995],[33.01521,-9.39951],[33.01507,-9.39952],[33.01496,-9.39955],[33.01494,-9.39955],[33.01492,-9.39953],[33.01492,-9.39947],[33.01486,-9.3994],[33.01486,-9.39936],[33.01484,-9.39928],[33.01484,-9.39919],[33.01481,-9.39911],[33.01477,-9.39907],[33.01472,-9.39904],[33.01466,-9.39898],[33.01463,-9.39897],[33.01454,-9.39889],[33.01447,-9.39881],[33.01449,-9.39877],[33.0146,-9.39869],[33.01476,-9.39858],[33.01487,-9.39849],[33.01516,-9.39824],[33.0153,-9.39814],[33.01537,-9.39807],[33.01543,-9.39805],[33.01554,-9.39794],[33.01571,-9.39778],[33.01585,-9.39763],[33.01591,-9.39754],[33.01606,-9.39731],[33.01611,-9.39724],[33.01619,-9.3971],[33.0162,-9.39705],[33.01622,-9.39704],[33.01628,-9.39698],[33.01633,-9.39682]]},"properties":{"id":686155190,"cls":"path","hw":"path","tg":"na","name":"","ref":"","surface":"","sc":"unknown","speed":null,"lit":"unk","km":0.777}},
{"type":"Feature","geometry":{"type":"LineString","coordinates":[[33.00204,-9.38539],[33.00208,-9.38545],[33.00212,-9.38547],[33.00221,-9.3855],[33.00235,-9.38557],[33.00248,-9.38566],[33.00251,-9.38568],[33.00253,-9.38568],[33.00256,-9.38568],[33.00259,-9.38567],[33.00268,-9.38557],[33.00274,-9.38553],[33.00277,-9.38552],[33.00281,-9.38551],[33.00289,-9.38551],[33.00293,-9.38552],[33.00297,-9.38553],[33.00305,-9.38558],[33.00307,-9.38558],[33.00313,-9.38558],[33.0032,-9.38558],[33.00323,-9.38557],[33.00332,-9.38549],[33.00342,-9.38538],[33.00349,-9.38529],[33.00354,-9.38522],[33.00358,-9.38517],[33.00364,-9.38508],[33.00355,-9.38501],[33.0036,-9.38494],[33.00367,-9.38483],[33.00373,-9.38487],[33.00384,-9.38494],[33.00386,-9.38494],[33.00408,-9.38473],[33.00413,-9.38468],[33.00425,-9.38462],[33.00431,-9.38459],[33.00443,-9.38455],[33.00451,-9.38453],[33.00463,-9.38451],[33.00473,-9.38454],[33.00484,-9.38457],[33.00494,-9.38457],[33.00501,-9.38456],[33.00516,-9.38453],[33.00525,-9.3845],[33.0054,-9.3845],[33.00549,-9.38448],[33.00557,-9.38446],[33.00563,-9.38442],[33.00592,-9.38441],[33.00605,-9.38442],[33.00611,-9.38442],[33.00619,-9.38441],[33.00623,-9.38441],[33.00631,-9.38442],[33.00645,-9.38441],[33.00653,-9.38443],[33.00663,-9.38445],[33.0067,-9.38448],[33.00675,-9.38448],[33.00681,-9.38452],[33.00688,-9.38462],[33.00695,-9.38466],[33.00702,-9.38472],[33.00709,-9.38474],[33.00716,-9.38475],[33.00723,-9.38474],[33.00729,-9.38472],[33.0073,-9.38476],[33.00739,-9.38479],[33.00748,-9.3848],[33.00783,-9.38468],[33.00793,-9.38464],[33.00847,-9.38433],[33.00889,-9.38415],[33.00904,-9.38409],[33.00912,-9.38411],[33.00925,-9.38413],[33.00939,-9.38416],[33.00952,-9.38419],[33.00961,-9.3842],[33.00967,-9.38423],[33.00971,-9.38423],[33.00976,-9.38423],[33.00984,-9.38418],[33.01,-9.38421],[33.01009,-9.38417],[33.01028,-9.38432],[33.01071,-9.38461],[33.01081,-9.3846],[33.01088,-9.38462],[33.01101,-9.38471],[33.01116,-9.3846],[33.01118,-9.38455],[33.01124,-9.38454],[33.01126,-9.3845],[33.01131,-9.38448],[33.01145,-9.38442],[33.01153,-9.38437],[33.01172,-9.38422],[33.01174,-9.38416],[33.01185,-9.38399],[33.01197,-9.38388],[33.01201,-9.38392],[33.01209,-9.38415],[33.01222,-9.38424],[33.01244,-9.38432],[33.01254,-9.38435],[33.01267,-9.38436],[33.01277,-9.38431],[33.0129,-9.38424],[33.01306,-9.38422],[33.01344,-9.38422],[33.01369,-9.38424],[33.01384,-9.38425],[33.01402,-9.38422],[33.01425,-9.3843],[33.01439,-9.38436],[33.01448,-9.38432],[33.01473,-9.38429],[33.01487,-9.38425],[33.01499,-9.3842],[33.01517,-9.38426],[33.01531,-9.3843],[33.01541,-9.38437],[33.01542,-9.3845],[33.01542,-9.38453],[33.01547,-9.38458],[33.01554,-9.38459],[33.01563,-9.38448],[33.01598,-9.38444],[33.01639,-9.38436],[33.01676,-9.38431],[33.01706,-9.38419],[33.01754,-9.38395],[33.01791,-9.38387],[33.01819,-9.38386],[33.01834,-9.38383],[33.01919,-9.38367],[33.01935,-9.38374],[33.01966,-9.38334],[33.02005,-9.38345],[33.02036,-9.38373],[33.02069,-9.38407]]},"properties":{"id":686155194,"cls":"unclassified","hw":"unclassified","tg":"na","name":"","ref":"","surface":"","sc":"unknown","speed":null,"lit":"unk","km":2.378}},
{"type":"Feature","geometry":{"type":"LineString","coordinates":[[33.00372,-9.39378],[33.0039,-9.39366],[33.00395,-9.39358],[33.00398,-9.39346],[33.00404,-9.39338],[33.00407,-9.3932]]},"properties":{"id":686155198,"cls":"path","hw":"path","tg":"na","name":"","ref":"","surface":"","sc":"unknown","speed":null,"lit":"unk","km":0.079}},
{"type":"Feature","geometry":{"type":"LineString","coordinates":[[33.00458,-9.3939],[33.00465,-9.39383],[33.0048,-9.39372]]},"properties":{"id":686155200,"cls":"unclassified","hw":"unclassified","tg":"na","name":"","ref":"","surface":"","sc":"unknown","speed":null,"lit":"unk","km":0.031}},
{"type":"Feature","geometry":{"type":"LineString","coordinates":[[33.00372,-9.39378],[33.00392,-9.39373],[33.0042,-9.39366],[33.00443,-9.3936]]},"properties":{"id":686155203,"cls":"path","hw":"path","tg":"na","name":"","ref":"","surface":"","sc":"unknown","speed":null,"lit":"unk","km":0.08}},
{"type":"Feature","geometry":{"type":"LineString","coordinates":[[33.00458,-9.3939],[33.00453,-9.39395],[33.00449,-9.39402],[33.0044,-9.39423],[33.00438,-9.3943],[33.00421,-9.39449],[33.00405,-9.39456]]},"properties":{"id":686155205,"cls":"unclassified","hw":"unclassified","tg":"na","name":"","ref":"","surface":"","sc":"unknown","speed":null,"lit":"unk","km":0.098}},
{"type":"Feature","geometry":{"type":"LineString","coordinates":[[33.00372,-9.39378],[33.0035,-9.39384],[33.00331,-9.39388],[33.00315,-9.39394]]},"properties":{"id":686155206,"cls":"path","hw":"path","tg":"na","name":"","ref":"","surface":"","sc":"unknown","speed":null,"lit":"unk","km":0.065}},
{"type":"Feature","geometry":{"type":"LineString","coordinates":[[33.012,-9.39482],[33.01198,-9.39506],[33.01189,-9.3953],[33.01189,-9.39533],[33.01191,-9.39534],[33.01193,-9.39535],[33.01222,-9.3954],[33.01252,-9.39541],[33.01265,-9.39541],[33.01267,-9.39537],[33.0127,-9.39534],[33.01273,-9.39516],[33.01278,-9.39506]]},"properties":{"id":686156889,"cls":"path","hw":"path","tg":"na","name":"","ref":"","surface":"","sc":"unknown","speed":null,"lit":"unk","km":0.185}},
{"type":"Feature","geometry":{"type":"LineString","coordinates":[[33.23868,-9.49455],[33.23865,-9.49452],[33.23861,-9.49451],[33.23858,-9.49452],[33.23844,-9.49455],[33.23837,-9.49455],[33.23831,-9.49454],[33.23816,-9.49454],[33.23805,-9.49453],[33.23796,-9.49452],[33.23787,-9.4945],[33.23776,-9.49446],[33.23768,-9.49444],[33.23761,-9.49441],[33.23727,-9.49428],[33.23723,-9.49426],[33.23694,-9.49422],[33.23681,-9.49421],[33.2367,-9.49421],[33.23664,-9.49419],[33.23655,-9.49416],[33.23637,-9.49416],[33.23621,-9.49416],[33.23602,-9.49418],[33.23596,-9.49419],[33.2357,-9.49431],[33.23555,-9.49438],[33.2355,-9.49442],[33.23532,-9.4945],[33.23519,-9.49457],[33.2351,-9.49463],[33.23503,-9.49471],[33.23471,-9.49525],[33.23468,-9.49535],[33.23467,-9.49551],[33.23468,-9.49562],[33.23473,-9.49575],[33.23478,-9.49584],[33.23483,-9.49593],[33.2349,-9.49618],[33.23494,-9.4963],[33.23498,-9.49642],[33.23506,-9.49661],[33.23517,-9.49684],[33.23523,-9.49702],[33.23523,-9.49708],[33.23523,-9.49732],[33.23524,-9.4974],[33.23528,-9.49755],[33.23531,-9.49769],[33.23539,-9.49816],[33.23541,-9.49824],[33.2355,-9.49842],[33.23561,-9.49867],[33.2357,-9.49886],[33.23572,-9.49892],[33.23576,-9.49902],[33.23579,-9.49912],[33.23581,-9.49939],[33.23582,-9.4995],[33.23585,-9.49969],[33.23584,-9.49976],[33.23584,-9.49978],[33.23582,-9.49989],[33.23574,-9.50028],[33.23574,-9.50038],[33.23575,-9.50063]]},"properties":{"id":686682049,"cls":"unclassified","hw":"unclassified","tg":"na","name":"","ref":"","surface":"","sc":"unknown","speed":null,"lit":"unk","km":1.118}},
{"type":"Feature","geometry":{"type":"LineString","coordinates":[[33.23868,-9.49455],[33.23881,-9.49472],[33.23884,-9.49477],[33.23893,-9.49494],[33.23899,-9.49508],[33.23906,-9.49533],[33.2391,-9.49561],[33.23911,-9.49572],[33.23914,-9.49582],[33.23929,-9.49629],[33.23935,-9.49641],[33.23941,-9.49653],[33.2395,-9.49665],[33.23956,-9.49672],[33.23965,-9.49683],[33.23972,-9.49691],[33.23975,-9.49697],[33.23979,-9.49709],[33.23981,-9.49721],[33.23983,-9.49726],[33.23986,-9.49733],[33.23998,-9.49756],[33.24007,-9.49775],[33.24009,-9.4978],[33.24013,-9.49784],[33.24078,-9.49825]]},"properties":{"id":686682050,"cls":"unclassified","hw":"unclassified","tg":"na","name":"","ref":"","surface":"","sc":"unknown","speed":null,"lit":"unk","km":0.49}},
{"type":"Feature","geometry":{"type":"LineString","coordinates":[[33.25761,-9.49631],[33.25752,-9.49619],[33.25741,-9.49606],[33.2574,-9.49605],[33.25737,-9.49583],[33.25737,-9.4958],[33.25739,-9.49563],[33.25739,-9.49561],[33.25737,-9.4956],[33.25721,-9.49554],[33.25719,-9.49552],[33.25717,-9.4955],[33.25717,-9.49547],[33.25716,-9.49502],[33.25716,-9.49498],[33.25715,-9.4949],[33.25713,-9.49483],[33.25713,-9.49476],[33.25716,-9.49447],[33.25717,-9.49441],[33.25718,-9.49439],[33.25721,-9.49432],[33.25721,-9.49429],[33.25724,-9.49414],[33.25726,-9.49403],[33.25728,-9.49399],[33.25732,-9.49393],[33.25737,-9.49386],[33.25755,-9.49363]]},"properties":{"id":686682052,"cls":"path","hw":"path","tg":"na","name":"","ref":"","surface":"","sc":"unknown","speed":null,"lit":"unk","km":0.334}},
{"type":"Feature","geometry":{"type":"LineString","coordinates":[[33.25724,-9.49809],[33.25723,-9.49797],[33.25724,-9.49784],[33.25724,-9.49781],[33.25723,-9.49777],[33.25723,-9.49767],[33.25723,-9.49756],[33.25721,-9.49753],[33.25717,-9.49751],[33.25701,-9.49739],[33.25702,-9.49733],[33.25704,-9.49707],[33.25702,-9.49699],[33.25701,-9.49688],[33.25704,-9.49676],[33.25712,-9.49659],[33.25715,-9.49657],[33.25737,-9.49649],[33.25741,-9.49646],[33.25757,-9.49632],[33.25759,-9.49631],[33.25761,-9.49631],[33.25769,-9.49639],[33.2577,-9.49641],[33.25771,-9.49644],[33.25774,-9.49657],[33.25774,-9.49659],[33.25776,-9.49662],[33.25786,-9.49679],[33.25789,-9.49684],[33.25792,-9.49688],[33.25801,-9.49699],[33.25819,-9.49727],[33.25827,-9.4973],[33.25842,-9.49752],[33.25843,-9.49755],[33.25843,-9.49759],[33.25841,-9.49776],[33.2584,-9.4978],[33.25833,-9.49797],[33.25833,-9.498],[33.25837,-9.49816]]},"properties":{"id":686682053,"cls":"path","hw":"path","tg":"na","name":"","ref":"","surface":"","sc":"unknown","speed":null,"lit":"unk","km":0.484}},
{"type":"Feature","geometry":{"type":"LineString","coordinates":[[33.25862,-9.49813],[33.25859,-9.49836],[33.25844,-9.49862],[33.25842,-9.4987],[33.2584,-9.4988],[33.25839,-9.49888],[33.25839,-9.49925],[33.25838,-9.4993],[33.25819,-9.49959],[33.25816,-9.49964],[33.2581,-9.4999],[33.25805,-9.49999],[33.25803,-9.50006],[33.25804,-9.50014],[33.25806,-9.50025],[33.25806,-9.50027],[33.25805,-9.50028],[33.25805,-9.5003],[33.25805,-9.5003],[33.2579,-9.5005],[33.25768,-9.50077],[33.2575,-9.50125],[33.25735,-9.50189],[33.25725,-9.50238],[33.25723,-9.50249],[33.25717,-9.50277],[33.25708,-9.50359],[33.25709,-9.5039],[33.2571,-9.50419],[33.25708,-9.50425],[33.25704,-9.50435],[33.25697,-9.50454],[33.25683,-9.50483],[33.25681,-9.50494],[33.2568,-9.50513],[33.25679,-9.50538],[33.25676,-9.50564],[33.25671,-9.50604],[33.25667,-9.50637],[33.25659,-9.50654],[33.25666,-9.50674],[33.25669,-9.50704],[33.25669,-9.50736],[33.25667,-9.50745],[33.25665,-9.50754],[33.2566,-9.50768],[33.25656,-9.50777]]},"properties":{"id":686682054,"cls":"unclassified","hw":"unclassified","tg":"na","name":"","ref":"","surface":"","sc":"unknown","speed":null,"lit":"unk","km":1.122}},
{"type":"Feature","geometry":{"type":"LineString","coordinates":[[33.24858,-9.49943],[33.2486,-9.49948],[33.24862,-9.49954],[33.24865,-9.49961],[33.24867,-9.49967],[33.24869,-9.49979],[33.24871,-9.49989],[33.24874,-9.49998],[33.24904,-9.50044]]},"properties":{"id":686685935,"cls":"unclassified","hw":"unclassified","tg":"na","name":"","ref":"","surface":"","sc":"unknown","speed":null,"lit":"unk","km":0.125}},
{"type":"Feature","geometry":{"type":"LineString","coordinates":[[33.29054,-9.49643],[33.29043,-9.49625],[33.29033,-9.4961],[33.29025,-9.49592],[33.29014,-9.49569],[33.2901,-9.49556],[33.29008,-9.49534],[33.28997,-9.49514],[33.28984,-9.495],[33.28973,-9.49486],[33.28968,-9.49476],[33.28963,-9.49448],[33.28956,-9.49423],[33.28936,-9.49362],[33.28917,-9.49353],[33.2891,-9.49342]]},"properties":{"id":686689576,"cls":"unclassified","hw":"unclassified","tg":"na","name":"","ref":"","surface":"unpaved","sc":"unpaved","speed":null,"lit":"unk","km":0.381}},
{"type":"Feature","geometry":{"type":"LineString","coordinates":[[33.26227,-9.49982],[33.26233,-9.49985]]},"properties":{"id":686693600,"cls":"tertiary","hw":"tertiary","tg":"na","name":"T301","ref":"T301","surface":"","sc":"unknown","speed":null,"lit":"unk","km":0.007}},
{"type":"Feature","geometry":{"type":"LineString","coordinates":[[33.00282,-9.38651],[33.00291,-9.38641],[33.00294,-9.38639],[33.00297,-9.38638],[33.003,-9.38638],[33.00307,-9.38642],[33.00314,-9.38643],[33.00322,-9.38645],[33.00324,-9.38646],[33.00327,-9.38645],[33.0033,-9.38644],[33.00333,-9.38644],[33.00336,-9.38644],[33.00339,-9.38645],[33.00343,-9.38645],[33.00346,-9.38644],[33.00349,-9.38644],[33.00352,-9.38643],[33.00373,-9.38644],[33.00382,-9.38644],[33.00384,-9.38644],[33.00387,-9.38644],[33.00388,-9.38645],[33.0039,-9.38646],[33.00393,-9.38646],[33.00408,-9.38645],[33.00418,-9.38644],[33.00434,-9.38643],[33.00442,-9.38643],[33.00445,-9.38643],[33.0045,-9.38642],[33.00458,-9.3864],[33.00468,-9.38637],[33.00476,-9.38635],[33.0049,-9.38632],[33.00502,-9.3863],[33.00504,-9.38629],[33.00507,-9.3863],[33.00514,-9.38632],[33.00521,-9.38634],[33.00526,-9.38636],[33.00537,-9.38638],[33.00563,-9.38639],[33.00571,-9.38639],[33.00574,-9.3864],[33.00576,-9.38639],[33.00578,-9.38638],[33.00585,-9.38635],[33.00587,-9.38634],[33.00589,-9.38633],[33.00591,-9.38633],[33.00591,-9.38632],[33.00593,-9.3863],[33.00595,-9.38629],[33.00601,-9.38625],[33.00616,-9.3862],[33.00623,-9.38617],[33.00621,-9.38614],[33.00633,-9.38608],[33.00636,-9.38607],[33.00645,-9.38603],[33.00652,-9.38596],[33.00662,-9.38589],[33.00668,-9.3858],[33.00681,-9.38554],[33.00693,-9.38526],[33.00703,-9.38499],[33.0073,-9.38476]]},"properties":{"id":686843043,"cls":"path","hw":"path","tg":"na","name":"","ref":"","surface":"","sc":"unknown","speed":null,"lit":"unk","km":0.601}},
{"type":"Feature","geometry":{"type":"LineString","coordinates":[[33.00936,-9.39615],[33.0093,-9.39628],[33.00926,-9.39633],[33.00922,-9.39655],[33.00922,-9.39672],[33.00922,-9.39676],[33.00922,-9.39679],[33.00923,-9.39681],[33.0093,-9.39692],[33.00941,-9.39702],[33.00956,-9.39713],[33.00968,-9.39723],[33.00971,-9.39725],[33.00975,-9.39725],[33.00978,-9.39727],[33.00991,-9.39737],[33.00995,-9.3974],[33.01001,-9.39744],[33.01005,-9.39747],[33.01006,-9.39749],[33.01004,-9.39752],[33.01003,-9.39755],[33.01005,-9.39759],[33.01008,-9.39762],[33.01011,-9.39765],[33.01012,-9.39767],[33.01015,-9.39773],[33.01017,-9.39778],[33.01018,-9.39781],[33.01019,-9.39784],[33.01022,-9.39793],[33.01028,-9.3981],[33.01029,-9.39813],[33.01032,-9.39816],[33.01034,-9.39817],[33.01034,-9.39818],[33.0104,-9.39824],[33.01042,-9.39828],[33.01045,-9.39828],[33.01048,-9.39829],[33.01051,-9.3983],[33.01055,-9.39835],[33.0106,-9.39845],[33.01059,-9.3985],[33.01061,-9.39853],[33.01063,-9.39857],[33.01064,-9.39861],[33.01065,-9.39864],[33.01068,-9.39868],[33.01068,-9.3987],[33.01069,-9.39871],[33.01068,-9.39874],[33.01068,-9.39878],[33.01066,-9.39883],[33.01064,-9.39885],[33.01062,-9.39888],[33.01061,-9.3989],[33.01061,-9.39893],[33.0106,-9.39896],[33.01058,-9.399],[33.01058,-9.39904],[33.0106,-9.3991],[33.01058,-9.39914],[33.01056,-9.39917],[33.01054,-9.39919],[33.01053,-9.39922],[33.01054,-9.39929],[33.01058,-9.39937],[33.01061,-9.39942],[33.01061,-9.39946],[33.0106,-9.39949],[33.01059,-9.39955],[33.01059,-9.39964],[33.01057,-9.39967],[33.01056,-9.39969],[33.01051,-9.39974],[33.01044,-9.39981],[33.01039,-9.39985],[33.01035,-9.39987],[33.01028,-9.39992],[33.0102,-9.39997],[33.01015,-9.4],[33.01014,-9.40001],[33.01011,-9.40003]]},"properties":{"id":686843045,"cls":"path","hw":"path","tg":"na","name":"","ref":"","surface":"","sc":"unknown","speed":null,"lit":"unk","km":0.541}},
{"type":"Feature","geometry":{"type":"LineString","coordinates":[[33.04861,-9.42712],[33.04875,-9.42728]]},"properties":{"id":688433029,"cls":"tertiary","hw":"tertiary","tg":"na","name":"","ref":"M9","surface":"unpaved","sc":"unpaved","speed":null,"lit":"unk","km":0.024}},
{"type":"Feature","geometry":{"type":"LineString","coordinates":[[33.04056,-9.42261],[33.04087,-9.42283],[33.0412,-9.42305],[33.04138,-9.42315],[33.0415,-9.42321],[33.04175,-9.42329],[33.042,-9.42335],[33.04217,-9.42339],[33.04242,-9.42341],[33.04277,-9.42343],[33.04302,-9.42347],[33.04318,-9.42351],[33.04327,-9.42352],[33.04355,-9.4236],[33.04387,-9.4237],[33.0441,-9.42379],[33.04434,-9.42392],[33.04473,-9.42416],[33.04543,-9.42465],[33.04704,-9.4259],[33.04761,-9.42634],[33.04843,-9.42697],[33.04861,-9.42712]]},"properties":{"id":688433030,"cls":"tertiary","hw":"tertiary","tg":"na","name":"","ref":"M9","surface":"unpaved","sc":"unpaved","speed":null,"lit":"unk","km":1.036}},
{"type":"Feature","geometry":{"type":"LineString","coordinates":[[33.0259,-9.45435],[33.0259,-9.45424],[33.02588,-9.45336],[33.02585,-9.45304],[33.02573,-9.45247],[33.02571,-9.4524]]},"properties":{"id":688445341,"cls":"unclassified","hw":"unclassified","tg":"na","name":"","ref":"","surface":"unpaved","sc":"unpaved","speed":null,"lit":"unk","km":0.219}},
{"type":"Feature","geometry":{"type":"LineString","coordinates":[[33.00875,-9.4673],[33.0082,-9.46702],[33.00813,-9.46692],[33.00802,-9.46688],[33.00791,-9.46673],[33.00788,-9.46669],[33.00781,-9.46661],[33.00758,-9.46635],[33.00725,-9.46601],[33.00716,-9.46592],[33.007,-9.46578],[33.00686,-9.46567],[33.00678,-9.46561],[33.00673,-9.46559],[33.00671,-9.4656],[33.00661,-9.46563],[33.00657,-9.46563],[33.00653,-9.46562],[33.00647,-9.46557],[33.00587,-9.46511],[33.00519,-9.46455],[33.00488,-9.46433],[33.00469,-9.46414],[33.00447,-9.46399],[33.00399,-9.4637],[33.00352,-9.46341],[33.00305,-9.46312],[33.00277,-9.46292],[33.00226,-9.46258],[33.00216,-9.46253],[33.00203,-9.46245],[33.00195,-9.4624],[33.00186,-9.46232],[33.00178,-9.46225],[33.00163,-9.46216],[33.00088,-9.46176],[33.00067,-9.46164],[33.00048,-9.46152],[33.00033,-9.46141],[33.00015,-9.46127],[32.99982,-9.461],[32.99899,-9.46015]]},"properties":{"id":688457229,"cls":"unclassified","hw":"unclassified","tg":"na","name":"","ref":"","surface":"","sc":"unknown","speed":null,"lit":"unk","km":1.351}},
{"type":"Feature","geometry":{"type":"LineString","coordinates":[[33.01019,-9.46526],[33.01025,-9.46561],[33.01026,-9.46583],[33.01027,-9.46595],[33.01031,-9.46635],[33.01031,-9.46651],[33.01031,-9.46722],[33.01031,-9.46734],[33.01032,-9.46749],[33.01035,-9.46763],[33.01043,-9.46813],[33.01045,-9.46827],[33.01046,-9.46836],[33.01047,-9.46874],[33.01048,-9.46885],[33.0105,-9.46899],[33.01056,-9.46941],[33.01058,-9.46951],[33.01062,-9.46961],[33.01082,-9.47009],[33.01084,-9.47013],[33.01085,-9.47018],[33.01084,-9.47021],[33.01081,-9.47038],[33.0108,-9.47041],[33.01081,-9.47051],[33.01086,-9.47118],[33.01089,-9.47141],[33.01093,-9.47218],[33.01098,-9.47263],[33.01099,-9.47282],[33.01103,-9.47302],[33.01106,-9.47313],[33.01113,-9.47323],[33.01123,-9.47337],[33.01132,-9.47356],[33.01151,-9.47385],[33.01171,-9.47413],[33.01175,-9.47427],[33.01179,-9.47436],[33.01179,-9.47444],[33.01185,-9.47458],[33.01186,-9.47464],[33.01187,-9.47472],[33.01197,-9.47499],[33.01206,-9.4752],[33.01208,-9.47532],[33.0121,-9.47535],[33.01221,-9.47551],[33.01226,-9.47562],[33.01234,-9.47577],[33.0128,-9.47677],[33.01293,-9.47706],[33.01294,-9.47709],[33.01334,-9.4779],[33.01378,-9.47883],[33.01408,-9.47943],[33.01423,-9.47985],[33.01446,-9.4802],[33.01452,-9.4803],[33.0147,-9.48064],[33.01486,-9.48096],[33.01492,-9.48108],[33.01516,-9.48153],[33.01527,-9.48171],[33.01552,-9.48217],[33.01563,-9.48235],[33.01574,-9.48251],[33.01593,-9.48285],[33.01611,-9.48323],[33.01626,-9.48345],[33.01632,-9.48356],[33.01637,-9.48366],[33.01646,-9.48374]]},"properties":{"id":688457230,"cls":"unclassified","hw":"unclassified","tg":"na","name":"","ref":"","surface":"","sc":"unknown","speed":null,"lit":"unk","km":2.213}},
{"type":"Feature","geometry":{"type":"LineString","coordinates":[[33.0051,-9.47159],[33.00498,-9.47177],[33.00489,-9.47186],[33.00483,-9.47196],[33.00477,-9.47205],[33.00472,-9.47215],[33.00467,-9.47223],[33.00464,-9.4723],[33.00457,-9.47246],[33.00456,-9.47252],[33.00455,-9.47258],[33.00456,-9.47271],[33.00458,-9.4728],[33.0046,-9.47294],[33.0046,-9.47306],[33.00459,-9.47315],[33.00458,-9.47324],[33.00447,-9.47353],[33.00443,-9.47381],[33.00415,-9.47463],[33.00398,-9.47548],[33.00378,-9.47641],[33.00373,-9.47656],[33.00369,-9.47681],[33.00367,-9.47703],[33.00362,-9.47766],[33.00353,-9.47879],[33.00349,-9.47913],[33.00349,-9.47923],[33.00347,-9.4798],[33.00344,-9.47995],[33.00342,-9.48007],[33.00326,-9.48059],[33.00323,-9.48071],[33.00322,-9.48082],[33.0032,-9.48102],[33.00318,-9.48109],[33.00301,-9.48193],[33.00295,-9.48215],[33.00291,-9.48228],[33.00278,-9.48268],[33.00275,-9.48278],[33.00266,-9.48291],[33.0025,-9.48318],[33.00216,-9.48366],[33.00156,-9.48431],[33.00142,-9.48449],[33.00128,-9.48457],[33.00049,-9.48502],[32.9995,-9.48537],[32.99909,-9.4855]]},"properties":{"id":688457232,"cls":"unclassified","hw":"unclassified","tg":"na","name":"","ref":"","surface":"","sc":"unknown","speed":null,"lit":"unk","km":1.806}},
{"type":"Feature","geometry":{"type":"LineString","coordinates":[[33.06873,-9.44211],[33.06839,-9.44237],[33.0682,-9.44256],[33.06768,-9.44319]]},"properties":{"id":688464591,"cls":"residential","hw":"residential","tg":"na","name":"","ref":"","surface":"","sc":"unknown","speed":null,"lit":"unk","km":0.167}},
{"type":"Feature","geometry":{"type":"LineString","coordinates":[[33.02056,-9.45668],[33.02057,-9.4566],[33.02078,-9.45636],[33.02117,-9.45601],[33.02143,-9.45583],[33.0217,-9.45558],[33.02173,-9.45555],[33.02188,-9.45545],[33.02206,-9.45531],[33.02212,-9.45524],[33.02218,-9.45513],[33.02221,-9.45503],[33.02226,-9.4549],[33.0224,-9.45452],[33.02249,-9.45436],[33.02261,-9.45417],[33.02272,-9.45401],[33.02279,-9.45395],[33.02286,-9.45394],[33.02296,-9.4539],[33.02305,-9.45383],[33.02322,-9.45367],[33.02326,-9.4536],[33.02333,-9.45347],[33.02338,-9.45339],[33.02345,-9.4533],[33.0236,-9.45315],[33.02367,-9.4531],[33.02382,-9.45299],[33.02412,-9.45274],[33.02434,-9.45255],[33.0245,-9.45238],[33.02457,-9.45227],[33.0246,-9.45212]]},"properties":{"id":688464592,"cls":"unclassified","hw":"unclassified","tg":"na","name":"","ref":"","surface":"","sc":"unknown","speed":null,"lit":"unk","km":0.692}},
{"type":"Feature","geometry":{"type":"LineString","coordinates":[[33.02625,-9.40866],[33.02605,-9.40852],[33.02598,-9.40849],[33.0258,-9.40846],[33.02569,-9.40845],[33.02563,-9.40846],[33.0242,-9.4088],[33.02405,-9.40882],[33.02358,-9.40885],[33.02349,-9.40886],[33.02333,-9.40893],[33.02317,-9.40897],[33.02304,-9.40902],[33.02292,-9.40906],[33.02276,-9.40909],[33.02174,-9.40926],[33.02144,-9.40925],[33.0207,-9.40925]]},"properties":{"id":688464593,"cls":"unclassified","hw":"unclassified","tg":"na","name":"","ref":"","surface":"","sc":"unknown","speed":null,"lit":"unk","km":0.626}},
{"type":"Feature","geometry":{"type":"LineString","coordinates":[[33.02094,-9.44865],[33.02091,-9.44873],[33.02091,-9.44886],[33.02098,-9.44892],[33.02098,-9.44899],[33.02109,-9.4492],[33.02117,-9.44937],[33.02121,-9.44945],[33.02121,-9.44975],[33.02117,-9.45005],[33.02059,-9.44988],[33.0204,-9.44984],[33.02034,-9.44982],[33.02,-9.44966],[33.01983,-9.4496],[33.01968,-9.44956],[33.01958,-9.44954],[33.01943,-9.44949],[33.01932,-9.44946],[33.01911,-9.44941],[33.01896,-9.44937],[33.01848,-9.44931],[33.01813,-9.44924],[33.01778,-9.44914],[33.01768,-9.44911],[33.01744,-9.44907],[33.01718,-9.449],[33.01698,-9.44897],[33.01638,-9.44891],[33.01555,-9.44893],[33.01542,-9.44895],[33.01524,-9.44896],[33.01499,-9.44895],[33.01441,-9.44896],[33.01429,-9.44896],[33.01405,-9.44894],[33.01384,-9.44891],[33.01361,-9.44887],[33.01344,-9.44887],[33.0125,-9.4488],[33.01242,-9.44883],[33.01224,-9.4488],[33.01222,-9.44877],[33.01204,-9.44878],[33.01195,-9.44876],[33.01187,-9.44873],[33.01116,-9.44835],[33.01108,-9.44829],[33.01083,-9.44813],[33.01078,-9.44808],[33.01074,-9.44803],[33.01062,-9.44782],[33.01057,-9.44776],[33.01048,-9.44771],[33.0096,-9.44706],[33.00933,-9.44689],[33.0091,-9.44673],[33.00907,-9.4467],[33.00882,-9.44651],[33.00874,-9.44646],[33.00861,-9.44637],[33.00849,-9.44625],[33.00837,-9.4462],[33.00829,-9.44618],[33.00818,-9.4462],[33.00809,-9.44618],[33.00797,-9.44617],[33.00793,-9.44615],[33.00775,-9.44608],[33.0072,-9.44586],[33.00699,-9.44579],[33.00685,-9.44573],[33.00664,-9.44564],[33.00653,-9.44562],[33.0064,-9.44557],[33.00594,-9.44541],[33.00583,-9.44537],[33.0057,-9.44534],[33.00557,-9.44526],[33.00524,-9.4452],[33.00501,-9.44511],[33.00486,-9.44504],[33.00479,-9.44499],[33.00475,-9.44494],[33.00458,-9.44485],[33.00452,-9.44481],[33.00433,-9.44475],[33.0036,-9.44452],[33.00354,-9.44449],[33.00344,-9.44444],[33.00341,-9.44442],[33.0032,-9.44432],[33.00302,-9.4442],[33.00239,-9.44382],[33.00222,-9.44369],[33.00189,-9.44345],[33.00162,-9.44326],[33.00143,-9.44318],[33.00128,-9.44315],[33.00109,-9.44314],[33.00094,-9.44314],[33.00081,-9.44315],[33.00066,-9.44312],[33.00053,-9.44305],[33.00008,-9.44293],[32.99988,-9.44287],[32.99975,-9.44286],[32.99958,-9.44284],[32.99941,-9.4428],[32.99931,-9.44277]]},"properties":{"id":688466201,"cls":"path","hw":"path","tg":"na","name":"","ref":"","surface":"","sc":"unknown","speed":null,"lit":"unk","km":2.771}},
{"type":"Feature","geometry":{"type":"LineString","coordinates":[[33.26233,-9.49985],[33.26236,-9.49989],[33.26249,-9.50004],[33.26275,-9.50034],[33.26286,-9.50045],[33.263,-9.50057],[33.26314,-9.50067],[33.26336,-9.50074],[33.26376,-9.50089],[33.26418,-9.50097],[33.26456,-9.50102],[33.26463,-9.50103],[33.2647,-9.50099],[33.26555,-9.50118],[33.26626,-9.5013],[33.26664,-9.50135],[33.26716,-9.50151],[33.26741,-9.50155],[33.26766,-9.50158],[33.26781,-9.5016],[33.26793,-9.50162],[33.26818,-9.50166],[33.2686,-9.50173],[33.26876,-9.50176],[33.26894,-9.50181],[33.26924,-9.50192],[33.26972,-9.50214],[33.27018,-9.50234],[33.27056,-9.50247],[33.27069,-9.5025],[33.27087,-9.50253],[33.27156,-9.5025],[33.27264,-9.50242],[33.27271,-9.50239],[33.27283,-9.50237],[33.27293,-9.50234],[33.27309,-9.50227],[33.27323,-9.5022],[33.27374,-9.50194],[33.27397,-9.50181],[33.27421,-9.50177],[33.27449,-9.50167],[33.27466,-9.50163],[33.27503,-9.50158],[33.27551,-9.50156],[33.27571,-9.50156],[33.2762,-9.50161],[33.27691,-9.50165],[33.27714,-9.50169],[33.27748,-9.50177],[33.27808,-9.50195],[33.27862,-9.50216],[33.27874,-9.50222],[33.27902,-9.50234],[33.2793,-9.5025],[33.27987,-9.50285],[33.28011,-9.50296],[33.28033,-9.50305],[33.28052,-9.50309],[33.28089,-9.50317],[33.28112,-9.50321],[33.28148,-9.50327],[33.28208,-9.50338],[33.2825,-9.50346],[33.28281,-9.50352],[33.28303,-9.50357],[33.2832,-9.5036],[33.28344,-9.50367],[33.28405,-9.50381],[33.28416,-9.50381],[33.28429,-9.50378],[33.28449,-9.50369],[33.28499,-9.5034],[33.28549,-9.50306],[33.28567,-9.50297],[33.28597,-9.50278],[33.28615,-9.50268],[33.28625,-9.50261],[33.28664,-9.50236],[33.28689,-9.50219],[33.28709,-9.50209],[33.28722,-9.50205],[33.28741,-9.502],[33.28776,-9.50195],[33.28817,-9.50189],[33.28853,-9.50172],[33.2886,-9.5017],[33.28872,-9.50166]]},"properties":{"id":689657381,"cls":"tertiary","hw":"tertiary","tg":"na","name":"T301","ref":"T301","surface":"","sc":"unknown","speed":null,"lit":"unk","km":3.089}},
{"type":"Feature","geometry":{"type":"LineString","coordinates":[[33.04875,-9.42728],[33.04927,-9.42764],[33.04942,-9.42775],[33.05013,-9.42825],[33.05036,-9.42842],[33.05052,-9.42854],[33.05112,-9.42899],[33.05155,-9.42929],[33.05194,-9.42961],[33.0522,-9.42981],[33.05239,-9.42997],[33.05262,-9.43016],[33.05375,-9.43108],[33.05442,-9.43167],[33.05462,-9.43185],[33.0548,-9.43201],[33.0552,-9.43233],[33.05561,-9.43266],[33.05572,-9.43274],[33.05577,-9.43278],[33.05604,-9.433],[33.05612,-9.43306],[33.05648,-9.43336],[33.05764,-9.43432],[33.05803,-9.43464],[33.05806,-9.43467],[33.05895,-9.43541],[33.05906,-9.43547],[33.05931,-9.4356],[33.05997,-9.43597],[33.06146,-9.43678],[33.06222,-9.4372],[33.06274,-9.43749],[33.06292,-9.43762],[33.06351,-9.4381],[33.06388,-9.43843],[33.06429,-9.43875],[33.06442,-9.43886],[33.06498,-9.43936],[33.06563,-9.43994],[33.06573,-9.43999],[33.06584,-9.44],[33.06596,-9.44001],[33.0662,-9.44002],[33.0663,-9.44004],[33.06644,-9.44014],[33.06689,-9.44046],[33.06751,-9.441],[33.06767,-9.44114],[33.06786,-9.44131],[33.06873,-9.44211],[33.06926,-9.44256],[33.06928,-9.44258],[33.0695,-9.44274],[33.06981,-9.44295],[33.06997,-9.44304],[33.0702,-9.44317],[33.07037,-9.44327],[33.07053,-9.44336],[33.07097,-9.4436],[33.07196,-9.44418],[33.072,-9.44421],[33.07265,-9.44457],[33.07308,-9.44481],[33.074,-9.44524],[33.0753,-9.44584],[33.07539,-9.44588],[33.07632,-9.44632],[33.07658,-9.44647],[33.07684,-9.44666],[33.07714,-9.44692],[33.0774,-9.44715],[33.07796,-9.44759],[33.07913,-9.44852],[33.07948,-9.44877],[33.08002,-9.44911],[33.08074,-9.44955],[33.08103,-9.44973],[33.08195,-9.45052],[33.0827,-9.45119],[33.08349,-9.45186],[33.08414,-9.45242],[33.08424,-9.45249],[33.08452,-9.45273],[33.08484,-9.45296],[33.08529,-9.45332],[33.0856,-9.45359],[33.08612,-9.45401],[33.08652,-9.45433],[33.08708,-9.45477],[33.08752,-9.45513],[33.08765,-9.45521],[33.08778,-9.45535],[33.08832,-9.45556],[33.08849,-9.45562],[33.08884,-9.45576],[33.08887,-9.45577],[33.08927,-9.45589],[33.09003,-9.45623],[33.09039,-9.45639],[33.09097,-9.45663],[33.0926,-9.4573],[33.09318,-9.45752],[33.09402,-9.45787],[33.09446,-9.45808],[33.09499,-9.45834],[33.09529,-9.4585],[33.09542,-9.45858],[33.09557,-9.4587],[33.09577,-9.45887],[33.09594,-9.45903],[33.09682,-9.45978],[33.0976,-9.46041],[33.09821,-9.46086],[33.09857,-9.46112],[33.09928,-9.46169],[33.0994,-9.46182],[33.09951,-9.46198],[33.09975,-9.46241],[33.09983,-9.46256],[33.10014,-9.46308],[33.10015,-9.4631],[33.10041,-9.46357],[33.10044,-9.46363],[33.10103,-9.46514],[33.10112,-9.46534],[33.10122,-9.46548],[33.10136,-9.46564],[33.10176,-9.46599],[33.10237,-9.46655],[33.1026,-9.46676],[33.10266,-9.46681],[33.10273,-9.46688],[33.10318,-9.46728],[33.10327,-9.46738],[33.10378,-9.46785],[33.10398,-9.46804],[33.10404,-9.4681],[33.1041,-9.46816],[33.10504,-9.46947],[33.10591,-9.47054],[33.10621,-9.47105]]},"properties":{"id":690270518,"cls":"tertiary","hw":"tertiary","tg":"na","name":"","ref":"M9","surface":"unpaved","sc":"unpaved","speed":null,"lit":"unk","km":8.096}},
{"type":"Feature","geometry":{"type":"LineString","coordinates":[[33.02269,-9.44892],[33.02263,-9.44894],[33.02259,-9.44897],[33.02247,-9.44905],[33.02242,-9.44911],[33.02237,-9.44915],[33.02222,-9.44929],[33.02211,-9.44944],[33.02199,-9.44957],[33.02178,-9.44968],[33.02159,-9.44973],[33.02136,-9.44977],[33.02121,-9.44975],[33.02096,-9.44981]]},"properties":{"id":690458193,"cls":"path","hw":"path","tg":"na","name":"","ref":"","surface":"","sc":"unknown","speed":null,"lit":"unk","km":0.225}},
{"type":"Feature","geometry":{"type":"LineString","coordinates":[[33.01004,-9.37843],[33.01026,-9.37836],[33.01045,-9.37828],[33.01055,-9.37824],[33.01087,-9.37814],[33.01118,-9.37808],[33.01154,-9.37808],[33.01183,-9.37809],[33.01198,-9.37805],[33.01211,-9.37801],[33.0123,-9.37801],[33.0125,-9.37806],[33.01296,-9.37806],[33.01334,-9.37787],[33.01358,-9.3778],[33.01374,-9.37778],[33.01414,-9.37743],[33.01484,-9.37743],[33.01527,-9.37749],[33.01566,-9.37777],[33.01667,-9.37734],[33.01719,-9.37744],[33.0175,-9.37762],[33.01817,-9.37779],[33.01858,-9.3777],[33.01881,-9.37771],[33.01919,-9.37764],[33.01951,-9.37754],[33.01962,-9.37746],[33.01977,-9.37743],[33.02007,-9.37757],[33.02032,-9.37773],[33.02045,-9.37777]]},"properties":{"id":693567235,"cls":"unclassified","hw":"unclassified","tg":"na","name":"","ref":"","surface":"","sc":"unknown","speed":null,"lit":"unk","km":1.217}},
{"type":"Feature","geometry":{"type":"LineString","coordinates":[[33.00793,-9.38464],[33.00824,-9.38485],[33.00884,-9.38495],[33.00949,-9.38501],[33.01,-9.38533],[33.01069,-9.38633],[33.01104,-9.38686],[33.01182,-9.38716],[33.01218,-9.38759],[33.01253,-9.3877],[33.01286,-9.38761],[33.01325,-9.38762],[33.01364,-9.38784],[33.01403,-9.38795],[33.0146,-9.38815],[33.01493,-9.38837],[33.01529,-9.38847],[33.0158,-9.38854],[33.01608,-9.38863],[33.01632,-9.38885],[33.01612,-9.38889],[33.01605,-9.38904],[33.01675,-9.3891],[33.01698,-9.38895],[33.01753,-9.38875],[33.01763,-9.38878],[33.01772,-9.38868],[33.01841,-9.38847],[33.01886,-9.38784],[33.01884,-9.3875]]},"properties":{"id":693567237,"cls":"path","hw":"path","tg":"na","name":"","ref":"","surface":"","sc":"unknown","speed":null,"lit":"unk","km":1.536}},
{"type":"Feature","geometry":{"type":"LineString","coordinates":[[33.0045,-9.38323],[33.00484,-9.38322],[33.0052,-9.38321],[33.00543,-9.38329],[33.00636,-9.38297],[33.00682,-9.38286],[33.00695,-9.38273],[33.00699,-9.38269],[33.00704,-9.38212],[33.00802,-9.38136],[33.0083,-9.38138],[33.00843,-9.38136],[33.00855,-9.38134],[33.00861,-9.38136],[33.00869,-9.38135],[33.00885,-9.38132]]},"properties":{"id":693567239,"cls":"unclassified","hw":"unclassified","tg":"na","name":"","ref":"","surface":"","sc":"unknown","speed":null,"lit":"unk","km":0.583}},
{"type":"Feature","geometry":{"type":"LineString","coordinates":[[33.01005,-9.39597],[33.01042,-9.39646],[33.01062,-9.39653],[33.01131,-9.39707],[33.01173,-9.39745],[33.01189,-9.39758],[33.01207,-9.3978],[33.01229,-9.39798],[33.0128,-9.39826],[33.013,-9.3984],[33.01311,-9.39863],[33.01323,-9.39877],[33.01345,-9.39891],[33.01353,-9.39896],[33.01378,-9.39897],[33.01396,-9.39902],[33.01409,-9.39907],[33.01419,-9.39904],[33.01425,-9.39914],[33.01449,-9.39907],[33.01463,-9.39897]]},"properties":{"id":693567242,"cls":"path","hw":"path","tg":"na","name":"","ref":"","surface":"","sc":"unknown","speed":null,"lit":"unk","km":0.649}},
{"type":"Feature","geometry":{"type":"LineString","coordinates":[[33.01011,-9.40003],[33.01011,-9.40032],[33.00974,-9.40048],[33.00968,-9.40055],[33.00967,-9.40069],[33.00966,-9.40081],[33.00938,-9.40111],[33.00922,-9.40121],[33.00886,-9.40146],[33.00865,-9.40164]]},"properties":{"id":693567243,"cls":"path","hw":"path","tg":"na","name":"","ref":"","surface":"","sc":"unknown","speed":null,"lit":"unk","km":0.261}},
{"type":"Feature","geometry":{"type":"LineString","coordinates":[[33.00746,-9.40004],[33.00769,-9.40027],[33.00778,-9.40048],[33.00781,-9.40056],[33.00781,-9.40065],[33.00787,-9.40079],[33.00797,-9.4008],[33.00822,-9.40102],[33.00827,-9.40115],[33.00836,-9.40135],[33.00856,-9.40155],[33.00865,-9.40164],[33.00876,-9.40191],[33.00898,-9.40205],[33.0091,-9.4022],[33.00924,-9.40234],[33.00955,-9.40248],[33.00969,-9.40258],[33.00987,-9.40263],[33.00999,-9.40276],[33.01016,-9.40285],[33.01045,-9.40293],[33.0108,-9.40325],[33.01098,-9.40338],[33.01127,-9.40367],[33.01182,-9.40435],[33.01196,-9.40452],[33.01215,-9.40479],[33.01237,-9.40511],[33.01248,-9.40529],[33.01272,-9.40582]]},"properties":{"id":693567244,"cls":"path","hw":"path","tg":"na","name":"","ref":"","surface":"","sc":"unknown","speed":null,"lit":"unk","km":0.896}},
{"type":"Feature","geometry":{"type":"LineString","coordinates":[[33.01852,-9.4051],[33.01869,-9.40494],[33.01888,-9.40482],[33.01933,-9.40463],[33.02002,-9.40436],[33.02046,-9.4042],[33.02088,-9.40408],[33.02126,-9.40393],[33.02139,-9.40386],[33.02147,-9.4038],[33.02158,-9.40368],[33.02194,-9.40321]]},"properties":{"id":693567245,"cls":"residential","hw":"residential","tg":"na","name":"","ref":"","surface":"","sc":"unknown","speed":null,"lit":"unk","km":0.441}},
{"type":"Feature","geometry":{"type":"LineString","coordinates":[[33.01248,-9.40529],[33.01275,-9.40517],[33.01297,-9.40506],[33.01319,-9.40493],[33.01327,-9.40487],[33.01348,-9.40485],[33.01373,-9.40475],[33.01399,-9.40468],[33.01443,-9.40469],[33.01454,-9.40468],[33.01463,-9.40464],[33.01479,-9.40447],[33.01509,-9.4041],[33.0155,-9.40349],[33.01575,-9.40333],[33.01599,-9.40299],[33.01636,-9.40253],[33.01643,-9.40257],[33.01656,-9.40242],[33.01668,-9.40248],[33.01696,-9.40243],[33.01728,-9.40228],[33.01739,-9.40237],[33.01757,-9.40216],[33.01774,-9.40215],[33.01785,-9.40204],[33.01806,-9.40192],[33.0182,-9.40194],[33.01842,-9.40218],[33.01857,-9.40205],[33.0186,-9.40192],[33.01893,-9.4017],[33.01929,-9.4015],[33.01958,-9.40156],[33.0198,-9.40146],[33.01999,-9.40134],[33.02014,-9.40132],[33.02041,-9.40106],[33.02052,-9.40093],[33.02068,-9.4008]]},"properties":{"id":693567246,"cls":"path","hw":"path","tg":"na","name":"","ref":"","surface":"","sc":"unknown","speed":null,"lit":"unk","km":1.141}},
{"type":"Feature","geometry":{"type":"LineString","coordinates":[[33.01425,-9.39914],[33.0142,-9.39931],[33.01419,-9.39958],[33.01412,-9.39965],[33.01396,-9.39968],[33.0138,-9.39989],[33.01352,-9.40054],[33.0132,-9.40105],[33.01316,-9.40125]]},"properties":{"id":693567248,"cls":"path","hw":"path","tg":"na","name":"","ref":"","surface":"","sc":"unknown","speed":null,"lit":"unk","km":0.276}},
{"type":"Feature","geometry":{"type":"LineString","coordinates":[[33.02275,-9.38609],[33.02238,-9.38623],[33.02225,-9.38612],[33.02204,-9.38617],[33.02142,-9.38647],[33.02125,-9.3865],[33.0209,-9.38663],[33.02052,-9.38664],[33.02026,-9.38668],[33.02011,-9.38679],[33.01974,-9.3869],[33.01946,-9.38705],[33.01923,-9.38719],[33.01903,-9.38735],[33.01884,-9.3875],[33.01859,-9.38734],[33.0185,-9.38717],[33.01827,-9.38716],[33.01818,-9.38716],[33.01805,-9.38721],[33.01765,-9.38772],[33.01753,-9.38799],[33.01761,-9.38832],[33.01764,-9.38842],[33.01767,-9.3886],[33.01772,-9.38868],[33.0178,-9.38881],[33.01789,-9.38896],[33.01789,-9.38926],[33.01795,-9.38936],[33.01797,-9.38947],[33.01789,-9.38956],[33.01781,-9.38997],[33.0178,-9.39004],[33.0178,-9.39016],[33.01748,-9.39063],[33.01754,-9.39083],[33.01749,-9.39089],[33.01728,-9.39113],[33.01705,-9.39159],[33.01689,-9.39242],[33.01663,-9.39291],[33.01638,-9.3937],[33.0162,-9.39388],[33.01616,-9.39407],[33.01605,-9.39421],[33.016,-9.3944],[33.01606,-9.39463],[33.01593,-9.39482],[33.01591,-9.39499],[33.01599,-9.39545],[33.01621,-9.39582],[33.01624,-9.39591],[33.01624,-9.39596],[33.01625,-9.39604],[33.0163,-9.39636],[33.01639,-9.39663],[33.01633,-9.39682]]},"properties":{"id":693567249,"cls":"path","hw":"path","tg":"na","name":"","ref":"","surface":"","sc":"unknown","speed":null,"lit":"unk","km":1.751}},
{"type":"Feature","geometry":{"type":"LineString","coordinates":[[33.00865,-9.39237],[33.00915,-9.39219],[33.00953,-9.3918],[33.00999,-9.39161],[33.01083,-9.39135],[33.0114,-9.39103],[33.01159,-9.39113],[33.01191,-9.39124],[33.01225,-9.39121],[33.01235,-9.39119],[33.0128,-9.39109],[33.01433,-9.39036],[33.01456,-9.39015],[33.01491,-9.38997],[33.01513,-9.38991],[33.01525,-9.38978],[33.01579,-9.3896],[33.01605,-9.38904]]},"properties":{"id":693567250,"cls":"path","hw":"path","tg":"na","name":"","ref":"","surface":"","sc":"unknown","speed":null,"lit":"unk","km":0.942}},
{"type":"Feature","geometry":{"type":"LineString","coordinates":[[33.00009,-9.3833],[33.00027,-9.38319],[33.00039,-9.38327],[33.00095,-9.38328],[33.00189,-9.38323],[33.00207,-9.38296],[33.00258,-9.38271],[33.00296,-9.38255],[33.00311,-9.38252],[33.00328,-9.38253],[33.0034,-9.38254],[33.00354,-9.38254],[33.00369,-9.38254],[33.00381,-9.38248],[33.00392,-9.38248],[33.00401,-9.38245],[33.00417,-9.38245],[33.00435,-9.38249],[33.00445,-9.38255],[33.00451,-9.38258],[33.00454,-9.38261],[33.00457,-9.38264],[33.00465,-9.3827],[33.00474,-9.38275],[33.00478,-9.38278],[33.00478,-9.38278]]},"properties":{"id":730717429,"cls":"unclassified","hw":"unclassified","tg":"na","name":"","ref":"","surface":"","sc":"unknown","speed":null,"lit":"unk","km":0.561}},
{"type":"Feature","geometry":{"type":"LineString","coordinates":[[33.0013,-9.38483],[33.00119,-9.38507],[33.00112,-9.38531],[33.001,-9.38547],[33.00102,-9.38557],[33.00101,-9.3858],[33.00095,-9.38605],[33.00094,-9.38612],[33.00089,-9.38613]]},"properties":{"id":730717430,"cls":"path","hw":"path","tg":"na","name":"","ref":"","surface":"","sc":"unknown","speed":null,"lit":"unk","km":0.158}},
{"type":"Feature","geometry":{"type":"LineString","coordinates":[[33.00299,-9.39497],[33.00253,-9.39524],[33.00197,-9.39545],[33.00179,-9.39557],[33.00158,-9.39561],[33.00137,-9.39565],[33.00131,-9.39572],[33.00101,-9.39584],[33.00094,-9.39586],[33.00076,-9.39583],[33.00062,-9.39578],[33.00051,-9.39562],[33.00048,-9.39537],[33.00047,-9.39511],[33.00047,-9.39484],[33.00039,-9.3946],[33.00019,-9.3943],[33.00002,-9.39399],[32.99979,-9.39372],[32.99954,-9.39352],[32.99929,-9.39338],[32.99901,-9.39325],[32.99885,-9.39317],[32.99864,-9.39314],[32.99846,-9.39317],[32.99828,-9.39324],[32.99815,-9.39329],[32.99791,-9.39337],[32.99774,-9.39337],[32.99737,-9.39332],[32.99719,-9.39321],[32.99675,-9.39325],[32.99665,-9.39316],[32.99648,-9.39277],[32.99622,-9.39237]]},"properties":{"id":730771511,"cls":"unclassified","hw":"unclassified","tg":"na","name":"","ref":"","surface":"","sc":"unknown","speed":null,"lit":"unk","km":1.014}},
{"type":"Feature","geometry":{"type":"LineString","coordinates":[[33.01222,-9.3954],[33.01223,-9.39549],[33.01236,-9.39565],[33.01244,-9.39577],[33.01249,-9.39589],[33.01259,-9.39607],[33.01272,-9.39617],[33.01284,-9.39627],[33.01285,-9.39644],[33.01295,-9.39654],[33.01311,-9.39671],[33.01321,-9.3968],[33.0133,-9.39688],[33.01349,-9.39701],[33.01347,-9.39709],[33.01348,-9.39715],[33.01352,-9.39722],[33.01358,-9.39728],[33.01364,-9.39733],[33.01364,-9.39738],[33.01367,-9.39741],[33.01372,-9.39749],[33.0138,-9.39761],[33.01385,-9.39772],[33.01414,-9.39818],[33.01417,-9.39831],[33.01423,-9.39843],[33.01428,-9.39852],[33.01431,-9.39861],[33.01437,-9.39871],[33.01447,-9.39881],[33.01419,-9.39904]]},"properties":{"id":736225002,"cls":"path","hw":"path","tg":"na","name":"","ref":"","surface":"","sc":"unknown","speed":null,"lit":"unk","km":0.509}},
{"type":"Feature","geometry":{"type":"LineString","coordinates":[[33.11462,-9.4936],[33.1153,-9.49357],[33.11552,-9.49354],[33.11563,-9.49359],[33.11583,-9.49359],[33.11598,-9.49355],[33.11618,-9.49359],[33.11629,-9.49358],[33.11644,-9.4936],[33.11645,-9.49366],[33.11654,-9.49371],[33.11667,-9.49373],[33.11754,-9.49418]]},"properties":{"id":737597294,"cls":"path","hw":"path","tg":"na","name":"","ref":"","surface":"","sc":"unknown","speed":null,"lit":"unk","km":0.343}},
{"type":"Feature","geometry":{"type":"LineString","coordinates":[[33.12313,-9.49363],[33.12327,-9.49389],[33.12327,-9.49397],[33.12331,-9.49413],[33.12359,-9.49419],[33.12373,-9.49427],[33.12385,-9.49439],[33.12407,-9.49452],[33.12443,-9.49453],[33.12462,-9.49455],[33.12491,-9.49449],[33.12506,-9.49446],[33.12525,-9.49447],[33.12535,-9.49446],[33.12539,-9.4945],[33.1255,-9.49454],[33.12568,-9.49454],[33.1258,-9.49443],[33.12589,-9.49428],[33.12602,-9.49417],[33.12618,-9.4941],[33.12637,-9.49386],[33.12637,-9.4938],[33.12643,-9.49371],[33.1265,-9.4936],[33.12659,-9.49354],[33.12663,-9.49348],[33.12677,-9.49344],[33.12684,-9.4934],[33.12689,-9.49335],[33.12695,-9.49335],[33.12703,-9.4933],[33.12707,-9.49323],[33.12707,-9.49309]]},"properties":{"id":737597295,"cls":"path","hw":"path","tg":"na","name":"","ref":"","surface":"","sc":"unknown","speed":null,"lit":"unk","km":0.573}},
{"type":"Feature","geometry":{"type":"LineString","coordinates":[[33.13223,-9.4949],[33.13208,-9.49502],[33.13188,-9.49526],[33.13173,-9.49549],[33.13138,-9.49618],[33.1313,-9.49623],[33.13126,-9.49629],[33.13121,-9.49637],[33.13113,-9.49641],[33.13095,-9.49662],[33.13081,-9.49683],[33.13076,-9.49689],[33.13047,-9.49725],[33.13025,-9.49749],[33.13002,-9.49771],[33.12993,-9.49791],[33.12979,-9.49802],[33.12962,-9.49813],[33.12953,-9.49817],[33.12929,-9.49837],[33.12912,-9.49851],[33.12882,-9.49853],[33.12841,-9.49852],[33.12817,-9.49849],[33.12766,-9.49837]]},"properties":{"id":737597296,"cls":"path","hw":"path","tg":"na","name":"","ref":"","surface":"","sc":"unknown","speed":null,"lit":"unk","km":0.698}},
{"type":"Feature","geometry":{"type":"LineString","coordinates":[[33.12331,-9.49413],[33.12334,-9.4942],[33.12336,-9.49432],[33.1234,-9.49449],[33.1236,-9.49531],[33.12344,-9.49605],[33.12341,-9.49623],[33.12334,-9.49655],[33.12318,-9.49778],[33.12299,-9.49887]]},"properties":{"id":737597297,"cls":"path","hw":"path","tg":"na","name":"","ref":"","surface":"","sc":"unknown","speed":null,"lit":"unk","km":0.537}},
{"type":"Feature","geometry":{"type":"LineString","coordinates":[[33.01272,-9.40582],[33.01301,-9.40634],[33.01325,-9.4066],[33.01381,-9.40683],[33.01414,-9.40704],[33.01484,-9.40728],[33.01514,-9.40736],[33.01547,-9.40765],[33.01553,-9.40812],[33.01548,-9.40834],[33.01556,-9.40849],[33.01593,-9.40875],[33.01626,-9.40895],[33.01641,-9.40906]]},"properties":{"id":739762216,"cls":"path","hw":"path","tg":"na","name":"","ref":"","surface":"","sc":"unknown","speed":null,"lit":"unk","km":0.588}},
{"type":"Feature","geometry":{"type":"LineString","coordinates":[[33.017,-9.4107],[33.01696,-9.41055],[33.01697,-9.41044],[33.0171,-9.41002],[33.01719,-9.40942],[33.01725,-9.4092]]},"properties":{"id":739762218,"cls":"residential","hw":"residential","tg":"na","name":"","ref":"","surface":"","sc":"unknown","speed":null,"lit":"unk","km":0.171}},
{"type":"Feature","geometry":{"type":"LineString","coordinates":[[33.01916,-9.41067],[33.01928,-9.41041],[33.01934,-9.41023],[33.01936,-9.40988],[33.01934,-9.4098],[33.01904,-9.40952],[33.01896,-9.40942],[33.01863,-9.40916],[33.01857,-9.4091],[33.01847,-9.40901],[33.01838,-9.40891],[33.01827,-9.40884],[33.01812,-9.40873],[33.01803,-9.40866]]},"properties":{"id":739762219,"cls":"residential","hw":"residential","tg":"na","name":"","ref":"","surface":"","sc":"unknown","speed":null,"lit":"unk","km":0.293}},
{"type":"Feature","geometry":{"type":"LineString","coordinates":[[33.0207,-9.40925],[33.02032,-9.40935],[33.02002,-9.40927],[33.0197,-9.4093],[33.01949,-9.40917],[33.01914,-9.40913],[33.01886,-9.40915],[33.01857,-9.4091],[33.0184,-9.40909],[33.01785,-9.40898]]},"properties":{"id":739762220,"cls":"path","hw":"path","tg":"na","name":"","ref":"","surface":"","sc":"unknown","speed":null,"lit":"unk","km":0.322}},
{"type":"Feature","geometry":{"type":"LineString","coordinates":[[33.04308,-9.40842],[33.04317,-9.40848],[33.04324,-9.40853],[33.04334,-9.4086],[33.0434,-9.40868],[33.04345,-9.40874],[33.04353,-9.4089],[33.04358,-9.40903],[33.04362,-9.40915],[33.04364,-9.40931],[33.04365,-9.40946],[33.04366,-9.40959],[33.04365,-9.40966],[33.04363,-9.40973],[33.04357,-9.40985],[33.04357,-9.40992],[33.04357,-9.40998],[33.0436,-9.41015],[33.04362,-9.41028],[33.04363,-9.41044],[33.04363,-9.41058],[33.04363,-9.41063],[33.04365,-9.41069],[33.04367,-9.41076],[33.04368,-9.41083],[33.04369,-9.41091],[33.04373,-9.41098],[33.04376,-9.41105],[33.0438,-9.41111],[33.04392,-9.41124],[33.04425,-9.41163],[33.04434,-9.41178],[33.04443,-9.41198],[33.0445,-9.41219],[33.04456,-9.41241],[33.04461,-9.41258],[33.0447,-9.41275],[33.04482,-9.41295],[33.04497,-9.41323],[33.04501,-9.41338],[33.04509,-9.41367],[33.04511,-9.41384],[33.04516,-9.41415],[33.04516,-9.41426],[33.04517,-9.41456],[33.04519,-9.41472]]},"properties":{"id":739762262,"cls":"path","hw":"path","tg":"na","name":"","ref":"","surface":"","sc":"unknown","speed":null,"lit":"unk","km":0.768}},
{"type":"Feature","geometry":{"type":"LineString","coordinates":[[33.0456,-9.41664],[33.0456,-9.41671],[33.04534,-9.41715],[33.04517,-9.41739],[33.04508,-9.41767],[33.045,-9.4179],[33.045,-9.41804]]},"properties":{"id":739762263,"cls":"path","hw":"path","tg":"na","name":"","ref":"","surface":"","sc":"unknown","speed":null,"lit":"unk","km":0.172}},
{"type":"Feature","geometry":{"type":"LineString","coordinates":[[33.04089,-9.40686],[33.04045,-9.40714],[33.04011,-9.40735],[33.04002,-9.40751],[33.03984,-9.40767],[33.03954,-9.40809],[33.03923,-9.40858],[33.03843,-9.40932],[33.0383,-9.40967],[33.03788,-9.4101],[33.03767,-9.41061],[33.03748,-9.411]]},"properties":{"id":739762279,"cls":"path","hw":"path","tg":"na","name":"","ref":"","surface":"","sc":"unknown","speed":null,"lit":"unk","km":0.607}},
{"type":"Feature","geometry":{"type":"LineString","coordinates":[[33.04017,-9.40585],[33.04013,-9.40586],[33.03953,-9.4059],[33.03897,-9.40622],[33.03857,-9.40669],[33.03775,-9.40718],[33.0371,-9.40743],[33.03652,-9.40777],[33.03612,-9.4078],[33.0355,-9.40764],[33.03501,-9.40752],[33.03481,-9.40731],[33.03445,-9.40715],[33.03424,-9.40721],[33.03396,-9.40751]]},"properties":{"id":739762280,"cls":"path","hw":"path","tg":"na","name":"","ref":"","surface":"","sc":"unknown","speed":null,"lit":"unk","km":0.78}},
{"type":"Feature","geometry":{"type":"LineString","coordinates":[[33.03436,-9.40584],[33.03438,-9.406],[33.03416,-9.40636],[33.0339,-9.40675],[33.03384,-9.40714],[33.03396,-9.40751],[33.03373,-9.4078],[33.03358,-9.40812],[33.03352,-9.40841],[33.03336,-9.40883],[33.03336,-9.40898],[33.03325,-9.40911],[33.03334,-9.40929],[33.03327,-9.40938]]},"properties":{"id":739762281,"cls":"path","hw":"path","tg":"na","name":"","ref":"","surface":"","sc":"unknown","speed":null,"lit":"unk","km":0.437}},
{"type":"Feature","geometry":{"type":"LineString","coordinates":[[33.02987,-9.41233],[33.03031,-9.41225],[33.03075,-9.41228],[33.03139,-9.41226],[33.03147,-9.41202],[33.03184,-9.41192],[33.03232,-9.4116],[33.03286,-9.41088],[33.033,-9.41074],[33.0329,-9.41066],[33.03296,-9.41056],[33.03292,-9.41043],[33.03254,-9.41007],[33.03248,-9.40998],[33.03254,-9.40975],[33.0326,-9.40971],[33.03272,-9.40967],[33.03286,-9.40956],[33.03296,-9.40953]]},"properties":{"id":739762282,"cls":"path","hw":"path","tg":"na","name":"","ref":"","surface":"","sc":"unknown","speed":null,"lit":"unk","km":0.614}},
{"type":"Feature","geometry":{"type":"LineString","coordinates":[[33.01804,-9.44583],[33.01776,-9.44565],[33.01704,-9.44545],[33.01661,-9.44532],[33.01509,-9.44405],[33.01483,-9.44377],[33.01436,-9.44338],[33.01383,-9.44293],[33.01337,-9.44251],[33.01312,-9.4423],[33.01305,-9.44218],[33.01296,-9.44204],[33.0127,-9.44142],[33.01269,-9.44119],[33.0128,-9.44081],[33.01298,-9.44038],[33.01303,-9.44026]]},"properties":{"id":739765913,"cls":"path","hw":"path","tg":"na","name":"","ref":"","surface":"","sc":"unknown","speed":null,"lit":"unk","km":0.922}},
{"type":"Feature","geometry":{"type":"LineString","coordinates":[[33.01303,-9.44026],[33.01322,-9.43986],[33.01327,-9.43972],[33.01331,-9.43962],[33.01323,-9.43947],[33.01282,-9.43929],[33.01252,-9.43899]]},"properties":{"id":739765914,"cls":"path","hw":"path","tg":"na","name":"","ref":"","surface":"","sc":"unknown","speed":null,"lit":"unk","km":0.193}},
{"type":"Feature","geometry":{"type":"LineString","coordinates":[[33.023,-9.43624],[33.02189,-9.4365],[33.02048,-9.43705],[33.01962,-9.43744],[33.01939,-9.43751],[33.01887,-9.43746],[33.01863,-9.43767],[33.01867,-9.43808],[33.01836,-9.43845],[33.01796,-9.43872],[33.01793,-9.43897],[33.01726,-9.43938],[33.01653,-9.43952],[33.01627,-9.43978],[33.01523,-9.43992],[33.01478,-9.44001],[33.01463,-9.43989],[33.01376,-9.44012],[33.01298,-9.44038]]},"properties":{"id":739765915,"cls":"path","hw":"path","tg":"na","name":"","ref":"","surface":"","sc":"unknown","speed":null,"lit":"unk","km":1.279}},
{"type":"Feature","geometry":{"type":"LineString","coordinates":[[33.04545,-9.41855],[33.04545,-9.41859],[33.04542,-9.41863],[33.0453,-9.41874],[33.04524,-9.41879],[33.0452,-9.41889],[33.04516,-9.41909],[33.04503,-9.41935],[33.04493,-9.41951],[33.0449,-9.41964],[33.04499,-9.42023],[33.04493,-9.4205],[33.04464,-9.42109],[33.04451,-9.42127],[33.04435,-9.42143],[33.04424,-9.42149],[33.04414,-9.42158],[33.04404,-9.42185],[33.04399,-9.4221],[33.04397,-9.42233],[33.04381,-9.42249],[33.04365,-9.42256],[33.04357,-9.42263],[33.04355,-9.4227],[33.04353,-9.42282],[33.04349,-9.42299],[33.04344,-9.42312],[33.04327,-9.42324],[33.04322,-9.42331],[33.04318,-9.42351]]},"properties":{"id":739765916,"cls":"path","hw":"path","tg":"na","name":"","ref":"","surface":"","sc":"unknown","speed":null,"lit":"unk","km":0.641}},
{"type":"Feature","geometry":{"type":"LineString","coordinates":[[33.04318,-9.42351],[33.04312,-9.42395],[33.04302,-9.42417],[33.04301,-9.42501],[33.04303,-9.4255],[33.0431,-9.42589],[33.04315,-9.42624],[33.04312,-9.42671],[33.04307,-9.42701],[33.04301,-9.42722],[33.04311,-9.42772],[33.04307,-9.42795],[33.04296,-9.42807],[33.04288,-9.42822],[33.04289,-9.42833],[33.04293,-9.42842],[33.04298,-9.42847],[33.04296,-9.42881],[33.04292,-9.42894],[33.0431,-9.429],[33.04319,-9.42904],[33.04333,-9.42906],[33.04336,-9.42901],[33.0434,-9.42902],[33.04343,-9.42902],[33.04343,-9.42907],[33.04353,-9.42909],[33.04349,-9.42927],[33.04345,-9.42948],[33.04363,-9.42955],[33.0438,-9.42968],[33.04363,-9.43004],[33.04359,-9.43013],[33.0435,-9.43019],[33.0435,-9.43025],[33.04344,-9.43044],[33.04344,-9.43056],[33.04344,-9.4307],[33.04347,-9.43081]]},"properties":{"id":739765917,"cls":"path","hw":"path","tg":"na","name":"","ref":"","surface":"","sc":"unknown","speed":null,"lit":"unk","km":0.926}},
{"type":"Feature","geometry":{"type":"LineString","coordinates":[[33.03156,-9.40782],[33.03101,-9.40836],[33.03088,-9.40876],[33.03073,-9.40881],[33.03026,-9.40926],[33.03016,-9.40929],[33.0298,-9.40974],[33.02971,-9.40981],[33.02969,-9.40988],[33.0296,-9.40988],[33.02932,-9.41021],[33.02919,-9.41048],[33.02899,-9.41068],[33.0288,-9.41093],[33.02868,-9.41116],[33.02863,-9.41123],[33.02862,-9.41142],[33.02864,-9.41169],[33.02849,-9.41207],[33.02831,-9.41242],[33.02804,-9.41292],[33.0278,-9.41334],[33.02765,-9.41356],[33.02747,-9.4138],[33.02751,-9.41413],[33.02736,-9.41449],[33.02724,-9.41472],[33.02719,-9.41487],[33.02719,-9.41509],[33.02708,-9.41537],[33.02705,-9.41578],[33.02706,-9.41613],[33.02692,-9.41651],[33.0267,-9.41679],[33.02658,-9.4169],[33.02653,-9.41711],[33.02639,-9.41728],[33.02631,-9.41743],[33.02607,-9.41784],[33.02598,-9.41799],[33.02581,-9.41813]]},"properties":{"id":739772932,"cls":"path","hw":"path","tg":"na","name":"","ref":"","surface":"","sc":"unknown","speed":null,"lit":"unk","km":1.367}},
{"type":"Feature","geometry":{"type":"LineString","coordinates":[[33.02749,-9.41016],[33.02718,-9.41022],[33.02706,-9.41025],[33.02682,-9.41032],[33.02595,-9.41027],[33.02538,-9.41015],[33.02504,-9.40997],[33.02484,-9.40979],[33.02475,-9.40957],[33.0243,-9.40921],[33.02382,-9.40897],[33.02358,-9.40885]]},"properties":{"id":739772935,"cls":"path","hw":"path","tg":"na","name":"","ref":"","surface":"","sc":"unknown","speed":null,"lit":"unk","km":0.486}},
{"type":"Feature","geometry":{"type":"LineString","coordinates":[[33.02718,-9.41022],[33.02678,-9.4106],[33.02646,-9.41122],[33.02643,-9.41126],[33.02656,-9.41136],[33.02651,-9.4115],[33.02644,-9.41165],[33.02632,-9.4118],[33.02615,-9.41191],[33.02606,-9.41194],[33.02604,-9.41206],[33.02548,-9.41282],[33.02526,-9.41342],[33.02494,-9.41398],[33.02426,-9.41473],[33.02396,-9.41504]]},"properties":{"id":739772936,"cls":"path","hw":"path","tg":"na","name":"","ref":"","surface":"","sc":"unknown","speed":null,"lit":"unk","km":0.671}},
{"type":"Feature","geometry":{"type":"LineString","coordinates":[[33.03787,-9.42042],[33.0375,-9.42087],[33.03711,-9.42123],[33.0367,-9.42163],[33.03629,-9.42203]]},"properties":{"id":739772948,"cls":"path","hw":"path","tg":"na","name":"","ref":"","surface":"","sc":"unknown","speed":null,"lit":"unk","km":0.25}},
{"type":"Feature","geometry":{"type":"LineString","coordinates":[[33.03496,-9.4243],[33.03587,-9.42385],[33.03592,-9.42383],[33.03621,-9.42374],[33.03656,-9.42321],[33.03694,-9.42289],[33.03728,-9.42286],[33.03788,-9.42259],[33.03798,-9.42241],[33.03837,-9.42219],[33.0385,-9.42211],[33.03873,-9.42182],[33.03897,-9.42138]]},"properties":{"id":739772949,"cls":"path","hw":"path","tg":"na","name":"","ref":"","surface":"","sc":"unknown","speed":null,"lit":"unk","km":0.571}},
{"type":"Feature","geometry":{"type":"LineString","coordinates":[[33.02553,-9.44952],[33.02599,-9.44969],[33.02604,-9.4499],[33.02602,-9.45005],[33.02628,-9.44981],[33.02644,-9.44957],[33.02663,-9.44978],[33.02683,-9.44998],[33.02698,-9.45014],[33.02725,-9.45043],[33.02757,-9.45062],[33.02802,-9.45089],[33.02822,-9.45101],[33.0284,-9.45126],[33.0289,-9.45129],[33.02922,-9.45173],[33.02949,-9.45202],[33.03015,-9.45232],[33.03036,-9.45213],[33.03053,-9.45193],[33.03062,-9.45185],[33.03089,-9.45152],[33.03105,-9.4514],[33.03117,-9.45123],[33.0312,-9.45117],[33.03125,-9.45106],[33.03127,-9.45097],[33.03129,-9.45091],[33.03133,-9.45086],[33.03162,-9.45038],[33.03179,-9.44979],[33.03224,-9.4495],[33.03286,-9.44911]]},"properties":{"id":739772960,"cls":"unclassified","hw":"unclassified","tg":"na","name":"","ref":"","surface":"","sc":"unknown","speed":null,"lit":"unk","km":1.174}},
{"type":"Feature","geometry":{"type":"LineString","coordinates":[[33.10501,-9.49416],[33.10506,-9.4939],[33.10518,-9.49376]]},"properties":{"id":739775550,"cls":"path","hw":"path","tg":"na","name":"","ref":"","surface":"","sc":"unknown","speed":null,"lit":"unk","km":0.05}},
{"type":"Feature","geometry":{"type":"LineString","coordinates":[[33.10524,-9.49368],[33.10533,-9.49369],[33.10555,-9.49363],[33.10565,-9.49361],[33.10573,-9.49354]]},"properties":{"id":739775551,"cls":"path","hw":"path","tg":"na","name":"","ref":"","surface":"","sc":"unknown","speed":null,"lit":"unk","km":0.058}},
{"type":"Feature","geometry":{"type":"LineString","coordinates":[[33.10966,-9.49163],[33.1098,-9.49178],[33.10992,-9.49201],[33.11011,-9.49234],[33.11017,-9.49244],[33.11026,-9.49254],[33.11038,-9.49266],[33.11043,-9.49274],[33.11048,-9.49285],[33.11055,-9.49292],[33.1107,-9.49301],[33.11084,-9.4931]]},"properties":{"id":739775552,"cls":"path","hw":"path","tg":"na","name":"","ref":"","surface":"","sc":"unknown","speed":null,"lit":"unk","km":0.213}},
{"type":"Feature","geometry":{"type":"LineString","coordinates":[[33.11265,-9.49871],[33.11264,-9.49845],[33.11275,-9.49814],[33.11263,-9.49782],[33.11258,-9.49775],[33.11214,-9.49718],[33.11138,-9.49674]]},"properties":{"id":739775553,"cls":"path","hw":"path","tg":"na","name":"","ref":"","surface":"","sc":"unknown","speed":null,"lit":"unk","km":0.289}},
{"type":"Feature","geometry":{"type":"LineString","coordinates":[[33.10764,-9.49632],[33.10763,-9.49626],[33.10763,-9.49618],[33.10765,-9.49612],[33.10769,-9.49605],[33.10769,-9.49599],[33.10765,-9.49591],[33.10765,-9.49589],[33.10768,-9.49581],[33.10775,-9.49576],[33.1078,-9.49573],[33.10782,-9.49566],[33.10785,-9.4956],[33.10781,-9.49549],[33.10778,-9.49545],[33.10781,-9.49541]]},"properties":{"id":739775554,"cls":"path","hw":"path","tg":"na","name":"","ref":"","surface":"","sc":"unknown","speed":null,"lit":"unk","km":0.115}},
{"type":"Feature","geometry":{"type":"LineString","coordinates":[[33.11138,-9.49674],[33.11104,-9.49731],[33.11076,-9.49783],[33.11035,-9.49857],[33.11028,-9.49872]]},"properties":{"id":739775556,"cls":"path","hw":"path","tg":"na","name":"","ref":"","surface":"","sc":"unknown","speed":null,"lit":"unk","km":0.251}},
{"type":"Feature","geometry":{"type":"LineString","coordinates":[[33.11138,-9.49674],[33.11148,-9.49658]]},"properties":{"id":739775557,"cls":"path","hw":"path","tg":"na","name":"","ref":"","surface":"","sc":"unknown","speed":null,"lit":"unk","km":0.021}},
{"type":"Feature","geometry":{"type":"LineString","coordinates":[[33.10501,-9.49416],[33.10492,-9.49445],[33.10496,-9.49457],[33.10484,-9.49483],[33.10481,-9.49539],[33.10491,-9.49554],[33.105,-9.49559],[33.1052,-9.49566],[33.10554,-9.49583],[33.10584,-9.496],[33.1061,-9.49619],[33.10633,-9.49623],[33.10662,-9.49646],[33.10704,-9.49657],[33.10715,-9.49662],[33.10746,-9.49653],[33.10764,-9.49632]]},"properties":{"id":739775558,"cls":"path","hw":"path","tg":"na","name":"","ref":"","surface":"","sc":"unknown","speed":null,"lit":"unk","km":0.505}},
{"type":"Feature","geometry":{"type":"LineString","coordinates":[[33.05777,-9.4543],[33.05796,-9.45345],[33.05831,-9.45333],[33.05862,-9.45293],[33.05839,-9.45235],[33.05802,-9.45212],[33.05776,-9.45217],[33.05755,-9.45262],[33.05718,-9.45264]]},"properties":{"id":739854202,"cls":"path","hw":"path","tg":"na","name":"","ref":"","surface":"","sc":"unknown","speed":null,"lit":"unk","km":0.435}},
{"type":"Feature","geometry":{"type":"LineString","coordinates":[[33.07413,-9.44895],[33.07425,-9.44923],[33.07448,-9.44933],[33.0746,-9.44941],[33.0746,-9.44948],[33.07485,-9.44968],[33.07542,-9.45015],[33.07586,-9.45043],[33.07632,-9.45054],[33.07678,-9.45074],[33.07725,-9.45064],[33.07733,-9.45081],[33.07776,-9.4509],[33.07829,-9.45119],[33.07896,-9.45147],[33.07982,-9.45152],[33.07988,-9.45156],[33.08036,-9.45182],[33.08045,-9.45202],[33.08068,-9.45218],[33.08085,-9.45184],[33.08106,-9.45172],[33.08117,-9.45162],[33.0813,-9.45159],[33.08152,-9.45167],[33.0816,-9.45186],[33.08181,-9.45143],[33.08194,-9.45138],[33.08224,-9.45134],[33.08243,-9.45129],[33.0827,-9.45119],[33.08333,-9.4507],[33.08352,-9.45047]]},"properties":{"id":739854203,"cls":"path","hw":"path","tg":"na","name":"","ref":"","surface":"","sc":"unknown","speed":null,"lit":"unk","km":1.276}},
{"type":"Feature","geometry":{"type":"LineString","coordinates":[[33.08452,-9.45273],[33.08428,-9.45308],[33.08416,-9.45307],[33.084,-9.45314],[33.08383,-9.45335],[33.08358,-9.45354],[33.08346,-9.45368],[33.08333,-9.45375],[33.08293,-9.45427],[33.08264,-9.45456],[33.08253,-9.45513],[33.08247,-9.45557],[33.08255,-9.45568],[33.08263,-9.4558],[33.08236,-9.45597],[33.08213,-9.45632],[33.08196,-9.45664],[33.08171,-9.45683]]},"properties":{"id":739854204,"cls":"path","hw":"path","tg":"na","name":"","ref":"","surface":"","sc":"unknown","speed":null,"lit":"unk","km":0.6}},
{"type":"Feature","geometry":{"type":"LineString","coordinates":[[33.08778,-9.45535],[33.08767,-9.4554],[33.0871,-9.45635],[33.08672,-9.45676],[33.08651,-9.45691],[33.0864,-9.45703],[33.08623,-9.45737],[33.08587,-9.45754]]},"properties":{"id":739854205,"cls":"path","hw":"path","tg":"na","name":"","ref":"","surface":"","sc":"unknown","speed":null,"lit":"unk","km":0.33}},
{"type":"Feature","geometry":{"type":"LineString","coordinates":[[33.08768,-9.45983],[33.08772,-9.46041],[33.08773,-9.46124],[33.08759,-9.46181],[33.08767,-9.46286],[33.08768,-9.46308],[33.08783,-9.46336],[33.08826,-9.46412],[33.08855,-9.46469],[33.08889,-9.46553]]},"properties":{"id":739854206,"cls":"path","hw":"path","tg":"na","name":"","ref":"","surface":"","sc":"unknown","speed":null,"lit":"unk","km":0.667}},
{"type":"Feature","geometry":{"type":"LineString","coordinates":[[33.04931,-9.47437],[33.04951,-9.47422],[33.04956,-9.47415]]},"properties":{"id":739858037,"cls":"path","hw":"path","tg":"na","name":"","ref":"","surface":"","sc":"unknown","speed":null,"lit":"unk","km":0.037}},
{"type":"Feature","geometry":{"type":"LineString","coordinates":[[33.04902,-9.46902],[33.04886,-9.46932],[33.04858,-9.46992],[33.04835,-9.47069],[33.04828,-9.471],[33.04813,-9.47137],[33.04803,-9.47164],[33.04797,-9.4719],[33.04799,-9.47205]]},"properties":{"id":739858038,"cls":"path","hw":"path","tg":"na","name":"","ref":"","surface":"","sc":"unknown","speed":null,"lit":"unk","km":0.358}},
{"type":"Feature","geometry":{"type":"LineString","coordinates":[[33.05856,-9.47776],[33.05863,-9.47813],[33.0588,-9.4786]]},"properties":{"id":739860906,"cls":"path","hw":"path","tg":"na","name":"","ref":"","surface":"","sc":"unknown","speed":null,"lit":"unk","km":0.097}},
{"type":"Feature","geometry":{"type":"LineString","coordinates":[[33.06913,-9.48535],[33.06892,-9.48554],[33.06863,-9.486],[33.0681,-9.48652],[33.068,-9.48672],[33.06759,-9.48702],[33.06735,-9.48726],[33.067,-9.48758],[33.06668,-9.48778],[33.06624,-9.48824]]},"properties":{"id":739860910,"cls":"path","hw":"path","tg":"na","name":"","ref":"","surface":"","sc":"unknown","speed":null,"lit":"unk","km":0.456}},
{"type":"Feature","geometry":{"type":"LineString","coordinates":[[33.06915,-9.48158],[33.06907,-9.48155],[33.06898,-9.48152],[33.06893,-9.48153],[33.06884,-9.48152],[33.06876,-9.48149],[33.0686,-9.48142],[33.06849,-9.48138],[33.06841,-9.4814],[33.06828,-9.4814],[33.06824,-9.48144],[33.06811,-9.48146],[33.06796,-9.48148],[33.0678,-9.48145],[33.06763,-9.48143],[33.0675,-9.48138],[33.06739,-9.48132],[33.06728,-9.48118],[33.0672,-9.4811],[33.06708,-9.48101],[33.06691,-9.48088],[33.06679,-9.48077],[33.06665,-9.48063],[33.06654,-9.48049],[33.06644,-9.48041],[33.06634,-9.48031],[33.06625,-9.48023],[33.06615,-9.48015],[33.06604,-9.48006],[33.06595,-9.48002],[33.0659,-9.47996],[33.06577,-9.47987],[33.06564,-9.4798],[33.06554,-9.47978]]},"properties":{"id":739860911,"cls":"path","hw":"path","tg":"na","name":"","ref":"","surface":"","sc":"unknown","speed":null,"lit":"unk","km":0.472}},
{"type":"Feature","geometry":{"type":"LineString","coordinates":[[33.06426,-9.4893],[33.06444,-9.48931],[33.06481,-9.48923],[33.065,-9.48914],[33.06522,-9.48896],[33.06545,-9.48887],[33.06565,-9.48884],[33.06587,-9.48872],[33.06613,-9.48868],[33.06616,-9.4885],[33.06622,-9.48846]]},"properties":{"id":739860912,"cls":"path","hw":"path","tg":"na","name":"","ref":"","surface":"","sc":"unknown","speed":null,"lit":"unk","km":0.25}},
{"type":"Feature","geometry":{"type":"LineString","coordinates":[[33.04857,-9.4739],[33.04872,-9.47427],[33.04898,-9.47466],[33.04905,-9.47501],[33.04912,-9.47508]]},"properties":{"id":739860915,"cls":"path","hw":"path","tg":"na","name":"","ref":"","surface":"","sc":"unknown","speed":null,"lit":"unk","km":0.147}},
{"type":"Feature","geometry":{"type":"LineString","coordinates":[[33.04949,-9.47449],[33.04931,-9.47478],[33.04912,-9.47508]]},"properties":{"id":739860916,"cls":"path","hw":"path","tg":"na","name":"","ref":"","surface":"","sc":"unknown","speed":null,"lit":"unk","km":0.077}},
{"type":"Feature","geometry":{"type":"LineString","coordinates":[[33.09807,-9.45521],[33.09854,-9.45485],[33.09877,-9.45465],[33.09946,-9.45407],[33.10036,-9.45343],[33.10115,-9.45277],[33.10145,-9.45271],[33.10166,-9.45232],[33.10243,-9.45212],[33.10312,-9.45145],[33.10419,-9.45079],[33.10508,-9.45052],[33.10553,-9.45069],[33.10622,-9.44988],[33.10742,-9.44885]]},"properties":{"id":741031120,"cls":"path","hw":"path","tg":"na","name":"","ref":"","surface":"","sc":"unknown","speed":null,"lit":"unk","km":1.295}},
{"type":"Feature","geometry":{"type":"LineString","coordinates":[[33.10103,-9.46514],[33.10134,-9.46498],[33.10198,-9.46453],[33.10214,-9.46443],[33.10222,-9.46433],[33.10231,-9.46406],[33.10237,-9.46399],[33.10264,-9.46374],[33.10294,-9.46359],[33.10312,-9.46353],[33.10335,-9.46341],[33.10366,-9.46314],[33.10398,-9.46288],[33.10414,-9.46267],[33.10444,-9.46226],[33.1046,-9.46196]]},"properties":{"id":741031128,"cls":"path","hw":"path","tg":"na","name":"","ref":"","surface":"","sc":"unknown","speed":null,"lit":"unk","km":0.542}},
{"type":"Feature","geometry":{"type":"LineString","coordinates":[[33.10177,-9.48278],[33.10162,-9.48307],[33.10146,-9.48351],[33.10142,-9.4837],[33.10139,-9.48389],[33.1013,-9.48407],[33.10116,-9.48427],[33.1011,-9.48451],[33.10108,-9.48464],[33.10097,-9.48483],[33.10088,-9.48494],[33.10067,-9.48533],[33.10058,-9.48553],[33.10063,-9.48559],[33.10076,-9.48574],[33.10083,-9.48575],[33.10108,-9.48588],[33.10151,-9.48622],[33.10165,-9.48625],[33.10184,-9.48632],[33.10211,-9.48637],[33.10219,-9.48639],[33.10227,-9.48639],[33.10244,-9.4866],[33.10264,-9.4868],[33.10273,-9.48685],[33.10284,-9.48698]]},"properties":{"id":741031129,"cls":"unclassified","hw":"unclassified","tg":"na","name":"","ref":"","surface":"","sc":"unknown","speed":null,"lit":"unk","km":0.643}},
{"type":"Feature","geometry":{"type":"LineString","coordinates":[[33.10222,-9.4828],[33.1025,-9.48263],[33.10272,-9.48243],[33.10283,-9.48221],[33.10324,-9.48151],[33.10337,-9.48105],[33.10366,-9.48079],[33.10382,-9.48032],[33.10382,-9.47996],[33.10372,-9.47977],[33.10356,-9.4796],[33.10307,-9.47904],[33.10277,-9.4787],[33.10235,-9.4781],[33.10216,-9.47779],[33.10203,-9.47752]]},"properties":{"id":741031130,"cls":"unclassified","hw":"unclassified","tg":"na","name":"","ref":"","surface":"","sc":"unknown","speed":null,"lit":"unk","km":0.714}},
{"type":"Feature","geometry":{"type":"LineString","coordinates":[[33.12218,-9.47015],[33.12194,-9.47025],[33.12181,-9.47043],[33.1216,-9.47078],[33.12151,-9.47089],[33.12141,-9.47117],[33.12137,-9.4713],[33.12134,-9.47144],[33.12132,-9.47155],[33.12135,-9.47182]]},"properties":{"id":741077442,"cls":"unclassified","hw":"unclassified","tg":"na","name":"","ref":"","surface":"","sc":"unknown","speed":null,"lit":"unk","km":0.221}},
{"type":"Feature","geometry":{"type":"LineString","coordinates":[[33.23965,-9.49867],[33.23953,-9.49906],[33.23952,-9.49934],[33.23945,-9.49961],[33.23939,-9.49984],[33.23935,-9.50008],[33.23933,-9.50027],[33.23933,-9.50053],[33.2393,-9.50084],[33.2393,-9.5011],[33.23926,-9.50137],[33.23924,-9.50168],[33.23921,-9.50182],[33.23916,-9.50191],[33.23914,-9.50193],[33.23903,-9.50211],[33.23893,-9.5022],[33.23876,-9.50241],[33.23865,-9.50242],[33.23858,-9.50257],[33.23858,-9.50274],[33.23855,-9.50289],[33.23856,-9.50307],[33.23849,-9.50328],[33.2384,-9.50338],[33.23829,-9.50346],[33.23818,-9.50366],[33.23806,-9.50388],[33.23793,-9.5042],[33.23782,-9.50451],[33.23767,-9.50459],[33.23754,-9.50471],[33.23744,-9.50489],[33.23734,-9.50503],[33.23722,-9.50509],[33.23716,-9.50524]]},"properties":{"id":742229607,"cls":"path","hw":"path","tg":"na","name":"","ref":"","surface":"","sc":"unknown","speed":null,"lit":"unk","km":0.82}},
{"type":"Feature","geometry":{"type":"LineString","coordinates":[[33.24721,-9.49579],[33.24719,-9.49605],[33.24714,-9.49612],[33.24702,-9.49631],[33.24699,-9.49659],[33.24686,-9.49676],[33.24677,-9.49701],[33.24658,-9.49778],[33.24653,-9.49795],[33.24651,-9.49805],[33.24637,-9.49853],[33.24631,-9.49867],[33.24618,-9.49903],[33.24598,-9.49945],[33.24579,-9.50002],[33.24561,-9.50042],[33.24544,-9.50073],[33.24516,-9.50123],[33.24478,-9.50167],[33.24471,-9.50179],[33.24451,-9.5021],[33.24411,-9.50266],[33.24395,-9.50291],[33.24388,-9.50302],[33.24366,-9.50339],[33.2434,-9.50364],[33.24314,-9.50382]]},"properties":{"id":744637525,"cls":"unclassified","hw":"unclassified","tg":"na","name":"","ref":"","surface":"","sc":"unknown","speed":null,"lit":"unk","km":1.018}},
{"type":"Feature","geometry":{"type":"LineString","coordinates":[[33.25755,-9.49363],[33.25766,-9.49346],[33.25778,-9.4933],[33.25795,-9.4929]]},"properties":{"id":744637532,"cls":"path","hw":"path","tg":"na","name":"","ref":"","surface":"","sc":"unknown","speed":null,"lit":"unk","km":0.093}},
{"type":"Feature","geometry":{"type":"LineString","coordinates":[[33.25509,-9.4926],[33.25517,-9.49256],[33.25518,-9.49245],[33.25522,-9.49233],[33.25539,-9.49202]]},"properties":{"id":744637533,"cls":"path","hw":"path","tg":"na","name":"","ref":"","surface":"","sc":"unknown","speed":null,"lit":"unk","km":0.075}},
{"type":"Feature","geometry":{"type":"LineString","coordinates":[[33.25786,-9.49679],[33.25808,-9.49673],[33.25825,-9.49667],[33.25835,-9.49655],[33.25845,-9.49652],[33.2587,-9.49634],[33.25899,-9.49614],[33.25908,-9.49611],[33.25922,-9.49592],[33.25932,-9.49587],[33.25967,-9.49556],[33.25989,-9.49561],[33.26046,-9.49543],[33.26061,-9.49512],[33.26114,-9.49495],[33.26138,-9.49502],[33.26158,-9.49507],[33.26204,-9.49487],[33.26239,-9.49459],[33.26264,-9.49418],[33.26275,-9.494],[33.26277,-9.49388],[33.26302,-9.49382],[33.26346,-9.49384],[33.26367,-9.49385],[33.26394,-9.49369],[33.26409,-9.49355],[33.26453,-9.49337],[33.26463,-9.49334],[33.26468,-9.49328],[33.26487,-9.49307],[33.26489,-9.49287],[33.26504,-9.49264],[33.26518,-9.49236]]},"properties":{"id":744637534,"cls":"unclassified","hw":"unclassified","tg":"na","name":"","ref":"","surface":"","sc":"unknown","speed":null,"lit":"unk","km":1.029}},
{"type":"Feature","geometry":{"type":"LineString","coordinates":[[33.26454,-9.49941],[33.26458,-9.49927],[33.26473,-9.49923],[33.26481,-9.49919],[33.265,-9.49923],[33.26515,-9.49915],[33.26522,-9.49904]]},"properties":{"id":744641010,"cls":"path","hw":"path","tg":"na","name":"","ref":"","surface":"","sc":"unknown","speed":null,"lit":"unk","km":0.098}},
{"type":"Feature","geometry":{"type":"LineString","coordinates":[[33.31603,-9.49239],[33.31634,-9.49295],[33.31634,-9.49318],[33.31615,-9.4937],[33.31615,-9.49398],[33.31596,-9.49436],[33.31586,-9.49451],[33.31586,-9.49455],[33.31581,-9.49478],[33.31565,-9.49519],[33.31555,-9.49547],[33.31549,-9.49581],[33.31541,-9.49629],[33.31528,-9.49658],[33.3151,-9.49683],[33.315,-9.49718],[33.31485,-9.49722]]},"properties":{"id":747003800,"cls":"residential","hw":"residential","tg":"na","name":"","ref":"","surface":"","sc":"unknown","speed":null,"lit":"unk","km":0.588}},
{"type":"Feature","geometry":{"type":"LineString","coordinates":[[33.32128,-9.49239],[33.32155,-9.49289],[33.32161,-9.49298],[33.32162,-9.49304],[33.32169,-9.49321],[33.32189,-9.49348],[33.32203,-9.49411],[33.32208,-9.49443],[33.32202,-9.49501],[33.32206,-9.49594],[33.32208,-9.49666],[33.32181,-9.49695],[33.32175,-9.49713]]},"properties":{"id":747003801,"cls":"unclassified","hw":"unclassified","tg":"na","name":"","ref":"","surface":"","sc":"unknown","speed":null,"lit":"unk","km":0.56}},
{"type":"Feature","geometry":{"type":"LineString","coordinates":[[33.32286,-9.49238],[33.3228,-9.49278],[33.32248,-9.4931],[33.32207,-9.49337],[33.32189,-9.49348]]},"properties":{"id":747003802,"cls":"unclassified","hw":"unclassified","tg":"na","name":"","ref":"","surface":"","sc":"unknown","speed":null,"lit":"unk","km":0.172}},
{"type":"Feature","geometry":{"type":"LineString","coordinates":[[33.32534,-9.49229],[33.32546,-9.49275],[33.32562,-9.49347],[33.32564,-9.49394],[33.32571,-9.49404],[33.32612,-9.49468],[33.32644,-9.49542],[33.32641,-9.49584],[33.32617,-9.49619],[33.32622,-9.49648],[33.32625,-9.49659],[33.32636,-9.49701],[33.32673,-9.49739],[33.32681,-9.49784]]},"properties":{"id":747003803,"cls":"unclassified","hw":"unclassified","tg":"na","name":"","ref":"","surface":"","sc":"unknown","speed":null,"lit":"unk","km":0.671}},
{"type":"Feature","geometry":{"type":"LineString","coordinates":[[33.32663,-9.4923],[33.32656,-9.49276],[33.32636,-9.493],[33.32631,-9.49327],[33.32597,-9.49367],[33.32571,-9.49404]]},"properties":{"id":747003804,"cls":"track","hw":"track","tg":"none","name":"","ref":"","surface":"","sc":"unknown","speed":null,"lit":"unk","km":0.225}},
{"type":"Feature","geometry":{"type":"LineString","coordinates":[[33.33181,-9.49858],[33.3321,-9.49805],[33.33198,-9.49711],[33.33217,-9.49693],[33.33212,-9.49571],[33.33217,-9.4951],[33.33237,-9.49467]]},"properties":{"id":747003805,"cls":"path","hw":"path","tg":"na","name":"","ref":"","surface":"","sc":"unknown","speed":null,"lit":"unk","km":0.458}},
{"type":"Feature","geometry":{"type":"LineString","coordinates":[[33.33309,-9.49927],[33.33383,-9.49908],[33.33388,-9.49895],[33.33392,-9.49891],[33.33406,-9.49887],[33.33415,-9.49879],[33.33419,-9.49866],[33.33424,-9.49854],[33.33426,-9.49843],[33.33425,-9.49836],[33.3342,-9.49819],[33.33418,-9.49813],[33.33428,-9.49799],[33.33437,-9.49782],[33.33445,-9.49769],[33.33455,-9.49762],[33.33464,-9.49755],[33.33473,-9.49748],[33.33483,-9.49744]]},"properties":{"id":747003806,"cls":"path","hw":"path","tg":"na","name":"","ref":"","surface":"","sc":"unknown","speed":null,"lit":"unk","km":0.319}},
{"type":"Feature","geometry":{"type":"LineString","coordinates":[[33.34262,-9.49249],[33.34208,-9.49282],[33.34195,-9.49295],[33.34188,-9.49314],[33.34175,-9.49321],[33.34159,-9.49323],[33.34143,-9.49338],[33.34129,-9.49343],[33.34117,-9.49346],[33.34059,-9.49356],[33.34026,-9.49355],[33.33983,-9.49344],[33.33961,-9.49348],[33.33929,-9.49363],[33.33894,-9.4939],[33.33884,-9.49417],[33.33841,-9.49465]]},"properties":{"id":747003808,"cls":"path","hw":"path","tg":"na","name":"","ref":"","surface":"","sc":"unknown","speed":null,"lit":"unk","km":0.565}},
{"type":"Feature","geometry":{"type":"LineString","coordinates":[[33.35365,-9.49083],[33.3538,-9.49097],[33.35386,-9.49102],[33.3539,-9.49108],[33.35393,-9.49115],[33.35393,-9.4913],[33.35389,-9.49147],[33.35383,-9.49164],[33.35372,-9.49197],[33.35371,-9.49207],[33.35371,-9.49216],[33.35373,-9.49242],[33.35376,-9.49271],[33.35377,-9.49299],[33.35374,-9.49323],[33.35373,-9.49333],[33.35366,-9.49349],[33.3535,-9.49364],[33.35331,-9.49377],[33.35304,-9.49394],[33.35245,-9.49441],[33.35199,-9.49465],[33.35159,-9.49498],[33.35133,-9.49512],[33.35108,-9.49514],[33.35058,-9.4951],[33.35048,-9.49505],[33.35012,-9.49476],[33.35007,-9.49474],[33.35003,-9.49475],[33.34988,-9.49481],[33.34962,-9.49495],[33.34944,-9.49506],[33.34933,-9.49517],[33.34899,-9.49546],[33.34895,-9.49549],[33.34892,-9.49553],[33.3489,-9.49566],[33.34888,-9.49579],[33.34888,-9.49608],[33.3489,-9.49636],[33.34893,-9.49655],[33.349,-9.49666],[33.34902,-9.49679],[33.349,-9.49693],[33.34901,-9.49703]]},"properties":{"id":747003810,"cls":"path","hw":"path","tg":"na","name":"","ref":"","surface":"","sc":"unknown","speed":null,"lit":"unk","km":1.105}},
{"type":"Feature","geometry":{"type":"LineString","coordinates":[[33.3467,-9.49412],[33.34664,-9.49485],[33.34673,-9.49551],[33.34658,-9.49591],[33.34666,-9.49606],[33.3467,-9.49627],[33.34677,-9.49638],[33.34681,-9.49666],[33.34698,-9.49677],[33.34722,-9.49682],[33.34737,-9.4969],[33.34745,-9.49697],[33.34756,-9.497],[33.34772,-9.49702],[33.34785,-9.49708],[33.34795,-9.49709],[33.34806,-9.49709],[33.34835,-9.49691],[33.34856,-9.49683],[33.3487,-9.49684],[33.34877,-9.49688],[33.34889,-9.49697],[33.34901,-9.49703],[33.34932,-9.4972]]},"properties":{"id":747003811,"cls":"path","hw":"path","tg":"na","name":"","ref":"","surface":"","sc":"unknown","speed":null,"lit":"unk","km":0.597}},
{"type":"Feature","geometry":{"type":"LineString","coordinates":[[33.31644,-9.49791],[33.31569,-9.49838],[33.31555,-9.49856],[33.31542,-9.49876],[33.31527,-9.49899],[33.31514,-9.49919],[33.31466,-9.49939],[33.31429,-9.49958],[33.31406,-9.4995],[33.31359,-9.49954],[33.31313,-9.49975],[33.3127,-9.5003],[33.31267,-9.50032],[33.3123,-9.50061],[33.31219,-9.5007],[33.31187,-9.50112],[33.31175,-9.50158],[33.31155,-9.50178],[33.31134,-9.50237],[33.31124,-9.50285],[33.31127,-9.50319],[33.31094,-9.50371],[33.31072,-9.50413],[33.31041,-9.50475],[33.31025,-9.50504],[33.31025,-9.50547]]},"properties":{"id":747003814,"cls":"unclassified","hw":"unclassified","tg":"na","name":"","ref":"","surface":"","sc":"unknown","speed":null,"lit":"unk","km":1.178}},
{"type":"Feature","geometry":{"type":"LineString","coordinates":[[33.31129,-9.49745],[33.31097,-9.49786],[33.31068,-9.49856],[33.31034,-9.49921],[33.30994,-9.50004],[33.30973,-9.50048],[33.30952,-9.50103],[33.30946,-9.50188],[33.30963,-9.50255],[33.30961,-9.50355],[33.30983,-9.50432],[33.31008,-9.50499],[33.31016,-9.50518],[33.31025,-9.50547]]},"properties":{"id":747003815,"cls":"unclassified","hw":"unclassified","tg":"na","name":"","ref":"","surface":"","sc":"unknown","speed":null,"lit":"unk","km":0.952}},
{"type":"Feature","geometry":{"type":"LineString","coordinates":[[33.02448,-9.43465],[33.02382,-9.43499],[33.02354,-9.43526],[33.02317,-9.43574],[33.02318,-9.43598]]},"properties":{"id":764440460,"cls":"path","hw":"path","tg":"na","name":"","ref":"","surface":"","sc":"unknown","speed":null,"lit":"unk","km":0.218}},
{"type":"Feature","geometry":{"type":"LineString","coordinates":[[33.24013,-9.49784],[33.2401,-9.49802],[33.23996,-9.49855]]},"properties":{"id":772411161,"cls":"path","hw":"path","tg":"na","name":"","ref":"","surface":"","sc":"unknown","speed":null,"lit":"unk","km":0.081}},
{"type":"Feature","geometry":{"type":"LineString","coordinates":[[33.04313,-9.40939],[33.04301,-9.40975],[33.04293,-9.41026],[33.04278,-9.41112],[33.0427,-9.41156],[33.04261,-9.41216],[33.04245,-9.4131],[33.04243,-9.41338],[33.04218,-9.41373],[33.04174,-9.41412],[33.04129,-9.41423],[33.04109,-9.41435],[33.04063,-9.41472]]},"properties":{"id":789047348,"cls":"path","hw":"path","tg":"na","name":"","ref":"","surface":"","sc":"unknown","speed":null,"lit":"unk","km":0.705}},
{"type":"Feature","geometry":{"type":"LineString","coordinates":[[33.03371,-9.41643],[33.033,-9.41746],[33.03297,-9.41758],[33.03286,-9.41775],[33.03269,-9.41796],[33.03249,-9.41827],[33.03225,-9.41855]]},"properties":{"id":789047351,"cls":"path","hw":"path","tg":"na","name":"","ref":"","surface":"","sc":"unknown","speed":null,"lit":"unk","km":0.286}},
{"type":"Feature","geometry":{"type":"LineString","coordinates":[[33.00367,-9.47703],[33.0039,-9.47715],[33.00414,-9.47721],[33.00433,-9.4773],[33.00446,-9.47729],[33.00465,-9.47734],[33.0049,-9.47746],[33.00514,-9.4775],[33.00532,-9.47752],[33.00543,-9.47752],[33.00557,-9.47757],[33.0058,-9.47755],[33.00606,-9.47757],[33.00624,-9.47758],[33.00633,-9.47762],[33.00647,-9.47762],[33.00662,-9.47761],[33.00673,-9.47761],[33.00679,-9.47766],[33.00692,-9.47766],[33.00716,-9.47771],[33.00713,-9.47753],[33.00713,-9.47727],[33.00708,-9.47699],[33.00693,-9.47661],[33.00675,-9.47621],[33.00646,-9.47581],[33.00637,-9.4755],[33.0063,-9.47523],[33.00624,-9.47494],[33.00616,-9.47462],[33.00594,-9.4743],[33.00587,-9.47388],[33.00582,-9.47358],[33.00575,-9.47304],[33.0057,-9.47278],[33.00564,-9.47259],[33.00553,-9.47227],[33.00549,-9.47225],[33.00548,-9.47213]]},"properties":{"id":789295408,"cls":"path","hw":"path","tg":"na","name":"","ref":"","surface":"","sc":"unknown","speed":null,"lit":"unk","km":1.056}},
{"type":"Feature","geometry":{"type":"LineString","coordinates":[[33.0051,-9.47159],[33.00548,-9.47213],[33.00549,-9.47213],[33.00605,-9.47263],[33.00642,-9.47276],[33.00685,-9.47282],[33.00716,-9.47282],[33.00739,-9.47293],[33.00759,-9.47293],[33.00781,-9.47293],[33.00813,-9.47286],[33.00832,-9.47287],[33.0087,-9.47321],[33.00914,-9.47338],[33.0094,-9.47351],[33.00968,-9.47355],[33.0099,-9.47371],[33.01044,-9.47381],[33.01076,-9.47385],[33.01114,-9.47386],[33.01151,-9.47385]]},"properties":{"id":789295409,"cls":"unclassified","hw":"unclassified","tg":"na","name":"","ref":"","surface":"","sc":"unknown","speed":null,"lit":"unk","km":0.792}},
{"type":"Feature","geometry":{"type":"LineString","coordinates":[[33.00716,-9.47771],[33.00791,-9.47772],[33.00845,-9.47761],[33.00899,-9.47749],[33.01181,-9.4772]]},"properties":{"id":789295410,"cls":"path","hw":"path","tg":"na","name":"","ref":"","surface":"","sc":"unknown","speed":null,"lit":"unk","km":0.514}},
{"type":"Feature","geometry":{"type":"LineString","coordinates":[[33.3122,-9.4969],[33.31237,-9.49665],[33.31248,-9.4965],[33.31264,-9.49636],[33.31271,-9.4963],[33.31283,-9.49626],[33.313,-9.49625],[33.31321,-9.49632],[33.31327,-9.49635],[33.31334,-9.49639]]},"properties":{"id":790250398,"cls":"tertiary","hw":"tertiary","tg":"na","name":"T301","ref":"T301","surface":"","sc":"unknown","speed":null,"lit":"unk","km":0.161}},
{"type":"Feature","geometry":{"type":"LineString","coordinates":[[33.31215,-9.49696],[33.3122,-9.4969]]},"properties":{"id":790250399,"cls":"tertiary","hw":"tertiary","tg":"na","name":"T301","ref":"T301","surface":"","sc":"unknown","speed":null,"lit":"unk","km":0.009}},
{"type":"Feature","geometry":{"type":"LineString","coordinates":[[33.31341,-9.49643],[33.31363,-9.49655],[33.3145,-9.497],[33.3148,-9.49718],[33.31485,-9.49722],[33.31493,-9.49726],[33.31502,-9.4973],[33.31523,-9.4974],[33.31555,-9.49757],[33.31593,-9.49774],[33.31618,-9.49785],[33.31644,-9.49791],[33.31677,-9.49812],[33.31694,-9.49816],[33.31705,-9.49817],[33.31723,-9.49813],[33.31739,-9.49803],[33.31763,-9.49781],[33.31787,-9.49758],[33.318,-9.49745],[33.31814,-9.49731],[33.3183,-9.49719],[33.31848,-9.49712],[33.31857,-9.4971],[33.31896,-9.49707],[33.31914,-9.49711],[33.31938,-9.49715],[33.31961,-9.49718],[33.31998,-9.49724],[33.3203,-9.49724],[33.3207,-9.49718],[33.32116,-9.49711],[33.32146,-9.49708],[33.32175,-9.49713],[33.32227,-9.49739],[33.32236,-9.49744],[33.32246,-9.49746],[33.32285,-9.49751],[33.32308,-9.49757],[33.32392,-9.49773],[33.32439,-9.49788],[33.32486,-9.49801],[33.32541,-9.49817],[33.32579,-9.49824],[33.32602,-9.49823],[33.32618,-9.4982],[33.32632,-9.49814],[33.32649,-9.49801],[33.32681,-9.49784],[33.32687,-9.4978],[33.32705,-9.49776],[33.3276,-9.49774],[33.3286,-9.49774],[33.32897,-9.4978],[33.32924,-9.49774],[33.32952,-9.49763],[33.32974,-9.4976],[33.33008,-9.49761],[33.33059,-9.49777],[33.33086,-9.4979],[33.33114,-9.49812],[33.33181,-9.49858],[33.33225,-9.49884],[33.33295,-9.49918],[33.33309,-9.49927],[33.33319,-9.49933],[33.33336,-9.49948],[33.33348,-9.49966],[33.33359,-9.49993],[33.3337,-9.50018],[33.33389,-9.50047],[33.33412,-9.50074],[33.33437,-9.50095],[33.33463,-9.50114],[33.33487,-9.50134],[33.33509,-9.50153],[33.33526,-9.50162],[33.33544,-9.50172],[33.33567,-9.50184],[33.33588,-9.50198],[33.33609,-9.50213],[33.33625,-9.50227],[33.33642,-9.50243],[33.33659,-9.50259],[33.33677,-9.50275],[33.33695,-9.50293],[33.33716,-9.50313],[33.33745,-9.50349],[33.3377,-9.5038],[33.33788,-9.50401],[33.33792,-9.50408],[33.33799,-9.50419],[33.33804,-9.50435],[33.33807,-9.50449],[33.33811,-9.50466],[33.33813,-9.50476]]},"properties":{"id":790250400,"cls":"tertiary","hw":"tertiary","tg":"na","name":"T301","ref":"T301","surface":"","sc":"unknown","speed":null,"lit":"unk","km":3.183}},
{"type":"Feature","geometry":{"type":"LineString","coordinates":[[33.31334,-9.49639],[33.31341,-9.49643]]},"properties":{"id":790250401,"cls":"tertiary","hw":"tertiary","tg":"na","name":"T301","ref":"T301","surface":"","sc":"unknown","speed":null,"lit":"unk","km":0.009}},
{"type":"Feature","geometry":{"type":"LineString","coordinates":[[33.17368,-9.48501],[33.17379,-9.48508],[33.17382,-9.48534],[33.17383,-9.48536],[33.17384,-9.48556],[33.17376,-9.48579],[33.17368,-9.48597],[33.17352,-9.48616],[33.1734,-9.48636],[33.17328,-9.48654],[33.17317,-9.48668],[33.17306,-9.48689],[33.17298,-9.48706],[33.1729,-9.48728],[33.17284,-9.48755],[33.17275,-9.48793],[33.17263,-9.48816],[33.17254,-9.48835],[33.17241,-9.48854],[33.17226,-9.48875],[33.17223,-9.48886],[33.17206,-9.48903],[33.17198,-9.48914],[33.17187,-9.48944],[33.17182,-9.48968],[33.1718,-9.49006],[33.17176,-9.49031],[33.17168,-9.49064],[33.17161,-9.49095],[33.17146,-9.49132],[33.17134,-9.4916],[33.17117,-9.49185],[33.17097,-9.49206],[33.17076,-9.49218],[33.17051,-9.49217],[33.17034,-9.49209],[33.17007,-9.49201],[33.17,-9.49204],[33.1699,-9.49224],[33.16978,-9.49238],[33.16968,-9.49265],[33.16951,-9.49312],[33.16938,-9.49342],[33.16926,-9.4937],[33.1692,-9.49387],[33.16925,-9.49398],[33.16927,-9.49417],[33.1691,-9.49467]]},"properties":{"id":791163195,"cls":"unclassified","hw":"unclassified","tg":"na","name":"","ref":"","surface":"","sc":"unknown","speed":null,"lit":"unk","km":1.302}},
{"type":"Feature","geometry":{"type":"LineString","coordinates":[[33.10304,-9.49131],[33.10326,-9.49112],[33.10366,-9.49057],[33.10377,-9.49032],[33.10373,-9.49022],[33.10384,-9.49001],[33.10413,-9.48978],[33.10453,-9.48969],[33.10487,-9.48964],[33.10494,-9.48963],[33.10577,-9.48933],[33.10622,-9.48915],[33.10642,-9.48895],[33.10669,-9.48864],[33.1069,-9.48842],[33.10694,-9.48837],[33.10716,-9.48832],[33.10734,-9.48814],[33.10755,-9.48806]]},"properties":{"id":791347706,"cls":"unclassified","hw":"unclassified","tg":"na","name":"","ref":"","surface":"","sc":"unknown","speed":null,"lit":"unk","km":0.652}},
{"type":"Feature","geometry":{"type":"LineString","coordinates":[[33.10518,-9.49376],[33.10515,-9.49373],[33.1051,-9.49373],[33.10507,-9.49375],[33.10504,-9.49379],[33.10499,-9.49383],[33.10495,-9.49384],[33.10487,-9.49383],[33.10481,-9.49382]]},"properties":{"id":791351717,"cls":"path","hw":"path","tg":"na","name":"","ref":"","surface":"","sc":"unknown","speed":null,"lit":"unk","km":0.047}},
{"type":"Feature","geometry":{"type":"LineString","coordinates":[[33.0915,-9.49832],[33.09166,-9.49827],[33.09184,-9.49818],[33.09193,-9.49808],[33.09205,-9.49802],[33.09231,-9.49792],[33.09238,-9.49784],[33.09251,-9.49775],[33.09257,-9.49761],[33.09263,-9.4975],[33.09272,-9.49739],[33.09284,-9.49731],[33.09292,-9.49722],[33.093,-9.49717],[33.09313,-9.49717],[33.09323,-9.49711],[33.09327,-9.49701],[33.09328,-9.49692],[33.09333,-9.49685],[33.09338,-9.4968],[33.09348,-9.49681],[33.0936,-9.49687],[33.09368,-9.49683],[33.09368,-9.49672],[33.09365,-9.49659],[33.09362,-9.49648],[33.09365,-9.49641],[33.0937,-9.49637],[33.09373,-9.49631],[33.09362,-9.49628],[33.09359,-9.49616],[33.09361,-9.49607],[33.09368,-9.49592],[33.09387,-9.49581],[33.09399,-9.49579],[33.09414,-9.49572],[33.09428,-9.49564],[33.09438,-9.49555],[33.09449,-9.49544],[33.09449,-9.49538],[33.09455,-9.49526],[33.09466,-9.49516],[33.09473,-9.49511],[33.09487,-9.49492],[33.09491,-9.49482],[33.09492,-9.49472],[33.09495,-9.4946],[33.09506,-9.49455],[33.09517,-9.49442],[33.09526,-9.49432],[33.09533,-9.49421],[33.09561,-9.49406],[33.09583,-9.49405],[33.09599,-9.49399],[33.09634,-9.49386],[33.09663,-9.49371],[33.09677,-9.4937],[33.09701,-9.4937],[33.0972,-9.49371],[33.09744,-9.49368],[33.09767,-9.49361],[33.09803,-9.49337],[33.0983,-9.4932],[33.09849,-9.49307],[33.09869,-9.49283],[33.09876,-9.49269],[33.09878,-9.4925],[33.09884,-9.49238],[33.09889,-9.49229],[33.099,-9.49175],[33.09904,-9.4917],[33.09941,-9.49151],[33.09979,-9.49113],[33.10026,-9.49045],[33.10084,-9.48963],[33.10112,-9.48945],[33.10151,-9.48893],[33.10159,-9.48879]]},"properties":{"id":791351718,"cls":"path","hw":"path","tg":"na","name":"","ref":"","surface":"","sc":"unknown","speed":null,"lit":"unk","km":1.693}},
{"type":"Feature","geometry":{"type":"LineString","coordinates":[[33.10735,-9.49312],[33.10732,-9.49316],[33.10718,-9.49322],[33.10686,-9.49339],[33.10672,-9.49345],[33.10658,-9.49343],[33.10648,-9.49346],[33.10636,-9.49343],[33.10623,-9.49338],[33.10603,-9.49337],[33.1059,-9.49342],[33.10583,-9.49346],[33.10579,-9.49349],[33.10573,-9.49354]]},"properties":{"id":791400584,"cls":"path","hw":"path","tg":"na","name":"","ref":"","surface":"","sc":"unknown","speed":null,"lit":"unk","km":0.195}},
{"type":"Feature","geometry":{"type":"LineString","coordinates":[[33.10744,-9.49216],[33.10744,-9.49225],[33.10747,-9.49235],[33.10749,-9.49242],[33.10751,-9.49251],[33.10749,-9.49253],[33.10743,-9.49257],[33.10736,-9.49261],[33.10729,-9.49266],[33.10726,-9.49276],[33.10726,-9.49284],[33.10729,-9.4929],[33.10734,-9.49297]]},"properties":{"id":791400585,"cls":"path","hw":"path","tg":"na","name":"","ref":"","surface":"","sc":"unknown","speed":null,"lit":"unk","km":0.107}},
{"type":"Feature","geometry":{"type":"LineString","coordinates":[[33.10872,-9.49291],[33.1088,-9.49285],[33.10886,-9.4928],[33.10893,-9.49283],[33.10897,-9.49287],[33.10901,-9.49293],[33.10905,-9.493],[33.10909,-9.49304],[33.10915,-9.49307],[33.10923,-9.4931],[33.10929,-9.49311]]},"properties":{"id":791400586,"cls":"path","hw":"path","tg":"na","name":"","ref":"","surface":"","sc":"unknown","speed":null,"lit":"unk","km":0.081}},
{"type":"Feature","geometry":{"type":"LineString","coordinates":[[33.10929,-9.49311],[33.10928,-9.49314]]},"properties":{"id":791400589,"cls":"path","hw":"path","tg":"na","name":"","ref":"","surface":"","sc":"unknown","speed":null,"lit":"unk","km":0.004}},
{"type":"Feature","geometry":{"type":"LineString","coordinates":[[33.11308,-9.49247],[33.11285,-9.49245],[33.11275,-9.49245],[33.11263,-9.49255],[33.11252,-9.4926],[33.11243,-9.49265],[33.11238,-9.4927],[33.1123,-9.49275],[33.11222,-9.49284],[33.11212,-9.49283],[33.11202,-9.4929],[33.11193,-9.49298],[33.11181,-9.49305],[33.11162,-9.49307],[33.1115,-9.49313],[33.11138,-9.49319],[33.11132,-9.49322]]},"properties":{"id":791400590,"cls":"path","hw":"path","tg":"na","name":"","ref":"","surface":"","sc":"unknown","speed":null,"lit":"unk","km":0.221}},
{"type":"Feature","geometry":{"type":"LineString","coordinates":[[33.11218,-9.49169],[33.11226,-9.49176],[33.11213,-9.49199],[33.11208,-9.49204],[33.1118,-9.49232],[33.11167,-9.4925],[33.11157,-9.49261],[33.11147,-9.4927],[33.11143,-9.49278]]},"properties":{"id":791400591,"cls":"path","hw":"path","tg":"na","name":"","ref":"","surface":"","sc":"unknown","speed":null,"lit":"unk","km":0.158}},
{"type":"Feature","geometry":{"type":"LineString","coordinates":[[33.11103,-9.4923],[33.11118,-9.49245],[33.11129,-9.49256],[33.11138,-9.49266],[33.11143,-9.49278]]},"properties":{"id":791400592,"cls":"path","hw":"path","tg":"na","name":"","ref":"","surface":"","sc":"unknown","speed":null,"lit":"unk","km":0.07}},
{"type":"Feature","geometry":{"type":"LineString","coordinates":[[33.1115,-9.49313],[33.11147,-9.49304],[33.11144,-9.49301],[33.11141,-9.49295],[33.1114,-9.49289]]},"properties":{"id":791400593,"cls":"path","hw":"path","tg":"na","name":"","ref":"","surface":"","sc":"unknown","speed":null,"lit":"unk","km":0.029}},
{"type":"Feature","geometry":{"type":"LineString","coordinates":[[33.11126,-9.49312],[33.11132,-9.49322]]},"properties":{"id":791400594,"cls":"path","hw":"path","tg":"na","name":"","ref":"","surface":"","sc":"unknown","speed":null,"lit":"unk","km":0.013}},
{"type":"Feature","geometry":{"type":"LineString","coordinates":[[33.11117,-9.49633],[33.11116,-9.4963],[33.11114,-9.49624],[33.11115,-9.49618],[33.11113,-9.4961],[33.11111,-9.49605],[33.1111,-9.49596],[33.11111,-9.4959],[33.1111,-9.49583],[33.11105,-9.49576],[33.11101,-9.49567],[33.111,-9.49557],[33.111,-9.4955],[33.11101,-9.49538],[33.11103,-9.49527],[33.11106,-9.49516],[33.11109,-9.49507],[33.11112,-9.49498],[33.11116,-9.4949],[33.11118,-9.4948],[33.11123,-9.49474],[33.11127,-9.49468],[33.11131,-9.49461],[33.11136,-9.49454],[33.11139,-9.49447],[33.11148,-9.49442],[33.11149,-9.49437],[33.11149,-9.49428],[33.11149,-9.4942],[33.1115,-9.49411],[33.11148,-9.49402],[33.11149,-9.49395],[33.1116,-9.49388]]},"properties":{"id":791408459,"cls":"path","hw":"path","tg":"na","name":"","ref":"","surface":"","sc":"unknown","speed":null,"lit":"unk","km":0.299}},
{"type":"Feature","geometry":{"type":"LineString","coordinates":[[33.113,-9.49932],[33.11291,-9.49939],[33.11284,-9.49947],[33.11277,-9.49955],[33.1127,-9.49961],[33.11261,-9.49969],[33.11251,-9.49975],[33.11245,-9.49982],[33.11241,-9.4999],[33.11239,-9.50004],[33.11236,-9.50017]]},"properties":{"id":791408887,"cls":"path","hw":"path","tg":"na","name":"","ref":"","surface":"","sc":"unknown","speed":null,"lit":"unk","km":0.123}},
{"type":"Feature","geometry":{"type":"LineString","coordinates":[[33.11021,-9.49344],[33.11021,-9.49349],[33.11023,-9.49362],[33.11023,-9.49372],[33.11022,-9.49383],[33.11021,-9.49393],[33.11022,-9.49403],[33.11018,-9.49412],[33.11013,-9.4942],[33.11009,-9.49428],[33.11006,-9.49433],[33.11004,-9.4944],[33.11005,-9.49448],[33.11008,-9.49456],[33.11008,-9.49463],[33.11007,-9.49475],[33.11004,-9.49481],[33.11001,-9.4949],[33.10998,-9.49493],[33.1099,-9.49499],[33.10976,-9.49506],[33.10965,-9.49512],[33.10957,-9.49517],[33.10952,-9.49519],[33.10947,-9.49525],[33.10941,-9.49532],[33.10937,-9.49539],[33.10937,-9.4955],[33.10937,-9.49557],[33.10932,-9.49566],[33.10926,-9.49574],[33.10927,-9.49583],[33.10921,-9.49592],[33.10911,-9.49601],[33.10902,-9.49606],[33.10889,-9.49612]]},"properties":{"id":791428457,"cls":"path","hw":"path","tg":"na","name":"","ref":"","surface":"","sc":"unknown","speed":null,"lit":"unk","km":0.367}},
{"type":"Feature","geometry":{"type":"LineString","coordinates":[[33.10735,-9.49312],[33.1074,-9.49318],[33.10745,-9.49327],[33.10748,-9.49338],[33.10749,-9.49352],[33.10746,-9.49362],[33.10747,-9.49373],[33.10743,-9.49385],[33.10736,-9.49397],[33.1073,-9.49405],[33.1072,-9.49415],[33.10719,-9.49426],[33.10717,-9.49436],[33.10718,-9.4945],[33.10725,-9.49462],[33.10735,-9.4947],[33.10738,-9.49481],[33.10742,-9.49492],[33.10747,-9.49502],[33.10755,-9.49511],[33.10764,-9.49516],[33.10772,-9.49524],[33.10773,-9.49532],[33.10776,-9.49535],[33.10779,-9.49539],[33.10781,-9.49541]]},"properties":{"id":791428458,"cls":"path","hw":"path","tg":"na","name":"","ref":"","surface":"","sc":"unknown","speed":null,"lit":"unk","km":0.295}},
{"type":"Feature","geometry":{"type":"LineString","coordinates":[[33.16056,-9.49112],[33.16034,-9.49115],[33.1602,-9.49113],[33.16005,-9.49108],[33.15988,-9.49104],[33.15966,-9.49102],[33.15948,-9.49102],[33.15936,-9.491],[33.15925,-9.491]]},"properties":{"id":791432759,"cls":"unclassified","hw":"unclassified","tg":"na","name":"","ref":"","surface":"","sc":"unknown","speed":null,"lit":"unk","km":0.146}},
{"type":"Feature","geometry":{"type":"LineString","coordinates":[[33.15982,-9.49265],[33.15972,-9.49238],[33.15964,-9.49218],[33.15957,-9.492],[33.15948,-9.49172],[33.15943,-9.49163],[33.1594,-9.49146],[33.15938,-9.49135],[33.15934,-9.49127],[33.15931,-9.49116],[33.15928,-9.49109],[33.15925,-9.491]]},"properties":{"id":791432760,"cls":"unclassified","hw":"unclassified","tg":"na","name":"","ref":"","surface":"","sc":"unknown","speed":null,"lit":"unk","km":0.195}},
{"type":"Feature","geometry":{"type":"LineString","coordinates":[[33.15925,-9.491],[33.15924,-9.49084],[33.15919,-9.49066],[33.15918,-9.49053],[33.15914,-9.49043],[33.15907,-9.49028],[33.15903,-9.49018],[33.15901,-9.49012],[33.15896,-9.48996],[33.15896,-9.48992],[33.15893,-9.48969],[33.15891,-9.48948],[33.15888,-9.4894],[33.1588,-9.48924],[33.15877,-9.48909],[33.15873,-9.489],[33.1586,-9.48883],[33.15851,-9.48866],[33.15838,-9.48843],[33.15827,-9.48826],[33.15813,-9.48811],[33.15793,-9.48794],[33.15771,-9.48776],[33.15753,-9.4876],[33.15739,-9.48743],[33.15725,-9.48728],[33.15712,-9.48718],[33.15708,-9.48715],[33.15692,-9.48702],[33.15682,-9.48688],[33.15669,-9.48665],[33.1566,-9.48649],[33.15651,-9.48623],[33.15641,-9.48602],[33.15628,-9.48576],[33.15618,-9.48555],[33.15616,-9.48552],[33.15608,-9.48537],[33.15602,-9.48527],[33.15592,-9.48506],[33.1559,-9.48496],[33.15591,-9.48467],[33.15591,-9.48446],[33.15587,-9.48423],[33.15579,-9.48407],[33.15556,-9.48382],[33.15537,-9.48362],[33.15519,-9.48347],[33.15502,-9.48325],[33.15482,-9.483],[33.15465,-9.4828],[33.1545,-9.48266],[33.15443,-9.48248],[33.15436,-9.48238],[33.1542,-9.48227],[33.15403,-9.48217]]},"properties":{"id":791432761,"cls":"unclassified","hw":"unclassified","tg":"na","name":"","ref":"","surface":"","sc":"unknown","speed":null,"lit":"unk","km":1.179}},
{"type":"Feature","geometry":{"type":"LineString","coordinates":[[33.11105,-9.4998],[33.11102,-9.49975],[33.11099,-9.49964],[33.11096,-9.49956],[33.1109,-9.49951],[33.11089,-9.49947]]},"properties":{"id":791433975,"cls":"path","hw":"path","tg":"na","name":"","ref":"","surface":"","sc":"unknown","speed":null,"lit":"unk","km":0.042}},
{"type":"Feature","geometry":{"type":"LineString","coordinates":[[33.11105,-9.4998],[33.11119,-9.49978],[33.11134,-9.49968],[33.11147,-9.49962],[33.1116,-9.49955],[33.11169,-9.49945],[33.11179,-9.49938],[33.11185,-9.49934],[33.11198,-9.49926],[33.11209,-9.49922],[33.11218,-9.49915],[33.11227,-9.4991],[33.11233,-9.49904],[33.11247,-9.49895],[33.11251,-9.4989]]},"properties":{"id":791433976,"cls":"path","hw":"path","tg":"na","name":"","ref":"","surface":"","sc":"unknown","speed":null,"lit":"unk","km":0.192}},
{"type":"Feature","geometry":{"type":"LineString","coordinates":[[33.11028,-9.49872],[33.11008,-9.49912],[33.11001,-9.4993],[33.10998,-9.49943]]},"properties":{"id":791434736,"cls":"path","hw":"path","tg":"na","name":"","ref":"","surface":"","sc":"unknown","speed":null,"lit":"unk","km":0.086}},
{"type":"Feature","geometry":{"type":"LineString","coordinates":[[33.11089,-9.49947],[33.11085,-9.49944],[33.11076,-9.49937],[33.11074,-9.49933],[33.11074,-9.49929],[33.11075,-9.49924],[33.11074,-9.49918],[33.11065,-9.4991],[33.11051,-9.49896],[33.11041,-9.49886],[33.11028,-9.49872]]},"properties":{"id":791434737,"cls":"path","hw":"path","tg":"na","name":"","ref":"","surface":"","sc":"unknown","speed":null,"lit":"unk","km":0.112}},
{"type":"Feature","geometry":{"type":"LineString","coordinates":[[33.11251,-9.4989],[33.11242,-9.4989],[33.11215,-9.49893],[33.11194,-9.49894],[33.11168,-9.49897],[33.11152,-9.499],[33.1113,-9.49907],[33.11118,-9.49912],[33.1111,-9.4992],[33.11104,-9.49931],[33.11096,-9.49942],[33.11089,-9.49947]]},"properties":{"id":791434738,"cls":"path","hw":"path","tg":"na","name":"","ref":"","surface":"","sc":"unknown","speed":null,"lit":"unk","km":0.2}},
{"type":"Feature","geometry":{"type":"LineString","coordinates":[[33.11275,-9.49882],[33.11287,-9.49891],[33.11322,-9.49898],[33.11334,-9.49898],[33.1135,-9.49898],[33.11386,-9.49887],[33.11417,-9.49887],[33.11441,-9.49886],[33.11475,-9.49876],[33.11504,-9.49865],[33.11527,-9.49846],[33.11538,-9.49831],[33.11556,-9.49803],[33.11583,-9.49791]]},"properties":{"id":791434739,"cls":"unclassified","hw":"unclassified","tg":"na","name":"","ref":"","surface":"","sc":"unknown","speed":null,"lit":"unk","km":0.384}},
{"type":"Feature","geometry":{"type":"LineString","coordinates":[[33.11275,-9.49882],[33.11266,-9.49889],[33.11255,-9.49891],[33.11251,-9.4989]]},"properties":{"id":791434740,"cls":"path","hw":"path","tg":"na","name":"","ref":"","surface":"","sc":"unknown","speed":null,"lit":"unk","km":0.029}},
{"type":"Feature","geometry":{"type":"LineString","coordinates":[[33.11138,-9.49674],[33.111,-9.49652],[33.11078,-9.49638],[33.11062,-9.49619]]},"properties":{"id":791434741,"cls":"path","hw":"path","tg":"na","name":"","ref":"","surface":"","sc":"unknown","speed":null,"lit":"unk","km":0.105}},
{"type":"Feature","geometry":{"type":"LineString","coordinates":[[33.11062,-9.49619],[33.11067,-9.49615],[33.11071,-9.49614],[33.11084,-9.49618],[33.11095,-9.49624],[33.11106,-9.49626],[33.11112,-9.49631],[33.11117,-9.49633]]},"properties":{"id":791435385,"cls":"path","hw":"path","tg":"na","name":"","ref":"","surface":"","sc":"unknown","speed":null,"lit":"unk","km":0.067}},
{"type":"Feature","geometry":{"type":"LineString","coordinates":[[33.11117,-9.49633],[33.11124,-9.49638],[33.11138,-9.49646],[33.11148,-9.49658]]},"properties":{"id":791435386,"cls":"path","hw":"path","tg":"na","name":"","ref":"","surface":"","sc":"unknown","speed":null,"lit":"unk","km":0.044}},
{"type":"Feature","geometry":{"type":"LineString","coordinates":[[33.11148,-9.49658],[33.11151,-9.49651],[33.11163,-9.49636],[33.11167,-9.49632],[33.11172,-9.49615],[33.11175,-9.49603],[33.11209,-9.49575],[33.11225,-9.49558],[33.11255,-9.49515],[33.11255,-9.49501],[33.11273,-9.49476],[33.11285,-9.49462]]},"properties":{"id":791435387,"cls":"path","hw":"path","tg":"na","name":"","ref":"","surface":"","sc":"unknown","speed":null,"lit":"unk","km":0.272}},
{"type":"Feature","geometry":{"type":"LineString","coordinates":[[33.1116,-9.49388],[33.11167,-9.49399],[33.11177,-9.49412],[33.11185,-9.49417],[33.1119,-9.49421],[33.11199,-9.49429],[33.11211,-9.49434],[33.11221,-9.49439],[33.11233,-9.49445],[33.11243,-9.49449],[33.11252,-9.49448],[33.11259,-9.49441],[33.11269,-9.49439],[33.11284,-9.49434],[33.11297,-9.49433]]},"properties":{"id":791435388,"cls":"path","hw":"path","tg":"na","name":"","ref":"","surface":"","sc":"unknown","speed":null,"lit":"unk","km":0.18}},
{"type":"Feature","geometry":{"type":"LineString","coordinates":[[33.11132,-9.49322],[33.11136,-9.4932],[33.11137,-9.49324],[33.11133,-9.4933],[33.11137,-9.49335],[33.1114,-9.4934],[33.11149,-9.49343],[33.11152,-9.49348],[33.11153,-9.49353],[33.11153,-9.49359],[33.11151,-9.49361],[33.11152,-9.49367],[33.11155,-9.49375],[33.1116,-9.49388]]},"properties":{"id":791435389,"cls":"path","hw":"path","tg":"na","name":"","ref":"","surface":"","sc":"unknown","speed":null,"lit":"unk","km":0.095}},
{"type":"Feature","geometry":{"type":"LineString","coordinates":[[33.11132,-9.49322],[33.11128,-9.49323],[33.11121,-9.49328],[33.11115,-9.4933],[33.11111,-9.49336],[33.11103,-9.49341],[33.11097,-9.49345],[33.11094,-9.49351],[33.11091,-9.49362],[33.11085,-9.49365],[33.11078,-9.49362],[33.11073,-9.49356],[33.11069,-9.49351],[33.11051,-9.49346],[33.11044,-9.49345],[33.11035,-9.49341]]},"properties":{"id":791435390,"cls":"path","hw":"path","tg":"na","name":"","ref":"","surface":"","sc":"unknown","speed":null,"lit":"unk","km":0.138}},
{"type":"Feature","geometry":{"type":"LineString","coordinates":[[33.1114,-9.49289],[33.11132,-9.49294],[33.11122,-9.49301],[33.11115,-9.49302],[33.11112,-9.49306],[33.11106,-9.49311],[33.11098,-9.49317],[33.11091,-9.49315],[33.11084,-9.4931]]},"properties":{"id":791435391,"cls":"path","hw":"path","tg":"na","name":"","ref":"","surface":"","sc":"unknown","speed":null,"lit":"unk","km":0.074}},
{"type":"Feature","geometry":{"type":"LineString","coordinates":[[33.11143,-9.49278],[33.1114,-9.49289]]},"properties":{"id":791435392,"cls":"path","hw":"path","tg":"na","name":"","ref":"","surface":"","sc":"unknown","speed":null,"lit":"unk","km":0.013}},
{"type":"Feature","geometry":{"type":"LineString","coordinates":[[33.11084,-9.4931],[33.11077,-9.49315],[33.11074,-9.49319],[33.11069,-9.49323],[33.11064,-9.49328],[33.11058,-9.49334],[33.11051,-9.49336],[33.11042,-9.49337],[33.11035,-9.49341]]},"properties":{"id":791436580,"cls":"path","hw":"path","tg":"na","name":"","ref":"","surface":"","sc":"unknown","speed":null,"lit":"unk","km":0.066}},
{"type":"Feature","geometry":{"type":"LineString","coordinates":[[33.11035,-9.49341],[33.11031,-9.49341],[33.11021,-9.49344]]},"properties":{"id":791436581,"cls":"path","hw":"path","tg":"na","name":"","ref":"","surface":"","sc":"unknown","speed":null,"lit":"unk","km":0.016}},
{"type":"Feature","geometry":{"type":"LineString","coordinates":[[33.11021,-9.49344],[33.11013,-9.49346],[33.11005,-9.49352],[33.10998,-9.49356],[33.10992,-9.49357],[33.10987,-9.49352],[33.10981,-9.49347],[33.10975,-9.49342],[33.10971,-9.49338],[33.10967,-9.49334],[33.10966,-9.4933],[33.10962,-9.49325],[33.10958,-9.49322],[33.1095,-9.49316],[33.10945,-9.49312],[33.10937,-9.49313],[33.10928,-9.49314]]},"properties":{"id":791436582,"cls":"path","hw":"path","tg":"na","name":"","ref":"","surface":"","sc":"unknown","speed":null,"lit":"unk","km":0.127}},
{"type":"Feature","geometry":{"type":"LineString","coordinates":[[33.10928,-9.49314],[33.10854,-9.49324],[33.1082,-9.49325],[33.10799,-9.49314],[33.10797,-9.49309],[33.1079,-9.49302],[33.10781,-9.493],[33.10766,-9.49305],[33.10754,-9.49301],[33.10744,-9.49302],[33.10738,-9.49297],[33.10734,-9.49297]]},"properties":{"id":791436583,"cls":"path","hw":"path","tg":"na","name":"","ref":"","surface":"","sc":"unknown","speed":null,"lit":"unk","km":0.228}},
{"type":"Feature","geometry":{"type":"LineString","coordinates":[[33.10928,-9.49314],[33.10926,-9.49318],[33.10912,-9.49349],[33.10915,-9.49407],[33.10904,-9.49444],[33.10904,-9.4947],[33.10839,-9.49549]]},"properties":{"id":791436584,"cls":"path","hw":"path","tg":"na","name":"","ref":"","surface":"","sc":"unknown","speed":null,"lit":"unk","km":0.292}},
{"type":"Feature","geometry":{"type":"LineString","coordinates":[[33.10734,-9.49297],[33.10734,-9.49303],[33.10736,-9.49307],[33.10735,-9.49312]]},"properties":{"id":791436585,"cls":"path","hw":"path","tg":"na","name":"","ref":"","surface":"","sc":"unknown","speed":null,"lit":"unk","km":0.017}},
{"type":"Feature","geometry":{"type":"LineString","coordinates":[[33.11046,-9.45195],[33.11044,-9.45227],[33.11022,-9.4526],[33.1101,-9.45281],[33.11003,-9.45297],[33.10999,-9.45299],[33.10989,-9.45304],[33.10963,-9.45311],[33.10954,-9.45321],[33.10944,-9.45334],[33.10931,-9.45338],[33.10898,-9.45352],[33.1089,-9.45356],[33.1087,-9.45394],[33.10862,-9.45401],[33.10845,-9.45441],[33.10833,-9.45464],[33.10816,-9.45484],[33.10803,-9.45517],[33.10787,-9.45554],[33.10781,-9.45595],[33.10758,-9.4563],[33.10729,-9.45655],[33.10706,-9.45678],[33.10683,-9.45697],[33.10675,-9.45711],[33.1065,-9.45779],[33.10633,-9.45819],[33.10626,-9.45874],[33.1062,-9.45899],[33.10593,-9.45943],[33.10578,-9.45975],[33.10569,-9.45996]]},"properties":{"id":791436879,"cls":"unclassified","hw":"unclassified","tg":"na","name":"","ref":"","surface":"","sc":"unknown","speed":null,"lit":"unk","km":1.081}},
{"type":"Feature","geometry":{"type":"LineString","coordinates":[[33.1056,-9.49341],[33.1057,-9.49334],[33.10591,-9.49318],[33.10623,-9.49296],[33.10634,-9.49286],[33.10648,-9.49267],[33.10654,-9.49256],[33.10659,-9.49238],[33.10663,-9.49228],[33.10675,-9.49209],[33.10698,-9.49175],[33.10714,-9.49151],[33.10729,-9.49128],[33.10743,-9.49101],[33.10763,-9.49055],[33.10772,-9.49044],[33.10776,-9.49035],[33.10777,-9.49026]]},"properties":{"id":791437397,"cls":"residential","hw":"residential","tg":"na","name":"","ref":"","surface":"","sc":"unknown","speed":null,"lit":"unk","km":0.433}},
{"type":"Feature","geometry":{"type":"LineString","coordinates":[[33.10573,-9.49354],[33.10568,-9.49348],[33.1056,-9.49341]]},"properties":{"id":791437398,"cls":"path","hw":"path","tg":"na","name":"","ref":"","surface":"","sc":"unknown","speed":null,"lit":"unk","km":0.02}},
{"type":"Feature","geometry":{"type":"LineString","coordinates":[[33.10524,-9.49368],[33.10527,-9.49364],[33.10544,-9.49348],[33.1056,-9.49341]]},"properties":{"id":791437399,"cls":"path","hw":"path","tg":"na","name":"","ref":"","surface":"","sc":"unknown","speed":null,"lit":"unk","km":0.05}},
{"type":"Feature","geometry":{"type":"LineString","coordinates":[[33.10518,-9.49376],[33.10521,-9.49372],[33.10524,-9.49368]]},"properties":{"id":791437400,"cls":"path","hw":"path","tg":"na","name":"","ref":"","surface":"","sc":"unknown","speed":null,"lit":"unk","km":0.011}},
{"type":"Feature","geometry":{"type":"LineString","coordinates":[[33.10481,-9.49382],[33.10501,-9.49416]]},"properties":{"id":791437401,"cls":"path","hw":"path","tg":"na","name":"","ref":"","surface":"","sc":"unknown","speed":null,"lit":"unk","km":0.044}},
{"type":"Feature","geometry":{"type":"LineString","coordinates":[[33.10481,-9.49382],[33.10478,-9.49381],[33.10475,-9.49381],[33.10472,-9.49379],[33.1047,-9.49379],[33.10466,-9.49381],[33.10462,-9.49384],[33.10457,-9.49383],[33.1045,-9.49383],[33.10436,-9.49384],[33.10425,-9.4939],[33.10415,-9.49394],[33.10404,-9.49401],[33.10395,-9.49409],[33.10384,-9.49417],[33.10376,-9.49422],[33.10372,-9.49426],[33.10365,-9.49433],[33.1036,-9.49439],[33.10354,-9.49445],[33.10347,-9.49452],[33.1034,-9.49461],[33.10333,-9.49473],[33.10321,-9.49484],[33.1031,-9.49494],[33.10296,-9.49498],[33.10277,-9.49499],[33.10263,-9.49499],[33.10249,-9.49496],[33.10241,-9.49498],[33.10231,-9.49496],[33.10216,-9.49494],[33.10202,-9.49489],[33.10191,-9.4949],[33.10179,-9.49499],[33.10167,-9.49498],[33.10155,-9.49496],[33.1014,-9.49492],[33.10117,-9.4949],[33.10096,-9.49488],[33.10082,-9.49492],[33.10069,-9.49498],[33.10051,-9.49504],[33.10034,-9.4951],[33.1002,-9.49516],[33.10002,-9.49528],[33.09993,-9.49552],[33.09985,-9.49568],[33.09962,-9.49588],[33.09955,-9.49604],[33.09943,-9.49619],[33.09936,-9.49632],[33.09935,-9.49643],[33.09912,-9.49637],[33.09896,-9.49635],[33.09876,-9.49633],[33.09854,-9.4963],[33.09833,-9.49621],[33.09812,-9.49606],[33.09793,-9.49603],[33.09779,-9.49609],[33.09766,-9.49617],[33.09758,-9.49626],[33.09745,-9.49639],[33.09727,-9.49657],[33.09713,-9.4966],[33.09693,-9.49669],[33.09678,-9.49682],[33.09671,-9.49695],[33.09648,-9.49703],[33.09641,-9.49716],[33.09632,-9.49727],[33.09622,-9.49744],[33.09604,-9.4975],[33.09592,-9.49765],[33.09575,-9.49765],[33.09562,-9.4976],[33.09548,-9.49755],[33.09518,-9.49753],[33.09493,-9.49749],[33.09471,-9.49749],[33.09462,-9.49755],[33.09453,-9.49767],[33.09445,-9.49781],[33.09435,-9.49789],[33.09424,-9.49796],[33.09405,-9.49805],[33.09393,-9.49813],[33.09381,-9.49823],[33.09375,-9.49838],[33.09369,-9.49848],[33.09361,-9.49862],[33.09349,-9.49875],[33.09338,-9.49891],[33.09329,-9.49894],[33.09316,-9.49901],[33.09291,-9.49903],[33.09271,-9.49896],[33.0925,-9.49887],[33.09244,-9.4988],[33.09223,-9.4987],[33.09202,-9.49864],[33.0919,-9.49855],[33.09171,-9.49852],[33.09158,-9.49844],[33.0915,-9.49832]]},"properties":{"id":791437402,"cls":"path","hw":"path","tg":"na","name":"","ref":"","surface":"","sc":"unknown","speed":null,"lit":"unk","km":1.795}},
{"type":"Feature","geometry":{"type":"LineString","coordinates":[[33.10781,-9.49541],[33.10782,-9.49539],[33.10791,-9.4954],[33.10818,-9.4954],[33.10839,-9.49549]]},"properties":{"id":791437403,"cls":"path","hw":"path","tg":"na","name":"","ref":"","surface":"","sc":"unknown","speed":null,"lit":"unk","km":0.067}},
{"type":"Feature","geometry":{"type":"LineString","coordinates":[[33.10839,-9.49549],[33.10857,-9.49574],[33.10889,-9.49612]]},"properties":{"id":791437404,"cls":"path","hw":"path","tg":"na","name":"","ref":"","surface":"","sc":"unknown","speed":null,"lit":"unk","km":0.089}},
{"type":"Feature","geometry":{"type":"LineString","coordinates":[[33.10889,-9.49612],[33.10885,-9.49617],[33.10879,-9.49625],[33.10869,-9.49633],[33.10858,-9.49636],[33.10844,-9.49642],[33.10835,-9.49646],[33.10821,-9.49645]]},"properties":{"id":791437405,"cls":"path","hw":"path","tg":"na","name":"","ref":"","surface":"","sc":"unknown","speed":null,"lit":"unk","km":0.088}},
{"type":"Feature","geometry":{"type":"LineString","coordinates":[[33.10889,-9.49612],[33.1092,-9.4963],[33.10935,-9.49638],[33.10952,-9.49638],[33.10957,-9.4963],[33.10966,-9.49617],[33.10971,-9.49615],[33.10987,-9.49601],[33.10993,-9.49598],[33.10995,-9.49591],[33.11001,-9.49586],[33.1101,-9.49588],[33.11017,-9.49595],[33.11024,-9.49602],[33.11027,-9.49609],[33.11031,-9.49615],[33.11062,-9.49619]]},"properties":{"id":791437406,"cls":"path","hw":"path","tg":"na","name":"","ref":"","surface":"","sc":"unknown","speed":null,"lit":"unk","km":0.241}},
{"type":"Feature","geometry":{"type":"LineString","coordinates":[[33.10821,-9.49645],[33.10825,-9.49653],[33.10817,-9.4966],[33.10811,-9.49667],[33.10806,-9.49676],[33.10801,-9.49688],[33.10793,-9.49696],[33.10788,-9.49708],[33.1079,-9.49716],[33.10789,-9.49725],[33.10782,-9.49732],[33.10779,-9.49743],[33.10771,-9.49747],[33.10769,-9.49755],[33.10763,-9.49762],[33.10761,-9.49771],[33.10764,-9.49777],[33.10769,-9.4979],[33.10773,-9.49798],[33.10775,-9.49809],[33.10776,-9.49818],[33.10779,-9.49827],[33.10782,-9.49835],[33.10787,-9.49849],[33.10787,-9.49858],[33.1078,-9.49866],[33.10774,-9.49871],[33.10773,-9.49879],[33.10763,-9.49898],[33.10753,-9.49908],[33.10747,-9.49915],[33.10747,-9.49922],[33.10747,-9.49932],[33.10745,-9.49943],[33.10742,-9.49953],[33.10738,-9.49973],[33.10734,-9.49983],[33.10732,-9.49993],[33.10728,-9.50007],[33.10727,-9.50016],[33.10726,-9.50023],[33.10721,-9.50038],[33.10717,-9.50057],[33.10714,-9.50067],[33.10695,-9.50081],[33.10682,-9.50091],[33.10674,-9.50104],[33.10666,-9.5012],[33.10659,-9.50134],[33.10652,-9.50144],[33.10634,-9.50152],[33.10622,-9.50165],[33.10623,-9.50179],[33.10615,-9.50188],[33.10611,-9.50197],[33.10614,-9.50209],[33.10622,-9.50219],[33.10623,-9.50236],[33.10618,-9.50259],[33.10611,-9.50274],[33.10613,-9.50289],[33.10616,-9.5031],[33.10617,-9.50323],[33.10609,-9.50341],[33.10604,-9.50356],[33.10595,-9.50373],[33.10591,-9.50388],[33.10585,-9.504],[33.10573,-9.50408],[33.10554,-9.50413],[33.10543,-9.50419],[33.10527,-9.50429],[33.10511,-9.50436],[33.10497,-9.50447],[33.10493,-9.50454],[33.10484,-9.50461],[33.10482,-9.50468],[33.10476,-9.50473],[33.10469,-9.50481],[33.10467,-9.50486],[33.1046,-9.5049],[33.10448,-9.50495],[33.1044,-9.50502],[33.10432,-9.50514],[33.10422,-9.50525],[33.1041,-9.50534],[33.10395,-9.50544],[33.10383,-9.5055],[33.10375,-9.50546],[33.10364,-9.50548],[33.1036,-9.50549],[33.10351,-9.50558],[33.10344,-9.50562],[33.10336,-9.50568],[33.10335,-9.50575],[33.10331,-9.50576],[33.10326,-9.50577],[33.10319,-9.5058],[33.1032,-9.50586],[33.10325,-9.5059],[33.10323,-9.50602],[33.10319,-9.50608],[33.10313,-9.50618],[33.10305,-9.50627],[33.10294,-9.50635],[33.10287,-9.50642],[33.10279,-9.50641],[33.10274,-9.50642],[33.10268,-9.50645],[33.10262,-9.50647],[33.10256,-9.50648],[33.10249,-9.50652],[33.10242,-9.50653],[33.10235,-9.50659],[33.1023,-9.50662],[33.10222,-9.50663],[33.10217,-9.50663],[33.10211,-9.50662],[33.10202,-9.50663],[33.10193,-9.50663],[33.10184,-9.50662],[33.10174,-9.50662],[33.10164,-9.50666],[33.10155,-9.50667],[33.10149,-9.50668],[33.10142,-9.50669],[33.10135,-9.50669],[33.10127,-9.50671],[33.10111,-9.50673],[33.10101,-9.50674],[33.1009,-9.50672],[33.10082,-9.50674],[33.10074,-9.50676],[33.10063,-9.5068],[33.10052,-9.50683],[33.10045,-9.50686],[33.10034,-9.50687],[33.10028,-9.50688],[33.10019,-9.50689],[33.10008,-9.50686],[33.09995,-9.50685],[33.09989,-9.50683],[33.0998,-9.50681],[33.09973,-9.50677],[33.09966,-9.50674],[33.09958,-9.50669],[33.0995,-9.50663],[33.0994,-9.50658],[33.09933,-9.50657],[33.09927,-9.50655],[33.09921,-9.50656],[33.09917,-9.5066],[33.09909,-9.50663],[33.09898,-9.50668],[33.0989,-9.50668],[33.09874,-9.50666],[33.09867,-9.50666],[33.09864,-9.5067],[33.09857,-9.50673],[33.09852,-9.50668],[33.0985,-9.50661],[33.09844,-9.50657],[33.09835,-9.50653],[33.09826,-9.50649],[33.09816,-9.50644],[33.09807,-9.50639],[33.09791,-9.50632],[33.09784,-9.50625],[33.09778,-9.50622],[33.09771,-9.50617],[33.09765,-9.5061],[33.09754,-9.50604],[33.09743,-9.506],[33.09736,-9.50593],[33.09734,-9.50585],[33.09725,-9.50581],[33.09721,-9.50582]]},"properties":{"id":791437407,"cls":"path","hw":"path","tg":"na","name":"","ref":"","surface":"","sc":"unknown","speed":null,"lit":"unk","km":2.099}},
{"type":"Feature","geometry":{"type":"LineString","coordinates":[[33.10764,-9.49632],[33.10794,-9.49634],[33.10816,-9.49644],[33.10821,-9.49645]]},"properties":{"id":791437408,"cls":"path","hw":"path","tg":"na","name":"","ref":"","surface":"","sc":"unknown","speed":null,"lit":"unk","km":0.065}},
{"type":"Feature","geometry":{"type":"LineString","coordinates":[[33.10998,-9.49943],[33.10993,-9.49962],[33.10986,-9.5001],[33.10979,-9.50043],[33.10978,-9.50067]]},"properties":{"id":791437410,"cls":"path","hw":"path","tg":"na","name":"","ref":"","surface":"","sc":"unknown","speed":null,"lit":"unk","km":0.14}},
{"type":"Feature","geometry":{"type":"LineString","coordinates":[[33.16937,-9.48635],[33.16962,-9.48685],[33.16972,-9.48709],[33.16981,-9.48731],[33.16986,-9.48755],[33.16973,-9.48802],[33.16953,-9.48825],[33.16933,-9.48853],[33.1692,-9.48865],[33.16908,-9.48892],[33.16906,-9.48902],[33.16902,-9.4892],[33.16914,-9.48984],[33.16916,-9.49],[33.1692,-9.49027],[33.16929,-9.49037],[33.1693,-9.49046],[33.16925,-9.4906],[33.16925,-9.49067],[33.16937,-9.49103],[33.16942,-9.4913],[33.16953,-9.49155],[33.16969,-9.49176],[33.16989,-9.4919],[33.17007,-9.49201]]},"properties":{"id":791442036,"cls":"unclassified","hw":"unclassified","tg":"na","name":"","ref":"","surface":"","sc":"unknown","speed":null,"lit":"unk","km":0.707}},
{"type":"Feature","geometry":{"type":"LineString","coordinates":[[33.16039,-9.49184],[33.16064,-9.49164],[33.16091,-9.49141],[33.16102,-9.49123],[33.16109,-9.49111],[33.16129,-9.49093],[33.16159,-9.49083],[33.16162,-9.49082],[33.16176,-9.49081],[33.16192,-9.4909],[33.16201,-9.49097],[33.16205,-9.491]]},"properties":{"id":791442047,"cls":"unclassified","hw":"unclassified","tg":"na","name":"","ref":"","surface":"","sc":"unknown","speed":null,"lit":"unk","km":0.235}},
{"type":"Feature","geometry":{"type":"LineString","coordinates":[[33.16227,-9.49013],[33.16208,-9.49022],[33.16189,-9.49036],[33.1618,-9.49047],[33.16174,-9.4906],[33.1617,-9.49068],[33.16167,-9.49079],[33.16162,-9.49082]]},"properties":{"id":791442049,"cls":"unclassified","hw":"unclassified","tg":"na","name":"","ref":"","surface":"","sc":"unknown","speed":null,"lit":"unk","km":0.11}},
{"type":"Feature","geometry":{"type":"LineString","coordinates":[[33.16059,-9.49077],[33.16076,-9.49083],[33.16098,-9.49092],[33.16106,-9.49099],[33.16109,-9.49111]]},"properties":{"id":791442050,"cls":"unclassified","hw":"unclassified","tg":"na","name":"","ref":"","surface":"","sc":"unknown","speed":null,"lit":"unk","km":0.071}},
{"type":"Feature","geometry":{"type":"LineString","coordinates":[[33.16205,-9.491],[33.16222,-9.49102],[33.1623,-9.49106],[33.16236,-9.49115],[33.16244,-9.49124],[33.1625,-9.49128],[33.16255,-9.49137],[33.16255,-9.49151],[33.1625,-9.49158],[33.16243,-9.49173]]},"properties":{"id":791442051,"cls":"unclassified","hw":"unclassified","tg":"na","name":"","ref":"","surface":"","sc":"unknown","speed":null,"lit":"unk","km":0.117}},
{"type":"Feature","geometry":{"type":"LineString","coordinates":[[33.16201,-9.49097],[33.1619,-9.49113],[33.16194,-9.4912],[33.16201,-9.49131],[33.162,-9.49136],[33.16212,-9.49147],[33.16221,-9.4916],[33.16227,-9.49165],[33.16243,-9.49173],[33.16254,-9.49182],[33.1627,-9.4919],[33.16277,-9.49196],[33.16298,-9.49203],[33.16303,-9.49201],[33.16314,-9.49198]]},"properties":{"id":791442052,"cls":"unclassified","hw":"unclassified","tg":"na","name":"","ref":"","surface":"","sc":"unknown","speed":null,"lit":"unk","km":0.203}},
{"type":"Feature","geometry":{"type":"LineString","coordinates":[[33.16304,-9.48963],[33.16294,-9.48972],[33.16278,-9.48977],[33.1625,-9.48997],[33.16227,-9.49013],[33.16217,-9.4902],[33.16207,-9.49037],[33.16204,-9.49054],[33.16205,-9.49072],[33.16205,-9.49094],[33.16205,-9.491]]},"properties":{"id":791442064,"cls":"unclassified","hw":"unclassified","tg":"na","name":"","ref":"","surface":"","sc":"unknown","speed":null,"lit":"unk","km":0.208}},
{"type":"Feature","geometry":{"type":"LineString","coordinates":[[33.10327,-9.46738],[33.10348,-9.46716],[33.10373,-9.46684],[33.10389,-9.46654],[33.10408,-9.46607],[33.10417,-9.46587],[33.10425,-9.46574],[33.10428,-9.4657],[33.10446,-9.46546],[33.10457,-9.46534],[33.10497,-9.46511],[33.10502,-9.46501],[33.105,-9.46489],[33.10506,-9.4648],[33.10514,-9.46475],[33.10525,-9.46454],[33.10524,-9.46446],[33.10492,-9.46431],[33.10471,-9.46415]]},"properties":{"id":791454861,"cls":"path","hw":"path","tg":"na","name":"","ref":"","surface":"","sc":"unknown","speed":null,"lit":"unk","km":0.473}},
{"type":"Feature","geometry":{"type":"LineString","coordinates":[[33.10524,-9.46446],[33.10543,-9.46404],[33.10544,-9.46363],[33.10553,-9.46343],[33.10565,-9.46315],[33.10584,-9.46297],[33.10596,-9.46275],[33.10594,-9.46266],[33.10522,-9.46232],[33.10515,-9.46224],[33.10465,-9.46197],[33.1046,-9.46196],[33.10448,-9.4619],[33.10419,-9.4617],[33.10404,-9.46165],[33.10372,-9.46159],[33.10346,-9.46149],[33.10329,-9.46172],[33.10327,-9.46173],[33.10323,-9.46172],[33.10321,-9.46173],[33.10314,-9.46186],[33.10309,-9.46199],[33.10306,-9.46199],[33.10299,-9.46196],[33.10287,-9.46202],[33.10268,-9.462],[33.1026,-9.46196],[33.10245,-9.46197],[33.10219,-9.46185],[33.10157,-9.46267],[33.10149,-9.46276],[33.10099,-9.46298],[33.10093,-9.46294],[33.1008,-9.46302],[33.1008,-9.46313],[33.10076,-9.46322],[33.10065,-9.46329],[33.10054,-9.46335],[33.10046,-9.46352],[33.10041,-9.46357]]},"properties":{"id":791454862,"cls":"path","hw":"path","tg":"na","name":"","ref":"","surface":"","sc":"unknown","speed":null,"lit":"unk","km":0.996}},
{"type":"Feature","geometry":{"type":"LineString","coordinates":[[33.1026,-9.46676],[33.10293,-9.4666],[33.10308,-9.46662],[33.10341,-9.46655],[33.10344,-9.46659],[33.1033,-9.46703],[33.10327,-9.46738]]},"properties":{"id":791454863,"cls":"path","hw":"path","tg":"na","name":"","ref":"","surface":"","sc":"unknown","speed":null,"lit":"unk","km":0.19}},
{"type":"Feature","geometry":{"type":"LineString","coordinates":[[33.1041,-9.46816],[33.10428,-9.46797],[33.1044,-9.4678],[33.10454,-9.46771]]},"properties":{"id":791454864,"cls":"path","hw":"path","tg":"na","name":"","ref":"","surface":"","sc":"unknown","speed":null,"lit":"unk","km":0.07}},
{"type":"Feature","geometry":{"type":"LineString","coordinates":[[33.10266,-9.46681],[33.1025,-9.46686],[33.10233,-9.4669],[33.10219,-9.46693],[33.10173,-9.46699],[33.10143,-9.46705],[33.1014,-9.46706],[33.1008,-9.46727],[33.10007,-9.46756],[33.09981,-9.46767],[33.09955,-9.4678],[33.09923,-9.46796],[33.09863,-9.46828],[33.09818,-9.4685],[33.09737,-9.46895],[33.09701,-9.46917],[33.09689,-9.46928],[33.09656,-9.46956],[33.09624,-9.46986],[33.09584,-9.47019],[33.09528,-9.47065],[33.09482,-9.47093],[33.09414,-9.47133]]},"properties":{"id":791454874,"cls":"unclassified","hw":"unclassified","tg":"na","name":"","ref":"","surface":"","sc":"unknown","speed":null,"lit":"unk","km":1.075}},
{"type":"Feature","geometry":{"type":"LineString","coordinates":[[33.10007,-9.46756],[33.10009,-9.46774],[33.10014,-9.46797],[33.10017,-9.46805],[33.10015,-9.46813],[33.1002,-9.4683],[33.10021,-9.46842],[33.10028,-9.4684],[33.10032,-9.46847],[33.10032,-9.46852],[33.10054,-9.46895],[33.1007,-9.46895],[33.10094,-9.46874],[33.10115,-9.469],[33.10139,-9.46888],[33.10161,-9.46882],[33.10171,-9.4688],[33.10177,-9.4688],[33.10193,-9.46878],[33.10194,-9.46877],[33.10205,-9.46873],[33.10241,-9.46866],[33.10257,-9.46861],[33.10271,-9.46851],[33.103,-9.46836],[33.10305,-9.46834],[33.10313,-9.46833],[33.10319,-9.46831],[33.1033,-9.46823],[33.10344,-9.46813],[33.1035,-9.46812],[33.10359,-9.46811],[33.10367,-9.46818],[33.10372,-9.46818],[33.10387,-9.46819],[33.10391,-9.46819],[33.10404,-9.4681]]},"properties":{"id":791454875,"cls":"path","hw":"path","tg":"na","name":"","ref":"","surface":"","sc":"unknown","speed":null,"lit":"unk","km":0.609}},
{"type":"Feature","geometry":{"type":"LineString","coordinates":[[33.10378,-9.46785],[33.10372,-9.46793],[33.10365,-9.46809],[33.10359,-9.46811]]},"properties":{"id":791454876,"cls":"path","hw":"path","tg":"na","name":"","ref":"","surface":"","sc":"unknown","speed":null,"lit":"unk","km":0.037}},
{"type":"Feature","geometry":{"type":"LineString","coordinates":[[33.1008,-9.46727],[33.10097,-9.46747],[33.10102,-9.46774],[33.10112,-9.46787],[33.10112,-9.46797],[33.10119,-9.46806],[33.1013,-9.46811],[33.10137,-9.4682],[33.10149,-9.46827],[33.10165,-9.46836],[33.10177,-9.46851],[33.10187,-9.46862],[33.10184,-9.46871],[33.10194,-9.46877]]},"properties":{"id":791454877,"cls":"path","hw":"path","tg":"na","name":"","ref":"","surface":"","sc":"unknown","speed":null,"lit":"unk","km":0.224}},
{"type":"Feature","geometry":{"type":"LineString","coordinates":[[33.10187,-9.46862],[33.10193,-9.46846],[33.10197,-9.46832],[33.10211,-9.46811],[33.10219,-9.46801],[33.10221,-9.46788],[33.10221,-9.46769],[33.10217,-9.46761],[33.10217,-9.46758],[33.10228,-9.46746],[33.10234,-9.46732],[33.10244,-9.46716],[33.10273,-9.46688]]},"properties":{"id":791454878,"cls":"path","hw":"path","tg":"na","name":"","ref":"","surface":"","sc":"unknown","speed":null,"lit":"unk","km":0.227}},
{"type":"Feature","geometry":{"type":"LineString","coordinates":[[33.10217,-9.46758],[33.1018,-9.46733],[33.10161,-9.46721],[33.10157,-9.46719],[33.10155,-9.46717],[33.10143,-9.46705]]},"properties":{"id":791454879,"cls":"path","hw":"path","tg":"na","name":"","ref":"","surface":"","sc":"unknown","speed":null,"lit":"unk","km":0.101}},
{"type":"Feature","geometry":{"type":"LineString","coordinates":[[33.134,-9.49243],[33.1343,-9.4924],[33.13446,-9.49232],[33.13465,-9.49218],[33.13476,-9.49213],[33.1349,-9.4921],[33.13503,-9.49209],[33.13523,-9.49199],[33.13551,-9.49178],[33.13568,-9.49173],[33.13582,-9.49162],[33.13599,-9.49151],[33.1361,-9.49147],[33.13616,-9.49147],[33.13626,-9.49148],[33.13639,-9.49156],[33.1367,-9.49168],[33.13675,-9.49167],[33.13684,-9.4917],[33.13688,-9.49176],[33.13693,-9.49191],[33.13712,-9.49193],[33.13719,-9.49196],[33.13729,-9.49195],[33.13757,-9.49201],[33.13767,-9.49198],[33.13782,-9.49185],[33.13788,-9.49191],[33.13816,-9.49216],[33.13844,-9.49254],[33.13853,-9.49264],[33.1387,-9.49286],[33.13886,-9.49308],[33.13917,-9.49345],[33.13928,-9.49367],[33.13935,-9.49385],[33.13941,-9.49401],[33.13942,-9.49404],[33.13942,-9.49422],[33.13944,-9.49449]]},"properties":{"id":791454951,"cls":"path","hw":"path","tg":"na","name":"","ref":"","surface":"","sc":"unknown","speed":null,"lit":"unk","km":0.831}},
{"type":"Feature","geometry":{"type":"LineString","coordinates":[[33.09242,-9.46213],[33.09235,-9.46236],[33.09224,-9.46249],[33.09213,-9.46263],[33.09113,-9.46351],[33.09018,-9.464],[33.09007,-9.4641],[33.08963,-9.46429],[33.08948,-9.46449]]},"properties":{"id":791466940,"cls":"path","hw":"path","tg":"na","name":"","ref":"","surface":"","sc":"unknown","speed":null,"lit":"unk","km":0.427}},
{"type":"Feature","geometry":{"type":"LineString","coordinates":[[33.09306,-9.47166],[33.09321,-9.4716],[33.09348,-9.47152],[33.09382,-9.47142],[33.09414,-9.47133]]},"properties":{"id":791466941,"cls":"unclassified","hw":"unclassified","tg":"na","name":"","ref":"","surface":"","sc":"unknown","speed":null,"lit":"unk","km":0.124}},
{"type":"Feature","geometry":{"type":"LineString","coordinates":[[33.09857,-9.46112],[33.09841,-9.46141],[33.09832,-9.46154],[33.09805,-9.46194],[33.09798,-9.46202],[33.09788,-9.4622],[33.09786,-9.46221],[33.09782,-9.46229],[33.09782,-9.46231],[33.09787,-9.46236],[33.09781,-9.46246],[33.0978,-9.46249],[33.09783,-9.46252],[33.09792,-9.46256],[33.09825,-9.46273],[33.0986,-9.46286],[33.09875,-9.46296],[33.09896,-9.46308],[33.09909,-9.46322],[33.09915,-9.46323],[33.09922,-9.46322],[33.09927,-9.46324],[33.0993,-9.46329],[33.09932,-9.46337],[33.09931,-9.46341],[33.09907,-9.46371],[33.09901,-9.4638],[33.09891,-9.4639],[33.09885,-9.46393],[33.09879,-9.46391],[33.09876,-9.46392],[33.09869,-9.46407],[33.09864,-9.46412],[33.09835,-9.46438],[33.09825,-9.46428],[33.09812,-9.4642],[33.09808,-9.4642],[33.098,-9.46423],[33.09775,-9.46403],[33.09769,-9.46398],[33.09763,-9.46394],[33.09728,-9.4639],[33.09712,-9.46375],[33.09707,-9.46375],[33.09698,-9.46381],[33.09694,-9.46382],[33.09689,-9.46381],[33.09656,-9.46355],[33.0963,-9.46344],[33.09627,-9.46351],[33.09624,-9.46351],[33.09615,-9.46346],[33.09607,-9.46349],[33.09585,-9.46349],[33.09574,-9.4635],[33.0956,-9.46351],[33.0954,-9.46351]]},"properties":{"id":791471293,"cls":"path","hw":"path","tg":"na","name":"","ref":"","surface":"","sc":"unknown","speed":null,"lit":"unk","km":0.915}},
{"type":"Feature","geometry":{"type":"LineString","coordinates":[[33.0993,-9.46329],[33.09942,-9.46326],[33.09943,-9.46319],[33.0994,-9.46312],[33.09983,-9.46256]]},"properties":{"id":791471294,"cls":"path","hw":"path","tg":"na","name":"","ref":"","surface":"","sc":"unknown","speed":null,"lit":"unk","km":0.108}},
{"type":"Feature","geometry":{"type":"LineString","coordinates":[[33.04826,-9.47399],[33.04835,-9.47395],[33.04847,-9.47393]]},"properties":{"id":791493932,"cls":"residential","hw":"residential","tg":"na","name":"","ref":"","surface":"","sc":"unknown","speed":null,"lit":"unk","km":0.024}},
{"type":"Feature","geometry":{"type":"LineString","coordinates":[[33.04847,-9.47393],[33.04835,-9.4742],[33.04818,-9.47474],[33.04808,-9.47498],[33.04805,-9.47507],[33.04803,-9.47516]]},"properties":{"id":791493933,"cls":"residential","hw":"residential","tg":"na","name":"","ref":"","surface":"","sc":"unknown","speed":null,"lit":"unk","km":0.145}},
{"type":"Feature","geometry":{"type":"LineString","coordinates":[[33.06569,-9.48234],[33.06562,-9.48252],[33.06549,-9.48299],[33.06551,-9.48316],[33.06541,-9.48333],[33.06532,-9.48364],[33.06527,-9.48388],[33.06523,-9.48425],[33.06522,-9.48454],[33.0653,-9.48474],[33.06525,-9.48489],[33.06535,-9.485],[33.06541,-9.48512],[33.06547,-9.48517],[33.06557,-9.4856],[33.06576,-9.48611],[33.0656,-9.48656],[33.06573,-9.48685],[33.0659,-9.48718],[33.06609,-9.48747],[33.06621,-9.48768],[33.06624,-9.48824]]},"properties":{"id":791502894,"cls":"path","hw":"path","tg":"na","name":"","ref":"","surface":"","sc":"unknown","speed":null,"lit":"unk","km":0.701}},
{"type":"Feature","geometry":{"type":"LineString","coordinates":[[33.06721,-9.47851],[33.06709,-9.4786],[33.06697,-9.47868],[33.06683,-9.47873],[33.06675,-9.47887],[33.0666,-9.479],[33.06644,-9.47911],[33.06633,-9.47929],[33.06624,-9.47935],[33.06611,-9.47936],[33.06603,-9.47943],[33.06594,-9.47952],[33.06583,-9.47964],[33.06566,-9.47964],[33.06556,-9.47974],[33.06554,-9.47978]]},"properties":{"id":791502895,"cls":"path","hw":"path","tg":"na","name":"","ref":"","surface":"","sc":"unknown","speed":null,"lit":"unk","km":0.242}},
{"type":"Feature","geometry":{"type":"LineString","coordinates":[[33.06554,-9.47978],[33.06545,-9.47977],[33.06538,-9.47984],[33.06533,-9.47994],[33.06525,-9.48009],[33.06514,-9.48022],[33.06507,-9.48031],[33.06499,-9.4804],[33.06502,-9.48042],[33.06501,-9.48057],[33.06502,-9.48072],[33.06512,-9.48112],[33.06523,-9.48158],[33.06535,-9.48191],[33.06533,-9.48201],[33.06529,-9.48204],[33.06524,-9.48211],[33.06518,-9.4822]]},"properties":{"id":791517324,"cls":"path","hw":"path","tg":"na","name":"","ref":"","surface":"","sc":"unknown","speed":null,"lit":"unk","km":0.31}},
{"type":"Feature","geometry":{"type":"LineString","coordinates":[[33.0524,-9.47607],[33.05185,-9.47571],[33.05125,-9.47546],[33.05045,-9.47506],[33.04949,-9.47449],[33.04931,-9.47437],[33.04857,-9.4739],[33.04845,-9.47383],[33.04789,-9.47338],[33.04781,-9.47329],[33.04726,-9.47282],[33.04694,-9.47253],[33.04636,-9.47197],[33.04557,-9.47114],[33.04529,-9.47087],[33.04492,-9.47057],[33.04443,-9.4703],[33.04366,-9.46984],[33.04364,-9.46983],[33.04344,-9.46967],[33.04268,-9.4689],[33.04219,-9.46846],[33.04074,-9.46703],[33.04042,-9.46655],[33.03998,-9.46605],[33.03937,-9.46542],[33.0388,-9.46466],[33.03855,-9.46435],[33.03827,-9.4641],[33.03786,-9.46386],[33.03752,-9.46373],[33.03668,-9.46343],[33.03524,-9.46284],[33.03479,-9.46263],[33.03464,-9.46259],[33.03436,-9.46261],[33.03427,-9.46261],[33.03413,-9.46256],[33.03394,-9.46249],[33.03342,-9.46223],[33.03292,-9.46189],[33.03244,-9.46161],[33.0311,-9.46074],[33.0298,-9.45985],[33.02945,-9.45962],[33.02937,-9.45955],[33.02881,-9.45917],[33.02838,-9.45885],[33.02807,-9.45866],[33.0277,-9.45845],[33.0274,-9.45825],[33.02682,-9.45787],[33.02659,-9.45768],[33.02623,-9.45749],[33.02598,-9.45742],[33.02555,-9.45736],[33.02518,-9.45732],[33.02512,-9.45728],[33.02448,-9.45702],[33.02346,-9.45668],[33.02339,-9.45667],[33.02234,-9.45647],[33.02202,-9.45643],[33.02163,-9.45644],[33.02079,-9.45658],[33.02056,-9.45668],[33.02043,-9.4568],[33.01988,-9.45733],[33.0196,-9.45758],[33.01934,-9.45778],[33.01867,-9.45822],[33.01835,-9.45846],[33.01799,-9.45875],[33.01783,-9.45895],[33.01676,-9.45993],[33.01657,-9.46007],[33.01635,-9.46024],[33.01631,-9.46028],[33.01624,-9.4603],[33.01605,-9.46043],[33.01576,-9.46058],[33.01557,-9.46069],[33.01543,-9.46081],[33.01469,-9.46145],[33.01454,-9.46157],[33.01441,-9.46167],[33.01422,-9.46182],[33.01322,-9.46221],[33.01312,-9.46228],[33.01282,-9.46249],[33.01212,-9.46302],[33.01191,-9.46324],[33.01165,-9.46355],[33.01143,-9.46386],[33.0112,-9.46409],[33.01099,-9.46428],[33.0108,-9.46446],[33.01068,-9.46461],[33.01037,-9.46501],[33.01019,-9.46526],[33.00875,-9.4673],[33.00823,-9.46798],[33.00753,-9.46893],[33.00743,-9.46905],[33.00706,-9.46949],[33.00667,-9.47002],[33.00647,-9.4702],[33.00625,-9.47042],[33.00611,-9.47053],[33.00591,-9.4707],[33.00574,-9.47081],[33.00559,-9.47096],[33.00513,-9.47156],[33.0051,-9.47159],[33.00498,-9.47163],[33.00476,-9.47162],[33.00414,-9.4716],[33.00401,-9.47163],[33.00386,-9.47165],[33.0035,-9.4718],[33.00275,-9.4722],[33.00221,-9.47242],[33.00187,-9.47252],[33.00152,-9.47257],[33.00118,-9.47267],[33.00094,-9.47276],[33.00053,-9.47291],[33.00024,-9.47303],[33.00015,-9.47306],[33.00006,-9.47307],[32.99986,-9.47302],[32.99945,-9.47283],[32.99926,-9.47271],[32.9981,-9.47206],[32.99688,-9.47139],[32.9955,-9.47059],[32.99444,-9.47005],[32.99355,-9.46953],[32.99247,-9.46889],[32.99136,-9.46823],[32.98997,-9.46748],[32.98963,-9.4673],[32.98909,-9.46699],[32.98865,-9.46673],[32.98819,-9.46636],[32.98764,-9.46603],[32.98721,-9.46581],[32.98687,-9.46569],[32.98619,-9.46545],[32.98587,-9.4653],[32.98578,-9.46525]]},"properties":{"id":791517327,"cls":"tertiary","hw":"tertiary","tg":"na","name":"","ref":"","surface":"unpaved","sc":"unpaved","speed":null,"lit":"unk","km":9.017}},
{"type":"Feature","geometry":{"type":"LineString","coordinates":[[33.06543,-9.4823],[33.06533,-9.48227]]},"properties":{"id":791517328,"cls":"tertiary","hw":"tertiary","tg":"na","name":"","ref":"","surface":"unpaved","sc":"unpaved","speed":null,"lit":"unk","km":0.011}},
{"type":"Feature","geometry":{"type":"LineString","coordinates":[[33.04789,-9.47338],[33.04792,-9.47349],[33.04776,-9.47358],[33.04765,-9.47365],[33.04761,-9.47367],[33.04758,-9.47375],[33.04752,-9.47374],[33.0474,-9.47369],[33.04734,-9.47368],[33.04728,-9.47374],[33.04727,-9.47382],[33.04722,-9.47386],[33.04714,-9.47387],[33.04704,-9.47386],[33.04695,-9.47386],[33.04676,-9.47384]]},"properties":{"id":791522613,"cls":"path","hw":"path","tg":"na","name":"","ref":"","surface":"","sc":"unknown","speed":null,"lit":"unk","km":0.165}},
{"type":"Feature","geometry":{"type":"LineString","coordinates":[[33.04679,-9.47278],[33.04691,-9.47276],[33.04693,-9.4727],[33.04692,-9.47259],[33.04693,-9.47253],[33.04694,-9.47253]]},"properties":{"id":791522614,"cls":"path","hw":"path","tg":"na","name":"","ref":"","surface":"","sc":"unknown","speed":null,"lit":"unk","km":0.041}},
{"type":"Feature","geometry":{"type":"LineString","coordinates":[[33.04726,-9.47282],[33.04714,-9.47283],[33.04699,-9.4728],[33.04684,-9.47279],[33.04679,-9.47278],[33.04667,-9.4728],[33.04656,-9.4728]]},"properties":{"id":791522615,"cls":"unclassified","hw":"unclassified","tg":"na","name":"","ref":"","surface":"","sc":"unknown","speed":null,"lit":"unk","km":0.077}},
{"type":"Feature","geometry":{"type":"LineString","coordinates":[[33.04694,-9.47253],[33.04703,-9.47248],[33.0471,-9.47247],[33.04725,-9.47243],[33.04737,-9.47238],[33.04747,-9.47235],[33.04758,-9.47233],[33.04767,-9.47229],[33.04775,-9.47223],[33.04787,-9.47215],[33.04799,-9.47205]]},"properties":{"id":791522616,"cls":"path","hw":"path","tg":"na","name":"","ref":"","surface":"","sc":"unknown","speed":null,"lit":"unk","km":0.129}},
{"type":"Feature","geometry":{"type":"LineString","coordinates":[[33.04799,-9.47205],[33.04803,-9.47198],[33.04812,-9.47189],[33.04831,-9.47179],[33.04847,-9.4717],[33.04864,-9.47157],[33.04885,-9.47146],[33.04905,-9.47132],[33.04924,-9.47117],[33.04944,-9.47102],[33.04955,-9.47091],[33.04967,-9.47079],[33.04982,-9.47064]]},"properties":{"id":791522617,"cls":"path","hw":"path","tg":"na","name":"","ref":"","surface":"","sc":"unknown","speed":null,"lit":"unk","km":0.257}},
{"type":"Feature","geometry":{"type":"LineString","coordinates":[[33.04799,-9.47205],[33.04799,-9.47214],[33.04801,-9.47227],[33.04803,-9.47233]]},"properties":{"id":791522618,"cls":"path","hw":"path","tg":"na","name":"","ref":"","surface":"","sc":"unknown","speed":null,"lit":"unk","km":0.032}},
{"type":"Feature","geometry":{"type":"LineString","coordinates":[[33.04813,-9.47255],[33.04809,-9.47263],[33.04809,-9.47269],[33.0481,-9.47276],[33.04812,-9.4728],[33.04811,-9.47285],[33.04811,-9.47294]]},"properties":{"id":791522619,"cls":"path","hw":"path","tg":"na","name":"","ref":"","surface":"","sc":"unknown","speed":null,"lit":"unk","km":0.045}},
{"type":"Feature","geometry":{"type":"LineString","coordinates":[[33.04811,-9.47294],[33.0481,-9.47297],[33.04795,-9.47327],[33.04789,-9.47338]]},"properties":{"id":791522620,"cls":"path","hw":"path","tg":"na","name":"","ref":"","surface":"","sc":"unknown","speed":null,"lit":"unk","km":0.055}},
{"type":"Feature","geometry":{"type":"LineString","coordinates":[[33.04813,-9.47255],[33.04818,-9.47267],[33.04819,-9.47284],[33.04811,-9.47294]]},"properties":{"id":791522621,"cls":"path","hw":"path","tg":"na","name":"","ref":"","surface":"","sc":"unknown","speed":null,"lit":"unk","km":0.048}},
{"type":"Feature","geometry":{"type":"LineString","coordinates":[[33.04973,-9.46848],[33.05002,-9.46878],[33.05054,-9.46943],[33.05091,-9.47029],[33.05089,-9.47051],[33.05087,-9.47064],[33.05089,-9.47086],[33.05094,-9.47102],[33.05091,-9.47118],[33.05088,-9.4714],[33.05086,-9.47157],[33.05085,-9.47177],[33.05083,-9.47193],[33.05076,-9.47209],[33.05065,-9.47221],[33.05062,-9.47235],[33.0506,-9.47256],[33.05054,-9.47274],[33.05051,-9.47294]]},"properties":{"id":791522622,"cls":"path","hw":"path","tg":"na","name":"","ref":"","surface":"","sc":"unknown","speed":null,"lit":"unk","km":0.547}},
{"type":"Feature","geometry":{"type":"LineString","coordinates":[[33.05027,-9.47338],[33.05059,-9.47322],[33.05094,-9.47301],[33.05132,-9.47322],[33.05138,-9.47337]]},"properties":{"id":791522623,"cls":"path","hw":"path","tg":"na","name":"","ref":"","surface":"","sc":"unknown","speed":null,"lit":"unk","km":0.15}},
{"type":"Feature","geometry":{"type":"LineString","coordinates":[[33.04803,-9.47233],[33.04808,-9.47235],[33.04812,-9.47236],[33.04823,-9.47238],[33.04836,-9.4724],[33.04851,-9.47242],[33.04863,-9.47245],[33.04872,-9.47245],[33.04882,-9.47249],[33.04895,-9.47247],[33.04906,-9.47251],[33.04917,-9.47251],[33.04931,-9.47254],[33.04941,-9.47253],[33.04951,-9.47256],[33.04962,-9.47256],[33.04994,-9.4726],[33.05017,-9.47263],[33.05028,-9.47268],[33.05036,-9.4728],[33.05044,-9.47287],[33.05051,-9.47294]]},"properties":{"id":791522624,"cls":"path","hw":"path","tg":"na","name":"","ref":"","surface":"","sc":"unknown","speed":null,"lit":"unk","km":0.291}},
{"type":"Feature","geometry":{"type":"LineString","coordinates":[[33.05103,-9.4741],[33.05099,-9.47404],[33.05094,-9.47398],[33.05085,-9.47396],[33.05072,-9.47399],[33.05058,-9.474],[33.05044,-9.47402],[33.05031,-9.47398],[33.05018,-9.47398],[33.05013,-9.47403],[33.05004,-9.4741],[33.04994,-9.47416],[33.04985,-9.47418],[33.04968,-9.47417],[33.04956,-9.47415]]},"properties":{"id":791522625,"cls":"path","hw":"path","tg":"na","name":"","ref":"","surface":"","sc":"unknown","speed":null,"lit":"unk","km":0.177}},
{"type":"Feature","geometry":{"type":"LineString","coordinates":[[33.04956,-9.47415],[33.0496,-9.47408],[33.04963,-9.47401],[33.05002,-9.47367],[33.05014,-9.47346],[33.05027,-9.47338]]},"properties":{"id":791522626,"cls":"path","hw":"path","tg":"na","name":"","ref":"","surface":"","sc":"unknown","speed":null,"lit":"unk","km":0.118}},
{"type":"Feature","geometry":{"type":"LineString","coordinates":[[33.05378,-9.47307],[33.05381,-9.47312],[33.05381,-9.47318],[33.05384,-9.47324],[33.05387,-9.4733],[33.05383,-9.47336],[33.05388,-9.47341],[33.05393,-9.47345],[33.05391,-9.47347],[33.05395,-9.47349],[33.05397,-9.47351],[33.05399,-9.47354],[33.05402,-9.47362],[33.05404,-9.47369],[33.05406,-9.47374],[33.0541,-9.47377],[33.0541,-9.47382],[33.05411,-9.47387],[33.05418,-9.47393],[33.05423,-9.47398],[33.05431,-9.47399],[33.05442,-9.47406],[33.05452,-9.47414],[33.05461,-9.47422],[33.05469,-9.47425],[33.05476,-9.47428],[33.05484,-9.47431],[33.05499,-9.47434],[33.05506,-9.47437],[33.05513,-9.47443],[33.05522,-9.47449],[33.05536,-9.47451],[33.05543,-9.47456],[33.05549,-9.47457],[33.05554,-9.47461],[33.05559,-9.47467],[33.05568,-9.47471],[33.05573,-9.47477],[33.05584,-9.47489],[33.05592,-9.47494],[33.05603,-9.47501],[33.05614,-9.47504],[33.05621,-9.47507],[33.05635,-9.47509],[33.05641,-9.47515],[33.05645,-9.47519],[33.05651,-9.47526],[33.05656,-9.47537],[33.05657,-9.47535],[33.05659,-9.47541],[33.05661,-9.47546],[33.05667,-9.4755],[33.05678,-9.47556],[33.05689,-9.47559],[33.05701,-9.47562],[33.05711,-9.47568],[33.05726,-9.47573],[33.05732,-9.47578],[33.05741,-9.47581],[33.05755,-9.47583],[33.05766,-9.47583],[33.05772,-9.47582],[33.05781,-9.47585],[33.05795,-9.47588]]},"properties":{"id":791522627,"cls":"path","hw":"path","tg":"na","name":"","ref":"","surface":"","sc":"unknown","speed":null,"lit":"unk","km":0.607}},
{"type":"Feature","geometry":{"type":"LineString","coordinates":[[33.05051,-9.47294],[33.05052,-9.47309],[33.05048,-9.47316],[33.05041,-9.47319],[33.05031,-9.47326],[33.05023,-9.47332],[33.05027,-9.47338]]},"properties":{"id":791522628,"cls":"path","hw":"path","tg":"na","name":"","ref":"","surface":"","sc":"unknown","speed":null,"lit":"unk","km":0.066}},
{"type":"Feature","geometry":{"type":"LineString","coordinates":[[33.04803,-9.47233],[33.04811,-9.47252],[33.04813,-9.47255]]},"properties":{"id":791524537,"cls":"path","hw":"path","tg":"na","name":"","ref":"","surface":"","sc":"unknown","speed":null,"lit":"unk","km":0.027}},
{"type":"Feature","geometry":{"type":"LineString","coordinates":[[33.05138,-9.47337],[33.0515,-9.47324],[33.05167,-9.47319],[33.05185,-9.47305],[33.05205,-9.47289],[33.05217,-9.47282],[33.05212,-9.47275],[33.0522,-9.47269],[33.05228,-9.47259],[33.05239,-9.47231],[33.05257,-9.47209],[33.05277,-9.47184],[33.05282,-9.47171],[33.05289,-9.47166],[33.05298,-9.47164],[33.05311,-9.4716],[33.05314,-9.47151],[33.05315,-9.47143],[33.0532,-9.47133],[33.05328,-9.47121],[33.05333,-9.47114],[33.05335,-9.47104],[33.05342,-9.47094],[33.05346,-9.47083],[33.0535,-9.47075],[33.05356,-9.47068],[33.05357,-9.47057],[33.05364,-9.47041]]},"properties":{"id":791524538,"cls":"path","hw":"path","tg":"na","name":"","ref":"","surface":"","sc":"unknown","speed":null,"lit":"unk","km":0.44}},
{"type":"Feature","geometry":{"type":"LineString","coordinates":[[33.04912,-9.47508],[33.04913,-9.47524],[33.04916,-9.47553],[33.0493,-9.47602],[33.04932,-9.47614],[33.0493,-9.47628],[33.04932,-9.4764],[33.04934,-9.47651],[33.04935,-9.47672],[33.04939,-9.47684]]},"properties":{"id":791524539,"cls":"path","hw":"path","tg":"na","name":"","ref":"","surface":"","sc":"unknown","speed":null,"lit":"unk","km":0.199}},
{"type":"Feature","geometry":{"type":"LineString","coordinates":[[33.04912,-9.47508],[33.04891,-9.47553],[33.04871,-9.47581]]},"properties":{"id":791524540,"cls":"path","hw":"path","tg":"na","name":"","ref":"","surface":"","sc":"unknown","speed":null,"lit":"unk","km":0.093}},
{"type":"Feature","geometry":{"type":"LineString","coordinates":[[33.05287,-9.47628],[33.05287,-9.47634],[33.05284,-9.47641],[33.05274,-9.4765],[33.05258,-9.47663],[33.05247,-9.47673],[33.05241,-9.47681],[33.05237,-9.47691],[33.05234,-9.477],[33.05234,-9.47711],[33.05234,-9.47718],[33.05233,-9.47725],[33.05233,-9.4773],[33.05232,-9.47737],[33.05232,-9.47742],[33.05232,-9.47757],[33.05229,-9.47765],[33.05228,-9.47777],[33.05226,-9.47782],[33.05224,-9.4779],[33.05228,-9.47797]]},"properties":{"id":791527322,"cls":"path","hw":"path","tg":"na","name":"","ref":"","surface":"","sc":"unknown","speed":null,"lit":"unk","km":0.213}},
{"type":"Feature","geometry":{"type":"LineString","coordinates":[[33.05253,-9.47802],[33.05249,-9.47798],[33.05244,-9.47797],[33.05238,-9.47797],[33.05231,-9.47797],[33.05228,-9.47797]]},"properties":{"id":791527323,"cls":"path","hw":"path","tg":"na","name":"","ref":"","surface":"","sc":"unknown","speed":null,"lit":"unk","km":0.029}},
{"type":"Feature","geometry":{"type":"LineString","coordinates":[[33.05228,-9.47797],[33.05225,-9.47813],[33.05219,-9.47822],[33.05211,-9.47845],[33.05192,-9.47864],[33.05176,-9.47878],[33.05166,-9.47883],[33.05155,-9.47898],[33.05141,-9.47909]]},"properties":{"id":791527324,"cls":"path","hw":"path","tg":"na","name":"","ref":"","surface":"","sc":"unknown","speed":null,"lit":"unk","km":0.163}},
{"type":"Feature","geometry":{"type":"LineString","coordinates":[[33.05228,-9.47797],[33.05231,-9.47801],[33.05234,-9.47803],[33.05235,-9.4781],[33.05239,-9.47814],[33.05243,-9.4782],[33.05244,-9.47824],[33.05244,-9.47828],[33.05243,-9.47833],[33.05244,-9.47842],[33.05244,-9.47848],[33.05244,-9.4785],[33.0524,-9.47857],[33.05238,-9.47862]]},"properties":{"id":791527325,"cls":"path","hw":"path","tg":"na","name":"","ref":"","surface":"","sc":"unknown","speed":null,"lit":"unk","km":0.08}},
{"type":"Feature","geometry":{"type":"LineString","coordinates":[[33.05141,-9.47909],[33.05163,-9.47907],[33.05189,-9.4792],[33.05256,-9.47917],[33.05303,-9.47907],[33.05335,-9.47884],[33.05347,-9.47865],[33.05376,-9.47851],[33.05406,-9.47829],[33.05455,-9.47808],[33.05477,-9.47799],[33.0554,-9.47795],[33.05595,-9.478],[33.05612,-9.47797]]},"properties":{"id":791527326,"cls":"path","hw":"path","tg":"na","name":"","ref":"","surface":"","sc":"unknown","speed":null,"lit":"unk","km":0.561}},
{"type":"Feature","geometry":{"type":"LineString","coordinates":[[33.05612,-9.47797],[33.05607,-9.47755]]},"properties":{"id":791527327,"cls":"path","hw":"path","tg":"na","name":"","ref":"","surface":"","sc":"unknown","speed":null,"lit":"unk","km":0.047}},
{"type":"Feature","geometry":{"type":"LineString","coordinates":[[33.05795,-9.47588],[33.05842,-9.47582],[33.05868,-9.47572],[33.05887,-9.47556]]},"properties":{"id":791527328,"cls":"path","hw":"path","tg":"na","name":"","ref":"","surface":"","sc":"unknown","speed":null,"lit":"unk","km":0.11}},
{"type":"Feature","geometry":{"type":"LineString","coordinates":[[33.05887,-9.47556],[33.05893,-9.47552],[33.05907,-9.47525],[33.05908,-9.47506]]},"properties":{"id":791527329,"cls":"path","hw":"path","tg":"na","name":"","ref":"","surface":"","sc":"unknown","speed":null,"lit":"unk","km":0.063}},
{"type":"Feature","geometry":{"type":"LineString","coordinates":[[33.05856,-9.47776],[33.05859,-9.47772],[33.0587,-9.47753],[33.05882,-9.47695],[33.05897,-9.47636],[33.059,-9.47595],[33.05907,-9.47572]]},"properties":{"id":791527330,"cls":"path","hw":"path","tg":"na","name":"","ref":"","surface":"","sc":"unknown","speed":null,"lit":"unk","km":0.236}},
{"type":"Feature","geometry":{"type":"LineString","coordinates":[[33.0588,-9.4786],[33.05881,-9.47871],[33.05896,-9.47916],[33.05925,-9.47969],[33.05953,-9.48033],[33.05971,-9.48088],[33.06024,-9.4819],[33.06028,-9.48195],[33.0605,-9.48221],[33.06099,-9.48264],[33.06136,-9.48338],[33.06169,-9.48408],[33.06175,-9.48449],[33.06247,-9.48541],[33.0628,-9.48593],[33.06285,-9.48618],[33.06314,-9.4869],[33.06339,-9.48764],[33.06344,-9.48808],[33.06356,-9.48841],[33.06386,-9.48883],[33.06387,-9.48901],[33.06385,-9.48918],[33.06388,-9.48925],[33.06409,-9.48928],[33.06416,-9.48927],[33.06426,-9.4893]]},"properties":{"id":791527331,"cls":"path","hw":"path","tg":"na","name":"","ref":"","surface":"","sc":"unknown","speed":null,"lit":"unk","km":1.375}},
{"type":"Feature","geometry":{"type":"LineString","coordinates":[[33.06029,-9.47942],[33.06024,-9.47927],[33.0602,-9.47919],[33.06012,-9.47903],[33.06006,-9.47889],[33.05996,-9.47875],[33.05984,-9.47843],[33.05974,-9.47823],[33.0597,-9.47806],[33.05966,-9.47789],[33.05962,-9.47774],[33.0596,-9.47757],[33.05957,-9.47744],[33.05958,-9.47727],[33.05961,-9.47709],[33.05963,-9.47696],[33.05964,-9.47682],[33.05961,-9.47669],[33.05955,-9.47653],[33.05949,-9.47638],[33.05941,-9.47627],[33.0593,-9.47612],[33.05919,-9.47595],[33.05912,-9.4758],[33.05907,-9.47572]]},"properties":{"id":791527332,"cls":"path","hw":"path","tg":"na","name":"","ref":"","surface":"","sc":"unknown","speed":null,"lit":"unk","km":0.444}},
{"type":"Feature","geometry":{"type":"LineString","coordinates":[[33.05907,-9.47572],[33.05902,-9.47566],[33.05887,-9.47556]]},"properties":{"id":791527333,"cls":"path","hw":"path","tg":"na","name":"","ref":"","surface":"","sc":"unknown","speed":null,"lit":"unk","km":0.028}},
{"type":"Feature","geometry":{"type":"LineString","coordinates":[[33.06938,-9.48813],[33.06922,-9.48816],[33.0691,-9.48819],[33.06895,-9.48822],[33.06883,-9.48825],[33.06865,-9.48828],[33.06855,-9.48833],[33.06842,-9.48832],[33.06828,-9.48836],[33.06811,-9.48842],[33.06796,-9.48846],[33.06783,-9.48854],[33.06772,-9.48858],[33.06766,-9.48858],[33.06755,-9.48858],[33.06744,-9.48858],[33.06724,-9.48858],[33.0671,-9.48858],[33.06695,-9.48856],[33.06678,-9.48854],[33.06668,-9.48856],[33.06657,-9.48856],[33.06649,-9.48856],[33.06636,-9.48853],[33.06628,-9.4885],[33.06622,-9.48846]]},"properties":{"id":791527334,"cls":"path","hw":"path","tg":"na","name":"","ref":"","surface":"","sc":"unknown","speed":null,"lit":"unk","km":0.358}},
{"type":"Feature","geometry":{"type":"LineString","coordinates":[[33.06622,-9.48846],[33.06622,-9.48838],[33.06624,-9.48824]]},"properties":{"id":791527335,"cls":"path","hw":"path","tg":"na","name":"","ref":"","surface":"","sc":"unknown","speed":null,"lit":"unk","km":0.025}},
{"type":"Feature","geometry":{"type":"LineString","coordinates":[[33.05093,-9.47434],[33.05103,-9.4741],[33.05114,-9.47381],[33.05138,-9.47337]]},"properties":{"id":791529951,"cls":"unclassified","hw":"unclassified","tg":"na","name":"","ref":"","surface":"","sc":"unknown","speed":null,"lit":"unk","km":0.119}},
{"type":"Feature","geometry":{"type":"LineString","coordinates":[[33.05045,-9.47506],[33.05044,-9.4751],[33.05039,-9.47524],[33.05032,-9.47535],[33.05019,-9.47544],[33.05017,-9.47556],[33.05014,-9.4757],[33.05007,-9.47577],[33.05001,-9.47592],[33.04996,-9.47603],[33.04993,-9.47615],[33.04985,-9.47627],[33.04971,-9.47641],[33.04958,-9.47652],[33.04955,-9.47662],[33.04946,-9.4767],[33.04939,-9.47684]]},"properties":{"id":791529952,"cls":"path","hw":"path","tg":"na","name":"","ref":"","surface":"","sc":"unknown","speed":null,"lit":"unk","km":0.237}},
{"type":"Feature","geometry":{"type":"LineString","coordinates":[[33.04939,-9.47684],[33.04943,-9.47695],[33.04951,-9.47732],[33.04957,-9.47761],[33.04966,-9.47787],[33.04975,-9.47797],[33.04977,-9.47806],[33.04993,-9.47818],[33.05008,-9.47829],[33.05019,-9.47853],[33.05022,-9.47868],[33.05021,-9.47898],[33.05032,-9.47965],[33.05063,-9.47973]]},"properties":{"id":791529953,"cls":"path","hw":"path","tg":"na","name":"","ref":"","surface":"","sc":"unknown","speed":null,"lit":"unk","km":0.376}},
{"type":"Feature","geometry":{"type":"LineString","coordinates":[[33.04803,-9.47516],[33.04802,-9.47523],[33.04797,-9.47531],[33.04794,-9.47537],[33.04791,-9.47549],[33.0479,-9.47554],[33.04796,-9.47559],[33.04795,-9.47562],[33.04796,-9.47567],[33.048,-9.47569]]},"properties":{"id":791529954,"cls":"path","hw":"path","tg":"na","name":"","ref":"","surface":"","sc":"unknown","speed":null,"lit":"unk","km":0.068}},
{"type":"Feature","geometry":{"type":"LineString","coordinates":[[33.04871,-9.47581],[33.04854,-9.476],[33.0483,-9.47633],[33.04817,-9.47649],[33.04791,-9.47668],[33.04775,-9.47677],[33.04762,-9.47689]]},"properties":{"id":791529955,"cls":"path","hw":"path","tg":"na","name":"","ref":"","surface":"","sc":"unknown","speed":null,"lit":"unk","km":0.171}},
{"type":"Feature","geometry":{"type":"LineString","coordinates":[[33.048,-9.47569],[33.04806,-9.47572],[33.04815,-9.47569],[33.04824,-9.47569],[33.04835,-9.47566],[33.04842,-9.47564]]},"properties":{"id":791529956,"cls":"path","hw":"path","tg":"na","name":"","ref":"","surface":"","sc":"unknown","speed":null,"lit":"unk","km":0.048}},
{"type":"Feature","geometry":{"type":"LineString","coordinates":[[33.04762,-9.47689],[33.04767,-9.47673],[33.04772,-9.47666],[33.04776,-9.47657],[33.04779,-9.47635],[33.04783,-9.47622],[33.04786,-9.47608],[33.0479,-9.47596],[33.04796,-9.47583],[33.048,-9.47569]]},"properties":{"id":791529957,"cls":"path","hw":"path","tg":"na","name":"","ref":"","surface":"","sc":"unknown","speed":null,"lit":"unk","km":0.141}},
{"type":"Feature","geometry":{"type":"LineString","coordinates":[[33.04842,-9.47564],[33.04848,-9.47565],[33.04853,-9.47566],[33.04859,-9.47569],[33.04862,-9.47572],[33.04866,-9.47579],[33.04871,-9.47581]]},"properties":{"id":791529958,"cls":"path","hw":"path","tg":"na","name":"","ref":"","surface":"","sc":"unknown","speed":null,"lit":"unk","km":0.039}},
{"type":"Feature","geometry":{"type":"LineString","coordinates":[[33.04762,-9.47689],[33.04738,-9.47701],[33.04699,-9.4772],[33.04686,-9.47719],[33.04669,-9.47725]]},"properties":{"id":791529959,"cls":"path","hw":"path","tg":"na","name":"","ref":"","surface":"","sc":"unknown","speed":null,"lit":"unk","km":0.111}},
{"type":"Feature","geometry":{"type":"LineString","coordinates":[[33.048,-9.47569],[33.04801,-9.47567],[33.0481,-9.47556],[33.04817,-9.47553],[33.04827,-9.47552],[33.04835,-9.47556],[33.0484,-9.4756],[33.04842,-9.47564]]},"properties":{"id":791529960,"cls":"path","hw":"path","tg":"na","name":"","ref":"","surface":"","sc":"unknown","speed":null,"lit":"unk","km":0.059}},
{"type":"Feature","geometry":{"type":"LineString","coordinates":[[33.06426,-9.4893],[33.06433,-9.48945],[33.06428,-9.48982],[33.06413,-9.49023],[33.06382,-9.4905],[33.06379,-9.49082],[33.06375,-9.49125],[33.06381,-9.49157],[33.06379,-9.49189],[33.0638,-9.49247],[33.06383,-9.49275],[33.06381,-9.49295],[33.06376,-9.49314],[33.06376,-9.49332],[33.06377,-9.49349],[33.06385,-9.49372],[33.06392,-9.49389],[33.06398,-9.49412],[33.06405,-9.49429],[33.06415,-9.49449],[33.06425,-9.49468],[33.06434,-9.49479],[33.06442,-9.49494],[33.06449,-9.495],[33.06456,-9.4951],[33.06467,-9.49519],[33.06478,-9.49529],[33.06485,-9.49542],[33.06492,-9.49553],[33.06497,-9.49564],[33.06503,-9.49571],[33.0651,-9.49579],[33.06515,-9.49586],[33.06521,-9.49592],[33.06531,-9.49604],[33.06544,-9.49616],[33.06555,-9.49632],[33.06561,-9.49645],[33.06568,-9.49662],[33.06576,-9.49682],[33.06582,-9.497],[33.06592,-9.49718],[33.06602,-9.49731],[33.06617,-9.49748],[33.06627,-9.49758],[33.06647,-9.4977],[33.06663,-9.49786],[33.06678,-9.49799],[33.06687,-9.4981],[33.06706,-9.49829],[33.06718,-9.49844],[33.06733,-9.49851],[33.06746,-9.49859],[33.06764,-9.49871],[33.0678,-9.49878],[33.068,-9.49885],[33.06826,-9.49892],[33.06835,-9.499],[33.06854,-9.49909],[33.06867,-9.49915],[33.06879,-9.49915],[33.06891,-9.4992],[33.06905,-9.49923],[33.06914,-9.49928],[33.06925,-9.49933],[33.06949,-9.49948],[33.06961,-9.49963],[33.06968,-9.49975],[33.06976,-9.49984],[33.06983,-9.49991],[33.06992,-9.49998],[33.07006,-9.50003],[33.07012,-9.50005],[33.07021,-9.50007],[33.07032,-9.50007],[33.07043,-9.5001],[33.07057,-9.50013],[33.07073,-9.50017],[33.07088,-9.50023],[33.07098,-9.50027],[33.07102,-9.50038],[33.07105,-9.50045],[33.0711,-9.50056],[33.07117,-9.50054],[33.07127,-9.5006],[33.07139,-9.50065],[33.07149,-9.50069],[33.07158,-9.50073],[33.0717,-9.50077],[33.07184,-9.50085],[33.07194,-9.50091],[33.07202,-9.50097],[33.07211,-9.50105],[33.0722,-9.50112],[33.07229,-9.5012],[33.07236,-9.50128],[33.07244,-9.50138],[33.07253,-9.50144],[33.07259,-9.50152],[33.07271,-9.50155],[33.07279,-9.50161],[33.07287,-9.50166],[33.07294,-9.50168],[33.07302,-9.50171],[33.07311,-9.50176],[33.07319,-9.50178],[33.07329,-9.50181],[33.07341,-9.50188],[33.07352,-9.50193],[33.07365,-9.50198],[33.07379,-9.50204],[33.07387,-9.50213],[33.07398,-9.50215],[33.07406,-9.50219],[33.0742,-9.50225],[33.07431,-9.50228]]},"properties":{"id":791529961,"cls":"path","hw":"path","tg":"na","name":"","ref":"","surface":"","sc":"unknown","speed":null,"lit":"unk","km":2.089}},
{"type":"Feature","geometry":{"type":"LineString","coordinates":[[33.13477,-9.49359],[33.13486,-9.49354],[33.135,-9.49347],[33.13514,-9.49337],[33.13521,-9.49332],[33.13538,-9.49311],[33.13555,-9.49306]]},"properties":{"id":791555920,"cls":"path","hw":"path","tg":"na","name":"","ref":"","surface":"","sc":"unknown","speed":null,"lit":"unk","km":0.106}},
{"type":"Feature","geometry":{"type":"LineString","coordinates":[[33.13521,-9.49332],[33.13538,-9.49351]]},"properties":{"id":791555921,"cls":"path","hw":"path","tg":"na","name":"","ref":"","surface":"","sc":"unknown","speed":null,"lit":"unk","km":0.028}},
{"type":"Feature","geometry":{"type":"LineString","coordinates":[[33.13559,-9.49308],[33.13566,-9.49288],[33.13571,-9.49279]]},"properties":{"id":791555923,"cls":"path","hw":"path","tg":"na","name":"","ref":"","surface":"","sc":"unknown","speed":null,"lit":"unk","km":0.035}},
{"type":"Feature","geometry":{"type":"LineString","coordinates":[[33.13466,-9.49275],[33.13466,-9.49252],[33.13478,-9.49252],[33.13488,-9.4926],[33.13491,-9.49267],[33.13484,-9.49281]]},"properties":{"id":791555927,"cls":"path","hw":"path","tg":"na","name":"","ref":"","surface":"","sc":"unknown","speed":null,"lit":"unk","km":0.079}},
{"type":"Feature","geometry":{"type":"LineString","coordinates":[[33.13488,-9.4926],[33.13492,-9.49256],[33.135,-9.49256],[33.13513,-9.49245],[33.13519,-9.49243],[33.13525,-9.49243],[33.13531,-9.49239],[33.1354,-9.49227],[33.13544,-9.49215],[33.1355,-9.49204],[33.1356,-9.49188],[33.13566,-9.4918],[33.13568,-9.49173]]},"properties":{"id":791555928,"cls":"path","hw":"path","tg":"na","name":"","ref":"","surface":"","sc":"unknown","speed":null,"lit":"unk","km":0.14}},
{"type":"Feature","geometry":{"type":"LineString","coordinates":[[33.13466,-9.49252],[33.13455,-9.49251],[33.13454,-9.49246],[33.13455,-9.4924],[33.13446,-9.49232]]},"properties":{"id":791555929,"cls":"path","hw":"path","tg":"na","name":"","ref":"","surface":"","sc":"unknown","speed":null,"lit":"unk","km":0.038}},
{"type":"Feature","geometry":{"type":"LineString","coordinates":[[33.15357,-9.49968],[33.1534,-9.49976],[33.15335,-9.49981],[33.1533,-9.50002],[33.1533,-9.50009],[33.15334,-9.50011],[33.15331,-9.50021],[33.15344,-9.50026],[33.15352,-9.50027],[33.15352,-9.50039],[33.15365,-9.50044],[33.15379,-9.50042],[33.15389,-9.50049],[33.15391,-9.50055],[33.1541,-9.50073],[33.15424,-9.50081],[33.15432,-9.50086],[33.15434,-9.50091],[33.15448,-9.50095],[33.1546,-9.50099],[33.15477,-9.50119],[33.15483,-9.50127],[33.1549,-9.50155],[33.15499,-9.50185],[33.15505,-9.50197],[33.15509,-9.50219],[33.15517,-9.5024],[33.15526,-9.50254]]},"properties":{"id":791555964,"cls":"path","hw":"path","tg":"na","name":"","ref":"","surface":"","sc":"unknown","speed":null,"lit":"unk","km":0.448}},
{"type":"Feature","geometry":{"type":"LineString","coordinates":[[33.01546,-9.48109],[33.01583,-9.48059],[33.0163,-9.48019],[33.01663,-9.47975]]},"properties":{"id":791966833,"cls":"path","hw":"path","tg":"na","name":"","ref":"","surface":"","sc":"unknown","speed":null,"lit":"unk","km":0.198}},
{"type":"Feature","geometry":{"type":"LineString","coordinates":[[33.01663,-9.47975],[33.01673,-9.47975],[33.01687,-9.47976],[33.01703,-9.47999],[33.01729,-9.48039],[33.01747,-9.4807],[33.01773,-9.48112],[33.01853,-9.48204],[33.01882,-9.48212],[33.01906,-9.48226],[33.01942,-9.48209],[33.01948,-9.48212],[33.01954,-9.48212],[33.01962,-9.48226],[33.01961,-9.48234],[33.01968,-9.48241],[33.01976,-9.48248],[33.01982,-9.48257],[33.01988,-9.48258],[33.01991,-9.48265]]},"properties":{"id":791966834,"cls":"path","hw":"path","tg":"na","name":"","ref":"","surface":"","sc":"unknown","speed":null,"lit":"unk","km":0.537}},
{"type":"Feature","geometry":{"type":"LineString","coordinates":[[33.01853,-9.48204],[33.01834,-9.482],[33.01824,-9.48193],[33.01801,-9.48188],[33.01782,-9.48189],[33.01764,-9.48182],[33.01752,-9.48182],[33.01709,-9.48176]]},"properties":{"id":791966835,"cls":"path","hw":"path","tg":"na","name":"","ref":"","surface":"","sc":"unknown","speed":null,"lit":"unk","km":0.163}},
{"type":"Feature","geometry":{"type":"LineString","coordinates":[[33.01675,-9.48115],[33.01667,-9.48129],[33.01657,-9.48139],[33.01646,-9.48147],[33.01628,-9.48184],[33.01609,-9.48202],[33.01563,-9.48235]]},"properties":{"id":791966836,"cls":"path","hw":"path","tg":"na","name":"","ref":"","surface":"","sc":"unknown","speed":null,"lit":"unk","km":0.185}},
{"type":"Feature","geometry":{"type":"LineString","coordinates":[[33.01991,-9.48265],[33.01998,-9.48276],[33.02014,-9.4829],[33.0204,-9.48296],[33.02057,-9.48294],[33.02082,-9.48296],[33.02095,-9.483],[33.02116,-9.4831],[33.0214,-9.48317],[33.02158,-9.48314],[33.02186,-9.48304],[33.02218,-9.48297],[33.02237,-9.48299],[33.02266,-9.48329],[33.02285,-9.48348],[33.02336,-9.48355],[33.02348,-9.48356],[33.02355,-9.48351],[33.02368,-9.48358],[33.02378,-9.48369],[33.02393,-9.48375],[33.02408,-9.4838],[33.02424,-9.48379],[33.02438,-9.48377],[33.02456,-9.48384],[33.02462,-9.48385],[33.02469,-9.48385],[33.02479,-9.48385],[33.02495,-9.48357]]},"properties":{"id":791966839,"cls":"path","hw":"path","tg":"na","name":"","ref":"","surface":"","sc":"unknown","speed":null,"lit":"unk","km":0.629}},
{"type":"Feature","geometry":{"type":"LineString","coordinates":[[33.01546,-9.48109],[33.01554,-9.4811],[33.01577,-9.48119],[33.016,-9.48123],[33.01613,-9.48127],[33.01637,-9.48135],[33.01657,-9.48139],[33.0168,-9.48142],[33.01702,-9.48145]]},"properties":{"id":791966840,"cls":"unclassified","hw":"unclassified","tg":"na","name":"","ref":"","surface":"","sc":"unknown","speed":null,"lit":"unk","km":0.177}},
{"type":"Feature","geometry":{"type":"LineString","coordinates":[[33.01546,-9.48109],[33.01581,-9.48099],[33.01595,-9.48091],[33.01608,-9.48081],[33.0162,-9.48073],[33.01626,-9.48066],[33.01638,-9.48069],[33.01646,-9.48065],[33.01652,-9.48058],[33.01661,-9.48058],[33.0167,-9.48062],[33.01691,-9.48059],[33.01706,-9.48057]]},"properties":{"id":791966841,"cls":"path","hw":"path","tg":"na","name":"","ref":"","surface":"","sc":"unknown","speed":null,"lit":"unk","km":0.196}},
{"type":"Feature","geometry":{"type":"LineString","coordinates":[[33.0163,-9.48019],[33.01634,-9.48023],[33.01646,-9.48024],[33.01655,-9.48022],[33.01662,-9.48021],[33.01674,-9.48017],[33.01691,-9.48017],[33.01699,-9.48019]]},"properties":{"id":791966842,"cls":"path","hw":"path","tg":"na","name":"","ref":"","surface":"","sc":"unknown","speed":null,"lit":"unk","km":0.079}},
{"type":"Feature","geometry":{"type":"LineString","coordinates":[[33.01706,-9.48057],[33.0171,-9.48052],[33.01729,-9.48039]]},"properties":{"id":791966844,"cls":"path","hw":"path","tg":"na","name":"","ref":"","surface":"","sc":"unknown","speed":null,"lit":"unk","km":0.032}},
{"type":"Feature","geometry":{"type":"LineString","coordinates":[[33.01706,-9.48057],[33.01747,-9.4807]]},"properties":{"id":791966845,"cls":"path","hw":"path","tg":"na","name":"","ref":"","surface":"","sc":"unknown","speed":null,"lit":"unk","km":0.047}},
{"type":"Feature","geometry":{"type":"LineString","coordinates":[[33.01468,-9.48303],[33.01477,-9.48303],[33.01487,-9.48297],[33.01494,-9.48287],[33.01505,-9.4828],[33.01509,-9.48269],[33.01521,-9.48263],[33.01528,-9.4826],[33.01533,-9.48255],[33.01543,-9.48249],[33.01546,-9.4824],[33.01563,-9.48235]]},"properties":{"id":791972732,"cls":"path","hw":"path","tg":"na","name":"","ref":"","surface":"","sc":"unknown","speed":null,"lit":"unk","km":0.137}},
{"type":"Feature","geometry":{"type":"LineString","coordinates":[[33.01487,-9.48297],[33.01496,-9.48301],[33.01507,-9.48308],[33.0152,-9.48314],[33.01525,-9.48321],[33.01536,-9.48325],[33.01544,-9.48329],[33.01578,-9.48342],[33.016,-9.48354],[33.01609,-9.48359],[33.01614,-9.48359],[33.01618,-9.48363],[33.01623,-9.48364],[33.01637,-9.48374],[33.01644,-9.48381],[33.01656,-9.48394]]},"properties":{"id":791972733,"cls":"path","hw":"path","tg":"na","name":"","ref":"","surface":"","sc":"unknown","speed":null,"lit":"unk","km":0.219}},
{"type":"Feature","geometry":{"type":"LineString","coordinates":[[33.01459,-9.4831],[33.01462,-9.48323],[33.0146,-9.48337],[33.01459,-9.48349],[33.01452,-9.48354],[33.01447,-9.48383],[33.01439,-9.48401],[33.01433,-9.48412],[33.01429,-9.48427],[33.01425,-9.4844],[33.01418,-9.48445],[33.01409,-9.48451],[33.01387,-9.48475],[33.01382,-9.48484],[33.01377,-9.48487],[33.01362,-9.48516],[33.01356,-9.48518],[33.0135,-9.48524],[33.01342,-9.48529],[33.01333,-9.48536],[33.01329,-9.4854],[33.01317,-9.48543],[33.01302,-9.48552],[33.01292,-9.48556],[33.01285,-9.4856],[33.0128,-9.48564],[33.01266,-9.4857],[33.01257,-9.48577],[33.01248,-9.48585],[33.01242,-9.48594],[33.01236,-9.48598],[33.0123,-9.48602],[33.0122,-9.48603],[33.01213,-9.48609],[33.01203,-9.48614],[33.01195,-9.48615],[33.01189,-9.4862],[33.01184,-9.48623],[33.01181,-9.48629],[33.01176,-9.48631],[33.01172,-9.48642],[33.01169,-9.48647],[33.01171,-9.48652],[33.01169,-9.48657],[33.01164,-9.48666],[33.01159,-9.48679],[33.0115,-9.48685],[33.0114,-9.48697],[33.01135,-9.48707],[33.01133,-9.48714],[33.01127,-9.48718],[33.01121,-9.48723],[33.01115,-9.48724],[33.01111,-9.4873],[33.01104,-9.48732],[33.01097,-9.48735],[33.01092,-9.4874],[33.01088,-9.48744],[33.01085,-9.4875],[33.01083,-9.48757],[33.01085,-9.48773],[33.01085,-9.48783],[33.01082,-9.48788],[33.0108,-9.48801],[33.01073,-9.48818],[33.01074,-9.48826],[33.01071,-9.48831],[33.01066,-9.48837],[33.01064,-9.48843],[33.01063,-9.48848],[33.01059,-9.4885],[33.01059,-9.48856],[33.01038,-9.48887],[33.01034,-9.48896],[33.01023,-9.48921],[33.01018,-9.48932],[33.01007,-9.48942],[33.01004,-9.48966],[33.01003,-9.48971],[33.01007,-9.48982],[33.01007,-9.48997],[33.01006,-9.49019],[33.01006,-9.49032],[33.0101,-9.49046],[33.01007,-9.49049],[33.01001,-9.49052],[33.00999,-9.4906],[33.01006,-9.49071],[33.01014,-9.49083],[33.01016,-9.49099],[33.01014,-9.49112],[33.01014,-9.49138]]},"properties":{"id":791972740,"cls":"path","hw":"path","tg":"na","name":"","ref":"","surface":"","sc":"unknown","speed":null,"lit":"unk","km":1.16}},
{"type":"Feature","geometry":{"type":"LineString","coordinates":[[33.00897,-9.49005],[33.00924,-9.49004],[33.00938,-9.49009],[33.00953,-9.49011],[33.00973,-9.49018],[33.00987,-9.4903],[33.01007,-9.49049]]},"properties":{"id":791972741,"cls":"path","hw":"path","tg":"na","name":"","ref":"","surface":"","sc":"unknown","speed":null,"lit":"unk","km":0.137}},
{"type":"Feature","geometry":{"type":"LineString","coordinates":[[33.01429,-9.48427],[33.01417,-9.48417],[33.01415,-9.48413],[33.01404,-9.48408],[33.01397,-9.48407],[33.01385,-9.48394],[33.01373,-9.48389],[33.01365,-9.4838],[33.01355,-9.48373],[33.01345,-9.48364],[33.01336,-9.48354],[33.0133,-9.4835],[33.01322,-9.48345]]},"properties":{"id":791972743,"cls":"path","hw":"path","tg":"na","name":"","ref":"","surface":"","sc":"unknown","speed":null,"lit":"unk","km":0.152}},
{"type":"Feature","geometry":{"type":"LineString","coordinates":[[33.01322,-9.48345],[33.01333,-9.48342],[33.01341,-9.48339],[33.01349,-9.48335],[33.01358,-9.48333],[33.01372,-9.48328],[33.01378,-9.48325],[33.01387,-9.48322],[33.01391,-9.48322],[33.01398,-9.48321],[33.01408,-9.48321],[33.01414,-9.48319],[33.01425,-9.48318],[33.01437,-9.48312],[33.01445,-9.48307],[33.01455,-9.48305],[33.01459,-9.4831]]},"properties":{"id":791972744,"cls":"path","hw":"path","tg":"na","name":"","ref":"","surface":"","sc":"unknown","speed":null,"lit":"unk","km":0.162}},
{"type":"Feature","geometry":{"type":"LineString","coordinates":[[33.01468,-9.48303],[33.01459,-9.4831]]},"properties":{"id":791972746,"cls":"path","hw":"path","tg":"na","name":"","ref":"","surface":"","sc":"unknown","speed":null,"lit":"unk","km":0.013}},
{"type":"Feature","geometry":{"type":"LineString","coordinates":[[33.01455,-9.48305],[33.01459,-9.48299],[33.01457,-9.48274]]},"properties":{"id":791972747,"cls":"path","hw":"path","tg":"na","name":"","ref":"","surface":"","sc":"unknown","speed":null,"lit":"unk","km":0.036}},
{"type":"Feature","geometry":{"type":"LineString","coordinates":[[33.01487,-9.48297],[33.0148,-9.48295],[33.01471,-9.48287],[33.01465,-9.48283],[33.01457,-9.48274]]},"properties":{"id":791972748,"cls":"path","hw":"path","tg":"na","name":"","ref":"","surface":"","sc":"unknown","speed":null,"lit":"unk","km":0.043}},
{"type":"Feature","geometry":{"type":"LineString","coordinates":[[33.01457,-9.48274],[33.01443,-9.48262],[33.01433,-9.48252],[33.01419,-9.48235],[33.01409,-9.48229],[33.01399,-9.48221],[33.01386,-9.48201],[33.01374,-9.48187],[33.01366,-9.48175]]},"properties":{"id":791972749,"cls":"path","hw":"path","tg":"na","name":"","ref":"","surface":"","sc":"unknown","speed":null,"lit":"unk","km":0.15}},
{"type":"Feature","geometry":{"type":"LineString","coordinates":[[33.01366,-9.48175],[33.01389,-9.48164],[33.01399,-9.48156],[33.01418,-9.4814],[33.01422,-9.48132],[33.01429,-9.48131],[33.01437,-9.48122],[33.0145,-9.48115],[33.01459,-9.48108],[33.01475,-9.48105],[33.01492,-9.48108]]},"properties":{"id":791972752,"cls":"path","hw":"path","tg":"na","name":"","ref":"","surface":"","sc":"unknown","speed":null,"lit":"unk","km":0.166}},
{"type":"Feature","geometry":{"type":"LineString","coordinates":[[33.01459,-9.48108],[33.0145,-9.48104],[33.01437,-9.48104],[33.01417,-9.481],[33.01404,-9.48099],[33.01393,-9.481],[33.01387,-9.48103],[33.01375,-9.48104]]},"properties":{"id":791972753,"cls":"path","hw":"path","tg":"na","name":"","ref":"","surface":"","sc":"unknown","speed":null,"lit":"unk","km":0.094}},
{"type":"Feature","geometry":{"type":"LineString","coordinates":[[33.01393,-9.481],[33.01391,-9.48086],[33.01394,-9.48081],[33.01397,-9.48073],[33.01405,-9.48068],[33.01411,-9.48068],[33.01425,-9.48059],[33.01431,-9.48053],[33.01434,-9.48051],[33.01438,-9.48041],[33.01445,-9.48036],[33.01448,-9.48031],[33.01452,-9.4803]]},"properties":{"id":791972754,"cls":"path","hw":"path","tg":"na","name":"","ref":"","surface":"","sc":"unknown","speed":null,"lit":"unk","km":0.113}},
{"type":"Feature","geometry":{"type":"LineString","coordinates":[[33.00716,-9.47771],[33.00736,-9.47841],[33.00803,-9.47919],[33.00868,-9.48058],[33.00921,-9.48191],[33.00925,-9.48201],[33.00895,-9.48241],[33.00874,-9.48245],[33.00861,-9.48248],[33.00848,-9.48263],[33.00835,-9.48266],[33.00813,-9.4826],[33.00775,-9.48243],[33.0075,-9.48238],[33.00736,-9.48236],[33.0071,-9.48238],[33.00674,-9.48241],[33.00644,-9.48237],[33.00621,-9.4824],[33.00581,-9.48248],[33.00546,-9.48252],[33.0052,-9.48257],[33.00495,-9.48263],[33.0048,-9.48267],[33.00446,-9.48275],[33.00392,-9.48275],[33.00379,-9.48278],[33.00363,-9.4828],[33.00349,-9.48288],[33.00333,-9.4829],[33.00302,-9.48295],[33.00266,-9.48291]]},"properties":{"id":791972755,"cls":"path","hw":"path","tg":"na","name":"","ref":"","surface":"","sc":"unknown","speed":null,"lit":"unk","km":1.304}},
{"type":"Feature","geometry":{"type":"LineString","coordinates":[[33.01181,-9.4772],[33.01122,-9.47826],[33.01098,-9.47838],[33.01073,-9.47857],[33.01054,-9.47863],[33.01043,-9.47858],[33.01025,-9.47862],[33.01007,-9.47861],[33.00983,-9.47867],[33.00963,-9.47869],[33.00955,-9.47868],[33.00946,-9.4787],[33.00921,-9.4787],[33.00901,-9.47877],[33.00883,-9.47888],[33.00855,-9.47907],[33.00836,-9.47906],[33.00816,-9.47909],[33.00803,-9.47919]]},"properties":{"id":791972756,"cls":"path","hw":"path","tg":"na","name":"","ref":"","surface":"","sc":"unknown","speed":null,"lit":"unk","km":0.514}},
{"type":"Feature","geometry":{"type":"LineString","coordinates":[[33.00716,-9.47771],[33.00777,-9.47815],[33.00797,-9.47817],[33.00825,-9.47829],[33.00841,-9.4784],[33.00865,-9.47853],[33.0089,-9.47858],[33.00904,-9.47867],[33.00921,-9.4787]]},"properties":{"id":791972757,"cls":"path","hw":"path","tg":"na","name":"","ref":"","surface":"","sc":"unknown","speed":null,"lit":"unk","km":0.255}},
{"type":"Feature","geometry":{"type":"LineString","coordinates":[[33.00946,-9.4787],[33.00967,-9.47875],[33.00991,-9.47886],[33.01017,-9.47896],[33.01042,-9.47906],[33.0106,-9.47918],[33.01079,-9.47934],[33.01109,-9.47947],[33.01132,-9.47948],[33.01148,-9.47958],[33.01168,-9.47975],[33.01172,-9.4798],[33.01217,-9.47978],[33.01259,-9.47969],[33.0127,-9.47966],[33.01283,-9.47966],[33.01309,-9.4796],[33.01344,-9.47953],[33.01377,-9.47949],[33.01408,-9.47943]]},"properties":{"id":791972758,"cls":"path","hw":"path","tg":"na","name":"","ref":"","surface":"","sc":"unknown","speed":null,"lit":"unk","km":0.545}},
{"type":"Feature","geometry":{"type":"LineString","coordinates":[[33.01172,-9.4798],[33.01202,-9.48],[33.01237,-9.48014],[33.01266,-9.48028],[33.01285,-9.48034],[33.01304,-9.48044],[33.01322,-9.48052],[33.01336,-9.48064],[33.01356,-9.48085],[33.0136,-9.481],[33.01375,-9.48104]]},"properties":{"id":791972759,"cls":"path","hw":"path","tg":"na","name":"","ref":"","surface":"","sc":"unknown","speed":null,"lit":"unk","km":0.27}},
{"type":"Feature","geometry":{"type":"LineString","coordinates":[[33.01366,-9.48175],[33.01354,-9.48175],[33.01354,-9.48167],[33.01355,-9.48156],[33.01354,-9.4814],[33.01354,-9.4813],[33.0136,-9.48119],[33.01367,-9.48119],[33.01372,-9.48114],[33.01375,-9.48104]]},"properties":{"id":791972760,"cls":"path","hw":"path","tg":"na","name":"","ref":"","surface":"","sc":"unknown","speed":null,"lit":"unk","km":0.104}},
{"type":"Feature","geometry":{"type":"LineString","coordinates":[[33.01935,-9.49056],[33.01941,-9.4906],[33.01952,-9.4906],[33.01963,-9.49067],[33.02008,-9.49107],[33.02048,-9.49129],[33.02057,-9.49132],[33.02065,-9.49135],[33.02075,-9.49163],[33.02109,-9.49186],[33.02117,-9.49201],[33.02152,-9.49264],[33.02166,-9.49295],[33.02179,-9.49313],[33.02174,-9.49332],[33.02188,-9.49352],[33.02195,-9.49363],[33.02202,-9.49377]]},"properties":{"id":791972761,"cls":"path","hw":"path","tg":"na","name":"","ref":"","surface":"","sc":"unknown","speed":null,"lit":"unk","km":0.491}},
{"type":"Feature","geometry":{"type":"LineString","coordinates":[[33.01656,-9.48394],[33.01763,-9.4848],[33.01792,-9.48513],[33.01803,-9.48522],[33.01807,-9.48526],[33.01809,-9.48535],[33.01828,-9.48555],[33.01847,-9.48571],[33.01862,-9.48587],[33.01894,-9.48623],[33.01906,-9.48638],[33.01919,-9.4865],[33.01944,-9.4868],[33.0195,-9.48689],[33.01959,-9.48707],[33.01971,-9.48722],[33.02014,-9.48753],[33.02033,-9.48758],[33.02043,-9.48758],[33.02058,-9.48765],[33.02076,-9.48781],[33.02086,-9.48783],[33.02096,-9.48783],[33.02184,-9.48748],[33.02195,-9.48756],[33.02211,-9.48757],[33.02242,-9.48792],[33.02287,-9.48845],[33.02369,-9.48934],[33.02372,-9.48942],[33.0238,-9.48965],[33.02412,-9.49004]]},"properties":{"id":791972762,"cls":"path","hw":"path","tg":"na","name":"","ref":"","surface":"","sc":"unknown","speed":null,"lit":"unk","km":1.156}},
{"type":"Feature","geometry":{"type":"LineString","coordinates":[[33.01408,-9.47943],[33.01445,-9.4794],[33.01469,-9.4794],[33.01493,-9.4794],[33.01511,-9.47946],[33.01534,-9.47946],[33.01558,-9.4795],[33.01582,-9.47955],[33.01602,-9.47956],[33.01624,-9.47953],[33.01638,-9.47963],[33.01662,-9.47959],[33.01673,-9.47975]]},"properties":{"id":791972763,"cls":"path","hw":"path","tg":"na","name":"","ref":"","surface":"","sc":"unknown","speed":null,"lit":"unk","km":0.306}},
{"type":"Feature","geometry":{"type":"LineString","coordinates":[[33.00874,-9.48245],[33.00887,-9.48253],[33.00914,-9.48259],[33.00945,-9.48289],[33.0099,-9.48312],[33.01031,-9.48326],[33.01061,-9.48331],[33.01071,-9.48339],[33.0112,-9.48345],[33.01205,-9.48328],[33.01257,-9.48321],[33.01271,-9.48313],[33.01302,-9.48302],[33.01305,-9.48301],[33.01329,-9.48302],[33.01334,-9.48303],[33.01371,-9.4829],[33.01416,-9.48277],[33.01457,-9.48274]]},"properties":{"id":791972764,"cls":"path","hw":"path","tg":"na","name":"","ref":"","surface":"","sc":"unknown","speed":null,"lit":"unk","km":0.681}},
{"type":"Feature","geometry":{"type":"LineString","coordinates":[[33.01153,-9.48138],[33.01191,-9.48154],[33.01217,-9.48149],[33.01251,-9.48141],[33.0127,-9.48138],[33.01288,-9.4814],[33.013,-9.48136],[33.01312,-9.48128],[33.01335,-9.48114],[33.01354,-9.48109],[33.0136,-9.481]]},"properties":{"id":791972765,"cls":"path","hw":"path","tg":"na","name":"","ref":"","surface":"","sc":"unknown","speed":null,"lit":"unk","km":0.247}},
{"type":"Feature","geometry":{"type":"LineString","coordinates":[[33.01354,-9.48109],[33.0136,-9.48119]]},"properties":{"id":791972766,"cls":"path","hw":"path","tg":"na","name":"","ref":"","surface":"","sc":"unknown","speed":null,"lit":"unk","km":0.013}},
{"type":"Feature","geometry":{"type":"LineString","coordinates":[[33.01329,-9.48302],[33.01323,-9.48315],[33.01314,-9.48323],[33.01315,-9.4833]]},"properties":{"id":791973149,"cls":"path","hw":"path","tg":"na","name":"","ref":"","surface":"","sc":"unknown","speed":null,"lit":"unk","km":0.037}},
{"type":"Feature","geometry":{"type":"LineString","coordinates":[[33.01257,-9.48321],[33.01265,-9.48324],[33.01275,-9.48324],[33.0128,-9.48324],[33.01288,-9.4833],[33.01299,-9.48334],[33.01306,-9.48335],[33.01315,-9.4833]]},"properties":{"id":791973150,"cls":"path","hw":"path","tg":"na","name":"","ref":"","surface":"","sc":"unknown","speed":null,"lit":"unk","km":0.069}},
{"type":"Feature","geometry":{"type":"LineString","coordinates":[[33.01354,-9.48175],[33.01352,-9.4818],[33.01353,-9.48187],[33.01349,-9.48209],[33.01343,-9.48217],[33.01338,-9.48227],[33.01338,-9.48239],[33.0134,-9.48254],[33.01339,-9.48268],[33.01338,-9.4828],[33.01334,-9.48291],[33.01329,-9.48302]]},"properties":{"id":791973152,"cls":"path","hw":"path","tg":"na","name":"","ref":"","surface":"","sc":"unknown","speed":null,"lit":"unk","km":0.148}},
{"type":"Feature","geometry":{"type":"LineString","coordinates":[[33.01191,-9.48154],[33.01199,-9.48159],[33.01203,-9.48178],[33.01204,-9.48184],[33.01212,-9.48189],[33.01218,-9.48197],[33.01224,-9.48202],[33.01234,-9.48201],[33.01235,-9.48212],[33.01243,-9.48215],[33.01245,-9.48224],[33.01256,-9.48229],[33.01263,-9.48233],[33.01268,-9.4824],[33.01271,-9.4825],[33.01276,-9.48256],[33.01281,-9.48267],[33.01286,-9.48274],[33.01288,-9.48281],[33.01295,-9.48285],[33.01298,-9.4829],[33.01302,-9.48302]]},"properties":{"id":791973153,"cls":"path","hw":"path","tg":"na","name":"","ref":"","surface":"","sc":"unknown","speed":null,"lit":"unk","km":0.224}},
{"type":"Feature","geometry":{"type":"LineString","coordinates":[[33.00627,-9.37389],[33.006,-9.37369],[33.00592,-9.37366],[33.00569,-9.37365],[33.00546,-9.37389],[33.0055,-9.37393],[33.0055,-9.37401],[33.0061,-9.37434],[33.0062,-9.37439],[33.0064,-9.37458],[33.00659,-9.37482]]},"properties":{"id":792595334,"cls":"residential","hw":"residential","tg":"na","name":"","ref":"","surface":"","sc":"unknown","speed":null,"lit":"unk","km":0.276}},
{"type":"Feature","geometry":{"type":"LineString","coordinates":[[33.15409,-9.49993],[33.1541,-9.49997],[33.15415,-9.50008],[33.15419,-9.50018],[33.15434,-9.50029],[33.15446,-9.50047],[33.15453,-9.50058],[33.15453,-9.5007],[33.15452,-9.50081],[33.1546,-9.50099]]},"properties":{"id":792727416,"cls":"path","hw":"path","tg":"na","name":"","ref":"","surface":"","sc":"unknown","speed":null,"lit":"unk","km":0.136}},
{"type":"Feature","geometry":{"type":"LineString","coordinates":[[33.13615,-9.49389],[33.13618,-9.4938],[33.13618,-9.49359],[33.13618,-9.49346],[33.13624,-9.4933]]},"properties":{"id":793150798,"cls":"path","hw":"path","tg":"na","name":"","ref":"","surface":"","sc":"unknown","speed":null,"lit":"unk","km":0.067}},
{"type":"Feature","geometry":{"type":"LineString","coordinates":[[33.1361,-9.49781],[33.13617,-9.49778],[33.13622,-9.49772],[33.13625,-9.4977],[33.13629,-9.49765],[33.13635,-9.49763],[33.13649,-9.49756],[33.13657,-9.49747],[33.13668,-9.49742],[33.13672,-9.49742],[33.13677,-9.49743],[33.13689,-9.49747]]},"properties":{"id":793150802,"cls":"path","hw":"path","tg":"na","name":"","ref":"","surface":"","sc":"unknown","speed":null,"lit":"unk","km":0.103}},
{"type":"Feature","geometry":{"type":"LineString","coordinates":[[33.13591,-9.49712],[33.13608,-9.49711],[33.13617,-9.49714],[33.13632,-9.4972],[33.13644,-9.49721],[33.13653,-9.49724],[33.13665,-9.49728],[33.13668,-9.49735],[33.13672,-9.49742]]},"properties":{"id":793150803,"cls":"path","hw":"path","tg":"na","name":"","ref":"","surface":"","sc":"unknown","speed":null,"lit":"unk","km":0.102}},
{"type":"Feature","geometry":{"type":"LineString","coordinates":[[33.13649,-9.499],[33.13633,-9.49915],[33.13623,-9.49926],[33.13611,-9.49936],[33.13611,-9.49941],[33.13614,-9.49947]]},"properties":{"id":793150810,"cls":"path","hw":"path","tg":"na","name":"","ref":"","surface":"","sc":"unknown","speed":null,"lit":"unk","km":0.071}},
{"type":"Feature","geometry":{"type":"LineString","coordinates":[[33.13662,-9.49918],[33.13674,-9.49907]]},"properties":{"id":793150811,"cls":"path","hw":"path","tg":"na","name":"","ref":"","surface":"","sc":"unknown","speed":null,"lit":"unk","km":0.018}},
{"type":"Feature","geometry":{"type":"LineString","coordinates":[[33.13705,-9.49979],[33.13717,-9.49965]]},"properties":{"id":793150813,"cls":"path","hw":"path","tg":"na","name":"","ref":"","surface":"","sc":"unknown","speed":null,"lit":"unk","km":0.02}},
{"type":"Feature","geometry":{"type":"LineString","coordinates":[[33.1439,-9.49725],[33.14403,-9.49706],[33.14414,-9.49697],[33.14423,-9.49691],[33.14438,-9.49663]]},"properties":{"id":793156888,"cls":"path","hw":"path","tg":"na","name":"","ref":"","surface":"","sc":"unknown","speed":null,"lit":"unk","km":0.088}},
{"type":"Feature","geometry":{"type":"LineString","coordinates":[[33.1404,-9.49918],[33.14025,-9.49919],[33.14024,-9.49919],[33.14014,-9.49924],[33.14002,-9.49936],[33.13998,-9.4994],[33.13993,-9.49946],[33.13991,-9.49951],[33.13987,-9.49957],[33.13963,-9.4997],[33.13943,-9.49984],[33.13926,-9.49999],[33.13897,-9.50017],[33.1389,-9.50023],[33.13877,-9.50039],[33.13857,-9.50052],[33.13839,-9.50066],[33.13821,-9.50082],[33.13801,-9.501],[33.13797,-9.50106],[33.13783,-9.50112],[33.13775,-9.50118]]},"properties":{"id":793180657,"cls":"path","hw":"path","tg":"na","name":"","ref":"","surface":"","sc":"unknown","speed":null,"lit":"unk","km":0.373}},
{"type":"Feature","geometry":{"type":"LineString","coordinates":[[33.13855,-9.49926],[33.1384,-9.4994],[33.13834,-9.4995],[33.13827,-9.49962],[33.13823,-9.49976],[33.13819,-9.49992],[33.13816,-9.50008],[33.13811,-9.50023],[33.13808,-9.50036],[33.13803,-9.50043],[33.13798,-9.50048],[33.13793,-9.50057],[33.13782,-9.50071],[33.13776,-9.50066],[33.13771,-9.50066],[33.13768,-9.50069],[33.13763,-9.50075],[33.13755,-9.50079]]},"properties":{"id":793180661,"cls":"path","hw":"path","tg":"na","name":"","ref":"","surface":"","sc":"unknown","speed":null,"lit":"unk","km":0.222}},
{"type":"Feature","geometry":{"type":"LineString","coordinates":[[33.13998,-9.4994],[33.13992,-9.49927],[33.13987,-9.49918],[33.13984,-9.49915],[33.13983,-9.49903],[33.13981,-9.49893],[33.13985,-9.49885],[33.13983,-9.49877],[33.13985,-9.49873],[33.1398,-9.49859],[33.13976,-9.49846],[33.13977,-9.49842],[33.13978,-9.49831],[33.13987,-9.49817],[33.14003,-9.49804],[33.14013,-9.49792],[33.1403,-9.49773],[33.14044,-9.49758],[33.14048,-9.49751],[33.14049,-9.49745],[33.14046,-9.49731],[33.14043,-9.49719],[33.1405,-9.49709],[33.14063,-9.49698],[33.14077,-9.49691],[33.14086,-9.49685],[33.14098,-9.49693],[33.14122,-9.4971],[33.14132,-9.49715],[33.14135,-9.49717]]},"properties":{"id":793180662,"cls":"path","hw":"path","tg":"na","name":"","ref":"","surface":"","sc":"unknown","speed":null,"lit":"unk","km":0.41}},
{"type":"Feature","geometry":{"type":"LineString","coordinates":[[33.14132,-9.49715],[33.14139,-9.4971],[33.14143,-9.49711],[33.1415,-9.49703],[33.14152,-9.49691],[33.14152,-9.4968],[33.14156,-9.49668],[33.14164,-9.49655],[33.1417,-9.49648],[33.14172,-9.49641],[33.1418,-9.49636],[33.14182,-9.49635],[33.14198,-9.49626],[33.14212,-9.49618],[33.14225,-9.49614],[33.1424,-9.49602],[33.14258,-9.49588],[33.14268,-9.49574]]},"properties":{"id":793180664,"cls":"path","hw":"path","tg":"na","name":"","ref":"","surface":"","sc":"unknown","speed":null,"lit":"unk","km":0.232}},
{"type":"Feature","geometry":{"type":"LineString","coordinates":[[33.1418,-9.49636],[33.14191,-9.49647]]},"properties":{"id":793180665,"cls":"path","hw":"path","tg":"na","name":"","ref":"","surface":"","sc":"unknown","speed":null,"lit":"unk","km":0.017}},
{"type":"Feature","geometry":{"type":"LineString","coordinates":[[33.13855,-9.49926],[33.13858,-9.49928],[33.13869,-9.49921],[33.13874,-9.4992],[33.1388,-9.49912],[33.13897,-9.49909],[33.139,-9.49906],[33.13901,-9.49902],[33.13913,-9.49898],[33.1392,-9.49897],[33.13926,-9.49898],[33.13932,-9.49896],[33.13941,-9.49889],[33.13948,-9.4988],[33.1395,-9.49868],[33.13955,-9.49853],[33.13964,-9.49847],[33.13978,-9.49831]]},"properties":{"id":793180678,"cls":"path","hw":"path","tg":"na","name":"","ref":"","surface":"","sc":"unknown","speed":null,"lit":"unk","km":0.19}},
{"type":"Feature","geometry":{"type":"LineString","coordinates":[[33.13955,-9.49853],[33.13943,-9.49844],[33.13929,-9.49835],[33.1392,-9.49824],[33.13914,-9.49814],[33.13911,-9.49809],[33.13899,-9.49806],[33.13891,-9.498],[33.13877,-9.49788],[33.13876,-9.49781],[33.13871,-9.49775]]},"properties":{"id":793180679,"cls":"path","hw":"path","tg":"na","name":"","ref":"","surface":"","sc":"unknown","speed":null,"lit":"unk","km":0.131}},
{"type":"Feature","geometry":{"type":"LineString","coordinates":[[33.13753,-9.49375],[33.13714,-9.49413],[33.13702,-9.49427],[33.13692,-9.49437],[33.13675,-9.49463],[33.13691,-9.4947],[33.13696,-9.49473],[33.13695,-9.4948],[33.13701,-9.4949]]},"properties":{"id":793180680,"cls":"path","hw":"path","tg":"na","name":"","ref":"","surface":"","sc":"unknown","speed":null,"lit":"unk","km":0.177}},
{"type":"Feature","geometry":{"type":"LineString","coordinates":[[33.13701,-9.4949],[33.13698,-9.49504],[33.13698,-9.49511],[33.13696,-9.49525],[33.13696,-9.49532],[33.13701,-9.4954],[33.13714,-9.49546],[33.13728,-9.49546],[33.13748,-9.4954]]},"properties":{"id":793180681,"cls":"path","hw":"path","tg":"na","name":"","ref":"","surface":"","sc":"unknown","speed":null,"lit":"unk","km":0.112}},
{"type":"Feature","geometry":{"type":"LineString","coordinates":[[33.14556,-9.49715],[33.14536,-9.49744],[33.14526,-9.49764],[33.14508,-9.49781],[33.14501,-9.49785],[33.14484,-9.49808],[33.14476,-9.49822],[33.14475,-9.49824],[33.14465,-9.49836],[33.14466,-9.49842],[33.14456,-9.49853],[33.1445,-9.49867],[33.14444,-9.4988],[33.14439,-9.4989],[33.14437,-9.49897],[33.1443,-9.49912],[33.14414,-9.49923],[33.14391,-9.49949],[33.14377,-9.49967],[33.14368,-9.49981],[33.14359,-9.49999],[33.14354,-9.50019],[33.14351,-9.50041],[33.14345,-9.50052],[33.14334,-9.50068],[33.14319,-9.50096],[33.14313,-9.50116]]},"properties":{"id":793186837,"cls":"path","hw":"path","tg":"na","name":"","ref":"","surface":"","sc":"unknown","speed":null,"lit":"unk","km":0.531}},
{"type":"Feature","geometry":{"type":"LineString","coordinates":[[33.14025,-9.49919],[33.14047,-9.49896],[33.14053,-9.499],[33.14063,-9.49897],[33.1407,-9.49893],[33.14078,-9.49889],[33.14083,-9.49887],[33.14097,-9.49886],[33.14107,-9.49881],[33.14118,-9.49876],[33.1413,-9.49875],[33.14148,-9.49873],[33.14159,-9.4987],[33.14164,-9.4987],[33.14184,-9.49868],[33.1419,-9.49868],[33.14207,-9.49867],[33.14208,-9.49867],[33.14223,-9.49865],[33.14242,-9.49862],[33.14253,-9.49862],[33.14266,-9.4986],[33.1428,-9.49863],[33.14291,-9.49861],[33.143,-9.4986],[33.14317,-9.49856],[33.14337,-9.49855],[33.14347,-9.49851],[33.14359,-9.49847],[33.14377,-9.49847],[33.14388,-9.49845],[33.14409,-9.49851],[33.14422,-9.49846],[33.14431,-9.49842],[33.14444,-9.49835],[33.14459,-9.49831],[33.14475,-9.49824]]},"properties":{"id":793186838,"cls":"path","hw":"path","tg":"na","name":"","ref":"","surface":"","sc":"unknown","speed":null,"lit":"unk","km":0.523}},
{"type":"Feature","geometry":{"type":"LineString","coordinates":[[33.1439,-9.49725],[33.14385,-9.49722],[33.1438,-9.49726],[33.14372,-9.49726],[33.14361,-9.4974],[33.14354,-9.49745],[33.14345,-9.49755],[33.14334,-9.49753],[33.14316,-9.49762],[33.14308,-9.49771],[33.14302,-9.49777],[33.14294,-9.49781],[33.14286,-9.49787],[33.14278,-9.49794]]},"properties":{"id":793186839,"cls":"path","hw":"path","tg":"na","name":"","ref":"","surface":"","sc":"unknown","speed":null,"lit":"unk","km":0.156}},
{"type":"Feature","geometry":{"type":"LineString","coordinates":[[33.14278,-9.49794],[33.14283,-9.498],[33.14284,-9.49806],[33.14279,-9.49815],[33.14275,-9.49824],[33.1427,-9.49831],[33.14253,-9.49839],[33.14229,-9.49846],[33.14221,-9.49854],[33.14208,-9.49867]]},"properties":{"id":793186840,"cls":"path","hw":"path","tg":"na","name":"","ref":"","surface":"","sc":"unknown","speed":null,"lit":"unk","km":0.128}},
{"type":"Feature","geometry":{"type":"LineString","coordinates":[[33.14208,-9.49867],[33.14195,-9.49878],[33.14191,-9.49887],[33.14182,-9.49897],[33.14171,-9.49908],[33.14157,-9.49931],[33.14151,-9.4994]]},"properties":{"id":793186841,"cls":"path","hw":"path","tg":"na","name":"","ref":"","surface":"","sc":"unknown","speed":null,"lit":"unk","km":0.104}},
{"type":"Feature","geometry":{"type":"LineString","coordinates":[[33.0026,-9.3938],[33.00214,-9.3943],[33.00218,-9.39434],[33.00213,-9.39442],[33.00208,-9.39445],[33.0019,-9.39461],[33.00186,-9.39463],[33.0018,-9.39464],[33.00151,-9.39484],[33.00144,-9.39494],[33.0014,-9.39502],[33.00137,-9.39509],[33.00133,-9.39512],[33.00125,-9.39521],[33.00123,-9.39523],[33.00123,-9.39526],[33.00128,-9.39533],[33.00128,-9.39536],[33.00127,-9.39539],[33.00128,-9.39542],[33.00137,-9.39552],[33.00138,-9.39557],[33.00137,-9.39565]]},"properties":{"id":793294448,"cls":"path","hw":"path","tg":"na","name":"","ref":"","surface":"","sc":"unknown","speed":null,"lit":"unk","km":0.282}},
{"type":"Feature","geometry":{"type":"LineString","coordinates":[[33.00315,-9.39394],[33.00308,-9.39389],[33.003,-9.39387],[33.00283,-9.39381],[33.0026,-9.3938],[33.00239,-9.39372],[33.00228,-9.39346],[33.00221,-9.39339],[33.00222,-9.39331],[33.00216,-9.39323],[33.00214,-9.39309],[33.00187,-9.39291]]},"properties":{"id":793294449,"cls":"path","hw":"path","tg":"na","name":"","ref":"","surface":"","sc":"unknown","speed":null,"lit":"unk","km":0.202}},
{"type":"Feature","geometry":{"type":"LineString","coordinates":[[33.00214,-9.39309],[33.00232,-9.39266],[33.00239,-9.39269],[33.00302,-9.3918],[33.00307,-9.39187],[33.0034,-9.39227],[33.00357,-9.39248],[33.00375,-9.3927],[33.00395,-9.39287],[33.00405,-9.39301],[33.00409,-9.39306],[33.00401,-9.39312],[33.00407,-9.3932]]},"properties":{"id":793294450,"cls":"path","hw":"path","tg":"na","name":"","ref":"","surface":"","sc":"unknown","speed":null,"lit":"unk","km":0.386}},
{"type":"Feature","geometry":{"type":"LineString","coordinates":[[33.00347,-9.39875],[33.00338,-9.39882],[33.00317,-9.3992],[33.00303,-9.3993],[33.00295,-9.39938],[33.00277,-9.39957],[33.00237,-9.39926],[33.00231,-9.39903],[33.00238,-9.39896],[33.00206,-9.39873],[33.00179,-9.39875],[33.00151,-9.39856],[33.0011,-9.3982],[33.00154,-9.39776],[33.00167,-9.39786],[33.00192,-9.39743],[33.00197,-9.39729],[33.0022,-9.39706],[33.00249,-9.39689]]},"properties":{"id":793460782,"cls":"path","hw":"path","tg":"na","name":"","ref":"","surface":"","sc":"unknown","speed":null,"lit":"unk","km":0.616}},
{"type":"Feature","geometry":{"type":"LineString","coordinates":[[33.00365,-9.39473],[33.00344,-9.39502],[33.00338,-9.39515],[33.00331,-9.3954],[33.00329,-9.39549],[33.00308,-9.39579],[33.00276,-9.39625],[33.00266,-9.39647],[33.00256,-9.3967],[33.00249,-9.39682],[33.00249,-9.39689],[33.00251,-9.39697],[33.00263,-9.3971],[33.00283,-9.39728]]},"properties":{"id":793460783,"cls":"path","hw":"path","tg":"na","name":"","ref":"","surface":"","sc":"unknown","speed":null,"lit":"unk","km":0.333}},
{"type":"Feature","geometry":{"type":"LineString","coordinates":[[33.00094,-9.39586],[33.0007,-9.3962],[33.00003,-9.39654],[32.99952,-9.39685]]},"properties":{"id":793460784,"cls":"path","hw":"path","tg":"na","name":"","ref":"","surface":"","sc":"unknown","speed":null,"lit":"unk","km":0.194}},
{"type":"Feature","geometry":{"type":"LineString","coordinates":[[33.00239,-9.39372],[33.00166,-9.3935],[33.00121,-9.39362],[33.00115,-9.39362],[33.00106,-9.39364],[33.0004,-9.39334],[32.9998,-9.39315],[32.99899,-9.39256],[32.99854,-9.39224],[32.99837,-9.3922],[32.99819,-9.39217],[32.998,-9.39217],[32.99769,-9.39214],[32.99739,-9.39221],[32.99733,-9.39219],[32.99726,-9.39209],[32.99707,-9.39197]]},"properties":{"id":793460786,"cls":"path","hw":"path","tg":"na","name":"","ref":"","surface":"","sc":"unknown","speed":null,"lit":"unk","km":0.645}},
{"type":"Feature","geometry":{"type":"LineString","coordinates":[[33.00052,-9.38813],[33.00115,-9.38837],[33.00182,-9.3885],[33.0025,-9.38867],[33.00258,-9.38866],[33.00265,-9.38868],[33.00276,-9.38872],[33.00301,-9.38873],[33.00327,-9.38871],[33.00338,-9.3887],[33.00351,-9.38873],[33.00362,-9.38878],[33.0038,-9.38884],[33.00386,-9.38886],[33.00393,-9.38893],[33.00408,-9.38902],[33.00429,-9.3891],[33.00438,-9.38918],[33.0046,-9.38919],[33.00478,-9.38921],[33.00487,-9.38917],[33.00502,-9.38918]]},"properties":{"id":793460793,"cls":"path","hw":"path","tg":"na","name":"","ref":"","surface":"","sc":"unknown","speed":null,"lit":"unk","km":0.519}},
{"type":"Feature","geometry":{"type":"LineString","coordinates":[[33.134,-9.49243],[33.13395,-9.49252],[33.13396,-9.49264],[33.13399,-9.49287],[33.13396,-9.49317],[33.13404,-9.49319],[33.13408,-9.49325],[33.13418,-9.49341],[33.13418,-9.49347],[33.13416,-9.49354],[33.13411,-9.49363],[33.13413,-9.4937]]},"properties":{"id":793640389,"cls":"path","hw":"path","tg":"na","name":"","ref":"","surface":"","sc":"unknown","speed":null,"lit":"unk","km":0.156}},
{"type":"Feature","geometry":{"type":"LineString","coordinates":[[33.1349,-9.49388],[33.13466,-9.49401],[33.13451,-9.49416],[33.13438,-9.49399],[33.13425,-9.49387],[33.13421,-9.49382]]},"properties":{"id":793640390,"cls":"path","hw":"path","tg":"na","name":"","ref":"","surface":"","sc":"unknown","speed":null,"lit":"unk","km":0.104}},
{"type":"Feature","geometry":{"type":"LineString","coordinates":[[33.13451,-9.49416],[33.13446,-9.4942],[33.13433,-9.49432],[33.1343,-9.49446],[33.13426,-9.49463],[33.13414,-9.49462],[33.134,-9.49456],[33.13394,-9.49454],[33.13391,-9.49462],[33.1338,-9.4947]]},"properties":{"id":793640391,"cls":"path","hw":"path","tg":"na","name":"","ref":"","surface":"","sc":"unknown","speed":null,"lit":"unk","km":0.123}},
{"type":"Feature","geometry":{"type":"LineString","coordinates":[[33.13421,-9.49382],[33.13416,-9.49378],[33.13413,-9.4937]]},"properties":{"id":793640392,"cls":"path","hw":"path","tg":"na","name":"","ref":"","surface":"","sc":"unknown","speed":null,"lit":"unk","km":0.017}},
{"type":"Feature","geometry":{"type":"LineString","coordinates":[[33.13421,-9.49382],[33.13417,-9.49385],[33.13412,-9.49389],[33.13409,-9.49394],[33.13397,-9.49407],[33.13391,-9.49414]]},"properties":{"id":793640393,"cls":"path","hw":"path","tg":"na","name":"","ref":"","surface":"","sc":"unknown","speed":null,"lit":"unk","km":0.049}},
{"type":"Feature","geometry":{"type":"LineString","coordinates":[[33.13297,-9.49384],[33.13297,-9.4937],[33.133,-9.49354],[33.1331,-9.49341],[33.13324,-9.4933],[33.13327,-9.49321],[33.13327,-9.49312],[33.13334,-9.4929],[33.13336,-9.49285],[33.13341,-9.49279],[33.13351,-9.49274],[33.13363,-9.49259],[33.13374,-9.49255],[33.13384,-9.49248],[33.13388,-9.49239]]},"properties":{"id":793640394,"cls":"path","hw":"path","tg":"na","name":"","ref":"","surface":"","sc":"unknown","speed":null,"lit":"unk","km":0.203}},
{"type":"Feature","geometry":{"type":"LineString","coordinates":[[33.1332,-9.49212],[33.13307,-9.49238],[33.13306,-9.49243],[33.13301,-9.49244],[33.13292,-9.49245],[33.13286,-9.49253],[33.13282,-9.49261],[33.13277,-9.49273],[33.13269,-9.49284]]},"properties":{"id":793640396,"cls":"path","hw":"path","tg":"na","name":"","ref":"","surface":"","sc":"unknown","speed":null,"lit":"unk","km":0.104}},
{"type":"Feature","geometry":{"type":"LineString","coordinates":[[33.13323,-9.49248],[33.13332,-9.49237],[33.13352,-9.49225]]},"properties":{"id":793640397,"cls":"path","hw":"path","tg":"na","name":"","ref":"","surface":"","sc":"unknown","speed":null,"lit":"unk","km":0.041}},
{"type":"Feature","geometry":{"type":"LineString","coordinates":[[33.13273,-9.49453],[33.13281,-9.49457],[33.13287,-9.49458],[33.13293,-9.49459],[33.13302,-9.49454],[33.1331,-9.49454],[33.13322,-9.49451],[33.13333,-9.49449],[33.13341,-9.49452],[33.13349,-9.49452],[33.13356,-9.49458],[33.13366,-9.49466],[33.1338,-9.4947]]},"properties":{"id":793641490,"cls":"path","hw":"path","tg":"na","name":"","ref":"","surface":"","sc":"unknown","speed":null,"lit":"unk","km":0.128}},
{"type":"Feature","geometry":{"type":"LineString","coordinates":[[33.13297,-9.49384],[33.13279,-9.49379],[33.13264,-9.49377]]},"properties":{"id":793641491,"cls":"path","hw":"path","tg":"na","name":"","ref":"","surface":"","sc":"unknown","speed":null,"lit":"unk","km":0.037}},
{"type":"Feature","geometry":{"type":"LineString","coordinates":[[33.13373,-9.4936],[33.1338,-9.49347],[33.13387,-9.4933],[33.13392,-9.49324],[33.13396,-9.49317]]},"properties":{"id":793641492,"cls":"path","hw":"path","tg":"na","name":"","ref":"","surface":"","sc":"unknown","speed":null,"lit":"unk","km":0.054}},
{"type":"Feature","geometry":{"type":"LineString","coordinates":[[33.1316,-9.4938],[33.13171,-9.49386],[33.1318,-9.49391],[33.13187,-9.49396],[33.13193,-9.494],[33.13201,-9.49416],[33.13204,-9.49421],[33.13214,-9.49428],[33.13222,-9.49436],[33.13229,-9.4945],[33.13244,-9.49475]]},"properties":{"id":793641493,"cls":"path","hw":"path","tg":"na","name":"","ref":"","surface":"","sc":"unknown","speed":null,"lit":"unk","km":0.144}},
{"type":"Feature","geometry":{"type":"LineString","coordinates":[[33.01282,-9.46249],[33.01272,-9.46235],[33.01269,-9.46223],[33.01265,-9.46209],[33.01266,-9.46198],[33.01271,-9.46191],[33.01279,-9.46183],[33.01287,-9.46173],[33.01293,-9.46164],[33.01299,-9.46156],[33.013,-9.4615],[33.01302,-9.46139],[33.01308,-9.46124],[33.01316,-9.46114],[33.01323,-9.46097],[33.01327,-9.46083],[33.01329,-9.46076],[33.01336,-9.46071],[33.01342,-9.46064],[33.01345,-9.46062],[33.01351,-9.46065],[33.01355,-9.46077],[33.01366,-9.46092],[33.01375,-9.46109],[33.01385,-9.46104],[33.01387,-9.46103],[33.01399,-9.46096],[33.0141,-9.46087],[33.01413,-9.46084],[33.01418,-9.46082],[33.01423,-9.46079],[33.01433,-9.46074],[33.0144,-9.4607],[33.01449,-9.46066],[33.01454,-9.46064],[33.0147,-9.46055],[33.01489,-9.46044],[33.01503,-9.46035],[33.01511,-9.46029],[33.01525,-9.46024],[33.01531,-9.46019],[33.01557,-9.46023],[33.01609,-9.46027],[33.01624,-9.4603]]},"properties":{"id":794188923,"cls":"path","hw":"path","tg":"na","name":"","ref":"","surface":"","sc":"unknown","speed":null,"lit":"unk","km":0.606}},
{"type":"Feature","geometry":{"type":"LineString","coordinates":[[33.13575,-9.49653],[33.13539,-9.49669],[33.13517,-9.49685],[33.1351,-9.49712],[33.13504,-9.49746],[33.13495,-9.49777],[33.13491,-9.49788],[33.13487,-9.49811],[33.13474,-9.49838],[33.13468,-9.49849],[33.13468,-9.49856],[33.13459,-9.49864],[33.13445,-9.49893],[33.13438,-9.49913],[33.13439,-9.49931],[33.13435,-9.49942],[33.13428,-9.49953],[33.13424,-9.49967],[33.13421,-9.49977],[33.13411,-9.49986],[33.13405,-9.49995],[33.134,-9.50005],[33.13384,-9.50012],[33.13369,-9.5002],[33.13358,-9.50038],[33.13346,-9.50058],[33.13361,-9.50068],[33.13379,-9.50076]]},"properties":{"id":794560192,"cls":"path","hw":"path","tg":"na","name":"","ref":"","surface":"","sc":"unknown","speed":null,"lit":"unk","km":0.588}},
{"type":"Feature","geometry":{"type":"LineString","coordinates":[[33.12414,-9.49973],[33.12425,-9.49967],[33.12425,-9.49959],[33.1242,-9.4995],[33.1242,-9.49942],[33.12402,-9.49945],[33.12392,-9.49945]]},"properties":{"id":794567379,"cls":"path","hw":"path","tg":"na","name":"","ref":"","surface":"","sc":"unknown","speed":null,"lit":"unk","km":0.074}},
{"type":"Feature","geometry":{"type":"LineString","coordinates":[[33.12425,-9.49959],[33.12443,-9.49953],[33.12447,-9.49959],[33.12459,-9.49954],[33.12472,-9.49956],[33.12484,-9.49955],[33.12501,-9.49948],[33.12513,-9.49941],[33.12517,-9.49931],[33.12523,-9.49917],[33.1253,-9.49903],[33.1253,-9.49899],[33.12539,-9.49883],[33.1255,-9.49862],[33.12537,-9.49847]]},"properties":{"id":794567382,"cls":"path","hw":"path","tg":"na","name":"","ref":"","surface":"","sc":"unknown","speed":null,"lit":"unk","km":0.225}},
{"type":"Feature","geometry":{"type":"LineString","coordinates":[[33.12526,-9.49815],[33.12537,-9.49839],[33.12537,-9.49847]]},"properties":{"id":794567383,"cls":"path","hw":"path","tg":"na","name":"","ref":"","surface":"","sc":"unknown","speed":null,"lit":"unk","km":0.038}},
{"type":"Feature","geometry":{"type":"LineString","coordinates":[[33.12679,-9.4977],[33.12698,-9.49783],[33.12703,-9.49786],[33.1271,-9.49793],[33.12715,-9.49796],[33.1272,-9.49805],[33.12727,-9.49809],[33.12738,-9.49823],[33.12756,-9.49834],[33.12766,-9.49837]]},"properties":{"id":794567386,"cls":"path","hw":"path","tg":"na","name":"","ref":"","surface":"","sc":"unknown","speed":null,"lit":"unk","km":0.124}},
{"type":"Feature","geometry":{"type":"LineString","coordinates":[[33.12912,-9.49851],[33.12914,-9.49854],[33.12924,-9.49865],[33.12968,-9.4988],[33.12981,-9.49896],[33.12996,-9.4992],[33.13015,-9.49939],[33.13039,-9.4995],[33.13056,-9.49968],[33.1308,-9.4999],[33.1309,-9.50015],[33.13076,-9.50038],[33.13075,-9.50046],[33.13082,-9.50061]]},"properties":{"id":794567387,"cls":"path","hw":"path","tg":"na","name":"","ref":"","surface":"","sc":"unknown","speed":null,"lit":"unk","km":0.335}},
{"type":"Feature","geometry":{"type":"LineString","coordinates":[[33.12351,-9.49916],[33.12364,-9.49893],[33.12372,-9.49885],[33.1238,-9.49869],[33.12389,-9.4986],[33.12396,-9.49853]]},"properties":{"id":794571340,"cls":"path","hw":"path","tg":"na","name":"","ref":"","surface":"","sc":"unknown","speed":null,"lit":"unk","km":0.087}},
{"type":"Feature","geometry":{"type":"LineString","coordinates":[[33.12407,-9.4985],[33.12412,-9.49872],[33.12418,-9.49879],[33.12419,-9.49909],[33.1242,-9.49925],[33.12426,-9.4994],[33.1242,-9.49942]]},"properties":{"id":794571341,"cls":"path","hw":"path","tg":"na","name":"","ref":"","surface":"","sc":"unknown","speed":null,"lit":"unk","km":0.111}},
{"type":"Feature","geometry":{"type":"LineString","coordinates":[[33.12339,-9.49913],[33.12325,-9.49933],[33.12311,-9.49963],[33.12306,-9.49978],[33.12301,-9.49997],[33.12288,-9.50022]]},"properties":{"id":794571342,"cls":"path","hw":"path","tg":"na","name":"","ref":"","surface":"","sc":"unknown","speed":null,"lit":"unk","km":0.134}},
{"type":"Feature","geometry":{"type":"LineString","coordinates":[[33.00942,-9.38113],[33.0098,-9.38097],[33.01006,-9.38062],[33.01035,-9.3804],[33.01036,-9.38012],[33.01079,-9.37968],[33.01145,-9.3791],[33.01191,-9.37879],[33.01296,-9.37806]]},"properties":{"id":794719372,"cls":"residential","hw":"residential","tg":"na","name":"","ref":"","surface":"","sc":"unknown","speed":null,"lit":"unk","km":0.532}},
{"type":"Feature","geometry":{"type":"LineString","coordinates":[[33.02369,-9.40513],[33.02359,-9.40527],[33.02352,-9.40528],[33.02283,-9.40492],[33.0227,-9.40502],[33.0226,-9.40501],[33.02249,-9.40516],[33.02243,-9.40516],[33.02221,-9.40508],[33.02195,-9.40505],[33.02193,-9.40507],[33.02141,-9.40508]]},"properties":{"id":794862775,"cls":"path","hw":"path","tg":"na","name":"","ref":"","surface":"","sc":"unknown","speed":null,"lit":"unk","km":0.283}},
{"type":"Feature","geometry":{"type":"LineString","coordinates":[[33.02086,-9.40548],[33.02048,-9.40517],[33.02043,-9.40522],[33.02038,-9.40519],[33.0203,-9.40526],[33.01998,-9.40545],[33.01991,-9.40547],[33.01987,-9.4055],[33.01993,-9.40557],[33.01996,-9.40557],[33.02003,-9.40562],[33.02011,-9.40583]]},"properties":{"id":794862784,"cls":"path","hw":"path","tg":"na","name":"","ref":"","surface":"","sc":"unknown","speed":null,"lit":"unk","km":0.182}},
{"type":"Feature","geometry":{"type":"LineString","coordinates":[[33.02109,-9.40517],[33.02109,-9.40492],[33.02105,-9.40485],[33.02103,-9.40481],[33.02094,-9.40473],[33.02074,-9.40453],[33.02066,-9.40455],[33.02059,-9.40462],[33.02053,-9.40465],[33.02047,-9.40488],[33.02037,-9.40507],[33.02048,-9.40517]]},"properties":{"id":794862786,"cls":"path","hw":"path","tg":"na","name":"","ref":"","surface":"","sc":"unknown","speed":null,"lit":"unk","km":0.18}},
{"type":"Feature","geometry":{"type":"LineString","coordinates":[[33.0203,-9.40526],[33.02019,-9.40517],[33.02006,-9.40518],[33.01994,-9.40516],[33.01964,-9.40515],[33.01944,-9.40512],[33.01912,-9.40512],[33.0189,-9.40515],[33.01852,-9.4051]]},"properties":{"id":794862787,"cls":"residential","hw":"residential","tg":"na","name":"","ref":"","surface":"","sc":"unknown","speed":null,"lit":"unk","km":0.2}},
{"type":"Feature","geometry":{"type":"LineString","coordinates":[[33.02277,-9.4025],[33.02242,-9.40231],[33.02235,-9.40243],[33.02228,-9.40238],[33.02229,-9.40225],[33.02226,-9.40226],[33.0222,-9.40227],[33.02204,-9.40224],[33.02194,-9.40231],[33.02179,-9.40227],[33.02167,-9.40236],[33.02174,-9.40243],[33.02151,-9.40265]]},"properties":{"id":794862824,"cls":"path","hw":"path","tg":"na","name":"","ref":"","surface":"","sc":"unknown","speed":null,"lit":"unk","km":0.204}},
{"type":"Feature","geometry":{"type":"LineString","coordinates":[[33.23028,-9.49234],[33.23028,-9.49209],[33.2303,-9.49201],[33.23034,-9.4919],[33.23039,-9.49172],[33.23043,-9.49158],[33.23042,-9.49151],[33.23033,-9.49148],[33.2301,-9.49144],[33.22977,-9.49132],[33.22966,-9.49128],[33.22958,-9.49107],[33.22955,-9.49088],[33.22956,-9.49063],[33.22953,-9.49043],[33.22953,-9.49028],[33.22951,-9.49014],[33.22956,-9.48997],[33.22959,-9.48986],[33.22956,-9.48977],[33.22949,-9.48972],[33.22927,-9.48959],[33.22914,-9.48949],[33.22902,-9.48946],[33.22883,-9.4894],[33.22876,-9.48932],[33.22874,-9.48918],[33.22872,-9.4891],[33.2287,-9.48903],[33.22866,-9.48892],[33.22857,-9.48884],[33.22853,-9.48882],[33.22842,-9.48875],[33.2283,-9.48868],[33.22818,-9.48862],[33.22806,-9.48853],[33.22801,-9.4885],[33.22799,-9.48849],[33.22788,-9.4884],[33.22786,-9.48839],[33.22779,-9.48836],[33.22768,-9.48826],[33.22766,-9.48825],[33.22764,-9.48823],[33.22755,-9.48818],[33.22742,-9.48816],[33.22734,-9.48813],[33.22732,-9.48812],[33.22725,-9.48809],[33.22713,-9.48806],[33.22711,-9.48805],[33.22707,-9.48804],[33.2269,-9.488],[33.22664,-9.48789],[33.22642,-9.48776],[33.22629,-9.48766],[33.22612,-9.48763],[33.22598,-9.4876],[33.22584,-9.48756],[33.22564,-9.48751],[33.22551,-9.48747],[33.22544,-9.4874],[33.22529,-9.4873],[33.22513,-9.4872],[33.22499,-9.48709],[33.22488,-9.48704],[33.22482,-9.48701],[33.22481,-9.48701],[33.22467,-9.48695],[33.22458,-9.48693],[33.22447,-9.4869],[33.22437,-9.48687],[33.22422,-9.48681],[33.22404,-9.48674]]},"properties":{"id":794884763,"cls":"unclassified","hw":"unclassified","tg":"na","name":"","ref":"","surface":"unpaved","sc":"unpaved","speed":null,"lit":"unk","km":1.073}},
{"type":"Feature","geometry":{"type":"LineString","coordinates":[[33.01805,-9.40497],[33.01772,-9.40487],[33.01762,-9.40487],[33.01704,-9.40498],[33.01619,-9.40575]]},"properties":{"id":794898041,"cls":"path","hw":"path","tg":"na","name":"","ref":"","surface":"","sc":"unknown","speed":null,"lit":"unk","km":0.24}},
{"type":"Feature","geometry":{"type":"LineString","coordinates":[[33.02062,-9.40141],[33.02033,-9.40163],[33.0201,-9.40177],[33.02012,-9.40203],[33.02006,-9.40234],[33.01996,-9.40256],[33.01977,-9.40295],[33.01965,-9.40296],[33.01956,-9.40307],[33.0197,-9.40319],[33.01948,-9.40345],[33.01967,-9.40357],[33.01985,-9.40373],[33.01997,-9.40387]]},"properties":{"id":794901334,"cls":"path","hw":"path","tg":"na","name":"","ref":"","surface":"","sc":"unknown","speed":null,"lit":"unk","km":0.367}},
{"type":"Feature","geometry":{"type":"LineString","coordinates":[[33.01948,-9.40345],[33.01893,-9.40303],[33.01873,-9.4028],[33.01882,-9.40269],[33.01867,-9.40252],[33.01842,-9.40218]]},"properties":{"id":794901335,"cls":"path","hw":"path","tg":"na","name":"","ref":"","surface":"","sc":"unknown","speed":null,"lit":"unk","km":0.197}},
{"type":"Feature","geometry":{"type":"LineString","coordinates":[[33.01599,-9.40299],[33.0162,-9.40323],[33.01637,-9.40339],[33.01645,-9.40346],[33.01666,-9.40365],[33.01678,-9.40377],[33.01688,-9.40389],[33.01696,-9.40398],[33.01712,-9.40409],[33.01731,-9.40421],[33.01762,-9.40443],[33.0177,-9.40449],[33.01778,-9.40457],[33.01805,-9.40497]]},"properties":{"id":794908443,"cls":"unclassified","hw":"unclassified","tg":"na","name":"","ref":"","surface":"unpaved","sc":"unpaved","speed":null,"lit":"unk","km":0.318}},
{"type":"Feature","geometry":{"type":"LineString","coordinates":[[33.01704,-9.40498],[33.01679,-9.40487],[33.01596,-9.40471],[33.01585,-9.40475],[33.01552,-9.40472],[33.01516,-9.40466],[33.01479,-9.40447]]},"properties":{"id":794914624,"cls":"path","hw":"path","tg":"na","name":"","ref":"","surface":"","sc":"unknown","speed":null,"lit":"unk","km":0.258}},
{"type":"Feature","geometry":{"type":"LineString","coordinates":[[33.012,-9.39384],[33.0122,-9.3937],[33.01238,-9.39348],[33.01251,-9.39319],[33.01286,-9.39288],[33.01312,-9.39277],[33.01338,-9.39271],[33.01356,-9.3927],[33.01366,-9.39266],[33.01374,-9.39265],[33.01382,-9.39257],[33.01391,-9.39255],[33.01415,-9.39228],[33.01445,-9.39206],[33.01479,-9.39188],[33.01508,-9.3916],[33.01527,-9.39146],[33.01573,-9.39139],[33.01642,-9.39107],[33.01707,-9.39088],[33.01733,-9.39076],[33.01743,-9.39067],[33.01748,-9.39063]]},"properties":{"id":794919279,"cls":"path","hw":"path","tg":"na","name":"","ref":"","surface":"","sc":"unknown","speed":null,"lit":"unk","km":0.725}},
{"type":"Feature","geometry":{"type":"LineString","coordinates":[[33.23415,-9.49246],[33.23416,-9.49258],[33.23421,-9.49268],[33.23428,-9.49277],[33.23432,-9.4929],[33.23437,-9.49297],[33.23437,-9.493],[33.23441,-9.49312],[33.23456,-9.49339],[33.23457,-9.49348]]},"properties":{"id":794989573,"cls":"path","hw":"path","tg":"na","name":"","ref":"","surface":"","sc":"unknown","speed":null,"lit":"unk","km":0.125}},
{"type":"Feature","geometry":{"type":"LineString","coordinates":[[33.23457,-9.49348],[33.2345,-9.49368],[33.23452,-9.49385],[33.2346,-9.49396],[33.23462,-9.49413],[33.23473,-9.49427],[33.2348,-9.49435],[33.23497,-9.49439],[33.23502,-9.49435]]},"properties":{"id":794989574,"cls":"path","hw":"path","tg":"na","name":"","ref":"","surface":"","sc":"unknown","speed":null,"lit":"unk","km":0.134}},
{"type":"Feature","geometry":{"type":"LineString","coordinates":[[33.23457,-9.49348],[33.23455,-9.49353],[33.23461,-9.49357],[33.23472,-9.49363],[33.23479,-9.49364],[33.23491,-9.49367],[33.23496,-9.49366],[33.23505,-9.49366],[33.23512,-9.49366]]},"properties":{"id":794989575,"cls":"path","hw":"path","tg":"na","name":"","ref":"","surface":"","sc":"unknown","speed":null,"lit":"unk","km":0.072}},
{"type":"Feature","geometry":{"type":"LineString","coordinates":[[33.23103,-9.49684],[33.23105,-9.49718],[33.23105,-9.49737],[33.23108,-9.49763],[33.23115,-9.49795],[33.23111,-9.49816],[33.23097,-9.4984],[33.2309,-9.49865],[33.23081,-9.4988]]},"properties":{"id":794989576,"cls":"path","hw":"path","tg":"na","name":"","ref":"","surface":"","sc":"unknown","speed":null,"lit":"unk","km":0.227}},
{"type":"Feature","geometry":{"type":"LineString","coordinates":[[33.23108,-9.49763],[33.23123,-9.49778],[33.2313,-9.49793],[33.2314,-9.498],[33.23147,-9.49802],[33.23152,-9.49809],[33.23156,-9.49817],[33.23162,-9.49825],[33.23186,-9.49837]]},"properties":{"id":794989577,"cls":"path","hw":"path","tg":"na","name":"","ref":"","surface":"","sc":"unknown","speed":null,"lit":"unk","km":0.123}},
{"type":"Feature","geometry":{"type":"LineString","coordinates":[[33.23035,-9.49494],[33.23019,-9.49485],[33.23007,-9.4948],[33.22987,-9.49466],[33.22966,-9.49459],[33.22958,-9.49457],[33.22954,-9.49454],[33.22943,-9.49455],[33.22935,-9.49452],[33.22925,-9.4945],[33.22916,-9.49448],[33.22908,-9.49446],[33.22902,-9.49444],[33.22869,-9.4944],[33.22815,-9.49418],[33.22817,-9.49408],[33.22821,-9.49394],[33.22821,-9.49379]]},"properties":{"id":794989578,"cls":"path","hw":"path","tg":"na","name":"","ref":"","surface":"","sc":"unknown","speed":null,"lit":"unk","km":0.304}},
{"type":"Feature","geometry":{"type":"LineString","coordinates":[[33.22966,-9.49459],[33.22955,-9.49484],[33.22952,-9.49495],[33.22947,-9.49501],[33.22935,-9.49535],[33.22937,-9.49547],[33.22933,-9.49561],[33.22924,-9.49576],[33.22906,-9.49596],[33.22885,-9.49623],[33.22874,-9.49642],[33.22858,-9.4968],[33.22851,-9.49706],[33.2284,-9.49722],[33.22836,-9.49736],[33.22835,-9.49764],[33.22831,-9.49786],[33.22826,-9.498],[33.22808,-9.4982],[33.22788,-9.49837],[33.22789,-9.49863],[33.22793,-9.49893],[33.22797,-9.49912],[33.22801,-9.49937]]},"properties":{"id":794989579,"cls":"path","hw":"path","tg":"na","name":"","ref":"","surface":"","sc":"unknown","speed":null,"lit":"unk","km":0.589}},
{"type":"Feature","geometry":{"type":"LineString","coordinates":[[33.22836,-9.49736],[33.22834,-9.49729],[33.2283,-9.49716],[33.22823,-9.49703],[33.22818,-9.49693],[33.22815,-9.49684],[33.22807,-9.49671],[33.22804,-9.49647],[33.22805,-9.49632],[33.22801,-9.49616],[33.22801,-9.49608],[33.22797,-9.49598],[33.22797,-9.49572],[33.22796,-9.49569],[33.22791,-9.49564],[33.22787,-9.49549],[33.22782,-9.49539],[33.22782,-9.49524],[33.22788,-9.49514],[33.22797,-9.49501],[33.22803,-9.49485],[33.22809,-9.49469],[33.22809,-9.4945],[33.2281,-9.49437],[33.22815,-9.49418]]},"properties":{"id":794989580,"cls":"path","hw":"path","tg":"na","name":"","ref":"","surface":"","sc":"unknown","speed":null,"lit":"unk","km":0.375}},
{"type":"Feature","geometry":{"type":"LineString","coordinates":[[33.22782,-9.49524],[33.2278,-9.49531],[33.22762,-9.49538],[33.22754,-9.49546],[33.22747,-9.49553],[33.22743,-9.49561],[33.2274,-9.49561],[33.22737,-9.49565],[33.22734,-9.49571],[33.2272,-9.49578],[33.22707,-9.49587],[33.22695,-9.49595],[33.22691,-9.49594]]},"properties":{"id":794989581,"cls":"path","hw":"path","tg":"na","name":"","ref":"","surface":"","sc":"unknown","speed":null,"lit":"unk","km":0.134}},
{"type":"Feature","geometry":{"type":"LineString","coordinates":[[33.22966,-9.49128],[33.22964,-9.49146],[33.22965,-9.49167],[33.22962,-9.49189],[33.22961,-9.49212],[33.22974,-9.49222],[33.2298,-9.49227],[33.22983,-9.49236],[33.22991,-9.49241]]},"properties":{"id":794991454,"cls":"path","hw":"path","tg":"na","name":"","ref":"","surface":"","sc":"unknown","speed":null,"lit":"unk","km":0.141}},
{"type":"Feature","geometry":{"type":"LineString","coordinates":[[33.22961,-9.49212],[33.22951,-9.49222],[33.22949,-9.49235],[33.22942,-9.49259],[33.22939,-9.49279],[33.22931,-9.49292],[33.22902,-9.49302],[33.2289,-9.49306],[33.22882,-9.49313],[33.22872,-9.49317],[33.22866,-9.49312],[33.22859,-9.4931],[33.22845,-9.49316],[33.22833,-9.49329],[33.22821,-9.49342],[33.22791,-9.49333],[33.22792,-9.49327],[33.22773,-9.49304],[33.22747,-9.49277],[33.22741,-9.49256],[33.22737,-9.49247],[33.22737,-9.49241]]},"properties":{"id":794991455,"cls":"path","hw":"path","tg":"na","name":"","ref":"","surface":"","sc":"unknown","speed":null,"lit":"unk","km":0.398}},
{"type":"Feature","geometry":{"type":"LineString","coordinates":[[33.00785,-9.37724],[33.00768,-9.37713],[33.00764,-9.37709],[33.0076,-9.37696],[33.00754,-9.37689],[33.00746,-9.37679],[33.00735,-9.37663],[33.00729,-9.37658],[33.00718,-9.3765],[33.00704,-9.37641],[33.00664,-9.37611],[33.0066,-9.3761],[33.00646,-9.37603],[33.00628,-9.37593],[33.0062,-9.37591],[33.00597,-9.37576],[33.00591,-9.37575],[33.00577,-9.37576],[33.00573,-9.3758],[33.00568,-9.37581],[33.00562,-9.37578],[33.00553,-9.37578],[33.00545,-9.37577],[33.00537,-9.37573],[33.0052,-9.37581],[33.00501,-9.37586],[33.00495,-9.37585],[33.00488,-9.37587],[33.0046,-9.37587],[33.00453,-9.37591],[33.00447,-9.3759],[33.00436,-9.37588],[33.00402,-9.37573],[33.00397,-9.37573],[33.00393,-9.37577],[33.00388,-9.37578],[33.0038,-9.37573],[33.0037,-9.37567],[33.00376,-9.37555],[33.00385,-9.3754],[33.00374,-9.37532],[33.00376,-9.37523],[33.00381,-9.37512]]},"properties":{"id":795005515,"cls":"residential","hw":"residential","tg":"na","name":"","ref":"","surface":"","sc":"unknown","speed":null,"lit":"unk","km":0.61}},
{"type":"Feature","geometry":{"type":"LineString","coordinates":[[33.00286,-9.37695],[33.00294,-9.37688],[33.00299,-9.37684],[33.00318,-9.37659],[33.00333,-9.37641],[33.00343,-9.37633],[33.0035,-9.37622],[33.00367,-9.37607],[33.00368,-9.3759],[33.00369,-9.37578],[33.0037,-9.37567],[33.0036,-9.37569],[33.0035,-9.3757],[33.00345,-9.37569]]},"properties":{"id":795005516,"cls":"residential","hw":"residential","tg":"na","name":"","ref":"","surface":"","sc":"unknown","speed":null,"lit":"unk","km":0.205}},
{"type":"Feature","geometry":{"type":"LineString","coordinates":[[33.00285,-9.37581],[33.00299,-9.37585],[33.00327,-9.37576],[33.00345,-9.37569],[33.00368,-9.37535],[33.00381,-9.37512],[33.00393,-9.37492],[33.00413,-9.37472],[33.00437,-9.37453],[33.00466,-9.37432],[33.00482,-9.37422],[33.00506,-9.37394],[33.00517,-9.37386],[33.00544,-9.37355],[33.00553,-9.37348],[33.00581,-9.37337],[33.00595,-9.37332],[33.00603,-9.37328],[33.00621,-9.37319],[33.00633,-9.37309],[33.00645,-9.37301],[33.00651,-9.37299],[33.00656,-9.37291],[33.00665,-9.37286],[33.00674,-9.37273],[33.0068,-9.37266],[33.00685,-9.37257],[33.00714,-9.37224]]},"properties":{"id":795005517,"cls":"residential","hw":"residential","tg":"na","name":"","ref":"","surface":"","sc":"unknown","speed":null,"lit":"unk","km":0.64}},
{"type":"Feature","geometry":{"type":"LineString","coordinates":[[33.00628,-9.38006],[33.00614,-9.38023],[33.00601,-9.38034],[33.00588,-9.38041],[33.00573,-9.3805],[33.00529,-9.38068],[33.00497,-9.38076],[33.00445,-9.38082],[33.00438,-9.38083],[33.00408,-9.38088],[33.00366,-9.38103],[33.00351,-9.38108],[33.00343,-9.3811],[33.00313,-9.38127],[33.00304,-9.38141],[33.00282,-9.38144]]},"properties":{"id":795005528,"cls":"residential","hw":"residential","tg":"na","name":"","ref":"","surface":"","sc":"unknown","speed":null,"lit":"unk","km":0.422}},
{"type":"Feature","geometry":{"type":"LineString","coordinates":[[33.00435,-9.38249],[33.00429,-9.38238],[33.00417,-9.38225],[33.00405,-9.38213],[33.0042,-9.38188]]},"properties":{"id":795005529,"cls":"path","hw":"path","tg":"na","name":"","ref":"","surface":"","sc":"unknown","speed":null,"lit":"unk","km":0.084}},
{"type":"Feature","geometry":{"type":"LineString","coordinates":[[33.00451,-9.38258],[33.0046,-9.38251],[33.0047,-9.38246],[33.00479,-9.38241],[33.00492,-9.38238],[33.00497,-9.38229]]},"properties":{"id":795005530,"cls":"path","hw":"path","tg":"na","name":"","ref":"","surface":"","sc":"unknown","speed":null,"lit":"unk","km":0.062}},
{"type":"Feature","geometry":{"type":"LineString","coordinates":[[33.2929,-9.49882],[33.29294,-9.4989],[33.29297,-9.49895],[33.29302,-9.49901],[33.2931,-9.49905],[33.29319,-9.49913],[33.29327,-9.49918],[33.29333,-9.49925],[33.2934,-9.49932],[33.2935,-9.49944],[33.29362,-9.49954],[33.2937,-9.49962],[33.29379,-9.4998],[33.2939,-9.49994],[33.294,-9.50005],[33.2943,-9.50019],[33.29447,-9.50036],[33.29455,-9.50048],[33.29469,-9.50058],[33.29473,-9.5006],[33.29483,-9.50067],[33.29501,-9.50079]]},"properties":{"id":795018439,"cls":"unclassified","hw":"unclassified","tg":"na","name":"","ref":"","surface":"unpaved","sc":"unpaved","speed":null,"lit":"unk","km":0.325}},
{"type":"Feature","geometry":{"type":"LineString","coordinates":[[33.02727,-9.49652],[33.02721,-9.49653],[33.02718,-9.49648],[33.02721,-9.49642],[33.02725,-9.49634],[33.02726,-9.4962],[33.02732,-9.49614],[33.02736,-9.49606]]},"properties":{"id":795018443,"cls":"path","hw":"path","tg":"na","name":"","ref":"","surface":"","sc":"unknown","speed":null,"lit":"unk","km":0.065}},
{"type":"Feature","geometry":{"type":"LineString","coordinates":[[33.02714,-9.49319],[33.02692,-9.49282],[33.02688,-9.4927],[33.02681,-9.49267],[33.02676,-9.49262],[33.02655,-9.49239]]},"properties":{"id":795018445,"cls":"path","hw":"path","tg":"na","name":"","ref":"","surface":"","sc":"unknown","speed":null,"lit":"unk","km":0.112}},
{"type":"Feature","geometry":{"type":"LineString","coordinates":[[33.02802,-9.49409],[33.02805,-9.49407],[33.02808,-9.49406],[33.02812,-9.49406],[33.02819,-9.49404],[33.02832,-9.49399],[33.02841,-9.49395],[33.02847,-9.49399],[33.02857,-9.49399],[33.02868,-9.49399],[33.02879,-9.49403],[33.02886,-9.49405],[33.02894,-9.49403],[33.02904,-9.49403],[33.0291,-9.49406],[33.02921,-9.49404],[33.02939,-9.49405],[33.02956,-9.49405],[33.02972,-9.49415],[33.02979,-9.49416],[33.03019,-9.49412],[33.03038,-9.4942],[33.03051,-9.49421],[33.03059,-9.49425],[33.03078,-9.49418],[33.03095,-9.49419],[33.03113,-9.49425],[33.03124,-9.49428],[33.03136,-9.49429],[33.03148,-9.49438],[33.03159,-9.49451],[33.03162,-9.49459]]},"properties":{"id":795018446,"cls":"path","hw":"path","tg":"na","name":"","ref":"","surface":"","sc":"unknown","speed":null,"lit":"unk","km":0.428}},
{"type":"Feature","geometry":{"type":"LineString","coordinates":[[33.0275,-9.49372],[33.02753,-9.49377],[33.02755,-9.49383],[33.0276,-9.49394],[33.02765,-9.49405],[33.02774,-9.49421]]},"properties":{"id":795018447,"cls":"path","hw":"path","tg":"na","name":"","ref":"","surface":"","sc":"unknown","speed":null,"lit":"unk","km":0.061}},
{"type":"Feature","geometry":{"type":"LineString","coordinates":[[33.02714,-9.49319],[33.02662,-9.49345],[33.0263,-9.49362],[33.02599,-9.4938],[33.02573,-9.4939],[33.02543,-9.49398],[33.02513,-9.49401],[33.02414,-9.49409]]},"properties":{"id":795018448,"cls":"path","hw":"path","tg":"na","name":"","ref":"","surface":"","sc":"unknown","speed":null,"lit":"unk","km":0.35}},
{"type":"Feature","geometry":{"type":"LineString","coordinates":[[33.02802,-9.49409],[33.02777,-9.4942],[33.02774,-9.49421],[33.02717,-9.4945],[33.02694,-9.49463],[33.02622,-9.49476],[33.02614,-9.49479],[33.02575,-9.495],[33.02576,-9.49506],[33.02562,-9.49516],[33.02553,-9.49523],[33.02549,-9.49537],[33.02539,-9.49536],[33.02529,-9.49544],[33.02525,-9.4955],[33.02517,-9.49554],[33.02513,-9.49561],[33.02497,-9.49577],[33.02495,-9.49579],[33.02493,-9.4958]]},"properties":{"id":795018451,"cls":"path","hw":"path","tg":"na","name":"","ref":"","surface":"","sc":"unknown","speed":null,"lit":"unk","km":0.408}},
{"type":"Feature","geometry":{"type":"LineString","coordinates":[[33.02489,-9.49313],[33.02504,-9.49331],[33.02521,-9.49339],[33.02543,-9.49392],[33.02543,-9.49398],[33.02555,-9.49439],[33.02567,-9.49489],[33.02575,-9.495],[33.0259,-9.49538],[33.02609,-9.49557],[33.02628,-9.49571],[33.02644,-9.49574],[33.02663,-9.49588],[33.02681,-9.49594],[33.02689,-9.496],[33.0271,-9.49612],[33.02726,-9.4962]]},"properties":{"id":795018452,"cls":"path","hw":"path","tg":"na","name":"","ref":"","surface":"","sc":"unknown","speed":null,"lit":"unk","km":0.46}},
{"type":"Feature","geometry":{"type":"LineString","coordinates":[[33.0259,-9.49538],[33.02577,-9.49531],[33.02566,-9.49523],[33.02562,-9.49516],[33.02544,-9.49504],[33.02512,-9.49484],[33.02488,-9.49462]]},"properties":{"id":795018453,"cls":"path","hw":"path","tg":"na","name":"","ref":"","surface":"","sc":"unknown","speed":null,"lit":"unk","km":0.141}},
{"type":"Feature","geometry":{"type":"LineString","coordinates":[[33.00482,-9.37422],[33.00471,-9.37436],[33.00464,-9.37448],[33.00455,-9.37456]]},"properties":{"id":795128077,"cls":"track","hw":"track","tg":"none","name":"","ref":"","surface":"","sc":"unknown","speed":null,"lit":"unk","km":0.048}},
{"type":"Feature","geometry":{"type":"LineString","coordinates":[[33.01327,-9.40487],[33.01314,-9.40471],[33.01304,-9.40464],[33.01293,-9.40455],[33.01284,-9.40446],[33.01278,-9.40437],[33.01268,-9.40431],[33.0126,-9.40432],[33.01243,-9.40443],[33.01231,-9.40445],[33.01223,-9.40443],[33.01216,-9.40438],[33.01196,-9.40452]]},"properties":{"id":795234269,"cls":"path","hw":"path","tg":"na","name":"","ref":"","surface":"","sc":"unknown","speed":null,"lit":"unk","km":0.181}},
{"type":"Feature","geometry":{"type":"LineString","coordinates":[[33.00521,-9.3993],[33.00521,-9.39936],[33.00523,-9.3994],[33.00523,-9.39947],[33.00524,-9.39957],[33.00524,-9.39968],[33.00521,-9.39975],[33.00522,-9.39978],[33.00528,-9.39986],[33.00527,-9.39996]]},"properties":{"id":795234301,"cls":"path","hw":"path","tg":"na","name":"","ref":"","surface":"","sc":"unknown","speed":null,"lit":"unk","km":0.077}},
{"type":"Feature","geometry":{"type":"LineString","coordinates":[[33.25798,-9.48834],[33.25787,-9.4883],[33.25775,-9.48826],[33.25772,-9.48823],[33.25771,-9.48818]]},"properties":{"id":795316009,"cls":"path","hw":"path","tg":"na","name":"","ref":"","surface":"","sc":"unknown","speed":null,"lit":"unk","km":0.037}},
{"type":"Feature","geometry":{"type":"LineString","coordinates":[[33.25862,-9.48851],[33.25849,-9.48858],[33.25846,-9.4886],[33.25836,-9.48864],[33.25821,-9.48875],[33.25804,-9.48899]]},"properties":{"id":795316010,"cls":"path","hw":"path","tg":"na","name":"","ref":"","surface":"","sc":"unknown","speed":null,"lit":"unk","km":0.085}},
{"type":"Feature","geometry":{"type":"LineString","coordinates":[[33.25849,-9.48858],[33.25846,-9.48867],[33.25844,-9.48871],[33.25846,-9.48875],[33.25846,-9.48877],[33.25838,-9.4889],[33.25835,-9.48899],[33.25836,-9.48902]]},"properties":{"id":795316011,"cls":"path","hw":"path","tg":"na","name":"","ref":"","surface":"","sc":"unknown","speed":null,"lit":"unk","km":0.054}},
{"type":"Feature","geometry":{"type":"LineString","coordinates":[[33.25804,-9.48899],[33.25798,-9.48896],[33.25789,-9.48891],[33.25784,-9.48885],[33.25775,-9.48878],[33.25769,-9.48876],[33.25767,-9.48867]]},"properties":{"id":795316012,"cls":"path","hw":"path","tg":"na","name":"","ref":"","surface":"","sc":"unknown","speed":null,"lit":"unk","km":0.057}},
{"type":"Feature","geometry":{"type":"LineString","coordinates":[[33.26034,-9.48812],[33.26015,-9.48826],[33.25986,-9.4885],[33.25961,-9.48867],[33.25957,-9.48871],[33.25947,-9.48882],[33.25939,-9.4889],[33.25931,-9.48895],[33.25917,-9.48909],[33.25914,-9.48912],[33.25901,-9.48923],[33.25874,-9.4894]]},"properties":{"id":795316013,"cls":"unclassified","hw":"unclassified","tg":"na","name":"","ref":"","surface":"","sc":"unknown","speed":null,"lit":"unk","km":0.227}},
{"type":"Feature","geometry":{"type":"LineString","coordinates":[[33.25957,-9.48871],[33.25946,-9.4887],[33.25931,-9.48869],[33.25929,-9.4887]]},"properties":{"id":795316023,"cls":"path","hw":"path","tg":"na","name":"","ref":"","surface":"","sc":"unknown","speed":null,"lit":"unk","km":0.031}},
{"type":"Feature","geometry":{"type":"LineString","coordinates":[[33.25874,-9.48852],[33.25888,-9.48864],[33.25898,-9.48869],[33.25902,-9.48872],[33.2591,-9.48872],[33.25916,-9.48872],[33.25917,-9.48873],[33.25922,-9.48873],[33.25925,-9.48873]]},"properties":{"id":795316024,"cls":"path","hw":"path","tg":"na","name":"","ref":"","surface":"","sc":"unknown","speed":null,"lit":"unk","km":0.064}},
{"type":"Feature","geometry":{"type":"LineString","coordinates":[[33.25917,-9.48873],[33.25918,-9.48878],[33.25917,-9.48885],[33.25915,-9.4889],[33.25914,-9.48894],[33.25913,-9.48905],[33.25914,-9.48912]]},"properties":{"id":795316025,"cls":"path","hw":"path","tg":"na","name":"","ref":"","surface":"","sc":"unknown","speed":null,"lit":"unk","km":0.044}},
{"type":"Feature","geometry":{"type":"LineString","coordinates":[[33.25874,-9.48852],[33.25872,-9.48844],[33.25872,-9.48838],[33.25871,-9.48828],[33.25869,-9.48824]]},"properties":{"id":795316026,"cls":"path","hw":"path","tg":"na","name":"","ref":"","surface":"","sc":"unknown","speed":null,"lit":"unk","km":0.032}},
{"type":"Feature","geometry":{"type":"LineString","coordinates":[[33.25893,-9.48817],[33.25892,-9.48827],[33.25889,-9.48833],[33.25885,-9.48836],[33.2588,-9.4884],[33.25872,-9.48844]]},"properties":{"id":795316027,"cls":"path","hw":"path","tg":"na","name":"","ref":"","surface":"","sc":"unknown","speed":null,"lit":"unk","km":0.041}},
{"type":"Feature","geometry":{"type":"LineString","coordinates":[[33.26238,-9.48794],[33.26234,-9.48803],[33.26225,-9.48808],[33.26208,-9.48812],[33.26191,-9.48822],[33.26182,-9.48828],[33.26175,-9.48832],[33.26168,-9.48841],[33.2616,-9.48855],[33.26141,-9.48864],[33.26136,-9.48873],[33.26131,-9.48882]]},"properties":{"id":795316032,"cls":"unclassified","hw":"unclassified","tg":"na","name":"","ref":"","surface":"","sc":"unknown","speed":null,"lit":"unk","km":0.16}},
{"type":"Feature","geometry":{"type":"LineString","coordinates":[[33.26182,-9.48828],[33.26183,-9.48837],[33.26186,-9.48841]]},"properties":{"id":795316033,"cls":"path","hw":"path","tg":"na","name":"","ref":"","surface":"","sc":"unknown","speed":null,"lit":"unk","km":0.016}},
{"type":"Feature","geometry":{"type":"LineString","coordinates":[[33.2663,-9.48993],[33.26622,-9.49002],[33.26609,-9.49014],[33.26603,-9.49021],[33.26596,-9.49026],[33.2659,-9.49021],[33.26585,-9.49018]]},"properties":{"id":795316037,"cls":"path","hw":"path","tg":"na","name":"","ref":"","surface":"","sc":"unknown","speed":null,"lit":"unk","km":0.068}},
{"type":"Feature","geometry":{"type":"LineString","coordinates":[[33.24929,-9.49179],[33.24918,-9.49183],[33.24882,-9.49183],[33.2487,-9.49185]]},"properties":{"id":795316057,"cls":"path","hw":"path","tg":"na","name":"","ref":"","surface":"","sc":"unknown","speed":null,"lit":"unk","km":0.066}},
{"type":"Feature","geometry":{"type":"LineString","coordinates":[[33.24883,-9.49105],[33.24884,-9.49122],[33.24889,-9.49135],[33.24891,-9.49153],[33.24893,-9.4916],[33.24903,-9.49158],[33.24929,-9.49158]]},"properties":{"id":795316058,"cls":"path","hw":"path","tg":"na","name":"","ref":"","surface":"","sc":"unknown","speed":null,"lit":"unk","km":0.102}},
{"type":"Feature","geometry":{"type":"LineString","coordinates":[[33.24929,-9.49179],[33.24936,-9.49181],[33.24946,-9.49177],[33.24955,-9.49175],[33.2497,-9.49175],[33.24981,-9.49177],[33.24989,-9.4918],[33.24998,-9.49193],[33.25,-9.49199],[33.25006,-9.49205]]},"properties":{"id":795316059,"cls":"path","hw":"path","tg":"na","name":"","ref":"","surface":"","sc":"unknown","speed":null,"lit":"unk","km":0.102}},
{"type":"Feature","geometry":{"type":"LineString","coordinates":[[33.25006,-9.49205],[33.25003,-9.49216],[33.25007,-9.49221],[33.25011,-9.49223],[33.25008,-9.49228],[33.25003,-9.49232],[33.24996,-9.49235],[33.24991,-9.49245],[33.24979,-9.49256],[33.24972,-9.49265],[33.24962,-9.49272],[33.24954,-9.49272],[33.24946,-9.49274],[33.24938,-9.49275],[33.2493,-9.49282],[33.24922,-9.49288],[33.249,-9.49288],[33.24876,-9.49289],[33.24847,-9.49284],[33.24815,-9.4928],[33.24793,-9.49278],[33.24767,-9.49288]]},"properties":{"id":795316063,"cls":"path","hw":"path","tg":"na","name":"","ref":"","surface":"","sc":"unknown","speed":null,"lit":"unk","km":0.325}},
{"type":"Feature","geometry":{"type":"LineString","coordinates":[[33.02528,-9.38639],[33.02528,-9.38661],[33.02537,-9.387],[33.02543,-9.38723],[33.02555,-9.38748],[33.02554,-9.38764],[33.02558,-9.38799],[33.02562,-9.38835],[33.02558,-9.38845],[33.02567,-9.38855],[33.02575,-9.38858],[33.02589,-9.38888],[33.02602,-9.38913],[33.02615,-9.38971],[33.0261,-9.39066],[33.02615,-9.391],[33.02627,-9.39138],[33.02631,-9.39161],[33.02648,-9.39219],[33.02659,-9.39254],[33.02674,-9.39291],[33.02704,-9.39324],[33.0271,-9.3934],[33.02714,-9.39357],[33.02715,-9.3939],[33.02723,-9.39424],[33.02726,-9.39438],[33.02731,-9.39466],[33.02734,-9.39508],[33.02713,-9.3953],[33.02713,-9.39555],[33.02705,-9.39575],[33.02705,-9.39588],[33.02699,-9.39622],[33.027,-9.39647],[33.02694,-9.39666],[33.02689,-9.39694],[33.02677,-9.39745],[33.02668,-9.39764],[33.02662,-9.39798]]},"properties":{"id":795424420,"cls":"track","hw":"track","tg":"none","name":"","ref":"","surface":"","sc":"unknown","speed":null,"lit":"unk","km":1.357}},
{"type":"Feature","geometry":{"type":"LineString","coordinates":[[33.01256,-9.44849],[33.0124,-9.44866],[33.01232,-9.44876],[33.01222,-9.44877]]},"properties":{"id":795434910,"cls":"path","hw":"path","tg":"na","name":"","ref":"","surface":"","sc":"unknown","speed":null,"lit":"unk","km":0.051}},
{"type":"Feature","geometry":{"type":"LineString","coordinates":[[33.01341,-9.44647],[33.01339,-9.44669],[33.01333,-9.44685],[33.01321,-9.447],[33.01314,-9.44711],[33.01301,-9.44728],[33.0129,-9.44753],[33.01275,-9.44781],[33.01267,-9.448],[33.01263,-9.44819],[33.01259,-9.44841],[33.01256,-9.44849],[33.01258,-9.4486],[33.0125,-9.4488]]},"properties":{"id":795434911,"cls":"path","hw":"path","tg":"na","name":"","ref":"","surface":"","sc":"unknown","speed":null,"lit":"unk","km":0.284}},
{"type":"Feature","geometry":{"type":"LineString","coordinates":[[33.00802,-9.44914],[33.00803,-9.44892],[33.00798,-9.44872],[33.00794,-9.44857],[33.00789,-9.44849],[33.00763,-9.44834],[33.00751,-9.44827],[33.00728,-9.44819],[33.00711,-9.44806],[33.00694,-9.44801],[33.0068,-9.44794],[33.00657,-9.44787],[33.00636,-9.44782],[33.0062,-9.44773],[33.00592,-9.4475],[33.00575,-9.44737],[33.00553,-9.44727],[33.00542,-9.4472],[33.00515,-9.44691],[33.00503,-9.4468],[33.0047,-9.44657],[33.0045,-9.44638],[33.00439,-9.44624]]},"properties":{"id":795434912,"cls":"path","hw":"path","tg":"na","name":"","ref":"","surface":"","sc":"unknown","speed":null,"lit":"unk","km":0.541}},
{"type":"Feature","geometry":{"type":"LineString","coordinates":[[33.00288,-9.44581],[33.00305,-9.44576],[33.00325,-9.44576],[33.00347,-9.4458],[33.00365,-9.44577],[33.00385,-9.4457],[33.00405,-9.44567],[33.00427,-9.44564],[33.00444,-9.44566],[33.0046,-9.44565],[33.00479,-9.44562],[33.00488,-9.44562],[33.00498,-9.44558],[33.00508,-9.44557],[33.00523,-9.44552],[33.00532,-9.44553],[33.0055,-9.44545],[33.00557,-9.44526]]},"properties":{"id":795434913,"cls":"path","hw":"path","tg":"na","name":"","ref":"","surface":"","sc":"unknown","speed":null,"lit":"unk","km":0.317}},
{"type":"Feature","geometry":{"type":"LineString","coordinates":[[33.01858,-9.44679],[33.01839,-9.44658],[33.01835,-9.44654],[33.01789,-9.44614],[33.01661,-9.44532]]},"properties":{"id":795434944,"cls":"track","hw":"track","tg":"none","name":"","ref":"","surface":"","sc":"unknown","speed":null,"lit":"unk","km":0.272}},
{"type":"Feature","geometry":{"type":"LineString","coordinates":[[33.01613,-9.44345],[33.0161,-9.44348],[33.01606,-9.44354],[33.01599,-9.44359],[33.01591,-9.44363],[33.01578,-9.44371],[33.0156,-9.44384],[33.01551,-9.44386],[33.01548,-9.44385]]},"properties":{"id":795434945,"cls":"path","hw":"path","tg":"na","name":"","ref":"","surface":"","sc":"unknown","speed":null,"lit":"unk","km":0.087}},
{"type":"Feature","geometry":{"type":"LineString","coordinates":[[33.01467,-9.44091],[33.01473,-9.44098],[33.01474,-9.44111],[33.01478,-9.44128],[33.01477,-9.4414],[33.01474,-9.44145],[33.01477,-9.44153],[33.01481,-9.44167],[33.01482,-9.44183],[33.01475,-9.44201],[33.01474,-9.442],[33.01474,-9.44221],[33.01479,-9.44239],[33.01493,-9.44256],[33.01509,-9.44268],[33.01526,-9.44282],[33.01537,-9.44292],[33.01553,-9.44308],[33.01565,-9.44326],[33.01581,-9.44349],[33.01587,-9.44359],[33.01591,-9.44363],[33.01597,-9.44367],[33.01607,-9.44378],[33.01616,-9.44382]]},"properties":{"id":795434946,"cls":"path","hw":"path","tg":"na","name":"","ref":"","surface":"","sc":"unknown","speed":null,"lit":"unk","km":0.396}},
{"type":"Feature","geometry":{"type":"LineString","coordinates":[[33.01305,-9.44218],[33.01276,-9.44191],[33.01248,-9.4417],[33.01205,-9.44145]]},"properties":{"id":795434947,"cls":"track","hw":"track","tg":"none","name":"","ref":"","surface":"","sc":"unknown","speed":null,"lit":"unk","km":0.137}},
{"type":"Feature","geometry":{"type":"LineString","coordinates":[[33.02115,-9.44889],[33.02145,-9.44902],[33.02151,-9.44902]]},"properties":{"id":795434950,"cls":"track","hw":"track","tg":"none","name":"","ref":"","surface":"","sc":"unknown","speed":null,"lit":"unk","km":0.043}},
{"type":"Feature","geometry":{"type":"LineString","coordinates":[[33.01808,-9.44591],[33.01883,-9.44636],[33.01908,-9.44642],[33.01928,-9.44658],[33.01976,-9.44688],[33.0199,-9.44703],[33.0202,-9.44721],[33.02028,-9.44731],[33.02046,-9.44759],[33.02073,-9.44781],[33.02081,-9.44787],[33.02124,-9.44816],[33.02167,-9.44838],[33.02192,-9.44854],[33.02224,-9.44871],[33.02244,-9.44882],[33.0224,-9.44888],[33.02226,-9.44885],[33.0221,-9.44887],[33.0219,-9.44891],[33.02178,-9.44896],[33.02169,-9.449],[33.02161,-9.449],[33.02151,-9.44902]]},"properties":{"id":795434951,"cls":"path","hw":"path","tg":"na","name":"","ref":"","surface":"","sc":"unknown","speed":null,"lit":"unk","km":0.694}},
{"type":"Feature","geometry":{"type":"LineString","coordinates":[[33.00907,-9.4467],[33.00901,-9.44627],[33.00902,-9.44596],[33.0091,-9.44567],[33.00909,-9.44546],[33.00911,-9.44509],[33.00909,-9.44488],[33.00914,-9.44464],[33.00916,-9.44446],[33.00918,-9.44408],[33.00935,-9.44409],[33.00955,-9.4441],[33.00962,-9.44404],[33.00967,-9.44395],[33.00965,-9.44383],[33.00966,-9.44377],[33.00968,-9.44359],[33.00963,-9.44347],[33.00959,-9.44312],[33.00954,-9.44303]]},"properties":{"id":795435478,"cls":"track","hw":"track","tg":"none","name":"","ref":"","surface":"","sc":"unknown","speed":null,"lit":"unk","km":0.462}},
{"type":"Feature","geometry":{"type":"LineString","coordinates":[[33.02073,-9.44781],[33.02078,-9.44793],[33.02077,-9.44805],[33.02084,-9.44814],[33.02088,-9.44828],[33.0209,-9.44838],[33.02097,-9.44852],[33.02095,-9.44861],[33.02094,-9.44865],[33.02105,-9.44871],[33.02111,-9.44876],[33.02116,-9.44883],[33.02116,-9.44889],[33.02115,-9.44889]]},"properties":{"id":795435546,"cls":"track","hw":"track","tg":"none","name":"","ref":"","surface":"","sc":"unknown","speed":null,"lit":"unk","km":0.14}},
{"type":"Feature","geometry":{"type":"LineString","coordinates":[[33.12996,-9.49313],[33.13001,-9.49335],[33.13004,-9.4936],[33.12966,-9.49431],[33.12927,-9.49464]]},"properties":{"id":795438100,"cls":"path","hw":"path","tg":"na","name":"","ref":"","surface":"","sc":"unknown","speed":null,"lit":"unk","km":0.199}},
{"type":"Feature","geometry":{"type":"LineString","coordinates":[[33.12895,-9.49362],[33.12914,-9.49377],[33.12902,-9.49396],[33.12894,-9.49408],[33.129,-9.49423],[33.12888,-9.49442]]},"properties":{"id":795438101,"cls":"path","hw":"path","tg":"na","name":"","ref":"","surface":"","sc":"unknown","speed":null,"lit":"unk","km":0.11}},
{"type":"Feature","geometry":{"type":"LineString","coordinates":[[33.12964,-9.49491],[33.12955,-9.49519],[33.1294,-9.49544],[33.12928,-9.49565],[33.12959,-9.49581]]},"properties":{"id":795438102,"cls":"path","hw":"path","tg":"na","name":"","ref":"","surface":"","sc":"unknown","speed":null,"lit":"unk","km":0.13}},
{"type":"Feature","geometry":{"type":"LineString","coordinates":[[33.12928,-9.49565],[33.12912,-9.49572],[33.12897,-9.49575],[33.12889,-9.49572]]},"properties":{"id":795438107,"cls":"path","hw":"path","tg":"na","name":"","ref":"","surface":"","sc":"unknown","speed":null,"lit":"unk","km":0.045}},
{"type":"Feature","geometry":{"type":"LineString","coordinates":[[33.12912,-9.49572],[33.12908,-9.49551],[33.12922,-9.4953],[33.12928,-9.49524],[33.12937,-9.49509],[33.12939,-9.49497],[33.12945,-9.49487],[33.12948,-9.49477]]},"properties":{"id":795438108,"cls":"path","hw":"path","tg":"na","name":"","ref":"","surface":"","sc":"unknown","speed":null,"lit":"unk","km":0.118}},
{"type":"Feature","geometry":{"type":"LineString","coordinates":[[33.12927,-9.49464],[33.12919,-9.49468],[33.12908,-9.49477],[33.12905,-9.49488],[33.12902,-9.49497],[33.12893,-9.49502],[33.12888,-9.49501],[33.12878,-9.49496],[33.12872,-9.49493],[33.12867,-9.49499],[33.1286,-9.49496],[33.12853,-9.49499],[33.12842,-9.49497],[33.12825,-9.49492],[33.12811,-9.49492],[33.12807,-9.49487]]},"properties":{"id":795438109,"cls":"path","hw":"path","tg":"na","name":"","ref":"","surface":"","sc":"unknown","speed":null,"lit":"unk","km":0.165}},
{"type":"Feature","geometry":{"type":"LineString","coordinates":[[33.1288,-9.49439],[33.12874,-9.4945],[33.12874,-9.49456],[33.12875,-9.49458],[33.12867,-9.49467],[33.12867,-9.49469],[33.12862,-9.49476],[33.12856,-9.49479],[33.12857,-9.49486],[33.1286,-9.49496]]},"properties":{"id":795438110,"cls":"path","hw":"path","tg":"na","name":"","ref":"","surface":"","sc":"unknown","speed":null,"lit":"unk","km":0.075}},
{"type":"Feature","geometry":{"type":"LineString","coordinates":[[33.2125,-9.49605],[33.2126,-9.49605],[33.21275,-9.49602],[33.21284,-9.49602],[33.21286,-9.49608],[33.21291,-9.49614],[33.21298,-9.49619],[33.21314,-9.49628],[33.21328,-9.49649],[33.21355,-9.49684],[33.2137,-9.49701],[33.21376,-9.49719],[33.21379,-9.49728],[33.21404,-9.49775],[33.21413,-9.49794],[33.21418,-9.49806],[33.21426,-9.49823],[33.21435,-9.49839],[33.21449,-9.49857],[33.21457,-9.49868],[33.21461,-9.49874],[33.21469,-9.49887],[33.21478,-9.49896],[33.21491,-9.49901],[33.21505,-9.49906],[33.21519,-9.49912]]},"properties":{"id":795573939,"cls":"path","hw":"path","tg":"na","name":"","ref":"","surface":"","sc":"unknown","speed":null,"lit":"unk","km":0.482}},
{"type":"Feature","geometry":{"type":"LineString","coordinates":[[33.22161,-9.49773],[33.22146,-9.49772],[33.22131,-9.49764],[33.22123,-9.4975],[33.22113,-9.49732],[33.22095,-9.49713],[33.22073,-9.49699],[33.22061,-9.49688],[33.22042,-9.49653],[33.22022,-9.49621],[33.22007,-9.49593],[33.21983,-9.49589],[33.2196,-9.4958],[33.21945,-9.49568],[33.21935,-9.49564],[33.21914,-9.49556],[33.21897,-9.49542],[33.21882,-9.49527],[33.21869,-9.49516],[33.21849,-9.49497],[33.21839,-9.49487],[33.21823,-9.49468],[33.21815,-9.49458],[33.21802,-9.49451],[33.21792,-9.49437],[33.21787,-9.49432],[33.21783,-9.49422],[33.21768,-9.49409],[33.21754,-9.49398],[33.21749,-9.49397]]},"properties":{"id":795573943,"cls":"unclassified","hw":"unclassified","tg":"na","name":"","ref":"","surface":"","sc":"unknown","speed":null,"lit":"unk","km":0.641}},
{"type":"Feature","geometry":{"type":"LineString","coordinates":[[33.22057,-9.49189],[33.22064,-9.49237],[33.22072,-9.49265],[33.22068,-9.49308],[33.2207,-9.49331],[33.22078,-9.49373],[33.22084,-9.49405],[33.22103,-9.49455],[33.22116,-9.49472],[33.22135,-9.4951],[33.2214,-9.4953],[33.22141,-9.49569],[33.22139,-9.49587],[33.22136,-9.49608],[33.22142,-9.49622],[33.22149,-9.49665],[33.22152,-9.49706],[33.22156,-9.49737],[33.22161,-9.49773],[33.22162,-9.49796],[33.22162,-9.49812],[33.22166,-9.49816],[33.22178,-9.49823],[33.22208,-9.4984],[33.22217,-9.4985],[33.22265,-9.49857],[33.22282,-9.49866],[33.22294,-9.49864],[33.22307,-9.49863],[33.22317,-9.4986]]},"properties":{"id":795573944,"cls":"unclassified","hw":"unclassified","tg":"na","name":"","ref":"","surface":"","sc":"unknown","speed":null,"lit":"unk","km":0.901}},
{"type":"Feature","geometry":{"type":"LineString","coordinates":[[33.2156,-9.4976],[33.2156,-9.49778],[33.21558,-9.49803],[33.2155,-9.49827],[33.21544,-9.49838],[33.21543,-9.49846],[33.21537,-9.49856],[33.21533,-9.4989],[33.21523,-9.49906],[33.21519,-9.49912]]},"properties":{"id":795573946,"cls":"unclassified","hw":"unclassified","tg":"na","name":"","ref":"","surface":"","sc":"unknown","speed":null,"lit":"unk","km":0.179}},
{"type":"Feature","geometry":{"type":"LineString","coordinates":[[33.00265,-9.38868],[33.00278,-9.3886],[33.00302,-9.38853],[33.00329,-9.38847],[33.00329,-9.38839],[33.00349,-9.38802],[33.00376,-9.38746],[33.00378,-9.38744],[33.00412,-9.38716],[33.00451,-9.38687],[33.00474,-9.38661],[33.00495,-9.38637],[33.00504,-9.38629],[33.00509,-9.38622],[33.00504,-9.38613],[33.00508,-9.3861],[33.00509,-9.38586],[33.00513,-9.38584],[33.00512,-9.38552],[33.00505,-9.38532],[33.00488,-9.38491],[33.0048,-9.38463],[33.00473,-9.38454],[33.00474,-9.38445],[33.00467,-9.38419]]},"properties":{"id":795585242,"cls":"path","hw":"path","tg":"na","name":"","ref":"","surface":"","sc":"unknown","speed":null,"lit":"unk","km":0.643}},
{"type":"Feature","geometry":{"type":"LineString","coordinates":[[33.005,-9.38898],[33.00509,-9.38875],[33.00525,-9.38865],[33.00528,-9.3883],[33.00529,-9.38814],[33.00553,-9.38786],[33.00567,-9.38754],[33.00571,-9.38746],[33.00565,-9.38739],[33.00568,-9.38733],[33.00561,-9.38725],[33.00556,-9.38718],[33.00533,-9.38679],[33.00523,-9.38656],[33.00515,-9.38637],[33.00514,-9.38632]]},"properties":{"id":795594922,"cls":"path","hw":"path","tg":"na","name":"","ref":"","surface":"","sc":"unknown","speed":null,"lit":"unk","km":0.34}},
{"type":"Feature","geometry":{"type":"LineString","coordinates":[[33.00367,-9.38483],[33.00366,-9.38475],[33.00337,-9.3844],[33.00331,-9.38429]]},"properties":{"id":795594923,"cls":"path","hw":"path","tg":"na","name":"","ref":"","surface":"","sc":"unknown","speed":null,"lit":"unk","km":0.073}},
{"type":"Feature","geometry":{"type":"LineString","coordinates":[[33.00431,-9.38459],[33.00449,-9.38449],[33.00467,-9.38419],[33.00477,-9.38385],[33.00486,-9.38355],[33.00484,-9.38322],[33.00471,-9.38292]]},"properties":{"id":795594924,"cls":"residential","hw":"residential","tg":"na","name":"","ref":"","surface":"","sc":"unknown","speed":null,"lit":"unk","km":0.209}},
{"type":"Feature","geometry":{"type":"LineString","coordinates":[[33.00307,-9.39187],[33.00352,-9.39152],[33.00384,-9.39139],[33.00439,-9.39147],[33.00467,-9.39099],[33.00503,-9.39114],[33.00507,-9.3911],[33.00546,-9.39071]]},"properties":{"id":795635043,"cls":"path","hw":"path","tg":"na","name":"","ref":"","surface":"","sc":"unknown","speed":null,"lit":"unk","km":0.333}},
{"type":"Feature","geometry":{"type":"LineString","coordinates":[[33.00532,-9.39836],[33.00539,-9.39833],[33.00544,-9.39833],[33.00549,-9.39835],[33.00557,-9.3984],[33.00567,-9.39838],[33.00575,-9.39836],[33.00584,-9.39839],[33.00592,-9.3984],[33.00602,-9.39838],[33.00612,-9.39835],[33.00614,-9.39834],[33.00638,-9.39832],[33.00648,-9.3983],[33.00657,-9.39825],[33.00666,-9.39818],[33.00668,-9.39811],[33.00671,-9.39807],[33.00683,-9.39803],[33.00692,-9.39799],[33.00697,-9.39789],[33.00703,-9.39784],[33.00707,-9.39778],[33.00714,-9.39766],[33.00719,-9.39763],[33.00725,-9.39762],[33.00745,-9.39748],[33.00758,-9.39744],[33.00768,-9.39744],[33.00779,-9.39743],[33.00792,-9.39744],[33.00808,-9.39725],[33.00818,-9.39723],[33.00831,-9.39715],[33.00835,-9.39709],[33.00859,-9.39695],[33.00877,-9.39697],[33.00898,-9.39701],[33.00916,-9.39712],[33.0093,-9.39692]]},"properties":{"id":795635977,"cls":"path","hw":"path","tg":"na","name":"","ref":"","surface":"","sc":"unknown","speed":null,"lit":"unk","km":0.519}},
{"type":"Feature","geometry":{"type":"LineString","coordinates":[[33.0055,-9.37401],[33.00537,-9.37404],[33.00528,-9.37394],[33.00517,-9.37386]]},"properties":{"id":795654233,"cls":"residential","hw":"residential","tg":"na","name":"","ref":"","surface":"","sc":"unknown","speed":null,"lit":"unk","km":0.045}},
{"type":"Feature","geometry":{"type":"LineString","coordinates":[[33.00718,-9.3752],[33.00707,-9.37509],[33.00696,-9.37498],[33.00678,-9.3752],[33.0067,-9.37508],[33.00675,-9.37504],[33.00659,-9.37482]]},"properties":{"id":795654236,"cls":"residential","hw":"residential","tg":"na","name":"","ref":"","surface":"","sc":"unknown","speed":null,"lit":"unk","km":0.119}},
{"type":"Feature","geometry":{"type":"LineString","coordinates":[[33.00678,-9.3752],[33.00684,-9.37531],[33.0068,-9.37537],[33.00696,-9.37557],[33.00715,-9.37569],[33.00729,-9.37589],[33.00746,-9.37606],[33.00704,-9.37641]]},"properties":{"id":795654237,"cls":"residential","hw":"residential","tg":"na","name":"","ref":"","surface":"","sc":"unknown","speed":null,"lit":"unk","km":0.189}},
{"type":"Feature","geometry":{"type":"LineString","coordinates":[[33.00888,-9.37718],[33.00867,-9.37721],[33.00855,-9.37717],[33.00841,-9.37723],[33.00839,-9.37731],[33.00817,-9.3775],[33.00789,-9.37793]]},"properties":{"id":795654238,"cls":"path","hw":"path","tg":"na","name":"","ref":"","surface":"","sc":"unknown","speed":null,"lit":"unk","km":0.152}},
{"type":"Feature","geometry":{"type":"LineString","coordinates":[[33.00913,-9.37827],[33.0089,-9.37822],[33.00866,-9.3783],[33.0084,-9.37806],[33.00789,-9.37793],[33.00778,-9.3779],[33.00765,-9.37777],[33.00749,-9.37784]]},"properties":{"id":795654239,"cls":"residential","hw":"residential","tg":"na","name":"","ref":"","surface":"","sc":"unknown","speed":null,"lit":"unk","km":0.203}},
{"type":"Feature","geometry":{"type":"LineString","coordinates":[[33.00785,-9.37724],[33.00749,-9.37784]]},"properties":{"id":795654240,"cls":"residential","hw":"residential","tg":"na","name":"","ref":"","surface":"","sc":"unknown","speed":null,"lit":"unk","km":0.078}},
{"type":"Feature","geometry":{"type":"LineString","coordinates":[[33.00673,-9.37744],[33.00743,-9.37788],[33.00749,-9.37784]]},"properties":{"id":795654242,"cls":"residential","hw":"residential","tg":"na","name":"","ref":"","surface":"","sc":"unknown","speed":null,"lit":"unk","km":0.099}},
{"type":"Feature","geometry":{"type":"LineString","coordinates":[[33.00913,-9.37827],[33.00925,-9.37835],[33.00914,-9.37879]]},"properties":{"id":795654244,"cls":"residential","hw":"residential","tg":"na","name":"","ref":"","surface":"","sc":"unknown","speed":null,"lit":"unk","km":0.066}},
{"type":"Feature","geometry":{"type":"LineString","coordinates":[[33.00588,-9.38041],[33.00584,-9.37992],[33.00539,-9.37943],[33.00532,-9.37935],[33.0053,-9.37935],[33.00432,-9.37877],[33.00419,-9.37861]]},"properties":{"id":795654245,"cls":"residential","hw":"residential","tg":"na","name":"","ref":"","surface":"","sc":"unknown","speed":null,"lit":"unk","km":0.29}},
{"type":"Feature","geometry":{"type":"LineString","coordinates":[[33.00351,-9.38108],[33.00318,-9.38068],[33.00269,-9.38007],[33.00241,-9.37947],[33.00257,-9.37937],[33.0028,-9.37942],[33.00332,-9.37902],[33.00341,-9.37909],[33.0036,-9.37888],[33.00397,-9.37885]]},"properties":{"id":795654246,"cls":"residential","hw":"residential","tg":"na","name":"","ref":"","surface":"","sc":"unknown","speed":null,"lit":"unk","km":0.421}},
{"type":"Feature","geometry":{"type":"LineString","coordinates":[[33.00318,-9.38068],[33.00367,-9.37999],[33.00359,-9.37992],[33.00371,-9.37974],[33.00346,-9.37956]]},"properties":{"id":795654247,"cls":"residential","hw":"residential","tg":"na","name":"","ref":"","surface":"","sc":"unknown","speed":null,"lit":"unk","km":0.163}},
{"type":"Feature","geometry":{"type":"LineString","coordinates":[[33.00438,-9.38083],[33.00443,-9.38046]]},"properties":{"id":795654248,"cls":"path","hw":"path","tg":"na","name":"","ref":"","surface":"","sc":"unknown","speed":null,"lit":"unk","km":0.042}},
{"type":"Feature","geometry":{"type":"LineString","coordinates":[[33.00479,-9.37952],[33.00539,-9.37943]]},"properties":{"id":795654249,"cls":"residential","hw":"residential","tg":"na","name":"","ref":"","surface":"","sc":"unknown","speed":null,"lit":"unk","km":0.067}},
{"type":"Feature","geometry":{"type":"LineString","coordinates":[[33.00351,-9.38108],[33.00365,-9.38145]]},"properties":{"id":795654250,"cls":"path","hw":"path","tg":"na","name":"","ref":"","surface":"","sc":"unknown","speed":null,"lit":"unk","km":0.044}},
{"type":"Feature","geometry":{"type":"LineString","coordinates":[[33.00802,-9.38136],[33.00808,-9.38055]]},"properties":{"id":795654251,"cls":"residential","hw":"residential","tg":"na","name":"","ref":"","surface":"","sc":"unknown","speed":null,"lit":"unk","km":0.09}},
{"type":"Feature","geometry":{"type":"LineString","coordinates":[[33.00942,-9.38113],[33.00943,-9.38119],[33.00931,-9.38128],[33.00919,-9.3812],[33.00885,-9.38132]]},"properties":{"id":795654252,"cls":"residential","hw":"residential","tg":"na","name":"","ref":"","surface":"","sc":"unknown","speed":null,"lit":"unk","km":0.079}},
{"type":"Feature","geometry":{"type":"LineString","coordinates":[[33.01145,-9.38154],[33.01147,-9.38173],[33.01137,-9.38184],[33.01146,-9.38197]]},"properties":{"id":795654255,"cls":"path","hw":"path","tg":"na","name":"","ref":"","surface":"","sc":"unknown","speed":null,"lit":"unk","km":0.055}},
{"type":"Feature","geometry":{"type":"LineString","coordinates":[[33.01191,-9.38165],[33.01146,-9.38197],[33.01107,-9.38226],[33.0108,-9.3824],[33.01059,-9.3825],[33.01027,-9.38246],[33.00995,-9.38234],[33.0095,-9.38249],[33.00945,-9.38242],[33.00881,-9.38257],[33.00863,-9.38254],[33.00766,-9.38273],[33.00704,-9.38277],[33.00695,-9.38273]]},"properties":{"id":795654256,"cls":"residential","hw":"residential","tg":"na","name":"","ref":"","surface":"","sc":"unknown","speed":null,"lit":"unk","km":0.588}},
{"type":"Feature","geometry":{"type":"LineString","coordinates":[[33.01083,-9.38098],[33.01024,-9.38123],[33.01011,-9.38113],[33.0098,-9.38097]]},"properties":{"id":795654258,"cls":"path","hw":"path","tg":"na","name":"","ref":"","surface":"","sc":"unknown","speed":null,"lit":"unk","km":0.127}},
{"type":"Feature","geometry":{"type":"LineString","coordinates":[[33.01027,-9.38246],[33.01123,-9.38311],[33.01091,-9.38358]]},"properties":{"id":795654259,"cls":"residential","hw":"residential","tg":"na","name":"","ref":"","surface":"","sc":"unknown","speed":null,"lit":"unk","km":0.191}},
{"type":"Feature","geometry":{"type":"LineString","coordinates":[[33.01123,-9.38311],[33.01137,-9.38319],[33.01139,-9.38329],[33.01166,-9.38362],[33.01197,-9.38388]]},"properties":{"id":795654260,"cls":"residential","hw":"residential","tg":"na","name":"","ref":"","surface":"","sc":"unknown","speed":null,"lit":"unk","km":0.121}},
{"type":"Feature","geometry":{"type":"LineString","coordinates":[[33.01091,-9.38358],[33.01088,-9.38356],[33.01072,-9.38362],[33.01076,-9.38371],[33.01058,-9.38384]]},"properties":{"id":795654261,"cls":"residential","hw":"residential","tg":"na","name":"","ref":"","surface":"","sc":"unknown","speed":null,"lit":"unk","km":0.058}},
{"type":"Feature","geometry":{"type":"LineString","coordinates":[[33.01058,-9.38384],[33.01036,-9.38389],[33.01014,-9.38404],[33.01009,-9.38417]]},"properties":{"id":795654262,"cls":"residential","hw":"residential","tg":"na","name":"","ref":"","surface":"","sc":"unknown","speed":null,"lit":"unk","km":0.07}},
{"type":"Feature","geometry":{"type":"LineString","coordinates":[[33.00881,-9.38257],[33.00887,-9.38292],[33.00882,-9.38299],[33.00887,-9.38317],[33.00837,-9.38374],[33.00873,-9.38405],[33.00885,-9.38406],[33.00889,-9.38415]]},"properties":{"id":795654263,"cls":"residential","hw":"residential","tg":"na","name":"","ref":"","surface":"","sc":"unknown","speed":null,"lit":"unk","km":0.23}},
{"type":"Feature","geometry":{"type":"LineString","coordinates":[[33.00826,-9.38326],[33.00811,-9.3834],[33.00837,-9.38374]]},"properties":{"id":795654264,"cls":"residential","hw":"residential","tg":"na","name":"","ref":"","surface":"","sc":"unknown","speed":null,"lit":"unk","km":0.07}},
{"type":"Feature","geometry":{"type":"LineString","coordinates":[[33.00294,-9.37688],[33.0032,-9.3772],[33.00315,-9.37738],[33.00344,-9.37784],[33.00363,-9.37784],[33.00443,-9.37724],[33.00474,-9.37751],[33.00468,-9.37757],[33.00514,-9.37795],[33.00516,-9.37805],[33.00558,-9.37813],[33.0056,-9.37827],[33.00541,-9.37902],[33.00538,-9.37903],[33.00537,-9.37923],[33.0053,-9.37935]]},"properties":{"id":795654267,"cls":"residential","hw":"residential","tg":"na","name":"","ref":"","surface":"","sc":"unknown","speed":null,"lit":"unk","km":0.579}},
{"type":"Feature","geometry":{"type":"LineString","coordinates":[[33.0064,-9.37458],[33.00657,-9.37438],[33.00657,-9.37429],[33.00663,-9.37416]]},"properties":{"id":795654268,"cls":"residential","hw":"residential","tg":"na","name":"","ref":"","surface":"","sc":"unknown","speed":null,"lit":"unk","km":0.055}},
{"type":"Feature","geometry":{"type":"LineString","coordinates":[[33.00349,-9.39579],[33.00329,-9.39549]]},"properties":{"id":795669976,"cls":"path","hw":"path","tg":"na","name":"","ref":"","surface":"","sc":"unknown","speed":null,"lit":"unk","km":0.04}},
{"type":"Feature","geometry":{"type":"LineString","coordinates":[[33.00471,-9.39595],[33.00509,-9.3965],[33.00547,-9.39717],[33.00561,-9.39738],[33.00573,-9.39745],[33.00561,-9.39758],[33.00598,-9.398],[33.00596,-9.39809],[33.006,-9.39815],[33.00604,-9.39818],[33.00614,-9.39834]]},"properties":{"id":795669977,"cls":"path","hw":"path","tg":"na","name":"","ref":"","surface":"","sc":"unknown","speed":null,"lit":"unk","km":0.329}},
{"type":"Feature","geometry":{"type":"LineString","coordinates":[[33.00703,-9.39581],[33.00724,-9.3961],[33.00711,-9.39638],[33.00683,-9.3967],[33.0064,-9.39702],[33.00604,-9.39719],[33.00597,-9.39721],[33.00593,-9.39732],[33.00573,-9.39745]]},"properties":{"id":795669979,"cls":"path","hw":"path","tg":"na","name":"","ref":"","surface":"","sc":"unknown","speed":null,"lit":"unk","km":0.271}},
{"type":"Feature","geometry":{"type":"LineString","coordinates":[[33.00835,-9.39709],[33.00832,-9.397],[33.00826,-9.39694],[33.00825,-9.3969],[33.00812,-9.39682],[33.0081,-9.39678],[33.00802,-9.39677],[33.00793,-9.39669],[33.00788,-9.39657],[33.00793,-9.39649]]},"properties":{"id":795669980,"cls":"path","hw":"path","tg":"na","name":"","ref":"","surface":"","sc":"unknown","speed":null,"lit":"unk","km":0.093}},
{"type":"Feature","geometry":{"type":"LineString","coordinates":[[33.00856,-9.40155],[33.00844,-9.4017],[33.00825,-9.40179],[33.00813,-9.40193]]},"properties":{"id":795669982,"cls":"path","hw":"path","tg":"na","name":"","ref":"","surface":"","sc":"unknown","speed":null,"lit":"unk","km":0.065}},
{"type":"Feature","geometry":{"type":"LineString","coordinates":[[33.00566,-9.4004],[33.00585,-9.40052],[33.00577,-9.40065],[33.00607,-9.40082],[33.00601,-9.40093],[33.00609,-9.40099],[33.00591,-9.40134]]},"properties":{"id":795669984,"cls":"path","hw":"path","tg":"na","name":"","ref":"","surface":"","sc":"unknown","speed":null,"lit":"unk","km":0.148}},
{"type":"Feature","geometry":{"type":"LineString","coordinates":[[33.00607,-9.40082],[33.00637,-9.40108]]},"properties":{"id":795669986,"cls":"path","hw":"path","tg":"na","name":"","ref":"","surface":"","sc":"unknown","speed":null,"lit":"unk","km":0.044}},
{"type":"Feature","geometry":{"type":"LineString","coordinates":[[33.0038,-9.3995],[33.00384,-9.39929],[33.00379,-9.39917],[33.00376,-9.39895],[33.00371,-9.39892],[33.00363,-9.39888],[33.00347,-9.39875],[33.00416,-9.39799],[33.00425,-9.39789],[33.00455,-9.39756],[33.00465,-9.39733]]},"properties":{"id":795669987,"cls":"path","hw":"path","tg":"na","name":"","ref":"","surface":"","sc":"unknown","speed":null,"lit":"unk","km":0.307}},
{"type":"Feature","geometry":{"type":"LineString","coordinates":[[33.00416,-9.39799],[33.00408,-9.39785],[33.00401,-9.39782],[33.00399,-9.39775],[33.00398,-9.3977],[33.00399,-9.39765],[33.00401,-9.39757]]},"properties":{"id":795669988,"cls":"path","hw":"path","tg":"na","name":"","ref":"","surface":"","sc":"unknown","speed":null,"lit":"unk","km":0.055}},
{"type":"Feature","geometry":{"type":"LineString","coordinates":[[33.00746,-9.40004],[33.00737,-9.39994],[33.00738,-9.39993],[33.00739,-9.39992],[33.00764,-9.40002],[33.00785,-9.4002],[33.00819,-9.40011],[33.00841,-9.40014],[33.00847,-9.40017],[33.00855,-9.40013],[33.0087,-9.40013],[33.00895,-9.39986],[33.00912,-9.39973],[33.00923,-9.3996],[33.00938,-9.3995]]},"properties":{"id":795669990,"cls":"path","hw":"path","tg":"na","name":"","ref":"","surface":"","sc":"unknown","speed":null,"lit":"unk","km":0.278}},
{"type":"Feature","geometry":{"type":"LineString","coordinates":[[33.00803,-9.39873],[33.00812,-9.39913],[33.00773,-9.39976],[33.00777,-9.39979],[33.00764,-9.40002]]},"properties":{"id":795669991,"cls":"path","hw":"path","tg":"na","name":"","ref":"","surface":"","sc":"unknown","speed":null,"lit":"unk","km":0.162}},
{"type":"Feature","geometry":{"type":"LineString","coordinates":[[33.00948,-9.39799],[33.00972,-9.39795],[33.01001,-9.39768],[33.01011,-9.39765]]},"properties":{"id":795669992,"cls":"path","hw":"path","tg":"na","name":"","ref":"","surface":"","sc":"unknown","speed":null,"lit":"unk","km":0.082}},
{"type":"Feature","geometry":{"type":"LineString","coordinates":[[33.01068,-9.40185],[33.0112,-9.40223],[33.01129,-9.4022],[33.01151,-9.40232],[33.01187,-9.40262]]},"properties":{"id":795669996,"cls":"path","hw":"path","tg":"na","name":"","ref":"","surface":"","sc":"unknown","speed":null,"lit":"unk","km":0.161}},
{"type":"Feature","geometry":{"type":"LineString","coordinates":[[33.0138,-9.39989],[33.0137,-9.39985],[33.01358,-9.39995],[33.01335,-9.40002],[33.01332,-9.39997],[33.01325,-9.39998],[33.01318,-9.4],[33.01301,-9.39999],[33.01265,-9.39984]]},"properties":{"id":795669997,"cls":"path","hw":"path","tg":"na","name":"","ref":"","surface":"","sc":"unknown","speed":null,"lit":"unk","km":0.139}},
{"type":"Feature","geometry":{"type":"LineString","coordinates":[[33.01325,-9.39998],[33.01318,-9.39964],[33.01311,-9.39949],[33.01298,-9.39931]]},"properties":{"id":795669999,"cls":"path","hw":"path","tg":"na","name":"","ref":"","surface":"","sc":"unknown","speed":null,"lit":"unk","km":0.082}},
{"type":"Feature","geometry":{"type":"LineString","coordinates":[[33.01345,-9.39891],[33.01298,-9.39931]]},"properties":{"id":795670000,"cls":"path","hw":"path","tg":"na","name":"","ref":"","surface":"","sc":"unknown","speed":null,"lit":"unk","km":0.068}},
{"type":"Feature","geometry":{"type":"LineString","coordinates":[[33.00612,-9.39835],[33.00618,-9.39843],[33.00626,-9.3985],[33.0063,-9.39863],[33.00633,-9.39869],[33.0064,-9.39876],[33.00655,-9.3989],[33.00671,-9.39903],[33.00677,-9.39908],[33.00668,-9.39917],[33.00664,-9.39921],[33.00679,-9.39931],[33.00684,-9.39932],[33.00708,-9.39957],[33.00738,-9.39993]]},"properties":{"id":795670003,"cls":"path","hw":"path","tg":"na","name":"","ref":"","surface":"","sc":"unknown","speed":null,"lit":"unk","km":0.246}},
{"type":"Feature","geometry":{"type":"LineString","coordinates":[[33.01696,-9.40243],[33.01673,-9.40277],[33.01637,-9.40339]]},"properties":{"id":795677428,"cls":"path","hw":"path","tg":"na","name":"","ref":"","surface":"","sc":"unknown","speed":null,"lit":"unk","km":0.125}},
{"type":"Feature","geometry":{"type":"LineString","coordinates":[[33.01673,-9.40277],[33.01713,-9.40313]]},"properties":{"id":795677429,"cls":"path","hw":"path","tg":"na","name":"","ref":"","surface":"","sc":"unknown","speed":null,"lit":"unk","km":0.059}},
{"type":"Feature","geometry":{"type":"LineString","coordinates":[[33.01739,-9.40237],[33.01729,-9.40255],[33.01757,-9.40273]]},"properties":{"id":795677431,"cls":"path","hw":"path","tg":"na","name":"","ref":"","surface":"","sc":"unknown","speed":null,"lit":"unk","km":0.059}},
{"type":"Feature","geometry":{"type":"LineString","coordinates":[[33.01996,-9.40256],[33.02018,-9.40275],[33.02029,-9.40282],[33.02031,-9.40285],[33.02028,-9.40291],[33.0203,-9.40306],[33.02051,-9.40329]]},"properties":{"id":795677432,"cls":"path","hw":"path","tg":"na","name":"","ref":"","surface":"","sc":"unknown","speed":null,"lit":"unk","km":0.109}},
{"type":"Feature","geometry":{"type":"LineString","coordinates":[[33.01806,-9.40192],[33.01749,-9.40158]]},"properties":{"id":795677433,"cls":"path","hw":"path","tg":"na","name":"","ref":"","surface":"","sc":"unknown","speed":null,"lit":"unk","km":0.073}},
{"type":"Feature","geometry":{"type":"LineString","coordinates":[[33.01732,-9.39902],[33.01729,-9.39933],[33.01708,-9.39943],[33.0172,-9.39983],[33.0173,-9.39993]]},"properties":{"id":795677434,"cls":"path","hw":"path","tg":"na","name":"","ref":"","surface":"","sc":"unknown","speed":null,"lit":"unk","km":0.122}},
{"type":"Feature","geometry":{"type":"LineString","coordinates":[[33.01607,-9.39932],[33.01545,-9.40053]]},"properties":{"id":795677435,"cls":"path","hw":"path","tg":"na","name":"","ref":"","surface":"","sc":"unknown","speed":null,"lit":"unk","km":0.151}},
{"type":"Feature","geometry":{"type":"LineString","coordinates":[[33.01492,-9.39953],[33.01487,-9.3996],[33.01489,-9.39965],[33.01497,-9.39965],[33.01514,-9.40001],[33.01515,-9.40036],[33.01545,-9.40053]]},"properties":{"id":795677436,"cls":"path","hw":"path","tg":"na","name":"","ref":"","surface":"","sc":"unknown","speed":null,"lit":"unk","km":0.145}},
{"type":"Feature","geometry":{"type":"LineString","coordinates":[[33.01556,-9.39632],[33.01519,-9.39671],[33.01497,-9.39683]]},"properties":{"id":795677437,"cls":"path","hw":"path","tg":"na","name":"","ref":"","surface":"","sc":"unknown","speed":null,"lit":"unk","km":0.087}},
{"type":"Feature","geometry":{"type":"LineString","coordinates":[[33.01459,-9.39579],[33.01439,-9.3961],[33.01442,-9.39616],[33.01433,-9.39622]]},"properties":{"id":795677438,"cls":"path","hw":"path","tg":"na","name":"","ref":"","surface":"","sc":"unknown","speed":null,"lit":"unk","km":0.06}},
{"type":"Feature","geometry":{"type":"LineString","coordinates":[[33.00611,-9.38391],[33.00604,-9.38399],[33.00581,-9.38399],[33.00587,-9.38405],[33.00592,-9.38441]]},"properties":{"id":795689936,"cls":"path","hw":"path","tg":"na","name":"","ref":"","surface":"","sc":"unknown","speed":null,"lit":"unk","km":0.087}},
{"type":"Feature","geometry":{"type":"LineString","coordinates":[[33.00637,-9.38538],[33.00633,-9.38608]]},"properties":{"id":795689938,"cls":"path","hw":"path","tg":"na","name":"","ref":"","surface":"","sc":"unknown","speed":null,"lit":"unk","km":0.078}},
{"type":"Feature","geometry":{"type":"LineString","coordinates":[[33.00633,-9.38608],[33.00647,-9.3864],[33.00651,-9.38639],[33.00725,-9.38625]]},"properties":{"id":795689939,"cls":"path","hw":"path","tg":"na","name":"","ref":"","surface":"","sc":"unknown","speed":null,"lit":"unk","km":0.126}},
{"type":"Feature","geometry":{"type":"LineString","coordinates":[[33.00876,-9.38573],[33.00868,-9.38572],[33.00838,-9.38585],[33.00794,-9.38557],[33.00754,-9.38554],[33.00738,-9.38531],[33.0073,-9.38532],[33.0072,-9.38526],[33.00708,-9.38532],[33.00693,-9.38526]]},"properties":{"id":795689943,"cls":"path","hw":"path","tg":"na","name":"","ref":"","surface":"","sc":"unknown","speed":null,"lit":"unk","km":0.231}},
{"type":"Feature","geometry":{"type":"LineString","coordinates":[[33.0048,-9.38463],[33.00463,-9.38476],[33.00461,-9.38493],[33.00456,-9.38497],[33.00461,-9.38501],[33.00455,-9.38511],[33.00455,-9.38521],[33.00437,-9.38539]]},"properties":{"id":795689945,"cls":"path","hw":"path","tg":"na","name":"","ref":"","surface":"","sc":"unknown","speed":null,"lit":"unk","km":0.109}},
{"type":"Feature","geometry":{"type":"LineString","coordinates":[[33.00798,-9.3879],[33.00651,-9.38639]]},"properties":{"id":795689946,"cls":"path","hw":"path","tg":"na","name":"","ref":"","surface":"","sc":"unknown","speed":null,"lit":"unk","km":0.233}},
{"type":"Feature","geometry":{"type":"LineString","coordinates":[[33.01079,-9.39032],[33.01116,-9.3907],[33.0114,-9.39103]]},"properties":{"id":795689947,"cls":"path","hw":"path","tg":"na","name":"","ref":"","surface":"","sc":"unknown","speed":null,"lit":"unk","km":0.104}},
{"type":"Feature","geometry":{"type":"LineString","coordinates":[[33.01235,-9.39119],[33.01222,-9.39132],[33.01214,-9.39153],[33.01179,-9.39171],[33.01166,-9.39186],[33.01157,-9.39212],[33.01138,-9.39273],[33.01094,-9.39235],[33.01057,-9.39254],[33.01039,-9.39253],[33.00983,-9.39311],[33.00992,-9.3932],[33.00964,-9.39332]]},"properties":{"id":795689950,"cls":"path","hw":"path","tg":"na","name":"","ref":"","surface":"","sc":"unknown","speed":null,"lit":"unk","km":0.478}},
{"type":"Feature","geometry":{"type":"LineString","coordinates":[[33.00458,-9.3939],[33.0047,-9.39401],[33.00478,-9.39393],[33.00514,-9.39424],[33.0056,-9.39446],[33.00585,-9.39447],[33.00615,-9.39436],[33.00615,-9.39425],[33.00643,-9.39413],[33.00668,-9.39397],[33.00689,-9.39399],[33.00734,-9.39381],[33.00736,-9.39381],[33.00759,-9.39377],[33.00773,-9.39385],[33.00779,-9.39397]]},"properties":{"id":795689960,"cls":"path","hw":"path","tg":"na","name":"","ref":"","surface":"","sc":"unknown","speed":null,"lit":"unk","km":0.417}},
{"type":"Feature","geometry":{"type":"LineString","coordinates":[[33.00734,-9.39381],[33.00735,-9.39377],[33.00739,-9.39355],[33.00749,-9.39316],[33.00734,-9.39301],[33.00721,-9.39285]]},"properties":{"id":795689961,"cls":"path","hw":"path","tg":"na","name":"","ref":"","surface":"","sc":"unknown","speed":null,"lit":"unk","km":0.12}},
{"type":"Feature","geometry":{"type":"LineString","coordinates":[[33.12334,-9.46326],[33.12325,-9.46334],[33.12301,-9.46372],[33.12294,-9.464],[33.12305,-9.46417],[33.12311,-9.46446],[33.12312,-9.46452],[33.12314,-9.46477],[33.1232,-9.46497],[33.12329,-9.46531],[33.12327,-9.4655],[33.12311,-9.46559],[33.12295,-9.4658],[33.12278,-9.4659],[33.1225,-9.46609],[33.12234,-9.46635],[33.12193,-9.46707],[33.12178,-9.46725],[33.1217,-9.46734],[33.12156,-9.46767],[33.12145,-9.46791],[33.12135,-9.46801],[33.12137,-9.46839]]},"properties":{"id":795788214,"cls":"unclassified","hw":"unclassified","tg":"na","name":"","ref":"","surface":"","sc":"unknown","speed":null,"lit":"unk","km":0.669}},
{"type":"Feature","geometry":{"type":"LineString","coordinates":[[33.01605,-9.39421],[33.01583,-9.39422],[33.01567,-9.39445],[33.01549,-9.39455],[33.01541,-9.39453],[33.01496,-9.39482],[33.01492,-9.39489],[33.01484,-9.39494],[33.01468,-9.39508],[33.01455,-9.39515],[33.01443,-9.39528],[33.01424,-9.39545],[33.01413,-9.39557]]},"properties":{"id":795907902,"cls":"path","hw":"path","tg":"na","name":"","ref":"","surface":"","sc":"unknown","speed":null,"lit":"unk","km":0.271}},
{"type":"Feature","geometry":{"type":"LineString","coordinates":[[33.04753,-9.42735],[33.0475,-9.42738],[33.04713,-9.42784],[33.0468,-9.42813],[33.04646,-9.42853],[33.04627,-9.42875],[33.04614,-9.42889]]},"properties":{"id":795916833,"cls":"path","hw":"path","tg":"na","name":"","ref":"","surface":"","sc":"unknown","speed":null,"lit":"unk","km":0.23}},
{"type":"Feature","geometry":{"type":"LineString","coordinates":[[33.0475,-9.42738],[33.04776,-9.42762]]},"properties":{"id":795916834,"cls":"path","hw":"path","tg":"na","name":"","ref":"","surface":"","sc":"unknown","speed":null,"lit":"unk","km":0.039}},
{"type":"Feature","geometry":{"type":"LineString","coordinates":[[33.0483,-9.42735],[33.04846,-9.42776],[33.04812,-9.42817]]},"properties":{"id":795916835,"cls":"path","hw":"path","tg":"na","name":"","ref":"","surface":"","sc":"unknown","speed":null,"lit":"unk","km":0.108}},
{"type":"Feature","geometry":{"type":"LineString","coordinates":[[33.04942,-9.42775],[33.04931,-9.42807]]},"properties":{"id":795916836,"cls":"path","hw":"path","tg":"na","name":"","ref":"","surface":"","sc":"unknown","speed":null,"lit":"unk","km":0.038}},
{"type":"Feature","geometry":{"type":"LineString","coordinates":[[33.04713,-9.42784],[33.04708,-9.42839],[33.04698,-9.42858],[33.04696,-9.4289],[33.04715,-9.42901],[33.04713,-9.4291],[33.04795,-9.4295]]},"properties":{"id":795916837,"cls":"path","hw":"path","tg":"na","name":"","ref":"","surface":"","sc":"unknown","speed":null,"lit":"unk","km":0.256}},
{"type":"Feature","geometry":{"type":"LineString","coordinates":[[33.05036,-9.42842],[33.04984,-9.42919],[33.05013,-9.42933],[33.05033,-9.42943],[33.05068,-9.42936],[33.05112,-9.42899]]},"properties":{"id":795916838,"cls":"path","hw":"path","tg":"na","name":"","ref":"","surface":"","sc":"unknown","speed":null,"lit":"unk","km":0.265}},
{"type":"Feature","geometry":{"type":"LineString","coordinates":[[33.05052,-9.42854],[33.05082,-9.42809],[33.05091,-9.42817],[33.05121,-9.4279]]},"properties":{"id":795916839,"cls":"path","hw":"path","tg":"na","name":"","ref":"","surface":"","sc":"unknown","speed":null,"lit":"unk","km":0.118}},
{"type":"Feature","geometry":{"type":"LineString","coordinates":[[33.05155,-9.42929],[33.0519,-9.42893],[33.05236,-9.4286]]},"properties":{"id":795916840,"cls":"path","hw":"path","tg":"na","name":"","ref":"","surface":"","sc":"unknown","speed":null,"lit":"unk","km":0.118}},
{"type":"Feature","geometry":{"type":"LineString","coordinates":[[33.05239,-9.42997],[33.05338,-9.42942],[33.0535,-9.42904],[33.05366,-9.42895],[33.0538,-9.42873]]},"properties":{"id":795916841,"cls":"path","hw":"path","tg":"na","name":"","ref":"","surface":"","sc":"unknown","speed":null,"lit":"unk","km":0.218}},
{"type":"Feature","geometry":{"type":"LineString","coordinates":[[33.06065,-9.43164],[33.06042,-9.43165],[33.06035,-9.43205],[33.06,-9.43231],[33.05952,-9.4333],[33.05922,-9.43332],[33.05846,-9.43386],[33.05844,-9.43405],[33.05803,-9.43464]]},"properties":{"id":795916843,"cls":"path","hw":"path","tg":"na","name":"","ref":"","surface":"","sc":"unknown","speed":null,"lit":"unk","km":0.477}},
{"type":"Feature","geometry":{"type":"LineString","coordinates":[[33.0571,-9.43231],[33.05681,-9.43259],[33.05666,-9.43286],[33.05656,-9.43314],[33.05648,-9.43336]]},"properties":{"id":795916847,"cls":"path","hw":"path","tg":"na","name":"","ref":"","surface":"","sc":"unknown","speed":null,"lit":"unk","km":0.138}},
{"type":"Feature","geometry":{"type":"LineString","coordinates":[[33.05577,-9.43278],[33.05603,-9.43246],[33.05619,-9.43243]]},"properties":{"id":795916850,"cls":"path","hw":"path","tg":"na","name":"","ref":"","surface":"","sc":"unknown","speed":null,"lit":"unk","km":0.063}},
{"type":"Feature","geometry":{"type":"LineString","coordinates":[[33.0613,-9.43498],[33.06138,-9.43527],[33.06146,-9.43537],[33.06146,-9.43574],[33.06144,-9.43586],[33.06173,-9.43617],[33.06166,-9.43627],[33.06176,-9.43634],[33.06146,-9.43678]]},"properties":{"id":795916868,"cls":"path","hw":"path","tg":"na","name":"","ref":"","surface":"","sc":"unknown","speed":null,"lit":"unk","km":0.235}},
{"type":"Feature","geometry":{"type":"LineString","coordinates":[[33.04984,-9.42919],[33.04978,-9.42931],[33.04971,-9.42929],[33.04952,-9.42972],[33.04959,-9.42983],[33.04985,-9.43007],[33.0496,-9.43045],[33.05001,-9.43081],[33.05009,-9.43077],[33.05019,-9.43083],[33.05087,-9.43003],[33.05096,-9.43004],[33.05116,-9.42955],[33.05155,-9.42929]]},"properties":{"id":795925183,"cls":"path","hw":"path","tg":"na","name":"","ref":"","surface":"","sc":"unknown","speed":null,"lit":"unk","km":0.498}},
{"type":"Feature","geometry":{"type":"LineString","coordinates":[[33.0522,-9.42981],[33.05221,-9.43009],[33.05181,-9.4309],[33.05094,-9.43272],[33.05112,-9.43288],[33.05139,-9.43301],[33.05176,-9.43323],[33.05181,-9.43321],[33.05191,-9.43325],[33.05195,-9.4332],[33.05211,-9.43327],[33.05226,-9.43326],[33.05235,-9.433],[33.05288,-9.43312],[33.05312,-9.43242],[33.05343,-9.43192],[33.05362,-9.43181],[33.05385,-9.43179],[33.05442,-9.43167]]},"properties":{"id":795925188,"cls":"path","hw":"path","tg":"na","name":"","ref":"","surface":"","sc":"unknown","speed":null,"lit":"unk","km":0.873}},
{"type":"Feature","geometry":{"type":"LineString","coordinates":[[33.05343,-9.43192],[33.05302,-9.43162]]},"properties":{"id":795925189,"cls":"path","hw":"path","tg":"na","name":"","ref":"","surface":"","sc":"unknown","speed":null,"lit":"unk","km":0.056}},
{"type":"Feature","geometry":{"type":"LineString","coordinates":[[33.05462,-9.43185],[33.05463,-9.43227],[33.05447,-9.43269]]},"properties":{"id":795925200,"cls":"path","hw":"path","tg":"na","name":"","ref":"","surface":"","sc":"unknown","speed":null,"lit":"unk","km":0.097}},
{"type":"Feature","geometry":{"type":"LineString","coordinates":[[33.06669,-9.44693],[33.067,-9.4464],[33.06702,-9.44596],[33.06714,-9.44571],[33.06698,-9.44541],[33.06695,-9.44496],[33.06705,-9.44472],[33.06696,-9.44457],[33.06705,-9.44431],[33.06712,-9.44407],[33.06708,-9.44397],[33.06714,-9.44381],[33.06742,-9.44341],[33.06749,-9.44332],[33.06768,-9.44319]]},"properties":{"id":795946054,"cls":"path","hw":"path","tg":"na","name":"","ref":"","surface":"","sc":"unknown","speed":null,"lit":"unk","km":0.465}},
{"type":"Feature","geometry":{"type":"LineString","coordinates":[[33.06599,-9.44525],[33.06608,-9.44512],[33.0662,-9.44512],[33.06646,-9.44459],[33.06678,-9.44457],[33.06705,-9.44431]]},"properties":{"id":795946055,"cls":"path","hw":"path","tg":"na","name":"","ref":"","surface":"","sc":"unknown","speed":null,"lit":"unk","km":0.173}},
{"type":"Feature","geometry":{"type":"LineString","coordinates":[[33.06858,-9.4443],[33.06891,-9.44404]]},"properties":{"id":795946056,"cls":"path","hw":"path","tg":"na","name":"","ref":"","surface":"","sc":"unknown","speed":null,"lit":"unk","km":0.046}},
{"type":"Feature","geometry":{"type":"LineString","coordinates":[[33.06858,-9.4443],[33.06823,-9.44398],[33.06777,-9.44375],[33.06763,-9.44363],[33.06742,-9.44341],[33.06706,-9.44329],[33.06676,-9.44333],[33.06656,-9.44327],[33.06644,-9.44321],[33.06634,-9.44335],[33.06587,-9.44334]]},"properties":{"id":795946057,"cls":"path","hw":"path","tg":"na","name":"","ref":"","surface":"","sc":"unknown","speed":null,"lit":"unk","km":0.346}},
{"type":"Feature","geometry":{"type":"LineString","coordinates":[[33.06786,-9.44131],[33.06754,-9.44192]]},"properties":{"id":795946058,"cls":"path","hw":"path","tg":"na","name":"","ref":"","surface":"","sc":"unknown","speed":null,"lit":"unk","km":0.076}},
{"type":"Feature","geometry":{"type":"LineString","coordinates":[[33.06751,-9.441],[33.06714,-9.44128],[33.06699,-9.44125],[33.06673,-9.44177],[33.06663,-9.44179],[33.06655,-9.44173],[33.06618,-9.44226]]},"properties":{"id":795946059,"cls":"path","hw":"path","tg":"na","name":"","ref":"","surface":"","sc":"unknown","speed":null,"lit":"unk","km":0.226}},
{"type":"Feature","geometry":{"type":"LineString","coordinates":[[33.06618,-9.44226],[33.06594,-9.44205],[33.06595,-9.44188],[33.06621,-9.44141],[33.06637,-9.44129],[33.06595,-9.44109],[33.06597,-9.44093],[33.06644,-9.44014]]},"properties":{"id":795946060,"cls":"path","hw":"path","tg":"na","name":"","ref":"","surface":"","sc":"unknown","speed":null,"lit":"unk","km":0.307}},
{"type":"Feature","geometry":{"type":"LineString","coordinates":[[33.06498,-9.43936],[33.06483,-9.43957],[33.06472,-9.43957],[33.06471,-9.43997],[33.06432,-9.43995],[33.06426,-9.43998],[33.06421,-9.43993],[33.0641,-9.43901],[33.06442,-9.43886]]},"properties":{"id":795946061,"cls":"path","hw":"path","tg":"na","name":"","ref":"","surface":"","sc":"unknown","speed":null,"lit":"unk","km":0.285}},
{"type":"Feature","geometry":{"type":"LineString","coordinates":[[33.06421,-9.43993],[33.0642,-9.43995],[33.06403,-9.44003],[33.06365,-9.44014],[33.06349,-9.44009],[33.06343,-9.43994],[33.0628,-9.44019]]},"properties":{"id":795946062,"cls":"path","hw":"path","tg":"na","name":"","ref":"","surface":"","sc":"unknown","speed":null,"lit":"unk","km":0.177}},
{"type":"Feature","geometry":{"type":"LineString","coordinates":[[33.06388,-9.43843],[33.06335,-9.43852],[33.06313,-9.43841],[33.06303,-9.43858],[33.06296,-9.43856],[33.06284,-9.43868],[33.06267,-9.43908],[33.06224,-9.439],[33.06168,-9.43865],[33.06176,-9.43857],[33.06136,-9.43832],[33.0612,-9.43844],[33.06109,-9.43825],[33.06187,-9.43745],[33.062,-9.4375],[33.06222,-9.4372]]},"properties":{"id":795946063,"cls":"path","hw":"path","tg":"na","name":"","ref":"","surface":"","sc":"unknown","speed":null,"lit":"unk","km":0.594}},
{"type":"Feature","geometry":{"type":"LineString","coordinates":[[33.06011,-9.43868],[33.06028,-9.43865],[33.06044,-9.43868],[33.06058,-9.43867],[33.06078,-9.43841],[33.06099,-9.4384],[33.06109,-9.43825]]},"properties":{"id":795946064,"cls":"path","hw":"path","tg":"na","name":"","ref":"","surface":"","sc":"unknown","speed":null,"lit":"unk","km":0.132}},
{"type":"Feature","geometry":{"type":"LineString","coordinates":[[33.05931,-9.43854],[33.059,-9.43827]]},"properties":{"id":795946065,"cls":"path","hw":"path","tg":"na","name":"","ref":"","surface":"","sc":"unknown","speed":null,"lit":"unk","km":0.045}},
{"type":"Feature","geometry":{"type":"LineString","coordinates":[[33.05871,-9.43871],[33.05878,-9.43845],[33.059,-9.43827],[33.05911,-9.43784],[33.0592,-9.43774],[33.05899,-9.43738],[33.05897,-9.43699],[33.05884,-9.43675],[33.05884,-9.43673],[33.05888,-9.43646],[33.05895,-9.43628],[33.05931,-9.4356]]},"properties":{"id":795946066,"cls":"path","hw":"path","tg":"na","name":"","ref":"","surface":"","sc":"unknown","speed":null,"lit":"unk","km":0.385}},
{"type":"Feature","geometry":{"type":"LineString","coordinates":[[33.05997,-9.43597],[33.0597,-9.43619],[33.0597,-9.43647]]},"properties":{"id":795946067,"cls":"path","hw":"path","tg":"na","name":"","ref":"","surface":"","sc":"unknown","speed":null,"lit":"unk","km":0.07}},
{"type":"Feature","geometry":{"type":"LineString","coordinates":[[33.05607,-9.43723],[33.05683,-9.43722],[33.05693,-9.43713],[33.05705,-9.43724],[33.05749,-9.43674],[33.05769,-9.43665]]},"properties":{"id":795946068,"cls":"path","hw":"path","tg":"na","name":"","ref":"","surface":"","sc":"unknown","speed":null,"lit":"unk","km":0.214}},
{"type":"Feature","geometry":{"type":"LineString","coordinates":[[33.05769,-9.43665],[33.05792,-9.43662],[33.05832,-9.43666],[33.05843,-9.43667],[33.05884,-9.43673]]},"properties":{"id":795946069,"cls":"path","hw":"path","tg":"na","name":"","ref":"","surface":"","sc":"unknown","speed":null,"lit":"unk","km":0.127}},
{"type":"Feature","geometry":{"type":"LineString","coordinates":[[33.05806,-9.43467],[33.05763,-9.43466],[33.05761,-9.43498],[33.05714,-9.43504],[33.05698,-9.43515],[33.05676,-9.4353],[33.05633,-9.43552]]},"properties":{"id":795946070,"cls":"path","hw":"path","tg":"na","name":"","ref":"","surface":"","sc":"unknown","speed":null,"lit":"unk","km":0.239}},
{"type":"Feature","geometry":{"type":"LineString","coordinates":[[33.05698,-9.43515],[33.05679,-9.43504],[33.05656,-9.43505]]},"properties":{"id":795946071,"cls":"path","hw":"path","tg":"na","name":"","ref":"","surface":"","sc":"unknown","speed":null,"lit":"unk","km":0.049}},
{"type":"Feature","geometry":{"type":"LineString","coordinates":[[33.05648,-9.43336],[33.05611,-9.43372],[33.05561,-9.434],[33.05552,-9.43422],[33.0552,-9.43437]]},"properties":{"id":795946072,"cls":"path","hw":"path","tg":"na","name":"","ref":"","surface":"","sc":"unknown","speed":null,"lit":"unk","km":0.185}},
{"type":"Feature","geometry":{"type":"LineString","coordinates":[[33.05529,-9.43485],[33.0552,-9.43446],[33.05512,-9.43446],[33.0551,-9.43438],[33.0552,-9.43437],[33.05505,-9.43421],[33.05474,-9.43404],[33.05466,-9.43376],[33.05473,-9.43366],[33.05473,-9.43353],[33.0551,-9.43307],[33.0553,-9.43292],[33.05561,-9.43266]]},"properties":{"id":795946073,"cls":"path","hw":"path","tg":"na","name":"","ref":"","surface":"","sc":"unknown","speed":null,"lit":"unk","km":0.334}},
{"type":"Feature","geometry":{"type":"LineString","coordinates":[[33.05612,-9.43306],[33.05577,-9.43337]]},"properties":{"id":795946074,"cls":"path","hw":"path","tg":"na","name":"","ref":"","surface":"","sc":"unknown","speed":null,"lit":"unk","km":0.052}},
{"type":"Feature","geometry":{"type":"LineString","coordinates":[[33.0702,-9.44317],[33.07056,-9.44273],[33.07033,-9.44254]]},"properties":{"id":796435176,"cls":"path","hw":"path","tg":"na","name":"","ref":"","surface":"","sc":"unknown","speed":null,"lit":"unk","km":0.096}},
{"type":"Feature","geometry":{"type":"LineString","coordinates":[[33.04843,-9.42697],[33.04863,-9.42649]]},"properties":{"id":796435181,"cls":"path","hw":"path","tg":"na","name":"","ref":"","surface":"","sc":"unknown","speed":null,"lit":"unk","km":0.058}},
{"type":"Feature","geometry":{"type":"LineString","coordinates":[[33.04942,-9.42775],[33.0494,-9.4275],[33.04957,-9.42723],[33.04972,-9.42693],[33.04996,-9.42661],[33.05014,-9.42638]]},"properties":{"id":796435182,"cls":"path","hw":"path","tg":"na","name":"","ref":"","surface":"","sc":"unknown","speed":null,"lit":"unk","km":0.177}},
{"type":"Feature","geometry":{"type":"LineString","coordinates":[[33.05014,-9.42638],[33.0504,-9.42625],[33.05046,-9.42629],[33.05053,-9.42625],[33.05051,-9.42621],[33.05065,-9.42603]]},"properties":{"id":796435183,"cls":"path","hw":"path","tg":"na","name":"","ref":"","surface":"","sc":"unknown","speed":null,"lit":"unk","km":0.079}},
{"type":"Feature","geometry":{"type":"LineString","coordinates":[[33.04545,-9.41855],[33.04525,-9.41834],[33.04511,-9.41819]]},"properties":{"id":796435194,"cls":"path","hw":"path","tg":"na","name":"","ref":"","surface":"","sc":"unknown","speed":null,"lit":"unk","km":0.055}},
{"type":"Feature","geometry":{"type":"LineString","coordinates":[[33.07066,-9.4395],[33.07076,-9.43963],[33.07076,-9.43983],[33.07098,-9.4404],[33.07071,-9.4408],[33.07024,-9.44097],[33.06968,-9.44176],[33.06928,-9.44258]]},"properties":{"id":796469048,"cls":"path","hw":"path","tg":"na","name":"","ref":"","surface":"","sc":"unknown","speed":null,"lit":"unk","km":0.425}},
{"type":"Feature","geometry":{"type":"LineString","coordinates":[[33.07796,-9.44759],[33.07777,-9.44775],[33.07798,-9.44804],[33.07753,-9.44859],[33.07709,-9.44897],[33.07692,-9.44887],[33.07649,-9.44903],[33.07622,-9.44903],[33.07598,-9.44889],[33.07572,-9.44908]]},"properties":{"id":796469061,"cls":"path","hw":"path","tg":"na","name":"","ref":"","surface":"","sc":"unknown","speed":null,"lit":"unk","km":0.378}},
{"type":"Feature","geometry":{"type":"LineString","coordinates":[[33.07714,-9.44692],[33.07605,-9.44845],[33.07574,-9.44882],[33.07564,-9.44888],[33.07556,-9.44907],[33.07551,-9.44913]]},"properties":{"id":796469062,"cls":"path","hw":"path","tg":"na","name":"","ref":"","surface":"","sc":"unknown","speed":null,"lit":"unk","km":0.306}},
{"type":"Feature","geometry":{"type":"LineString","coordinates":[[33.07572,-9.44908],[33.07556,-9.44907]]},"properties":{"id":796469063,"cls":"path","hw":"path","tg":"na","name":"","ref":"","surface":"","sc":"unknown","speed":null,"lit":"unk","km":0.018}},
{"type":"Feature","geometry":{"type":"LineString","coordinates":[[33.07539,-9.44588],[33.07541,-9.44652],[33.07525,-9.44698],[33.07483,-9.44756],[33.07454,-9.44785],[33.07433,-9.44836],[33.074,-9.44856],[33.0738,-9.44856],[33.07368,-9.44868]]},"properties":{"id":796469066,"cls":"path","hw":"path","tg":"na","name":"","ref":"","surface":"","sc":"unknown","speed":null,"lit":"unk","km":0.394}},
{"type":"Feature","geometry":{"type":"LineString","coordinates":[[33.07413,-9.44895],[33.074,-9.44856]]},"properties":{"id":796469067,"cls":"path","hw":"path","tg":"na","name":"","ref":"","surface":"","sc":"unknown","speed":null,"lit":"unk","km":0.046}},
{"type":"Feature","geometry":{"type":"LineString","coordinates":[[33.06998,-9.44803],[33.07008,-9.44767],[33.07012,-9.44728],[33.0702,-9.44718],[33.07019,-9.44712],[33.07033,-9.44686],[33.07047,-9.44676],[33.07051,-9.4467],[33.07057,-9.44584],[33.07061,-9.44563],[33.07076,-9.44548],[33.07092,-9.44499],[33.07124,-9.44496],[33.07196,-9.44418]]},"properties":{"id":796469087,"cls":"path","hw":"path","tg":"na","name":"","ref":"","surface":"","sc":"unknown","speed":null,"lit":"unk","km":0.519}},
{"type":"Feature","geometry":{"type":"LineString","coordinates":[[33.07047,-9.44676],[33.07071,-9.44699],[33.07086,-9.44694],[33.07092,-9.44657],[33.07107,-9.44639],[33.07153,-9.44591],[33.07176,-9.44573],[33.07186,-9.44548],[33.07199,-9.44549],[33.0721,-9.44515],[33.0722,-9.44502],[33.07246,-9.4448],[33.07265,-9.44457]]},"properties":{"id":796469088,"cls":"path","hw":"path","tg":"na","name":"","ref":"","surface":"","sc":"unknown","speed":null,"lit":"unk","km":0.4}},
{"type":"Feature","geometry":{"type":"LineString","coordinates":[[33.06928,-9.44258],[33.06906,-9.44309],[33.06898,-9.44314]]},"properties":{"id":796469112,"cls":"path","hw":"path","tg":"na","name":"","ref":"","surface":"","sc":"unknown","speed":null,"lit":"unk","km":0.072}},
{"type":"Feature","geometry":{"type":"LineString","coordinates":[[33.06997,-9.44304],[33.06907,-9.44376],[33.06909,-9.44383],[33.06891,-9.44404]]},"properties":{"id":796469113,"cls":"path","hw":"path","tg":"na","name":"","ref":"","surface":"","sc":"unknown","speed":null,"lit":"unk","km":0.166}},
{"type":"Feature","geometry":{"type":"LineString","coordinates":[[33.06909,-9.44383],[33.06919,-9.44392],[33.06922,-9.44423],[33.06934,-9.44421],[33.06942,-9.4443],[33.06961,-9.44433],[33.06973,-9.44427],[33.06992,-9.44451],[33.07004,-9.44443],[33.07012,-9.44442],[33.07049,-9.44414],[33.07059,-9.44402],[33.07041,-9.4438],[33.07053,-9.44336]]},"properties":{"id":796469114,"cls":"path","hw":"path","tg":"na","name":"","ref":"","surface":"","sc":"unknown","speed":null,"lit":"unk","km":0.321}},
{"type":"Feature","geometry":{"type":"LineString","coordinates":[[33.06922,-9.44423],[33.06925,-9.44426],[33.06917,-9.44433],[33.06923,-9.44447],[33.06923,-9.44491],[33.0693,-9.44512],[33.06926,-9.44519]]},"properties":{"id":796469123,"cls":"path","hw":"path","tg":"na","name":"","ref":"","surface":"","sc":"unknown","speed":null,"lit":"unk","km":0.116}},
{"type":"Feature","geometry":{"type":"LineString","coordinates":[[33.07551,-9.44913],[33.07534,-9.44938],[33.07532,-9.4494],[33.07526,-9.44939],[33.07505,-9.44956],[33.07496,-9.44958],[33.07485,-9.44968]]},"properties":{"id":796571763,"cls":"path","hw":"path","tg":"na","name":"","ref":"","surface":"","sc":"unknown","speed":null,"lit":"unk","km":0.1}},
{"type":"Feature","geometry":{"type":"LineString","coordinates":[[33.07957,-9.45306],[33.0797,-9.45273],[33.07967,-9.45268],[33.0797,-9.45263],[33.0797,-9.45231],[33.07983,-9.45189],[33.07981,-9.45182],[33.07987,-9.4517],[33.07988,-9.45156]]},"properties":{"id":796584424,"cls":"path","hw":"path","tg":"na","name":"","ref":"","surface":"","sc":"unknown","speed":null,"lit":"unk","km":0.175}},
{"type":"Feature","geometry":{"type":"LineString","coordinates":[[33.08,-9.45392],[33.08025,-9.45372],[33.08039,-9.45356],[33.08036,-9.45352],[33.08057,-9.45332]]},"properties":{"id":796584425,"cls":"path","hw":"path","tg":"na","name":"","ref":"","surface":"","sc":"unknown","speed":null,"lit":"unk","km":0.096}},
{"type":"Feature","geometry":{"type":"LineString","coordinates":[[33.07896,-9.45147],[33.0786,-9.45165],[33.07858,-9.45171],[33.07848,-9.45169],[33.07839,-9.45184],[33.07794,-9.45189]]},"properties":{"id":796584426,"cls":"path","hw":"path","tg":"na","name":"","ref":"","surface":"","sc":"unknown","speed":null,"lit":"unk","km":0.132}},
{"type":"Feature","geometry":{"type":"LineString","coordinates":[[33.08036,-9.45182],[33.08035,-9.45158],[33.08045,-9.45135]]},"properties":{"id":796584445,"cls":"path","hw":"path","tg":"na","name":"","ref":"","surface":"","sc":"unknown","speed":null,"lit":"unk","km":0.055}},
{"type":"Feature","geometry":{"type":"LineString","coordinates":[[33.0816,-9.45186],[33.0816,-9.4519],[33.0816,-9.45202],[33.08153,-9.45226],[33.08133,-9.45251]]},"properties":{"id":796584450,"cls":"path","hw":"path","tg":"na","name":"","ref":"","surface":"","sc":"unknown","speed":null,"lit":"unk","km":0.081}},
{"type":"Feature","geometry":{"type":"LineString","coordinates":[[33.08133,-9.45251],[33.08092,-9.45297],[33.08089,-9.45309],[33.08075,-9.45319],[33.08057,-9.45332]]},"properties":{"id":796584457,"cls":"path","hw":"path","tg":"na","name":"","ref":"","surface":"","sc":"unknown","speed":null,"lit":"unk","km":0.125}},
{"type":"Feature","geometry":{"type":"LineString","coordinates":[[33.08066,-9.45432],[33.0807,-9.4541],[33.08085,-9.4539],[33.08091,-9.45393],[33.08099,-9.45378],[33.08104,-9.45377],[33.08111,-9.45366],[33.08116,-9.45366],[33.08128,-9.4536],[33.08081,-9.45336],[33.08075,-9.45319]]},"properties":{"id":796584472,"cls":"path","hw":"path","tg":"na","name":"","ref":"","surface":"","sc":"unknown","speed":null,"lit":"unk","km":0.197}},
{"type":"Feature","geometry":{"type":"LineString","coordinates":[[33.08199,-9.45432],[33.08213,-9.45418],[33.08162,-9.45368],[33.08154,-9.45358],[33.0815,-9.45348],[33.08154,-9.45339],[33.08146,-9.45333],[33.08128,-9.4536]]},"properties":{"id":796584479,"cls":"path","hw":"path","tg":"na","name":"","ref":"","surface":"","sc":"unknown","speed":null,"lit":"unk","km":0.185}},
{"type":"Feature","geometry":{"type":"LineString","coordinates":[[33.08154,-9.45339],[33.08164,-9.45331],[33.08171,-9.45324],[33.08179,-9.45308],[33.08178,-9.45298],[33.08172,-9.45281]]},"properties":{"id":796587812,"cls":"path","hw":"path","tg":"na","name":"","ref":"","surface":"","sc":"unknown","speed":null,"lit":"unk","km":0.076}},
{"type":"Feature","geometry":{"type":"LineString","coordinates":[[33.08172,-9.45281],[33.08164,-9.4527],[33.08153,-9.45226]]},"properties":{"id":796587817,"cls":"path","hw":"path","tg":"na","name":"","ref":"","surface":"","sc":"unknown","speed":null,"lit":"unk","km":0.065}},
{"type":"Feature","geometry":{"type":"LineString","coordinates":[[33.08178,-9.45298],[33.08199,-9.45299],[33.08235,-9.45306],[33.0825,-9.45314],[33.08261,-9.45303],[33.08273,-9.45309],[33.08286,-9.45286]]},"properties":{"id":796587818,"cls":"path","hw":"path","tg":"na","name":"","ref":"","surface":"","sc":"unknown","speed":null,"lit":"unk","km":0.143}},
{"type":"Feature","geometry":{"type":"LineString","coordinates":[[33.08286,-9.45286],[33.08288,-9.45277],[33.08283,-9.45269],[33.08277,-9.45252],[33.08298,-9.45226]]},"properties":{"id":796587829,"cls":"path","hw":"path","tg":"na","name":"","ref":"","surface":"","sc":"unknown","speed":null,"lit":"unk","km":0.078}},
{"type":"Feature","geometry":{"type":"LineString","coordinates":[[33.08298,-9.45226],[33.08302,-9.45221],[33.08307,-9.45221],[33.08327,-9.45194],[33.08349,-9.45186]]},"properties":{"id":796587832,"cls":"path","hw":"path","tg":"na","name":"","ref":"","surface":"","sc":"unknown","speed":null,"lit":"unk","km":0.075}},
{"type":"Feature","geometry":{"type":"LineString","coordinates":[[33.08414,-9.45242],[33.08378,-9.45267],[33.08372,-9.45277],[33.08363,-9.45307],[33.08352,-9.45316],[33.08348,-9.45329],[33.08358,-9.45354],[33.08385,-9.45394]]},"properties":{"id":796598157,"cls":"path","hw":"path","tg":"na","name":"","ref":"","surface":"","sc":"unknown","speed":null,"lit":"unk","km":0.21}},
{"type":"Feature","geometry":{"type":"LineString","coordinates":[[33.08385,-9.45394],[33.08368,-9.45419],[33.08351,-9.45419],[33.08322,-9.45442],[33.08313,-9.45442],[33.08293,-9.45427]]},"properties":{"id":796598158,"cls":"path","hw":"path","tg":"na","name":"","ref":"","surface":"","sc":"unknown","speed":null,"lit":"unk","km":0.13}},
{"type":"Feature","geometry":{"type":"LineString","coordinates":[[33.08652,-9.45433],[33.08613,-9.45477],[33.08601,-9.45492],[33.08599,-9.45496],[33.08599,-9.45507],[33.08577,-9.4555],[33.08568,-9.45564],[33.08569,-9.45573],[33.08549,-9.45594],[33.08522,-9.45617],[33.08514,-9.45647]]},"properties":{"id":796598196,"cls":"path","hw":"path","tg":"na","name":"","ref":"","surface":"","sc":"unknown","speed":null,"lit":"unk","km":0.291}},
{"type":"Feature","geometry":{"type":"LineString","coordinates":[[33.08549,-9.45594],[33.08585,-9.45639],[33.0864,-9.45703],[33.08681,-9.45749],[33.087,-9.45804],[33.08712,-9.4584],[33.08723,-9.45874],[33.08751,-9.45897],[33.08762,-9.45962],[33.08768,-9.45983]]},"properties":{"id":796598205,"cls":"path","hw":"path","tg":"na","name":"","ref":"","surface":"","sc":"unknown","speed":null,"lit":"unk","km":0.509}},
{"type":"Feature","geometry":{"type":"LineString","coordinates":[[33.08767,-9.4554],[33.08701,-9.45555],[33.08659,-9.4558],[33.08644,-9.4559],[33.08585,-9.45639],[33.08578,-9.45645],[33.08549,-9.45666],[33.08526,-9.45693],[33.08503,-9.45699],[33.08489,-9.45698],[33.08479,-9.45702],[33.08469,-9.45694],[33.08436,-9.45711]]},"properties":{"id":796598206,"cls":"path","hw":"path","tg":"na","name":"","ref":"","surface":"","sc":"unknown","speed":null,"lit":"unk","km":0.43}},
{"type":"Feature","geometry":{"type":"LineString","coordinates":[[33.08514,-9.45647],[33.08515,-9.45663],[33.0851,-9.45667],[33.08505,-9.45665],[33.08472,-9.45683],[33.08469,-9.45694]]},"properties":{"id":796598214,"cls":"path","hw":"path","tg":"na","name":"","ref":"","surface":"","sc":"unknown","speed":null,"lit":"unk","km":0.085}},
{"type":"Feature","geometry":{"type":"LineString","coordinates":[[33.08483,-9.45198],[33.08446,-9.45232],[33.0844,-9.45237],[33.08424,-9.45249]]},"properties":{"id":796602669,"cls":"path","hw":"path","tg":"na","name":"","ref":"","surface":"","sc":"unknown","speed":null,"lit":"unk","km":0.086}},
{"type":"Feature","geometry":{"type":"LineString","coordinates":[[33.08511,-9.45226],[33.08493,-9.45213],[33.08469,-9.45234],[33.08466,-9.45232],[33.08453,-9.45239],[33.08446,-9.45232]]},"properties":{"id":796602670,"cls":"path","hw":"path","tg":"na","name":"","ref":"","surface":"","sc":"unknown","speed":null,"lit":"unk","km":0.091}},
{"type":"Feature","geometry":{"type":"LineString","coordinates":[[33.08601,-9.45492],[33.08646,-9.45549],[33.08647,-9.45564],[33.08643,-9.45575],[33.08644,-9.4559],[33.08645,-9.45606],[33.08646,-9.45628],[33.08651,-9.45645],[33.08651,-9.45691]]},"properties":{"id":796602677,"cls":"path","hw":"path","tg":"na","name":"","ref":"","surface":"","sc":"unknown","speed":null,"lit":"unk","km":0.24}},
{"type":"Feature","geometry":{"type":"LineString","coordinates":[[33.08954,-9.45748],[33.08912,-9.45711],[33.08906,-9.45697],[33.08915,-9.45678],[33.08894,-9.45652],[33.08887,-9.45616],[33.08887,-9.45577]]},"properties":{"id":796602685,"cls":"path","hw":"path","tg":"na","name":"","ref":"","surface":"","sc":"unknown","speed":null,"lit":"unk","km":0.223}},
{"type":"Feature","geometry":{"type":"LineString","coordinates":[[33.08906,-9.45697],[33.08851,-9.45672]]},"properties":{"id":796602686,"cls":"path","hw":"path","tg":"na","name":"","ref":"","surface":"","sc":"unknown","speed":null,"lit":"unk","km":0.066}},
{"type":"Feature","geometry":{"type":"LineString","coordinates":[[33.08587,-9.45754],[33.0859,-9.45762],[33.08581,-9.45772],[33.08605,-9.45796],[33.08635,-9.45825]]},"properties":{"id":796871248,"cls":"path","hw":"path","tg":"na","name":"","ref":"","surface":"","sc":"unknown","speed":null,"lit":"unk","km":0.108}},
{"type":"Feature","geometry":{"type":"LineString","coordinates":[[33.08635,-9.45825],[33.0866,-9.45818]]},"properties":{"id":796871249,"cls":"path","hw":"path","tg":"na","name":"","ref":"","surface":"","sc":"unknown","speed":null,"lit":"unk","km":0.029}},
{"type":"Feature","geometry":{"type":"LineString","coordinates":[[33.08605,-9.45796],[33.08617,-9.45855],[33.08614,-9.45891],[33.08609,-9.45902],[33.08611,-9.45907],[33.0861,-9.45925],[33.08584,-9.45949],[33.08581,-9.45957],[33.08574,-9.45959],[33.08559,-9.45986]]},"properties":{"id":796871250,"cls":"path","hw":"path","tg":"na","name":"","ref":"","surface":"","sc":"unknown","speed":null,"lit":"unk","km":0.237}},
{"type":"Feature","geometry":{"type":"LineString","coordinates":[[33.08768,-9.45983],[33.08755,-9.46002]]},"properties":{"id":796871253,"cls":"path","hw":"path","tg":"na","name":"","ref":"","surface":"","sc":"unknown","speed":null,"lit":"unk","km":0.025}},
{"type":"Feature","geometry":{"type":"LineString","coordinates":[[33.087,-9.45804],[33.08731,-9.4581],[33.08737,-9.45819],[33.08747,-9.4583],[33.08771,-9.45798],[33.08783,-9.45792],[33.08801,-9.45781],[33.08843,-9.4573],[33.08861,-9.45705]]},"properties":{"id":796871254,"cls":"path","hw":"path","tg":"na","name":"","ref":"","surface":"","sc":"unknown","speed":null,"lit":"unk","km":0.252}},
{"type":"Feature","geometry":{"type":"LineString","coordinates":[[33.08891,-9.45757],[33.08892,-9.45779],[33.08891,-9.45797],[33.08875,-9.45852],[33.08872,-9.45872],[33.08871,-9.45875],[33.08859,-9.45888],[33.08845,-9.45885],[33.08815,-9.45912],[33.08806,-9.45929]]},"properties":{"id":796871257,"cls":"path","hw":"path","tg":"na","name":"","ref":"","surface":"","sc":"unknown","speed":null,"lit":"unk","km":0.235}},
{"type":"Feature","geometry":{"type":"LineString","coordinates":[[33.08872,-9.45872],[33.0889,-9.45904],[33.08842,-9.45955],[33.08812,-9.45937]]},"properties":{"id":796871260,"cls":"path","hw":"path","tg":"na","name":"","ref":"","surface":"","sc":"unknown","speed":null,"lit":"unk","km":0.157}},
{"type":"Feature","geometry":{"type":"LineString","coordinates":[[33.09039,-9.45639],[33.09012,-9.45677],[33.09002,-9.45684],[33.08954,-9.45748],[33.08938,-9.45777]]},"properties":{"id":796871269,"cls":"path","hw":"path","tg":"na","name":"","ref":"","surface":"","sc":"unknown","speed":null,"lit":"unk","km":0.19}},
{"type":"Feature","geometry":{"type":"LineString","coordinates":[[33.08878,-9.46746],[33.08849,-9.46741],[33.08848,-9.46752],[33.08785,-9.46754]]},"properties":{"id":796871287,"cls":"path","hw":"path","tg":"na","name":"","ref":"","surface":"","sc":"unknown","speed":null,"lit":"unk","km":0.114}},
{"type":"Feature","geometry":{"type":"LineString","coordinates":[[33.08893,-9.46939],[33.08892,-9.46929],[33.08901,-9.46928]]},"properties":{"id":796871294,"cls":"path","hw":"path","tg":"na","name":"","ref":"","surface":"","sc":"unknown","speed":null,"lit":"unk","km":0.021}},
{"type":"Feature","geometry":{"type":"LineString","coordinates":[[33.05512,-9.42028],[33.05482,-9.42039],[33.05464,-9.42052],[33.0544,-9.42059],[33.05421,-9.42061],[33.05404,-9.42073],[33.05374,-9.42081],[33.05348,-9.4208],[33.0532,-9.42086],[33.05307,-9.42095],[33.05301,-9.42131],[33.05275,-9.42143],[33.0525,-9.42155],[33.05237,-9.42163],[33.05215,-9.42192],[33.05172,-9.42251],[33.05168,-9.42263]]},"properties":{"id":796922548,"cls":"track","hw":"track","tg":"none","name":"","ref":"","surface":"","sc":"unknown","speed":null,"lit":"unk","km":0.497}},
{"type":"Feature","geometry":{"type":"LineString","coordinates":[[33.05461,-9.46196],[33.05487,-9.46165],[33.05503,-9.46162],[33.05497,-9.46138]]},"properties":{"id":797681878,"cls":"path","hw":"path","tg":"na","name":"","ref":"","surface":"","sc":"unknown","speed":null,"lit":"unk","km":0.09}},
{"type":"Feature","geometry":{"type":"LineString","coordinates":[[33.05497,-9.46138],[33.05492,-9.46127],[33.05595,-9.46086]]},"properties":{"id":797681879,"cls":"path","hw":"path","tg":"na","name":"","ref":"","surface":"","sc":"unknown","speed":null,"lit":"unk","km":0.135}},
{"type":"Feature","geometry":{"type":"LineString","coordinates":[[33.05595,-9.46086],[33.05619,-9.46087],[33.05634,-9.46116]]},"properties":{"id":797681886,"cls":"path","hw":"path","tg":"na","name":"","ref":"","surface":"","sc":"unknown","speed":null,"lit":"unk","km":0.063}},
{"type":"Feature","geometry":{"type":"LineString","coordinates":[[33.05461,-9.46196],[33.05403,-9.46223],[33.05399,-9.46234]]},"properties":{"id":797681887,"cls":"path","hw":"path","tg":"na","name":"","ref":"","surface":"","sc":"unknown","speed":null,"lit":"unk","km":0.083}},
{"type":"Feature","geometry":{"type":"LineString","coordinates":[[33.05461,-9.46196],[33.05446,-9.46262],[33.05448,-9.46327]]},"properties":{"id":797681891,"cls":"path","hw":"path","tg":"na","name":"","ref":"","surface":"","sc":"unknown","speed":null,"lit":"unk","km":0.148}},
{"type":"Feature","geometry":{"type":"LineString","coordinates":[[33.05433,-9.46347],[33.05444,-9.46355],[33.0545,-9.46359],[33.0546,-9.46357],[33.05469,-9.46362]]},"properties":{"id":797685388,"cls":"path","hw":"path","tg":"na","name":"","ref":"","surface":"","sc":"unknown","speed":null,"lit":"unk","km":0.045}},
{"type":"Feature","geometry":{"type":"LineString","coordinates":[[33.05448,-9.46327],[33.05433,-9.46347]]},"properties":{"id":797685390,"cls":"path","hw":"path","tg":"na","name":"","ref":"","surface":"","sc":"unknown","speed":null,"lit":"unk","km":0.028}},
{"type":"Feature","geometry":{"type":"LineString","coordinates":[[33.04527,-9.47032],[33.04525,-9.47001],[33.04525,-9.46995]]},"properties":{"id":797691580,"cls":"path","hw":"path","tg":"na","name":"","ref":"","surface":"","sc":"unknown","speed":null,"lit":"unk","km":0.041}},
{"type":"Feature","geometry":{"type":"LineString","coordinates":[[33.04525,-9.47001],[33.04514,-9.47006],[33.04498,-9.46995],[33.04495,-9.46996],[33.04486,-9.46991],[33.04482,-9.46989],[33.04473,-9.46992],[33.04469,-9.4699],[33.04457,-9.46989],[33.04447,-9.46986],[33.04444,-9.46988],[33.04439,-9.46986],[33.04436,-9.46987],[33.0443,-9.46987],[33.04424,-9.46984],[33.04409,-9.4698],[33.04402,-9.46979],[33.04387,-9.4698],[33.04375,-9.4698],[33.04366,-9.46984]]},"properties":{"id":797691581,"cls":"path","hw":"path","tg":"na","name":"","ref":"","surface":"","sc":"unknown","speed":null,"lit":"unk","km":0.187}},
{"type":"Feature","geometry":{"type":"LineString","coordinates":[[33.04384,-9.46753],[33.04371,-9.4676],[33.04358,-9.46763],[33.04342,-9.46783],[33.04327,-9.46809],[33.04318,-9.46821],[33.04286,-9.46856],[33.04268,-9.4689]]},"properties":{"id":797691586,"cls":"path","hw":"path","tg":"na","name":"","ref":"","surface":"","sc":"unknown","speed":null,"lit":"unk","km":0.204}},
{"type":"Feature","geometry":{"type":"LineString","coordinates":[[33.07394,-9.4354],[33.0744,-9.43568],[33.07445,-9.43578],[33.0744,-9.43614],[33.07439,-9.43621],[33.07452,-9.43637],[33.07442,-9.43695],[33.07445,-9.43714],[33.07444,-9.43746],[33.0744,-9.43761],[33.07439,-9.43773],[33.07429,-9.43812],[33.07435,-9.43821],[33.07417,-9.43881],[33.07438,-9.43889],[33.07469,-9.43901],[33.07497,-9.43915],[33.075,-9.43923],[33.07492,-9.43952]]},"properties":{"id":797832796,"cls":"unclassified","hw":"unclassified","tg":"na","name":"","ref":"","surface":"","sc":"unknown","speed":null,"lit":"unk","km":0.561}},
{"type":"Feature","geometry":{"type":"LineString","coordinates":[[33.07466,-9.43349],[33.07454,-9.43362],[33.0745,-9.43364],[33.07439,-9.43372],[33.0743,-9.43399],[33.07416,-9.43449],[33.07394,-9.4354],[33.07384,-9.43555],[33.07363,-9.43601],[33.07339,-9.43652],[33.07329,-9.43672],[33.07312,-9.43699],[33.07288,-9.43732],[33.07278,-9.43737],[33.07268,-9.43749],[33.07232,-9.43765],[33.07211,-9.43788],[33.07183,-9.43819],[33.07164,-9.43828],[33.07131,-9.43872],[33.07112,-9.43892],[33.0709,-9.43907],[33.07074,-9.43911],[33.07058,-9.4392],[33.07051,-9.43923]]},"properties":{"id":797832820,"cls":"unclassified","hw":"unclassified","tg":"na","name":"","ref":"","surface":"","sc":"unknown","speed":null,"lit":"unk","km":0.821}},
{"type":"Feature","geometry":{"type":"LineString","coordinates":[[33.0743,-9.43144],[33.07417,-9.43167],[33.0738,-9.43228],[33.0736,-9.43224],[33.07329,-9.43257],[33.07312,-9.43292],[33.07307,-9.433],[33.07273,-9.43335],[33.07259,-9.43353],[33.07255,-9.43363],[33.0723,-9.4339],[33.07187,-9.43425],[33.07174,-9.4344],[33.0716,-9.43472],[33.0715,-9.43496],[33.07133,-9.43515],[33.07112,-9.43545],[33.07077,-9.43609],[33.07069,-9.43625],[33.0705,-9.43631],[33.07032,-9.43651],[33.07011,-9.43675],[33.06982,-9.43691],[33.06941,-9.43727],[33.06931,-9.43745],[33.06906,-9.43778],[33.06893,-9.4379],[33.06887,-9.43797],[33.06871,-9.43803]]},"properties":{"id":797832821,"cls":"unclassified","hw":"unclassified","tg":"na","name":"","ref":"","surface":"","sc":"unknown","speed":null,"lit":"unk","km":0.987}},
{"type":"Feature","geometry":{"type":"LineString","coordinates":[[33.07506,-9.42742],[33.07457,-9.42751],[33.07445,-9.42755],[33.07428,-9.42756],[33.0741,-9.42765],[33.07387,-9.42769],[33.07358,-9.42805],[33.07338,-9.42816],[33.07337,-9.42818],[33.07319,-9.42838],[33.07307,-9.4285],[33.07297,-9.42876],[33.07293,-9.42878],[33.07265,-9.42901],[33.07257,-9.42906],[33.07242,-9.42905],[33.07228,-9.42911],[33.07212,-9.42935],[33.072,-9.42952],[33.07183,-9.42974],[33.07142,-9.43005],[33.07116,-9.43016],[33.07106,-9.4302],[33.07092,-9.43032],[33.07085,-9.43037],[33.0706,-9.43041],[33.07037,-9.43054],[33.07014,-9.4306],[33.06985,-9.43092],[33.06971,-9.43108],[33.06956,-9.43135],[33.06937,-9.43165],[33.06932,-9.43188],[33.06919,-9.43207],[33.0691,-9.43229],[33.06901,-9.43257],[33.06878,-9.43269],[33.0685,-9.43281],[33.06803,-9.43299]]},"properties":{"id":797832822,"cls":"unclassified","hw":"unclassified","tg":"na","name":"","ref":"","surface":"","sc":"unknown","speed":null,"lit":"unk","km":1.053}},
{"type":"Feature","geometry":{"type":"LineString","coordinates":[[33.07511,-9.42733],[33.07506,-9.42742],[33.07485,-9.4278],[33.07483,-9.42789],[33.07472,-9.42809],[33.07457,-9.42841],[33.07456,-9.42844],[33.07441,-9.42889],[33.07438,-9.42935],[33.07437,-9.42953],[33.07437,-9.43009],[33.07436,-9.43033],[33.0743,-9.43104],[33.0743,-9.43144],[33.0743,-9.43149],[33.07432,-9.43234],[33.07442,-9.43282],[33.07446,-9.43297],[33.07453,-9.43314],[33.07454,-9.43318],[33.07466,-9.43349],[33.075,-9.43414],[33.07544,-9.43478],[33.0759,-9.43515],[33.07619,-9.4354],[33.07638,-9.43554],[33.07686,-9.436],[33.0772,-9.43628],[33.07818,-9.43715],[33.079,-9.4379],[33.0792,-9.43812],[33.07939,-9.43831],[33.07953,-9.43854],[33.07964,-9.43876],[33.07967,-9.43881],[33.0797,-9.43887],[33.07988,-9.43919],[33.07992,-9.43929],[33.08001,-9.43933],[33.08001,-9.43933],[33.08029,-9.43946],[33.08014,-9.43994],[33.07999,-9.44019],[33.08001,-9.44063],[33.07995,-9.4411],[33.07982,-9.44162]]},"properties":{"id":797832823,"cls":"unclassified","hw":"unclassified","tg":"na","name":"","ref":"","surface":"","sc":"unknown","speed":null,"lit":"unk","km":1.878}},
{"type":"Feature","geometry":{"type":"LineString","coordinates":[[33.08199,-9.43158],[33.08206,-9.43178],[33.08214,-9.43199],[33.08219,-9.43229],[33.08215,-9.43255],[33.08223,-9.4328],[33.08228,-9.43289],[33.08231,-9.43297],[33.0824,-9.43312],[33.08241,-9.43323],[33.08255,-9.43346],[33.08267,-9.43365],[33.08273,-9.43382],[33.08275,-9.43419],[33.08276,-9.43431],[33.08284,-9.43447],[33.08284,-9.43452],[33.08275,-9.43465],[33.08268,-9.43475],[33.08268,-9.43483],[33.0827,-9.43486],[33.08269,-9.43491],[33.08272,-9.43499],[33.08272,-9.43504],[33.08272,-9.4351],[33.08267,-9.43521],[33.08269,-9.43551],[33.08266,-9.4356],[33.08263,-9.43567],[33.08263,-9.43583],[33.08256,-9.43614],[33.08252,-9.43671],[33.08252,-9.43698],[33.08267,-9.4373],[33.08264,-9.43743],[33.08289,-9.43792],[33.08297,-9.43816],[33.08295,-9.43832],[33.08299,-9.43853],[33.08297,-9.43864],[33.08303,-9.43884],[33.08301,-9.43895],[33.08303,-9.43901],[33.0831,-9.4392],[33.08313,-9.43934],[33.08313,-9.43941],[33.08346,-9.4411],[33.08404,-9.44193],[33.08414,-9.44217],[33.08431,-9.44305],[33.08459,-9.44345],[33.08471,-9.44445],[33.08507,-9.44544],[33.08485,-9.44594],[33.08524,-9.44672],[33.08597,-9.44725],[33.08637,-9.44778],[33.08777,-9.44857],[33.08799,-9.44863],[33.08831,-9.44862],[33.08837,-9.44885],[33.08882,-9.44859],[33.08919,-9.4482],[33.08994,-9.44694],[33.09013,-9.4465],[33.09043,-9.44521],[33.09089,-9.44453],[33.09132,-9.44347],[33.0913,-9.44289],[33.09104,-9.44125],[33.09095,-9.44101],[33.09076,-9.43984],[33.09054,-9.4394]]},"properties":{"id":797926199,"cls":"path","hw":"path","tg":"na","name":"","ref":"","surface":"","sc":"unknown","speed":null,"lit":"unk","km":3.388}},
{"type":"Feature","geometry":{"type":"LineString","coordinates":[[33.02388,-9.45109],[33.02402,-9.4511],[33.0242,-9.45105],[33.02457,-9.45091],[33.02476,-9.45087],[33.02487,-9.45083],[33.02508,-9.45078],[33.02517,-9.45076]]},"properties":{"id":798010158,"cls":"path","hw":"path","tg":"na","name":"","ref":"","surface":"","sc":"unknown","speed":null,"lit":"unk","km":0.147}},
{"type":"Feature","geometry":{"type":"LineString","coordinates":[[33.0239,-9.44956],[33.02392,-9.4497],[33.02393,-9.44975],[33.02401,-9.44987],[33.02402,-9.45004],[33.02403,-9.45013],[33.024,-9.45027],[33.02405,-9.45038],[33.02403,-9.45055],[33.02404,-9.45064],[33.02394,-9.45083],[33.02391,-9.4509],[33.0239,-9.45106],[33.02388,-9.45109],[33.02374,-9.45119],[33.02374,-9.4513],[33.02374,-9.45149],[33.02369,-9.45164]]},"properties":{"id":798010159,"cls":"path","hw":"path","tg":"na","name":"","ref":"","surface":"","sc":"unknown","speed":null,"lit":"unk","km":0.249}},
{"type":"Feature","geometry":{"type":"LineString","coordinates":[[33.02403,-9.44933],[33.0242,-9.44922],[33.02426,-9.44918],[33.02433,-9.44909],[33.02437,-9.44898]]},"properties":{"id":798010160,"cls":"path","hw":"path","tg":"na","name":"","ref":"","surface":"","sc":"unknown","speed":null,"lit":"unk","km":0.056}},
{"type":"Feature","geometry":{"type":"LineString","coordinates":[[33.01701,-9.45037],[33.01698,-9.45056],[33.0169,-9.4508],[33.01684,-9.45091],[33.01681,-9.45099],[33.01675,-9.45109],[33.01671,-9.45117]]},"properties":{"id":798010161,"cls":"path","hw":"path","tg":"na","name":"","ref":"","surface":"","sc":"unknown","speed":null,"lit":"unk","km":0.096}},
{"type":"Feature","geometry":{"type":"LineString","coordinates":[[33.01962,-9.45349],[33.01973,-9.4533],[33.01978,-9.45317],[33.01983,-9.45301],[33.01975,-9.45289],[33.01973,-9.45274],[33.0196,-9.45252],[33.01948,-9.45234],[33.01946,-9.45223],[33.01937,-9.4521],[33.01932,-9.4519],[33.01929,-9.45161],[33.01921,-9.45143],[33.01908,-9.45115],[33.01891,-9.45094],[33.01879,-9.45066],[33.01867,-9.45046],[33.01859,-9.45019],[33.01854,-9.44987],[33.0185,-9.4497],[33.0184,-9.4496],[33.01837,-9.44957],[33.01829,-9.44943],[33.01817,-9.44926],[33.01813,-9.44924],[33.01805,-9.44889],[33.01804,-9.44886],[33.01794,-9.44859],[33.01797,-9.44844],[33.01804,-9.44827],[33.01815,-9.4481],[33.01812,-9.44796],[33.01818,-9.44777],[33.01829,-9.44759],[33.01839,-9.44726],[33.01842,-9.44682],[33.01839,-9.44658]]},"properties":{"id":798010162,"cls":"track","hw":"track","tg":"none","name":"","ref":"","surface":"","sc":"unknown","speed":null,"lit":"unk","km":0.838}},
{"type":"Feature","geometry":{"type":"LineString","coordinates":[[33.01952,-9.45381],[33.0194,-9.45394],[33.01941,-9.45436],[33.01937,-9.45454],[33.01944,-9.45472],[33.01948,-9.45494],[33.01948,-9.45515],[33.01953,-9.4553],[33.0196,-9.45544],[33.0197,-9.45555],[33.01975,-9.45561],[33.01977,-9.45571],[33.01974,-9.45583]]},"properties":{"id":798010163,"cls":"path","hw":"path","tg":"na","name":"","ref":"","surface":"","sc":"unknown","speed":null,"lit":"unk","km":0.241}},
{"type":"Feature","geometry":{"type":"LineString","coordinates":[[33.01968,-9.45361],[33.01952,-9.45381],[33.01933,-9.45389],[33.01922,-9.45393],[33.019,-9.45405],[33.0189,-9.45412],[33.01869,-9.45422],[33.0185,-9.45435],[33.01817,-9.45458],[33.01805,-9.45463],[33.01799,-9.45469],[33.01798,-9.45476],[33.01798,-9.45482]]},"properties":{"id":798010164,"cls":"path","hw":"path","tg":"na","name":"","ref":"","surface":"","sc":"unknown","speed":null,"lit":"unk","km":0.238}},
{"type":"Feature","geometry":{"type":"LineString","coordinates":[[33.00995,-9.46351],[33.01001,-9.46377],[33.01018,-9.46395],[33.01041,-9.46431],[33.0106,-9.4645],[33.01068,-9.46461]]},"properties":{"id":798010169,"cls":"path","hw":"path","tg":"na","name":"","ref":"","surface":"","sc":"unknown","speed":null,"lit":"unk","km":0.149}},
{"type":"Feature","geometry":{"type":"LineString","coordinates":[[33.01276,-9.45611],[33.01276,-9.45637],[33.01301,-9.45667],[33.01306,-9.45701],[33.01291,-9.45755],[33.01281,-9.45786],[33.0128,-9.45788],[33.01275,-9.45811],[33.01267,-9.45831],[33.01256,-9.45863],[33.01249,-9.45877],[33.01233,-9.45892],[33.01219,-9.45898],[33.01213,-9.4591],[33.012,-9.45927],[33.01193,-9.45932],[33.01185,-9.45944],[33.01172,-9.45952],[33.01158,-9.45954],[33.01134,-9.4596],[33.01111,-9.45969],[33.01096,-9.45981],[33.01066,-9.45991],[33.01058,-9.46002],[33.01041,-9.46031],[33.01018,-9.46074],[33.01008,-9.46099],[33.00995,-9.46109],[33.0097,-9.4612],[33.00953,-9.46128],[33.00942,-9.46141],[33.00935,-9.46154],[33.00937,-9.46186],[33.00946,-9.46231],[33.00958,-9.46263],[33.00966,-9.46285],[33.00972,-9.46312],[33.00977,-9.46329],[33.00982,-9.46334]]},"properties":{"id":798010170,"cls":"path","hw":"path","tg":"na","name":"","ref":"","surface":"","sc":"unknown","speed":null,"lit":"unk","km":1.013}},
{"type":"Feature","geometry":{"type":"LineString","coordinates":[[33.01107,-9.45834],[33.01109,-9.45843],[33.01111,-9.45849],[33.01128,-9.45878],[33.01141,-9.45891],[33.01174,-9.45917],[33.01193,-9.45932],[33.012,-9.45941],[33.01209,-9.4596],[33.01218,-9.45973],[33.01233,-9.4599],[33.01238,-9.46002],[33.0124,-9.46012],[33.01242,-9.46021],[33.01238,-9.46031],[33.01233,-9.46039],[33.01234,-9.46049]]},"properties":{"id":798010172,"cls":"path","hw":"path","tg":"na","name":"","ref":"","surface":"","sc":"unknown","speed":null,"lit":"unk","km":0.296}},
{"type":"Feature","geometry":{"type":"LineString","coordinates":[[33.01094,-9.45698],[33.01097,-9.45747],[33.01105,-9.45752],[33.01107,-9.45781],[33.01109,-9.45817],[33.01107,-9.45834],[33.01096,-9.45849],[33.01093,-9.4586]]},"properties":{"id":798010173,"cls":"path","hw":"path","tg":"na","name":"","ref":"","surface":"","sc":"unknown","speed":null,"lit":"unk","km":0.19}},
{"type":"Feature","geometry":{"type":"LineString","coordinates":[[33.01291,-9.45579],[33.01285,-9.45595],[33.01279,-9.4561],[33.01276,-9.45611],[33.01257,-9.45619],[33.01248,-9.45626],[33.01198,-9.45651],[33.01193,-9.45652],[33.01162,-9.4567],[33.01144,-9.45678],[33.01113,-9.4569],[33.01103,-9.45693],[33.01094,-9.45698],[33.01089,-9.4571],[33.01079,-9.45709],[33.01045,-9.45703],[33.01029,-9.45696],[33.01008,-9.45692],[33.00982,-9.45685],[33.00973,-9.45676]]},"properties":{"id":798010174,"cls":"path","hw":"path","tg":"na","name":"","ref":"","surface":"","sc":"unknown","speed":null,"lit":"unk","km":0.413}},
{"type":"Feature","geometry":{"type":"LineString","coordinates":[[33.0127,-9.45371],[33.0127,-9.45382],[33.01273,-9.45398],[33.01274,-9.45418],[33.01286,-9.45453],[33.01287,-9.45479],[33.01294,-9.45503],[33.01295,-9.45515],[33.01299,-9.45532],[33.01297,-9.45546],[33.01295,-9.45562],[33.01293,-9.4557]]},"properties":{"id":798010175,"cls":"path","hw":"path","tg":"na","name":"","ref":"","surface":"","sc":"unknown","speed":null,"lit":"unk","km":0.226}},
{"type":"Feature","geometry":{"type":"LineString","coordinates":[[33.01778,-9.44914],[33.01755,-9.44954],[33.01734,-9.44993],[33.01713,-9.45025],[33.01701,-9.45037],[33.01692,-9.45046],[33.0166,-9.45085],[33.01649,-9.45097],[33.0163,-9.45121],[33.01622,-9.45131],[33.01605,-9.45167],[33.0158,-9.4519],[33.01558,-9.45197],[33.01534,-9.45194],[33.01503,-9.452],[33.01485,-9.45208],[33.01453,-9.45218],[33.01439,-9.45218],[33.01426,-9.45239],[33.01422,-9.45253],[33.01412,-9.45262],[33.01391,-9.4528],[33.01382,-9.45292],[33.0137,-9.45304],[33.01344,-9.45317],[33.01328,-9.45331],[33.01319,-9.45336],[33.01295,-9.4535],[33.01285,-9.45356],[33.0127,-9.4537],[33.0127,-9.45371],[33.01245,-9.45384],[33.01228,-9.454],[33.01209,-9.45411],[33.01206,-9.45412],[33.01189,-9.45425],[33.01171,-9.45434],[33.01156,-9.45442],[33.01143,-9.45445],[33.01139,-9.45447],[33.01132,-9.45447],[33.01125,-9.45448],[33.01117,-9.4545],[33.01114,-9.45455],[33.01103,-9.45462]]},"properties":{"id":798010176,"cls":"path","hw":"path","tg":"na","name":"","ref":"","surface":"","sc":"unknown","speed":null,"lit":"unk","km":1.011}},
{"type":"Feature","geometry":{"type":"LineString","coordinates":[[33.01469,-9.46145],[33.01487,-9.46158],[33.01502,-9.46167],[33.01513,-9.46177],[33.01524,-9.46187],[33.0157,-9.46217],[33.01607,-9.46238],[33.01649,-9.46264],[33.01689,-9.46285],[33.0173,-9.4631],[33.01773,-9.46339],[33.01824,-9.46376],[33.0184,-9.46391],[33.01855,-9.4639],[33.01867,-9.46387],[33.01905,-9.46399]]},"properties":{"id":798010178,"cls":"path","hw":"path","tg":"na","name":"","ref":"","surface":"","sc":"unknown","speed":null,"lit":"unk","km":0.565}},
{"type":"Feature","geometry":{"type":"LineString","coordinates":[[33.02075,-9.45478],[33.02105,-9.45494],[33.02138,-9.45516],[33.02165,-9.45542],[33.02173,-9.45555]]},"properties":{"id":798010179,"cls":"unclassified","hw":"unclassified","tg":"na","name":"","ref":"","surface":"","sc":"unknown","speed":null,"lit":"unk","km":0.139}},
{"type":"Feature","geometry":{"type":"LineString","coordinates":[[33.01195,-9.44876],[33.01238,-9.44914],[33.01244,-9.44917],[33.01281,-9.44936],[33.01299,-9.4495],[33.01309,-9.44957],[33.01347,-9.44969],[33.01376,-9.44969],[33.01404,-9.44977],[33.01432,-9.44997],[33.01441,-9.45006],[33.01459,-9.45021],[33.01481,-9.45033],[33.01498,-9.45049],[33.01511,-9.45078],[33.01522,-9.45089],[33.01593,-9.45121],[33.01622,-9.45131],[33.01625,-9.45132],[33.01665,-9.45145],[33.0167,-9.45148],[33.01701,-9.45171],[33.0171,-9.45174],[33.01742,-9.45177],[33.01779,-9.45192],[33.0183,-9.45228],[33.01877,-9.45258],[33.01882,-9.45263],[33.0191,-9.4529],[33.01933,-9.45308],[33.01962,-9.45349],[33.01968,-9.45361],[33.01988,-9.45383],[33.02006,-9.45403],[33.02033,-9.45426],[33.02053,-9.4545],[33.02062,-9.45463],[33.02075,-9.45478]]},"properties":{"id":798010180,"cls":"unclassified","hw":"unclassified","tg":"na","name":"","ref":"","surface":"","sc":"unknown","speed":null,"lit":"unk","km":1.213}},
{"type":"Feature","geometry":{"type":"LineString","coordinates":[[33.0196,-9.45758],[33.0198,-9.4578],[33.01969,-9.45814],[33.01966,-9.45826],[33.01991,-9.45848],[33.0201,-9.45864],[33.02019,-9.45873]]},"properties":{"id":798016018,"cls":"path","hw":"path","tg":"na","name":"","ref":"","surface":"","sc":"unknown","speed":null,"lit":"unk","km":0.164}},
{"type":"Feature","geometry":{"type":"LineString","coordinates":[[33.01066,-9.45991],[33.0108,-9.45975],[33.01082,-9.45951],[33.01083,-9.45943],[33.0108,-9.45935],[33.01082,-9.4592],[33.01083,-9.45904],[33.01084,-9.45883]]},"properties":{"id":798018289,"cls":"path","hw":"path","tg":"na","name":"","ref":"","surface":"","sc":"unknown","speed":null,"lit":"unk","km":0.127}},
{"type":"Feature","geometry":{"type":"LineString","coordinates":[[33.11284,-9.46007],[33.11288,-9.46],[33.11293,-9.45996],[33.11299,-9.45993],[33.113,-9.45989],[33.11301,-9.45986],[33.11303,-9.45985],[33.11306,-9.45982],[33.11307,-9.45979],[33.1131,-9.45973],[33.11313,-9.45968],[33.11315,-9.45965],[33.1132,-9.4596],[33.11322,-9.45957],[33.11324,-9.45955],[33.11328,-9.4595],[33.1133,-9.45946],[33.11332,-9.45943],[33.11332,-9.4594],[33.11332,-9.45936],[33.11333,-9.45932],[33.11334,-9.45928],[33.11336,-9.45926]]},"properties":{"id":798022491,"cls":"path","hw":"path","tg":"na","name":"","ref":"","surface":"","sc":"unknown","speed":null,"lit":"unk","km":0.111}},
{"type":"Feature","geometry":{"type":"LineString","coordinates":[[33.11729,-9.46623],[33.11737,-9.46618],[33.11744,-9.46618],[33.11753,-9.46614],[33.11764,-9.46608],[33.11776,-9.46601],[33.11787,-9.46594],[33.11794,-9.46586],[33.11801,-9.46577],[33.11806,-9.46564],[33.11812,-9.46554],[33.11823,-9.46543],[33.11834,-9.46533],[33.11841,-9.46522],[33.1185,-9.46515],[33.11863,-9.46512],[33.11882,-9.46503],[33.11903,-9.46496],[33.11914,-9.46489],[33.11927,-9.46479],[33.11934,-9.46471],[33.11941,-9.46466],[33.11952,-9.46458],[33.11964,-9.4645],[33.11975,-9.46445],[33.11989,-9.46434],[33.12002,-9.46428],[33.12012,-9.46424],[33.12017,-9.46423],[33.12029,-9.46421],[33.12041,-9.46414],[33.1205,-9.46404],[33.12059,-9.46395],[33.12065,-9.46398],[33.12078,-9.46402],[33.12085,-9.46402],[33.12093,-9.464],[33.12107,-9.46395],[33.12116,-9.4639],[33.12119,-9.46392],[33.12125,-9.46393],[33.12131,-9.46391],[33.12137,-9.46388],[33.12139,-9.46385],[33.12141,-9.46382],[33.12146,-9.46378]]},"properties":{"id":798022499,"cls":"path","hw":"path","tg":"na","name":"","ref":"","surface":"","sc":"unknown","speed":null,"lit":"unk","km":0.563}},
{"type":"Feature","geometry":{"type":"LineString","coordinates":[[33.11347,-9.46362],[33.11359,-9.46373],[33.11369,-9.46384],[33.11381,-9.46392],[33.11408,-9.46411],[33.11436,-9.46433],[33.11449,-9.46443],[33.11454,-9.46444],[33.11462,-9.46443],[33.11473,-9.46443],[33.11495,-9.46449],[33.11509,-9.46453],[33.11521,-9.46454],[33.1153,-9.4645],[33.11536,-9.46444],[33.11546,-9.46437],[33.11558,-9.46431],[33.11562,-9.46429],[33.11572,-9.46426],[33.11581,-9.46421],[33.1159,-9.46417],[33.11597,-9.46411],[33.11607,-9.46406],[33.11617,-9.46406],[33.11625,-9.46408],[33.11631,-9.4641],[33.1164,-9.46411],[33.11646,-9.4641],[33.11653,-9.46408],[33.11662,-9.46405],[33.11668,-9.464],[33.11677,-9.46394],[33.11685,-9.46389],[33.11695,-9.46386],[33.11707,-9.46384],[33.11722,-9.46385],[33.11728,-9.46382],[33.11737,-9.46379],[33.11747,-9.46374],[33.11756,-9.4637],[33.11764,-9.46367],[33.11773,-9.46365],[33.11784,-9.46365],[33.11793,-9.46366],[33.11802,-9.46367],[33.11815,-9.46366],[33.11823,-9.46365],[33.11833,-9.46364],[33.11843,-9.46362],[33.1186,-9.46364],[33.11874,-9.46365],[33.11884,-9.46366],[33.11902,-9.46371],[33.11911,-9.46372],[33.11922,-9.46373],[33.1193,-9.46372],[33.11943,-9.4637],[33.11949,-9.46369],[33.11956,-9.46369],[33.11963,-9.46372],[33.11971,-9.46374],[33.11986,-9.46378],[33.11997,-9.46382],[33.12014,-9.46382],[33.12023,-9.46384],[33.12034,-9.46387],[33.12059,-9.46395]]},"properties":{"id":798022513,"cls":"path","hw":"path","tg":"na","name":"","ref":"","surface":"","sc":"unknown","speed":null,"lit":"unk","km":0.849}},
{"type":"Feature","geometry":{"type":"LineString","coordinates":[[33.12312,-9.46452],[33.12309,-9.46464],[33.12306,-9.46472],[33.12298,-9.4648],[33.12287,-9.46487],[33.12275,-9.46491],[33.12265,-9.46497],[33.12256,-9.46503],[33.12248,-9.46507],[33.12239,-9.46504],[33.12233,-9.46504],[33.12229,-9.46508],[33.12218,-9.46511],[33.12205,-9.46515],[33.12197,-9.4652],[33.12195,-9.46526],[33.1219,-9.46531],[33.12183,-9.46536],[33.12176,-9.46542],[33.12173,-9.46546],[33.12157,-9.46563],[33.12138,-9.46582],[33.12137,-9.46589],[33.12132,-9.46594],[33.12128,-9.46598],[33.12123,-9.46602],[33.12119,-9.46614],[33.12118,-9.46622],[33.12119,-9.46633],[33.12119,-9.46641],[33.1212,-9.46649],[33.12119,-9.46658],[33.12117,-9.46665],[33.12118,-9.46667]]},"properties":{"id":798022541,"cls":"path","hw":"path","tg":"na","name":"","ref":"","surface":"","sc":"unknown","speed":null,"lit":"unk","km":0.358}},
{"type":"Feature","geometry":{"type":"LineString","coordinates":[[33.12118,-9.46667],[33.12105,-9.46682],[33.12107,-9.46698],[33.12111,-9.46723],[33.12114,-9.46737],[33.1211,-9.46757],[33.12104,-9.46781],[33.12104,-9.46803],[33.12101,-9.46823],[33.12096,-9.46848],[33.12088,-9.46857],[33.12075,-9.4687],[33.12059,-9.46884],[33.12052,-9.46892],[33.12039,-9.4689],[33.12025,-9.4689],[33.1202,-9.46898],[33.12001,-9.46921],[33.11992,-9.46939],[33.1198,-9.46951],[33.11958,-9.46964],[33.11938,-9.46978],[33.11922,-9.46992],[33.11909,-9.47002],[33.11905,-9.47012],[33.11901,-9.47018],[33.11896,-9.47021]]},"properties":{"id":798022624,"cls":"path","hw":"path","tg":"na","name":"","ref":"","surface":"","sc":"unknown","speed":null,"lit":"unk","km":0.515}},
{"type":"Feature","geometry":{"type":"LineString","coordinates":[[33.12137,-9.46839],[33.12136,-9.46848],[33.1213,-9.4686],[33.12123,-9.46882],[33.12118,-9.46902],[33.12118,-9.46916],[33.12114,-9.46928],[33.12105,-9.46943],[33.121,-9.46948],[33.12096,-9.4696],[33.12093,-9.46971],[33.12087,-9.46988],[33.12079,-9.47005],[33.12069,-9.47023],[33.12065,-9.47031],[33.1206,-9.47033],[33.12054,-9.47039],[33.12051,-9.47044],[33.12057,-9.4705],[33.12067,-9.47056],[33.12073,-9.47061],[33.1208,-9.47069],[33.12084,-9.47074],[33.12088,-9.47078],[33.12095,-9.47087],[33.121,-9.471],[33.12108,-9.47114],[33.12116,-9.47124],[33.1213,-9.47131],[33.12137,-9.4713]]},"properties":{"id":798022625,"cls":"path","hw":"path","tg":"na","name":"","ref":"","surface":"","sc":"unknown","speed":null,"lit":"unk","km":0.393}},
{"type":"Feature","geometry":{"type":"LineString","coordinates":[[33.02244,-9.44882],[33.02259,-9.44897]]},"properties":{"id":798048860,"cls":"path","hw":"path","tg":"na","name":"","ref":"","surface":"","sc":"unknown","speed":null,"lit":"unk","km":0.023}},
{"type":"Feature","geometry":{"type":"LineString","coordinates":[[33.00829,-9.46588],[33.0083,-9.46576],[33.00833,-9.46561],[33.00833,-9.46556],[33.00838,-9.46546],[33.0084,-9.46538]]},"properties":{"id":798048861,"cls":"path","hw":"path","tg":"na","name":"","ref":"","surface":"","sc":"unknown","speed":null,"lit":"unk","km":0.058}},
{"type":"Feature","geometry":{"type":"LineString","coordinates":[[33.00791,-9.46673],[33.00805,-9.4664],[33.00814,-9.46619],[33.00823,-9.466],[33.00829,-9.46588],[33.00841,-9.46572],[33.00843,-9.46565],[33.00868,-9.46544],[33.00897,-9.46534],[33.00922,-9.4652]]},"properties":{"id":798048862,"cls":"path","hw":"path","tg":"na","name":"","ref":"","surface":"","sc":"unknown","speed":null,"lit":"unk","km":0.235}},
{"type":"Feature","geometry":{"type":"LineString","coordinates":[[33.007,-9.46578],[33.0071,-9.46573],[33.00723,-9.46571],[33.00732,-9.46571],[33.00739,-9.4657],[33.00746,-9.46566],[33.00758,-9.4656],[33.0078,-9.46553],[33.0079,-9.46551],[33.00804,-9.46545],[33.0082,-9.46543],[33.0084,-9.46538],[33.00888,-9.46525],[33.00902,-9.46521],[33.00922,-9.4652],[33.00928,-9.4652],[33.00949,-9.46508],[33.00987,-9.46491],[33.01025,-9.46473],[33.01042,-9.46462],[33.01055,-9.46455],[33.0106,-9.4645]]},"properties":{"id":798048863,"cls":"path","hw":"path","tg":"na","name":"","ref":"","surface":"","sc":"unknown","speed":null,"lit":"unk","km":0.426}},
{"type":"Feature","geometry":{"type":"LineString","coordinates":[[33.00823,-9.46798],[33.00854,-9.46822],[33.00857,-9.46833],[33.00861,-9.46845],[33.00866,-9.46857],[33.00876,-9.46866],[33.00887,-9.46875],[33.00894,-9.4688],[33.009,-9.46892],[33.00902,-9.46897],[33.00904,-9.46908],[33.0091,-9.46922],[33.00913,-9.46937],[33.00916,-9.46948],[33.00924,-9.46968],[33.00926,-9.4697],[33.00933,-9.46983],[33.00976,-9.47015],[33.0099,-9.47039],[33.0101,-9.4706],[33.01028,-9.4707],[33.01046,-9.471],[33.01053,-9.47112],[33.01063,-9.47123],[33.01071,-9.47133],[33.01089,-9.47141]]},"properties":{"id":798048867,"cls":"path","hw":"path","tg":"na","name":"","ref":"","surface":"","sc":"unknown","speed":null,"lit":"unk","km":0.499}},
{"type":"Feature","geometry":{"type":"LineString","coordinates":[[33.01798,-9.45482],[33.01786,-9.45496],[33.01775,-9.45504],[33.01763,-9.45512],[33.01752,-9.45532],[33.01749,-9.45536],[33.01754,-9.4555],[33.0176,-9.45565]]},"properties":{"id":798048871,"cls":"path","hw":"path","tg":"na","name":"","ref":"","surface":"","sc":"unknown","speed":null,"lit":"unk","km":0.117}},
{"type":"Feature","geometry":{"type":"LineString","coordinates":[[33.02419,-9.46207],[33.02456,-9.46171],[33.0248,-9.4615],[33.02497,-9.46133]]},"properties":{"id":798048872,"cls":"path","hw":"path","tg":"na","name":"","ref":"","surface":"","sc":"unknown","speed":null,"lit":"unk","km":0.119}},
{"type":"Feature","geometry":{"type":"LineString","coordinates":[[33.02392,-9.4497],[33.02414,-9.44981],[33.02452,-9.44998],[33.0249,-9.45019],[33.02504,-9.4503],[33.02513,-9.45034],[33.0252,-9.45036],[33.02525,-9.45036],[33.0253,-9.45035]]},"properties":{"id":798048873,"cls":"path","hw":"path","tg":"na","name":"","ref":"","surface":"","sc":"unknown","speed":null,"lit":"unk","km":0.17}},
{"type":"Feature","geometry":{"type":"LineString","coordinates":[[33.02117,-9.44937],[33.02134,-9.44918],[33.02145,-9.44902]]},"properties":{"id":798048874,"cls":"path","hw":"path","tg":"na","name":"","ref":"","surface":"","sc":"unknown","speed":null,"lit":"unk","km":0.05}},
{"type":"Feature","geometry":{"type":"LineString","coordinates":[[33.02179,-9.45055],[33.02182,-9.4506],[33.02187,-9.45074],[33.02188,-9.45079],[33.02195,-9.45096],[33.02197,-9.45108],[33.02201,-9.45119],[33.02199,-9.45138],[33.02204,-9.45151],[33.02204,-9.45155],[33.02202,-9.45174],[33.02206,-9.45182],[33.0221,-9.45195],[33.02228,-9.45209],[33.02233,-9.45214],[33.0224,-9.45237],[33.02248,-9.45248],[33.02253,-9.45257],[33.02263,-9.45271]]},"properties":{"id":798048875,"cls":"path","hw":"path","tg":"na","name":"","ref":"","surface":"","sc":"unknown","speed":null,"lit":"unk","km":0.268}},
{"type":"Feature","geometry":{"type":"LineString","coordinates":[[33.02374,-9.45167],[33.02367,-9.45178],[33.02363,-9.45189],[33.02365,-9.45196],[33.02355,-9.45209],[33.02352,-9.45212],[33.02349,-9.45216],[33.02345,-9.4522],[33.02342,-9.45228],[33.02344,-9.45234]]},"properties":{"id":798048877,"cls":"path","hw":"path","tg":"na","name":"","ref":"","surface":"","sc":"unknown","speed":null,"lit":"unk","km":0.087}},
{"type":"Feature","geometry":{"type":"LineString","coordinates":[[33.02382,-9.45171],[33.02396,-9.4514],[33.02401,-9.4513],[33.02404,-9.45119],[33.02409,-9.45117],[33.02413,-9.45113],[33.0242,-9.45105]]},"properties":{"id":798048878,"cls":"path","hw":"path","tg":"na","name":"","ref":"","surface":"","sc":"unknown","speed":null,"lit":"unk","km":0.087}},
{"type":"Feature","geometry":{"type":"LineString","coordinates":[[33.02249,-9.45105],[33.02262,-9.45124],[33.02264,-9.45126],[33.02272,-9.45132],[33.02286,-9.45146],[33.02298,-9.45169],[33.02303,-9.45175],[33.02304,-9.45182],[33.02308,-9.45191],[33.02308,-9.45195],[33.02317,-9.45203],[33.02338,-9.4523],[33.02344,-9.45234],[33.02356,-9.4525],[33.02362,-9.4526],[33.02361,-9.45266],[33.02358,-9.45275],[33.02363,-9.45288],[33.02361,-9.45296],[33.02365,-9.45304],[33.02367,-9.4531]]},"properties":{"id":798048879,"cls":"path","hw":"path","tg":"na","name":"","ref":"","surface":"","sc":"unknown","speed":null,"lit":"unk","km":0.275}},
{"type":"Feature","geometry":{"type":"LineString","coordinates":[[33.0246,-9.45212],[33.02466,-9.45189],[33.02477,-9.45171],[33.02487,-9.45159],[33.02494,-9.45149],[33.02498,-9.45138]]},"properties":{"id":798048880,"cls":"unclassified","hw":"unclassified","tg":"na","name":"","ref":"","surface":"","sc":"unknown","speed":null,"lit":"unk","km":0.094}},
{"type":"Feature","geometry":{"type":"LineString","coordinates":[[33.01281,-9.45786],[33.01268,-9.45775],[33.01271,-9.45753],[33.01269,-9.45749],[33.01269,-9.45723],[33.01267,-9.4571],[33.01264,-9.45698]]},"properties":{"id":798048881,"cls":"path","hw":"path","tg":"na","name":"","ref":"","surface":"","sc":"unknown","speed":null,"lit":"unk","km":0.106}},
{"type":"Feature","geometry":{"type":"LineString","coordinates":[[33.01635,-9.46024],[33.01665,-9.46027],[33.01685,-9.46028],[33.01693,-9.46021],[33.01704,-9.46023],[33.01719,-9.46009],[33.01733,-9.45994],[33.01741,-9.45986],[33.01753,-9.45976]]},"properties":{"id":798048883,"cls":"path","hw":"path","tg":"na","name":"","ref":"","surface":"","sc":"unknown","speed":null,"lit":"unk","km":0.154}},
{"type":"Feature","geometry":{"type":"LineString","coordinates":[[33.00806,-9.45068],[33.00802,-9.45075],[33.00803,-9.45086],[33.00817,-9.45093],[33.00828,-9.45109],[33.00835,-9.4512],[33.00842,-9.45124],[33.00844,-9.45128],[33.00849,-9.4513],[33.00846,-9.45143],[33.00854,-9.45161],[33.0087,-9.45175],[33.009,-9.45198],[33.00912,-9.45205],[33.00919,-9.45195],[33.00927,-9.45181],[33.00934,-9.45178],[33.00943,-9.45179],[33.00953,-9.45172],[33.00971,-9.45159],[33.00984,-9.45149],[33.00994,-9.45144],[33.01003,-9.4514],[33.01013,-9.4513],[33.0102,-9.45126],[33.01022,-9.4512],[33.01025,-9.45116],[33.01032,-9.45099],[33.01039,-9.45093],[33.01039,-9.45085],[33.01055,-9.45061],[33.01062,-9.45051],[33.01075,-9.45021],[33.01102,-9.44961]]},"properties":{"id":798048885,"cls":"path","hw":"path","tg":"na","name":"","ref":"","surface":"","sc":"unknown","speed":null,"lit":"unk","km":0.571}},
{"type":"Feature","geometry":{"type":"LineString","coordinates":[[33.01066,-9.45991],[33.01043,-9.45998],[33.01028,-9.46005],[33.01019,-9.46011],[33.01005,-9.46012],[33.00987,-9.46014],[33.00963,-9.46018],[33.00948,-9.46027],[33.00932,-9.46037],[33.00921,-9.46053],[33.0092,-9.46066],[33.00916,-9.46074],[33.0091,-9.46097],[33.00905,-9.46106]]},"properties":{"id":798048886,"cls":"path","hw":"path","tg":"na","name":"","ref":"","surface":"","sc":"unknown","speed":null,"lit":"unk","km":0.242}},
{"type":"Feature","geometry":{"type":"LineString","coordinates":[[33.01301,-9.45667],[33.01292,-9.45674],[33.01277,-9.45677],[33.01261,-9.4568]]},"properties":{"id":798048887,"cls":"path","hw":"path","tg":"na","name":"","ref":"","surface":"","sc":"unknown","speed":null,"lit":"unk","km":0.047}},
{"type":"Feature","geometry":{"type":"LineString","coordinates":[[33.01558,-9.45197],[33.01551,-9.4521],[33.01546,-9.45222],[33.01543,-9.45226],[33.01554,-9.45236],[33.0155,-9.4525]]},"properties":{"id":798048888,"cls":"path","hw":"path","tg":"na","name":"","ref":"","surface":"","sc":"unknown","speed":null,"lit":"unk","km":0.069}},
{"type":"Feature","geometry":{"type":"LineString","coordinates":[[33.02238,-9.46286],[33.02242,-9.46302],[33.0222,-9.46308],[33.02203,-9.46312],[33.02184,-9.46319],[33.02168,-9.46337],[33.02165,-9.46343],[33.02159,-9.46347],[33.0214,-9.46355],[33.02131,-9.46359],[33.02121,-9.4636],[33.02109,-9.46363],[33.02101,-9.4637],[33.02075,-9.46383]]},"properties":{"id":798048889,"cls":"path","hw":"path","tg":"na","name":"","ref":"","surface":"","sc":"unknown","speed":null,"lit":"unk","km":0.229}},
{"type":"Feature","geometry":{"type":"LineString","coordinates":[[33.02364,-9.4631],[33.02388,-9.46312],[33.02391,-9.46303]]},"properties":{"id":798048890,"cls":"path","hw":"path","tg":"na","name":"","ref":"","surface":"","sc":"unknown","speed":null,"lit":"unk","km":0.037}},
{"type":"Feature","geometry":{"type":"LineString","coordinates":[[33.02269,-9.4642],[33.02276,-9.46445],[33.02308,-9.46437],[33.02324,-9.46437],[33.02358,-9.46434],[33.02388,-9.46434],[33.02399,-9.46437],[33.02421,-9.46466],[33.02446,-9.46458],[33.02448,-9.46467]]},"properties":{"id":798048892,"cls":"path","hw":"path","tg":"na","name":"","ref":"","surface":"","sc":"unknown","speed":null,"lit":"unk","km":0.245}},
{"type":"Feature","geometry":{"type":"LineString","coordinates":[[33.01867,-9.45822],[33.0188,-9.45838],[33.01874,-9.45846],[33.01891,-9.45874],[33.01905,-9.45897],[33.01914,-9.45901],[33.01925,-9.45911],[33.01943,-9.45916],[33.01963,-9.45919],[33.01997,-9.45927],[33.02009,-9.45929],[33.02019,-9.45936]]},"properties":{"id":798048895,"cls":"path","hw":"path","tg":"na","name":"","ref":"","surface":"","sc":"unknown","speed":null,"lit":"unk","km":0.235}},
{"type":"Feature","geometry":{"type":"LineString","coordinates":[[33.02388,-9.46265],[33.02365,-9.46261],[33.02339,-9.4626],[33.02307,-9.46264],[33.02288,-9.46268],[33.02263,-9.46277],[33.02252,-9.46282],[33.02242,-9.46288],[33.02238,-9.46286],[33.02232,-9.46284],[33.02214,-9.46276],[33.02199,-9.4626],[33.02192,-9.46248],[33.02177,-9.46216],[33.02155,-9.46171],[33.02138,-9.46159],[33.02128,-9.46135],[33.02098,-9.46115],[33.02079,-9.46092],[33.0207,-9.46078],[33.0206,-9.46034],[33.0205,-9.46],[33.02041,-9.45974],[33.02025,-9.4595],[33.02019,-9.45936],[33.02018,-9.4592],[33.0202,-9.45908],[33.02023,-9.45901],[33.02023,-9.45888],[33.0202,-9.45882],[33.02019,-9.45873]]},"properties":{"id":798048897,"cls":"path","hw":"path","tg":"na","name":"","ref":"","surface":"","sc":"unknown","speed":null,"lit":"unk","km":0.718}},
{"type":"Feature","geometry":{"type":"LineString","coordinates":[[33.02169,-9.46559],[33.0215,-9.46559],[33.02135,-9.46567],[33.02119,-9.46576],[33.02107,-9.46575],[33.02094,-9.46581],[33.02084,-9.46579],[33.02079,-9.46551],[33.02079,-9.46541],[33.02073,-9.4653],[33.02072,-9.46511],[33.02066,-9.46497],[33.02056,-9.46493],[33.02049,-9.46469],[33.02034,-9.46458],[33.0202,-9.46447],[33.02005,-9.46424],[33.01995,-9.46417],[33.01981,-9.46419],[33.01958,-9.46416],[33.01928,-9.46403],[33.01915,-9.46398],[33.01905,-9.46399]]},"properties":{"id":798048899,"cls":"path","hw":"path","tg":"na","name":"","ref":"","surface":"","sc":"unknown","speed":null,"lit":"unk","km":0.421}},
{"type":"Feature","geometry":{"type":"LineString","coordinates":[[33.02406,-9.46234],[33.0241,-9.46255],[33.02408,-9.46275],[33.02401,-9.4629],[33.02391,-9.46303]]},"properties":{"id":798048900,"cls":"path","hw":"path","tg":"na","name":"","ref":"","surface":"","sc":"unknown","speed":null,"lit":"unk","km":0.083}},
{"type":"Feature","geometry":{"type":"LineString","coordinates":[[33.02518,-9.45732],[33.02513,-9.45744],[33.02505,-9.45771],[33.02494,-9.45801],[33.02496,-9.45811],[33.02505,-9.45839],[33.02495,-9.4587],[33.02477,-9.45893],[33.02464,-9.45908],[33.02456,-9.45921],[33.02442,-9.45941],[33.02422,-9.45976],[33.02422,-9.46002],[33.02425,-9.46019],[33.02424,-9.46048],[33.02418,-9.46067],[33.02412,-9.46099],[33.02415,-9.46154],[33.02419,-9.46207],[33.02406,-9.46234],[33.02395,-9.46254],[33.02388,-9.46265],[33.02382,-9.46276],[33.02367,-9.46299],[33.02364,-9.4631],[33.0236,-9.46319],[33.02353,-9.46319],[33.02347,-9.46318],[33.02343,-9.46323],[33.02335,-9.46333],[33.02327,-9.46339],[33.02306,-9.46364],[33.0229,-9.46379],[33.02271,-9.46403],[33.02269,-9.46415],[33.02269,-9.4642],[33.02265,-9.46423],[33.0226,-9.4644],[33.02249,-9.46442],[33.02244,-9.46445],[33.02231,-9.46474],[33.02226,-9.46486],[33.0221,-9.465],[33.02201,-9.4651],[33.02195,-9.4652],[33.02183,-9.46543],[33.02176,-9.46549],[33.02169,-9.46559],[33.02153,-9.4658],[33.02147,-9.4659]]},"properties":{"id":798048901,"cls":"path","hw":"path","tg":"na","name":"","ref":"","surface":"","sc":"unknown","speed":null,"lit":"unk","km":1.103}},
{"type":"Feature","geometry":{"type":"LineString","coordinates":[[33.01097,-9.4493],[33.01074,-9.44935],[33.01027,-9.4497],[33.00968,-9.45015],[33.00942,-9.45033],[33.00907,-9.45048],[33.00875,-9.45055],[33.00817,-9.45065],[33.00806,-9.45068],[33.00784,-9.45066],[33.00758,-9.45067]]},"properties":{"id":798048902,"cls":"path","hw":"path","tg":"na","name":"","ref":"","surface":"","sc":"unknown","speed":null,"lit":"unk","km":0.415}},
{"type":"Feature","geometry":{"type":"LineString","coordinates":[[33.01268,-9.44998],[33.01261,-9.45006],[33.01259,-9.45014],[33.01262,-9.45021],[33.01266,-9.45027],[33.01263,-9.45036],[33.01257,-9.45064],[33.01255,-9.45088],[33.01257,-9.45099],[33.01266,-9.45118],[33.01261,-9.45137],[33.01257,-9.45147],[33.01253,-9.45161],[33.01247,-9.45173],[33.01247,-9.45189],[33.01252,-9.45199],[33.01259,-9.4523],[33.01265,-9.45257],[33.01267,-9.45268],[33.01265,-9.45283],[33.01264,-9.45292],[33.01264,-9.45314],[33.01265,-9.45323],[33.0127,-9.45335],[33.01271,-9.45356],[33.0127,-9.4537]]},"properties":{"id":798048903,"cls":"path","hw":"path","tg":"na","name":"","ref":"","surface":"","sc":"unknown","speed":null,"lit":"unk","km":0.431}},
{"type":"Feature","geometry":{"type":"LineString","coordinates":[[33.01244,-9.44917],[33.0124,-9.44931],[33.01248,-9.44954],[33.01249,-9.44978],[33.0125,-9.44995]]},"properties":{"id":798048904,"cls":"path","hw":"path","tg":"na","name":"","ref":"","surface":"","sc":"unknown","speed":null,"lit":"unk","km":0.089}},
{"type":"Feature","geometry":{"type":"LineString","coordinates":[[33.01299,-9.4495],[33.01276,-9.44982],[33.01268,-9.44998],[33.0125,-9.44995],[33.0124,-9.44993],[33.01223,-9.44992],[33.01208,-9.44985],[33.01169,-9.44981],[33.01148,-9.44977],[33.01121,-9.4497],[33.01102,-9.44961],[33.01097,-9.44936],[33.01097,-9.4493],[33.01098,-9.44924],[33.01109,-9.44907],[33.01119,-9.44887]]},"properties":{"id":798048905,"cls":"path","hw":"path","tg":"na","name":"","ref":"","surface":"","sc":"unknown","speed":null,"lit":"unk","km":0.341}},
{"type":"Feature","geometry":{"type":"LineString","coordinates":[[33.01432,-9.44997],[33.01428,-9.44978],[33.01438,-9.44945],[33.01435,-9.44937],[33.01437,-9.44926],[33.01442,-9.44917],[33.01443,-9.4491],[33.01441,-9.44896]]},"properties":{"id":798048906,"cls":"path","hw":"path","tg":"na","name":"","ref":"","surface":"","sc":"unknown","speed":null,"lit":"unk","km":0.117}},
{"type":"Feature","geometry":{"type":"LineString","coordinates":[[33.0167,-9.45148],[33.01689,-9.45137],[33.01717,-9.45125],[33.01736,-9.45113],[33.01744,-9.45109],[33.01748,-9.45101],[33.01775,-9.45088],[33.01779,-9.45084],[33.01783,-9.4508],[33.01786,-9.45072],[33.01803,-9.45056],[33.01809,-9.45048],[33.01818,-9.45037],[33.01825,-9.45022],[33.01831,-9.45004],[33.01831,-9.44985],[33.01834,-9.44976],[33.01837,-9.44966],[33.0184,-9.4496]]},"properties":{"id":798048907,"cls":"path","hw":"path","tg":"na","name":"","ref":"","surface":"","sc":"unknown","speed":null,"lit":"unk","km":0.3}},
{"type":"Feature","geometry":{"type":"LineString","coordinates":[[33.01882,-9.45263],[33.01907,-9.45246],[33.01928,-9.45239],[33.01942,-9.45237],[33.01948,-9.45234]]},"properties":{"id":798048908,"cls":"path","hw":"path","tg":"na","name":"","ref":"","surface":"","sc":"unknown","speed":null,"lit":"unk","km":0.081}},
{"type":"Feature","geometry":{"type":"LineString","coordinates":[[33.02173,-9.45555],[33.0218,-9.45573],[33.02193,-9.45594]]},"properties":{"id":798048909,"cls":"path","hw":"path","tg":"na","name":"","ref":"","surface":"","sc":"unknown","speed":null,"lit":"unk","km":0.049}},
{"type":"Feature","geometry":{"type":"LineString","coordinates":[[33.02234,-9.45647],[33.02221,-9.45625],[33.02211,-9.45615],[33.02204,-9.45605],[33.0221,-9.45597],[33.02219,-9.45591],[33.02227,-9.45591],[33.02238,-9.45588],[33.02246,-9.45585],[33.02251,-9.45577],[33.02258,-9.45569]]},"properties":{"id":798048910,"cls":"path","hw":"path","tg":"na","name":"","ref":"","surface":"","sc":"unknown","speed":null,"lit":"unk","km":0.133}},
{"type":"Feature","geometry":{"type":"LineString","coordinates":[[33.02469,-9.45646],[33.02486,-9.45657],[33.02494,-9.45662],[33.02498,-9.4567]]},"properties":{"id":798048911,"cls":"path","hw":"path","tg":"na","name":"","ref":"","surface":"","sc":"unknown","speed":null,"lit":"unk","km":0.043}},
{"type":"Feature","geometry":{"type":"LineString","coordinates":[[33.02505,-9.45771],[33.02487,-9.45773],[33.02482,-9.45769],[33.02477,-9.45765],[33.0247,-9.45766],[33.02459,-9.45754],[33.02456,-9.45746],[33.02445,-9.45739],[33.02439,-9.45733],[33.02447,-9.45712],[33.02448,-9.45702],[33.02451,-9.45678],[33.0246,-9.45657],[33.02469,-9.45646],[33.02478,-9.45632],[33.02487,-9.45623],[33.02492,-9.45621]]},"properties":{"id":798048912,"cls":"path","hw":"path","tg":"na","name":"","ref":"","surface":"","sc":"unknown","speed":null,"lit":"unk","km":0.235}},
{"type":"Feature","geometry":{"type":"LineString","coordinates":[[33.02346,-9.45668],[33.02367,-9.45653],[33.02379,-9.45646],[33.02394,-9.45638],[33.02401,-9.45634],[33.02411,-9.45633],[33.02432,-9.45621],[33.0244,-9.45618],[33.02448,-9.45609],[33.02455,-9.45608],[33.02464,-9.45605],[33.02476,-9.45595],[33.02487,-9.45587],[33.02504,-9.45572],[33.0251,-9.45555],[33.02528,-9.45526],[33.02542,-9.45502],[33.0255,-9.45496],[33.02561,-9.45484],[33.02581,-9.45467],[33.02589,-9.4546],[33.02594,-9.45456]]},"properties":{"id":798048913,"cls":"path","hw":"path","tg":"na","name":"","ref":"","surface":"","sc":"unknown","speed":null,"lit":"unk","km":0.372}},
{"type":"Feature","geometry":{"type":"LineString","coordinates":[[33.02226,-9.4549],[33.02228,-9.455],[33.02231,-9.4551],[33.0224,-9.4553],[33.02243,-9.45541],[33.02252,-9.45559],[33.02258,-9.45569],[33.02261,-9.45576],[33.02278,-9.45593],[33.02289,-9.45607],[33.02315,-9.45635],[33.02325,-9.45647],[33.02337,-9.45656],[33.02339,-9.45667]]},"properties":{"id":798048914,"cls":"path","hw":"path","tg":"na","name":"","ref":"","surface":"","sc":"unknown","speed":null,"lit":"unk","km":0.238}},
{"type":"Feature","geometry":{"type":"LineString","coordinates":[[33.03168,-9.45292],[33.03185,-9.45301],[33.03193,-9.45307],[33.03222,-9.45319],[33.03235,-9.45329],[33.03261,-9.45349],[33.03279,-9.45364],[33.03303,-9.45383],[33.03315,-9.45396],[33.03336,-9.45412],[33.03355,-9.45425],[33.03363,-9.45435],[33.03372,-9.45441],[33.03395,-9.45459],[33.03408,-9.45471],[33.03413,-9.45474],[33.03404,-9.45486],[33.03402,-9.45501],[33.03362,-9.45504],[33.03347,-9.45512],[33.0333,-9.45513],[33.03303,-9.45516],[33.0329,-9.45513],[33.03237,-9.45506],[33.03212,-9.45502],[33.03189,-9.45494],[33.03168,-9.45485],[33.03139,-9.45475],[33.0314,-9.45464],[33.03136,-9.45457],[33.03117,-9.45453],[33.03115,-9.4545],[33.03107,-9.45448],[33.03102,-9.45451],[33.03071,-9.45432],[33.03051,-9.45417],[33.03042,-9.4541],[33.03021,-9.4539],[33.03005,-9.45375],[33.02981,-9.4536],[33.02949,-9.45345],[33.02926,-9.45331],[33.02914,-9.45326],[33.02904,-9.45325],[33.02893,-9.45319]]},"properties":{"id":798084477,"cls":"path","hw":"path","tg":"na","name":"","ref":"","surface":"","sc":"unknown","speed":null,"lit":"unk","km":1.007}},
{"type":"Feature","geometry":{"type":"LineString","coordinates":[[33.0259,-9.45424],[33.02617,-9.45414],[33.02645,-9.45398],[33.02665,-9.4538],[33.0269,-9.45358],[33.02723,-9.45351],[33.02768,-9.4533],[33.02824,-9.45311],[33.02874,-9.45292],[33.02937,-9.45264],[33.03012,-9.45233],[33.03015,-9.45232],[33.03055,-9.45243],[33.03085,-9.45251],[33.03103,-9.45257],[33.03151,-9.4528],[33.03168,-9.45292]]},"properties":{"id":798084478,"cls":"unclassified","hw":"unclassified","tg":"na","name":"","ref":"","surface":"","sc":"unknown","speed":null,"lit":"unk","km":0.699}},
{"type":"Feature","geometry":{"type":"LineString","coordinates":[[33.03413,-9.45474],[33.0347,-9.45516],[33.03502,-9.45534],[33.0355,-9.45531],[33.0363,-9.4552],[33.03736,-9.45511],[33.03806,-9.45495],[33.03839,-9.45502],[33.03873,-9.45513],[33.03919,-9.45547],[33.03942,-9.45573],[33.03957,-9.45582],[33.03989,-9.45593],[33.04039,-9.45619],[33.04078,-9.45652],[33.04117,-9.45675],[33.04161,-9.457],[33.0418,-9.45707],[33.0421,-9.45716],[33.04233,-9.45716],[33.04255,-9.45708],[33.04263,-9.4568],[33.04269,-9.45671],[33.04302,-9.45669],[33.04334,-9.45653],[33.04401,-9.45659],[33.04478,-9.45677],[33.04549,-9.45687],[33.04592,-9.45692],[33.04651,-9.45712],[33.04677,-9.45723],[33.04693,-9.45731]]},"properties":{"id":798084479,"cls":"path","hw":"path","tg":"na","name":"","ref":"","surface":"","sc":"unknown","speed":null,"lit":"unk","km":1.547}},
{"type":"Feature","geometry":{"type":"LineString","coordinates":[[33.04141,-9.4602],[33.04133,-9.45926],[33.04117,-9.45866],[33.04106,-9.45834],[33.04116,-9.45787],[33.04131,-9.45758],[33.04154,-9.4572],[33.04161,-9.457]]},"properties":{"id":798084480,"cls":"path","hw":"path","tg":"na","name":"","ref":"","surface":"","sc":"unknown","speed":null,"lit":"unk","km":0.374}},
{"type":"Feature","geometry":{"type":"LineString","coordinates":[[33.04141,-9.4602],[33.04133,-9.46046],[33.04064,-9.46106],[33.03992,-9.46186],[33.03937,-9.46259],[33.03917,-9.46312],[33.0389,-9.46416],[33.0388,-9.46466],[33.03872,-9.46502],[33.03869,-9.46558],[33.03846,-9.46614],[33.03818,-9.46649],[33.03786,-9.46676],[33.03744,-9.46725],[33.03725,-9.46776],[33.0372,-9.46799],[33.03718,-9.46862],[33.03717,-9.46964],[33.03714,-9.47013],[33.03717,-9.47047],[33.03701,-9.47093]]},"properties":{"id":798084481,"cls":"path","hw":"path","tg":"na","name":"","ref":"","surface":"","sc":"unknown","speed":null,"lit":"unk","km":1.344}},
{"type":"Feature","geometry":{"type":"LineString","coordinates":[[33.04219,-9.46846],[33.04194,-9.4686],[33.0418,-9.46889],[33.04155,-9.46906],[33.04142,-9.46935],[33.04135,-9.46947],[33.04134,-9.46961],[33.04134,-9.46976],[33.04139,-9.47002],[33.04142,-9.47013],[33.0414,-9.47016],[33.04132,-9.4703],[33.04122,-9.47054]]},"properties":{"id":798084486,"cls":"unclassified","hw":"unclassified","tg":"na","name":"","ref":"","surface":"","sc":"unknown","speed":null,"lit":"unk","km":0.276}},
{"type":"Feature","geometry":{"type":"LineString","coordinates":[[33.04358,-9.46763],[33.0436,-9.46743],[33.04362,-9.46733],[33.04367,-9.46727]]},"properties":{"id":798084487,"cls":"path","hw":"path","tg":"na","name":"","ref":"","surface":"","sc":"unknown","speed":null,"lit":"unk","km":0.042}},
{"type":"Feature","geometry":{"type":"LineString","coordinates":[[33.04576,-9.47079],[33.04594,-9.47068],[33.04604,-9.47029],[33.04606,-9.47009],[33.04596,-9.47001]]},"properties":{"id":798084488,"cls":"path","hw":"path","tg":"na","name":"","ref":"","surface":"","sc":"unknown","speed":null,"lit":"unk","km":0.104}},
{"type":"Feature","geometry":{"type":"LineString","coordinates":[[33.02505,-9.45839],[33.02511,-9.45861],[33.02516,-9.45879],[33.02531,-9.45896],[33.02538,-9.45906],[33.02547,-9.45917],[33.02554,-9.45931],[33.02565,-9.45939],[33.02593,-9.45959],[33.026,-9.45966],[33.02605,-9.45977],[33.02625,-9.46019],[33.02661,-9.46043],[33.02671,-9.4606]]},"properties":{"id":798084489,"cls":"path","hw":"path","tg":"na","name":"","ref":"","surface":"","sc":"unknown","speed":null,"lit":"unk","km":0.316}},
{"type":"Feature","geometry":{"type":"LineString","coordinates":[[33.02498,-9.45138],[33.02512,-9.45096],[33.02517,-9.45076],[33.02521,-9.4506],[33.02528,-9.45042],[33.0253,-9.45035],[33.02534,-9.45026],[33.02536,-9.45019]]},"properties":{"id":798084492,"cls":"unclassified","hw":"unclassified","tg":"na","name":"","ref":"","surface":"","sc":"unknown","speed":null,"lit":"unk","km":0.139}},
{"type":"Feature","geometry":{"type":"LineString","coordinates":[[33.04122,-9.47054],[33.0415,-9.47025],[33.04177,-9.46997],[33.04197,-9.46986],[33.04196,-9.46979]]},"properties":{"id":798114726,"cls":"path","hw":"path","tg":"na","name":"","ref":"","surface":"","sc":"unknown","speed":null,"lit":"unk","km":0.12}},
{"type":"Feature","geometry":{"type":"LineString","coordinates":[[33.04142,-9.46935],[33.04149,-9.46943],[33.04166,-9.46944],[33.04184,-9.46955],[33.04197,-9.46972],[33.04196,-9.46979]]},"properties":{"id":798114727,"cls":"path","hw":"path","tg":"na","name":"","ref":"","surface":"","sc":"unknown","speed":null,"lit":"unk","km":0.085}},
{"type":"Feature","geometry":{"type":"LineString","coordinates":[[33.03424,-9.4546],[33.03429,-9.45452],[33.03436,-9.4545],[33.03463,-9.45428],[33.03471,-9.45424],[33.03473,-9.45422],[33.03472,-9.45417],[33.03501,-9.45404],[33.03535,-9.45387],[33.0355,-9.4537],[33.03568,-9.45357],[33.03559,-9.45344],[33.03561,-9.45329],[33.03594,-9.45299],[33.03617,-9.45276],[33.03634,-9.45259],[33.03641,-9.4525],[33.03643,-9.45247]]},"properties":{"id":798114728,"cls":"path","hw":"path","tg":"na","name":"","ref":"","surface":"","sc":"unknown","speed":null,"lit":"unk","km":0.364}},
{"type":"Feature","geometry":{"type":"LineString","coordinates":[[33.0331,-9.44892],[33.03348,-9.44912],[33.03366,-9.44924],[33.03394,-9.44938],[33.03404,-9.44944],[33.03423,-9.44952],[33.03436,-9.4496],[33.03448,-9.44966],[33.03451,-9.44984],[33.03454,-9.44999],[33.03457,-9.4502],[33.03468,-9.45038],[33.03549,-9.45153],[33.0356,-9.45167]]},"properties":{"id":798114729,"cls":"path","hw":"path","tg":"na","name":"","ref":"","surface":"","sc":"unknown","speed":null,"lit":"unk","km":0.432}},
{"type":"Feature","geometry":{"type":"LineString","coordinates":[[33.02698,-9.45014],[33.0271,-9.44998],[33.02714,-9.44994],[33.02712,-9.4498],[33.02708,-9.44967],[33.02702,-9.44962],[33.02702,-9.44949],[33.02703,-9.44941],[33.02697,-9.44922],[33.02693,-9.44911],[33.02685,-9.44906],[33.02679,-9.44902],[33.02661,-9.44892],[33.02628,-9.44892],[33.02595,-9.44888],[33.02588,-9.449],[33.02575,-9.44904]]},"properties":{"id":798114733,"cls":"path","hw":"path","tg":"na","name":"","ref":"","surface":"","sc":"unknown","speed":null,"lit":"unk","km":0.27}},
{"type":"Feature","geometry":{"type":"LineString","coordinates":[[33.02536,-9.45035],[33.02552,-9.45031],[33.02584,-9.45019],[33.02602,-9.45005]]},"properties":{"id":798114734,"cls":"unclassified","hw":"unclassified","tg":"na","name":"","ref":"","surface":"","sc":"unknown","speed":null,"lit":"unk","km":0.081}},
{"type":"Feature","geometry":{"type":"LineString","coordinates":[[33.02556,-9.45134],[33.02606,-9.45117],[33.02654,-9.45103],[33.0268,-9.45094],[33.02735,-9.45074],[33.02757,-9.45062]]},"properties":{"id":798114735,"cls":"path","hw":"path","tg":"na","name":"","ref":"","surface":"","sc":"unknown","speed":null,"lit":"unk","km":0.235}},
{"type":"Feature","geometry":{"type":"LineString","coordinates":[[33.02571,-9.4524],[33.02619,-9.45244],[33.02662,-9.45242],[33.02692,-9.4524],[33.0272,-9.45246],[33.0273,-9.45251],[33.02749,-9.45256],[33.02761,-9.4526],[33.02799,-9.45267],[33.02807,-9.45265],[33.02816,-9.45275],[33.02825,-9.45285]]},"properties":{"id":798114736,"cls":"path","hw":"path","tg":"na","name":"","ref":"","surface":"","sc":"unknown","speed":null,"lit":"unk","km":0.293}},
{"type":"Feature","geometry":{"type":"LineString","coordinates":[[33.02997,-9.45395],[33.03027,-9.45406],[33.03037,-9.45414],[33.03045,-9.45418],[33.03051,-9.45417]]},"properties":{"id":798114737,"cls":"path","hw":"path","tg":"na","name":"","ref":"","surface":"","sc":"unknown","speed":null,"lit":"unk","km":0.066}},
{"type":"Feature","geometry":{"type":"LineString","coordinates":[[33.03168,-9.45292],[33.03157,-9.45315],[33.03143,-9.45363],[33.03139,-9.45372],[33.03128,-9.45411],[33.03124,-9.45421],[33.03119,-9.45427],[33.03115,-9.4545]]},"properties":{"id":798114738,"cls":"path","hw":"path","tg":"na","name":"","ref":"","surface":"","sc":"unknown","speed":null,"lit":"unk","km":0.186}},
{"type":"Feature","geometry":{"type":"LineString","coordinates":[[33.03053,-9.45193],[33.03053,-9.45206],[33.03054,-9.45219],[33.03058,-9.45227],[33.03057,-9.45236],[33.03055,-9.45243],[33.03055,-9.45256],[33.03056,-9.45273],[33.0306,-9.45288],[33.03055,-9.45308],[33.03057,-9.45323],[33.03055,-9.45338],[33.03054,-9.45352],[33.03056,-9.45368],[33.03051,-9.45389],[33.03042,-9.4541]]},"properties":{"id":798114739,"cls":"path","hw":"path","tg":"na","name":"","ref":"","surface":"","sc":"unknown","speed":null,"lit":"unk","km":0.247}},
{"type":"Feature","geometry":{"type":"LineString","coordinates":[[33.03168,-9.45292],[33.0317,-9.45276],[33.03171,-9.45262],[33.03172,-9.45254],[33.0317,-9.45251],[33.0316,-9.45249],[33.03138,-9.4525],[33.03115,-9.45255],[33.03103,-9.45257]]},"properties":{"id":798114740,"cls":"path","hw":"path","tg":"na","name":"","ref":"","surface":"","sc":"unknown","speed":null,"lit":"unk","km":0.121}},
{"type":"Feature","geometry":{"type":"LineString","coordinates":[[33.02945,-9.45962],[33.02927,-9.45986],[33.02912,-9.4601],[33.02933,-9.46034],[33.02944,-9.46041],[33.02952,-9.46049]]},"properties":{"id":798114741,"cls":"path","hw":"path","tg":"na","name":"","ref":"","surface":"","sc":"unknown","speed":null,"lit":"unk","km":0.127}},
{"type":"Feature","geometry":{"type":"LineString","coordinates":[[33.03668,-9.46343],[33.03685,-9.46314],[33.03712,-9.46303],[33.03715,-9.46278],[33.0371,-9.46259],[33.03701,-9.46222],[33.03692,-9.46202],[33.03691,-9.46178],[33.03693,-9.46161],[33.03689,-9.46128],[33.03691,-9.46072],[33.03694,-9.4605],[33.03693,-9.46025],[33.03693,-9.46011],[33.03691,-9.45996],[33.03696,-9.45969]]},"properties":{"id":798114742,"cls":"path","hw":"path","tg":"na","name":"","ref":"","surface":"","sc":"unknown","speed":null,"lit":"unk","km":0.446}},
{"type":"Feature","geometry":{"type":"LineString","coordinates":[[33.03869,-9.46558],[33.03872,-9.46561],[33.03873,-9.46582],[33.03874,-9.46598]]},"properties":{"id":798114743,"cls":"path","hw":"path","tg":"na","name":"","ref":"","surface":"","sc":"unknown","speed":null,"lit":"unk","km":0.046}},
{"type":"Feature","geometry":{"type":"LineString","coordinates":[[33.03752,-9.46373],[33.03747,-9.46387],[33.03744,-9.46411],[33.03738,-9.46427],[33.03736,-9.46447],[33.03729,-9.46478],[33.03721,-9.46493],[33.03714,-9.46519],[33.03705,-9.46561],[33.037,-9.46593],[33.03696,-9.46602],[33.03696,-9.46639]]},"properties":{"id":798114744,"cls":"path","hw":"path","tg":"na","name":"","ref":"","surface":"","sc":"unknown","speed":null,"lit":"unk","km":0.305}},
{"type":"Feature","geometry":{"type":"LineString","coordinates":[[33.03711,-9.4664],[33.03739,-9.46604],[33.03765,-9.46561],[33.03782,-9.4653],[33.03791,-9.465],[33.03797,-9.46477],[33.03808,-9.46445],[33.03819,-9.46421],[33.03827,-9.4641]]},"properties":{"id":798114745,"cls":"path","hw":"path","tg":"na","name":"","ref":"","surface":"","sc":"unknown","speed":null,"lit":"unk","km":0.288}},
{"type":"Feature","geometry":{"type":"LineString","coordinates":[[33.03668,-9.46343],[33.03649,-9.46379],[33.03648,-9.46437],[33.03646,-9.46481],[33.03632,-9.46505],[33.03624,-9.4655],[33.03624,-9.46589],[33.03663,-9.46614]]},"properties":{"id":798114746,"cls":"path","hw":"path","tg":"na","name":"","ref":"","surface":"","sc":"unknown","speed":null,"lit":"unk","km":0.335}},
{"type":"Feature","geometry":{"type":"LineString","coordinates":[[33.02792,-9.45799],[33.02816,-9.4578],[33.02826,-9.45772],[33.02841,-9.45766],[33.0285,-9.45763],[33.02857,-9.45761],[33.02861,-9.45754],[33.02884,-9.4574],[33.02899,-9.45726],[33.02914,-9.4572],[33.0292,-9.45719],[33.02928,-9.45711],[33.02944,-9.45703],[33.0295,-9.45702],[33.02966,-9.45694],[33.02978,-9.4569],[33.02988,-9.45689],[33.02996,-9.45685],[33.03002,-9.4568],[33.03009,-9.45677]]},"properties":{"id":798114747,"cls":"path","hw":"path","tg":"na","name":"","ref":"","surface":"","sc":"unknown","speed":null,"lit":"unk","km":0.28}},
{"type":"Feature","geometry":{"type":"LineString","coordinates":[[33.02881,-9.45917],[33.02892,-9.45898],[33.02906,-9.45871],[33.02922,-9.45887],[33.02942,-9.45907],[33.02944,-9.45915],[33.02946,-9.45927],[33.02949,-9.45937],[33.02946,-9.45952],[33.02937,-9.45955]]},"properties":{"id":798114748,"cls":"path","hw":"path","tg":"na","name":"","ref":"","surface":"","sc":"unknown","speed":null,"lit":"unk","km":0.176}},
{"type":"Feature","geometry":{"type":"LineString","coordinates":[[33.02807,-9.45866],[33.02803,-9.45884],[33.028,-9.45905],[33.02799,-9.4591]]},"properties":{"id":798114751,"cls":"path","hw":"path","tg":"na","name":"","ref":"","surface":"","sc":"unknown","speed":null,"lit":"unk","km":0.05}},
{"type":"Feature","geometry":{"type":"LineString","coordinates":[[33.0277,-9.45845],[33.02753,-9.45856],[33.02746,-9.45877],[33.02733,-9.45876],[33.02702,-9.45864],[33.02671,-9.45856],[33.02672,-9.45847]]},"properties":{"id":798114752,"cls":"path","hw":"path","tg":"na","name":"","ref":"","surface":"","sc":"unknown","speed":null,"lit":"unk","km":0.143}},
{"type":"Feature","geometry":{"type":"LineString","coordinates":[[33.02682,-9.45787],[33.02677,-9.45811],[33.02676,-9.45822],[33.02676,-9.45829],[33.02672,-9.4584],[33.02672,-9.45847],[33.02684,-9.45843],[33.02704,-9.45836],[33.02714,-9.45835],[33.02719,-9.45828],[33.02733,-9.45825],[33.0274,-9.45825]]},"properties":{"id":798114754,"cls":"path","hw":"path","tg":"na","name":"","ref":"","surface":"","sc":"unknown","speed":null,"lit":"unk","km":0.149}},
{"type":"Feature","geometry":{"type":"LineString","coordinates":[[33.03028,-9.46246],[33.03002,-9.462],[33.02998,-9.46192],[33.02997,-9.46183],[33.02983,-9.46166],[33.02984,-9.46136],[33.02977,-9.46119],[33.02978,-9.46113],[33.02974,-9.46096],[33.02956,-9.4607],[33.02949,-9.46064],[33.02952,-9.46049]]},"properties":{"id":798114755,"cls":"path","hw":"path","tg":"na","name":"","ref":"","surface":"","sc":"unknown","speed":null,"lit":"unk","km":0.245}},
{"type":"Feature","geometry":{"type":"LineString","coordinates":[[33.02983,-9.46402],[33.02983,-9.46424],[33.02984,-9.4644],[33.0299,-9.46447]]},"properties":{"id":798114756,"cls":"path","hw":"path","tg":"na","name":"","ref":"","surface":"","sc":"unknown","speed":null,"lit":"unk","km":0.052}},
{"type":"Feature","geometry":{"type":"LineString","coordinates":[[33.02991,-9.46332],[33.03003,-9.46356],[33.03007,-9.46375],[33.03014,-9.46397],[33.03016,-9.46418],[33.0299,-9.46447],[33.0299,-9.46473]]},"properties":{"id":798114757,"cls":"path","hw":"path","tg":"na","name":"","ref":"","surface":"","sc":"unknown","speed":null,"lit":"unk","km":0.172}},
{"type":"Feature","geometry":{"type":"LineString","coordinates":[[33.03244,-9.46161],[33.0323,-9.46163],[33.03206,-9.46169],[33.0319,-9.46168],[33.03178,-9.46163],[33.03163,-9.46164],[33.03132,-9.46172],[33.03112,-9.46176],[33.0309,-9.46175],[33.03074,-9.46175],[33.03065,-9.4618],[33.03028,-9.46246],[33.03006,-9.46299],[33.02991,-9.46332],[33.02989,-9.46336],[33.02983,-9.46368],[33.0298,-9.46397],[33.02983,-9.46402],[33.02972,-9.46416],[33.02954,-9.46428],[33.02942,-9.46449],[33.02936,-9.4647],[33.02946,-9.46488]]},"properties":{"id":798114763,"cls":"path","hw":"path","tg":"na","name":"","ref":"","surface":"","sc":"unknown","speed":null,"lit":"unk","km":0.587}},
{"type":"Feature","geometry":{"type":"LineString","coordinates":[[33.0347,-9.45516],[33.03499,-9.45495],[33.03512,-9.4549],[33.03533,-9.45485],[33.03535,-9.45479],[33.0357,-9.45468],[33.03605,-9.45457],[33.03637,-9.45446],[33.03649,-9.45443],[33.03672,-9.45437],[33.03687,-9.45429],[33.03696,-9.45432],[33.03699,-9.45441],[33.03713,-9.45445],[33.03726,-9.45438],[33.03745,-9.45433]]},"properties":{"id":798114764,"cls":"path","hw":"path","tg":"na","name":"","ref":"","surface":"","sc":"unknown","speed":null,"lit":"unk","km":0.336}},
{"type":"Feature","geometry":{"type":"LineString","coordinates":[[33.03567,-9.4518],[33.03578,-9.45186],[33.03586,-9.45187],[33.03615,-9.45222],[33.03643,-9.45247],[33.03656,-9.45233],[33.03676,-9.45217],[33.03687,-9.45201],[33.03697,-9.45188],[33.03707,-9.45183]]},"properties":{"id":798114765,"cls":"path","hw":"path","tg":"na","name":"","ref":"","surface":"","sc":"unknown","speed":null,"lit":"unk","km":0.216}},
{"type":"Feature","geometry":{"type":"LineString","coordinates":[[33.0348,-9.45202],[33.03487,-9.45203],[33.035,-9.45201],[33.03513,-9.4519],[33.03527,-9.45175],[33.03538,-9.45168],[33.03548,-9.45171],[33.0356,-9.45167],[33.03568,-9.4516],[33.03583,-9.45152],[33.036,-9.45154],[33.03625,-9.45163],[33.03662,-9.4517],[33.03677,-9.45168],[33.03697,-9.45166],[33.0369,-9.45155],[33.03687,-9.45141],[33.03687,-9.45122],[33.03681,-9.45101],[33.03679,-9.45079],[33.03675,-9.45071],[33.03671,-9.45061],[33.03671,-9.45045],[33.03668,-9.45033],[33.03668,-9.45009],[33.03663,-9.44991],[33.03671,-9.44965],[33.0367,-9.44949],[33.03669,-9.44934],[33.03672,-9.44921],[33.03673,-9.44914],[33.03662,-9.44904]]},"properties":{"id":798114766,"cls":"path","hw":"path","tg":"na","name":"","ref":"","surface":"","sc":"unknown","speed":null,"lit":"unk","km":0.567}},
{"type":"Feature","geometry":{"type":"LineString","coordinates":[[33.0368,-9.45704],[33.03695,-9.45707],[33.03696,-9.45711],[33.03705,-9.45718],[33.03709,-9.45727],[33.03707,-9.45755],[33.03703,-9.45774],[33.0369,-9.45819],[33.03686,-9.45837],[33.03674,-9.4589],[33.03674,-9.45914],[33.03677,-9.45932],[33.03688,-9.45955]]},"properties":{"id":798114767,"cls":"path","hw":"path","tg":"na","name":"","ref":"","surface":"","sc":"unknown","speed":null,"lit":"unk","km":0.306}},
{"type":"Feature","geometry":{"type":"LineString","coordinates":[[33.03707,-9.45183],[33.03717,-9.45197],[33.03735,-9.45218],[33.03734,-9.45236],[33.03734,-9.45265],[33.03743,-9.45311],[33.03737,-9.45334],[33.03734,-9.45359],[33.03735,-9.45373],[33.0374,-9.45388],[33.03737,-9.45404],[33.03745,-9.45433],[33.03739,-9.45461],[33.03735,-9.45475],[33.03737,-9.45486],[33.03736,-9.45511],[33.03738,-9.4552],[33.03741,-9.45528],[33.03749,-9.4554],[33.03751,-9.45547],[33.0375,-9.45557],[33.03741,-9.45572],[33.03732,-9.45582],[33.03719,-9.45593],[33.03708,-9.45602],[33.03705,-9.45609],[33.03705,-9.45614],[33.03704,-9.45627],[33.03697,-9.45639],[33.03691,-9.45659],[33.03695,-9.45666],[33.03691,-9.45686],[33.03688,-9.45697],[33.0368,-9.45704],[33.03674,-9.45709],[33.03657,-9.45725],[33.0363,-9.45746],[33.0362,-9.4575],[33.03606,-9.45753],[33.03579,-9.45746],[33.03556,-9.45743],[33.03532,-9.45738],[33.035,-9.45732]]},"properties":{"id":798114768,"cls":"path","hw":"path","tg":"na","name":"","ref":"","surface":"","sc":"unknown","speed":null,"lit":"unk","km":0.846}},
{"type":"Feature","geometry":{"type":"LineString","coordinates":[[33.129,-9.49355],[33.12882,-9.49341],[33.12894,-9.49319],[33.12902,-9.4931],[33.12899,-9.49303],[33.12899,-9.49298],[33.12901,-9.49294],[33.12898,-9.49288],[33.12896,-9.4928],[33.12896,-9.4927],[33.12898,-9.49253],[33.129,-9.49234],[33.12912,-9.49235],[33.12912,-9.49215]]},"properties":{"id":798136812,"cls":"path","hw":"path","tg":"na","name":"","ref":"","surface":"","sc":"unknown","speed":null,"lit":"unk","km":0.189}},
{"type":"Feature","geometry":{"type":"LineString","coordinates":[[33.12912,-9.49235],[33.12937,-9.49245],[33.12953,-9.4926],[33.12955,-9.49264],[33.12954,-9.49264],[33.12959,-9.49274],[33.12963,-9.4928]]},"properties":{"id":798136814,"cls":"path","hw":"path","tg":"na","name":"","ref":"","surface":"","sc":"unknown","speed":null,"lit":"unk","km":0.08}},
{"type":"Feature","geometry":{"type":"LineString","coordinates":[[33.12955,-9.49264],[33.1293,-9.4926],[33.12916,-9.49265],[33.12912,-9.49268],[33.129,-9.49267],[33.12896,-9.4927],[33.12888,-9.49265],[33.1288,-9.49271],[33.12869,-9.49271],[33.1285,-9.49268],[33.12836,-9.49261],[33.12821,-9.4926],[33.12806,-9.4926],[33.1279,-9.49263],[33.12783,-9.4928],[33.12777,-9.49287],[33.12772,-9.49293],[33.12764,-9.49294],[33.12754,-9.49286],[33.12743,-9.49281],[33.12741,-9.49277]]},"properties":{"id":798136815,"cls":"path","hw":"path","tg":"na","name":"","ref":"","surface":"","sc":"unknown","speed":null,"lit":"unk","km":0.271}},
{"type":"Feature","geometry":{"type":"LineString","coordinates":[[33.12777,-9.49287],[33.12784,-9.49294],[33.12796,-9.49303],[33.12801,-9.49298],[33.12817,-9.49309],[33.12832,-9.4932],[33.12846,-9.49327],[33.12867,-9.49344],[33.12874,-9.4935],[33.1288,-9.49344],[33.12883,-9.49344],[33.12882,-9.49341]]},"properties":{"id":798136816,"cls":"path","hw":"path","tg":"na","name":"","ref":"","surface":"","sc":"unknown","speed":null,"lit":"unk","km":0.151}},
{"type":"Feature","geometry":{"type":"LineString","coordinates":[[33.12867,-9.49344],[33.12859,-9.49359]]},"properties":{"id":798136817,"cls":"path","hw":"path","tg":"na","name":"","ref":"","surface":"","sc":"unknown","speed":null,"lit":"unk","km":0.019}},
{"type":"Feature","geometry":{"type":"LineString","coordinates":[[33.12886,-9.49372],[33.1288,-9.49368],[33.12866,-9.49364],[33.12859,-9.49359],[33.12855,-9.49357],[33.12848,-9.49357],[33.12841,-9.49359],[33.12833,-9.49367],[33.12822,-9.49373],[33.1281,-9.49384],[33.12803,-9.49379],[33.128,-9.49383]]},"properties":{"id":798136818,"cls":"path","hw":"path","tg":"na","name":"","ref":"","surface":"","sc":"unknown","speed":null,"lit":"unk","km":0.113}},
{"type":"Feature","geometry":{"type":"LineString","coordinates":[[33.12744,-9.49343],[33.12739,-9.49348],[33.12731,-9.49344],[33.12724,-9.49341],[33.12715,-9.49335],[33.12708,-9.49333],[33.12703,-9.4933]]},"properties":{"id":798136820,"cls":"path","hw":"path","tg":"na","name":"","ref":"","surface":"","sc":"unknown","speed":null,"lit":"unk","km":0.052}},
{"type":"Feature","geometry":{"type":"LineString","coordinates":[[33.12707,-9.49309],[33.12705,-9.49306],[33.12701,-9.493],[33.12696,-9.49287],[33.12689,-9.49277],[33.12679,-9.49267],[33.12668,-9.49258],[33.12656,-9.4925],[33.12643,-9.49238]]},"properties":{"id":798136821,"cls":"path","hw":"path","tg":"na","name":"","ref":"","surface":"","sc":"unknown","speed":null,"lit":"unk","km":0.108}},
{"type":"Feature","geometry":{"type":"LineString","coordinates":[[33.12705,-9.49306],[33.12712,-9.49303],[33.12717,-9.49296],[33.12729,-9.49284],[33.12741,-9.49277],[33.12744,-9.49268],[33.12745,-9.49267],[33.12761,-9.49258]]},"properties":{"id":798136822,"cls":"path","hw":"path","tg":"na","name":"","ref":"","surface":"","sc":"unknown","speed":null,"lit":"unk","km":0.084}},
{"type":"Feature","geometry":{"type":"LineString","coordinates":[[33.1279,-9.49263],[33.12776,-9.49259],[33.12761,-9.49262],[33.12754,-9.49265],[33.12744,-9.49268],[33.12735,-9.49264],[33.12728,-9.49258],[33.1272,-9.49249],[33.12712,-9.49245],[33.12699,-9.49246],[33.12685,-9.49248],[33.1267,-9.49244],[33.12651,-9.49239],[33.12643,-9.49238],[33.12629,-9.49228]]},"properties":{"id":798136823,"cls":"path","hw":"path","tg":"na","name":"","ref":"","surface":"","sc":"unknown","speed":null,"lit":"unk","km":0.193}},
{"type":"Feature","geometry":{"type":"LineString","coordinates":[[33.13126,-9.49629],[33.13119,-9.4962],[33.1311,-9.49615],[33.13103,-9.49609],[33.13095,-9.49604],[33.13089,-9.49596],[33.13086,-9.49588],[33.13082,-9.49584],[33.13077,-9.49579],[33.13072,-9.49573]]},"properties":{"id":798136838,"cls":"path","hw":"path","tg":"na","name":"","ref":"","surface":"","sc":"unknown","speed":null,"lit":"unk","km":0.088}},
{"type":"Feature","geometry":{"type":"LineString","coordinates":[[33.13076,-9.49689],[33.13075,-9.49676],[33.13072,-9.49643],[33.13068,-9.49608],[33.13067,-9.49586],[33.13072,-9.49573],[33.13084,-9.49555],[33.13085,-9.49549],[33.13075,-9.49539],[33.13058,-9.49527],[33.13038,-9.49513],[33.13029,-9.49518]]},"properties":{"id":798136839,"cls":"path","hw":"path","tg":"na","name":"","ref":"","surface":"","sc":"unknown","speed":null,"lit":"unk","km":0.238}},
{"type":"Feature","geometry":{"type":"LineString","coordinates":[[33.13012,-9.49492],[33.13029,-9.49507],[33.13025,-9.49513],[33.13029,-9.49518]]},"properties":{"id":798136840,"cls":"path","hw":"path","tg":"na","name":"","ref":"","surface":"","sc":"unknown","speed":null,"lit":"unk","km":0.04}},
{"type":"Feature","geometry":{"type":"LineString","coordinates":[[33.13115,-9.49435],[33.13106,-9.49451],[33.13104,-9.49451],[33.13097,-9.49465],[33.13099,-9.49476],[33.13097,-9.49487],[33.13097,-9.49496],[33.13095,-9.49501],[33.13097,-9.49506],[33.13094,-9.49511],[33.13093,-9.4952],[33.1309,-9.49526],[33.13091,-9.49534],[33.13085,-9.49549]]},"properties":{"id":798136841,"cls":"path","hw":"path","tg":"na","name":"","ref":"","surface":"","sc":"unknown","speed":null,"lit":"unk","km":0.138}},
{"type":"Feature","geometry":{"type":"LineString","coordinates":[[33.13082,-9.4935],[33.13086,-9.49343],[33.1309,-9.49334],[33.13092,-9.49325],[33.13091,-9.49315],[33.1309,-9.49314],[33.13094,-9.49304],[33.13098,-9.49291],[33.13101,-9.49281],[33.13102,-9.49277],[33.131,-9.49271],[33.13097,-9.49266],[33.13085,-9.49261],[33.13067,-9.49249],[33.13054,-9.49241],[33.1305,-9.49236],[33.13039,-9.4923],[33.13017,-9.49216]]},"properties":{"id":798136842,"cls":"path","hw":"path","tg":"na","name":"","ref":"","surface":"","sc":"unknown","speed":null,"lit":"unk","km":0.204}},
{"type":"Feature","geometry":{"type":"LineString","coordinates":[[33.13101,-9.49281],[33.13107,-9.49284],[33.13122,-9.49297],[33.13131,-9.49303],[33.1314,-9.49312],[33.13155,-9.49322],[33.13158,-9.49323]]},"properties":{"id":798136843,"cls":"path","hw":"path","tg":"na","name":"","ref":"","surface":"","sc":"unknown","speed":null,"lit":"unk","km":0.079}},
{"type":"Feature","geometry":{"type":"LineString","coordinates":[[33.12334,-9.4942],[33.12327,-9.49418],[33.12313,-9.49415],[33.12305,-9.49415],[33.123,-9.49412],[33.12299,-9.4941],[33.12296,-9.49409],[33.12288,-9.49403]]},"properties":{"id":798136844,"cls":"path","hw":"path","tg":"na","name":"","ref":"","surface":"","sc":"unknown","speed":null,"lit":"unk","km":0.056}},
{"type":"Feature","geometry":{"type":"LineString","coordinates":[[33.12212,-9.4925],[33.1223,-9.4926],[33.12237,-9.49264],[33.12257,-9.49271],[33.12261,-9.49273],[33.12264,-9.4928],[33.12257,-9.49292]]},"properties":{"id":798140608,"cls":"path","hw":"path","tg":"na","name":"","ref":"","surface":"","sc":"unknown","speed":null,"lit":"unk","km":0.084}},
{"type":"Feature","geometry":{"type":"LineString","coordinates":[[33.12257,-9.49271],[33.12267,-9.49267],[33.12272,-9.49264],[33.12273,-9.49262],[33.12282,-9.49254],[33.12295,-9.49248],[33.12299,-9.49248],[33.12307,-9.49239]]},"properties":{"id":798140609,"cls":"path","hw":"path","tg":"na","name":"","ref":"","surface":"","sc":"unknown","speed":null,"lit":"unk","km":0.067}},
{"type":"Feature","geometry":{"type":"LineString","coordinates":[[33.12275,-9.49318],[33.12302,-9.49317],[33.12307,-9.49328],[33.12292,-9.49341]]},"properties":{"id":798140610,"cls":"path","hw":"path","tg":"na","name":"","ref":"","surface":"","sc":"unknown","speed":null,"lit":"unk","km":0.065}},
{"type":"Feature","geometry":{"type":"LineString","coordinates":[[33.1223,-9.4926],[33.12258,-9.49234]]},"properties":{"id":798140613,"cls":"path","hw":"path","tg":"na","name":"","ref":"","surface":"","sc":"unknown","speed":null,"lit":"unk","km":0.042}},
{"type":"Feature","geometry":{"type":"LineString","coordinates":[[33.12267,-9.49267],[33.12269,-9.49261],[33.12264,-9.49253],[33.12258,-9.49234]]},"properties":{"id":798140614,"cls":"path","hw":"path","tg":"na","name":"","ref":"","surface":"","sc":"unknown","speed":null,"lit":"unk","km":0.04}},
{"type":"Feature","geometry":{"type":"LineString","coordinates":[[33.12302,-9.49317],[33.12315,-9.4931],[33.12317,-9.49301],[33.12316,-9.49296],[33.12323,-9.49294]]},"properties":{"id":798140615,"cls":"path","hw":"path","tg":"na","name":"","ref":"","surface":"","sc":"unknown","speed":null,"lit":"unk","km":0.04}},
{"type":"Feature","geometry":{"type":"LineString","coordinates":[[33.12323,-9.49294],[33.1233,-9.4929],[33.12349,-9.49278],[33.12358,-9.49274],[33.12376,-9.49264],[33.12447,-9.49237]]},"properties":{"id":798140616,"cls":"path","hw":"path","tg":"na","name":"","ref":"","surface":"","sc":"unknown","speed":null,"lit":"unk","km":0.151}},
{"type":"Feature","geometry":{"type":"LineString","coordinates":[[33.12212,-9.4925],[33.12207,-9.49252],[33.1218,-9.49252],[33.12154,-9.49252],[33.12139,-9.49252],[33.12131,-9.4925],[33.12113,-9.49252],[33.12098,-9.49261],[33.12093,-9.49269],[33.12088,-9.49272],[33.12082,-9.49273],[33.12076,-9.49277],[33.12068,-9.49287],[33.12062,-9.49296],[33.1206,-9.49306],[33.12055,-9.49321],[33.12057,-9.4933],[33.12063,-9.49344],[33.12065,-9.49357]]},"properties":{"id":798140625,"cls":"path","hw":"path","tg":"na","name":"","ref":"","surface":"","sc":"unknown","speed":null,"lit":"unk","km":0.257}},
{"type":"Feature","geometry":{"type":"LineString","coordinates":[[33.12055,-9.49321],[33.12051,-9.49328],[33.1205,-9.49332],[33.12047,-9.49336],[33.12045,-9.49351],[33.1204,-9.49361],[33.12035,-9.49378],[33.12032,-9.49393],[33.12024,-9.49413],[33.12019,-9.49426],[33.12012,-9.49438],[33.12002,-9.49455]]},"properties":{"id":798140626,"cls":"path","hw":"path","tg":"na","name":"","ref":"","surface":"","sc":"unknown","speed":null,"lit":"unk","km":0.162}},
{"type":"Feature","geometry":{"type":"LineString","coordinates":[[33.12028,-9.49504],[33.12015,-9.49482],[33.12008,-9.49467],[33.12002,-9.49455],[33.11997,-9.49434],[33.11994,-9.4942],[33.11989,-9.4941],[33.11987,-9.49398],[33.11985,-9.49378],[33.11983,-9.49365],[33.11981,-9.49358],[33.11974,-9.49343],[33.11969,-9.49333],[33.11957,-9.49317],[33.11948,-9.49307],[33.1194,-9.49296],[33.11937,-9.49288],[33.1193,-9.49277],[33.11921,-9.49267],[33.11914,-9.49259],[33.11906,-9.49242]]},"properties":{"id":798140627,"cls":"path","hw":"path","tg":"na","name":"","ref":"","surface":"","sc":"unknown","speed":null,"lit":"unk","km":0.327}},
{"type":"Feature","geometry":{"type":"LineString","coordinates":[[33.12062,-9.49296],[33.12058,-9.49297],[33.12052,-9.49301],[33.1205,-9.49303],[33.12039,-9.49303],[33.12032,-9.49305],[33.12026,-9.49305],[33.1202,-9.49309],[33.12014,-9.49315],[33.12011,-9.49319],[33.12007,-9.49319],[33.12003,-9.49316],[33.11995,-9.49311],[33.11988,-9.49318],[33.1199,-9.49326],[33.11993,-9.49331],[33.11996,-9.49335],[33.11991,-9.49342],[33.11986,-9.49348],[33.11981,-9.49357],[33.11981,-9.49358]]},"properties":{"id":798140628,"cls":"path","hw":"path","tg":"na","name":"","ref":"","surface":"","sc":"unknown","speed":null,"lit":"unk","km":0.148}},
{"type":"Feature","geometry":{"type":"LineString","coordinates":[[33.11969,-9.49333],[33.11974,-9.49324],[33.11978,-9.49319],[33.11988,-9.49318]]},"properties":{"id":798140629,"cls":"path","hw":"path","tg":"na","name":"","ref":"","surface":"","sc":"unknown","speed":null,"lit":"unk","km":0.03}},
{"type":"Feature","geometry":{"type":"LineString","coordinates":[[33.11995,-9.49311],[33.11989,-9.49306],[33.11983,-9.49308],[33.11973,-9.49299],[33.11978,-9.49291],[33.11979,-9.49285],[33.11971,-9.49273]]},"properties":{"id":798140630,"cls":"path","hw":"path","tg":"na","name":"","ref":"","surface":"","sc":"unknown","speed":null,"lit":"unk","km":0.064}},
{"type":"Feature","geometry":{"type":"LineString","coordinates":[[33.11978,-9.49319],[33.11982,-9.49312],[33.11983,-9.49308]]},"properties":{"id":798140631,"cls":"path","hw":"path","tg":"na","name":"","ref":"","surface":"","sc":"unknown","speed":null,"lit":"unk","km":0.014}},
{"type":"Feature","geometry":{"type":"LineString","coordinates":[[33.12055,-9.49321],[33.12053,-9.49312],[33.12054,-9.49303],[33.12052,-9.49301],[33.12049,-9.49293],[33.12044,-9.49287],[33.1204,-9.49281],[33.12041,-9.49274],[33.12038,-9.49268],[33.12033,-9.49262],[33.12031,-9.49259],[33.12031,-9.49254],[33.12029,-9.49251],[33.12024,-9.4925],[33.12023,-9.49244],[33.12017,-9.49236],[33.12015,-9.49229],[33.12019,-9.49219]]},"properties":{"id":798140632,"cls":"path","hw":"path","tg":"na","name":"","ref":"","surface":"","sc":"unknown","speed":null,"lit":"unk","km":0.13}},
{"type":"Feature","geometry":{"type":"LineString","coordinates":[[33.12113,-9.49252],[33.12117,-9.49245],[33.12117,-9.49236],[33.1212,-9.49226],[33.12123,-9.49211],[33.12124,-9.49203],[33.12128,-9.49187]]},"properties":{"id":798140633,"cls":"path","hw":"path","tg":"na","name":"","ref":"","surface":"","sc":"unknown","speed":null,"lit":"unk","km":0.075}},
{"type":"Feature","geometry":{"type":"LineString","coordinates":[[33.11969,-9.49333],[33.11957,-9.49334],[33.1195,-9.49338],[33.11945,-9.49338],[33.11935,-9.49345],[33.11926,-9.49352],[33.11923,-9.49356],[33.11923,-9.49362],[33.11921,-9.49367],[33.11912,-9.49375],[33.11899,-9.49388],[33.11893,-9.49388],[33.11884,-9.49389],[33.11885,-9.49395],[33.11883,-9.494]]},"properties":{"id":798140634,"cls":"path","hw":"path","tg":"na","name":"","ref":"","surface":"","sc":"unknown","speed":null,"lit":"unk","km":0.135}},
{"type":"Feature","geometry":{"type":"LineString","coordinates":[[33.12062,-9.4959],[33.1209,-9.4957],[33.12101,-9.49566],[33.12107,-9.49559]]},"properties":{"id":798140647,"cls":"path","hw":"path","tg":"na","name":"","ref":"","surface":"","sc":"unknown","speed":null,"lit":"unk","km":0.061}},
{"type":"Feature","geometry":{"type":"LineString","coordinates":[[33.12246,-9.49426],[33.12243,-9.49434],[33.1224,-9.49439],[33.12237,-9.49444],[33.12244,-9.49449],[33.12252,-9.4946],[33.12253,-9.49463],[33.12251,-9.49466],[33.12251,-9.49472],[33.12248,-9.49475],[33.12245,-9.49482],[33.12243,-9.49489],[33.12237,-9.49493],[33.12236,-9.49498],[33.12236,-9.49509],[33.12238,-9.49516],[33.12242,-9.49523],[33.12245,-9.49532],[33.12244,-9.49547],[33.1225,-9.49551]]},"properties":{"id":798149391,"cls":"path","hw":"path","tg":"na","name":"","ref":"","surface":"","sc":"unknown","speed":null,"lit":"unk","km":0.16}},
{"type":"Feature","geometry":{"type":"LineString","coordinates":[[33.12157,-9.49493],[33.12169,-9.49502],[33.12177,-9.4951],[33.12184,-9.49512],[33.12192,-9.49521],[33.12197,-9.49526],[33.12205,-9.49532],[33.12215,-9.49535],[33.12234,-9.49541],[33.12244,-9.49547]]},"properties":{"id":798149392,"cls":"path","hw":"path","tg":"na","name":"","ref":"","surface":"","sc":"unknown","speed":null,"lit":"unk","km":0.115}},
{"type":"Feature","geometry":{"type":"LineString","coordinates":[[33.12215,-9.49535],[33.12219,-9.49531],[33.1222,-9.49526],[33.12231,-9.49524],[33.12238,-9.49516]]},"properties":{"id":798149393,"cls":"path","hw":"path","tg":"na","name":"","ref":"","surface":"","sc":"unknown","speed":null,"lit":"unk","km":0.036}},
{"type":"Feature","geometry":{"type":"LineString","coordinates":[[33.1225,-9.49692],[33.12264,-9.49698],[33.12264,-9.49701],[33.12271,-9.49705],[33.12273,-9.49707],[33.12272,-9.4971],[33.12259,-9.49753],[33.12252,-9.49786],[33.12249,-9.49803],[33.12248,-9.49803],[33.12245,-9.49817],[33.1224,-9.49825]]},"properties":{"id":798149395,"cls":"path","hw":"path","tg":"na","name":"","ref":"","surface":"","sc":"unknown","speed":null,"lit":"unk","km":0.17}},
{"type":"Feature","geometry":{"type":"LineString","coordinates":[[33.12037,-9.49732],[33.12054,-9.49754],[33.12056,-9.49774],[33.12062,-9.49818],[33.12068,-9.49848],[33.12067,-9.49858]]},"properties":{"id":798149405,"cls":"path","hw":"path","tg":"na","name":"","ref":"","surface":"","sc":"unknown","speed":null,"lit":"unk","km":0.148}},
{"type":"Feature","geometry":{"type":"LineString","coordinates":[[33.11977,-9.49816],[33.11973,-9.49812],[33.11967,-9.49809],[33.11951,-9.49789],[33.11943,-9.4978],[33.11938,-9.4977],[33.11936,-9.49755],[33.11934,-9.49748],[33.1193,-9.49743],[33.11928,-9.49733],[33.11922,-9.49724],[33.11919,-9.49709],[33.1191,-9.49694],[33.11895,-9.49674],[33.11887,-9.49651],[33.11879,-9.49642],[33.11877,-9.49639],[33.11875,-9.49634],[33.11873,-9.49628],[33.11864,-9.49621],[33.11855,-9.49613],[33.11846,-9.49603],[33.11836,-9.49594],[33.11822,-9.49585],[33.1181,-9.49577],[33.11807,-9.49572],[33.11803,-9.49571],[33.11793,-9.49561]]},"properties":{"id":798149412,"cls":"path","hw":"path","tg":"na","name":"","ref":"","surface":"","sc":"unknown","speed":null,"lit":"unk","km":0.361}},
{"type":"Feature","geometry":{"type":"LineString","coordinates":[[33.11734,-9.49497],[33.11745,-9.49518]]},"properties":{"id":798149413,"cls":"path","hw":"path","tg":"na","name":"","ref":"","surface":"","sc":"unknown","speed":null,"lit":"unk","km":0.026}},
{"type":"Feature","geometry":{"type":"LineString","coordinates":[[33.11784,-9.49444],[33.11788,-9.49448],[33.11811,-9.4946],[33.11819,-9.4947],[33.11829,-9.49481],[33.11831,-9.49488],[33.1184,-9.49498],[33.11853,-9.49509]]},"properties":{"id":798149414,"cls":"path","hw":"path","tg":"na","name":"","ref":"","surface":"","sc":"unknown","speed":null,"lit":"unk","km":0.107}},
{"type":"Feature","geometry":{"type":"LineString","coordinates":[[33.11735,-9.49522],[33.11725,-9.49526],[33.11723,-9.49534],[33.11717,-9.49544],[33.11719,-9.49548],[33.11723,-9.49558],[33.11718,-9.49573],[33.11718,-9.49584],[33.11726,-9.49604]]},"properties":{"id":798149417,"cls":"path","hw":"path","tg":"na","name":"","ref":"","surface":"","sc":"unknown","speed":null,"lit":"unk","km":0.105}},
{"type":"Feature","geometry":{"type":"LineString","coordinates":[[33.11692,-9.49515],[33.11697,-9.49521],[33.117,-9.49524],[33.11695,-9.49535],[33.11693,-9.49543],[33.11683,-9.49558],[33.11677,-9.49564],[33.11674,-9.49569],[33.11656,-9.49578],[33.11646,-9.49585],[33.11626,-9.49588],[33.11626,-9.49589],[33.11624,-9.49594],[33.11622,-9.49595],[33.11621,-9.49596],[33.1162,-9.49603],[33.1162,-9.49607],[33.11622,-9.49611],[33.11625,-9.49617],[33.11624,-9.49627],[33.11623,-9.49642],[33.11623,-9.49652]]},"properties":{"id":798149418,"cls":"path","hw":"path","tg":"na","name":"","ref":"","surface":"","sc":"unknown","speed":null,"lit":"unk","km":0.204}},
{"type":"Feature","geometry":{"type":"LineString","coordinates":[[33.11803,-9.49571],[33.11784,-9.49572],[33.11759,-9.49587],[33.11726,-9.49604],[33.11698,-9.49622],[33.11675,-9.49633],[33.11652,-9.4964],[33.11641,-9.49644],[33.11623,-9.49652],[33.11585,-9.49649],[33.11556,-9.49648],[33.1154,-9.4965],[33.11527,-9.4966]]},"properties":{"id":798149419,"cls":"path","hw":"path","tg":"na","name":"","ref":"","surface":"","sc":"unknown","speed":null,"lit":"unk","km":0.329}},
{"type":"Feature","geometry":{"type":"LineString","coordinates":[[33.11663,-9.49881],[33.11665,-9.49895],[33.1166,-9.49915],[33.11657,-9.49925],[33.11655,-9.49929],[33.11648,-9.49951],[33.11642,-9.49977]]},"properties":{"id":798149420,"cls":"path","hw":"path","tg":"na","name":"","ref":"","surface":"","sc":"unknown","speed":null,"lit":"unk","km":0.11}},
{"type":"Feature","geometry":{"type":"LineString","coordinates":[[33.11694,-9.49899],[33.11681,-9.49909],[33.11673,-9.4992],[33.11657,-9.49925]]},"properties":{"id":798149421,"cls":"path","hw":"path","tg":"na","name":"","ref":"","surface":"","sc":"unknown","speed":null,"lit":"unk","km":0.052}},
{"type":"Feature","geometry":{"type":"LineString","coordinates":[[33.11694,-9.49899],[33.11709,-9.49883],[33.11713,-9.4987],[33.11723,-9.49854],[33.11726,-9.49846],[33.11739,-9.49832],[33.1175,-9.49804],[33.11764,-9.49778],[33.11771,-9.49746],[33.11789,-9.49711],[33.1179,-9.49699],[33.11802,-9.49681],[33.1182,-9.49664],[33.11841,-9.49643],[33.11855,-9.49639],[33.11873,-9.49628]]},"properties":{"id":798149422,"cls":"path","hw":"path","tg":"na","name":"","ref":"","surface":"","sc":"unknown","speed":null,"lit":"unk","km":0.374}},
{"type":"Feature","geometry":{"type":"LineString","coordinates":[[33.11873,-9.49628],[33.1189,-9.49616],[33.11899,-9.49607],[33.11914,-9.49597],[33.11927,-9.49586],[33.11932,-9.49571],[33.11944,-9.49556],[33.1195,-9.49539],[33.11963,-9.49515],[33.11969,-9.49503],[33.11964,-9.49493]]},"properties":{"id":798149423,"cls":"path","hw":"path","tg":"na","name":"","ref":"","surface":"","sc":"unknown","speed":null,"lit":"unk","km":0.192}},
{"type":"Feature","geometry":{"type":"LineString","coordinates":[[33.11855,-9.49613],[33.11879,-9.4961],[33.11899,-9.49607],[33.11914,-9.49607],[33.11928,-9.49609],[33.11938,-9.49616],[33.11961,-9.49619],[33.11974,-9.49615],[33.11985,-9.49611],[33.11992,-9.49603],[33.1201,-9.49597],[33.1202,-9.49597],[33.12033,-9.49595],[33.12043,-9.49596],[33.12051,-9.49594],[33.12061,-9.49592]]},"properties":{"id":798149424,"cls":"path","hw":"path","tg":"na","name":"","ref":"","surface":"","sc":"unknown","speed":null,"lit":"unk","km":0.237}},
{"type":"Feature","geometry":{"type":"LineString","coordinates":[[33.12065,-9.49357],[33.12069,-9.49359],[33.12078,-9.49372],[33.12089,-9.49387],[33.12095,-9.49391],[33.12096,-9.49397],[33.12105,-9.49406],[33.12111,-9.49414],[33.12113,-9.4942],[33.12114,-9.49427],[33.12114,-9.49434],[33.12116,-9.4945],[33.12113,-9.49458],[33.12112,-9.49464],[33.12113,-9.49472],[33.12114,-9.49474],[33.12121,-9.49475],[33.12125,-9.49478],[33.12128,-9.49478],[33.12133,-9.49486],[33.12137,-9.49488],[33.12144,-9.49491],[33.1215,-9.49494],[33.12155,-9.49493],[33.12157,-9.49493]]},"properties":{"id":798149425,"cls":"path","hw":"path","tg":"na","name":"","ref":"","surface":"","sc":"unknown","speed":null,"lit":"unk","km":0.207}},
{"type":"Feature","geometry":{"type":"LineString","coordinates":[[33.11824,-9.49219],[33.11825,-9.49226],[33.11832,-9.49237],[33.11831,-9.49254],[33.11833,-9.49276],[33.11836,-9.49286],[33.11838,-9.49321],[33.11843,-9.4933],[33.11853,-9.49341],[33.11865,-9.49361],[33.11884,-9.49389]]},"properties":{"id":798149426,"cls":"path","hw":"path","tg":"na","name":"","ref":"","surface":"","sc":"unknown","speed":null,"lit":"unk","km":0.208}},
{"type":"Feature","geometry":{"type":"LineString","coordinates":[[33.11285,-9.49462],[33.11298,-9.49451],[33.11308,-9.49434],[33.11312,-9.49432],[33.11321,-9.4942],[33.11333,-9.494],[33.11345,-9.49387],[33.11348,-9.4938],[33.11364,-9.4936],[33.11371,-9.4935],[33.11381,-9.49332],[33.11394,-9.49308]]},"properties":{"id":798149428,"cls":"path","hw":"path","tg":"na","name":"","ref":"","surface":"","sc":"unknown","speed":null,"lit":"unk","km":0.211}},
{"type":"Feature","geometry":{"type":"LineString","coordinates":[[33.11365,-9.49276],[33.11349,-9.49275],[33.11341,-9.49278],[33.11332,-9.49272],[33.1132,-9.49262],[33.11309,-9.49253],[33.11308,-9.49247],[33.11306,-9.49241]]},"properties":{"id":798149432,"cls":"path","hw":"path","tg":"na","name":"","ref":"","surface":"","sc":"unknown","speed":null,"lit":"unk","km":0.086}},
{"type":"Feature","geometry":{"type":"LineString","coordinates":[[33.11629,-9.49358],[33.11622,-9.49347],[33.11612,-9.49341],[33.11608,-9.49319],[33.11601,-9.49301],[33.11594,-9.49284],[33.11581,-9.49265],[33.11561,-9.49248],[33.11536,-9.49238],[33.11521,-9.49235],[33.11511,-9.49229],[33.11496,-9.49222],[33.11473,-9.49218],[33.1145,-9.49212],[33.11441,-9.49205]]},"properties":{"id":798149434,"cls":"path","hw":"path","tg":"na","name":"","ref":"","surface":"","sc":"unknown","speed":null,"lit":"unk","km":0.29}},
{"type":"Feature","geometry":{"type":"LineString","coordinates":[[33.11493,-9.49537],[33.11472,-9.49542],[33.11445,-9.49554],[33.11427,-9.49561],[33.11404,-9.49569],[33.11395,-9.49578]]},"properties":{"id":798149436,"cls":"path","hw":"path","tg":"na","name":"","ref":"","surface":"","sc":"unknown","speed":null,"lit":"unk","km":0.118}},
{"type":"Feature","geometry":{"type":"LineString","coordinates":[[33.11572,-9.49771],[33.11545,-9.49758],[33.11518,-9.49748],[33.11505,-9.49744],[33.115,-9.49734],[33.11492,-9.49727],[33.11489,-9.49721],[33.11475,-9.49715],[33.1145,-9.49708],[33.11443,-9.49701],[33.11421,-9.49688],[33.11414,-9.49686],[33.11411,-9.49684],[33.11395,-9.49674],[33.11388,-9.49669],[33.11353,-9.49648],[33.11326,-9.49628],[33.11316,-9.49622],[33.11306,-9.49623],[33.11293,-9.49627],[33.11272,-9.4963],[33.11259,-9.49629]]},"properties":{"id":798149438,"cls":"path","hw":"path","tg":"na","name":"","ref":"","surface":"","sc":"unknown","speed":null,"lit":"unk","km":0.396}},
{"type":"Feature","geometry":{"type":"LineString","coordinates":[[33.11259,-9.49629],[33.11238,-9.49628],[33.11222,-9.49625],[33.11217,-9.49626],[33.11197,-9.49622],[33.11177,-9.49625],[33.11167,-9.49632]]},"properties":{"id":798149439,"cls":"path","hw":"path","tg":"na","name":"","ref":"","surface":"","sc":"unknown","speed":null,"lit":"unk","km":0.105}},
{"type":"Feature","geometry":{"type":"LineString","coordinates":[[33.11395,-9.49674],[33.11389,-9.49686],[33.11382,-9.49693],[33.11374,-9.49711],[33.11361,-9.4973],[33.11349,-9.49739],[33.11334,-9.49749],[33.11321,-9.4975],[33.113,-9.49761],[33.11288,-9.49766],[33.11277,-9.49772],[33.11263,-9.49782]]},"properties":{"id":798149440,"cls":"path","hw":"path","tg":"na","name":"","ref":"","surface":"","sc":"unknown","speed":null,"lit":"unk","km":0.197}},
{"type":"Feature","geometry":{"type":"LineString","coordinates":[[33.113,-9.49932],[33.1131,-9.49918],[33.11322,-9.49913],[33.11334,-9.49898]]},"properties":{"id":798149442,"cls":"path","hw":"path","tg":"na","name":"","ref":"","surface":"","sc":"unknown","speed":null,"lit":"unk","km":0.055}},
{"type":"Feature","geometry":{"type":"LineString","coordinates":[[33.02816,-9.49237],[33.02828,-9.49206],[33.02829,-9.4917],[33.02829,-9.49159],[33.02884,-9.49121],[33.02895,-9.49108],[33.0288,-9.49098],[33.02876,-9.49105],[33.02848,-9.49098],[33.02825,-9.49102],[33.0273,-9.49074],[33.02652,-9.49065],[33.02621,-9.49068],[33.02604,-9.49068],[33.02576,-9.49062],[33.02552,-9.49056],[33.02536,-9.49057],[33.02479,-9.49054]]},"properties":{"id":798853391,"cls":"path","hw":"path","tg":"na","name":"","ref":"","surface":"","sc":"unknown","speed":null,"lit":"unk","km":0.654}},
{"type":"Feature","geometry":{"type":"LineString","coordinates":[[33.02479,-9.49054],[33.02525,-9.49094],[33.02555,-9.49114],[33.02579,-9.49128],[33.02629,-9.49176],[33.02643,-9.49211],[33.02644,-9.49223],[33.02655,-9.49239]]},"properties":{"id":798853392,"cls":"path","hw":"path","tg":"na","name":"","ref":"","surface":"","sc":"unknown","speed":null,"lit":"unk","km":0.291}},
{"type":"Feature","geometry":{"type":"LineString","coordinates":[[33.04443,-9.4703],[33.04456,-9.47063],[33.04466,-9.47069],[33.04488,-9.47096],[33.04492,-9.4712],[33.04456,-9.47133]]},"properties":{"id":798853409,"cls":"path","hw":"path","tg":"na","name":"","ref":"","surface":"","sc":"unknown","speed":null,"lit":"unk","km":0.16}},
{"type":"Feature","geometry":{"type":"LineString","coordinates":[[33.04576,-9.47079],[33.04557,-9.47114]]},"properties":{"id":798853410,"cls":"path","hw":"path","tg":"na","name":"","ref":"","surface":"","sc":"unknown","speed":null,"lit":"unk","km":0.044}},
{"type":"Feature","geometry":{"type":"LineString","coordinates":[[33.02489,-9.48337],[33.02495,-9.48357],[33.02502,-9.48428],[33.02503,-9.48466],[33.02486,-9.48496],[33.02466,-9.48527],[33.02465,-9.48535],[33.02459,-9.48544],[33.02455,-9.48559],[33.0244,-9.48566],[33.02407,-9.48565],[33.02396,-9.48566],[33.02367,-9.48567],[33.02368,-9.48591],[33.02354,-9.48609],[33.02345,-9.48612],[33.02322,-9.48626],[33.02306,-9.48633],[33.02297,-9.4865],[33.02284,-9.48657],[33.02281,-9.48669]]},"properties":{"id":798853411,"cls":"path","hw":"path","tg":"na","name":"","ref":"","surface":"","sc":"unknown","speed":null,"lit":"unk","km":0.523}},
{"type":"Feature","geometry":{"type":"LineString","coordinates":[[33.03701,-9.47093],[33.0366,-9.47144],[33.03638,-9.47186],[33.03647,-9.47198],[33.03659,-9.47324]]},"properties":{"id":798853412,"cls":"path","hw":"path","tg":"na","name":"","ref":"","surface":"","sc":"unknown","speed":null,"lit":"unk","km":0.282}},
{"type":"Feature","geometry":{"type":"LineString","coordinates":[[33.03659,-9.47324],[33.03653,-9.47429],[33.03668,-9.475]]},"properties":{"id":798857859,"cls":"path","hw":"path","tg":"na","name":"","ref":"","surface":"","sc":"unknown","speed":null,"lit":"unk","km":0.198}},
{"type":"Feature","geometry":{"type":"LineString","coordinates":[[33.04122,-9.47054],[33.04085,-9.47085]]},"properties":{"id":798857874,"cls":"path","hw":"path","tg":"na","name":"","ref":"","surface":"","sc":"unknown","speed":null,"lit":"unk","km":0.053}},
{"type":"Feature","geometry":{"type":"LineString","coordinates":[[33.04085,-9.47085],[33.04049,-9.47108],[33.04047,-9.47122],[33.0402,-9.47149]]},"properties":{"id":798857875,"cls":"path","hw":"path","tg":"na","name":"","ref":"","surface":"","sc":"unknown","speed":null,"lit":"unk","km":0.105}},
{"type":"Feature","geometry":{"type":"LineString","coordinates":[[33.11836,-9.49973],[33.11884,-9.5],[33.11957,-9.50043],[33.1203,-9.50094],[33.12031,-9.50095],[33.12095,-9.50141],[33.12141,-9.50174],[33.12167,-9.50198],[33.12187,-9.50225],[33.12228,-9.50273],[33.12253,-9.50291],[33.12262,-9.50293],[33.12278,-9.50295]]},"properties":{"id":798976949,"cls":"unclassified","hw":"unclassified","tg":"na","name":"","ref":"","surface":"","sc":"unknown","speed":null,"lit":"unk","km":0.611}},
{"type":"Feature","geometry":{"type":"LineString","coordinates":[[33.11297,-9.49433],[33.11308,-9.49434]]},"properties":{"id":798977208,"cls":"path","hw":"path","tg":"na","name":"","ref":"","surface":"","sc":"unknown","speed":null,"lit":"unk","km":0.012}},
{"type":"Feature","geometry":{"type":"LineString","coordinates":[[33.11273,-9.49476],[33.11286,-9.49492],[33.11289,-9.49499],[33.11296,-9.49505],[33.11305,-9.49519],[33.11316,-9.49526],[33.11336,-9.49545],[33.11346,-9.49555],[33.11352,-9.49567],[33.1136,-9.4958],[33.11369,-9.49592],[33.1138,-9.49622],[33.11387,-9.49643],[33.11397,-9.49653],[33.11404,-9.49669],[33.11411,-9.49684]]},"properties":{"id":798977209,"cls":"path","hw":"path","tg":"na","name":"","ref":"","surface":"","sc":"unknown","speed":null,"lit":"unk","km":0.282}},
{"type":"Feature","geometry":{"type":"LineString","coordinates":[[33.00006,-9.4898],[33.00005,-9.48986],[32.99988,-9.48984],[32.99945,-9.49006],[32.99913,-9.4901],[32.99898,-9.49014],[32.99886,-9.49013],[32.99873,-9.49015],[32.99844,-9.49007],[32.99815,-9.49015],[32.99764,-9.4902],[32.99739,-9.49017],[32.99725,-9.49027],[32.99695,-9.49015],[32.99673,-9.49002],[32.99653,-9.49006],[32.99639,-9.49009],[32.99619,-9.49001]]},"properties":{"id":798978364,"cls":"path","hw":"path","tg":"na","name":"","ref":"","surface":"","sc":"unknown","speed":null,"lit":"unk","km":0.453}},
{"type":"Feature","geometry":{"type":"LineString","coordinates":[[33.00254,-9.48954],[33.00244,-9.48953],[33.0022,-9.48951],[33.002,-9.48954],[33.00147,-9.48955],[33.00123,-9.48966],[33.00089,-9.48977]]},"properties":{"id":798978386,"cls":"path","hw":"path","tg":"na","name":"","ref":"","surface":"","sc":"unknown","speed":null,"lit":"unk","km":0.186}},
{"type":"Feature","geometry":{"type":"LineString","coordinates":[[33.00024,-9.48814],[33.00028,-9.4884],[33.00033,-9.4886],[33.00048,-9.48881],[33.00055,-9.48897],[33.0006,-9.48908]]},"properties":{"id":798978387,"cls":"path","hw":"path","tg":"na","name":"","ref":"","surface":"","sc":"unknown","speed":null,"lit":"unk","km":0.113}},
{"type":"Feature","geometry":{"type":"LineString","coordinates":[[33.00309,-9.48612],[33.00246,-9.48533],[33.00206,-9.48468]]},"properties":{"id":798978388,"cls":"path","hw":"path","tg":"na","name":"","ref":"","surface":"","sc":"unknown","speed":null,"lit":"unk","km":0.196}},
{"type":"Feature","geometry":{"type":"LineString","coordinates":[[33.00142,-9.48449],[33.00182,-9.48449],[33.00205,-9.4844]]},"properties":{"id":798978389,"cls":"path","hw":"path","tg":"na","name":"","ref":"","surface":"","sc":"unknown","speed":null,"lit":"unk","km":0.071}},
{"type":"Feature","geometry":{"type":"LineString","coordinates":[[33.00282,-9.48967],[33.00268,-9.48953],[33.00261,-9.48939],[33.00263,-9.48926],[33.00258,-9.48909],[33.00256,-9.48898],[33.00254,-9.48885],[33.0025,-9.48869],[33.00248,-9.48863],[33.00237,-9.48855],[33.00211,-9.48838],[33.00184,-9.4881],[33.00178,-9.48802],[33.00165,-9.48784],[33.00164,-9.48768],[33.0016,-9.48757],[33.00163,-9.48747],[33.00161,-9.48734],[33.00153,-9.4872],[33.00142,-9.48686],[33.00118,-9.48722],[33.00087,-9.48753],[33.0007,-9.48768],[33.00056,-9.48769]]},"properties":{"id":798978391,"cls":"path","hw":"path","tg":"na","name":"","ref":"","surface":"","sc":"unknown","speed":null,"lit":"unk","km":0.505}},
{"type":"Feature","geometry":{"type":"LineString","coordinates":[[33.00216,-9.48366],[33.00182,-9.48449],[33.0017,-9.485],[33.00163,-9.4854],[33.00159,-9.48553],[33.00157,-9.4858],[33.00154,-9.4861],[33.00147,-9.48645],[33.00142,-9.48686],[33.00134,-9.48729],[33.0013,-9.48759],[33.00118,-9.48795],[33.00091,-9.48843],[33.00076,-9.4887],[33.00071,-9.48887],[33.0006,-9.48908],[33.00057,-9.48913],[33.00052,-9.48929],[33.00029,-9.48955],[33.00018,-9.4897],[33.00011,-9.48974],[33.00006,-9.4898],[33.00004,-9.48983],[32.99968,-9.49043],[32.99952,-9.49074],[32.99934,-9.49109],[32.99921,-9.49123],[32.99906,-9.49137],[32.99898,-9.49143],[32.99895,-9.4916],[32.99895,-9.49182],[32.99898,-9.49189],[32.99891,-9.49205],[32.99894,-9.49214],[32.99892,-9.49225],[32.99891,-9.49255],[32.99888,-9.49285],[32.99891,-9.49323],[32.99889,-9.49345],[32.99886,-9.4937],[32.99887,-9.49391],[32.99899,-9.49416],[32.999,-9.49427],[32.99893,-9.49432]]},"properties":{"id":798978394,"cls":"path","hw":"path","tg":"na","name":"","ref":"","surface":"","sc":"unknown","speed":null,"lit":"unk","km":1.285}},
{"type":"Feature","geometry":{"type":"LineString","coordinates":[[33.00076,-9.4857],[33.00044,-9.48594],[33.00001,-9.48635],[32.9995,-9.48684],[32.99925,-9.4871],[32.99916,-9.48722],[32.99902,-9.48742],[32.99847,-9.48792],[32.99786,-9.4885],[32.99773,-9.48863],[32.99706,-9.48926],[32.99661,-9.48973],[32.99628,-9.48999],[32.99619,-9.49001],[32.99611,-9.49002],[32.99594,-9.48996],[32.99576,-9.49012],[32.9957,-9.49016],[32.99558,-9.49036],[32.99544,-9.49056],[32.9953,-9.49068],[32.995,-9.4912],[32.9949,-9.49138],[32.99487,-9.49147],[32.99474,-9.49166],[32.99468,-9.49178],[32.99462,-9.49184],[32.99459,-9.49189],[32.99457,-9.49195],[32.99444,-9.49239],[32.99442,-9.49245],[32.99439,-9.49259],[32.9944,-9.49276],[32.99444,-9.49296],[32.9945,-9.49336],[32.99454,-9.49374],[32.99471,-9.49413],[32.99477,-9.49425],[32.99481,-9.49432],[32.99487,-9.49452],[32.99492,-9.49455],[32.99494,-9.49463]]},"properties":{"id":798978396,"cls":"path","hw":"path","tg":"na","name":"","ref":"","surface":"","sc":"unknown","speed":null,"lit":"unk","km":1.309}},
{"type":"Feature","geometry":{"type":"LineString","coordinates":[[33.1236,-9.49531],[33.12385,-9.49543],[33.1239,-9.49555],[33.12393,-9.49555],[33.12414,-9.49594]]},"properties":{"id":798979032,"cls":"path","hw":"path","tg":"na","name":"","ref":"","surface":"","sc":"unknown","speed":null,"lit":"unk","km":0.097}},
{"type":"Feature","geometry":{"type":"LineString","coordinates":[[33.12344,-9.49605],[33.12354,-9.49604],[33.12361,-9.49601],[33.12375,-9.49601],[33.12396,-9.49597],[33.12414,-9.49594],[33.12433,-9.49586],[33.1245,-9.4958],[33.12462,-9.49577],[33.12477,-9.49572],[33.12479,-9.4958],[33.12483,-9.49586]]},"properties":{"id":798979036,"cls":"path","hw":"path","tg":"na","name":"","ref":"","surface":"","sc":"unknown","speed":null,"lit":"unk","km":0.169}},
{"type":"Feature","geometry":{"type":"LineString","coordinates":[[33.12462,-9.49577],[33.12469,-9.49593],[33.12465,-9.49596]]},"properties":{"id":798979037,"cls":"path","hw":"path","tg":"na","name":"","ref":"","surface":"","sc":"unknown","speed":null,"lit":"unk","km":0.025}},
{"type":"Feature","geometry":{"type":"LineString","coordinates":[[33.12407,-9.49452],[33.12402,-9.49459],[33.12407,-9.49466],[33.12407,-9.49472],[33.12412,-9.49475],[33.12417,-9.49481],[33.12425,-9.49493],[33.12431,-9.49503],[33.12433,-9.49509],[33.12448,-9.49515],[33.12465,-9.49518],[33.1247,-9.49544],[33.12473,-9.49558],[33.12478,-9.49562],[33.12477,-9.49572]]},"properties":{"id":798979039,"cls":"path","hw":"path","tg":"na","name":"","ref":"","surface":"","sc":"unknown","speed":null,"lit":"unk","km":0.177}},
{"type":"Feature","geometry":{"type":"LineString","coordinates":[[33.12805,-9.49491],[33.12784,-9.49492],[33.12759,-9.49497],[33.12749,-9.49503],[33.12742,-9.49514],[33.12742,-9.49519],[33.12754,-9.49526],[33.12772,-9.49542],[33.12781,-9.49548],[33.12785,-9.49552]]},"properties":{"id":798979040,"cls":"path","hw":"path","tg":"na","name":"","ref":"","surface":"","sc":"unknown","speed":null,"lit":"unk","km":0.144}},
{"type":"Feature","geometry":{"type":"LineString","coordinates":[[33.12407,-9.4985],[33.12402,-9.49832],[33.12396,-9.49814],[33.12382,-9.49785],[33.12373,-9.49761],[33.12365,-9.49748],[33.12363,-9.49735],[33.12358,-9.49722],[33.12355,-9.49702],[33.12355,-9.49681],[33.12354,-9.49668],[33.12348,-9.49642],[33.12341,-9.49623]]},"properties":{"id":798979043,"cls":"path","hw":"path","tg":"na","name":"","ref":"","surface":"","sc":"unknown","speed":null,"lit":"unk","km":0.265}},
{"type":"Feature","geometry":{"type":"LineString","coordinates":[[33.12396,-9.49853],[33.1239,-9.4984],[33.12398,-9.49838],[33.12397,-9.49833],[33.12402,-9.49832],[33.12424,-9.49826],[33.1243,-9.49822],[33.12427,-9.49811],[33.12411,-9.49807],[33.12403,-9.49802],[33.12396,-9.49814]]},"properties":{"id":798979044,"cls":"path","hw":"path","tg":"na","name":"","ref":"","surface":"","sc":"unknown","speed":null,"lit":"unk","km":0.126}},
{"type":"Feature","geometry":{"type":"LineString","coordinates":[[33.12424,-9.49826],[33.12427,-9.49834],[33.12431,-9.49836],[33.12436,-9.49842]]},"properties":{"id":798979045,"cls":"path","hw":"path","tg":"na","name":"","ref":"","surface":"","sc":"unknown","speed":null,"lit":"unk","km":0.023}},
{"type":"Feature","geometry":{"type":"LineString","coordinates":[[33.01535,-9.48108],[33.01546,-9.48109]]},"properties":{"id":799036068,"cls":"unclassified","hw":"unclassified","tg":"na","name":"","ref":"","surface":"","sc":"unknown","speed":null,"lit":"unk","km":0.012}},
{"type":"Feature","geometry":{"type":"LineString","coordinates":[[33.01492,-9.48108],[33.01523,-9.4811],[33.01535,-9.48108]]},"properties":{"id":799036069,"cls":"path","hw":"path","tg":"na","name":"","ref":"","surface":"","sc":"unknown","speed":null,"lit":"unk","km":0.047}},
{"type":"Feature","geometry":{"type":"LineString","coordinates":[[33.01727,-9.48252],[33.01761,-9.48251],[33.01814,-9.4825],[33.0183,-9.48246],[33.01891,-9.48244],[33.01943,-9.48241],[33.01962,-9.4824],[33.01968,-9.48241]]},"properties":{"id":799036072,"cls":"path","hw":"path","tg":"na","name":"","ref":"","surface":"","sc":"unknown","speed":null,"lit":"unk","km":0.265}},
{"type":"Feature","geometry":{"type":"LineString","coordinates":[[33.01486,-9.48096],[33.01535,-9.48108]]},"properties":{"id":799036073,"cls":"unclassified","hw":"unclassified","tg":"na","name":"","ref":"","surface":"","sc":"unknown","speed":null,"lit":"unk","km":0.055}},
{"type":"Feature","geometry":{"type":"LineString","coordinates":[[33.01976,-9.48248],[33.0195,-9.48265],[33.01908,-9.4829],[33.01851,-9.48312],[33.01796,-9.48333],[33.01746,-9.48348],[33.01735,-9.48351],[33.01725,-9.48354],[33.01671,-9.48367],[33.01646,-9.48374]]},"properties":{"id":799036074,"cls":"unclassified","hw":"unclassified","tg":"na","name":"","ref":"","surface":"","sc":"unknown","speed":null,"lit":"unk","km":0.391}},
{"type":"Feature","geometry":{"type":"LineString","coordinates":[[33.00912,-9.49024],[33.00907,-9.49102],[33.00908,-9.49149],[33.00898,-9.4918],[33.00891,-9.49202]]},"properties":{"id":799037218,"cls":"path","hw":"path","tg":"na","name":"","ref":"","surface":"","sc":"unknown","speed":null,"lit":"unk","km":0.201}},
{"type":"Feature","geometry":{"type":"LineString","coordinates":[[33.00864,-9.48975],[33.00857,-9.49012],[33.0085,-9.49046],[33.0084,-9.49094],[33.00831,-9.4914],[33.00825,-9.49172],[33.00819,-9.49197]]},"properties":{"id":799037219,"cls":"path","hw":"path","tg":"na","name":"","ref":"","surface":"","sc":"unknown","speed":null,"lit":"unk","km":0.252}},
{"type":"Feature","geometry":{"type":"LineString","coordinates":[[33.01084,-9.49208],[33.01045,-9.49206],[33.00993,-9.49201],[33.00952,-9.49203],[33.00891,-9.49202],[33.0088,-9.49202],[33.00819,-9.49197],[33.00816,-9.49191],[33.00767,-9.49187],[33.00733,-9.49182],[33.00708,-9.49184],[33.00673,-9.492],[33.00653,-9.49221],[33.00614,-9.49257],[33.00561,-9.49285],[33.00538,-9.49297],[33.00501,-9.49319],[33.00492,-9.49325],[33.0044,-9.49354],[33.0041,-9.4937],[33.00353,-9.49399],[33.00334,-9.49407],[33.00326,-9.49411],[33.00318,-9.49415],[33.00314,-9.49419],[33.00305,-9.49426]]},"properties":{"id":799037220,"cls":"path","hw":"path","tg":"na","name":"","ref":"","surface":"","sc":"unknown","speed":null,"lit":"unk","km":0.939}},
{"type":"Feature","geometry":{"type":"LineString","coordinates":[[33.00966,-9.49087],[33.00945,-9.49095],[33.00938,-9.49101]]},"properties":{"id":799037221,"cls":"path","hw":"path","tg":"na","name":"","ref":"","surface":"","sc":"unknown","speed":null,"lit":"unk","km":0.035}},
{"type":"Feature","geometry":{"type":"LineString","coordinates":[[33.01288,-9.4814],[33.01295,-9.48149],[33.01311,-9.48159],[33.01331,-9.48169],[33.01343,-9.48174],[33.01346,-9.48176],[33.01354,-9.48175]]},"properties":{"id":799052627,"cls":"path","hw":"path","tg":"na","name":"","ref":"","surface":"","sc":"unknown","speed":null,"lit":"unk","km":0.085}},
{"type":"Feature","geometry":{"type":"LineString","coordinates":[[33.02124,-9.48992],[33.02138,-9.49008],[33.02146,-9.49023],[33.02153,-9.49031],[33.02161,-9.49046],[33.02178,-9.49057],[33.02199,-9.4906]]},"properties":{"id":799052628,"cls":"path","hw":"path","tg":"na","name":"","ref":"","surface":"","sc":"unknown","speed":null,"lit":"unk","km":0.119}},
{"type":"Feature","geometry":{"type":"LineString","coordinates":[[33.02162,-9.49091],[33.02179,-9.4908],[33.02199,-9.4906],[33.02209,-9.49072],[33.02225,-9.49064],[33.02249,-9.49055],[33.02269,-9.49047],[33.02303,-9.49036],[33.02312,-9.49031],[33.02327,-9.49019],[33.02335,-9.49009],[33.02348,-9.49007],[33.02355,-9.49011],[33.02392,-9.49011],[33.02404,-9.49009],[33.02412,-9.49004],[33.0243,-9.49018],[33.0245,-9.4903],[33.02479,-9.49054]]},"properties":{"id":799052629,"cls":"path","hw":"path","tg":"na","name":"","ref":"","surface":"","sc":"unknown","speed":null,"lit":"unk","km":0.408}},
{"type":"Feature","geometry":{"type":"LineString","coordinates":[[33.0204,-9.48896],[33.02059,-9.48919],[33.02069,-9.48926],[33.02085,-9.48963],[33.02122,-9.48983],[33.02124,-9.48992],[33.02129,-9.49013],[33.02132,-9.49053],[33.02138,-9.49068],[33.02146,-9.49088],[33.02147,-9.4911],[33.0214,-9.49125],[33.02139,-9.49142],[33.02126,-9.49179],[33.02117,-9.49201]]},"properties":{"id":799052630,"cls":"path","hw":"path","tg":"na","name":"","ref":"","surface":"","sc":"unknown","speed":null,"lit":"unk","km":0.39}},
{"type":"Feature","geometry":{"type":"LineString","coordinates":[[33.01994,-9.48763],[33.01993,-9.48778],[33.01998,-9.48794],[33.01996,-9.48822],[33.02006,-9.48838],[33.02018,-9.4886],[33.02022,-9.48869],[33.02028,-9.48878],[33.02039,-9.48895],[33.0204,-9.48896],[33.02036,-9.48912],[33.02035,-9.48918],[33.02021,-9.48926],[33.02014,-9.48942],[33.02011,-9.48955],[33.02006,-9.48963],[33.02001,-9.48966]]},"properties":{"id":799052631,"cls":"path","hw":"path","tg":"na","name":"","ref":"","surface":"","sc":"unknown","speed":null,"lit":"unk","km":0.256}},
{"type":"Feature","geometry":{"type":"LineString","coordinates":[[33.01824,-9.48898],[33.01848,-9.48879],[33.01872,-9.4887],[33.01897,-9.48854],[33.01942,-9.48791],[33.01962,-9.48787],[33.01983,-9.48772],[33.01994,-9.48763],[33.02003,-9.48761],[33.02014,-9.48753]]},"properties":{"id":799052632,"cls":"path","hw":"path","tg":"na","name":"","ref":"","surface":"","sc":"unknown","speed":null,"lit":"unk","km":0.272}},
{"type":"Feature","geometry":{"type":"LineString","coordinates":[[33.01935,-9.49056],[33.01974,-9.48995],[33.01991,-9.48969],[33.02001,-9.48966]]},"properties":{"id":799052633,"cls":"path","hw":"path","tg":"na","name":"","ref":"","surface":"","sc":"unknown","speed":null,"lit":"unk","km":0.126}},
{"type":"Feature","geometry":{"type":"LineString","coordinates":[[33.02013,-9.48441],[33.02002,-9.48477],[33.01993,-9.48502],[33.02002,-9.48533],[33.02007,-9.48554],[33.0201,-9.48573],[33.02009,-9.486],[33.02003,-9.48628],[33.0199,-9.48647],[33.0198,-9.48663],[33.01978,-9.48666],[33.01956,-9.48676],[33.01951,-9.48679],[33.01944,-9.4868]]},"properties":{"id":799052634,"cls":"path","hw":"path","tg":"na","name":"","ref":"","surface":"","sc":"unknown","speed":null,"lit":"unk","km":0.306}},
{"type":"Feature","geometry":{"type":"LineString","coordinates":[[33.02431,-9.48665],[33.02436,-9.48673],[33.02437,-9.48677],[33.02443,-9.48686],[33.02449,-9.48702]]},"properties":{"id":799052635,"cls":"path","hw":"path","tg":"na","name":"","ref":"","surface":"","sc":"unknown","speed":null,"lit":"unk","km":0.046}},
{"type":"Feature","geometry":{"type":"LineString","coordinates":[[33.02408,-9.48713],[33.02418,-9.48714],[33.02449,-9.48702],[33.02463,-9.48702],[33.02483,-9.48713],[33.02488,-9.48718],[33.02499,-9.48723]]},"properties":{"id":799052636,"cls":"path","hw":"path","tg":"na","name":"","ref":"","surface":"","sc":"unknown","speed":null,"lit":"unk","km":0.109}},
{"type":"Feature","geometry":{"type":"LineString","coordinates":[[33.02372,-9.48942],[33.02373,-9.48933],[33.02359,-9.48875],[33.02375,-9.48854],[33.02369,-9.48834],[33.02368,-9.48808],[33.02364,-9.48795],[33.02366,-9.48783],[33.02369,-9.48759],[33.02383,-9.48731],[33.02394,-9.48716],[33.02408,-9.48713],[33.02423,-9.48692],[33.02426,-9.48682],[33.02431,-9.48665],[33.02434,-9.48657],[33.0244,-9.48633],[33.02448,-9.48619],[33.02452,-9.486],[33.02453,-9.48575],[33.02455,-9.48559]]},"properties":{"id":799052637,"cls":"path","hw":"path","tg":"na","name":"","ref":"","surface":"","sc":"unknown","speed":null,"lit":"unk","km":0.466}},
{"type":"Feature","geometry":{"type":"LineString","coordinates":[[33.02272,-9.48675],[33.02275,-9.4868],[33.02258,-9.48716],[33.02254,-9.48752],[33.02247,-9.48772],[33.02241,-9.48782],[33.02242,-9.48792]]},"properties":{"id":799052638,"cls":"path","hw":"path","tg":"na","name":"","ref":"","surface":"","sc":"unknown","speed":null,"lit":"unk","km":0.139}},
{"type":"Feature","geometry":{"type":"LineString","coordinates":[[33.02184,-9.48748],[33.02184,-9.48737],[33.0219,-9.48719],[33.02208,-9.48699],[33.02223,-9.48679],[33.02272,-9.48675],[33.02281,-9.48669]]},"properties":{"id":799052639,"cls":"path","hw":"path","tg":"na","name":"","ref":"","surface":"","sc":"unknown","speed":null,"lit":"unk","km":0.157}},
{"type":"Feature","geometry":{"type":"LineString","coordinates":[[33.01703,-9.47999],[33.01699,-9.48019],[33.01697,-9.4803],[33.01691,-9.48059],[33.01696,-9.48118],[33.01702,-9.48145],[33.01709,-9.48176],[33.01727,-9.48252],[33.01748,-9.48299],[33.01796,-9.48333],[33.01803,-9.48336],[33.01811,-9.48344],[33.01822,-9.48351],[33.01837,-9.48357],[33.01852,-9.48367],[33.0187,-9.48384],[33.01889,-9.48393],[33.01899,-9.48398],[33.0192,-9.484],[33.01938,-9.48405],[33.0195,-9.4841],[33.01965,-9.48423],[33.01973,-9.48429],[33.01991,-9.48434],[33.01999,-9.48434],[33.02013,-9.48441],[33.02033,-9.48447],[33.02046,-9.48453],[33.02061,-9.48464],[33.02077,-9.48484],[33.02095,-9.48495],[33.02112,-9.48504],[33.02129,-9.48519],[33.02147,-9.48539],[33.02168,-9.48568],[33.02177,-9.48577],[33.02183,-9.48591],[33.02196,-9.48599],[33.02226,-9.48635],[33.02243,-9.48652],[33.02265,-9.48661],[33.02281,-9.48669]]},"properties":{"id":799052640,"cls":"path","hw":"path","tg":"na","name":"","ref":"","surface":"","sc":"unknown","speed":null,"lit":"unk","km":1.08}},
{"type":"Feature","geometry":{"type":"LineString","coordinates":[[33.01735,-9.48351],[33.01728,-9.48371],[33.01732,-9.48386],[33.01737,-9.48395],[33.0174,-9.48413],[33.01748,-9.48429],[33.01752,-9.48436],[33.01754,-9.48446],[33.01758,-9.48452],[33.01759,-9.48461],[33.01763,-9.48472],[33.01763,-9.4848]]},"properties":{"id":799052641,"cls":"path","hw":"path","tg":"na","name":"","ref":"","surface":"","sc":"unknown","speed":null,"lit":"unk","km":0.153}},
{"type":"Feature","geometry":{"type":"LineString","coordinates":[[33.00775,-9.48243],[33.0081,-9.48228],[33.00827,-9.48222],[33.00833,-9.48222],[33.00848,-9.48213],[33.00881,-9.48207],[33.00905,-9.48196],[33.00921,-9.48191],[33.00941,-9.48178],[33.00953,-9.48173],[33.00984,-9.48163],[33.01016,-9.48158],[33.01034,-9.48156],[33.01044,-9.48154],[33.01051,-9.48149],[33.01074,-9.48138],[33.01091,-9.48139],[33.011,-9.4814],[33.01104,-9.48139],[33.01117,-9.48142],[33.01122,-9.48142],[33.01132,-9.48141],[33.01143,-9.48139],[33.01153,-9.48138]]},"properties":{"id":799052644,"cls":"path","hw":"path","tg":"na","name":"","ref":"","surface":"","sc":"unknown","speed":null,"lit":"unk","km":0.44}},
{"type":"Feature","geometry":{"type":"LineString","coordinates":[[33.01662,-9.47959],[33.01675,-9.47938],[33.01702,-9.47943],[33.01708,-9.47937],[33.01687,-9.47907],[33.01668,-9.47885],[33.01655,-9.47868],[33.01642,-9.47857],[33.01607,-9.47837],[33.01564,-9.47811],[33.01524,-9.47787],[33.01493,-9.47764],[33.01475,-9.47751],[33.0143,-9.47703],[33.01403,-9.47669],[33.01425,-9.47657],[33.0145,-9.4765],[33.01459,-9.47642],[33.01484,-9.47648],[33.0152,-9.47645],[33.01552,-9.47646],[33.01589,-9.47652],[33.01623,-9.47671],[33.01639,-9.47682]]},"properties":{"id":799052645,"cls":"path","hw":"path","tg":"na","name":"","ref":"","surface":"","sc":"unknown","speed":null,"lit":"unk","km":0.798}},
{"type":"Feature","geometry":{"type":"LineString","coordinates":[[33.01527,-9.48171],[33.01522,-9.48182],[33.0152,-9.48192],[33.01497,-9.4822],[33.01488,-9.48237],[33.01479,-9.48254],[33.01465,-9.48264],[33.01457,-9.48274]]},"properties":{"id":799054845,"cls":"path","hw":"path","tg":"na","name":"","ref":"","surface":"","sc":"unknown","speed":null,"lit":"unk","km":0.141}},
{"type":"Feature","geometry":{"type":"LineString","coordinates":[[33.0207,-9.49016],[33.02063,-9.49035],[33.02064,-9.49047],[33.02053,-9.49073],[33.02054,-9.49103],[33.02052,-9.49113],[33.02055,-9.49123],[33.02057,-9.49132]]},"properties":{"id":799054846,"cls":"path","hw":"path","tg":"na","name":"","ref":"","surface":"","sc":"unknown","speed":null,"lit":"unk","km":0.134}},
{"type":"Feature","geometry":{"type":"LineString","coordinates":[[33.02025,-9.48966],[33.02047,-9.48987],[33.02055,-9.49003],[33.0207,-9.49016],[33.02072,-9.49019],[33.02102,-9.49041],[33.02116,-9.49056],[33.02138,-9.49068]]},"properties":{"id":799054847,"cls":"path","hw":"path","tg":"na","name":"","ref":"","surface":"","sc":"unknown","speed":null,"lit":"unk","km":0.171}},
{"type":"Feature","geometry":{"type":"LineString","coordinates":[[33.02006,-9.48963],[33.02016,-9.48967],[33.02025,-9.48966],[33.02033,-9.48965],[33.02044,-9.48965],[33.02056,-9.48961],[33.02085,-9.48963]]},"properties":{"id":799054848,"cls":"path","hw":"path","tg":"na","name":"","ref":"","surface":"","sc":"unknown","speed":null,"lit":"unk","km":0.088}},
{"type":"Feature","geometry":{"type":"LineString","coordinates":[[33.01688,-9.48974],[33.0168,-9.48988],[33.01671,-9.49001],[33.01664,-9.49017],[33.01659,-9.49033],[33.01659,-9.4904],[33.0166,-9.4905],[33.01666,-9.49062],[33.01665,-9.49084],[33.01672,-9.49101],[33.01675,-9.49114],[33.01686,-9.49127],[33.01696,-9.49151],[33.01711,-9.49193],[33.0172,-9.49218],[33.01723,-9.49235],[33.01735,-9.4926]]},"properties":{"id":799054849,"cls":"path","hw":"path","tg":"na","name":"","ref":"","surface":"","sc":"unknown","speed":null,"lit":"unk","km":0.344}},
{"type":"Feature","geometry":{"type":"LineString","coordinates":[[33.01334,-9.4779],[33.01339,-9.47781],[33.01348,-9.47758],[33.01366,-9.47744],[33.01398,-9.47721],[33.0143,-9.47703]]},"properties":{"id":799054850,"cls":"path","hw":"path","tg":"na","name":"","ref":"","surface":"","sc":"unknown","speed":null,"lit":"unk","km":0.148}},
{"type":"Feature","geometry":{"type":"LineString","coordinates":[[33.0128,-9.47677],[33.01288,-9.47664],[33.01293,-9.4766],[33.01304,-9.47646],[33.01312,-9.47637],[33.0133,-9.47631],[33.01338,-9.47609]]},"properties":{"id":799054851,"cls":"path","hw":"path","tg":"na","name":"","ref":"","surface":"","sc":"unknown","speed":null,"lit":"unk","km":0.104}},
{"type":"Feature","geometry":{"type":"LineString","coordinates":[[33.02086,-9.48783],[33.02076,-9.48792],[33.0207,-9.48803],[33.02058,-9.48823],[33.02057,-9.48828],[33.02047,-9.48843],[33.02044,-9.48851],[33.02043,-9.48861],[33.02042,-9.4887],[33.02044,-9.48875],[33.02043,-9.48881],[33.02042,-9.48888],[33.02039,-9.48895]]},"properties":{"id":799054852,"cls":"path","hw":"path","tg":"na","name":"","ref":"","surface":"","sc":"unknown","speed":null,"lit":"unk","km":0.14}},
{"type":"Feature","geometry":{"type":"LineString","coordinates":[[33.00885,-9.47362],[33.00907,-9.47362],[33.00921,-9.47357],[33.0094,-9.47351]]},"properties":{"id":799054855,"cls":"path","hw":"path","tg":"na","name":"","ref":"","surface":"","sc":"unknown","speed":null,"lit":"unk","km":0.062}},
{"type":"Feature","geometry":{"type":"LineString","coordinates":[[33.01061,-9.47586],[33.01205,-9.47539]]},"properties":{"id":799054856,"cls":"path","hw":"path","tg":"na","name":"","ref":"","surface":"","sc":"unknown","speed":null,"lit":"unk","km":0.166}},
{"type":"Feature","geometry":{"type":"LineString","coordinates":[[33.00994,-9.47509],[33.01048,-9.47492],[33.01097,-9.47479],[33.01133,-9.47471],[33.01168,-9.47466],[33.01186,-9.47464]]},"properties":{"id":799054857,"cls":"path","hw":"path","tg":"na","name":"","ref":"","surface":"","sc":"unknown","speed":null,"lit":"unk","km":0.217}},
{"type":"Feature","geometry":{"type":"LineString","coordinates":[[33.00759,-9.47293],[33.00781,-9.47307],[33.00792,-9.47325],[33.0081,-9.47328],[33.00815,-9.47333],[33.00829,-9.47339],[33.0084,-9.47351],[33.00855,-9.47355],[33.00866,-9.47355],[33.00873,-9.47355],[33.00885,-9.47362],[33.00889,-9.4738],[33.00903,-9.47404],[33.00905,-9.4741],[33.00917,-9.47427],[33.00959,-9.47467],[33.00969,-9.47479],[33.00994,-9.47509],[33.01048,-9.4757],[33.01061,-9.47586],[33.01083,-9.47615],[33.011,-9.47638],[33.01115,-9.47658],[33.01131,-9.47677],[33.01145,-9.47678],[33.01154,-9.47682],[33.01186,-9.47679]]},"properties":{"id":799054858,"cls":"path","hw":"path","tg":"na","name":"","ref":"","surface":"","sc":"unknown","speed":null,"lit":"unk","km":0.674}},
{"type":"Feature","geometry":{"type":"LineString","coordinates":[[33.01123,-9.47337],[33.01119,-9.47354],[33.01114,-9.47386]]},"properties":{"id":799054859,"cls":"path","hw":"path","tg":"na","name":"","ref":"","surface":"","sc":"unknown","speed":null,"lit":"unk","km":0.055}},
{"type":"Feature","geometry":{"type":"LineString","coordinates":[[33.0184,-9.4893],[33.01834,-9.4895],[33.01826,-9.48961],[33.0182,-9.48971],[33.01812,-9.48985],[33.01809,-9.48996],[33.01794,-9.49013]]},"properties":{"id":799054860,"cls":"path","hw":"path","tg":"na","name":"","ref":"","surface":"","sc":"unknown","speed":null,"lit":"unk","km":0.107}},
{"type":"Feature","geometry":{"type":"LineString","coordinates":[[33.01699,-9.48541],[33.01698,-9.48567],[33.01697,-9.48585],[33.01694,-9.48605],[33.0169,-9.48624],[33.01693,-9.48638],[33.0169,-9.48656],[33.01687,-9.48669],[33.01681,-9.487],[33.01675,-9.48715],[33.01673,-9.48745],[33.01668,-9.48775],[33.01665,-9.48799],[33.01661,-9.48821],[33.01663,-9.48841],[33.0166,-9.48854],[33.01661,-9.48885],[33.01661,-9.48903],[33.01664,-9.48914],[33.01675,-9.48931],[33.01683,-9.48945],[33.01688,-9.48958],[33.01688,-9.48974],[33.01689,-9.48983],[33.01701,-9.49021],[33.01732,-9.49052],[33.01747,-9.49071],[33.01778,-9.491],[33.01779,-9.4911]]},"properties":{"id":799054862,"cls":"path","hw":"path","tg":"na","name":"","ref":"","surface":"","sc":"unknown","speed":null,"lit":"unk","km":0.681}},
{"type":"Feature","geometry":{"type":"LineString","coordinates":[[33.00254,-9.4926],[33.00247,-9.49256],[33.00232,-9.49255],[33.00223,-9.49251],[33.00209,-9.49242],[33.00196,-9.49236],[33.00177,-9.49236],[33.00166,-9.49234],[33.0015,-9.49234],[33.00137,-9.4923],[33.0012,-9.49226],[33.0011,-9.49226],[33.00102,-9.49223],[32.99996,-9.49184],[32.99949,-9.4914],[32.99934,-9.49126],[32.99921,-9.49123],[32.99844,-9.49007],[32.99843,-9.48992],[32.99835,-9.48983],[32.99837,-9.4896],[32.99817,-9.48937],[32.99781,-9.48902],[32.99773,-9.48863]]},"properties":{"id":799083104,"cls":"path","hw":"path","tg":"na","name":"","ref":"","surface":"","sc":"unknown","speed":null,"lit":"unk","km":0.751}},
{"type":"Feature","geometry":{"type":"LineString","coordinates":[[33.00273,-9.4928],[33.00274,-9.49292],[33.00278,-9.49304],[33.0028,-9.49313],[33.00284,-9.49325],[33.00293,-9.49343],[33.00326,-9.49411]]},"properties":{"id":799083105,"cls":"path","hw":"path","tg":"na","name":"","ref":"","surface":"","sc":"unknown","speed":null,"lit":"unk","km":0.158}},
{"type":"Feature","geometry":{"type":"LineString","coordinates":[[33.00243,-9.49229],[33.00243,-9.49242],[33.00254,-9.4926],[33.0027,-9.49279],[33.00273,-9.4928],[33.0028,-9.49284],[33.00288,-9.49286],[33.00302,-9.49284]]},"properties":{"id":799083106,"cls":"path","hw":"path","tg":"na","name":"","ref":"","surface":"","sc":"unknown","speed":null,"lit":"unk","km":0.102}},
{"type":"Feature","geometry":{"type":"LineString","coordinates":[[33.00268,-9.49623],[33.00273,-9.49623],[33.00283,-9.49617],[33.00289,-9.4961],[33.00317,-9.49597],[33.00332,-9.49602]]},"properties":{"id":799083108,"cls":"path","hw":"path","tg":"na","name":"","ref":"","surface":"","sc":"unknown","speed":null,"lit":"unk","km":0.08}},
{"type":"Feature","geometry":{"type":"LineString","coordinates":[[33.0001,-9.4962],[33.0005,-9.49617],[33.00074,-9.49621],[33.00107,-9.49615],[33.00122,-9.49616],[33.00128,-9.49618],[33.00139,-9.49617],[33.00149,-9.49619],[33.00157,-9.49613],[33.00172,-9.49617],[33.00179,-9.49614],[33.00201,-9.49614],[33.00219,-9.49613],[33.00247,-9.49614],[33.00268,-9.49623]]},"properties":{"id":799084970,"cls":"path","hw":"path","tg":"na","name":"","ref":"","surface":"","sc":"unknown","speed":null,"lit":"unk","km":0.29}},
{"type":"Feature","geometry":{"type":"LineString","coordinates":[[33.11342,-9.47411],[33.11316,-9.4745],[33.11317,-9.47459],[33.11309,-9.47484],[33.11292,-9.4751]]},"properties":{"id":799096458,"cls":"path","hw":"path","tg":"na","name":"","ref":"","surface":"","sc":"unknown","speed":null,"lit":"unk","km":0.126}},
{"type":"Feature","geometry":{"type":"LineString","coordinates":[[33.11469,-9.47426],[33.11474,-9.47475]]},"properties":{"id":799096460,"cls":"path","hw":"path","tg":"na","name":"","ref":"","surface":"","sc":"unknown","speed":null,"lit":"unk","km":0.055}},
{"type":"Feature","geometry":{"type":"LineString","coordinates":[[33.11474,-9.47475],[33.11488,-9.4751],[33.11495,-9.47514],[33.1151,-9.47516],[33.11528,-9.47526],[33.11545,-9.47525],[33.11548,-9.47527],[33.11559,-9.47519],[33.11565,-9.47523]]},"properties":{"id":799096461,"cls":"path","hw":"path","tg":"na","name":"","ref":"","surface":"","sc":"unknown","speed":null,"lit":"unk","km":0.136}},
{"type":"Feature","geometry":{"type":"LineString","coordinates":[[33.11523,-9.47686],[33.11475,-9.47679],[33.11415,-9.47702],[33.11326,-9.47735]]},"properties":{"id":799096462,"cls":"path","hw":"path","tg":"na","name":"","ref":"","surface":"","sc":"unknown","speed":null,"lit":"unk","km":0.228}},
{"type":"Feature","geometry":{"type":"LineString","coordinates":[[33.11325,-9.47814],[33.11344,-9.4784],[33.11388,-9.47882],[33.11382,-9.47918]]},"properties":{"id":799096463,"cls":"path","hw":"path","tg":"na","name":"","ref":"","surface":"","sc":"unknown","speed":null,"lit":"unk","km":0.143}},
{"type":"Feature","geometry":{"type":"LineString","coordinates":[[33.11626,-9.47999],[33.11547,-9.48026]]},"properties":{"id":799096465,"cls":"path","hw":"path","tg":"na","name":"","ref":"","surface":"","sc":"unknown","speed":null,"lit":"unk","km":0.092}},
{"type":"Feature","geometry":{"type":"LineString","coordinates":[[33.11546,-9.4802],[33.11516,-9.48013],[33.11467,-9.48037]]},"properties":{"id":799096466,"cls":"path","hw":"path","tg":"na","name":"","ref":"","surface":"","sc":"unknown","speed":null,"lit":"unk","km":0.094}},
{"type":"Feature","geometry":{"type":"LineString","coordinates":[[33.11273,-9.4831],[33.11305,-9.48306],[33.11315,-9.48315],[33.11358,-9.48321],[33.11421,-9.483],[33.11459,-9.48288],[33.1148,-9.48287],[33.11478,-9.48272],[33.1153,-9.48242],[33.11542,-9.48216]]},"properties":{"id":799096467,"cls":"path","hw":"path","tg":"na","name":"","ref":"","surface":"","sc":"unknown","speed":null,"lit":"unk","km":0.352}},
{"type":"Feature","geometry":{"type":"LineString","coordinates":[[33.11467,-9.48037],[33.11455,-9.4804],[33.11449,-9.48044],[33.11429,-9.48044],[33.11381,-9.48117],[33.1134,-9.48137],[33.11334,-9.48146],[33.11238,-9.48199]]},"properties":{"id":799096468,"cls":"path","hw":"path","tg":"na","name":"","ref":"","surface":"","sc":"unknown","speed":null,"lit":"unk","km":0.323}},
{"type":"Feature","geometry":{"type":"LineString","coordinates":[[33.11421,-9.483],[33.11388,-9.48234]]},"properties":{"id":799096469,"cls":"path","hw":"path","tg":"na","name":"","ref":"","surface":"","sc":"unknown","speed":null,"lit":"unk","km":0.082}},
{"type":"Feature","geometry":{"type":"LineString","coordinates":[[33.11727,-9.48143],[33.11662,-9.48169],[33.1166,-9.48164],[33.11649,-9.48168],[33.11651,-9.48173],[33.11628,-9.48181],[33.11629,-9.48194],[33.11615,-9.48205],[33.11601,-9.48227],[33.11596,-9.48229],[33.11567,-9.48289]]},"properties":{"id":799096471,"cls":"path","hw":"path","tg":"na","name":"","ref":"","surface":"","sc":"unknown","speed":null,"lit":"unk","km":0.271}},
{"type":"Feature","geometry":{"type":"LineString","coordinates":[[33.11329,-9.48379],[33.11328,-9.48406],[33.11332,-9.48412],[33.11327,-9.48509],[33.11332,-9.48537],[33.11309,-9.48551],[33.11291,-9.48624]]},"properties":{"id":799096473,"cls":"path","hw":"path","tg":"na","name":"","ref":"","surface":"","sc":"unknown","speed":null,"lit":"unk","km":0.291}},
{"type":"Feature","geometry":{"type":"LineString","coordinates":[[33.11906,-9.49242],[33.11897,-9.49176],[33.11895,-9.49164],[33.11892,-9.49149],[33.11874,-9.49119],[33.11856,-9.49092]]},"properties":{"id":799105730,"cls":"path","hw":"path","tg":"na","name":"","ref":"","surface":"","sc":"unknown","speed":null,"lit":"unk","km":0.179}},
{"type":"Feature","geometry":{"type":"LineString","coordinates":[[33.12119,-9.47218],[33.12121,-9.47209],[33.12135,-9.47182]]},"properties":{"id":799105732,"cls":"path","hw":"path","tg":"na","name":"","ref":"","surface":"","sc":"unknown","speed":null,"lit":"unk","km":0.044}},
{"type":"Feature","geometry":{"type":"LineString","coordinates":[[33.12096,-9.4865],[33.1225,-9.48461],[33.12256,-9.48456],[33.12259,-9.48456],[33.12289,-9.48424],[33.12304,-9.48417],[33.12333,-9.48408]]},"properties":{"id":799105733,"cls":"path","hw":"path","tg":"na","name":"","ref":"","surface":"","sc":"unknown","speed":null,"lit":"unk","km":0.382}},
{"type":"Feature","geometry":{"type":"LineString","coordinates":[[33.1226,-9.48709],[33.12294,-9.48666],[33.12335,-9.48661],[33.12349,-9.48644]]},"properties":{"id":799105734,"cls":"path","hw":"path","tg":"na","name":"","ref":"","surface":"","sc":"unknown","speed":null,"lit":"unk","km":0.13}},
{"type":"Feature","geometry":{"type":"LineString","coordinates":[[33.12251,-9.48925],[33.12243,-9.48955],[33.12335,-9.49028],[33.12343,-9.49033],[33.12351,-9.49031],[33.12359,-9.49036],[33.12361,-9.49044],[33.12411,-9.4908],[33.12561,-9.49138],[33.12629,-9.49228]]},"properties":{"id":799105737,"cls":"path","hw":"path","tg":"na","name":"","ref":"","surface":"","sc":"unknown","speed":null,"lit":"unk","km":0.572}},
{"type":"Feature","geometry":{"type":"LineString","coordinates":[[33.12258,-9.49234],[33.12277,-9.49213],[33.12275,-9.49208],[33.12326,-9.49146],[33.12363,-9.49154]]},"properties":{"id":799105738,"cls":"path","hw":"path","tg":"na","name":"","ref":"","surface":"","sc":"unknown","speed":null,"lit":"unk","km":0.168}},
{"type":"Feature","geometry":{"type":"LineString","coordinates":[[33.12335,-9.49028],[33.1236,-9.48983],[33.12371,-9.48943]]},"properties":{"id":799105739,"cls":"path","hw":"path","tg":"na","name":"","ref":"","surface":"","sc":"unknown","speed":null,"lit":"unk","km":0.103}},
{"type":"Feature","geometry":{"type":"LineString","coordinates":[[33.13029,-9.48797],[33.13028,-9.48812],[33.12965,-9.48933],[33.12957,-9.4896],[33.12949,-9.49041],[33.12935,-9.49074],[33.12912,-9.49215]]},"properties":{"id":799105740,"cls":"path","hw":"path","tg":"na","name":"","ref":"","surface":"","sc":"unknown","speed":null,"lit":"unk","km":0.488}},
{"type":"Feature","geometry":{"type":"LineString","coordinates":[[33.129,-9.49234],[33.12874,-9.49218],[33.12845,-9.49185],[33.12768,-9.49163],[33.12765,-9.49172],[33.12771,-9.49198],[33.1279,-9.49206],[33.12769,-9.49226],[33.12761,-9.49258]]},"properties":{"id":799105741,"cls":"path","hw":"path","tg":"na","name":"","ref":"","surface":"","sc":"unknown","speed":null,"lit":"unk","km":0.302}},
{"type":"Feature","geometry":{"type":"LineString","coordinates":[[33.12734,-9.47084],[33.12715,-9.47126]]},"properties":{"id":799105746,"cls":"path","hw":"path","tg":"na","name":"","ref":"","surface":"","sc":"unknown","speed":null,"lit":"unk","km":0.051}},
{"type":"Feature","geometry":{"type":"LineString","coordinates":[[33.13096,-9.49133],[33.13117,-9.49082],[33.13131,-9.49046],[33.13158,-9.48996]]},"properties":{"id":799105758,"cls":"residential","hw":"residential","tg":"na","name":"","ref":"","surface":"","sc":"unknown","speed":null,"lit":"unk","km":0.167}},
{"type":"Feature","geometry":{"type":"LineString","coordinates":[[33.13158,-9.48996],[33.13149,-9.48985],[33.13141,-9.48972],[33.1313,-9.48945],[33.13133,-9.48913],[33.13139,-9.48876]]},"properties":{"id":799105759,"cls":"residential","hw":"residential","tg":"na","name":"","ref":"","surface":"","sc":"unknown","speed":null,"lit":"unk","km":0.142}},
{"type":"Feature","geometry":{"type":"LineString","coordinates":[[33.13158,-9.48996],[33.13195,-9.48917],[33.13261,-9.48846],[33.13268,-9.48807],[33.13276,-9.4881]]},"properties":{"id":799105760,"cls":"path","hw":"path","tg":"na","name":"","ref":"","surface":"","sc":"unknown","speed":null,"lit":"unk","km":0.257}},
{"type":"Feature","geometry":{"type":"LineString","coordinates":[[33.12083,-9.49156],[33.12148,-9.49076],[33.12174,-9.49091],[33.12196,-9.49073],[33.12201,-9.49083],[33.12232,-9.49092]]},"properties":{"id":799105763,"cls":"path","hw":"path","tg":"na","name":"","ref":"","surface":"","sc":"unknown","speed":null,"lit":"unk","km":0.226}},
{"type":"Feature","geometry":{"type":"LineString","coordinates":[[33.01252,-9.4932],[33.01238,-9.49287],[33.01226,-9.49257],[33.01226,-9.49242],[33.0122,-9.49232]]},"properties":{"id":799130119,"cls":"path","hw":"path","tg":"na","name":"","ref":"","surface":"","sc":"unknown","speed":null,"lit":"unk","km":0.105}},
{"type":"Feature","geometry":{"type":"LineString","coordinates":[[33.01391,-9.49415],[33.01407,-9.49393],[33.01411,-9.49385],[33.01441,-9.49349],[33.01454,-9.49328],[33.01472,-9.49295],[33.01482,-9.49283],[33.01496,-9.49262],[33.01518,-9.49232]]},"properties":{"id":799130120,"cls":"path","hw":"path","tg":"na","name":"","ref":"","surface":"","sc":"unknown","speed":null,"lit":"unk","km":0.247}},
{"type":"Feature","geometry":{"type":"LineString","coordinates":[[33.01538,-9.49467],[33.01528,-9.49481],[33.01523,-9.49479],[33.01513,-9.49489]]},"properties":{"id":799130121,"cls":"path","hw":"path","tg":"na","name":"","ref":"","surface":"","sc":"unknown","speed":null,"lit":"unk","km":0.041}},
{"type":"Feature","geometry":{"type":"LineString","coordinates":[[33.01453,-9.49446],[33.01513,-9.49489]]},"properties":{"id":799130122,"cls":"path","hw":"path","tg":"na","name":"","ref":"","surface":"","sc":"unknown","speed":null,"lit":"unk","km":0.081}},
{"type":"Feature","geometry":{"type":"LineString","coordinates":[[33.01106,-9.49317],[33.01136,-9.49333],[33.01161,-9.49346],[33.01187,-9.49364],[33.01201,-9.49375],[33.0121,-9.49375],[33.01212,-9.49373]]},"properties":{"id":799130123,"cls":"path","hw":"path","tg":"na","name":"","ref":"","surface":"","sc":"unknown","speed":null,"lit":"unk","km":0.136}},
{"type":"Feature","geometry":{"type":"LineString","coordinates":[[33.0044,-9.49354],[33.0045,-9.49327],[33.00458,-9.49323],[33.00455,-9.4931],[33.00455,-9.49288],[33.00459,-9.4926],[33.0046,-9.49248],[33.00463,-9.49218],[33.00473,-9.492]]},"properties":{"id":799130124,"cls":"path","hw":"path","tg":"na","name":"","ref":"","surface":"","sc":"unknown","speed":null,"lit":"unk","km":0.182}},
{"type":"Feature","geometry":{"type":"LineString","coordinates":[[33.00995,-9.49251],[33.00986,-9.49246],[33.00954,-9.49222]]},"properties":{"id":799130131,"cls":"path","hw":"path","tg":"na","name":"","ref":"","surface":"","sc":"unknown","speed":null,"lit":"unk","km":0.055}},
{"type":"Feature","geometry":{"type":"LineString","coordinates":[[33.01005,-9.49251],[33.01023,-9.49234],[33.01024,-9.49224]]},"properties":{"id":799130132,"cls":"path","hw":"path","tg":"na","name":"","ref":"","surface":"","sc":"unknown","speed":null,"lit":"unk","km":0.039}},
{"type":"Feature","geometry":{"type":"LineString","coordinates":[[33.01136,-9.49242],[33.01121,-9.49283],[33.01111,-9.49305],[33.01106,-9.49317],[33.01074,-9.49297],[33.01013,-9.49263],[33.01005,-9.49251],[33.00995,-9.49251]]},"properties":{"id":799130133,"cls":"path","hw":"path","tg":"na","name":"","ref":"","surface":"","sc":"unknown","speed":null,"lit":"unk","km":0.235}},
{"type":"Feature","geometry":{"type":"LineString","coordinates":[[33.01205,-9.49289],[33.01205,-9.49339],[33.01212,-9.49373]]},"properties":{"id":799130134,"cls":"path","hw":"path","tg":"na","name":"","ref":"","surface":"","sc":"unknown","speed":null,"lit":"unk","km":0.094}},
{"type":"Feature","geometry":{"type":"LineString","coordinates":[[33.01292,-9.49347],[33.01253,-9.49382],[33.01238,-9.49386],[33.01227,-9.49377],[33.01221,-9.49371],[33.01212,-9.49373]]},"properties":{"id":799130135,"cls":"path","hw":"path","tg":"na","name":"","ref":"","surface":"","sc":"unknown","speed":null,"lit":"unk","km":0.11}},
{"type":"Feature","geometry":{"type":"LineString","coordinates":[[33.02186,-9.49614],[33.02191,-9.49598],[33.02199,-9.49579],[33.02207,-9.49568]]},"properties":{"id":799130136,"cls":"path","hw":"path","tg":"na","name":"","ref":"","surface":"","sc":"unknown","speed":null,"lit":"unk","km":0.057}},
{"type":"Feature","geometry":{"type":"LineString","coordinates":[[33.02246,-9.49606],[33.02242,-9.49597],[33.02225,-9.49579]]},"properties":{"id":799130137,"cls":"path","hw":"path","tg":"na","name":"","ref":"","surface":"","sc":"unknown","speed":null,"lit":"unk","km":0.038}},
{"type":"Feature","geometry":{"type":"LineString","coordinates":[[33.02488,-9.49462],[33.02473,-9.49448],[33.02449,-9.49439],[33.02434,-9.49421],[33.02414,-9.49409],[33.02372,-9.49413],[33.02364,-9.49416],[33.02351,-9.49416]]},"properties":{"id":799130138,"cls":"path","hw":"path","tg":"na","name":"","ref":"","surface":"","sc":"unknown","speed":null,"lit":"unk","km":0.172}},
{"type":"Feature","geometry":{"type":"LineString","coordinates":[[33.0181,-9.49351],[33.01845,-9.49345],[33.01881,-9.4935],[33.01909,-9.49351],[33.01921,-9.49354],[33.01946,-9.49355],[33.01974,-9.49357],[33.01996,-9.49356],[33.02016,-9.49356],[33.02026,-9.49331],[33.0203,-9.49314],[33.02043,-9.49277],[33.02056,-9.49252],[33.02067,-9.49242],[33.02074,-9.49229]]},"properties":{"id":799130139,"cls":"path","hw":"path","tg":"na","name":"","ref":"","surface":"","sc":"unknown","speed":null,"lit":"unk","km":0.384}},
{"type":"Feature","geometry":{"type":"LineString","coordinates":[[33.01811,-9.49261],[33.01816,-9.49272],[33.0182,-9.49289],[33.01818,-9.49302],[33.01816,-9.49322],[33.01813,-9.49339],[33.0181,-9.49351],[33.01786,-9.49355],[33.01769,-9.49358]]},"properties":{"id":799130140,"cls":"path","hw":"path","tg":"na","name":"","ref":"","surface":"","sc":"unknown","speed":null,"lit":"unk","km":0.148}},
{"type":"Feature","geometry":{"type":"LineString","coordinates":[[33.01779,-9.4911],[33.0178,-9.49126],[33.01786,-9.49164],[33.01808,-9.49235],[33.01811,-9.49261],[33.01809,-9.49269],[33.01805,-9.49274],[33.01801,-9.49282],[33.018,-9.49293],[33.01802,-9.49303],[33.01789,-9.49325]]},"properties":{"id":799130141,"cls":"path","hw":"path","tg":"na","name":"","ref":"","surface":"","sc":"unknown","speed":null,"lit":"unk","km":0.25}},
{"type":"Feature","geometry":{"type":"LineString","coordinates":[[33.01735,-9.4926],[33.01727,-9.4928],[33.01717,-9.49306],[33.01707,-9.49325],[33.01708,-9.49343],[33.01705,-9.49352],[33.01704,-9.49376],[33.01717,-9.49381],[33.01723,-9.49377]]},"properties":{"id":799130143,"cls":"path","hw":"path","tg":"na","name":"","ref":"","surface":"","sc":"unknown","speed":null,"lit":"unk","km":0.159}},
{"type":"Feature","geometry":{"type":"LineString","coordinates":[[33.01794,-9.49443],[33.01806,-9.49448],[33.01816,-9.49441],[33.01828,-9.49442],[33.01839,-9.49436],[33.01844,-9.49435],[33.01848,-9.49437],[33.01857,-9.49436],[33.01881,-9.49407],[33.01891,-9.49404],[33.01912,-9.49413],[33.01928,-9.49424],[33.0194,-9.49432],[33.01949,-9.49433],[33.01956,-9.49437],[33.01968,-9.49447],[33.01974,-9.4945],[33.01978,-9.49451]]},"properties":{"id":799130144,"cls":"path","hw":"path","tg":"na","name":"","ref":"","surface":"","sc":"unknown","speed":null,"lit":"unk","km":0.239}},
{"type":"Feature","geometry":{"type":"LineString","coordinates":[[33.02269,-9.49397],[33.02266,-9.49422],[33.0225,-9.4945],[33.02248,-9.49462],[33.02245,-9.49479],[33.02238,-9.49484]]},"properties":{"id":799130145,"cls":"path","hw":"path","tg":"na","name":"","ref":"","surface":"","sc":"unknown","speed":null,"lit":"unk","km":0.106}},
{"type":"Feature","geometry":{"type":"LineString","coordinates":[[33.02202,-9.49377],[33.02214,-9.49418],[33.02219,-9.49429],[33.02231,-9.49454],[33.02248,-9.49462],[33.02268,-9.49459],[33.02297,-9.49444],[33.02313,-9.49438],[33.02324,-9.49427],[33.02331,-9.49421],[33.02344,-9.49413]]},"properties":{"id":799130146,"cls":"path","hw":"path","tg":"na","name":"","ref":"","surface":"","sc":"unknown","speed":null,"lit":"unk","km":0.233}},
{"type":"Feature","geometry":{"type":"LineString","coordinates":[[33.02028,-9.49575],[33.02024,-9.49559],[33.02021,-9.49557],[33.0202,-9.49553],[33.02013,-9.49544],[33.0201,-9.49539],[33.02001,-9.49534],[33.01994,-9.49518],[33.01994,-9.4951],[33.01991,-9.49492],[33.01993,-9.49481],[33.01985,-9.49472],[33.01976,-9.49463],[33.01978,-9.49451],[33.01978,-9.49449],[33.01987,-9.4943],[33.01998,-9.4942],[33.02005,-9.49414],[33.02008,-9.49404],[33.02023,-9.49382],[33.02022,-9.49376],[33.02012,-9.49367],[33.02016,-9.49356],[33.02044,-9.49358],[33.02062,-9.49358],[33.02075,-9.49356],[33.0209,-9.4936],[33.02102,-9.49362],[33.02124,-9.49367],[33.02144,-9.4937],[33.02164,-9.49373],[33.02176,-9.49373],[33.02202,-9.49377],[33.02269,-9.49397],[33.02344,-9.49413],[33.02351,-9.49416],[33.02368,-9.49424],[33.02409,-9.49449],[33.02438,-9.49479],[33.02446,-9.49498],[33.02447,-9.49511],[33.02453,-9.4952],[33.02455,-9.4955],[33.02442,-9.4958],[33.02446,-9.49595]]},"properties":{"id":799130147,"cls":"path","hw":"path","tg":"na","name":"","ref":"","surface":"","sc":"unknown","speed":null,"lit":"unk","km":0.919}},
{"type":"Feature","geometry":{"type":"LineString","coordinates":[[33.01769,-9.49358],[33.01758,-9.49362],[33.0174,-9.49371],[33.01723,-9.49377]]},"properties":{"id":799130148,"cls":"path","hw":"path","tg":"na","name":"","ref":"","surface":"","sc":"unknown","speed":null,"lit":"unk","km":0.055}},
{"type":"Feature","geometry":{"type":"LineString","coordinates":[[33.01538,-9.49467],[33.01574,-9.49455],[33.01599,-9.49449],[33.01658,-9.49417],[33.01682,-9.49403],[33.01697,-9.49389],[33.01704,-9.49376]]},"properties":{"id":799130149,"cls":"path","hw":"path","tg":"na","name":"","ref":"","surface":"","sc":"unknown","speed":null,"lit":"unk","km":0.213}},
{"type":"Feature","geometry":{"type":"LineString","coordinates":[[33.0181,-9.49525],[33.01799,-9.49496],[33.01798,-9.49474],[33.01796,-9.4946],[33.01794,-9.49443],[33.01792,-9.49429],[33.01779,-9.49409],[33.01777,-9.4938],[33.01769,-9.49358],[33.01754,-9.49312],[33.01736,-9.49267],[33.01735,-9.4926]]},"properties":{"id":799130151,"cls":"path","hw":"path","tg":"na","name":"","ref":"","surface":"","sc":"unknown","speed":null,"lit":"unk","km":0.309}},
{"type":"Feature","geometry":{"type":"LineString","coordinates":[[33.01827,-9.49528],[33.01886,-9.49504],[33.0193,-9.49498],[33.01975,-9.49487],[33.01993,-9.49481],[33.02012,-9.49474],[33.02026,-9.49475],[33.021,-9.49443],[33.02132,-9.49441],[33.0217,-9.49446],[33.02178,-9.49454],[33.02188,-9.4946],[33.02213,-9.49467]]},"properties":{"id":799130155,"cls":"path","hw":"path","tg":"na","name":"","ref":"","surface":"","sc":"unknown","speed":null,"lit":"unk","km":0.448}},
{"type":"Feature","geometry":{"type":"LineString","coordinates":[[33.02327,-9.49596],[33.02329,-9.49615],[33.02328,-9.49624],[33.02334,-9.4963],[33.0234,-9.49646],[33.0234,-9.4965],[33.02344,-9.49658],[33.02353,-9.49688],[33.02361,-9.49703],[33.02364,-9.49709],[33.02375,-9.49723],[33.02382,-9.49737]]},"properties":{"id":799130157,"cls":"path","hw":"path","tg":"na","name":"","ref":"","surface":"","sc":"unknown","speed":null,"lit":"unk","km":0.172}},
{"type":"Feature","geometry":{"type":"LineString","coordinates":[[33.02154,-9.49622],[33.02186,-9.49614],[33.02209,-9.49612],[33.02246,-9.49606],[33.02291,-9.49599],[33.02327,-9.49596],[33.02357,-9.49595],[33.02388,-9.49593],[33.02402,-9.49597],[33.0241,-9.49591],[33.02418,-9.49593],[33.02425,-9.49601],[33.02433,-9.49597],[33.0244,-9.49594]]},"properties":{"id":799130160,"cls":"path","hw":"path","tg":"na","name":"","ref":"","surface":"","sc":"unknown","speed":null,"lit":"unk","km":0.325}},
{"type":"Feature","geometry":{"type":"LineString","coordinates":[[33.02493,-9.4958],[33.02478,-9.4959],[33.02466,-9.49596],[33.02446,-9.49595],[33.02443,-9.49595],[33.0244,-9.49594],[33.02411,-9.49583],[33.02396,-9.49572],[33.02387,-9.49565],[33.02372,-9.49551],[33.02299,-9.49523],[33.02274,-9.49515],[33.02254,-9.49507],[33.02238,-9.49484],[33.02228,-9.49475],[33.02225,-9.49469],[33.02213,-9.49467]]},"properties":{"id":799130161,"cls":"path","hw":"path","tg":"na","name":"","ref":"","surface":"","sc":"unknown","speed":null,"lit":"unk","km":0.358}},
{"type":"Feature","geometry":{"type":"LineString","coordinates":[[33.02714,-9.49319],[33.02721,-9.49331],[33.02727,-9.49342],[33.02741,-9.49358],[33.02745,-9.49365],[33.0275,-9.49372]]},"properties":{"id":799202417,"cls":"path","hw":"path","tg":"na","name":"","ref":"","surface":"","sc":"unknown","speed":null,"lit":"unk","km":0.071}},
{"type":"Feature","geometry":{"type":"LineString","coordinates":[[33.02781,-9.49532],[33.02816,-9.4955],[33.02837,-9.4956],[33.02889,-9.49565],[33.02933,-9.49566],[33.02964,-9.49577],[33.02978,-9.4958],[33.03017,-9.49569],[33.0304,-9.49563],[33.0306,-9.49561],[33.03105,-9.49579],[33.03141,-9.49585],[33.03166,-9.49589],[33.03178,-9.49598],[33.03193,-9.49601],[33.03211,-9.49608],[33.03236,-9.49615],[33.0326,-9.49622],[33.03341,-9.49625],[33.03416,-9.49633],[33.03507,-9.4963],[33.03556,-9.49635]]},"properties":{"id":799202418,"cls":"path","hw":"path","tg":"na","name":"","ref":"","surface":"","sc":"unknown","speed":null,"lit":"unk","km":0.876}},
{"type":"Feature","geometry":{"type":"LineString","coordinates":[[33.02782,-9.49296],[33.02785,-9.49293],[33.02794,-9.49287],[33.02805,-9.49271],[33.02813,-9.49264],[33.02813,-9.49257],[33.02814,-9.49252],[33.02816,-9.49237]]},"properties":{"id":799202419,"cls":"path","hw":"path","tg":"na","name":"","ref":"","surface":"","sc":"unknown","speed":null,"lit":"unk","km":0.08}},
{"type":"Feature","geometry":{"type":"LineString","coordinates":[[33.02782,-9.49296],[33.02748,-9.49302],[33.02714,-9.49319]]},"properties":{"id":799202420,"cls":"path","hw":"path","tg":"na","name":"","ref":"","surface":"","sc":"unknown","speed":null,"lit":"unk","km":0.08}},
{"type":"Feature","geometry":{"type":"LineString","coordinates":[[33.16529,-9.49747],[33.16509,-9.49774],[33.16488,-9.4981],[33.16473,-9.49856],[33.1645,-9.49908]]},"properties":{"id":799237349,"cls":"path","hw":"path","tg":"na","name":"","ref":"","surface":"","sc":"unknown","speed":null,"lit":"unk","km":0.2}},
{"type":"Feature","geometry":{"type":"LineString","coordinates":[[33.1645,-9.49908],[33.16424,-9.49963],[33.16418,-9.49991],[33.16419,-9.50049],[33.16422,-9.50077],[33.16426,-9.50102],[33.16429,-9.50151],[33.16432,-9.50183],[33.16431,-9.50218],[33.16422,-9.50243],[33.16425,-9.50321],[33.16429,-9.50361],[33.16434,-9.5041],[33.1642,-9.50457],[33.16411,-9.50506],[33.16404,-9.50549],[33.16394,-9.50566],[33.16385,-9.50574]]},"properties":{"id":799237353,"cls":"unclassified","hw":"unclassified","tg":"na","name":"","ref":"","surface":"","sc":"unknown","speed":null,"lit":"unk","km":0.762}},
{"type":"Feature","geometry":{"type":"LineString","coordinates":[[33.18129,-9.49771],[33.18153,-9.49777],[33.18164,-9.49779],[33.18174,-9.49785],[33.18182,-9.49792],[33.18187,-9.49803],[33.18193,-9.49814],[33.18201,-9.49819],[33.18216,-9.49822],[33.18236,-9.49828],[33.18246,-9.4983],[33.1825,-9.49835],[33.1825,-9.49843],[33.18242,-9.49897],[33.18235,-9.4995],[33.18233,-9.49957],[33.18232,-9.49964],[33.18235,-9.49975],[33.18238,-9.49981],[33.18239,-9.4999],[33.18247,-9.50088]]},"properties":{"id":799381894,"cls":"unclassified","hw":"unclassified","tg":"na","name":"","ref":"","surface":"","sc":"unknown","speed":null,"lit":"unk","km":0.444}},
{"type":"Feature","geometry":{"type":"LineString","coordinates":[[33.17914,-9.49981],[33.18032,-9.50078]]},"properties":{"id":799382058,"cls":"unclassified","hw":"unclassified","tg":"na","name":"","ref":"","surface":"","sc":"unknown","speed":null,"lit":"unk","km":0.168}},
{"type":"Feature","geometry":{"type":"LineString","coordinates":[[33.17941,-9.49486],[33.1811,-9.49502],[33.18159,-9.49507]]},"properties":{"id":799382059,"cls":"path","hw":"path","tg":"na","name":"","ref":"","surface":"","sc":"unknown","speed":null,"lit":"unk","km":0.24}},
{"type":"Feature","geometry":{"type":"LineString","coordinates":[[33.17907,-9.49501],[33.17893,-9.49606],[33.17918,-9.4962],[33.18143,-9.49644]]},"properties":{"id":799382060,"cls":"unclassified","hw":"unclassified","tg":"na","name":"","ref":"","surface":"","sc":"unknown","speed":null,"lit":"unk","km":0.397}},
{"type":"Feature","geometry":{"type":"LineString","coordinates":[[33.18233,-9.49957],[33.18312,-9.49996],[33.18321,-9.49997],[33.18361,-9.50022],[33.18385,-9.50034],[33.18395,-9.50039],[33.18409,-9.50045],[33.18437,-9.5006],[33.18448,-9.5007],[33.18473,-9.50086],[33.18523,-9.50117],[33.18537,-9.50124],[33.18555,-9.50134],[33.18557,-9.50135],[33.18595,-9.50159],[33.18668,-9.50202],[33.18675,-9.50212],[33.18709,-9.50237],[33.18736,-9.50242],[33.18748,-9.50243],[33.18781,-9.50271],[33.1879,-9.50273],[33.18858,-9.50318],[33.18869,-9.50326],[33.18916,-9.5036],[33.18942,-9.5038],[33.18956,-9.50405],[33.18967,-9.50421],[33.18969,-9.50432]]},"properties":{"id":799456824,"cls":"path","hw":"path","tg":"na","name":"","ref":"","surface":"","sc":"unknown","speed":null,"lit":"unk","km":0.983}},
{"type":"Feature","geometry":{"type":"LineString","coordinates":[[33.19754,-9.49669],[33.19716,-9.49722],[33.19696,-9.4975],[33.19675,-9.49775],[33.1966,-9.49807]]},"properties":{"id":799487006,"cls":"path","hw":"path","tg":"na","name":"","ref":"","surface":"","sc":"unknown","speed":null,"lit":"unk","km":0.186}},
{"type":"Feature","geometry":{"type":"LineString","coordinates":[[33.18426,-9.49376],[33.1846,-9.49392],[33.18468,-9.49389],[33.18487,-9.49399],[33.18509,-9.49398],[33.18563,-9.49413],[33.18593,-9.4943],[33.18664,-9.49461]]},"properties":{"id":799487009,"cls":"path","hw":"path","tg":"na","name":"","ref":"","surface":"","sc":"unknown","speed":null,"lit":"unk","km":0.283}},
{"type":"Feature","geometry":{"type":"LineString","coordinates":[[33.1878,-9.48512],[33.18791,-9.48545],[33.18773,-9.48566],[33.18752,-9.48597],[33.18746,-9.48638],[33.1875,-9.48656],[33.18762,-9.48687],[33.18763,-9.48715],[33.1877,-9.48736],[33.18781,-9.48746],[33.18814,-9.48798],[33.1884,-9.48848],[33.18855,-9.48884],[33.18853,-9.48894],[33.18841,-9.48964],[33.18848,-9.48975],[33.18849,-9.48989],[33.18856,-9.49015],[33.18861,-9.49039],[33.18855,-9.49059],[33.1884,-9.49075],[33.18821,-9.49096],[33.18803,-9.49133],[33.18772,-9.49186],[33.18748,-9.49224],[33.18741,-9.49258],[33.18737,-9.4928],[33.18734,-9.4931],[33.1874,-9.49345],[33.18742,-9.49376],[33.18734,-9.49404],[33.18719,-9.49416],[33.18721,-9.49436],[33.18713,-9.49447],[33.1871,-9.49467],[33.1871,-9.49487],[33.18702,-9.49498],[33.18699,-9.49522]]},"properties":{"id":799487010,"cls":"unclassified","hw":"unclassified","tg":"na","name":"","ref":"","surface":"","sc":"unknown","speed":null,"lit":"unk","km":1.228}},
{"type":"Feature","geometry":{"type":"LineString","coordinates":[[33.19015,-9.49402],[33.19057,-9.49447],[33.1911,-9.49519],[33.19176,-9.49565],[33.19209,-9.49571],[33.19271,-9.49551],[33.19323,-9.49534],[33.19352,-9.49477],[33.19366,-9.49438],[33.19389,-9.49382],[33.19376,-9.4932],[33.19372,-9.49264],[33.1937,-9.49205],[33.19371,-9.49195],[33.19372,-9.49187]]},"properties":{"id":799487013,"cls":"path","hw":"path","tg":"na","name":"","ref":"","surface":"","sc":"unknown","speed":null,"lit":"unk","km":0.827}},
{"type":"Feature","geometry":{"type":"LineString","coordinates":[[33.19854,-9.49418],[33.19838,-9.49426],[33.1983,-9.4943],[33.19828,-9.49442],[33.19829,-9.49462],[33.19817,-9.49478],[33.19816,-9.49492],[33.19819,-9.49509],[33.19815,-9.49518],[33.19809,-9.49524],[33.19802,-9.49549],[33.19798,-9.49562],[33.19781,-9.49598],[33.19771,-9.49619],[33.19759,-9.49649],[33.19754,-9.49669],[33.19753,-9.49692],[33.19754,-9.49715],[33.19748,-9.49736],[33.19751,-9.49769],[33.19752,-9.49784],[33.19738,-9.49804],[33.19726,-9.49811],[33.19693,-9.49814],[33.19665,-9.49806],[33.1966,-9.49807],[33.19654,-9.49809],[33.19641,-9.4983],[33.19619,-9.49844],[33.19594,-9.49855],[33.19584,-9.49861]]},"properties":{"id":799487047,"cls":"unclassified","hw":"unclassified","tg":"na","name":"","ref":"","surface":"","sc":"unknown","speed":null,"lit":"unk","km":0.666}},
{"type":"Feature","geometry":{"type":"LineString","coordinates":[[33.18855,-9.49059],[33.18872,-9.49076],[33.18882,-9.49114],[33.18896,-9.49153],[33.18913,-9.49193],[33.18921,-9.49232],[33.18919,-9.49254],[33.18925,-9.49296],[33.18935,-9.49311],[33.18949,-9.49315],[33.18958,-9.49334],[33.18959,-9.49373],[33.18968,-9.49388],[33.1899,-9.49397],[33.19025,-9.49449],[33.19038,-9.49476],[33.19049,-9.49513],[33.19058,-9.4953],[33.19102,-9.49568],[33.19135,-9.49592],[33.19154,-9.49614],[33.19172,-9.49643],[33.19216,-9.49649],[33.19261,-9.49665],[33.19307,-9.49686],[33.19336,-9.4969],[33.19359,-9.49704],[33.19392,-9.49711],[33.19411,-9.49712],[33.19443,-9.49706],[33.19462,-9.49729],[33.19484,-9.49742],[33.19532,-9.49758],[33.19556,-9.49778],[33.19565,-9.498],[33.19565,-9.49821],[33.19584,-9.49861],[33.19598,-9.4989],[33.19618,-9.49913],[33.19638,-9.49923],[33.19662,-9.49921],[33.19678,-9.49921],[33.19689,-9.49924],[33.19692,-9.4993],[33.19689,-9.49941],[33.19687,-9.4995],[33.19692,-9.49959],[33.19696,-9.4997],[33.19686,-9.50024],[33.1967,-9.50083],[33.19711,-9.50119],[33.19741,-9.50152],[33.19772,-9.50154],[33.198,-9.50157],[33.19817,-9.50152],[33.19857,-9.50152],[33.19878,-9.50179],[33.19918,-9.50211],[33.19974,-9.50229],[33.20005,-9.50247],[33.20029,-9.50271],[33.20049,-9.50286],[33.20059,-9.50294],[33.20093,-9.50316],[33.20133,-9.5033],[33.20164,-9.50339],[33.20199,-9.50367],[33.20221,-9.50384],[33.2024,-9.50386],[33.20263,-9.50381],[33.20288,-9.50402],[33.20316,-9.50411],[33.2033,-9.50434],[33.20344,-9.50449],[33.20358,-9.50462],[33.20358,-9.5047],[33.20407,-9.50459],[33.20435,-9.50457],[33.2047,-9.50457],[33.20496,-9.50457],[33.20521,-9.50468],[33.20548,-9.5048],[33.20568,-9.50478],[33.20584,-9.50482],[33.20597,-9.50464],[33.20629,-9.50448],[33.20668,-9.50447],[33.20694,-9.50435],[33.20728,-9.50403],[33.20749,-9.50377],[33.20769,-9.50342],[33.20797,-9.50318],[33.20828,-9.50277],[33.20841,-9.50246],[33.20846,-9.50196],[33.20868,-9.50187],[33.20881,-9.50179],[33.20898,-9.50159],[33.20913,-9.50126],[33.20928,-9.50108],[33.20938,-9.50064],[33.20957,-9.50014],[33.20961,-9.49968],[33.20965,-9.49939]]},"properties":{"id":799487056,"cls":"unclassified","hw":"unclassified","tg":"na","name":"","ref":"","surface":"","sc":"unknown","speed":null,"lit":"unk","km":3.639}},
{"type":"Feature","geometry":{"type":"LineString","coordinates":[[33.21519,-9.49912],[33.21506,-9.49949],[33.21497,-9.49991],[33.21495,-9.50002],[33.21471,-9.50045],[33.2145,-9.50085],[33.21434,-9.50117],[33.21402,-9.50158],[33.21384,-9.50177],[33.21333,-9.50219],[33.21326,-9.50237],[33.21324,-9.50272],[33.21314,-9.50302],[33.21308,-9.50312],[33.2131,-9.5033],[33.21292,-9.50365],[33.21279,-9.50389],[33.2129,-9.50404],[33.21301,-9.50423],[33.21307,-9.5044],[33.21301,-9.50465],[33.21299,-9.50482],[33.21309,-9.50502],[33.21309,-9.50527],[33.21305,-9.50548],[33.21303,-9.50567],[33.21294,-9.50579]]},"properties":{"id":799500230,"cls":"unclassified","hw":"unclassified","tg":"na","name":"","ref":"","surface":"","sc":"unknown","speed":null,"lit":"unk","km":0.837}},
{"type":"Feature","geometry":{"type":"LineString","coordinates":[[33.2242,-9.49943],[33.22476,-9.49979],[33.22548,-9.50032]]},"properties":{"id":799870763,"cls":"unclassified","hw":"unclassified","tg":"na","name":"","ref":"","surface":"","sc":"unknown","speed":null,"lit":"unk","km":0.172}},
{"type":"Feature","geometry":{"type":"LineString","coordinates":[[33.22352,-9.49878],[33.22359,-9.49888],[33.22374,-9.49911]]},"properties":{"id":799870764,"cls":"residential","hw":"residential","tg":"na","name":"","ref":"","surface":"","sc":"unknown","speed":null,"lit":"unk","km":0.044}},
{"type":"Feature","geometry":{"type":"LineString","coordinates":[[33.22343,-9.49896],[33.22357,-9.49902],[33.22365,-9.49907],[33.22374,-9.49911],[33.22385,-9.49918],[33.22402,-9.49929],[33.2242,-9.49943]]},"properties":{"id":799870765,"cls":"unclassified","hw":"unclassified","tg":"na","name":"","ref":"","surface":"","sc":"unknown","speed":null,"lit":"unk","km":0.1}},
{"type":"Feature","geometry":{"type":"LineString","coordinates":[[33.22534,-9.4921],[33.22544,-9.49231],[33.22559,-9.49246],[33.22565,-9.49263],[33.22584,-9.49287],[33.2262,-9.49322],[33.22627,-9.49336],[33.22645,-9.49344],[33.22653,-9.49356],[33.22672,-9.49374],[33.22686,-9.49385]]},"properties":{"id":799870769,"cls":"path","hw":"path","tg":"na","name":"","ref":"","surface":"","sc":"unknown","speed":null,"lit":"unk","km":0.262}},
{"type":"Feature","geometry":{"type":"LineString","coordinates":[[33.23028,-9.49234],[33.2303,-9.49259],[33.23029,-9.49272],[33.2303,-9.49283],[33.23036,-9.49292]]},"properties":{"id":799870780,"cls":"path","hw":"path","tg":"na","name":"","ref":"","surface":"","sc":"unknown","speed":null,"lit":"unk","km":0.067}},
{"type":"Feature","geometry":{"type":"LineString","coordinates":[[33.24246,-9.49658],[33.2425,-9.49649],[33.2425,-9.4964],[33.24245,-9.49626],[33.24248,-9.49617],[33.24252,-9.49606],[33.24268,-9.49579]]},"properties":{"id":800145532,"cls":"path","hw":"path","tg":"na","name":"","ref":"","surface":"","sc":"unknown","speed":null,"lit":"unk","km":0.096}},
{"type":"Feature","geometry":{"type":"LineString","coordinates":[[33.24273,-9.49695],[33.24257,-9.49671],[33.24246,-9.49658],[33.24216,-9.49647]]},"properties":{"id":800145533,"cls":"path","hw":"path","tg":"na","name":"","ref":"","surface":"","sc":"unknown","speed":null,"lit":"unk","km":0.086}},
{"type":"Feature","geometry":{"type":"LineString","coordinates":[[33.24363,-9.49814],[33.24355,-9.49821],[33.24346,-9.49821],[33.24336,-9.49832]]},"properties":{"id":800145550,"cls":"path","hw":"path","tg":"na","name":"","ref":"","surface":"","sc":"unknown","speed":null,"lit":"unk","km":0.038}},
{"type":"Feature","geometry":{"type":"LineString","coordinates":[[33.24364,-9.49744],[33.24365,-9.49764],[33.24359,-9.49784],[33.24363,-9.49814],[33.24368,-9.49829],[33.24375,-9.49845],[33.24377,-9.4987]]},"properties":{"id":800145551,"cls":"path","hw":"path","tg":"na","name":"","ref":"","surface":"","sc":"unknown","speed":null,"lit":"unk","km":0.144}},
{"type":"Feature","geometry":{"type":"LineString","coordinates":[[33.24246,-9.4972],[33.24282,-9.49727],[33.24324,-9.49736],[33.24364,-9.49744],[33.2437,-9.49726],[33.24378,-9.4971],[33.24393,-9.49698],[33.24406,-9.49686],[33.24413,-9.49683]]},"properties":{"id":800145552,"cls":"path","hw":"path","tg":"na","name":"","ref":"","surface":"","sc":"unknown","speed":null,"lit":"unk","km":0.222}},
{"type":"Feature","geometry":{"type":"LineString","coordinates":[[33.24339,-9.49574],[33.24358,-9.49566],[33.24367,-9.49562],[33.24392,-9.4956],[33.24408,-9.49559],[33.24433,-9.49559],[33.24451,-9.49558]]},"properties":{"id":800145558,"cls":"path","hw":"path","tg":"na","name":"","ref":"","surface":"","sc":"unknown","speed":null,"lit":"unk","km":0.126}},
{"type":"Feature","geometry":{"type":"LineString","coordinates":[[33.24178,-9.49406],[33.24207,-9.49432],[33.24216,-9.4945],[33.24234,-9.49466],[33.24256,-9.49478],[33.2429,-9.49504],[33.24311,-9.49528],[33.24328,-9.49556],[33.24339,-9.49574],[33.24344,-9.49587],[33.24349,-9.49595],[33.24355,-9.49603],[33.24361,-9.49613],[33.2437,-9.49625]]},"properties":{"id":800145559,"cls":"path","hw":"path","tg":"na","name":"","ref":"","surface":"","sc":"unknown","speed":null,"lit":"unk","km":0.328}},
{"type":"Feature","geometry":{"type":"LineString","coordinates":[[33.23735,-9.49791],[33.23723,-9.498],[33.2371,-9.49809],[33.23705,-9.49804],[33.23694,-9.49809],[33.23684,-9.49803],[33.23673,-9.49796]]},"properties":{"id":800171663,"cls":"path","hw":"path","tg":"na","name":"","ref":"","surface":"","sc":"unknown","speed":null,"lit":"unk","km":0.082}},
{"type":"Feature","geometry":{"type":"LineString","coordinates":[[33.23704,-9.49999],[33.23704,-9.49969],[33.23705,-9.49939],[33.23716,-9.49919],[33.2372,-9.49904],[33.23717,-9.49891],[33.23727,-9.49877],[33.23735,-9.49874],[33.23735,-9.49872],[33.23745,-9.49853],[33.23751,-9.49842],[33.23753,-9.49828],[33.23735,-9.49791],[33.23735,-9.49786],[33.23739,-9.49781],[33.2374,-9.49776],[33.23738,-9.49763],[33.23731,-9.49758],[33.23706,-9.49723],[33.23702,-9.49718],[33.23705,-9.49708],[33.23698,-9.49699]]},"properties":{"id":800171675,"cls":"path","hw":"path","tg":"na","name":"","ref":"","surface":"","sc":"unknown","speed":null,"lit":"unk","km":0.375}},
{"type":"Feature","geometry":{"type":"LineString","coordinates":[[33.23582,-9.4995],[33.23605,-9.49946],[33.23638,-9.49953],[33.23668,-9.49955],[33.23674,-9.49958]]},"properties":{"id":800171676,"cls":"path","hw":"path","tg":"na","name":"","ref":"","surface":"","sc":"unknown","speed":null,"lit":"unk","km":0.103}},
{"type":"Feature","geometry":{"type":"LineString","coordinates":[[33.2368,-9.49725],[33.23698,-9.49699],[33.23705,-9.49689],[33.2372,-9.49652],[33.23732,-9.49617],[33.23737,-9.49608],[33.23752,-9.49594],[33.23764,-9.49605],[33.23794,-9.49603],[33.23815,-9.496]]},"properties":{"id":800171677,"cls":"path","hw":"path","tg":"na","name":"","ref":"","surface":"","sc":"unknown","speed":null,"lit":"unk","km":0.242}},
{"type":"Feature","geometry":{"type":"LineString","coordinates":[[33.23584,-9.49978],[33.23605,-9.49946],[33.23636,-9.49899],[33.23656,-9.49851],[33.23673,-9.49796],[33.23678,-9.4977],[33.23675,-9.49745],[33.2368,-9.49725]]},"properties":{"id":800171678,"cls":"unclassified","hw":"unclassified","tg":"na","name":"","ref":"","surface":"","sc":"unknown","speed":null,"lit":"unk","km":0.307}},
{"type":"Feature","geometry":{"type":"LineString","coordinates":[[33.23505,-9.4983],[33.23503,-9.49821],[33.23485,-9.49798],[33.23472,-9.49771],[33.23456,-9.49781],[33.23453,-9.49774],[33.23443,-9.49775],[33.23438,-9.49766],[33.23426,-9.49764],[33.23427,-9.49746],[33.23421,-9.49727],[33.23408,-9.49711],[33.23396,-9.49692],[33.23391,-9.49668],[33.23402,-9.49596]]},"properties":{"id":800171754,"cls":"path","hw":"path","tg":"na","name":"","ref":"","surface":"","sc":"unknown","speed":null,"lit":"unk","km":0.339}},
{"type":"Feature","geometry":{"type":"LineString","coordinates":[[33.2347,-9.49817],[33.23468,-9.49806],[33.23456,-9.49794]]},"properties":{"id":800171755,"cls":"path","hw":"path","tg":"na","name":"","ref":"","surface":"","sc":"unknown","speed":null,"lit":"unk","km":0.031}},
{"type":"Feature","geometry":{"type":"LineString","coordinates":[[33.2355,-9.49842],[33.23533,-9.49838],[33.23515,-9.49831],[33.23505,-9.4983],[33.2349,-9.49821],[33.2347,-9.49817],[33.23459,-9.49814],[33.23446,-9.49807],[33.23436,-9.498],[33.23427,-9.49798],[33.23414,-9.49794],[33.23397,-9.49797],[33.23377,-9.4979],[33.23364,-9.49785],[33.23362,-9.49779],[33.23361,-9.4976],[33.23344,-9.49756],[33.23313,-9.49745],[33.23295,-9.49737],[33.23281,-9.49734],[33.23273,-9.49719],[33.23262,-9.49707],[33.23256,-9.49694],[33.23249,-9.49682],[33.23243,-9.49673],[33.23229,-9.49659],[33.23213,-9.49655],[33.23199,-9.49635],[33.23185,-9.4962],[33.23173,-9.49617],[33.23163,-9.49602],[33.23144,-9.49588],[33.23124,-9.49575]]},"properties":{"id":800171756,"cls":"path","hw":"path","tg":"na","name":"","ref":"","surface":"","sc":"unknown","speed":null,"lit":"unk","km":0.594}},
{"type":"Feature","geometry":{"type":"LineString","coordinates":[[33.22768,-9.49958],[33.2277,-9.4997],[33.22765,-9.49977],[33.22756,-9.49987],[33.22755,-9.49995],[33.22754,-9.50011],[33.22757,-9.50021],[33.22755,-9.50028],[33.22752,-9.50032],[33.22757,-9.50041]]},"properties":{"id":800171860,"cls":"path","hw":"path","tg":"na","name":"","ref":"","surface":"","sc":"unknown","speed":null,"lit":"unk","km":0.101}},
{"type":"Feature","geometry":{"type":"LineString","coordinates":[[33.22797,-9.49912],[33.22768,-9.49929],[33.22761,-9.49932]]},"properties":{"id":800171862,"cls":"path","hw":"path","tg":"na","name":"","ref":"","surface":"","sc":"unknown","speed":null,"lit":"unk","km":0.045}},
{"type":"Feature","geometry":{"type":"LineString","coordinates":[[33.24233,-9.49731],[33.24226,-9.49715],[33.24227,-9.49703],[33.24222,-9.49696]]},"properties":{"id":800279987,"cls":"path","hw":"path","tg":"na","name":"","ref":"","surface":"","sc":"unknown","speed":null,"lit":"unk","km":0.042}},
{"type":"Feature","geometry":{"type":"LineString","coordinates":[[33.24261,-9.49706],[33.24235,-9.49684],[33.24227,-9.49684],[33.24222,-9.49678],[33.24218,-9.49672],[33.24204,-9.49658],[33.24204,-9.49652],[33.24194,-9.49643],[33.24178,-9.49652],[33.24168,-9.49639],[33.24159,-9.49634],[33.24152,-9.49612]]},"properties":{"id":800279988,"cls":"path","hw":"path","tg":"na","name":"","ref":"","surface":"","sc":"unknown","speed":null,"lit":"unk","km":0.182}},
{"type":"Feature","geometry":{"type":"LineString","coordinates":[[33.2368,-9.49725],[33.23677,-9.49715],[33.23683,-9.49683],[33.23686,-9.49651],[33.23691,-9.49607],[33.23693,-9.49586]]},"properties":{"id":800279989,"cls":"path","hw":"path","tg":"na","name":"","ref":"","surface":"","sc":"unknown","speed":null,"lit":"unk","km":0.156}},
{"type":"Feature","geometry":{"type":"LineString","coordinates":[[33.24657,-9.49902],[33.24633,-9.49903],[33.24618,-9.49903],[33.24616,-9.499],[33.24608,-9.49897]]},"properties":{"id":800542127,"cls":"unclassified","hw":"unclassified","tg":"na","name":"","ref":"","surface":"","sc":"unknown","speed":null,"lit":"unk","km":0.056}},
{"type":"Feature","geometry":{"type":"LineString","coordinates":[[33.25388,-9.49792],[33.25411,-9.49785],[33.25417,-9.49775],[33.25451,-9.49751]]},"properties":{"id":800864948,"cls":"path","hw":"path","tg":"na","name":"","ref":"","surface":"","sc":"unknown","speed":null,"lit":"unk","km":0.085}},
{"type":"Feature","geometry":{"type":"LineString","coordinates":[[33.25251,-9.49661],[33.25245,-9.4968],[33.25245,-9.49692],[33.25234,-9.49712],[33.25236,-9.49719],[33.25238,-9.49726],[33.25228,-9.4975]]},"properties":{"id":800864949,"cls":"path","hw":"path","tg":"na","name":"","ref":"","surface":"","sc":"unknown","speed":null,"lit":"unk","km":0.106}},
{"type":"Feature","geometry":{"type":"LineString","coordinates":[[33.252,-9.49656],[33.25225,-9.49658],[33.25239,-9.49662],[33.25251,-9.49661],[33.25254,-9.49648],[33.25261,-9.4964],[33.25271,-9.49622],[33.2528,-9.49619],[33.25285,-9.49606],[33.25295,-9.49604]]},"properties":{"id":800864950,"cls":"path","hw":"path","tg":"na","name":"","ref":"","surface":"","sc":"unknown","speed":null,"lit":"unk","km":0.143}},
{"type":"Feature","geometry":{"type":"LineString","coordinates":[[33.25308,-9.49666],[33.25291,-9.4969],[33.25273,-9.49714],[33.25253,-9.49745],[33.25228,-9.4975],[33.25206,-9.49786],[33.25188,-9.49781],[33.25188,-9.49798],[33.25172,-9.49821],[33.25132,-9.49848]]},"properties":{"id":800864951,"cls":"path","hw":"path","tg":"na","name":"","ref":"","surface":"","sc":"unknown","speed":null,"lit":"unk","km":0.305}},
{"type":"Feature","geometry":{"type":"LineString","coordinates":[[33.24791,-9.49629],[33.24811,-9.49648],[33.24816,-9.49665],[33.24817,-9.49681],[33.24821,-9.49702],[33.24823,-9.49736],[33.24825,-9.49765],[33.24833,-9.49783],[33.24837,-9.49796],[33.24841,-9.49811]]},"properties":{"id":800864952,"cls":"path","hw":"path","tg":"na","name":"","ref":"","surface":"","sc":"unknown","speed":null,"lit":"unk","km":0.216}},
{"type":"Feature","geometry":{"type":"LineString","coordinates":[[33.24907,-9.49715],[33.24919,-9.49743],[33.24927,-9.49765],[33.24936,-9.49778],[33.24936,-9.49807],[33.24932,-9.49827],[33.24934,-9.49831],[33.24933,-9.49853],[33.24933,-9.49892]]},"properties":{"id":800864953,"cls":"path","hw":"path","tg":"na","name":"","ref":"","surface":"","sc":"unknown","speed":null,"lit":"unk","km":0.205}},
{"type":"Feature","geometry":{"type":"LineString","coordinates":[[33.25012,-9.49715],[33.25004,-9.49729],[33.25001,-9.49746],[33.25007,-9.49754],[33.25024,-9.49766],[33.25048,-9.49787]]},"properties":{"id":800864954,"cls":"path","hw":"path","tg":"na","name":"","ref":"","surface":"","sc":"unknown","speed":null,"lit":"unk","km":0.106}},
{"type":"Feature","geometry":{"type":"LineString","coordinates":[[33.24971,-9.49656],[33.24968,-9.49672],[33.24972,-9.49688],[33.24979,-9.497],[33.24996,-9.49709],[33.25011,-9.49713],[33.25012,-9.49715],[33.25015,-9.49721],[33.25044,-9.49728]]},"properties":{"id":800864955,"cls":"path","hw":"path","tg":"na","name":"","ref":"","surface":"","sc":"unknown","speed":null,"lit":"unk","km":0.133}},
{"type":"Feature","geometry":{"type":"LineString","coordinates":[[33.25008,-9.49602],[33.25001,-9.49618],[33.24997,-9.49632],[33.24988,-9.49648],[33.24981,-9.49654],[33.24971,-9.49656],[33.24971,-9.49656],[33.24961,-9.4965],[33.24944,-9.49653],[33.2493,-9.49655]]},"properties":{"id":800864956,"cls":"path","hw":"path","tg":"na","name":"","ref":"","surface":"","sc":"unknown","speed":null,"lit":"unk","km":0.125}},
{"type":"Feature","geometry":{"type":"LineString","coordinates":[[33.24948,-9.49617],[33.24968,-9.49623],[33.24997,-9.49632],[33.25013,-9.49629],[33.25025,-9.49623],[33.25032,-9.49614],[33.25038,-9.49606]]},"properties":{"id":800864957,"cls":"path","hw":"path","tg":"na","name":"","ref":"","surface":"","sc":"unknown","speed":null,"lit":"unk","km":0.113}},
{"type":"Feature","geometry":{"type":"LineString","coordinates":[[33.25141,-9.49641],[33.25136,-9.4967],[33.25128,-9.49699],[33.25122,-9.49723],[33.25121,-9.49733]]},"properties":{"id":800864958,"cls":"path","hw":"path","tg":"na","name":"","ref":"","surface":"","sc":"unknown","speed":null,"lit":"unk","km":0.105}},
{"type":"Feature","geometry":{"type":"LineString","coordinates":[[33.25089,-9.49628],[33.2508,-9.4965],[33.25068,-9.49674],[33.25056,-9.497],[33.2505,-9.49722],[33.25044,-9.49728],[33.25036,-9.49749],[33.25033,-9.49764]]},"properties":{"id":800864959,"cls":"path","hw":"path","tg":"na","name":"","ref":"","surface":"","sc":"unknown","speed":null,"lit":"unk","km":0.165}},
{"type":"Feature","geometry":{"type":"LineString","coordinates":[[33.24857,-9.49924],[33.24878,-9.49921],[33.24919,-9.49899],[33.24933,-9.49892],[33.24942,-9.49888],[33.24967,-9.49885],[33.24996,-9.49865],[33.25019,-9.49837],[33.25037,-9.49805],[33.25045,-9.49788],[33.25048,-9.49787],[33.25065,-9.4978],[33.25087,-9.49781],[33.25093,-9.49785]]},"properties":{"id":800864960,"cls":"path","hw":"path","tg":"na","name":"","ref":"","surface":"","sc":"unknown","speed":null,"lit":"unk","km":0.326}},
{"type":"Feature","geometry":{"type":"LineString","coordinates":[[33.247,-9.4979],[33.24833,-9.49856]]},"properties":{"id":800864961,"cls":"unclassified","hw":"unclassified","tg":"na","name":"","ref":"","surface":"","sc":"unknown","speed":null,"lit":"unk","km":0.163}},
{"type":"Feature","geometry":{"type":"LineString","coordinates":[[33.24833,-9.49856],[33.24847,-9.49867],[33.24851,-9.49874],[33.24855,-9.49885],[33.24855,-9.49901],[33.24857,-9.49924],[33.24858,-9.49943]]},"properties":{"id":800864962,"cls":"path","hw":"path","tg":"na","name":"","ref":"","surface":"","sc":"unknown","speed":null,"lit":"unk","km":0.106}},
{"type":"Feature","geometry":{"type":"LineString","coordinates":[[33.24787,-9.49637],[33.24816,-9.49785],[33.24824,-9.49816],[33.24833,-9.49856],[33.24845,-9.4991],[33.24851,-9.49925],[33.24858,-9.49943]]},"properties":{"id":800864963,"cls":"unclassified","hw":"unclassified","tg":"na","name":"","ref":"","surface":"","sc":"unknown","speed":null,"lit":"unk","km":0.35}},
{"type":"Feature","geometry":{"type":"LineString","coordinates":[[33.2495,-9.49506],[33.24953,-9.49532],[33.24956,-9.49554],[33.24959,-9.49578],[33.24957,-9.49597],[33.24952,-9.49606],[33.24948,-9.49617],[33.24947,-9.49619],[33.24936,-9.4964],[33.2493,-9.49655],[33.24929,-9.49661],[33.24927,-9.49672],[33.24911,-9.49707],[33.24907,-9.49715],[33.24894,-9.49738],[33.24886,-9.49751],[33.24885,-9.49759],[33.2487,-9.49764],[33.24866,-9.49804],[33.24867,-9.49807],[33.24849,-9.49811],[33.24841,-9.49811],[33.24834,-9.49811],[33.24824,-9.49816]]},"properties":{"id":800864964,"cls":"path","hw":"path","tg":"na","name":"","ref":"","surface":"","sc":"unknown","speed":null,"lit":"unk","km":0.415}},
{"type":"Feature","geometry":{"type":"LineString","coordinates":[[33.252,-9.49656],[33.25162,-9.49644],[33.25148,-9.49636],[33.25141,-9.49641],[33.25122,-9.49634],[33.25109,-9.49636],[33.25089,-9.49628],[33.25065,-9.49619],[33.25058,-9.49614],[33.25043,-9.49607],[33.25038,-9.49606],[33.25008,-9.49602],[33.25003,-9.49601],[33.24987,-9.49596],[33.24977,-9.49595],[33.2496,-9.496],[33.24952,-9.49606],[33.2494,-9.49613],[33.24929,-9.49611],[33.24924,-9.49607],[33.24876,-9.49596]]},"properties":{"id":800864965,"cls":"path","hw":"path","tg":"na","name":"","ref":"","surface":"","sc":"unknown","speed":null,"lit":"unk","km":0.38}},
{"type":"Feature","geometry":{"type":"LineString","coordinates":[[33.25318,-9.49672],[33.25312,-9.49633],[33.25313,-9.49606],[33.25304,-9.49603],[33.25295,-9.49604],[33.25298,-9.49594],[33.25301,-9.49588],[33.25293,-9.49576],[33.25297,-9.49551],[33.25299,-9.49528],[33.25296,-9.49518],[33.25268,-9.49509],[33.25242,-9.49506],[33.25201,-9.49515],[33.2518,-9.49528],[33.25168,-9.49539],[33.25157,-9.49547],[33.25154,-9.49553],[33.25147,-9.49574]]},"properties":{"id":800864966,"cls":"path","hw":"path","tg":"na","name":"","ref":"","surface":"","sc":"unknown","speed":null,"lit":"unk","km":0.394}},
{"type":"Feature","geometry":{"type":"LineString","coordinates":[[33.25431,-9.4993],[33.25438,-9.49928],[33.25443,-9.49917],[33.25451,-9.49902],[33.25455,-9.49886],[33.25456,-9.49857],[33.25458,-9.49832],[33.25463,-9.49824],[33.25468,-9.49812],[33.25475,-9.4979],[33.25473,-9.4978],[33.2548,-9.49765]]},"properties":{"id":800864967,"cls":"path","hw":"path","tg":"na","name":"","ref":"","surface":"","sc":"unknown","speed":null,"lit":"unk","km":0.199}},
{"type":"Feature","geometry":{"type":"LineString","coordinates":[[33.25335,-9.49824],[33.25332,-9.49815],[33.25328,-9.49798],[33.25321,-9.49765],[33.2532,-9.49757],[33.25303,-9.4974]]},"properties":{"id":800864969,"cls":"path","hw":"path","tg":"na","name":"","ref":"","surface":"","sc":"unknown","speed":null,"lit":"unk","km":0.103}},
{"type":"Feature","geometry":{"type":"LineString","coordinates":[[33.25119,-9.49913],[33.25133,-9.49898],[33.25147,-9.49881],[33.25168,-9.49891],[33.25182,-9.49887],[33.25198,-9.4988],[33.25207,-9.49878],[33.25221,-9.49866],[33.2525,-9.49862],[33.25289,-9.49843],[33.25313,-9.49837],[33.25335,-9.49824],[33.2535,-9.49816],[33.25367,-9.49812],[33.2538,-9.49804]]},"properties":{"id":800864971,"cls":"path","hw":"path","tg":"na","name":"","ref":"","surface":"","sc":"unknown","speed":null,"lit":"unk","km":0.328}},
{"type":"Feature","geometry":{"type":"LineString","coordinates":[[33.25099,-9.49885],[33.25108,-9.49901],[33.25119,-9.49913],[33.2512,-9.49919],[33.25119,-9.49926],[33.25121,-9.49936],[33.25121,-9.49946]]},"properties":{"id":800864972,"cls":"path","hw":"path","tg":"na","name":"","ref":"","surface":"","sc":"unknown","speed":null,"lit":"unk","km":0.075}},
{"type":"Feature","geometry":{"type":"LineString","coordinates":[[33.24597,-9.49888],[33.24594,-9.49906]]},"properties":{"id":800864983,"cls":"path","hw":"path","tg":"na","name":"","ref":"","surface":"","sc":"unknown","speed":null,"lit":"unk","km":0.02}},
{"type":"Feature","geometry":{"type":"LineString","coordinates":[[33.24605,-9.49861],[33.24608,-9.4987],[33.24601,-9.49882],[33.24597,-9.49888]]},"properties":{"id":800864984,"cls":"path","hw":"path","tg":"na","name":"","ref":"","surface":"","sc":"unknown","speed":null,"lit":"unk","km":0.034}},
{"type":"Feature","geometry":{"type":"LineString","coordinates":[[33.24533,-9.4988],[33.24551,-9.49869],[33.2457,-9.49861],[33.24592,-9.49863],[33.24605,-9.49861],[33.24608,-9.49861],[33.24631,-9.49867]]},"properties":{"id":800864985,"cls":"path","hw":"path","tg":"na","name":"","ref":"","surface":"","sc":"unknown","speed":null,"lit":"unk","km":0.114}},
{"type":"Feature","geometry":{"type":"LineString","coordinates":[[33.24534,-9.49669],[33.24557,-9.4967],[33.24581,-9.49672],[33.2463,-9.49676],[33.24646,-9.49678]]},"properties":{"id":800864986,"cls":"path","hw":"path","tg":"na","name":"","ref":"","surface":"","sc":"unknown","speed":null,"lit":"unk","km":0.123}},
{"type":"Feature","geometry":{"type":"LineString","coordinates":[[33.24633,-9.49771],[33.24609,-9.49768],[33.24591,-9.49757],[33.24577,-9.49751],[33.24554,-9.49727],[33.24543,-9.49718],[33.24512,-9.4968],[33.24505,-9.49664],[33.24498,-9.49648],[33.24487,-9.49619],[33.24476,-9.49598],[33.24466,-9.49579],[33.2446,-9.49568]]},"properties":{"id":800864987,"cls":"path","hw":"path","tg":"na","name":"","ref":"","surface":"","sc":"unknown","speed":null,"lit":"unk","km":0.31}},
{"type":"Feature","geometry":{"type":"LineString","coordinates":[[33.24547,-9.49588],[33.24562,-9.49601],[33.24569,-9.49608],[33.2459,-9.49607],[33.24592,-9.49581]]},"properties":{"id":800864988,"cls":"path","hw":"path","tg":"na","name":"","ref":"","surface":"","sc":"unknown","speed":null,"lit":"unk","km":0.085}},
{"type":"Feature","geometry":{"type":"LineString","coordinates":[[33.24546,-9.49568],[33.24547,-9.49588],[33.24534,-9.496],[33.24538,-9.49621],[33.24537,-9.49632],[33.24527,-9.49652],[33.24527,-9.49665]]},"properties":{"id":800864989,"cls":"path","hw":"path","tg":"na","name":"","ref":"","surface":"","sc":"unknown","speed":null,"lit":"unk","km":0.117}},
{"type":"Feature","geometry":{"type":"LineString","coordinates":[[33.24619,-9.49532],[33.24616,-9.49537],[33.24623,-9.49551],[33.24624,-9.49568],[33.24625,-9.49574],[33.2463,-9.49577],[33.24634,-9.49593]]},"properties":{"id":800864990,"cls":"path","hw":"path","tg":"na","name":"","ref":"","surface":"","sc":"unknown","speed":null,"lit":"unk","km":0.074}},
{"type":"Feature","geometry":{"type":"LineString","coordinates":[[33.24533,-9.49522],[33.24548,-9.4953],[33.24553,-9.49532],[33.24581,-9.49536],[33.24596,-9.49532]]},"properties":{"id":800864991,"cls":"path","hw":"path","tg":"na","name":"","ref":"","surface":"","sc":"unknown","speed":null,"lit":"unk","km":0.073}},
{"type":"Feature","geometry":{"type":"LineString","coordinates":[[33.24687,-9.4952],[33.24666,-9.49531],[33.2464,-9.49534],[33.24619,-9.49532],[33.2462,-9.4952],[33.24609,-9.49499],[33.24603,-9.49486],[33.246,-9.49479]]},"properties":{"id":800864992,"cls":"path","hw":"path","tg":"na","name":"","ref":"","surface":"","sc":"unknown","speed":null,"lit":"unk","km":0.142}},
{"type":"Feature","geometry":{"type":"LineString","coordinates":[[33.24646,-9.4945],[33.24654,-9.49471],[33.24662,-9.49486],[33.24672,-9.49499],[33.2468,-9.49511],[33.24687,-9.4952],[33.24698,-9.49517]]},"properties":{"id":800864993,"cls":"path","hw":"path","tg":"na","name":"","ref":"","surface":"","sc":"unknown","speed":null,"lit":"unk","km":0.103}},
{"type":"Feature","geometry":{"type":"LineString","coordinates":[[33.24653,-9.49795],[33.2464,-9.49785],[33.24633,-9.49771],[33.24632,-9.49768],[33.24638,-9.49743],[33.24642,-9.49735],[33.24639,-9.49705],[33.24646,-9.49678],[33.24647,-9.49675],[33.24657,-9.49667],[33.24665,-9.49652],[33.24685,-9.49642],[33.24693,-9.49637],[33.24702,-9.49631]]},"properties":{"id":800864995,"cls":"path","hw":"path","tg":"na","name":"","ref":"","surface":"","sc":"unknown","speed":null,"lit":"unk","km":0.225}},
{"type":"Feature","geometry":{"type":"LineString","coordinates":[[33.24714,-9.49612],[33.24692,-9.49605],[33.2466,-9.49598],[33.24634,-9.49593],[33.24624,-9.49591],[33.24596,-9.49582],[33.24592,-9.49581],[33.24584,-9.4958],[33.24556,-9.49566],[33.24546,-9.49568],[33.24539,-9.4957],[33.24529,-9.49571],[33.24496,-9.49562],[33.24481,-9.49555]]},"properties":{"id":800864996,"cls":"path","hw":"path","tg":"na","name":"","ref":"","surface":"","sc":"unknown","speed":null,"lit":"unk","km":0.268}},
{"type":"Feature","geometry":{"type":"LineString","coordinates":[[33.24851,-9.49925],[33.24828,-9.49925],[33.24792,-9.49917],[33.24779,-9.49905],[33.24739,-9.49893],[33.24718,-9.49879],[33.24698,-9.4986],[33.24678,-9.49844]]},"properties":{"id":801022392,"cls":"path","hw":"path","tg":"na","name":"","ref":"","surface":"","sc":"unknown","speed":null,"lit":"unk","km":0.218}},
{"type":"Feature","geometry":{"type":"LineString","coordinates":[[33.24667,-9.49404],[33.24662,-9.49391],[33.2466,-9.49359],[33.24667,-9.49344],[33.24659,-9.49338],[33.24662,-9.49322],[33.24651,-9.49304]]},"properties":{"id":801022393,"cls":"path","hw":"path","tg":"na","name":"","ref":"","surface":"","sc":"unknown","speed":null,"lit":"unk","km":0.122}},
{"type":"Feature","geometry":{"type":"LineString","coordinates":[[33.2486,-9.49253],[33.24855,-9.49272],[33.24847,-9.49284],[33.24834,-9.49304],[33.24827,-9.49323],[33.24811,-9.4936],[33.24803,-9.49386],[33.24796,-9.49395]]},"properties":{"id":801022394,"cls":"path","hw":"path","tg":"na","name":"","ref":"","surface":"","sc":"unknown","speed":null,"lit":"unk","km":0.174}},
{"type":"Feature","geometry":{"type":"LineString","coordinates":[[33.25986,-9.49815],[33.26007,-9.49793],[33.26008,-9.49782],[33.26003,-9.49776],[33.26005,-9.49764],[33.26013,-9.4974],[33.26022,-9.49731],[33.26028,-9.49731],[33.26044,-9.49703],[33.26057,-9.4968],[33.2607,-9.4967],[33.26079,-9.49652],[33.26103,-9.4961],[33.26111,-9.49582],[33.2612,-9.49535],[33.26129,-9.49513],[33.26138,-9.49502]]},"properties":{"id":801022410,"cls":"path","hw":"path","tg":"na","name":"","ref":"","surface":"","sc":"unknown","speed":null,"lit":"unk","km":0.403}},
{"type":"Feature","geometry":{"type":"LineString","coordinates":[[33.25805,-9.49528],[33.25795,-9.4955],[33.25791,-9.49562],[33.25805,-9.49579],[33.25797,-9.49594],[33.25779,-9.4962],[33.25761,-9.49631]]},"properties":{"id":801022411,"cls":"path","hw":"path","tg":"na","name":"","ref":"","surface":"","sc":"unknown","speed":null,"lit":"unk","km":0.142}},
{"type":"Feature","geometry":{"type":"LineString","coordinates":[[33.25716,-9.49498],[33.25735,-9.49507],[33.25736,-9.49511],[33.25763,-9.4952],[33.25766,-9.49526],[33.25784,-9.4953],[33.25799,-9.49533],[33.25805,-9.49528],[33.25815,-9.49512],[33.25812,-9.495]]},"properties":{"id":801022413,"cls":"path","hw":"path","tg":"na","name":"","ref":"","surface":"","sc":"unknown","speed":null,"lit":"unk","km":0.147}},
{"type":"Feature","geometry":{"type":"LineString","coordinates":[[33.25716,-9.49447],[33.25753,-9.49461],[33.25766,-9.49473],[33.25764,-9.49482],[33.25782,-9.49489],[33.25785,-9.49491],[33.25779,-9.49505]]},"properties":{"id":801022414,"cls":"path","hw":"path","tg":"na","name":"","ref":"","surface":"","sc":"unknown","speed":null,"lit":"unk","km":0.115}},
{"type":"Feature","geometry":{"type":"LineString","coordinates":[[33.27672,-9.49273],[33.27647,-9.49271],[33.27599,-9.49237]]},"properties":{"id":801386607,"cls":"path","hw":"path","tg":"na","name":"","ref":"","surface":"","sc":"unknown","speed":null,"lit":"unk","km":0.092}},
{"type":"Feature","geometry":{"type":"LineString","coordinates":[[33.27216,-9.49061],[33.27208,-9.49081],[33.27204,-9.49105],[33.27202,-9.49131],[33.27201,-9.49175],[33.27205,-9.49206],[33.27202,-9.49238],[33.27185,-9.49297],[33.27196,-9.49333],[33.27172,-9.49345],[33.27166,-9.49373],[33.27149,-9.49423]]},"properties":{"id":801386608,"cls":"unclassified","hw":"unclassified","tg":"na","name":"","ref":"","surface":"","sc":"unknown","speed":null,"lit":"unk","km":0.429}},
{"type":"Feature","geometry":{"type":"LineString","coordinates":[[33.315,-9.49718],[33.31502,-9.4973]]},"properties":{"id":802553373,"cls":"path","hw":"path","tg":"na","name":"","ref":"","surface":"","sc":"unknown","speed":null,"lit":"unk","km":0.014}},
{"type":"Feature","geometry":{"type":"LineString","coordinates":[[33.32644,-9.49542],[33.3266,-9.4951],[33.32697,-9.4948],[33.32728,-9.49446]]},"properties":{"id":802674572,"cls":"unclassified","hw":"unclassified","tg":"na","name":"","ref":"","surface":"","sc":"unknown","speed":null,"lit":"unk","km":0.143}},
{"type":"Feature","geometry":{"type":"LineString","coordinates":[[33.33122,-9.49577],[33.33105,-9.49616],[33.33113,-9.49641],[33.33094,-9.49653],[33.33091,-9.49718],[33.33089,-9.49755],[33.33104,-9.49767],[33.33086,-9.4979]]},"properties":{"id":802674587,"cls":"path","hw":"path","tg":"na","name":"","ref":"","surface":"","sc":"unknown","speed":null,"lit":"unk","km":0.268}},
{"type":"Feature","geometry":{"type":"LineString","coordinates":[[33.32728,-9.49446],[33.32754,-9.49434]]},"properties":{"id":802674588,"cls":"unclassified","hw":"unclassified","tg":"na","name":"","ref":"","surface":"","sc":"unknown","speed":null,"lit":"unk","km":0.031}},
{"type":"Feature","geometry":{"type":"LineString","coordinates":[[33.32754,-9.49434],[33.32779,-9.49401],[33.32797,-9.49389]]},"properties":{"id":802674589,"cls":"unclassified","hw":"unclassified","tg":"na","name":"","ref":"","surface":"","sc":"unknown","speed":null,"lit":"unk","km":0.07}},
{"type":"Feature","geometry":{"type":"LineString","coordinates":[[33.31527,-9.49899],[33.31547,-9.49918],[33.31551,-9.49921],[33.31559,-9.49948],[33.3156,-9.50001]]},"properties":{"id":802674592,"cls":"path","hw":"path","tg":"na","name":"","ref":"","surface":"","sc":"unknown","speed":null,"lit":"unk","km":0.126}},
{"type":"Feature","geometry":{"type":"LineString","coordinates":[[33.31189,-9.49954],[33.31195,-9.49987],[33.31206,-9.49992],[33.31215,-9.5005],[33.3123,-9.50061]]},"properties":{"id":802674596,"cls":"path","hw":"path","tg":"na","name":"","ref":"","surface":"","sc":"unknown","speed":null,"lit":"unk","km":0.136}},
{"type":"Feature","geometry":{"type":"LineString","coordinates":[[33.36142,-9.49873],[33.36119,-9.49875],[33.36105,-9.49876],[33.3608,-9.49869],[33.36056,-9.49874],[33.36044,-9.4988],[33.36033,-9.49893],[33.36011,-9.4992],[33.36005,-9.49932],[33.35985,-9.49961],[33.35971,-9.49986],[33.35957,-9.5],[33.35947,-9.50017],[33.35922,-9.50047],[33.35903,-9.50075],[33.35898,-9.50099],[33.35879,-9.50124],[33.35868,-9.50135],[33.35844,-9.50137],[33.35818,-9.50138],[33.35797,-9.50133],[33.35745,-9.50138],[33.35714,-9.50147],[33.35686,-9.50153],[33.35674,-9.50155],[33.35659,-9.50184],[33.35644,-9.50186],[33.35629,-9.50176],[33.35598,-9.50165],[33.35571,-9.50187],[33.35566,-9.50191],[33.35569,-9.50212],[33.35588,-9.5027],[33.35548,-9.50287],[33.35545,-9.50293],[33.3554,-9.50301],[33.35515,-9.50316],[33.35488,-9.50325],[33.35468,-9.50338],[33.35443,-9.50358],[33.35432,-9.50356]]},"properties":{"id":803903595,"cls":"path","hw":"path","tg":"na","name":"","ref":"","surface":"","sc":"unknown","speed":null,"lit":"unk","km":1.122}},
{"type":"Feature","geometry":{"type":"LineString","coordinates":[[33.24254,-9.48546],[33.24252,-9.48565],[33.24254,-9.48581],[33.24244,-9.48599],[33.24239,-9.48609],[33.24241,-9.48627],[33.24246,-9.48637],[33.24246,-9.48652],[33.24245,-9.48674],[33.24248,-9.48697],[33.2426,-9.48723],[33.24269,-9.48751],[33.24272,-9.48774],[33.24271,-9.48801],[33.2427,-9.48812],[33.24266,-9.48828],[33.24267,-9.48842],[33.24269,-9.48857],[33.24256,-9.48854],[33.24239,-9.48854],[33.24221,-9.48854]]},"properties":{"id":804376916,"cls":"path","hw":"path","tg":"na","name":"","ref":"","surface":"","sc":"unknown","speed":null,"lit":"unk","km":0.41}},
{"type":"Feature","geometry":{"type":"LineString","coordinates":[[33.24475,-9.48884],[33.24444,-9.48904],[33.24437,-9.48923],[33.24422,-9.48931],[33.24423,-9.48961],[33.24425,-9.48973],[33.2441,-9.48989],[33.24407,-9.49016]]},"properties":{"id":804376919,"cls":"path","hw":"path","tg":"na","name":"","ref":"","surface":"","sc":"unknown","speed":null,"lit":"unk","km":0.183}},
{"type":"Feature","geometry":{"type":"LineString","coordinates":[[33.24397,-9.48997],[33.24407,-9.49016],[33.2441,-9.49022],[33.24424,-9.4905],[33.24428,-9.49057],[33.24441,-9.49083],[33.24445,-9.49103],[33.24456,-9.49111]]},"properties":{"id":804376920,"cls":"path","hw":"path","tg":"na","name":"","ref":"","surface":"","sc":"unknown","speed":null,"lit":"unk","km":0.145}},
{"type":"Feature","geometry":{"type":"LineString","coordinates":[[33.22964,-9.49146],[33.22969,-9.49162],[33.2298,-9.49166],[33.22992,-9.49167],[33.23016,-9.49176],[33.23029,-9.49186],[33.2303,-9.49201]]},"properties":{"id":804376924,"cls":"path","hw":"path","tg":"na","name":"","ref":"","surface":"","sc":"unknown","speed":null,"lit":"unk","km":0.108}},
{"type":"Feature","geometry":{"type":"LineString","coordinates":[[33.22665,-9.49006],[33.22668,-9.49024],[33.2269,-9.49046],[33.22697,-9.49057],[33.22701,-9.49072],[33.22722,-9.49118],[33.22723,-9.49133],[33.22732,-9.49157],[33.22736,-9.49177],[33.22738,-9.49194],[33.22739,-9.49218],[33.22738,-9.4923],[33.22737,-9.49241]]},"properties":{"id":804376925,"cls":"path","hw":"path","tg":"na","name":"","ref":"","surface":"","sc":"unknown","speed":null,"lit":"unk","km":0.282}},
{"type":"Feature","geometry":{"type":"LineString","coordinates":[[33.22432,-9.48867],[33.22454,-9.48866],[33.22474,-9.48862],[33.22505,-9.48872],[33.22556,-9.489],[33.22589,-9.48916],[33.22601,-9.4893],[33.22625,-9.48951],[33.22641,-9.48987],[33.22665,-9.49006],[33.22673,-9.49012],[33.22696,-9.49032],[33.22706,-9.4904],[33.22738,-9.49092],[33.22752,-9.49115],[33.2278,-9.49168],[33.22799,-9.49202],[33.22802,-9.49227],[33.22811,-9.49264]]},"properties":{"id":804376926,"cls":"path","hw":"path","tg":"na","name":"","ref":"","surface":"","sc":"unknown","speed":null,"lit":"unk","km":0.656}},
{"type":"Feature","geometry":{"type":"LineString","coordinates":[[33.22791,-9.49333],[33.22755,-9.49335],[33.22733,-9.49331],[33.2271,-9.49311],[33.22687,-9.49306],[33.22671,-9.49292],[33.22611,-9.4926],[33.22565,-9.4923],[33.22534,-9.4921],[33.22513,-9.49197],[33.22491,-9.49182]]},"properties":{"id":804376928,"cls":"path","hw":"path","tg":"na","name":"","ref":"","surface":"","sc":"unknown","speed":null,"lit":"unk","km":0.379}},
{"type":"Feature","geometry":{"type":"LineString","coordinates":[[33.22959,-9.48986],[33.22972,-9.48999],[33.23006,-9.4901],[33.23021,-9.49018],[33.23035,-9.49026],[33.23054,-9.49053],[33.23077,-9.49068],[33.23129,-9.49077],[33.23167,-9.49084],[33.23197,-9.49096],[33.23226,-9.49105],[33.23244,-9.49115],[33.23256,-9.49132],[33.23289,-9.4915],[33.23324,-9.49163],[33.23351,-9.49167],[33.23368,-9.49182],[33.23392,-9.49204],[33.23409,-9.49228],[33.23415,-9.49246]]},"properties":{"id":804376931,"cls":"unclassified","hw":"unclassified","tg":"na","name":"","ref":"","surface":"","sc":"unknown","speed":null,"lit":"unk","km":0.605}},
{"type":"Feature","geometry":{"type":"LineString","coordinates":[[33.23351,-9.49167],[33.23391,-9.49178],[33.23429,-9.49193],[33.23457,-9.49207],[33.23494,-9.49235],[33.23536,-9.49254]]},"properties":{"id":804564224,"cls":"path","hw":"path","tg":"na","name":"","ref":"","surface":"","sc":"unknown","speed":null,"lit":"unk","km":0.227}},
{"type":"Feature","geometry":{"type":"LineString","coordinates":[[33.22994,-9.48897],[33.23051,-9.48904],[33.23075,-9.48911],[33.23107,-9.48934],[33.2314,-9.48956],[33.23173,-9.49],[33.23201,-9.49023],[33.23223,-9.4905],[33.23244,-9.49115]]},"properties":{"id":804564225,"cls":"path","hw":"path","tg":"na","name":"","ref":"","surface":"","sc":"unknown","speed":null,"lit":"unk","km":0.393}},
{"type":"Feature","geometry":{"type":"LineString","coordinates":[[33.24418,-9.49226],[33.24418,-9.49232],[33.24418,-9.49243],[33.24417,-9.49246]]},"properties":{"id":804564246,"cls":"path","hw":"path","tg":"na","name":"","ref":"","surface":"","sc":"unknown","speed":null,"lit":"unk","km":0.022}},
{"type":"Feature","geometry":{"type":"LineString","coordinates":[[33.2446,-9.49129],[33.24431,-9.49129],[33.24421,-9.4913],[33.24409,-9.49138],[33.24406,-9.49146],[33.24403,-9.4915],[33.24401,-9.49181],[33.24404,-9.49193],[33.2441,-9.49204],[33.24416,-9.49217],[33.24418,-9.49226],[33.24453,-9.49239],[33.2447,-9.49244]]},"properties":{"id":804564247,"cls":"path","hw":"path","tg":"na","name":"","ref":"","surface":"","sc":"unknown","speed":null,"lit":"unk","km":0.223}},
{"type":"Feature","geometry":{"type":"LineString","coordinates":[[33.24475,-9.49047],[33.24466,-9.49047],[33.24457,-9.49043],[33.24448,-9.49043],[33.24424,-9.4905],[33.24421,-9.49064],[33.24419,-9.49081],[33.24422,-9.49095],[33.2443,-9.49101],[33.24445,-9.49103]]},"properties":{"id":804564248,"cls":"path","hw":"path","tg":"na","name":"","ref":"","surface":"","sc":"unknown","speed":null,"lit":"unk","km":0.136}},
{"type":"Feature","geometry":{"type":"LineString","coordinates":[[33.23802,-9.48495],[33.23805,-9.4851],[33.23791,-9.48538],[33.23786,-9.48561],[33.23784,-9.48577],[33.23777,-9.48622],[33.2377,-9.48659],[33.23771,-9.48676],[33.23784,-9.48693],[33.23814,-9.4873],[33.23817,-9.48742],[33.23818,-9.48761],[33.23815,-9.48782],[33.2381,-9.48797],[33.23798,-9.48814],[33.238,-9.48836],[33.23796,-9.48849],[33.23794,-9.48855],[33.23794,-9.48863],[33.23792,-9.48883],[33.23801,-9.48896],[33.23813,-9.48899],[33.23821,-9.48916],[33.23821,-9.48929],[33.23838,-9.48952],[33.23844,-9.48971],[33.23864,-9.49018]]},"properties":{"id":804564250,"cls":"unclassified","hw":"unclassified","tg":"na","name":"","ref":"","surface":"","sc":"unknown","speed":null,"lit":"unk","km":0.637}},
{"type":"Feature","geometry":{"type":"LineString","coordinates":[[33.28455,-9.48804],[33.28454,-9.48816],[33.28462,-9.48845]]},"properties":{"id":804767970,"cls":"path","hw":"path","tg":"na","name":"","ref":"","surface":"","sc":"unknown","speed":null,"lit":"unk","km":0.047}},
{"type":"Feature","geometry":{"type":"LineString","coordinates":[[33.28513,-9.4882],[33.28521,-9.48834]]},"properties":{"id":804767971,"cls":"path","hw":"path","tg":"na","name":"","ref":"","surface":"","sc":"unknown","speed":null,"lit":"unk","km":0.018}},
{"type":"Feature","geometry":{"type":"LineString","coordinates":[[33.28478,-9.48816],[33.28489,-9.48817],[33.285,-9.48818],[33.285,-9.48828],[33.28502,-9.48837]]},"properties":{"id":804767972,"cls":"path","hw":"path","tg":"na","name":"","ref":"","surface":"","sc":"unknown","speed":null,"lit":"unk","km":0.046}},
{"type":"Feature","geometry":{"type":"LineString","coordinates":[[33.28521,-9.48834],[33.28528,-9.48847],[33.2853,-9.48854],[33.28549,-9.4886],[33.28559,-9.48858]]},"properties":{"id":804767973,"cls":"path","hw":"path","tg":"na","name":"","ref":"","surface":"","sc":"unknown","speed":null,"lit":"unk","km":0.058}},
{"type":"Feature","geometry":{"type":"LineString","coordinates":[[33.2843,-9.48795],[33.28455,-9.48804],[33.28466,-9.48808],[33.28469,-9.4881],[33.28478,-9.48816],[33.28481,-9.48822],[33.28483,-9.48834],[33.28487,-9.4884],[33.28497,-9.48847],[33.28502,-9.48868]]},"properties":{"id":804767974,"cls":"path","hw":"path","tg":"na","name":"","ref":"","surface":"","sc":"unknown","speed":null,"lit":"unk","km":0.124}},
{"type":"Feature","geometry":{"type":"LineString","coordinates":[[33.28093,-9.48916],[33.28102,-9.48937],[33.28097,-9.48966],[33.28091,-9.48987],[33.28092,-9.48999]]},"properties":{"id":804767976,"cls":"path","hw":"path","tg":"na","name":"","ref":"","surface":"","sc":"unknown","speed":null,"lit":"unk","km":0.096}},
{"type":"Feature","geometry":{"type":"LineString","coordinates":[[33.27383,-9.48996],[33.27398,-9.49031],[33.27409,-9.49049],[33.27426,-9.49072],[33.2744,-9.49091],[33.27453,-9.49112],[33.27465,-9.49128],[33.27476,-9.49152],[33.27476,-9.49158],[33.27495,-9.49179],[33.27512,-9.49199],[33.27545,-9.49211],[33.27584,-9.49228],[33.27599,-9.49237]]},"properties":{"id":804767998,"cls":"path","hw":"path","tg":"na","name":"","ref":"","surface":"","sc":"unknown","speed":null,"lit":"unk","km":0.374}},
{"type":"Feature","geometry":{"type":"LineString","coordinates":[[33.27653,-9.48998],[33.27656,-9.49017],[33.27664,-9.49032],[33.27676,-9.49043],[33.27686,-9.49054],[33.277,-9.49061],[33.27704,-9.49075],[33.27707,-9.49083],[33.27713,-9.491],[33.27722,-9.49107],[33.27722,-9.4911]]},"properties":{"id":804768001,"cls":"path","hw":"path","tg":"na","name":"","ref":"","surface":"","sc":"unknown","speed":null,"lit":"unk","km":0.153}},
{"type":"Feature","geometry":{"type":"LineString","coordinates":[[33.27722,-9.4911],[33.27717,-9.49121],[33.2774,-9.49159],[33.2776,-9.49185],[33.27771,-9.49193],[33.27781,-9.49206],[33.27783,-9.49214]]},"properties":{"id":804768002,"cls":"path","hw":"path","tg":"na","name":"","ref":"","surface":"","sc":"unknown","speed":null,"lit":"unk","km":0.141}},
{"type":"Feature","geometry":{"type":"LineString","coordinates":[[33.2731,-9.48915],[33.2732,-9.48926],[33.27336,-9.48937],[33.27355,-9.48967],[33.27362,-9.48982],[33.27371,-9.48991],[33.27383,-9.48996],[33.27397,-9.49002],[33.27424,-9.49014],[33.27442,-9.49028],[33.27444,-9.49029],[33.27456,-9.49034],[33.27479,-9.49048],[33.27491,-9.49058],[33.27494,-9.49066],[33.27496,-9.4907],[33.27506,-9.4908],[33.27517,-9.49093],[33.27528,-9.4911],[33.27534,-9.49122],[33.27561,-9.49143],[33.27577,-9.49154],[33.27582,-9.49158],[33.27593,-9.49171],[33.2761,-9.49174],[33.27623,-9.49174],[33.27628,-9.49174],[33.27648,-9.49182],[33.27675,-9.49191],[33.27683,-9.49197],[33.27745,-9.49199],[33.27764,-9.49202],[33.27783,-9.49214],[33.27809,-9.49229],[33.27837,-9.49236],[33.27864,-9.49238],[33.27886,-9.49238],[33.2792,-9.49232],[33.27945,-9.49232],[33.27954,-9.49248]]},"properties":{"id":804768003,"cls":"path","hw":"path","tg":"na","name":"","ref":"","surface":"","sc":"unknown","speed":null,"lit":"unk","km":0.856}},
{"type":"Feature","geometry":{"type":"LineString","coordinates":[[33.2722,-9.48896],[33.27221,-9.48909],[33.27221,-9.48914],[33.2722,-9.48919],[33.27218,-9.4893],[33.27215,-9.48953],[33.27218,-9.4896],[33.27223,-9.48972],[33.2721,-9.48992],[33.27217,-9.48998],[33.27222,-9.49005],[33.27232,-9.49031],[33.27241,-9.49042],[33.2725,-9.49059],[33.27258,-9.49082],[33.27261,-9.49098],[33.27263,-9.49106],[33.27258,-9.49112],[33.27258,-9.4912],[33.27264,-9.49133],[33.27277,-9.49154],[33.27289,-9.4916],[33.27299,-9.49174],[33.27299,-9.49185],[33.27291,-9.492],[33.27285,-9.49207]]},"properties":{"id":804768011,"cls":"residential","hw":"residential","tg":"na","name":"","ref":"","surface":"","sc":"unknown","speed":null,"lit":"unk","km":0.391}},
{"type":"Feature","geometry":{"type":"LineString","coordinates":[[33.27075,-9.48839],[33.27072,-9.48873],[33.27067,-9.48894],[33.27066,-9.48898],[33.27065,-9.48924],[33.27067,-9.48947],[33.27067,-9.48974],[33.27067,-9.48975],[33.27067,-9.49],[33.27068,-9.49008],[33.2707,-9.49017],[33.27062,-9.49035],[33.27051,-9.49052],[33.27048,-9.49057],[33.27041,-9.49078],[33.27026,-9.49102],[33.27016,-9.49135],[33.27009,-9.49165],[33.27001,-9.49211],[33.26994,-9.49231],[33.26977,-9.49256]]},"properties":{"id":804768013,"cls":"unclassified","hw":"unclassified","tg":"na","name":"","ref":"","surface":"","sc":"unknown","speed":null,"lit":"unk","km":0.487}},
{"type":"Feature","geometry":{"type":"LineString","coordinates":[[33.29303,-9.49998],[33.29289,-9.49998],[33.29274,-9.49997],[33.29259,-9.5],[33.29229,-9.50017],[33.29212,-9.5003],[33.29222,-9.50058],[33.29238,-9.50077],[33.29255,-9.50083],[33.29268,-9.50088],[33.29284,-9.50086],[33.29296,-9.5008],[33.29311,-9.50074]]},"properties":{"id":804844471,"cls":"path","hw":"path","tg":"na","name":"","ref":"","surface":"","sc":"unknown","speed":null,"lit":"unk","km":0.256}},
{"type":"Feature","geometry":{"type":"LineString","coordinates":[[33.29123,-9.49709],[33.29165,-9.4971],[33.2918,-9.49715],[33.29195,-9.4973],[33.292,-9.49733],[33.2924,-9.49761],[33.29248,-9.49769],[33.29272,-9.49792],[33.2929,-9.498],[33.29318,-9.49815],[33.29341,-9.49828],[33.29351,-9.49838],[33.29366,-9.49848],[33.2939,-9.49867]]},"properties":{"id":804844475,"cls":"path","hw":"path","tg":"na","name":"","ref":"","surface":"","sc":"unknown","speed":null,"lit":"unk","km":0.351}},
{"type":"Feature","geometry":{"type":"LineString","coordinates":[[33.29054,-9.49643],[33.29064,-9.4963],[33.29058,-9.49594],[33.29057,-9.49579],[33.29064,-9.49554],[33.29066,-9.49539],[33.2906,-9.49516],[33.29056,-9.49499],[33.29052,-9.49475],[33.2906,-9.4947],[33.29069,-9.49459],[33.29078,-9.49453]]},"properties":{"id":804844476,"cls":"path","hw":"path","tg":"na","name":"","ref":"","surface":"","sc":"unknown","speed":null,"lit":"unk","km":0.232}},
{"type":"Feature","geometry":{"type":"LineString","coordinates":[[33.29274,-9.49888],[33.29273,-9.49904],[33.29279,-9.49932],[33.29286,-9.49948],[33.29293,-9.4996],[33.29298,-9.49975],[33.29303,-9.49998]]},"properties":{"id":804866778,"cls":"unclassified","hw":"unclassified","tg":"na","name":"","ref":"","surface":"unpaved","sc":"unpaved","speed":null,"lit":"unk","km":0.128}},
{"type":"Feature","geometry":{"type":"LineString","coordinates":[[33.30434,-9.4998],[33.30435,-9.49997],[33.30432,-9.50015],[33.30424,-9.50026],[33.30423,-9.50028],[33.30424,-9.50039],[33.30419,-9.50052],[33.3042,-9.50058],[33.30429,-9.5007],[33.30433,-9.5008]]},"properties":{"id":804866785,"cls":"path","hw":"path","tg":"na","name":"","ref":"","surface":"","sc":"unknown","speed":null,"lit":"unk","km":0.12}},
{"type":"Feature","geometry":{"type":"LineString","coordinates":[[33.3042,-9.49971],[33.30436,-9.4997],[33.30445,-9.49966],[33.30463,-9.49968],[33.30481,-9.4996],[33.30494,-9.49961],[33.30509,-9.49959],[33.30516,-9.4996],[33.30529,-9.49952],[33.30542,-9.4995],[33.30553,-9.4995],[33.3057,-9.49942],[33.30613,-9.49931],[33.30632,-9.49925],[33.30645,-9.49918],[33.30662,-9.49912],[33.30671,-9.49913],[33.30676,-9.4991]]},"properties":{"id":804866786,"cls":"path","hw":"path","tg":"na","name":"","ref":"","surface":"","sc":"unknown","speed":null,"lit":"unk","km":0.296}},
{"type":"Feature","geometry":{"type":"LineString","coordinates":[[33.30676,-9.4991],[33.30686,-9.49929],[33.30686,-9.4994],[33.30686,-9.49957],[33.30685,-9.4997],[33.30685,-9.49977],[33.30688,-9.49985],[33.30694,-9.49987],[33.30718,-9.49992],[33.30737,-9.49995],[33.30746,-9.49994],[33.3076,-9.49991],[33.30788,-9.49986],[33.30808,-9.49979],[33.30825,-9.49978],[33.30843,-9.49982],[33.30856,-9.49981],[33.30871,-9.49978],[33.30874,-9.49975],[33.30883,-9.49972],[33.30911,-9.4997],[33.30926,-9.49972],[33.30934,-9.49978],[33.30938,-9.49988],[33.30945,-9.49993],[33.30954,-9.49996],[33.30968,-9.49995],[33.30981,-9.50001],[33.30994,-9.50004]]},"properties":{"id":804866787,"cls":"path","hw":"path","tg":"na","name":"","ref":"","surface":"","sc":"unknown","speed":null,"lit":"unk","km":0.443}},
{"type":"Feature","geometry":{"type":"LineString","coordinates":[[33.30546,-9.49725],[33.30584,-9.49772],[33.30604,-9.49793],[33.30609,-9.4981],[33.30627,-9.49831],[33.30642,-9.49838],[33.30649,-9.49852],[33.30656,-9.49863],[33.30672,-9.4988],[33.30676,-9.4991]]},"properties":{"id":804866788,"cls":"unclassified","hw":"unclassified","tg":"na","name":"","ref":"","surface":"","sc":"unknown","speed":null,"lit":"unk","km":0.259}},
{"type":"Feature","geometry":{"type":"LineString","coordinates":[[33.30295,-9.498],[33.30317,-9.49816],[33.30318,-9.49821],[33.30328,-9.49853],[33.30341,-9.49884],[33.30363,-9.49914],[33.30395,-9.49936],[33.30406,-9.49963],[33.3042,-9.49971],[33.30434,-9.4998],[33.30465,-9.49985],[33.30488,-9.49979],[33.30536,-9.49979],[33.30562,-9.49982],[33.3058,-9.49991],[33.30629,-9.49998]]},"properties":{"id":804866790,"cls":"unclassified","hw":"unclassified","tg":"na","name":"","ref":"","surface":"","sc":"unknown","speed":null,"lit":"unk","km":0.481}},
{"type":"Feature","geometry":{"type":"LineString","coordinates":[[33.30069,-9.4974],[33.30065,-9.49753],[33.30063,-9.49757],[33.30062,-9.4976],[33.3006,-9.49763],[33.30063,-9.4978],[33.30061,-9.49794],[33.3006,-9.49802],[33.30061,-9.49817],[33.30061,-9.49826],[33.30057,-9.49841],[33.30056,-9.49845],[33.30059,-9.49859],[33.30053,-9.49871],[33.30052,-9.49885],[33.30052,-9.49907],[33.3005,-9.49914],[33.30043,-9.49925],[33.30041,-9.4994],[33.30039,-9.49954],[33.30028,-9.49963],[33.30021,-9.49966]]},"properties":{"id":804866794,"cls":"path","hw":"path","tg":"na","name":"","ref":"","surface":"","sc":"unknown","speed":null,"lit":"unk","km":0.27}},
{"type":"Feature","geometry":{"type":"LineString","coordinates":[[33.29958,-9.49752],[33.29942,-9.49752],[33.2992,-9.49751],[33.29903,-9.49754],[33.29899,-9.49755],[33.29889,-9.49754]]},"properties":{"id":804866795,"cls":"path","hw":"path","tg":"na","name":"","ref":"","surface":"","sc":"unknown","speed":null,"lit":"unk","km":0.076}},
{"type":"Feature","geometry":{"type":"LineString","coordinates":[[33.29969,-9.49746],[33.29962,-9.49747],[33.29958,-9.49752],[33.29955,-9.49755],[33.29952,-9.49764],[33.2995,-9.49783]]},"properties":{"id":804866796,"cls":"path","hw":"path","tg":"na","name":"","ref":"","surface":"","sc":"unknown","speed":null,"lit":"unk","km":0.051}},
{"type":"Feature","geometry":{"type":"LineString","coordinates":[[33.29964,-9.49736],[33.29963,-9.49741],[33.29969,-9.49746],[33.2997,-9.49753],[33.29968,-9.49762],[33.29973,-9.49774]]},"properties":{"id":804866797,"cls":"path","hw":"path","tg":"na","name":"","ref":"","surface":"","sc":"unknown","speed":null,"lit":"unk","km":0.047}},
{"type":"Feature","geometry":{"type":"LineString","coordinates":[[33.29899,-9.49776],[33.29895,-9.49783],[33.29889,-9.4979],[33.29884,-9.49793],[33.2987,-9.49802]]},"properties":{"id":804866798,"cls":"path","hw":"path","tg":"na","name":"","ref":"","surface":"","sc":"unknown","speed":null,"lit":"unk","km":0.044}},
{"type":"Feature","geometry":{"type":"LineString","coordinates":[[33.29795,-9.49728],[33.29805,-9.4974],[33.29811,-9.49751],[33.29812,-9.49753],[33.29823,-9.49748],[33.29829,-9.49743],[33.29827,-9.49728]]},"properties":{"id":804866799,"cls":"path","hw":"path","tg":"na","name":"","ref":"","surface":"","sc":"unknown","speed":null,"lit":"unk","km":0.072}},
{"type":"Feature","geometry":{"type":"LineString","coordinates":[[33.29732,-9.49741],[33.29746,-9.49754],[33.29757,-9.4976],[33.29761,-9.49766],[33.2978,-9.49778],[33.29789,-9.49786],[33.298,-9.49792],[33.29807,-9.49796],[33.2982,-9.49803],[33.29828,-9.49812]]},"properties":{"id":804866800,"cls":"path","hw":"path","tg":"na","name":"","ref":"","surface":"","sc":"unknown","speed":null,"lit":"unk","km":0.133}},
{"type":"Feature","geometry":{"type":"LineString","coordinates":[[33.2958,-9.49951],[33.29586,-9.49954],[33.29617,-9.49961],[33.29616,-9.4997],[33.29635,-9.49969],[33.29646,-9.49977],[33.29659,-9.4998],[33.29675,-9.49982],[33.29687,-9.49978]]},"properties":{"id":804866801,"cls":"path","hw":"path","tg":"na","name":"","ref":"","surface":"","sc":"unknown","speed":null,"lit":"unk","km":0.134}},
{"type":"Feature","geometry":{"type":"LineString","coordinates":[[33.29621,-9.49712],[33.29647,-9.49722],[33.29661,-9.4972],[33.29666,-9.49722],[33.2968,-9.49719],[33.2969,-9.49718],[33.29695,-9.49722],[33.29683,-9.49741],[33.2968,-9.49743],[33.29678,-9.49748],[33.29674,-9.49757],[33.29668,-9.49765]]},"properties":{"id":804866806,"cls":"path","hw":"path","tg":"na","name":"","ref":"","surface":"","sc":"unknown","speed":null,"lit":"unk","km":0.143}},
{"type":"Feature","geometry":{"type":"LineString","coordinates":[[33.29531,-9.49682],[33.29561,-9.49679],[33.29577,-9.4968],[33.29592,-9.49678],[33.29601,-9.49679],[33.29604,-9.49683],[33.2961,-9.49685],[33.29614,-9.49688]]},"properties":{"id":804866807,"cls":"path","hw":"path","tg":"na","name":"","ref":"","surface":"","sc":"unknown","speed":null,"lit":"unk","km":0.095}},
{"type":"Feature","geometry":{"type":"LineString","coordinates":[[33.29575,-9.49425],[33.29578,-9.49437],[33.29581,-9.49443],[33.29584,-9.49449],[33.29585,-9.49455]]},"properties":{"id":804866809,"cls":"path","hw":"path","tg":"na","name":"","ref":"","surface":"","sc":"unknown","speed":null,"lit":"unk","km":0.035}},
{"type":"Feature","geometry":{"type":"LineString","coordinates":[[33.29611,-9.49504],[33.29607,-9.495],[33.29599,-9.49489],[33.2959,-9.4947],[33.2959,-9.49465],[33.29585,-9.49455]]},"properties":{"id":804866810,"cls":"path","hw":"path","tg":"na","name":"","ref":"","surface":"","sc":"unknown","speed":null,"lit":"unk","km":0.063}},
{"type":"Feature","geometry":{"type":"LineString","coordinates":[[33.29613,-9.49679],[33.2961,-9.49674],[33.29605,-9.49668],[33.29595,-9.4966],[33.29589,-9.49653],[33.2958,-9.49644],[33.29569,-9.49635],[33.29563,-9.4963],[33.29535,-9.49604],[33.29525,-9.49594],[33.29522,-9.4959],[33.29518,-9.49585]]},"properties":{"id":804866812,"cls":"path","hw":"path","tg":"na","name":"","ref":"","surface":"","sc":"unknown","speed":null,"lit":"unk","km":0.148}},
{"type":"Feature","geometry":{"type":"LineString","coordinates":[[33.28847,-9.49935],[33.28868,-9.49946],[33.28874,-9.49959],[33.28877,-9.4997],[33.2888,-9.49985],[33.28886,-9.5]]},"properties":{"id":804895406,"cls":"residential","hw":"residential","tg":"na","name":"","ref":"","surface":"","sc":"unknown","speed":null,"lit":"unk","km":0.09}},
{"type":"Feature","geometry":{"type":"LineString","coordinates":[[33.28857,-9.49725],[33.28898,-9.49706],[33.28929,-9.49699],[33.28965,-9.4969],[33.28982,-9.4969]]},"properties":{"id":804895407,"cls":"path","hw":"path","tg":"na","name":"","ref":"","surface":"","sc":"unknown","speed":null,"lit":"unk","km":0.144}},
{"type":"Feature","geometry":{"type":"LineString","coordinates":[[33.28867,-9.49795],[33.28882,-9.4977],[33.28907,-9.49745],[33.28933,-9.49737],[33.28965,-9.49705],[33.28982,-9.4969],[33.2901,-9.49689],[33.29029,-9.49692],[33.29038,-9.49697],[33.29056,-9.49694],[33.2906,-9.49682],[33.29066,-9.49666]]},"properties":{"id":804895408,"cls":"path","hw":"path","tg":"na","name":"","ref":"","surface":"","sc":"unknown","speed":null,"lit":"unk","km":0.292}},
{"type":"Feature","geometry":{"type":"LineString","coordinates":[[33.28982,-9.4969],[33.28989,-9.49663],[33.28994,-9.49659],[33.29018,-9.49653],[33.29044,-9.49648],[33.29054,-9.49643]]},"properties":{"id":804895409,"cls":"path","hw":"path","tg":"na","name":"","ref":"","surface":"","sc":"unknown","speed":null,"lit":"unk","km":0.107}},
{"type":"Feature","geometry":{"type":"LineString","coordinates":[[33.29071,-9.4993],[33.29097,-9.49923],[33.29194,-9.49923],[33.29239,-9.49919],[33.29251,-9.49901],[33.29265,-9.49892]]},"properties":{"id":804895412,"cls":"path","hw":"path","tg":"na","name":"","ref":"","surface":"","sc":"unknown","speed":null,"lit":"unk","km":0.228}},
{"type":"Feature","geometry":{"type":"LineString","coordinates":[[33.29272,-9.49845],[33.29283,-9.49845],[33.29285,-9.49854],[33.29277,-9.49868],[33.2928,-9.4988]]},"properties":{"id":804895414,"cls":"path","hw":"path","tg":"na","name":"","ref":"","surface":"","sc":"unknown","speed":null,"lit":"unk","km":0.054}},
{"type":"Feature","geometry":{"type":"LineString","coordinates":[[33.29226,-9.49832],[33.2926,-9.4984],[33.29272,-9.49845]]},"properties":{"id":804895415,"cls":"path","hw":"path","tg":"na","name":"","ref":"","surface":"","sc":"unknown","speed":null,"lit":"unk","km":0.053}},
{"type":"Feature","geometry":{"type":"LineString","coordinates":[[33.29248,-9.49769],[33.29252,-9.49787],[33.29243,-9.49795],[33.29241,-9.49799],[33.29236,-9.49811],[33.29226,-9.49832]]},"properties":{"id":804895416,"cls":"path","hw":"path","tg":"na","name":"","ref":"","surface":"","sc":"unknown","speed":null,"lit":"unk","km":0.079}},
{"type":"Feature","geometry":{"type":"LineString","coordinates":[[33.2924,-9.49761],[33.29246,-9.49745],[33.2925,-9.49737],[33.29246,-9.49732],[33.29237,-9.49726],[33.29241,-9.49716],[33.29247,-9.49711]]},"properties":{"id":804895417,"cls":"path","hw":"path","tg":"na","name":"","ref":"","surface":"","sc":"unknown","speed":null,"lit":"unk","km":0.068}},
{"type":"Feature","geometry":{"type":"LineString","coordinates":[[33.29334,-9.4962],[33.29351,-9.49629],[33.29369,-9.4968],[33.2935,-9.4969],[33.29337,-9.49694],[33.2932,-9.49697],[33.29297,-9.49712],[33.29283,-9.49722],[33.29275,-9.49716],[33.29258,-9.49713],[33.29249,-9.49709],[33.29247,-9.49711],[33.29235,-9.49704],[33.29216,-9.49704],[33.29195,-9.4973]]},"properties":{"id":804895418,"cls":"path","hw":"path","tg":"na","name":"","ref":"","surface":"","sc":"unknown","speed":null,"lit":"unk","km":0.305}},
{"type":"Feature","geometry":{"type":"LineString","coordinates":[[33.29394,-9.49796],[33.29407,-9.49796],[33.29416,-9.49811],[33.29422,-9.49832],[33.29421,-9.49848],[33.2941,-9.49865],[33.29415,-9.49873],[33.29427,-9.49884],[33.29447,-9.49899],[33.29459,-9.49921],[33.29475,-9.49939],[33.29485,-9.49951],[33.29489,-9.49954],[33.29501,-9.49953]]},"properties":{"id":804895420,"cls":"path","hw":"path","tg":"na","name":"","ref":"","surface":"","sc":"unknown","speed":null,"lit":"unk","km":0.245}},
{"type":"Feature","geometry":{"type":"LineString","coordinates":[[33.29261,-9.49513],[33.29268,-9.49572],[33.29297,-9.49599],[33.29334,-9.4962],[33.29353,-9.49606],[33.29374,-9.49594],[33.29402,-9.49596],[33.29433,-9.49595]]},"properties":{"id":804895423,"cls":"path","hw":"path","tg":"na","name":"","ref":"","surface":"","sc":"unknown","speed":null,"lit":"unk","km":0.274}},
{"type":"Feature","geometry":{"type":"LineString","coordinates":[[33.29412,-9.49211],[33.29374,-9.49201],[33.29368,-9.49203],[33.29354,-9.49196],[33.29341,-9.49189],[33.29306,-9.49168],[33.29293,-9.4915],[33.2929,-9.49187],[33.29301,-9.4922],[33.29306,-9.49237],[33.29309,-9.49268],[33.29327,-9.49301],[33.2934,-9.49316],[33.29355,-9.49334],[33.29366,-9.49342],[33.29377,-9.4935],[33.29384,-9.49354]]},"properties":{"id":804895424,"cls":"path","hw":"path","tg":"na","name":"","ref":"","surface":"","sc":"unknown","speed":null,"lit":"unk","km":0.416}},
{"type":"Feature","geometry":{"type":"LineString","coordinates":[[33.29384,-9.49354],[33.29397,-9.49354],[33.29403,-9.49353],[33.2941,-9.49345],[33.29423,-9.49349],[33.29439,-9.4936],[33.29465,-9.49379],[33.29459,-9.49391],[33.29455,-9.49402],[33.29485,-9.49414],[33.29502,-9.49415],[33.29505,-9.49417],[33.29516,-9.4942],[33.29526,-9.49422],[33.29541,-9.49428],[33.29554,-9.49432],[33.29548,-9.49464],[33.29556,-9.49467],[33.2959,-9.4947]]},"properties":{"id":804895425,"cls":"path","hw":"path","tg":"na","name":"","ref":"","surface":"","sc":"unknown","speed":null,"lit":"unk","km":0.33}},
{"type":"Feature","geometry":{"type":"LineString","coordinates":[[33.29569,-9.49635],[33.29575,-9.49635],[33.2958,-9.49633]]},"properties":{"id":804895428,"cls":"path","hw":"path","tg":"na","name":"","ref":"","surface":"","sc":"unknown","speed":null,"lit":"unk","km":0.012}},
{"type":"Feature","geometry":{"type":"LineString","coordinates":[[33.2958,-9.49644],[33.2958,-9.4964],[33.29579,-9.49635],[33.2958,-9.49633],[33.29582,-9.49632],[33.29586,-9.49628],[33.29594,-9.49622],[33.29606,-9.49616],[33.29608,-9.49613]]},"properties":{"id":804895429,"cls":"path","hw":"path","tg":"na","name":"","ref":"","surface":"","sc":"unknown","speed":null,"lit":"unk","km":0.051}},
{"type":"Feature","geometry":{"type":"LineString","coordinates":[[33.29682,-9.49588],[33.29705,-9.4959],[33.29726,-9.49604],[33.29757,-9.49627],[33.29782,-9.49639],[33.29821,-9.49671],[33.29857,-9.49701],[33.29875,-9.49725],[33.2988,-9.49732]]},"properties":{"id":804895430,"cls":"unclassified","hw":"unclassified","tg":"na","name":"","ref":"","surface":"unpaved","sc":"unpaved","speed":null,"lit":"unk","km":0.276}},
{"type":"Feature","geometry":{"type":"LineString","coordinates":[[33.29653,-9.49391],[33.29654,-9.49389],[33.29686,-9.49389],[33.29712,-9.49386],[33.29714,-9.49385],[33.29728,-9.49384],[33.29745,-9.49388],[33.29755,-9.49395],[33.2978,-9.49402],[33.29793,-9.49404],[33.29812,-9.49408],[33.29816,-9.49423],[33.29821,-9.49439],[33.29836,-9.49462],[33.29836,-9.49465],[33.29838,-9.49476],[33.29839,-9.49488],[33.29842,-9.49503],[33.29856,-9.49517],[33.29876,-9.4954],[33.29883,-9.49546],[33.29896,-9.49548]]},"properties":{"id":804895431,"cls":"path","hw":"path","tg":"na","name":"","ref":"","surface":"","sc":"unknown","speed":null,"lit":"unk","km":0.374}},
{"type":"Feature","geometry":{"type":"LineString","coordinates":[[33.30144,-9.49546],[33.30154,-9.49566],[33.30192,-9.49579],[33.30211,-9.49577],[33.30234,-9.49569],[33.30262,-9.49557],[33.30288,-9.49556],[33.30326,-9.49546],[33.30341,-9.49543],[33.30351,-9.49542]]},"properties":{"id":804895432,"cls":"path","hw":"path","tg":"na","name":"","ref":"","surface":"","sc":"unknown","speed":null,"lit":"unk","km":0.25}},
{"type":"Feature","geometry":{"type":"LineString","coordinates":[[33.29999,-9.49604],[33.30018,-9.4959],[33.30038,-9.49576],[33.3005,-9.49571],[33.30067,-9.49563],[33.30072,-9.49563],[33.30078,-9.49559],[33.30093,-9.49555],[33.3011,-9.49552],[33.3013,-9.49548],[33.30133,-9.49546],[33.30144,-9.49546],[33.30147,-9.49542],[33.30151,-9.49536],[33.30167,-9.49529],[33.30175,-9.4953]]},"properties":{"id":804895433,"cls":"path","hw":"path","tg":"na","name":"","ref":"","surface":"","sc":"unknown","speed":null,"lit":"unk","km":0.217}},
{"type":"Feature","geometry":{"type":"LineString","coordinates":[[33.2999,-9.49655],[33.29995,-9.49642],[33.29999,-9.49604],[33.29999,-9.49585]]},"properties":{"id":804895434,"cls":"path","hw":"path","tg":"na","name":"","ref":"","surface":"","sc":"unknown","speed":null,"lit":"unk","km":0.079}},
{"type":"Feature","geometry":{"type":"LineString","coordinates":[[33.2996,-9.49736],[33.29965,-9.49717],[33.29975,-9.49713],[33.29981,-9.49703],[33.29986,-9.49693],[33.29988,-9.49679],[33.29991,-9.49661],[33.2999,-9.49655],[33.29986,-9.49634],[33.29974,-9.49619],[33.29942,-9.496],[33.2991,-9.49582],[33.29902,-9.49566],[33.29896,-9.49548],[33.29896,-9.4954],[33.29922,-9.49529],[33.29933,-9.49518],[33.29945,-9.49495],[33.29951,-9.4948],[33.29958,-9.49483],[33.30009,-9.49501],[33.30019,-9.49497],[33.30029,-9.49497],[33.30029,-9.49504],[33.30049,-9.49499],[33.30071,-9.49498]]},"properties":{"id":804895435,"cls":"path","hw":"path","tg":"na","name":"","ref":"","surface":"","sc":"unknown","speed":null,"lit":"unk","km":0.518}},
{"type":"Feature","geometry":{"type":"LineString","coordinates":[[33.29485,-9.49242],[33.29492,-9.49255],[33.29523,-9.49287],[33.29534,-9.49317],[33.29545,-9.49339],[33.29552,-9.49356],[33.29556,-9.49365]]},"properties":{"id":804895437,"cls":"path","hw":"path","tg":"na","name":"","ref":"","surface":"","sc":"unknown","speed":null,"lit":"unk","km":0.16}},
{"type":"Feature","geometry":{"type":"LineString","coordinates":[[33.29639,-9.494],[33.2964,-9.49388],[33.29636,-9.49381],[33.29621,-9.49383],[33.2961,-9.49384],[33.296,-9.49387],[33.29574,-9.49379],[33.29565,-9.49373],[33.29556,-9.49365],[33.29547,-9.49379],[33.29542,-9.4939],[33.29538,-9.49393],[33.2953,-9.49392],[33.29524,-9.49393],[33.29519,-9.49397],[33.29511,-9.49397],[33.29502,-9.49397],[33.29502,-9.49415]]},"properties":{"id":804895440,"cls":"path","hw":"path","tg":"na","name":"","ref":"","surface":"","sc":"unknown","speed":null,"lit":"unk","km":0.216}},
{"type":"Feature","geometry":{"type":"LineString","coordinates":[[33.29408,-9.49546],[33.2941,-9.49575],[33.2942,-9.49588],[33.29433,-9.49595],[33.29481,-9.49591],[33.29485,-9.4961],[33.29474,-9.49618],[33.29473,-9.49641],[33.29479,-9.49644],[33.29481,-9.49647],[33.2948,-9.49654],[33.29489,-9.49657],[33.2951,-9.4967],[33.29514,-9.49665],[33.29521,-9.49664],[33.29528,-9.49665],[33.29534,-9.4965],[33.29539,-9.49642],[33.29563,-9.4963]]},"properties":{"id":804895441,"cls":"path","hw":"path","tg":"na","name":"","ref":"","surface":"","sc":"unknown","speed":null,"lit":"unk","km":0.319}},
{"type":"Feature","geometry":{"type":"LineString","coordinates":[[33.29476,-9.49573],[33.29481,-9.49591],[33.29504,-9.49598],[33.29514,-9.49598],[33.29525,-9.49594]]},"properties":{"id":804895442,"cls":"path","hw":"path","tg":"na","name":"","ref":"","surface":"","sc":"unknown","speed":null,"lit":"unk","km":0.071}},
{"type":"Feature","geometry":{"type":"LineString","coordinates":[[33.29503,-9.49515],[33.29501,-9.49533],[33.29498,-9.4955],[33.29504,-9.4957],[33.29511,-9.4958],[33.29518,-9.49585]]},"properties":{"id":804895443,"cls":"path","hw":"path","tg":"na","name":"","ref":"","surface":"","sc":"unknown","speed":null,"lit":"unk","km":0.086}},
{"type":"Feature","geometry":{"type":"LineString","coordinates":[[33.29893,-9.49672],[33.29892,-9.49678],[33.29887,-9.49701],[33.2989,-9.49706],[33.2989,-9.49713],[33.29886,-9.49732]]},"properties":{"id":804895444,"cls":"path","hw":"path","tg":"na","name":"","ref":"","surface":"","sc":"unknown","speed":null,"lit":"unk","km":0.069}},
{"type":"Feature","geometry":{"type":"LineString","coordinates":[[33.29687,-9.49978],[33.29699,-9.49977],[33.29708,-9.49968],[33.29718,-9.49965],[33.29725,-9.49962],[33.2973,-9.49952],[33.29736,-9.49951],[33.29763,-9.49948],[33.29788,-9.49945],[33.29801,-9.49948],[33.29818,-9.49952],[33.29828,-9.49954],[33.29834,-9.49953],[33.29844,-9.49955],[33.29866,-9.49962],[33.29884,-9.49967],[33.29902,-9.49975],[33.29917,-9.4999],[33.29925,-9.49998],[33.29984,-9.50061],[33.29997,-9.5008],[33.30014,-9.50096],[33.30035,-9.50128],[33.30047,-9.50143]]},"properties":{"id":804895445,"cls":"path","hw":"path","tg":"na","name":"","ref":"","surface":"","sc":"unknown","speed":null,"lit":"unk","km":0.5}},
{"type":"Feature","geometry":{"type":"LineString","coordinates":[[33.29928,-9.49817],[33.29913,-9.49826],[33.29902,-9.49838],[33.29887,-9.49842],[33.29878,-9.49844],[33.29862,-9.49849],[33.29853,-9.49848],[33.29831,-9.49843],[33.2983,-9.49825],[33.29828,-9.49812]]},"properties":{"id":804895447,"cls":"path","hw":"path","tg":"na","name":"","ref":"","surface":"","sc":"unknown","speed":null,"lit":"unk","km":0.152}},
{"type":"Feature","geometry":{"type":"LineString","coordinates":[[33.30053,-9.49871],[33.3008,-9.49883],[33.30111,-9.49886],[33.30125,-9.49844],[33.30131,-9.49818],[33.30139,-9.49788],[33.30143,-9.49777]]},"properties":{"id":804895449,"cls":"path","hw":"path","tg":"na","name":"","ref":"","surface":"","sc":"unknown","speed":null,"lit":"unk","km":0.193}},
{"type":"Feature","geometry":{"type":"LineString","coordinates":[[33.30042,-9.49793],[33.30054,-9.49794],[33.30061,-9.49794]]},"properties":{"id":804895450,"cls":"path","hw":"path","tg":"na","name":"","ref":"","surface":"","sc":"unknown","speed":null,"lit":"unk","km":0.021}},
{"type":"Feature","geometry":{"type":"LineString","coordinates":[[33.30045,-9.49815],[33.30061,-9.49817]]},"properties":{"id":804895451,"cls":"path","hw":"path","tg":"na","name":"","ref":"","surface":"","sc":"unknown","speed":null,"lit":"unk","km":0.018}},
{"type":"Feature","geometry":{"type":"LineString","coordinates":[[33.30028,-9.4988],[33.30043,-9.49885],[33.30052,-9.49885]]},"properties":{"id":804895452,"cls":"path","hw":"path","tg":"na","name":"","ref":"","surface":"","sc":"unknown","speed":null,"lit":"unk","km":0.027}},
{"type":"Feature","geometry":{"type":"LineString","coordinates":[[33.30045,-9.49997],[33.30077,-9.50004],[33.30094,-9.50009],[33.30108,-9.50014],[33.30114,-9.50017],[33.3013,-9.50005],[33.30144,-9.49999],[33.30151,-9.49998],[33.30159,-9.50002],[33.30167,-9.49997],[33.30175,-9.49997],[33.30186,-9.50001],[33.30196,-9.50008],[33.30203,-9.50011],[33.3021,-9.50012]]},"properties":{"id":804908555,"cls":"path","hw":"path","tg":"na","name":"","ref":"","surface":"","sc":"unknown","speed":null,"lit":"unk","km":0.197}},
{"type":"Feature","geometry":{"type":"LineString","coordinates":[[33.28906,-9.49238],[33.28915,-9.49256],[33.28912,-9.49266],[33.28918,-9.49289],[33.28913,-9.49298],[33.28915,-9.49306],[33.28912,-9.49322],[33.28911,-9.49336],[33.2891,-9.49342]]},"properties":{"id":804908556,"cls":"path","hw":"path","tg":"na","name":"","ref":"","surface":"","sc":"unknown","speed":null,"lit":"unk","km":0.121}},
{"type":"Feature","geometry":{"type":"LineString","coordinates":[[33.29745,-9.49481],[33.29755,-9.49486],[33.29755,-9.49512],[33.29757,-9.49521],[33.29755,-9.49559],[33.29748,-9.49573],[33.29761,-9.49596],[33.29757,-9.49627]]},"properties":{"id":804908558,"cls":"path","hw":"path","tg":"na","name":"","ref":"","surface":"","sc":"unknown","speed":null,"lit":"unk","km":0.175}},
{"type":"Feature","geometry":{"type":"LineString","coordinates":[[33.30014,-9.49237],[33.30001,-9.49243],[33.29974,-9.4925],[33.29945,-9.49264],[33.29931,-9.4927],[33.29914,-9.49271],[33.29895,-9.49275],[33.29877,-9.49284],[33.29857,-9.49295],[33.2984,-9.493],[33.29821,-9.49308],[33.29807,-9.49309],[33.29793,-9.49318],[33.29786,-9.49327],[33.29767,-9.49329],[33.29762,-9.49336],[33.29748,-9.4934],[33.29738,-9.49347],[33.29733,-9.49357],[33.29725,-9.49368],[33.29717,-9.49376],[33.29712,-9.49386]]},"properties":{"id":804908560,"cls":"path","hw":"path","tg":"na","name":"","ref":"","surface":"","sc":"unknown","speed":null,"lit":"unk","km":0.386}},
{"type":"Feature","geometry":{"type":"LineString","coordinates":[[33.29836,-9.49465],[33.29847,-9.49464],[33.29859,-9.49459],[33.29866,-9.49453],[33.29873,-9.49446],[33.29878,-9.49446],[33.29885,-9.49438],[33.29894,-9.49412],[33.29904,-9.4939],[33.29911,-9.49378],[33.29913,-9.49369],[33.29924,-9.49356],[33.29929,-9.49347]]},"properties":{"id":804908561,"cls":"path","hw":"path","tg":"na","name":"","ref":"","surface":"","sc":"unknown","speed":null,"lit":"unk","km":0.178}},
{"type":"Feature","geometry":{"type":"LineString","coordinates":[[33.29058,-9.49594],[33.29071,-9.49594],[33.29074,-9.49588],[33.29078,-9.49586],[33.29106,-9.49593],[33.29124,-9.49591],[33.2914,-9.49581],[33.29173,-9.49582]]},"properties":{"id":804908562,"cls":"path","hw":"path","tg":"na","name":"","ref":"","surface":"","sc":"unknown","speed":null,"lit":"unk","km":0.135}},
{"type":"Feature","geometry":{"type":"LineString","coordinates":[[33.29397,-9.49765],[33.29403,-9.49753],[33.29419,-9.49741],[33.29428,-9.49709],[33.29437,-9.49696],[33.29452,-9.49684],[33.29461,-9.49684],[33.29471,-9.49675],[33.29478,-9.49673],[33.29515,-9.49685],[33.29531,-9.49682]]},"properties":{"id":804908565,"cls":"path","hw":"path","tg":"na","name":"","ref":"","surface":"","sc":"unknown","speed":null,"lit":"unk","km":0.206}},
{"type":"Feature","geometry":{"type":"LineString","coordinates":[[33.30763,-9.49546],[33.3078,-9.49547],[33.3079,-9.49544],[33.30813,-9.49546],[33.30838,-9.49554],[33.30851,-9.49554],[33.30864,-9.49558],[33.30878,-9.49564],[33.30892,-9.49566],[33.30907,-9.49571],[33.30922,-9.49578],[33.30931,-9.49577],[33.30944,-9.49581],[33.30956,-9.49585],[33.3096,-9.49583],[33.30973,-9.49592],[33.30983,-9.49599]]},"properties":{"id":804908569,"cls":"path","hw":"path","tg":"na","name":"","ref":"","surface":"","sc":"unknown","speed":null,"lit":"unk","km":0.256}},
{"type":"Feature","geometry":{"type":"LineString","coordinates":[[33.31069,-9.49575],[33.31046,-9.4958],[33.31031,-9.4959],[33.31007,-9.49597],[33.30988,-9.49598],[33.30983,-9.49599],[33.30967,-9.49602],[33.30953,-9.49612],[33.30939,-9.4962],[33.30916,-9.49624],[33.30902,-9.49633],[33.30893,-9.49647],[33.30878,-9.49659],[33.30866,-9.49669],[33.30854,-9.49675],[33.30851,-9.49677],[33.30847,-9.4968],[33.30838,-9.49686],[33.30826,-9.49697],[33.30803,-9.4971],[33.308,-9.49722],[33.30796,-9.49759]]},"properties":{"id":804908570,"cls":"path","hw":"path","tg":"na","name":"","ref":"","surface":"","sc":"unknown","speed":null,"lit":"unk","km":0.393}},
{"type":"Feature","geometry":{"type":"LineString","coordinates":[[33.30718,-9.49521],[33.30725,-9.49529],[33.30732,-9.49532],[33.30742,-9.49533]]},"properties":{"id":804908571,"cls":"path","hw":"path","tg":"na","name":"","ref":"","surface":"","sc":"unknown","speed":null,"lit":"unk","km":0.031}},
{"type":"Feature","geometry":{"type":"LineString","coordinates":[[33.30796,-9.49759],[33.30797,-9.49769],[33.30798,-9.49777],[33.30794,-9.49779],[33.30774,-9.49782],[33.30762,-9.49787],[33.30746,-9.49794],[33.30711,-9.49796],[33.307,-9.49799],[33.30684,-9.49807],[33.30676,-9.49819],[33.30676,-9.49829],[33.30664,-9.49836],[33.30647,-9.49839],[33.30642,-9.49838]]},"properties":{"id":804908572,"cls":"path","hw":"path","tg":"na","name":"","ref":"","surface":"","sc":"unknown","speed":null,"lit":"unk","km":0.218}},
{"type":"Feature","geometry":{"type":"LineString","coordinates":[[33.3072,-9.49695],[33.3072,-9.49701]]},"properties":{"id":804908574,"cls":"path","hw":"path","tg":"na","name":"","ref":"","surface":"","sc":"unknown","speed":null,"lit":"unk","km":0.007}},
{"type":"Feature","geometry":{"type":"LineString","coordinates":[[33.3072,-9.49701],[33.3072,-9.49702],[33.3071,-9.49704],[33.30692,-9.49707],[33.30684,-9.49712],[33.30675,-9.49715],[33.3067,-9.49718]]},"properties":{"id":804908575,"cls":"path","hw":"path","tg":"na","name":"","ref":"","surface":"","sc":"unknown","speed":null,"lit":"unk","km":0.06}},
{"type":"Feature","geometry":{"type":"LineString","coordinates":[[33.30734,-9.49254],[33.30734,-9.49261],[33.30727,-9.49274],[33.30722,-9.49291],[33.30716,-9.49298],[33.30719,-9.4936],[33.30716,-9.49378],[33.30705,-9.49407],[33.30703,-9.4942],[33.30713,-9.49483],[33.30719,-9.49498],[33.30718,-9.49521],[33.3072,-9.49543],[33.30717,-9.4957],[33.3073,-9.49635],[33.30737,-9.49642],[33.30732,-9.49648],[33.30735,-9.4969],[33.30726,-9.49692],[33.3072,-9.49693],[33.3072,-9.49695]]},"properties":{"id":804908576,"cls":"path","hw":"path","tg":"na","name":"","ref":"","surface":"","sc":"unknown","speed":null,"lit":"unk","km":0.521}},
{"type":"Feature","geometry":{"type":"LineString","coordinates":[[33.30458,-9.49526],[33.30509,-9.49557],[33.30518,-9.49557]]},"properties":{"id":804908577,"cls":"path","hw":"path","tg":"na","name":"","ref":"","surface":"","sc":"unknown","speed":null,"lit":"unk","km":0.076}},
{"type":"Feature","geometry":{"type":"LineString","coordinates":[[33.30361,-9.49529],[33.30394,-9.49532],[33.30431,-9.49535],[33.30454,-9.49532],[33.30458,-9.49526],[33.30462,-9.4952],[33.30471,-9.49503],[33.30478,-9.49486]]},"properties":{"id":804908578,"cls":"unclassified","hw":"unclassified","tg":"na","name":"","ref":"","surface":"","sc":"unknown","speed":null,"lit":"unk","km":0.16}},
{"type":"Feature","geometry":{"type":"LineString","coordinates":[[33.30269,-9.49868],[33.30298,-9.49866],[33.30319,-9.49865],[33.30334,-9.49877],[33.30341,-9.49884]]},"properties":{"id":804908580,"cls":"path","hw":"path","tg":"na","name":"","ref":"","surface":"","sc":"unknown","speed":null,"lit":"unk","km":0.087}},
{"type":"Feature","geometry":{"type":"LineString","coordinates":[[33.30318,-9.49821],[33.30333,-9.49826],[33.3034,-9.49828],[33.30359,-9.4983],[33.30381,-9.49836],[33.304,-9.49842],[33.30425,-9.49847],[33.30438,-9.49851],[33.3045,-9.49858],[33.3046,-9.49866],[33.30471,-9.49873],[33.30478,-9.49874],[33.30496,-9.4989],[33.30512,-9.49896]]},"properties":{"id":804908581,"cls":"path","hw":"path","tg":"na","name":"","ref":"","surface":"","sc":"unknown","speed":null,"lit":"unk","km":0.233}},
{"type":"Feature","geometry":{"type":"LineString","coordinates":[[33.30877,-9.49758],[33.30885,-9.49788],[33.30891,-9.49832],[33.30909,-9.4988],[33.30926,-9.49934],[33.30937,-9.49966],[33.30947,-9.49984],[33.30945,-9.49993]]},"properties":{"id":804908592,"cls":"path","hw":"path","tg":"na","name":"","ref":"","surface":"","sc":"unknown","speed":null,"lit":"unk","km":0.274}},
{"type":"Feature","geometry":{"type":"LineString","coordinates":[[33.00904,-9.39275],[33.00908,-9.39278],[33.00912,-9.39283]]},"properties":{"id":821878583,"cls":"tertiary","hw":"tertiary","tg":"na","name":"","ref":"M9","surface":"unpaved","sc":"unpaved","speed":null,"lit":"unk","km":0.013}},
{"type":"Feature","geometry":{"type":"LineString","coordinates":[[33.00515,-9.39003],[33.00525,-9.39032],[33.00539,-9.39061],[33.00546,-9.39071],[33.00552,-9.39076],[33.0057,-9.39088],[33.00597,-9.39101],[33.00632,-9.39117],[33.0067,-9.39132],[33.00703,-9.39145],[33.0073,-9.39155],[33.00759,-9.39162],[33.00769,-9.39164],[33.00779,-9.39167],[33.00794,-9.39175],[33.00807,-9.39182],[33.00813,-9.39186],[33.0083,-9.39202],[33.00855,-9.39227],[33.00865,-9.39237],[33.00883,-9.39254],[33.00904,-9.39275]]},"properties":{"id":821878584,"cls":"tertiary","hw":"tertiary","tg":"na","name":"","ref":"M9","surface":"unpaved","sc":"unpaved","speed":null,"lit":"unk","km":0.545}},
{"type":"Feature","geometry":{"type":"LineString","coordinates":[[33.00149,-9.38558],[33.0018,-9.38549],[33.00193,-9.38548]]},"properties":{"id":821878585,"cls":"unclassified","hw":"unclassified","tg":"na","name":"","ref":"","surface":"","sc":"unknown","speed":null,"lit":"unk","km":0.05}},
{"type":"Feature","geometry":{"type":"LineString","coordinates":[[33.0051,-9.38989],[33.00515,-9.39003]]},"properties":{"id":821878586,"cls":"tertiary","hw":"tertiary","tg":"na","name":"","ref":"M9","surface":"unpaved","sc":"unpaved","speed":null,"lit":"unk","km":0.017}},
{"type":"Feature","geometry":{"type":"LineString","coordinates":[[33.05267,-9.47621],[33.0524,-9.47607]]},"properties":{"id":821886559,"cls":"tertiary","hw":"tertiary","tg":"na","name":"","ref":"","surface":"unpaved","sc":"unpaved","speed":null,"lit":"unk","km":0.033}},
{"type":"Feature","geometry":{"type":"LineString","coordinates":[[33.06533,-9.48227],[33.06526,-9.48223],[33.06518,-9.4822],[33.06501,-9.48214],[33.06463,-9.48197],[33.06435,-9.4818],[33.06392,-9.48155],[33.06327,-9.48116],[33.06206,-9.48042],[33.06029,-9.47942],[33.05965,-9.47909],[33.05908,-9.47876],[33.0588,-9.4786],[33.05811,-9.47826],[33.05756,-9.47812],[33.05715,-9.47797],[33.05674,-9.47782],[33.05647,-9.47769],[33.05607,-9.47755],[33.05496,-9.47713],[33.05402,-9.47676],[33.05349,-9.47656],[33.05287,-9.47628],[33.05267,-9.47621]]},"properties":{"id":821886560,"cls":"tertiary","hw":"tertiary","tg":"na","name":"","ref":"","surface":"unpaved","sc":"unpaved","speed":null,"lit":"unk","km":1.549}},
{"type":"Feature","geometry":{"type":"LineString","coordinates":[[33.03604,-9.40208],[33.03599,-9.40234],[33.03543,-9.40281],[33.03505,-9.40328],[33.03492,-9.40361],[33.03512,-9.40446],[33.03486,-9.40478],[33.03457,-9.40507],[33.03442,-9.40526],[33.03436,-9.40584]]},"properties":{"id":823692683,"cls":"path","hw":"path","tg":"na","name":"","ref":"","surface":"","sc":"unknown","speed":null,"lit":"unk","km":0.496}},
{"type":"Feature","geometry":{"type":"LineString","coordinates":[[33.0438,-9.42968],[33.0439,-9.42977],[33.04403,-9.42983],[33.04404,-9.42997],[33.04424,-9.43007],[33.04445,-9.43015],[33.0444,-9.43036],[33.0444,-9.4304],[33.04453,-9.43042],[33.04468,-9.43046],[33.0447,-9.4304],[33.04491,-9.4304],[33.04503,-9.43044],[33.04509,-9.43046],[33.04514,-9.43035],[33.04527,-9.43013],[33.0454,-9.42996],[33.04563,-9.42969],[33.0458,-9.42937]]},"properties":{"id":871707560,"cls":"path","hw":"path","tg":"na","name":"","ref":"","surface":"","sc":"unknown","speed":null,"lit":"unk","km":0.351}},
{"type":"Feature","geometry":{"type":"LineString","coordinates":[[33.04511,-9.42792],[33.04548,-9.42817],[33.0456,-9.42829],[33.0457,-9.42839],[33.04583,-9.42846],[33.04627,-9.42875]]},"properties":{"id":871726189,"cls":"path","hw":"path","tg":"na","name":"","ref":"","surface":"","sc":"unknown","speed":null,"lit":"unk","km":0.158}},
{"type":"Feature","geometry":{"type":"LineString","coordinates":[[33.04292,-9.42894],[33.04286,-9.42893],[33.04286,-9.42902],[33.04286,-9.42915],[33.04284,-9.4292],[33.04284,-9.42936],[33.04282,-9.42952],[33.04282,-9.42962],[33.04276,-9.42974],[33.04276,-9.42985],[33.04272,-9.42993],[33.04273,-9.43012],[33.04265,-9.4303],[33.04268,-9.43032],[33.04275,-9.43033],[33.04276,-9.43044],[33.04277,-9.43057],[33.04275,-9.4307],[33.04275,-9.43086],[33.04278,-9.43102],[33.04279,-9.43124],[33.04271,-9.43137],[33.04276,-9.43154],[33.04274,-9.43166],[33.04274,-9.43174],[33.04278,-9.43181],[33.04277,-9.43197],[33.04285,-9.43206],[33.04307,-9.4325],[33.04316,-9.43282],[33.04325,-9.43322],[33.04331,-9.4337],[33.04337,-9.43396],[33.04345,-9.43426],[33.04344,-9.43453],[33.04335,-9.43481],[33.04335,-9.43494],[33.04336,-9.43518],[33.04333,-9.43543]]},"properties":{"id":871726194,"cls":"path","hw":"path","tg":"na","name":"","ref":"","surface":"","sc":"unknown","speed":null,"lit":"unk","km":0.763}},
{"type":"Feature","geometry":{"type":"LineString","coordinates":[[33.0435,-9.43019],[33.0434,-9.43026],[33.04332,-9.43029],[33.04312,-9.43052],[33.043,-9.4306],[33.04294,-9.43065],[33.0429,-9.4309]]},"properties":{"id":871726195,"cls":"path","hw":"path","tg":"na","name":"","ref":"","surface":"","sc":"unknown","speed":null,"lit":"unk","km":0.109}},
{"type":"Feature","geometry":{"type":"LineString","coordinates":[[33.03933,-9.42964],[33.03945,-9.4298],[33.03955,-9.42992],[33.03963,-9.42992],[33.04006,-9.43015],[33.04033,-9.43026],[33.04056,-9.43035],[33.04111,-9.43057],[33.04144,-9.43078],[33.04171,-9.43096],[33.04204,-9.43096],[33.0423,-9.431],[33.0425,-9.43091]]},"properties":{"id":871726196,"cls":"path","hw":"path","tg":"na","name":"","ref":"","surface":"","sc":"unknown","speed":null,"lit":"unk","km":0.394}},
{"type":"Feature","geometry":{"type":"LineString","coordinates":[[33.03776,-9.42826],[33.03787,-9.42808],[33.03803,-9.42781],[33.0382,-9.42761],[33.03831,-9.42745],[33.03859,-9.42703],[33.03875,-9.42663],[33.03889,-9.42625],[33.03894,-9.42598],[33.03896,-9.42582],[33.03889,-9.42521],[33.03883,-9.42478],[33.03875,-9.42433],[33.03893,-9.42379],[33.03918,-9.4234],[33.03937,-9.42293],[33.03952,-9.42252],[33.0397,-9.42232],[33.03983,-9.42205]]},"properties":{"id":871726197,"cls":"path","hw":"path","tg":"na","name":"","ref":"","surface":"","sc":"unknown","speed":null,"lit":"unk","km":0.755}},
{"type":"Feature","geometry":{"type":"LineString","coordinates":[[33.03813,-9.4273],[33.03806,-9.42744],[33.03793,-9.42767],[33.03779,-9.42776],[33.03769,-9.42805],[33.03776,-9.42826],[33.03764,-9.42847],[33.03755,-9.42867],[33.03747,-9.42882],[33.03718,-9.42901],[33.03706,-9.42915],[33.03692,-9.42956],[33.03685,-9.42975],[33.03674,-9.43004],[33.03661,-9.43018],[33.0366,-9.43027],[33.03666,-9.43034],[33.03665,-9.43039],[33.03662,-9.43044],[33.03661,-9.43047]]},"properties":{"id":871726198,"cls":"path","hw":"path","tg":"na","name":"","ref":"","surface":"","sc":"unknown","speed":null,"lit":"unk","km":0.414}},
{"type":"Feature","geometry":{"type":"LineString","coordinates":[[33.03476,-9.44677],[33.03503,-9.44702],[33.03521,-9.44744],[33.0355,-9.44758],[33.03568,-9.44765]]},"properties":{"id":871726210,"cls":"path","hw":"path","tg":"na","name":"","ref":"","surface":"","sc":"unknown","speed":null,"lit":"unk","km":0.148}},
{"type":"Feature","geometry":{"type":"LineString","coordinates":[[33.03506,-9.44609],[33.03513,-9.44626],[33.03517,-9.44646],[33.03522,-9.44665],[33.03535,-9.44678],[33.03537,-9.44686],[33.03541,-9.44698],[33.03541,-9.44712],[33.03548,-9.44721],[33.03558,-9.44744],[33.03559,-9.44752],[33.03568,-9.44765],[33.03602,-9.44774],[33.03624,-9.44786],[33.03629,-9.44792],[33.03642,-9.44804],[33.03653,-9.44806],[33.03664,-9.44824],[33.03658,-9.44833],[33.03683,-9.44852],[33.03662,-9.44904]]},"properties":{"id":871726212,"cls":"path","hw":"path","tg":"na","name":"","ref":"","surface":"","sc":"unknown","speed":null,"lit":"unk","km":0.43}},
{"type":"Feature","geometry":{"type":"LineString","coordinates":[[33.03286,-9.44911],[33.03299,-9.449],[33.0331,-9.44892]]},"properties":{"id":871726226,"cls":"path","hw":"path","tg":"na","name":"","ref":"","surface":"","sc":"unknown","speed":null,"lit":"unk","km":0.034}},
{"type":"Feature","geometry":{"type":"LineString","coordinates":[[33.03505,-9.44585],[33.03508,-9.44589],[33.03518,-9.44594],[33.03607,-9.44553],[33.03628,-9.44545]]},"properties":{"id":871726227,"cls":"path","hw":"path","tg":"na","name":"","ref":"","surface":"","sc":"unknown","speed":null,"lit":"unk","km":0.15}},
{"type":"Feature","geometry":{"type":"LineString","coordinates":[[33.0331,-9.44892],[33.03331,-9.44881],[33.03346,-9.44866],[33.03355,-9.44829],[33.03367,-9.44789],[33.0339,-9.44757],[33.03426,-9.44725],[33.03437,-9.44708],[33.03444,-9.44702],[33.0345,-9.4469],[33.03476,-9.44677],[33.03478,-9.44654],[33.03473,-9.44643],[33.0348,-9.44637],[33.03482,-9.44623],[33.03491,-9.44611],[33.03488,-9.44601]]},"properties":{"id":871726228,"cls":"path","hw":"path","tg":"na","name":"","ref":"","surface":"","sc":"unknown","speed":null,"lit":"unk","km":0.408}},
{"type":"Feature","geometry":{"type":"LineString","coordinates":[[33.02661,-9.44892],[33.02726,-9.44869],[33.02819,-9.44835],[33.02886,-9.44829],[33.02928,-9.44849],[33.02986,-9.44884],[33.03011,-9.44899],[33.0304,-9.44934],[33.03049,-9.44919],[33.03076,-9.44899],[33.03116,-9.44862],[33.03138,-9.44839],[33.0316,-9.44821],[33.03189,-9.44806],[33.03232,-9.44774],[33.03262,-9.44743],[33.03306,-9.44704],[33.03378,-9.4466],[33.03397,-9.44647],[33.03433,-9.44628],[33.0346,-9.44613],[33.03474,-9.44606],[33.03488,-9.44601],[33.03497,-9.446],[33.035,-9.44592],[33.03503,-9.44589],[33.03505,-9.44585]]},"properties":{"id":871726233,"cls":"path","hw":"path","tg":"na","name":"","ref":"","surface":"","sc":"unknown","speed":null,"lit":"unk","km":1.117}},
{"type":"Feature","geometry":{"type":"LineString","coordinates":[[33.02549,-9.44875],[33.02546,-9.44819],[33.02552,-9.44776],[33.02571,-9.4473],[33.02569,-9.44713],[33.02587,-9.44685],[33.02577,-9.44661],[33.02576,-9.44626],[33.02556,-9.44589],[33.02566,-9.44568],[33.0257,-9.44534],[33.02555,-9.44514],[33.02566,-9.445],[33.0261,-9.44484],[33.02667,-9.44477],[33.02682,-9.44459],[33.02716,-9.44403],[33.02757,-9.44363],[33.02916,-9.44201],[33.02935,-9.44178],[33.02959,-9.44149],[33.02987,-9.44139],[33.02982,-9.44103],[33.02996,-9.441],[33.03002,-9.44073],[33.03005,-9.44054],[33.03029,-9.44023],[33.03053,-9.43991],[33.03075,-9.43961],[33.03073,-9.43934],[33.03093,-9.43916],[33.03106,-9.43896],[33.03106,-9.43883],[33.03111,-9.43864],[33.03117,-9.43841],[33.03128,-9.43818],[33.03129,-9.43806],[33.03134,-9.43786],[33.03133,-9.43763],[33.03138,-9.43732],[33.03138,-9.4371],[33.03161,-9.43705],[33.03198,-9.43692],[33.03244,-9.43678],[33.03258,-9.43668],[33.03282,-9.43641],[33.03307,-9.43612],[33.03338,-9.43593],[33.03345,-9.43563],[33.03355,-9.43524],[33.03369,-9.43493],[33.03379,-9.43472],[33.03392,-9.43458],[33.03416,-9.43453],[33.03428,-9.4343],[33.03459,-9.4341],[33.03464,-9.43385],[33.03471,-9.43371],[33.03482,-9.43344],[33.0349,-9.43328],[33.03496,-9.43306],[33.0349,-9.43298],[33.03488,-9.43275],[33.03501,-9.43254],[33.0351,-9.43234],[33.03519,-9.43217],[33.03535,-9.43185],[33.03568,-9.43146],[33.03598,-9.43099],[33.03621,-9.43066],[33.0363,-9.43049],[33.03641,-9.43047],[33.03661,-9.43047]]},"properties":{"id":871726234,"cls":"path","hw":"path","tg":"na","name":"","ref":"","surface":"","sc":"unknown","speed":null,"lit":"unk","km":2.631}},
{"type":"Feature","geometry":{"type":"LineString","coordinates":[[33.03558,-9.41937],[33.03554,-9.41954],[33.03551,-9.41964],[33.03534,-9.42018],[33.03516,-9.42103],[33.03513,-9.4213],[33.03509,-9.42149],[33.03505,-9.42165],[33.03502,-9.42182],[33.03499,-9.42197],[33.03498,-9.42225],[33.03501,-9.42281],[33.03502,-9.423],[33.03503,-9.42325],[33.03496,-9.4243],[33.03496,-9.42444],[33.03496,-9.42526],[33.03494,-9.42555],[33.03486,-9.42592],[33.03461,-9.42663],[33.0346,-9.42673],[33.03463,-9.42683],[33.03471,-9.42703],[33.03475,-9.4271],[33.03476,-9.4272],[33.03475,-9.42733],[33.03473,-9.4275],[33.0346,-9.42799],[33.03454,-9.42841],[33.03446,-9.42859],[33.03429,-9.42859],[33.03378,-9.4286],[33.03366,-9.42869],[33.03363,-9.42925],[33.03357,-9.42938],[33.0336,-9.42968],[33.03347,-9.43014],[33.03343,-9.43046],[33.03322,-9.43084],[33.03289,-9.4311],[33.03248,-9.43122],[33.03224,-9.43133],[33.03217,-9.43143],[33.03204,-9.43168],[33.03177,-9.43204],[33.03149,-9.43239],[33.03129,-9.43249],[33.03079,-9.43271],[33.03062,-9.43276],[33.03032,-9.43264],[33.02986,-9.43245],[33.02944,-9.4323],[33.02905,-9.43213],[33.02897,-9.43211]]},"properties":{"id":871726235,"cls":"unclassified","hw":"unclassified","tg":"na","name":"","ref":"","surface":"unpaved","sc":"unpaved","speed":null,"lit":"unk","km":1.952}},
{"type":"Feature","geometry":{"type":"LineString","coordinates":[[33.04203,-9.42725],[33.04201,-9.4274],[33.04195,-9.42742],[33.0419,-9.42766],[33.04191,-9.42793],[33.04192,-9.42803],[33.04185,-9.42807],[33.0419,-9.42825],[33.04181,-9.42839],[33.0417,-9.42846],[33.04137,-9.42854],[33.0412,-9.42858],[33.04102,-9.42867],[33.04065,-9.42894],[33.04056,-9.42896],[33.04047,-9.42908],[33.04038,-9.42913],[33.0401,-9.42926],[33.04004,-9.42933],[33.03999,-9.42933],[33.03996,-9.42938],[33.03978,-9.42945],[33.03959,-9.42955],[33.03946,-9.4296],[33.03933,-9.42964],[33.03924,-9.4297],[33.03906,-9.42975],[33.03899,-9.42991],[33.03884,-9.43005],[33.03878,-9.4302],[33.03864,-9.43029],[33.03841,-9.43042],[33.03818,-9.4306],[33.0381,-9.43071],[33.03787,-9.43085],[33.03761,-9.43095],[33.03741,-9.43117],[33.03726,-9.43134],[33.03711,-9.43133],[33.03696,-9.43137],[33.03673,-9.43144],[33.0366,-9.43147],[33.03634,-9.4316],[33.03615,-9.43169],[33.03601,-9.43176],[33.03587,-9.43183],[33.03565,-9.43189],[33.03535,-9.43185]]},"properties":{"id":871726236,"cls":"path","hw":"path","tg":"na","name":"","ref":"","surface":"","sc":"unknown","speed":null,"lit":"unk","km":0.981}},
{"type":"Feature","geometry":{"type":"LineString","coordinates":[[33.04197,-9.46972],[33.0422,-9.46979],[33.04229,-9.46975],[33.04291,-9.46998],[33.04317,-9.47003],[33.04336,-9.47001],[33.04347,-9.46988],[33.04364,-9.46983]]},"properties":{"id":872692824,"cls":"path","hw":"path","tg":"na","name":"","ref":"","surface":"","sc":"unknown","speed":null,"lit":"unk","km":0.198}},
{"type":"Feature","geometry":{"type":"LineString","coordinates":[[33.02997,-9.46674],[33.03053,-9.46671],[33.03163,-9.46669],[33.03165,-9.46594],[33.03207,-9.46562],[33.03284,-9.46472],[33.03322,-9.46434],[33.0334,-9.46406],[33.03362,-9.46384],[33.03405,-9.46362],[33.0344,-9.46331],[33.03479,-9.46263]]},"properties":{"id":872692830,"cls":"unclassified","hw":"unclassified","tg":"na","name":"","ref":"","surface":"","sc":"unknown","speed":null,"lit":"unk","km":0.777}},
{"type":"Feature","geometry":{"type":"LineString","coordinates":[[33.03697,-9.45166],[33.03698,-9.45176],[33.03702,-9.45178],[33.03707,-9.45183]]},"properties":{"id":872692838,"cls":"path","hw":"path","tg":"na","name":"","ref":"","surface":"","sc":"unknown","speed":null,"lit":"unk","km":0.024}},
{"type":"Feature","geometry":{"type":"LineString","coordinates":[[33.0304,-9.44934],[33.03059,-9.45019],[33.03099,-9.45069],[33.03107,-9.45084],[33.03127,-9.45097]]},"properties":{"id":872692840,"cls":"path","hw":"path","tg":"na","name":"","ref":"","surface":"","sc":"unknown","speed":null,"lit":"unk","km":0.213}},
{"type":"Feature","geometry":{"type":"LineString","coordinates":[[33.0011,-9.3982],[33.0009,-9.39833],[33.00039,-9.39852]]},"properties":{"id":872741908,"cls":"path","hw":"path","tg":"na","name":"","ref":"","surface":"","sc":"unknown","speed":null,"lit":"unk","km":0.086}},
{"type":"Feature","geometry":{"type":"LineString","coordinates":[[33.08637,-9.44778],[33.08646,-9.44796],[33.08597,-9.44847],[33.08599,-9.44851],[33.08577,-9.4489],[33.08585,-9.44898],[33.08578,-9.44912],[33.08562,-9.44951]]},"properties":{"id":876515745,"cls":"path","hw":"path","tg":"na","name":"","ref":"","surface":"","sc":"unknown","speed":null,"lit":"unk","km":0.232}},
{"type":"Feature","geometry":{"type":"LineString","coordinates":[[33.10686,-9.4723],[33.10698,-9.47224],[33.10712,-9.47209],[33.10733,-9.47201],[33.10742,-9.47191],[33.10759,-9.47169],[33.10771,-9.47161],[33.10789,-9.47145],[33.10802,-9.4713],[33.10817,-9.47119],[33.10818,-9.47115],[33.10863,-9.47082],[33.10894,-9.47047],[33.10917,-9.47011],[33.10943,-9.46989],[33.10977,-9.46986]]},"properties":{"id":877280536,"cls":"unclassified","hw":"unclassified","tg":"na","name":"","ref":"","surface":"","sc":"unknown","speed":null,"lit":"unk","km":0.433}},
{"type":"Feature","geometry":{"type":"LineString","coordinates":[[33.10939,-9.47256],[33.10959,-9.47218],[33.1097,-9.47199],[33.10975,-9.47185],[33.10977,-9.47176],[33.10987,-9.47154],[33.11002,-9.47124],[33.11007,-9.47118],[33.11024,-9.47105],[33.11037,-9.47081],[33.1105,-9.47037],[33.11072,-9.47005]]},"properties":{"id":877280537,"cls":"unclassified","hw":"unclassified","tg":"na","name":"","ref":"","surface":"","sc":"unknown","speed":null,"lit":"unk","km":0.319}},
{"type":"Feature","geometry":{"type":"LineString","coordinates":[[33.10942,-9.46901],[33.10977,-9.46986],[33.10998,-9.4703],[33.10997,-9.47048],[33.11007,-9.47118],[33.11009,-9.47136],[33.11012,-9.47181],[33.11017,-9.47209],[33.11021,-9.47224],[33.11025,-9.47228]]},"properties":{"id":877280538,"cls":"path","hw":"path","tg":"na","name":"","ref":"","surface":"","sc":"unknown","speed":null,"lit":"unk","km":0.38}},
{"type":"Feature","geometry":{"type":"LineString","coordinates":[[33.09904,-9.46993],[33.0989,-9.46976],[33.09882,-9.46962],[33.09868,-9.46935],[33.09818,-9.4685],[33.09777,-9.4697],[33.0974,-9.47048],[33.09747,-9.47063],[33.09758,-9.4706]]},"properties":{"id":877280546,"cls":"path","hw":"path","tg":"na","name":"","ref":"","surface":"","sc":"unknown","speed":null,"lit":"unk","km":0.453}},
{"type":"Feature","geometry":{"type":"LineString","coordinates":[[33.09415,-9.4706],[33.09407,-9.47059],[33.09379,-9.47046],[33.09358,-9.47059],[33.0933,-9.47058],[33.09315,-9.47064],[33.09306,-9.47067],[33.09297,-9.47065],[33.09285,-9.47066]]},"properties":{"id":877280547,"cls":"path","hw":"path","tg":"na","name":"","ref":"","surface":"","sc":"unknown","speed":null,"lit":"unk","km":0.152}},
{"type":"Feature","geometry":{"type":"LineString","coordinates":[[33.09152,-9.46195],[33.09224,-9.46249],[33.09415,-9.46384],[33.09559,-9.46429],[33.09656,-9.46478],[33.09713,-9.46501],[33.09769,-9.46518],[33.0986,-9.46544],[33.09881,-9.46547]]},"properties":{"id":877280549,"cls":"unclassified","hw":"unclassified","tg":"na","name":"","ref":"","surface":"","sc":"unknown","speed":null,"lit":"unk","km":0.901}},
{"type":"Feature","geometry":{"type":"LineString","coordinates":[[33.0907,-9.46112],[33.09096,-9.46134],[33.09125,-9.46162],[33.09152,-9.46195]]},"properties":{"id":877280550,"cls":"path","hw":"path","tg":"na","name":"","ref":"","surface":"","sc":"unknown","speed":null,"lit":"unk","km":0.129}},
{"type":"Feature","geometry":{"type":"LineString","coordinates":[[33.09143,-9.45976],[33.0912,-9.46009]]},"properties":{"id":877280551,"cls":"path","hw":"path","tg":"na","name":"","ref":"","surface":"","sc":"unknown","speed":null,"lit":"unk","km":0.045}},
{"type":"Feature","geometry":{"type":"LineString","coordinates":[[33.09165,-9.45939],[33.09142,-9.45931],[33.09091,-9.45931],[33.09077,-9.45931]]},"properties":{"id":877280552,"cls":"path","hw":"path","tg":"na","name":"","ref":"","surface":"","sc":"unknown","speed":null,"lit":"unk","km":0.098}},
{"type":"Feature","geometry":{"type":"LineString","coordinates":[[33.12218,-9.47015],[33.1226,-9.47005],[33.12279,-9.46995],[33.123,-9.4698],[33.12321,-9.46959],[33.12345,-9.46938],[33.12354,-9.46929],[33.12361,-9.46923],[33.12393,-9.46911],[33.12406,-9.46904],[33.12421,-9.46898],[33.12444,-9.46895],[33.12479,-9.46894],[33.12498,-9.46889]]},"properties":{"id":877285693,"cls":"unclassified","hw":"unclassified","tg":"na","name":"","ref":"","surface":"","sc":"unknown","speed":null,"lit":"unk","km":0.349}},
{"type":"Feature","geometry":{"type":"LineString","coordinates":[[33.11691,-9.48641],[33.11699,-9.48612],[33.11693,-9.48589],[33.11675,-9.48578],[33.11669,-9.48559],[33.11681,-9.48506]]},"properties":{"id":877640071,"cls":"path","hw":"path","tg":"na","name":"","ref":"","surface":"","sc":"unknown","speed":null,"lit":"unk","km":0.166}},
{"type":"Feature","geometry":{"type":"LineString","coordinates":[[33.13047,-9.49115],[33.13053,-9.49097],[33.13071,-9.49055],[33.13079,-9.49031],[33.13076,-9.49023],[33.13064,-9.49009],[33.13063,-9.49002],[33.13063,-9.48991],[33.13059,-9.4898],[33.13065,-9.48952],[33.13065,-9.48928]]},"properties":{"id":877640072,"cls":"path","hw":"path","tg":"na","name":"","ref":"","surface":"","sc":"unknown","speed":null,"lit":"unk","km":0.221}},
{"type":"Feature","geometry":{"type":"LineString","coordinates":[[33.12182,-9.48682],[33.12164,-9.48745],[33.12129,-9.48939],[33.12091,-9.4913],[33.12083,-9.49156]]},"properties":{"id":877640079,"cls":"path","hw":"path","tg":"na","name":"","ref":"","surface":"","sc":"unknown","speed":null,"lit":"unk","km":0.539}},
{"type":"Feature","geometry":{"type":"LineString","coordinates":[[33.0923,-9.47999],[33.09229,-9.47979],[33.0922,-9.47969],[33.09202,-9.47959],[33.09167,-9.47952],[33.0912,-9.47952],[33.09079,-9.47915],[33.0907,-9.47858],[33.09007,-9.47801],[33.08938,-9.47742],[33.08877,-9.47703],[33.08834,-9.47693],[33.08706,-9.47755],[33.08689,-9.47763],[33.08652,-9.47775],[33.08645,-9.47744],[33.08682,-9.47687],[33.08785,-9.4757],[33.08874,-9.47525],[33.08882,-9.475],[33.08846,-9.4743],[33.08792,-9.47327],[33.0875,-9.47208],[33.08761,-9.47081],[33.08718,-9.47007]]},"properties":{"id":877988146,"cls":"path","hw":"path","tg":"na","name":"","ref":"","surface":"","sc":"unknown","speed":null,"lit":"unk","km":1.832}},
{"type":"Feature","geometry":{"type":"LineString","coordinates":[[33.04492,-9.4712],[33.04528,-9.4735],[33.04543,-9.47449]]},"properties":{"id":877992903,"cls":"path","hw":"path","tg":"na","name":"","ref":"","surface":"","sc":"unknown","speed":null,"lit":"unk","km":0.37}},
{"type":"Feature","geometry":{"type":"LineString","coordinates":[[33.00667,-9.47002],[33.00678,-9.47057],[33.00708,-9.47068],[33.00734,-9.47091]]},"properties":{"id":879255209,"cls":"unclassified","hw":"unclassified","tg":"na","name":"","ref":"","surface":"","sc":"unknown","speed":null,"lit":"unk","km":0.136}},
{"type":"Feature","geometry":{"type":"LineString","coordinates":[[33.01175,-9.47427],[33.01184,-9.47435],[33.01195,-9.47449],[33.01215,-9.47473],[33.01258,-9.47523],[33.01327,-9.47599],[33.01338,-9.47609],[33.01374,-9.47642],[33.01403,-9.47669],[33.01383,-9.47687],[33.01344,-9.47694],[33.01293,-9.47706],[33.01218,-9.47715],[33.01181,-9.4772],[33.01195,-9.47703],[33.01186,-9.47679],[33.01186,-9.47669],[33.0119,-9.47626],[33.01197,-9.47562],[33.01205,-9.47539],[33.01208,-9.47532]]},"properties":{"id":879255225,"cls":"unclassified","hw":"unclassified","tg":"na","name":"","ref":"","surface":"","sc":"unknown","speed":null,"lit":"unk","km":0.841}},
{"type":"Feature","geometry":{"type":"LineString","coordinates":[[33.12679,-9.4977],[33.12697,-9.49758],[33.12719,-9.49739],[33.12748,-9.49701],[33.12762,-9.49673],[33.12779,-9.49636]]},"properties":{"id":880366708,"cls":"unclassified","hw":"unclassified","tg":"na","name":"","ref":"","surface":"","sc":"unknown","speed":null,"lit":"unk","km":0.189}},
{"type":"Feature","geometry":{"type":"LineString","coordinates":[[33.12359,-9.49419],[33.12369,-9.49404],[33.12401,-9.49352],[33.12447,-9.49237]]},"properties":{"id":880366723,"cls":"path","hw":"path","tg":"na","name":"","ref":"","surface":"","sc":"unknown","speed":null,"lit":"unk","km":0.225}},
{"type":"Feature","geometry":{"type":"LineString","coordinates":[[33.13532,-9.4727],[33.13539,-9.47381],[33.13555,-9.47449],[33.136,-9.47547],[33.13591,-9.47619],[33.13522,-9.47749],[33.13495,-9.47797],[33.13506,-9.47928],[33.13495,-9.48069],[33.13463,-9.48127],[33.13502,-9.48201],[33.13599,-9.48375],[33.13714,-9.48476],[33.13844,-9.48551],[33.13918,-9.48639],[33.14041,-9.48656],[33.14065,-9.48731],[33.14127,-9.48787]]},"properties":{"id":880368252,"cls":"unclassified","hw":"unclassified","tg":"na","name":"","ref":"","surface":"","sc":"unknown","speed":null,"lit":"unk","km":2.093}},
{"type":"Feature","geometry":{"type":"LineString","coordinates":[[33.15982,-9.49265],[33.15981,-9.49388],[33.1598,-9.49444]]},"properties":{"id":880757814,"cls":"unclassified","hw":"unclassified","tg":"na","name":"","ref":"","surface":"","sc":"unknown","speed":null,"lit":"unk","km":0.199}},
{"type":"Feature","geometry":{"type":"LineString","coordinates":[[33.00216,-9.46253],[33.00217,-9.46244],[33.00219,-9.46237],[33.00224,-9.46228],[33.00231,-9.46212],[33.00234,-9.46202],[33.00238,-9.46193],[33.00238,-9.46188],[33.00244,-9.46178],[33.00248,-9.46168],[33.00252,-9.46154],[33.0026,-9.46144],[33.00263,-9.4614]]},"properties":{"id":932399014,"cls":"path","hw":"path","tg":"na","name":"","ref":"","surface":"","sc":"unknown","speed":null,"lit":"unk","km":0.138}},
{"type":"Feature","geometry":{"type":"LineString","coordinates":[[33.00273,-9.46137],[33.00281,-9.4614],[33.00289,-9.46142],[33.00297,-9.46144]]},"properties":{"id":932399016,"cls":"path","hw":"path","tg":"na","name":"","ref":"","surface":"","sc":"unknown","speed":null,"lit":"unk","km":0.027}},
{"type":"Feature","geometry":{"type":"LineString","coordinates":[[33.00669,-9.37241],[33.00612,-9.37235],[33.00567,-9.37247],[33.00521,-9.37231],[33.00502,-9.3723],[33.00467,-9.37229],[33.00406,-9.37257],[33.00353,-9.37293]]},"properties":{"id":965567450,"cls":"unclassified","hw":"unclassified","tg":"na","name":"","ref":"","surface":"","sc":"unknown","speed":null,"lit":"unk","km":0.371}},
{"type":"Feature","geometry":{"type":"LineString","coordinates":[[33.10817,-9.47119],[33.10822,-9.47124],[33.1083,-9.4713],[33.10837,-9.47141],[33.10848,-9.47151],[33.10861,-9.47181],[33.10864,-9.47192],[33.10865,-9.47202],[33.10871,-9.47212],[33.10872,-9.47217],[33.10886,-9.47233],[33.10892,-9.47248],[33.10897,-9.47256],[33.10904,-9.47265]]},"properties":{"id":1002317913,"cls":"unclassified","hw":"unclassified","tg":"na","name":"","ref":"","surface":"","sc":"unknown","speed":null,"lit":"unk","km":0.193}},
{"type":"Feature","geometry":{"type":"LineString","coordinates":[[33.10987,-9.49097],[33.10978,-9.49105],[33.10967,-9.49094],[33.10933,-9.49073],[33.10917,-9.49074],[33.10907,-9.49063],[33.109,-9.49047],[33.10907,-9.48993],[33.10908,-9.48987],[33.1092,-9.48973],[33.10968,-9.48945],[33.10936,-9.48899]]},"properties":{"id":1003913846,"cls":"path","hw":"path","tg":"na","name":"","ref":"","surface":"","sc":"unknown","speed":null,"lit":"unk","km":0.339}},
{"type":"Feature","geometry":{"type":"LineString","coordinates":[[33.10903,-9.48874],[33.10927,-9.48842]]},"properties":{"id":1003913849,"cls":"residential","hw":"residential","tg":"na","name":"","ref":"","surface":"","sc":"unknown","speed":null,"lit":"unk","km":0.044}},
{"type":"Feature","geometry":{"type":"LineString","coordinates":[[33.10889,-9.48885],[33.10903,-9.48874]]},"properties":{"id":1003913850,"cls":"residential","hw":"residential","tg":"na","name":"","ref":"","surface":"","sc":"unknown","speed":null,"lit":"unk","km":0.02}},
{"type":"Feature","geometry":{"type":"LineString","coordinates":[[33.10777,-9.49026],[33.10781,-9.4902],[33.10792,-9.48999],[33.10798,-9.48992],[33.10813,-9.4898],[33.10829,-9.48969],[33.10836,-9.48962],[33.10849,-9.48936],[33.1086,-9.48905],[33.10869,-9.48896],[33.10889,-9.48885]]},"properties":{"id":1003913851,"cls":"residential","hw":"residential","tg":"na","name":"","ref":"","surface":"","sc":"unknown","speed":null,"lit":"unk","km":0.206}},
{"type":"Feature","geometry":{"type":"LineString","coordinates":[[33.10621,-9.47105],[33.10625,-9.47112]]},"properties":{"id":1003913903,"cls":"tertiary","hw":"tertiary","tg":"na","name":"","ref":"M9","surface":"unpaved","sc":"unpaved","speed":null,"lit":"unk","km":0.009}},
{"type":"Feature","geometry":{"type":"LineString","coordinates":[[33.10625,-9.47112],[33.10679,-9.47218],[33.10686,-9.4723],[33.10825,-9.47453],[33.10827,-9.47457],[33.10906,-9.4759],[33.10909,-9.47597],[33.11031,-9.47793],[33.1106,-9.47839],[33.1107,-9.47855],[33.11086,-9.47884],[33.11099,-9.47914],[33.11114,-9.47944],[33.11126,-9.47987],[33.11145,-9.48079],[33.11146,-9.48085],[33.11165,-9.48202],[33.11178,-9.48254],[33.11205,-9.48346],[33.11209,-9.4837],[33.11254,-9.48527],[33.11282,-9.48601],[33.11291,-9.48624],[33.11306,-9.48661],[33.11321,-9.48699],[33.11356,-9.48793],[33.1136,-9.48809],[33.11388,-9.48909],[33.11391,-9.48927],[33.11394,-9.48946],[33.11408,-9.49022],[33.11441,-9.49205],[33.11454,-9.49281],[33.11462,-9.4936],[33.11466,-9.49386],[33.11483,-9.49489],[33.1149,-9.49533],[33.11493,-9.49537],[33.11503,-9.49596],[33.11512,-9.49623],[33.11518,-9.49642],[33.11527,-9.4966],[33.11572,-9.49771],[33.11583,-9.49791],[33.11587,-9.49803],[33.11592,-9.49818],[33.11593,-9.49822],[33.11597,-9.49833],[33.11642,-9.49977],[33.11659,-9.50037],[33.11685,-9.50126],[33.11709,-9.50196],[33.11757,-9.50357],[33.11791,-9.50465],[33.11794,-9.50477],[33.11819,-9.50555],[33.11823,-9.5057],[33.11829,-9.50585],[33.11838,-9.50634],[33.11848,-9.50696],[33.11852,-9.50727],[33.11866,-9.508],[33.11887,-9.50898],[33.11894,-9.50933],[33.11931,-9.51087],[33.11947,-9.51154],[33.11961,-9.51208],[33.11969,-9.51239],[33.11986,-9.51314],[33.11988,-9.5132],[33.11994,-9.51343],[33.11998,-9.51359],[33.11999,-9.51362],[33.12009,-9.51386],[33.1202,-9.51406],[33.12034,-9.51425],[33.12046,-9.51437]]},"properties":{"id":1003913904,"cls":"tertiary","hw":"tertiary","tg":"na","name":"","ref":"M9","surface":"unpaved","sc":"unpaved","speed":null,"lit":"unk","km":5.103}},
{"type":"Feature","geometry":{"type":"LineString","coordinates":[[33.09517,-9.48301],[33.09512,-9.48301]]},"properties":{"id":1003913905,"cls":"unclassified","hw":"unclassified","tg":"na","name":"","ref":"","surface":"","sc":"unknown","speed":null,"lit":"unk","km":0.005}},
{"type":"Feature","geometry":{"type":"LineString","coordinates":[[33.11205,-9.48346],[33.11085,-9.48372],[33.11034,-9.48381],[33.11005,-9.48385],[33.10852,-9.48422],[33.10825,-9.48427],[33.10764,-9.48403],[33.10714,-9.48387],[33.10696,-9.48383],[33.10591,-9.48344],[33.10466,-9.48311],[33.10406,-9.48294],[33.10366,-9.48286],[33.10323,-9.48284],[33.10267,-9.48276],[33.10245,-9.48275],[33.10229,-9.48278],[33.10222,-9.4828],[33.10177,-9.48278],[33.10123,-9.4826],[33.10069,-9.48239],[33.10024,-9.48245],[33.0996,-9.48252],[33.09898,-9.48264],[33.09813,-9.4828],[33.09744,-9.48296],[33.09725,-9.48302],[33.09676,-9.48316],[33.09656,-9.48319],[33.09619,-9.48323],[33.0959,-9.4832],[33.09536,-9.48301],[33.09524,-9.48298],[33.09517,-9.48301]]},"properties":{"id":1003913906,"cls":"unclassified","hw":"unclassified","tg":"na","name":"","ref":"","surface":"","sc":"unknown","speed":null,"lit":"unk","km":1.91}},
{"type":"Feature","geometry":{"type":"LineString","coordinates":[[33.09676,-9.48316],[33.09734,-9.48357],[33.09752,-9.48397],[33.09797,-9.4843],[33.09806,-9.48429],[33.09846,-9.48475]]},"properties":{"id":1004658887,"cls":"path","hw":"path","tg":"na","name":"","ref":"","surface":"","sc":"unknown","speed":null,"lit":"unk","km":0.266}},
{"type":"Feature","geometry":{"type":"LineString","coordinates":[[33.10229,-9.48278],[33.10235,-9.483],[33.10249,-9.48322],[33.10279,-9.48357],[33.10304,-9.48383],[33.10317,-9.48396],[33.10335,-9.48411],[33.1036,-9.48431],[33.10402,-9.48468],[33.10413,-9.48479],[33.10431,-9.48494],[33.10454,-9.4852],[33.10456,-9.48524],[33.10467,-9.48521],[33.10478,-9.48518],[33.10485,-9.48517]]},"properties":{"id":1004658888,"cls":"path","hw":"path","tg":"na","name":"","ref":"","surface":"","sc":"unknown","speed":null,"lit":"unk","km":0.407}},
{"type":"Feature","geometry":{"type":"LineString","coordinates":[[33.10487,-9.48964],[33.10479,-9.48944],[33.10502,-9.48884],[33.10517,-9.48858],[33.10515,-9.48849],[33.10518,-9.48838],[33.10518,-9.4882],[33.10529,-9.48789],[33.10537,-9.48779],[33.1054,-9.48765],[33.10548,-9.48737],[33.10556,-9.48713],[33.10557,-9.48697],[33.1056,-9.48679],[33.10593,-9.48666],[33.10604,-9.48662],[33.10648,-9.48634],[33.10658,-9.48624],[33.1069,-9.48619],[33.10706,-9.486],[33.10719,-9.48587],[33.10732,-9.48575],[33.10734,-9.48571]]},"properties":{"id":1004658889,"cls":"path","hw":"path","tg":"na","name":"","ref":"","surface":"","sc":"unknown","speed":null,"lit":"unk","km":0.569}},
{"type":"Feature","geometry":{"type":"LineString","coordinates":[[33.10307,-9.47904],[33.10336,-9.47893],[33.10377,-9.47877],[33.10391,-9.47873],[33.10404,-9.47859],[33.10441,-9.47852],[33.1048,-9.47843],[33.10496,-9.47841],[33.10504,-9.47834],[33.10526,-9.47836],[33.10539,-9.47841],[33.10557,-9.47841],[33.10572,-9.47841],[33.10596,-9.47833],[33.10605,-9.47819],[33.10625,-9.47801],[33.10656,-9.47783],[33.10671,-9.4779],[33.1068,-9.47784],[33.10697,-9.47755],[33.10706,-9.47742],[33.1076,-9.47711],[33.10801,-9.47678],[33.10811,-9.47662],[33.1083,-9.47658],[33.10872,-9.47625]]},"properties":{"id":1004658890,"cls":"unclassified","hw":"unclassified","tg":"na","name":"","ref":"","surface":"","sc":"unknown","speed":null,"lit":"unk","km":0.738}},
{"type":"Feature","geometry":{"type":"LineString","coordinates":[[33.10834,-9.47446],[33.1087,-9.47437],[33.10909,-9.4742],[33.10964,-9.47415],[33.11004,-9.47412],[33.11047,-9.47409]]},"properties":{"id":1004658892,"cls":"unclassified","hw":"unclassified","tg":"na","name":"","ref":"","surface":"","sc":"unknown","speed":null,"lit":"unk","km":0.239}},
{"type":"Feature","geometry":{"type":"LineString","coordinates":[[33.10591,-9.48344],[33.1061,-9.48282],[33.10619,-9.48251],[33.1063,-9.48202],[33.10632,-9.48152],[33.10635,-9.48105],[33.10643,-9.48082],[33.1065,-9.48054],[33.10657,-9.48036],[33.10696,-9.47975],[33.10714,-9.47942],[33.1072,-9.47929],[33.10741,-9.47896],[33.10752,-9.47882],[33.10767,-9.47857],[33.10785,-9.47825],[33.10805,-9.47798],[33.10828,-9.4775],[33.10845,-9.47717],[33.10858,-9.47687],[33.10862,-9.47671],[33.1087,-9.47632],[33.10872,-9.47625],[33.10874,-9.47622],[33.10906,-9.4759]]},"properties":{"id":1004658907,"cls":"unclassified","hw":"unclassified","tg":"na","name":"","ref":"","surface":"","sc":"unknown","speed":null,"lit":"unk","km":0.924}},
{"type":"Feature","geometry":{"type":"LineString","coordinates":[[33.10267,-9.48713],[33.10284,-9.48698],[33.10308,-9.48683],[33.10345,-9.48638],[33.10371,-9.48602],[33.1042,-9.48572],[33.10468,-9.4853],[33.10485,-9.48517],[33.10519,-9.48493],[33.10568,-9.48485],[33.10602,-9.4848],[33.10643,-9.48453],[33.10671,-9.48431],[33.10671,-9.48427],[33.10714,-9.48387],[33.10795,-9.48323],[33.1089,-9.48257],[33.10978,-9.48196],[33.11007,-9.48169],[33.11042,-9.48139],[33.11093,-9.481],[33.11146,-9.48085]]},"properties":{"id":1004658908,"cls":"unclassified","hw":"unclassified","tg":"na","name":"","ref":"","surface":"","sc":"unknown","speed":null,"lit":"unk","km":1.213}},
{"type":"Feature","geometry":{"type":"LineString","coordinates":[[33.31346,-9.48587],[33.31325,-9.4862],[33.31319,-9.48624],[33.31314,-9.48626],[33.31308,-9.48629],[33.31303,-9.48631],[33.31299,-9.48634],[33.31295,-9.48637],[33.3129,-9.4864],[33.31288,-9.48642],[33.31284,-9.48645],[33.3128,-9.48647],[33.31277,-9.48648],[33.31276,-9.48651],[33.31273,-9.48657],[33.31268,-9.48664],[33.31262,-9.4867],[33.31259,-9.48674]]},"properties":{"id":1027409888,"cls":"track","hw":"track","tg":"none","name":"","ref":"","surface":"","sc":"unknown","speed":null,"lit":"unk","km":0.14}},
{"type":"Feature","geometry":{"type":"LineString","coordinates":[[33.3167,-9.48731],[33.31671,-9.48726],[33.31672,-9.48722],[33.31673,-9.48715],[33.31674,-9.48712],[33.3168,-9.48712],[33.31682,-9.48707],[33.31686,-9.48703],[33.3169,-9.48701],[33.31693,-9.48698],[33.31696,-9.48695],[33.31699,-9.48691],[33.31703,-9.48688],[33.31705,-9.48685],[33.31707,-9.48681],[33.31708,-9.48677],[33.31708,-9.48674],[33.3171,-9.4867],[33.31713,-9.48667],[33.31716,-9.48664],[33.31717,-9.48662],[33.31716,-9.48659],[33.31714,-9.48655],[33.3171,-9.48652],[33.31707,-9.48651],[33.31705,-9.48651],[33.31707,-9.48648],[33.31705,-9.48644],[33.31705,-9.4864],[33.31707,-9.48638],[33.31712,-9.48636],[33.31717,-9.48634],[33.31724,-9.48632],[33.31727,-9.4863],[33.3173,-9.48629]]},"properties":{"id":1027409889,"cls":"track","hw":"track","tg":"none","name":"","ref":"","surface":"","sc":"unknown","speed":null,"lit":"unk","km":0.163}},
{"type":"Feature","geometry":{"type":"LineString","coordinates":[[33.3173,-9.48629],[33.31732,-9.48628],[33.31737,-9.48625],[33.31744,-9.48623],[33.31747,-9.48621],[33.31751,-9.48618],[33.31754,-9.48616],[33.31755,-9.48615],[33.3176,-9.48612],[33.31764,-9.48609],[33.31768,-9.48608],[33.31774,-9.48609]]},"properties":{"id":1027409890,"cls":"track","hw":"track","tg":"none","name":"","ref":"","surface":"","sc":"unknown","speed":null,"lit":"unk","km":0.055}},
{"type":"Feature","geometry":{"type":"LineString","coordinates":[[33.31133,-9.49037],[33.31147,-9.49057],[33.31169,-9.49084],[33.31185,-9.49107],[33.31236,-9.49174],[33.31275,-9.49218],[33.31296,-9.49236],[33.3132,-9.49268],[33.31331,-9.49311],[33.31342,-9.49341],[33.31346,-9.49378],[33.31343,-9.49416],[33.31335,-9.49468],[33.31324,-9.49507],[33.31317,-9.49525],[33.31325,-9.49566],[33.31322,-9.49596],[33.31327,-9.49635]]},"properties":{"id":1035319926,"cls":"unclassified","hw":"unclassified","tg":"na","name":"","ref":"","surface":"","sc":"unknown","speed":null,"lit":"unk","km":0.747}},
{"type":"Feature","geometry":{"type":"LineString","coordinates":[[33.31271,-9.4963],[33.31289,-9.49586],[33.31307,-9.49552],[33.31317,-9.49525]]},"properties":{"id":1035319927,"cls":"unclassified","hw":"unclassified","tg":"na","name":"","ref":"","surface":"","sc":"unknown","speed":null,"lit":"unk","km":0.127}},
{"type":"Feature","geometry":{"type":"LineString","coordinates":[[33.31342,-9.49341],[33.31363,-9.49293],[33.31378,-9.49259],[33.31397,-9.4922]]},"properties":{"id":1035319928,"cls":"track","hw":"track","tg":"none","name":"","ref":"","surface":"","sc":"unknown","speed":null,"lit":"unk","km":0.147}},
{"type":"Feature","geometry":{"type":"LineString","coordinates":[[33.31397,-9.4922],[33.31416,-9.49194],[33.31432,-9.49176],[33.31439,-9.49162],[33.31441,-9.49151],[33.3145,-9.49143],[33.31455,-9.49139],[33.31461,-9.49134],[33.31472,-9.49131],[33.31486,-9.49124],[33.315,-9.49114],[33.3151,-9.49109],[33.3152,-9.49099]]},"properties":{"id":1035319929,"cls":"track","hw":"track","tg":"none","name":"","ref":"","surface":"","sc":"unknown","speed":null,"lit":"unk","km":0.198}},
{"type":"Feature","geometry":{"type":"LineString","coordinates":[[33.32287,-9.49108],[33.32288,-9.4911],[33.32289,-9.49111],[33.3229,-9.49117]]},"properties":{"id":1035321206,"cls":"track","hw":"track","tg":"none","name":"","ref":"","surface":"","sc":"unknown","speed":null,"lit":"unk","km":0.011}},
{"type":"Feature","geometry":{"type":"LineString","coordinates":[[33.3231,-9.49081],[33.32304,-9.49097],[33.32303,-9.49105],[33.32299,-9.49119]]},"properties":{"id":1035321207,"cls":"track","hw":"track","tg":"none","name":"","ref":"","surface":"","sc":"unknown","speed":null,"lit":"unk","km":0.044}},
{"type":"Feature","geometry":{"type":"LineString","coordinates":[[33.32663,-9.4923],[33.32651,-9.49187],[33.32644,-9.4916],[33.32642,-9.4915],[33.32642,-9.4912],[33.32644,-9.49094],[33.32643,-9.49068],[33.32644,-9.49055],[33.32653,-9.49033]]},"properties":{"id":1035321984,"cls":"track","hw":"track","tg":"none","name":"","ref":"","surface":"","sc":"unknown","speed":null,"lit":"unk","km":0.224}},
{"type":"Feature","geometry":{"type":"LineString","coordinates":[[33.32663,-9.4923],[33.32637,-9.49224],[33.3262,-9.49218],[33.32601,-9.49201],[33.32591,-9.49194],[33.32579,-9.49188],[33.32558,-9.49188],[33.32549,-9.49187],[33.32542,-9.49178],[33.32538,-9.49174],[33.32519,-9.49154],[33.32496,-9.49133],[33.32483,-9.49119],[33.3247,-9.49097],[33.32461,-9.49081],[33.32449,-9.49077],[33.32435,-9.49073],[33.32425,-9.49065],[33.32421,-9.49049],[33.32414,-9.49036]]},"properties":{"id":1035321985,"cls":"track","hw":"track","tg":"none","name":"","ref":"","surface":"","sc":"unknown","speed":null,"lit":"unk","km":0.371}},
{"type":"Feature","geometry":{"type":"LineString","coordinates":[[33.32534,-9.49229],[33.32531,-9.49217],[33.32532,-9.49199],[33.32542,-9.49178]]},"properties":{"id":1035321986,"cls":"track","hw":"track","tg":"none","name":"","ref":"","surface":"","sc":"unknown","speed":null,"lit":"unk","km":0.06}},
{"type":"Feature","geometry":{"type":"LineString","coordinates":[[33.32797,-9.49389],[33.3281,-9.49383],[33.32825,-9.49377],[33.32837,-9.4937],[33.32848,-9.49355],[33.32855,-9.49338],[33.32862,-9.4932],[33.32874,-9.4929],[33.32887,-9.49269],[33.32896,-9.49253],[33.32901,-9.49235],[33.32909,-9.49221],[33.32927,-9.4921],[33.3294,-9.49202],[33.32946,-9.49194],[33.32952,-9.49184],[33.32966,-9.49176],[33.3298,-9.49173],[33.32997,-9.49167],[33.33012,-9.49162],[33.33026,-9.49148],[33.33039,-9.49131],[33.33057,-9.49116],[33.33083,-9.49104],[33.33119,-9.49086],[33.33148,-9.4907],[33.33173,-9.49061],[33.33198,-9.49052],[33.33211,-9.49044],[33.33226,-9.4903]]},"properties":{"id":1035322489,"cls":"unclassified","hw":"unclassified","tg":"na","name":"","ref":"","surface":"","sc":"unknown","speed":null,"lit":"unk","km":0.649}},
{"type":"Feature","geometry":{"type":"LineString","coordinates":[[33.32974,-9.49201],[33.33012,-9.49162]]},"properties":{"id":1035322490,"cls":"path","hw":"path","tg":"na","name":"","ref":"","surface":"","sc":"unknown","speed":null,"lit":"unk","km":0.06}},
{"type":"Feature","geometry":{"type":"LineString","coordinates":[[33.31133,-9.49037],[33.31123,-9.49018],[33.31105,-9.48996],[33.31092,-9.48983],[33.31085,-9.48979],[33.31081,-9.48974],[33.31084,-9.48964],[33.31088,-9.48943],[33.3109,-9.48931],[33.31083,-9.48914],[33.31075,-9.48889],[33.31072,-9.48878],[33.31072,-9.48878],[33.31073,-9.48874],[33.31085,-9.48862],[33.31101,-9.48847]]},"properties":{"id":1035323733,"cls":"track","hw":"track","tg":"none","name":"","ref":"","surface":"","sc":"unknown","speed":null,"lit":"unk","km":0.25}},
{"type":"Feature","geometry":{"type":"LineString","coordinates":[[33.31048,-9.48858],[33.3105,-9.48857],[33.31052,-9.48856],[33.31054,-9.48856],[33.31055,-9.48857],[33.31059,-9.4886],[33.31063,-9.48865],[33.31068,-9.48869],[33.31071,-9.48873],[33.31072,-9.48878]]},"properties":{"id":1035323735,"cls":"track","hw":"track","tg":"none","name":"","ref":"","surface":"","sc":"unknown","speed":null,"lit":"unk","km":0.04}},
{"type":"Feature","geometry":{"type":"LineString","coordinates":[[33.3144,-9.49032],[33.31437,-9.49039],[33.3144,-9.49058],[33.31449,-9.4908],[33.31452,-9.49098],[33.31457,-9.49122],[33.31455,-9.49139]]},"properties":{"id":1035323736,"cls":"track","hw":"track","tg":"none","name":"","ref":"","surface":"","sc":"unknown","speed":null,"lit":"unk","km":0.123}},
{"type":"Feature","geometry":{"type":"LineString","coordinates":[[33.31524,-9.49087],[33.31522,-9.49077],[33.31518,-9.49064],[33.31525,-9.49053],[33.31544,-9.49039],[33.31564,-9.49023],[33.31579,-9.4901],[33.31596,-9.48998],[33.3161,-9.48991]]},"properties":{"id":1035323737,"cls":"track","hw":"track","tg":"none","name":"","ref":"","surface":"","sc":"unknown","speed":null,"lit":"unk","km":0.157}},
{"type":"Feature","geometry":{"type":"LineString","coordinates":[[33.3161,-9.48991],[33.31659,-9.4897],[33.31672,-9.48964],[33.31722,-9.48947],[33.3176,-9.48935],[33.31788,-9.48926],[33.318,-9.48922],[33.31826,-9.48913],[33.31856,-9.48902],[33.31868,-9.48898],[33.31883,-9.48893],[33.31909,-9.48879],[33.31936,-9.48866],[33.31977,-9.48845]]},"properties":{"id":1035325100,"cls":"track","hw":"track","tg":"none","name":"","ref":"","surface":"","sc":"unknown","speed":null,"lit":"unk","km":0.435}},
{"type":"Feature","geometry":{"type":"LineString","coordinates":[[33.31649,-9.48961],[33.31659,-9.4897],[33.31677,-9.48983],[33.31694,-9.48986],[33.3171,-9.4899],[33.31734,-9.48984],[33.31754,-9.48976],[33.31772,-9.48969],[33.31785,-9.48963],[33.31798,-9.48952],[33.31816,-9.48946],[33.31835,-9.48943],[33.31856,-9.48941],[33.31877,-9.48939],[33.31891,-9.48933],[33.31909,-9.48918],[33.31927,-9.48906],[33.31945,-9.48895],[33.31968,-9.48889],[33.31992,-9.48879],[33.32015,-9.48873],[33.32039,-9.48866],[33.32044,-9.48866],[33.32056,-9.48864],[33.32071,-9.48862],[33.32093,-9.48861],[33.32109,-9.48861],[33.32125,-9.48861],[33.32132,-9.4886],[33.32135,-9.4886],[33.32148,-9.48857],[33.32168,-9.48848]]},"properties":{"id":1035325101,"cls":"track","hw":"track","tg":"none","name":"","ref":"","surface":"","sc":"unknown","speed":null,"lit":"unk","km":0.613}},
{"type":"Feature","geometry":{"type":"LineString","coordinates":[[33.31788,-9.48926],[33.31803,-9.48893],[33.31811,-9.48871],[33.31812,-9.48835],[33.31833,-9.48867],[33.31857,-9.48893],[33.31868,-9.48898]]},"properties":{"id":1035325102,"cls":"track","hw":"track","tg":"none","name":"","ref":"","surface":"","sc":"unknown","speed":null,"lit":"unk","km":0.201}},
{"type":"Feature","geometry":{"type":"LineString","coordinates":[[33.31649,-9.48961],[33.31632,-9.48951],[33.31614,-9.48939],[33.31595,-9.4893],[33.31554,-9.48926],[33.31527,-9.48918],[33.31513,-9.48909],[33.31492,-9.48897]]},"properties":{"id":1035325103,"cls":"track","hw":"track","tg":"none","name":"","ref":"","surface":"","sc":"unknown","speed":null,"lit":"unk","km":0.19}},
{"type":"Feature","geometry":{"type":"LineString","coordinates":[[33.32653,-9.49033],[33.32679,-9.49002],[33.32712,-9.48976],[33.32739,-9.48942],[33.32758,-9.48909],[33.32773,-9.48874],[33.32787,-9.48846],[33.32797,-9.48832],[33.32801,-9.48826],[33.32818,-9.48803],[33.32822,-9.48787],[33.32828,-9.48762]]},"properties":{"id":1035325915,"cls":"path","hw":"path","tg":"na","name":"","ref":"","surface":"","sc":"unknown","speed":null,"lit":"unk","km":0.364}},
{"type":"Feature","geometry":{"type":"LineString","coordinates":[[33.32454,-9.48968],[33.32471,-9.48958],[33.32486,-9.48951],[33.32508,-9.48937],[33.32528,-9.48928],[33.32557,-9.4892],[33.32586,-9.48914],[33.32601,-9.4891],[33.32613,-9.48901],[33.32623,-9.48893],[33.3263,-9.48876],[33.32647,-9.48864],[33.32666,-9.48849],[33.32701,-9.48821],[33.32714,-9.48802],[33.32734,-9.48786],[33.32756,-9.48778],[33.32773,-9.48771],[33.32799,-9.48759],[33.32814,-9.4875]]},"properties":{"id":1035327120,"cls":"path","hw":"path","tg":"na","name":"","ref":"","surface":"","sc":"unknown","speed":null,"lit":"unk","km":0.476}},
{"type":"Feature","geometry":{"type":"LineString","coordinates":[[33.32407,-9.49012],[33.32412,-9.4901],[33.32418,-9.49009],[33.32423,-9.49008],[33.32427,-9.49006]]},"properties":{"id":1035327121,"cls":"track","hw":"track","tg":"none","name":"","ref":"","surface":"","sc":"unknown","speed":null,"lit":"unk","km":0.023}},
{"type":"Feature","geometry":{"type":"LineString","coordinates":[[33.32427,-9.49006],[33.32434,-9.49005],[33.32445,-9.49008],[33.32456,-9.49014],[33.32467,-9.49021],[33.32475,-9.49034],[33.32485,-9.49041],[33.32498,-9.49048],[33.32529,-9.4908],[33.32556,-9.4909],[33.32588,-9.49111],[33.32611,-9.49136],[33.32644,-9.4916]]},"properties":{"id":1035327122,"cls":"track","hw":"track","tg":"none","name":"","ref":"","surface":"","sc":"unknown","speed":null,"lit":"unk","km":0.301}},
{"type":"Feature","geometry":{"type":"LineString","coordinates":[[33.32642,-9.4912],[33.32631,-9.49095],[33.32612,-9.49063],[33.32592,-9.49047],[33.32567,-9.49029],[33.32554,-9.49018],[33.32541,-9.49005],[33.32509,-9.48986],[33.32491,-9.4898],[33.32475,-9.48974],[33.32454,-9.48968]]},"properties":{"id":1035327123,"cls":"track","hw":"track","tg":"none","name":"","ref":"","surface":"","sc":"unknown","speed":null,"lit":"unk","km":0.277}},
{"type":"Feature","geometry":{"type":"LineString","coordinates":[[33.32441,-9.48963],[33.32444,-9.48924],[33.32441,-9.48906],[33.32444,-9.48894],[33.32454,-9.48883],[33.32464,-9.48872],[33.32466,-9.48859],[33.3247,-9.48845]]},"properties":{"id":1035327124,"cls":"track","hw":"track","tg":"none","name":"","ref":"","surface":"","sc":"unknown","speed":null,"lit":"unk","km":0.141}},
{"type":"Feature","geometry":{"type":"LineString","coordinates":[[33.31088,-9.48811],[33.31102,-9.48809],[33.31112,-9.48809],[33.31123,-9.48811],[33.31116,-9.48826],[33.31107,-9.48839],[33.31101,-9.48847]]},"properties":{"id":1035327482,"cls":"track","hw":"track","tg":"none","name":"","ref":"","surface":"","sc":"unknown","speed":null,"lit":"unk","km":0.086}},
{"type":"Feature","geometry":{"type":"LineString","coordinates":[[33.30983,-9.48853],[33.30993,-9.48848],[33.31001,-9.4884],[33.3101,-9.48837],[33.3102,-9.48833],[33.3103,-9.48828],[33.3104,-9.48823],[33.31047,-9.4882],[33.3105,-9.48818],[33.31051,-9.48814],[33.31058,-9.48811],[33.31064,-9.48809],[33.31068,-9.48806]]},"properties":{"id":1035327483,"cls":"track","hw":"track","tg":"none","name":"","ref":"","surface":"","sc":"unknown","speed":null,"lit":"unk","km":0.109}},
{"type":"Feature","geometry":{"type":"LineString","coordinates":[[33.31123,-9.48811],[33.31124,-9.48812],[33.31128,-9.48809],[33.31134,-9.48804],[33.31142,-9.48798],[33.31145,-9.4879],[33.31149,-9.48776],[33.31165,-9.48757],[33.31173,-9.48747],[33.31188,-9.48738],[33.31208,-9.48725],[33.31225,-9.48714],[33.31236,-9.48702],[33.3125,-9.48685],[33.31259,-9.48674]]},"properties":{"id":1035327867,"cls":"track","hw":"track","tg":"none","name":"","ref":"","surface":"","sc":"unknown","speed":null,"lit":"unk","km":0.22}},
{"type":"Feature","geometry":{"type":"LineString","coordinates":[[33.31414,-9.48631],[33.31412,-9.48642],[33.31408,-9.48648],[33.31415,-9.48664],[33.31421,-9.48685],[33.31442,-9.48714],[33.31453,-9.48731],[33.31461,-9.48742],[33.3148,-9.48743],[33.31492,-9.48746],[33.31509,-9.48754],[33.31504,-9.48757],[33.31502,-9.48762],[33.31497,-9.48774],[33.31496,-9.48789],[33.31501,-9.48801],[33.31502,-9.48808],[33.315,-9.48822],[33.31502,-9.48834],[33.31505,-9.48843],[33.31511,-9.48851]]},"properties":{"id":1035328745,"cls":"track","hw":"track","tg":"none","name":"","ref":"","surface":"","sc":"unknown","speed":null,"lit":"unk","km":0.313}},
{"type":"Feature","geometry":{"type":"LineString","coordinates":[[33.31509,-9.48754],[33.31511,-9.48749],[33.31519,-9.4874],[33.31536,-9.48722],[33.31548,-9.48709],[33.31548,-9.48701],[33.31548,-9.48687],[33.31552,-9.48677],[33.31557,-9.48668],[33.3156,-9.48651]]},"properties":{"id":1035328746,"cls":"track","hw":"track","tg":"none","name":"","ref":"","surface":"","sc":"unknown","speed":null,"lit":"unk","km":0.133}},
{"type":"Feature","geometry":{"type":"LineString","coordinates":[[33.31466,-9.48656],[33.31475,-9.48676],[33.31483,-9.48695],[33.31497,-9.48712],[33.31505,-9.48721],[33.31509,-9.48734],[33.31511,-9.48749]]},"properties":{"id":1035328747,"cls":"track","hw":"track","tg":"none","name":"","ref":"","surface":"","sc":"unknown","speed":null,"lit":"unk","km":0.117}},
{"type":"Feature","geometry":{"type":"LineString","coordinates":[[33.3109,-9.48931],[33.3112,-9.48936],[33.31138,-9.4894],[33.31159,-9.4894],[33.31181,-9.48936],[33.31201,-9.48925],[33.31235,-9.48897],[33.31261,-9.4888],[33.3129,-9.48865],[33.31326,-9.48861],[33.31348,-9.48859],[33.31383,-9.48848],[33.31409,-9.48835],[33.31426,-9.48821],[33.31447,-9.48803],[33.31451,-9.48791],[33.31453,-9.48781],[33.31457,-9.48767],[33.3146,-9.48762],[33.31461,-9.48742]]},"properties":{"id":1035328748,"cls":"track","hw":"track","tg":"none","name":"","ref":"","surface":"","sc":"unknown","speed":null,"lit":"unk","km":0.506}},
{"type":"Feature","geometry":{"type":"LineString","coordinates":[[33.31457,-9.48767],[33.31471,-9.48765],[33.31482,-9.48762],[33.31484,-9.48762],[33.31491,-9.48763],[33.31502,-9.48762]]},"properties":{"id":1035328750,"cls":"track","hw":"track","tg":"none","name":"","ref":"","surface":"","sc":"unknown","speed":null,"lit":"unk","km":0.05}},
{"type":"Feature","geometry":{"type":"LineString","coordinates":[[33.31548,-9.48709],[33.31567,-9.48724],[33.31582,-9.48734],[33.31598,-9.4875],[33.31636,-9.48787]]},"properties":{"id":1035328751,"cls":"track","hw":"track","tg":"none","name":"","ref":"","surface":"","sc":"unknown","speed":null,"lit":"unk","km":0.13}},
{"type":"Feature","geometry":{"type":"LineString","coordinates":[[33.3164,-9.48784],[33.31645,-9.48785],[33.31648,-9.48787],[33.31653,-9.48789]]},"properties":{"id":1035330116,"cls":"track","hw":"track","tg":"none","name":"","ref":"","surface":"","sc":"unknown","speed":null,"lit":"unk","km":0.015}},
{"type":"Feature","geometry":{"type":"LineString","coordinates":[[33.31766,-9.48745],[33.31764,-9.48723],[33.31762,-9.48706],[33.31765,-9.48689],[33.31765,-9.48671],[33.3175,-9.48652],[33.31747,-9.48648]]},"properties":{"id":1035330118,"cls":"track","hw":"track","tg":"none","name":"","ref":"","surface":"","sc":"unknown","speed":null,"lit":"unk","km":0.115}},
{"type":"Feature","geometry":{"type":"LineString","coordinates":[[33.31769,-9.48801],[33.3178,-9.48803],[33.31789,-9.4881],[33.31799,-9.4882],[33.31807,-9.48829],[33.31812,-9.48835]]},"properties":{"id":1035330757,"cls":"track","hw":"track","tg":"none","name":"","ref":"","surface":"","sc":"unknown","speed":null,"lit":"unk","km":0.062}},
{"type":"Feature","geometry":{"type":"LineString","coordinates":[[33.31783,-9.48793],[33.3178,-9.48803]]},"properties":{"id":1035331051,"cls":"track","hw":"track","tg":"none","name":"","ref":"","surface":"","sc":"unknown","speed":null,"lit":"unk","km":0.012}},
{"type":"Feature","geometry":{"type":"LineString","coordinates":[[33.31772,-9.48789],[33.31771,-9.48794],[33.31769,-9.48801]]},"properties":{"id":1035331052,"cls":"track","hw":"track","tg":"none","name":"","ref":"","surface":"","sc":"unknown","speed":null,"lit":"unk","km":0.014}},
{"type":"Feature","geometry":{"type":"LineString","coordinates":[[33.31769,-9.48801],[33.31767,-9.48825],[33.31767,-9.48855],[33.31773,-9.48884],[33.31783,-9.48907],[33.31788,-9.48926]]},"properties":{"id":1035331055,"cls":"track","hw":"track","tg":"none","name":"","ref":"","surface":"","sc":"unknown","speed":null,"lit":"unk","km":0.143}},
{"type":"Feature","geometry":{"type":"LineString","coordinates":[[33.3187,-9.48743],[33.31871,-9.48734],[33.31868,-9.48725],[33.31868,-9.48723],[33.31864,-9.48708],[33.31863,-9.487],[33.31861,-9.48694],[33.31846,-9.487],[33.31837,-9.48707],[33.31827,-9.48714],[33.31814,-9.48733],[33.31807,-9.48746]]},"properties":{"id":1035331057,"cls":"track","hw":"track","tg":"none","name":"","ref":"","surface":"","sc":"unknown","speed":null,"lit":"unk","km":0.142}},
{"type":"Feature","geometry":{"type":"LineString","coordinates":[[33.31804,-9.48781],[33.31812,-9.48769],[33.31822,-9.48754],[33.31826,-9.48746],[33.31832,-9.4873],[33.31833,-9.48721],[33.31837,-9.48707],[33.31847,-9.48712],[33.31857,-9.48717],[33.31868,-9.48725]]},"properties":{"id":1035331058,"cls":"track","hw":"track","tg":"none","name":"","ref":"","surface":"","sc":"unknown","speed":null,"lit":"unk","km":0.131}},
{"type":"Feature","geometry":{"type":"LineString","coordinates":[[33.31861,-9.48694],[33.31863,-9.48688],[33.31861,-9.48678],[33.31857,-9.48655]]},"properties":{"id":1035331095,"cls":"track","hw":"track","tg":"none","name":"","ref":"","surface":"","sc":"unknown","speed":null,"lit":"unk","km":0.044}},
{"type":"Feature","geometry":{"type":"LineString","coordinates":[[33.31795,-9.48652],[33.31803,-9.48666],[33.31811,-9.4868],[33.31826,-9.48688],[33.31839,-9.48692],[33.31861,-9.48694]]},"properties":{"id":1035331096,"cls":"track","hw":"track","tg":"none","name":"","ref":"","surface":"","sc":"unknown","speed":null,"lit":"unk","km":0.094}},
{"type":"Feature","geometry":{"type":"LineString","coordinates":[[33.31861,-9.48694],[33.31868,-9.48692],[33.31875,-9.48688],[33.31882,-9.48681],[33.31901,-9.48669],[33.31913,-9.48663],[33.3193,-9.48654]]},"properties":{"id":1035331801,"cls":"track","hw":"track","tg":"none","name":"","ref":"","surface":"","sc":"unknown","speed":null,"lit":"unk","km":0.088}},
{"type":"Feature","geometry":{"type":"LineString","coordinates":[[33.319,-9.48651],[33.31903,-9.48662],[33.31901,-9.48669],[33.31897,-9.48686],[33.31899,-9.48706],[33.31895,-9.48723],[33.31896,-9.4874],[33.31909,-9.48757],[33.31916,-9.48764],[33.3192,-9.48786],[33.31925,-9.48795],[33.31942,-9.48802],[33.3196,-9.48806],[33.31976,-9.48809],[33.31999,-9.48816],[33.32013,-9.48822],[33.32019,-9.48833],[33.32021,-9.48839],[33.32027,-9.4885],[33.32044,-9.48866]]},"properties":{"id":1035331802,"cls":"track","hw":"track","tg":"none","name":"","ref":"","surface":"","sc":"unknown","speed":null,"lit":"unk","km":0.334}},
{"type":"Feature","geometry":{"type":"LineString","coordinates":[[33.31933,-9.48739],[33.31943,-9.48747],[33.31961,-9.48757],[33.31983,-9.48764],[33.31998,-9.48767],[33.32012,-9.48765],[33.32028,-9.48763],[33.32043,-9.48752],[33.32063,-9.48733]]},"properties":{"id":1035331803,"cls":"track","hw":"track","tg":"none","name":"","ref":"","surface":"","sc":"unknown","speed":null,"lit":"unk","km":0.163}},
{"type":"Feature","geometry":{"type":"LineString","coordinates":[[33.3193,-9.48654],[33.31945,-9.4866],[33.31956,-9.48662],[33.31972,-9.48669],[33.31985,-9.4867],[33.32,-9.48666],[33.32007,-9.48661],[33.32011,-9.48661],[33.32018,-9.48667],[33.32029,-9.48681],[33.32062,-9.48698],[33.32074,-9.48704],[33.32079,-9.4871],[33.32083,-9.48729]]},"properties":{"id":1035331804,"cls":"track","hw":"track","tg":"none","name":"","ref":"","surface":"","sc":"unknown","speed":null,"lit":"unk","km":0.21}},
{"type":"Feature","geometry":{"type":"LineString","coordinates":[[33.32018,-9.48667],[33.32019,-9.48683],[33.32023,-9.48705],[33.32026,-9.48723],[33.32033,-9.48737]]},"properties":{"id":1035331805,"cls":"track","hw":"track","tg":"none","name":"","ref":"","surface":"","sc":"unknown","speed":null,"lit":"unk","km":0.08}},
{"type":"Feature","geometry":{"type":"LineString","coordinates":[[33.31977,-9.48845],[33.31999,-9.48838],[33.32019,-9.48833],[33.32032,-9.4883],[33.3206,-9.48828],[33.3209,-9.48836],[33.32107,-9.48842],[33.32132,-9.4886]]},"properties":{"id":1035331910,"cls":"track","hw":"track","tg":"none","name":"","ref":"","surface":"","sc":"unknown","speed":null,"lit":"unk","km":0.181}},
{"type":"Feature","geometry":{"type":"LineString","coordinates":[[33.3247,-9.48845],[33.32482,-9.48826],[33.32498,-9.48794],[33.32522,-9.48769],[33.32532,-9.48756],[33.32545,-9.48742],[33.32552,-9.48723],[33.32548,-9.48686],[33.32559,-9.48651]]},"properties":{"id":1035332818,"cls":"track","hw":"track","tg":"none","name":"","ref":"","surface":"","sc":"unknown","speed":null,"lit":"unk","km":0.247}},
{"type":"Feature","geometry":{"type":"LineString","coordinates":[[33.32532,-9.48756],[33.3257,-9.48737],[33.32597,-9.48716],[33.32618,-9.48696],[33.32625,-9.48691],[33.32637,-9.48683],[33.32668,-9.48678],[33.32686,-9.48673],[33.32732,-9.48663]]},"properties":{"id":1035332819,"cls":"track","hw":"track","tg":"none","name":"","ref":"","surface":"","sc":"unknown","speed":null,"lit":"unk","km":0.248}},
{"type":"Feature","geometry":{"type":"LineString","coordinates":[[33.32264,-9.48791],[33.32261,-9.48781],[33.32256,-9.48772],[33.3225,-9.4876],[33.32237,-9.4874],[33.32217,-9.48715],[33.32213,-9.487],[33.32212,-9.48673]]},"properties":{"id":1035332820,"cls":"track","hw":"track","tg":"none","name":"","ref":"","surface":"","sc":"unknown","speed":null,"lit":"unk","km":0.147}},
{"type":"Feature","geometry":{"type":"LineString","coordinates":[[33.32751,-9.48618],[33.32763,-9.48654],[33.32782,-9.48688],[33.32793,-9.48715],[33.32814,-9.4875]]},"properties":{"id":1035333316,"cls":"path","hw":"path","tg":"na","name":"","ref":"","surface":"","sc":"unknown","speed":null,"lit":"unk","km":0.163}},
{"type":"Feature","geometry":{"type":"LineString","coordinates":[[33.33432,-9.49031],[33.33434,-9.49014],[33.33432,-9.48998],[33.33463,-9.49004],[33.33494,-9.49007],[33.33532,-9.49012],[33.3357,-9.49026],[33.33599,-9.49035],[33.3363,-9.49063],[33.33662,-9.49107]]},"properties":{"id":1035333317,"cls":"track","hw":"track","tg":"none","name":"","ref":"","surface":"","sc":"unknown","speed":null,"lit":"unk","km":0.332}},
{"type":"Feature","geometry":{"type":"LineString","coordinates":[[33.33432,-9.48998],[33.33403,-9.48987],[33.33351,-9.48967],[33.33318,-9.48948],[33.33269,-9.4894],[33.33245,-9.48926],[33.33236,-9.48923],[33.33217,-9.48916],[33.33182,-9.48896],[33.33139,-9.4889]]},"properties":{"id":1035333954,"cls":"path","hw":"path","tg":"na","name":"","ref":"","surface":"","sc":"unknown","speed":null,"lit":"unk","km":0.347}},
{"type":"Feature","geometry":{"type":"LineString","coordinates":[[33.33182,-9.48896],[33.33153,-9.48868],[33.3313,-9.48853],[33.33094,-9.4883],[33.3307,-9.48815],[33.33048,-9.48797],[33.33018,-9.48782],[33.3299,-9.48771],[33.3297,-9.48764],[33.32925,-9.4872],[33.32906,-9.48691],[33.3285,-9.48617]]},"properties":{"id":1035333955,"cls":"path","hw":"path","tg":"na","name":"","ref":"","surface":"","sc":"unknown","speed":null,"lit":"unk","km":0.488}},
{"type":"Feature","geometry":{"type":"LineString","coordinates":[[33.3299,-9.48771],[33.33008,-9.48805],[33.33009,-9.48827],[33.3303,-9.48858]]},"properties":{"id":1035333956,"cls":"path","hw":"path","tg":"na","name":"","ref":"","surface":"","sc":"unknown","speed":null,"lit":"unk","km":0.109}},
{"type":"Feature","geometry":{"type":"LineString","coordinates":[[33.31023,-9.47686],[33.31036,-9.47797],[33.31041,-9.47896],[33.31018,-9.47972],[33.31003,-9.48026],[33.31035,-9.48122],[33.31074,-9.48255],[33.31073,-9.48322],[33.31092,-9.48383],[33.31146,-9.48447]]},"properties":{"id":1035335483,"cls":"track","hw":"track","tg":"none","name":"","ref":"","surface":"","sc":"unknown","speed":null,"lit":"unk","km":0.889}},
{"type":"Feature","geometry":{"type":"LineString","coordinates":[[33.31035,-9.48122],[33.31072,-9.48191],[33.31141,-9.48258],[33.31223,-9.48382],[33.31274,-9.48417],[33.31308,-9.48445],[33.31331,-9.48488],[33.31346,-9.48515],[33.31341,-9.48526],[33.31344,-9.48534],[33.31346,-9.48587]]},"properties":{"id":1035335485,"cls":"track","hw":"track","tg":"none","name":"","ref":"","surface":"","sc":"unknown","speed":null,"lit":"unk","km":0.644}},
{"type":"Feature","geometry":{"type":"LineString","coordinates":[[33.3156,-9.48651],[33.31559,-9.48623],[33.31564,-9.48604],[33.31579,-9.48582],[33.31577,-9.48557],[33.31581,-9.48522],[33.31573,-9.48488],[33.31555,-9.48457],[33.31551,-9.48439],[33.31501,-9.48449],[33.31463,-9.48469],[33.31414,-9.4848],[33.31371,-9.48496],[33.31344,-9.48534]]},"properties":{"id":1035335486,"cls":"track","hw":"track","tg":"none","name":"","ref":"","surface":"","sc":"unknown","speed":null,"lit":"unk","km":0.509}},
{"type":"Feature","geometry":{"type":"LineString","coordinates":[[33.31774,-9.48609],[33.31779,-9.4861],[33.31783,-9.48613],[33.31785,-9.48615],[33.3179,-9.48627],[33.31794,-9.48641],[33.31795,-9.48652]]},"properties":{"id":1035336830,"cls":"track","hw":"track","tg":"none","name":"","ref":"","surface":"","sc":"unknown","speed":null,"lit":"unk","km":0.057}},
{"type":"Feature","geometry":{"type":"LineString","coordinates":[[33.31783,-9.48613],[33.31792,-9.48613],[33.31803,-9.4861],[33.3181,-9.48608],[33.31818,-9.48606],[33.31823,-9.48605],[33.3183,-9.48603],[33.31838,-9.48602],[33.31846,-9.48605],[33.31855,-9.48612],[33.31867,-9.48619],[33.3187,-9.48621],[33.31878,-9.48626],[33.31888,-9.48637],[33.31896,-9.48646],[33.319,-9.48651]]},"properties":{"id":1035336831,"cls":"track","hw":"track","tg":"none","name":"","ref":"","surface":"","sc":"unknown","speed":null,"lit":"unk","km":0.15}},
{"type":"Feature","geometry":{"type":"LineString","coordinates":[[33.31857,-9.48655],[33.31858,-9.4865],[33.31862,-9.48646],[33.31865,-9.4864],[33.31867,-9.48632],[33.3187,-9.48621]]},"properties":{"id":1035336832,"cls":"track","hw":"track","tg":"none","name":"","ref":"","surface":"","sc":"unknown","speed":null,"lit":"unk","km":0.041}},
{"type":"Feature","geometry":{"type":"LineString","coordinates":[[33.31896,-9.48646],[33.3191,-9.48647],[33.31921,-9.4865],[33.3193,-9.48654]]},"properties":{"id":1035336833,"cls":"track","hw":"track","tg":"none","name":"","ref":"","surface":"","sc":"unknown","speed":null,"lit":"unk","km":0.039}},
{"type":"Feature","geometry":{"type":"LineString","coordinates":[[33.31724,-9.48632],[33.31736,-9.48638],[33.31747,-9.48648]]},"properties":{"id":1035336834,"cls":"track","hw":"track","tg":"none","name":"","ref":"","surface":"","sc":"unknown","speed":null,"lit":"unk","km":0.031}},
{"type":"Feature","geometry":{"type":"LineString","coordinates":[[33.31754,-9.48616],[33.3175,-9.48629],[33.31748,-9.48638],[33.3175,-9.48652]]},"properties":{"id":1035336835,"cls":"track","hw":"track","tg":"none","name":"","ref":"","surface":"","sc":"unknown","speed":null,"lit":"unk","km":0.041}},
{"type":"Feature","geometry":{"type":"LineString","coordinates":[[33.32534,-9.48476],[33.32515,-9.48486],[33.32497,-9.48492],[33.32479,-9.48497],[33.32464,-9.48514],[33.32452,-9.48531],[33.32437,-9.48546],[33.32424,-9.48559]]},"properties":{"id":1035337490,"cls":"track","hw":"track","tg":"none","name":"","ref":"","surface":"","sc":"unknown","speed":null,"lit":"unk","km":0.157}},
{"type":"Feature","geometry":{"type":"LineString","coordinates":[[33.32534,-9.48476],[33.32549,-9.48498],[33.32565,-9.4853],[33.32572,-9.48547],[33.32569,-9.48559],[33.32566,-9.48574],[33.32567,-9.48601],[33.32567,-9.4862],[33.32563,-9.48636],[33.32559,-9.48651]]},"properties":{"id":1035337491,"cls":"track","hw":"track","tg":"none","name":"","ref":"","surface":"","sc":"unknown","speed":null,"lit":"unk","km":0.207}},
{"type":"Feature","geometry":{"type":"LineString","coordinates":[[33.32534,-9.48476],[33.32556,-9.48461],[33.32585,-9.4845],[33.32605,-9.48437],[33.32624,-9.48418],[33.32643,-9.48403],[33.32667,-9.48397],[33.32684,-9.4838],[33.32701,-9.48363],[33.32737,-9.48345],[33.32727,-9.48371],[33.32733,-9.48413],[33.32739,-9.48442],[33.32734,-9.48474],[33.32728,-9.48491],[33.32723,-9.48508],[33.3272,-9.48514],[33.32712,-9.48531],[33.32692,-9.48559],[33.32676,-9.48574]]},"properties":{"id":1035337492,"cls":"unclassified","hw":"unclassified","tg":"na","name":"","ref":"","surface":"","sc":"unknown","speed":null,"lit":"unk","km":0.548}},
{"type":"Feature","geometry":{"type":"LineString","coordinates":[[33.32168,-9.48848],[33.32232,-9.48825],[33.32266,-9.48793],[33.32309,-9.48754],[33.32344,-9.48685],[33.32377,-9.48649],[33.32459,-9.48624],[33.32567,-9.4862],[33.32595,-9.4866],[33.32625,-9.48691],[33.32644,-9.48726],[33.32687,-9.48772],[33.32714,-9.48802],[33.32797,-9.48832]]},"properties":{"id":1035337493,"cls":"path","hw":"path","tg":"na","name":"","ref":"","surface":"","sc":"unknown","speed":null,"lit":"unk","km":0.9}},
{"type":"Feature","geometry":{"type":"LineString","coordinates":[[33.32667,-9.48397],[33.32663,-9.48425],[33.32667,-9.48451],[33.32685,-9.48464],[33.32705,-9.48478],[33.32728,-9.48491],[33.32743,-9.48504],[33.32752,-9.48508],[33.32778,-9.4852],[33.32803,-9.48531],[33.32836,-9.48543],[33.32867,-9.48554],[33.3289,-9.48552]]},"properties":{"id":1035337904,"cls":"path","hw":"path","tg":"na","name":"","ref":"","surface":"","sc":"unknown","speed":null,"lit":"unk","km":0.335}},
{"type":"Feature","geometry":{"type":"LineString","coordinates":[[33.3272,-9.48514],[33.32731,-9.48531],[33.32749,-9.48545],[33.32759,-9.48549],[33.3277,-9.48554],[33.32784,-9.48566],[33.32805,-9.48583],[33.32828,-9.48601],[33.3284,-9.4861],[33.3285,-9.48617]]},"properties":{"id":1035337905,"cls":"path","hw":"path","tg":"na","name":"","ref":"","surface":"","sc":"unknown","speed":null,"lit":"unk","km":0.185}},
{"type":"Feature","geometry":{"type":"LineString","coordinates":[[33.3289,-9.48552],[33.32918,-9.48573],[33.32965,-9.48607],[33.33033,-9.48615],[33.33087,-9.48635],[33.33127,-9.4865],[33.33166,-9.48678],[33.3318,-9.4871],[33.33183,-9.4877],[33.33187,-9.48814],[33.33199,-9.48841],[33.33236,-9.48923]]},"properties":{"id":1035338533,"cls":"path","hw":"path","tg":"na","name":"","ref":"","surface":"","sc":"unknown","speed":null,"lit":"unk","km":0.628}},
{"type":"Feature","geometry":{"type":"LineString","coordinates":[[33.32737,-9.48345],[33.32746,-9.48318],[33.3277,-9.48281],[33.328,-9.48246],[33.32838,-9.48229],[33.32868,-9.48223],[33.32891,-9.48225],[33.32915,-9.48218],[33.32961,-9.48196],[33.33012,-9.48182],[33.33048,-9.48174],[33.33073,-9.48171],[33.33108,-9.48177],[33.33152,-9.482],[33.33193,-9.48228],[33.33218,-9.48261],[33.33234,-9.48277],[33.33251,-9.48295],[33.33204,-9.48302],[33.3316,-9.48316],[33.33125,-9.48319],[33.33061,-9.48333],[33.33041,-9.48356],[33.33011,-9.48382],[33.32967,-9.48413],[33.3295,-9.48442],[33.32927,-9.48478],[33.32907,-9.48515],[33.3289,-9.48552]]},"properties":{"id":1035338534,"cls":"track","hw":"track","tg":"none","name":"","ref":"","surface":"","sc":"unknown","speed":null,"lit":"unk","km":1.219}},
{"type":"Feature","geometry":{"type":"LineString","coordinates":[[33.33251,-9.48295],[33.33278,-9.48348],[33.33315,-9.48423],[33.33335,-9.48497],[33.33388,-9.48579],[33.33427,-9.48635],[33.33455,-9.48707],[33.33493,-9.48816],[33.33514,-9.48915],[33.33536,-9.4897],[33.3357,-9.49026]]},"properties":{"id":1035338535,"cls":"track","hw":"track","tg":"none","name":"","ref":"","surface":"","sc":"unknown","speed":null,"lit":"unk","km":0.892}},
{"type":"Feature","geometry":{"type":"LineString","coordinates":[[33.32751,-9.48618],[33.32754,-9.48581],[33.32759,-9.48549],[33.32754,-9.48527],[33.32752,-9.48508]]},"properties":{"id":1035338536,"cls":"path","hw":"path","tg":"na","name":"","ref":"","surface":"","sc":"unknown","speed":null,"lit":"unk","km":0.124}},
{"type":"Feature","geometry":{"type":"LineString","coordinates":[[33.33278,-9.48348],[33.33273,-9.48404],[33.33254,-9.48454],[33.33239,-9.485],[33.33232,-9.48523],[33.33228,-9.48542],[33.33208,-9.48584],[33.33186,-9.48618],[33.33177,-9.48643],[33.33166,-9.48678]]},"properties":{"id":1035338537,"cls":"path","hw":"path","tg":"na","name":"","ref":"","surface":"","sc":"unknown","speed":null,"lit":"unk","km":0.391}},
{"type":"Feature","geometry":{"type":"LineString","coordinates":[[33.32169,-9.49321],[33.32159,-9.4935],[33.32159,-9.49375],[33.3215,-9.49413],[33.32139,-9.49462],[33.32131,-9.49487],[33.32125,-9.49501],[33.3211,-9.49519],[33.32089,-9.49542],[33.32088,-9.49557],[33.32072,-9.49576],[33.32043,-9.49609],[33.32031,-9.49639],[33.32015,-9.49663],[33.31994,-9.49675],[33.31967,-9.49689],[33.31948,-9.49691],[33.31937,-9.49699],[33.31914,-9.49711]]},"properties":{"id":1042658449,"cls":"unclassified","hw":"unclassified","tg":"na","name":"","ref":"","surface":"","sc":"unknown","speed":null,"lit":"unk","km":0.553}},
{"type":"Feature","geometry":{"type":"LineString","coordinates":[[33.32625,-9.49659],[33.32604,-9.49624],[33.32591,-9.49597],[33.32577,-9.49586],[33.3255,-9.49551],[33.32541,-9.49546]]},"properties":{"id":1042658450,"cls":"path","hw":"path","tg":"na","name":"","ref":"","surface":"","sc":"unknown","speed":null,"lit":"unk","km":0.158}},
{"type":"Feature","geometry":{"type":"LineString","coordinates":[[33.00407,-9.3932],[33.0042,-9.39328],[33.00423,-9.39327],[33.00443,-9.3936],[33.00451,-9.39379],[33.00458,-9.3939]]},"properties":{"id":1056556806,"cls":"unclassified","hw":"unclassified","tg":"na","name":"","ref":"","surface":"","sc":"unknown","speed":null,"lit":"unk","km":0.1}},
{"type":"Feature","geometry":{"type":"LineString","coordinates":[[33.09651,-9.48179],[33.09679,-9.48144],[33.09692,-9.48119],[33.09769,-9.48033]]},"properties":{"id":1057034601,"cls":"path","hw":"path","tg":"na","name":"","ref":"","surface":"","sc":"unknown","speed":null,"lit":"unk","km":0.208}},
{"type":"Feature","geometry":{"type":"LineString","coordinates":[[33.10227,-9.48639],[33.10216,-9.48599],[33.10201,-9.48586],[33.10194,-9.48548],[33.10204,-9.48532],[33.1021,-9.48499],[33.10231,-9.4848],[33.10249,-9.48474],[33.10258,-9.48466],[33.10262,-9.48432],[33.10304,-9.48383]]},"properties":{"id":1057034602,"cls":"path","hw":"path","tg":"na","name":"","ref":"","surface":"","sc":"unknown","speed":null,"lit":"unk","km":0.344}},
{"type":"Feature","geometry":{"type":"LineString","coordinates":[[33.10308,-9.48683],[33.10354,-9.48721],[33.10368,-9.48737],[33.10439,-9.48721],[33.10467,-9.48703],[33.10504,-9.48716],[33.1054,-9.48684],[33.1056,-9.48679]]},"properties":{"id":1057034603,"cls":"path","hw":"path","tg":"na","name":"","ref":"","surface":"","sc":"unknown","speed":null,"lit":"unk","km":0.325}},
{"type":"Feature","geometry":{"type":"LineString","coordinates":[[33.10656,-9.47783],[33.10653,-9.47846],[33.10645,-9.47884],[33.10651,-9.47969],[33.10696,-9.47975]]},"properties":{"id":1057034604,"cls":"path","hw":"path","tg":"na","name":"","ref":"","surface":"","sc":"unknown","speed":null,"lit":"unk","km":0.258}},
{"type":"Feature","geometry":{"type":"LineString","coordinates":[[33.10801,-9.47678],[33.1078,-9.4768],[33.10725,-9.47674],[33.10706,-9.47675],[33.10643,-9.47662],[33.105,-9.47635],[33.10492,-9.47622]]},"properties":{"id":1057034605,"cls":"track","hw":"track","tg":"none","name":"","ref":"","surface":"","sc":"unknown","speed":null,"lit":"unk","km":0.352}},
{"type":"Feature","geometry":{"type":"LineString","coordinates":[[33.11321,-9.48699],[33.11293,-9.48708],[33.11247,-9.48711],[33.1124,-9.4875]]},"properties":{"id":1057034606,"cls":"residential","hw":"residential","tg":"na","name":"","ref":"","surface":"","sc":"unknown","speed":null,"lit":"unk","km":0.127}},
{"type":"Feature","geometry":{"type":"LineString","coordinates":[[33.28827,-9.488],[33.28823,-9.48783],[33.28832,-9.48757],[33.28799,-9.4874],[33.28798,-9.48707],[33.28821,-9.48681]]},"properties":{"id":1058194593,"cls":"path","hw":"path","tg":"na","name":"","ref":"","surface":"","sc":"unknown","speed":null,"lit":"unk","km":0.166}},
{"type":"Feature","geometry":{"type":"LineString","coordinates":[[33.3289,-9.48552],[33.32868,-9.4859],[33.3286,-9.48599],[33.32855,-9.48603],[33.3285,-9.48617],[33.32842,-9.48633],[33.32832,-9.48705],[33.32828,-9.48762]]},"properties":{"id":1058220144,"cls":"unclassified","hw":"unclassified","tg":"na","name":"","ref":"","surface":"","sc":"unknown","speed":null,"lit":"unk","km":0.25}},
{"type":"Feature","geometry":{"type":"LineString","coordinates":[[33.32868,-9.4859],[33.3286,-9.48585],[33.32853,-9.48599],[33.32855,-9.48603]]},"properties":{"id":1058220145,"cls":"unclassified","hw":"unclassified","tg":"na","name":"","ref":"","surface":"","sc":"unknown","speed":null,"lit":"unk","km":0.033}},
{"type":"Feature","geometry":{"type":"LineString","coordinates":[[33.26549,-9.49514],[33.2655,-9.49501],[33.26551,-9.49492],[33.2655,-9.49488],[33.26549,-9.49482],[33.2655,-9.49473],[33.26552,-9.49465],[33.26551,-9.4946],[33.2655,-9.49452],[33.26549,-9.49446],[33.26548,-9.49437],[33.26546,-9.49429],[33.26545,-9.49422],[33.26545,-9.49417],[33.26546,-9.49414],[33.26547,-9.49408],[33.26549,-9.49402],[33.26551,-9.49399],[33.26554,-9.49392],[33.26556,-9.4938],[33.26555,-9.49371],[33.26552,-9.49363],[33.26549,-9.49356],[33.26547,-9.49352],[33.26545,-9.49347],[33.26545,-9.4934],[33.26544,-9.49333],[33.26542,-9.49329],[33.26538,-9.49324],[33.26534,-9.49318],[33.2653,-9.49311],[33.26529,-9.49304],[33.2653,-9.49296],[33.26531,-9.49271],[33.26532,-9.49264],[33.26534,-9.49258],[33.26536,-9.49252],[33.2654,-9.49247],[33.26541,-9.49242],[33.26542,-9.49237],[33.26542,-9.49229],[33.26541,-9.49225],[33.26536,-9.49219]]},"properties":{"id":1066249314,"cls":"unclassified","hw":"unclassified","tg":"na","name":"","ref":"","surface":"","sc":"unknown","speed":null,"lit":"unk","km":0.343}},
{"type":"Feature","geometry":{"type":"LineString","coordinates":[[33.00574,-9.40026],[33.00583,-9.40009],[33.00584,-9.40006],[33.00586,-9.40004],[33.00588,-9.40002],[33.00591,-9.4],[33.00593,-9.39998],[33.00594,-9.39996],[33.00599,-9.39984],[33.00602,-9.39981],[33.00604,-9.39979],[33.00606,-9.39977],[33.00608,-9.39975],[33.00617,-9.39967],[33.0063,-9.39954],[33.00633,-9.39951],[33.00638,-9.39929],[33.0064,-9.39917],[33.00648,-9.39917],[33.00668,-9.39917]]},"properties":{"id":1128447401,"cls":"path","hw":"path","tg":"na","name":"","ref":"","surface":"","sc":"unknown","speed":null,"lit":"unk","km":0.177}},
{"type":"Feature","geometry":{"type":"LineString","coordinates":[[33.00638,-9.39929],[33.00663,-9.39977],[33.00674,-9.39985],[33.00688,-9.39997],[33.00698,-9.40003],[33.00716,-9.40016],[33.00727,-9.40026],[33.0074,-9.40013],[33.00746,-9.40004]]},"properties":{"id":1128447402,"cls":"path","hw":"path","tg":"na","name":"","ref":"","surface":"","sc":"unknown","speed":null,"lit":"unk","km":0.181}},
{"type":"Feature","geometry":{"type":"LineString","coordinates":[[33.01316,-9.40125],[33.01293,-9.40141],[33.01293,-9.40152],[33.01285,-9.40158],[33.01291,-9.40172],[33.0128,-9.40183],[33.01276,-9.40199]]},"properties":{"id":1128447406,"cls":"path","hw":"path","tg":"na","name":"","ref":"","surface":"","sc":"unknown","speed":null,"lit":"unk","km":0.107}},
{"type":"Feature","geometry":{"type":"LineString","coordinates":[[33.01276,-9.40199],[33.01187,-9.40262],[33.01176,-9.40269],[33.01161,-9.40293],[33.01098,-9.40338]]},"properties":{"id":1128447407,"cls":"path","hw":"path","tg":"na","name":"","ref":"","surface":"","sc":"unknown","speed":null,"lit":"unk","km":0.251}},
{"type":"Feature","geometry":{"type":"LineString","coordinates":[[33.01068,-9.40185],[33.01071,-9.40171],[33.01065,-9.40142],[33.01064,-9.40136],[33.01064,-9.4013],[33.01064,-9.40124],[33.01065,-9.40119],[33.01063,-9.40113],[33.01059,-9.40108],[33.01054,-9.40104],[33.01053,-9.40098],[33.01056,-9.40093],[33.01061,-9.4009],[33.01064,-9.40085],[33.01066,-9.40079],[33.01073,-9.40072]]},"properties":{"id":1128447408,"cls":"path","hw":"path","tg":"na","name":"","ref":"","surface":"","sc":"unknown","speed":null,"lit":"unk","km":0.14}},
{"type":"Feature","geometry":{"type":"LineString","coordinates":[[33.0038,-9.3995],[33.00386,-9.39949],[33.00388,-9.39948],[33.00391,-9.39949],[33.00394,-9.3995],[33.00397,-9.3995],[33.004,-9.39951],[33.00403,-9.39952],[33.00406,-9.39953],[33.00409,-9.39954],[33.00411,-9.39955],[33.00414,-9.39956],[33.00417,-9.39957],[33.0042,-9.39958],[33.00423,-9.39958],[33.00428,-9.39961]]},"properties":{"id":1128447409,"cls":"path","hw":"path","tg":"na","name":"","ref":"","surface":"","sc":"unknown","speed":null,"lit":"unk","km":0.056}},
{"type":"Feature","geometry":{"type":"LineString","coordinates":[[33.0038,-9.3995],[33.00371,-9.39949],[33.00369,-9.3995],[33.00366,-9.39952],[33.00364,-9.39953],[33.00361,-9.39954],[33.00358,-9.39953],[33.00355,-9.39955],[33.00352,-9.39956],[33.00351,-9.39959],[33.00348,-9.39961],[33.00346,-9.39963],[33.00344,-9.39965],[33.00341,-9.39967],[33.00339,-9.3997],[33.00338,-9.39973],[33.00336,-9.39975],[33.00334,-9.39976],[33.00331,-9.39978],[33.00328,-9.3998],[33.00326,-9.39982],[33.00324,-9.39984],[33.00323,-9.39987],[33.00319,-9.39987],[33.00311,-9.39981]]},"properties":{"id":1128447410,"cls":"path","hw":"path","tg":"na","name":"","ref":"","surface":"","sc":"unknown","speed":null,"lit":"unk","km":0.097}},
{"type":"Feature","geometry":{"type":"LineString","coordinates":[[33.01762,-9.39816],[33.01726,-9.39846]]},"properties":{"id":1128451598,"cls":"path","hw":"path","tg":"na","name":"","ref":"","surface":"","sc":"unknown","speed":null,"lit":"unk","km":0.052}},
{"type":"Feature","geometry":{"type":"LineString","coordinates":[[33.02141,-9.40508],[33.02133,-9.40513],[33.02114,-9.40521],[33.02109,-9.40517],[33.02086,-9.40548],[33.02088,-9.40569]]},"properties":{"id":1128451600,"cls":"path","hw":"path","tg":"na","name":"","ref":"","surface":"","sc":"unknown","speed":null,"lit":"unk","km":0.106}},
{"type":"Feature","geometry":{"type":"LineString","coordinates":[[33.01997,-9.40387],[33.0209,-9.40362],[33.02134,-9.40349],[33.02161,-9.40326],[33.02177,-9.40303]]},"properties":{"id":1128451603,"cls":"unclassified","hw":"unclassified","tg":"na","name":"","ref":"","surface":"unpaved","sc":"unpaved","speed":null,"lit":"unk","km":0.226}},
{"type":"Feature","geometry":{"type":"LineString","coordinates":[[33.01805,-9.40497],[33.01825,-9.40489],[33.01845,-9.40481],[33.01881,-9.40455],[33.01891,-9.40444],[33.01941,-9.40433],[33.01959,-9.40423],[33.0198,-9.40401],[33.01997,-9.40387]]},"properties":{"id":1128451604,"cls":"unclassified","hw":"unclassified","tg":"na","name":"","ref":"","surface":"unpaved","sc":"unpaved","speed":null,"lit":"unk","km":0.249}},
{"type":"Feature","geometry":{"type":"LineString","coordinates":[[33.02151,-9.40265],[33.02122,-9.40284],[33.02118,-9.40289],[33.02121,-9.40295],[33.02106,-9.4031],[33.02075,-9.40342]]},"properties":{"id":1128451607,"cls":"path","hw":"path","tg":"na","name":"","ref":"","surface":"","sc":"unknown","speed":null,"lit":"unk","km":0.125}},
{"type":"Feature","geometry":{"type":"LineString","coordinates":[[33.01849,-9.39697],[33.0181,-9.39731],[33.01807,-9.39737],[33.01761,-9.39778],[33.01752,-9.39779],[33.01743,-9.39787]]},"properties":{"id":1128451617,"cls":"path","hw":"path","tg":"na","name":"","ref":"","surface":"","sc":"unknown","speed":null,"lit":"unk","km":0.156}},
{"type":"Feature","geometry":{"type":"LineString","coordinates":[[33.01904,-9.40952],[33.01895,-9.40956],[33.01878,-9.40973],[33.01868,-9.40989]]},"properties":{"id":1128454020,"cls":"path","hw":"path","tg":"na","name":"","ref":"","surface":"","sc":"unknown","speed":null,"lit":"unk","km":0.058}},
{"type":"Feature","geometry":{"type":"LineString","coordinates":[[33.0197,-9.4093],[33.01945,-9.40943],[33.01939,-9.40946]]},"properties":{"id":1128454021,"cls":"path","hw":"path","tg":"na","name":"","ref":"","surface":"","sc":"unknown","speed":null,"lit":"unk","km":0.038}},
{"type":"Feature","geometry":{"type":"LineString","coordinates":[[33.01837,-9.40523],[33.01821,-9.40552],[33.01809,-9.40586],[33.01805,-9.4061],[33.01804,-9.40622],[33.01816,-9.40702],[33.0182,-9.40714]]},"properties":{"id":1128454029,"cls":"residential","hw":"residential","tg":"na","name":"","ref":"","surface":"","sc":"unknown","speed":null,"lit":"unk","km":0.221}},
{"type":"Feature","geometry":{"type":"LineString","coordinates":[[33.29812,-9.49753],[33.29821,-9.49776],[33.29825,-9.49791],[33.29828,-9.49812]]},"properties":{"id":1130622116,"cls":"path","hw":"path","tg":"na","name":"","ref":"","surface":"","sc":"unknown","speed":null,"lit":"unk","km":0.068}},
{"type":"Feature","geometry":{"type":"LineString","coordinates":[[33.29528,-9.49665],[33.29531,-9.49682]]},"properties":{"id":1130622118,"cls":"path","hw":"path","tg":"na","name":"","ref":"","surface":"","sc":"unknown","speed":null,"lit":"unk","km":0.019}},
{"type":"Feature","geometry":{"type":"LineString","coordinates":[[33.2903,-9.49963],[33.29035,-9.49946],[33.29049,-9.49937],[33.29071,-9.4993]]},"properties":{"id":1130622119,"cls":"path","hw":"path","tg":"na","name":"","ref":"","surface":"","sc":"unknown","speed":null,"lit":"unk","km":0.063}},
{"type":"Feature","geometry":{"type":"LineString","coordinates":[[33.29458,-9.49459],[33.29461,-9.49457],[33.29463,-9.49456],[33.29466,-9.49456],[33.29468,-9.49455],[33.29471,-9.49456],[33.29473,-9.49456],[33.29476,-9.49456],[33.29479,-9.49456],[33.29482,-9.49456],[33.29484,-9.49456],[33.29487,-9.49456],[33.2949,-9.49457],[33.29492,-9.49457],[33.29495,-9.49457],[33.29498,-9.49457],[33.29501,-9.49458],[33.29504,-9.49458],[33.29506,-9.49458],[33.29509,-9.49459],[33.29512,-9.49459],[33.29515,-9.4946],[33.29517,-9.49461],[33.29519,-9.49463],[33.29522,-9.49464],[33.29524,-9.49465],[33.29527,-9.49466],[33.2953,-9.49467],[33.29533,-9.49467],[33.29535,-9.49468],[33.29538,-9.49468],[33.2954,-9.49468],[33.29543,-9.49467],[33.29546,-9.49467],[33.29548,-9.49464]]},"properties":{"id":1130622120,"cls":"path","hw":"path","tg":"na","name":"","ref":"","surface":"","sc":"unknown","speed":null,"lit":"unk","km":0.105}},
{"type":"Feature","geometry":{"type":"LineString","coordinates":[[33.29682,-9.49588],[33.29675,-9.49586],[33.29662,-9.49589],[33.29641,-9.49585],[33.29616,-9.49581]]},"properties":{"id":1130622122,"cls":"path","hw":"path","tg":"na","name":"","ref":"","surface":"","sc":"unknown","speed":null,"lit":"unk","km":0.074}},
{"type":"Feature","geometry":{"type":"LineString","coordinates":[[33.29384,-9.49354],[33.29387,-9.49369],[33.29382,-9.49401],[33.29396,-9.49423],[33.29422,-9.49447],[33.29458,-9.49459],[33.2946,-9.49469],[33.29463,-9.49473],[33.29467,-9.49477],[33.29471,-9.4948],[33.29475,-9.49484],[33.29478,-9.49489],[33.2948,-9.49493],[33.29482,-9.49498],[33.29497,-9.49509],[33.29503,-9.49515],[33.29555,-9.49552],[33.29583,-9.49565],[33.29616,-9.49581]]},"properties":{"id":1130622123,"cls":"path","hw":"path","tg":"na","name":"","ref":"","surface":"","sc":"unknown","speed":null,"lit":"unk","km":0.389}},
{"type":"Feature","geometry":{"type":"LineString","coordinates":[[33.29565,-9.49373],[33.29577,-9.49393],[33.29577,-9.49411],[33.29575,-9.49425]]},"properties":{"id":1130622124,"cls":"path","hw":"path","tg":"na","name":"","ref":"","surface":"","sc":"unknown","speed":null,"lit":"unk","km":0.062}},
{"type":"Feature","geometry":{"type":"LineString","coordinates":[[33.29397,-9.49765],[33.29394,-9.49796],[33.29384,-9.49816],[33.29374,-9.49824],[33.29359,-9.49831],[33.29351,-9.49838]]},"properties":{"id":1130622129,"cls":"path","hw":"path","tg":"na","name":"","ref":"","surface":"","sc":"unknown","speed":null,"lit":"unk","km":0.103}},
{"type":"Feature","geometry":{"type":"LineString","coordinates":[[33.29005,-9.48608],[33.29006,-9.48612],[33.29006,-9.48619],[33.29006,-9.48624],[33.29009,-9.48628],[33.2901,-9.48631],[33.29017,-9.48638],[33.29019,-9.4864],[33.29019,-9.48643],[33.29025,-9.48651],[33.29025,-9.48657],[33.29021,-9.48682],[33.29008,-9.48697],[33.28991,-9.48751]]},"properties":{"id":1185378702,"cls":"path","hw":"path","tg":"na","name":"","ref":"","surface":"","sc":"unknown","speed":null,"lit":"unk","km":0.175}},
{"type":"Feature","geometry":{"type":"LineString","coordinates":[[33.11714,-9.46631],[33.11722,-9.46629],[33.11729,-9.46623]]},"properties":{"id":1193054022,"cls":"path","hw":"path","tg":"na","name":"","ref":"","surface":"","sc":"unknown","speed":null,"lit":"unk","km":0.019}},
{"type":"Feature","geometry":{"type":"LineString","coordinates":[[33.11704,-9.46637],[33.11714,-9.46631]]},"properties":{"id":1193054023,"cls":"path","hw":"path","tg":"na","name":"","ref":"","surface":"","sc":"unknown","speed":null,"lit":"unk","km":0.013}},
{"type":"Feature","geometry":{"type":"LineString","coordinates":[[33.10653,-9.46029],[33.10638,-9.46023],[33.10619,-9.46009],[33.10591,-9.46],[33.10578,-9.45975]]},"properties":{"id":1193054025,"cls":"track","hw":"track","tg":"none","name":"","ref":"","surface":"","sc":"unknown","speed":null,"lit":"unk","km":0.107}},
{"type":"Feature","geometry":{"type":"LineString","coordinates":[[33.10635,-9.46028],[33.10638,-9.46023]]},"properties":{"id":1193054026,"cls":"path","hw":"path","tg":"na","name":"","ref":"","surface":"","sc":"unknown","speed":null,"lit":"unk","km":0.006}},
{"type":"Feature","geometry":{"type":"LineString","coordinates":[[33.10622,-9.46047],[33.10635,-9.46028]]},"properties":{"id":1193054027,"cls":"path","hw":"path","tg":"na","name":"","ref":"","surface":"","sc":"unknown","speed":null,"lit":"unk","km":0.025}},
{"type":"Feature","geometry":{"type":"LineString","coordinates":[[33.10574,-9.4603],[33.10578,-9.46035],[33.10597,-9.46046],[33.10616,-9.46051],[33.10622,-9.46047]]},"properties":{"id":1193054028,"cls":"path","hw":"path","tg":"na","name":"","ref":"","surface":"","sc":"unknown","speed":null,"lit":"unk","km":0.061}},
{"type":"Feature","geometry":{"type":"LineString","coordinates":[[33.10574,-9.4603],[33.1046,-9.46196]]},"properties":{"id":1193054029,"cls":"track","hw":"track","tg":"none","name":"","ref":"","surface":"","sc":"unknown","speed":null,"lit":"unk","km":0.223}},
{"type":"Feature","geometry":{"type":"LineString","coordinates":[[33.07047,-9.4394],[33.07054,-9.43946],[33.07066,-9.4395]]},"properties":{"id":1193054030,"cls":"path","hw":"path","tg":"na","name":"","ref":"","surface":"","sc":"unknown","speed":null,"lit":"unk","km":0.024}},
{"type":"Feature","geometry":{"type":"LineString","coordinates":[[33.07051,-9.43923],[33.07047,-9.4394]]},"properties":{"id":1193054031,"cls":"path","hw":"path","tg":"na","name":"","ref":"","surface":"","sc":"unknown","speed":null,"lit":"unk","km":0.019}},
{"type":"Feature","geometry":{"type":"LineString","coordinates":[[33.04511,-9.41819],[33.045,-9.41804]]},"properties":{"id":1193054032,"cls":"path","hw":"path","tg":"na","name":"","ref":"","surface":"","sc":"unknown","speed":null,"lit":"unk","km":0.021}},
{"type":"Feature","geometry":{"type":"LineString","coordinates":[[33.03327,-9.40938],[33.03296,-9.40953]]},"properties":{"id":1193054033,"cls":"path","hw":"path","tg":"na","name":"","ref":"","surface":"","sc":"unknown","speed":null,"lit":"unk","km":0.038}},
{"type":"Feature","geometry":{"type":"LineString","coordinates":[[33.02507,-9.40624],[33.02511,-9.40642],[33.02528,-9.4069],[33.02546,-9.40734],[33.0256,-9.40765],[33.02577,-9.40797],[33.02591,-9.40819],[33.02606,-9.40841],[33.02625,-9.40866],[33.02671,-9.40925],[33.02739,-9.41006],[33.02749,-9.41016],[33.02801,-9.41073],[33.02821,-9.41091],[33.02863,-9.41123],[33.02884,-9.41139],[33.02966,-9.4121],[33.02979,-9.41222],[33.02987,-9.41233],[33.02989,-9.41236],[33.03041,-9.41315],[33.03053,-9.41333],[33.03069,-9.41356],[33.03079,-9.41366],[33.03093,-9.41381],[33.03114,-9.41399],[33.03213,-9.41479],[33.03269,-9.41524],[33.03286,-9.41541],[33.03306,-9.41562],[33.0333,-9.41589],[33.03362,-9.4163],[33.03371,-9.41643],[33.03411,-9.417],[33.03439,-9.41743],[33.0348,-9.41811],[33.03488,-9.4183],[33.03492,-9.41841],[33.03496,-9.41858],[33.035,-9.41877],[33.03505,-9.4189],[33.0351,-9.41901],[33.03518,-9.4191]]},"properties":{"id":1208200231,"cls":"tertiary","hw":"tertiary","tg":"na","name":"","ref":"M9","surface":"unpaved","sc":"unpaved","speed":null,"lit":"unk","km":1.839}},
{"type":"Feature","geometry":{"type":"LineString","coordinates":[[33.02502,-9.40605],[33.02507,-9.40624]]},"properties":{"id":1208200232,"cls":"tertiary","hw":"tertiary","tg":"na","name":"","ref":"M9","surface":"unpaved","sc":"unpaved","speed":null,"lit":"unk","km":0.022}},
{"type":"Feature","geometry":{"type":"LineString","coordinates":[[33.01815,-9.40726],[33.0182,-9.40714]]},"properties":{"id":1208200236,"cls":"residential","hw":"residential","tg":"na","name":"","ref":"","surface":"","sc":"unknown","speed":null,"lit":"unk","km":0.014}},
{"type":"Feature","geometry":{"type":"LineString","coordinates":[[33.01812,-9.40737],[33.01815,-9.40726]]},"properties":{"id":1208200237,"cls":"residential","hw":"residential","tg":"na","name":"","ref":"","surface":"","sc":"unknown","speed":null,"lit":"unk","km":0.013}},
{"type":"Feature","geometry":{"type":"LineString","coordinates":[[33.01646,-9.40925],[33.01666,-9.4093],[33.01679,-9.40931],[33.01703,-9.40922],[33.01725,-9.4092],[33.01745,-9.40913],[33.01773,-9.40906],[33.01785,-9.40898],[33.01793,-9.4089],[33.01803,-9.40866],[33.01797,-9.40839],[33.01798,-9.40825],[33.01808,-9.40792],[33.01808,-9.40775],[33.0181,-9.40764],[33.0181,-9.40745],[33.01812,-9.40737]]},"properties":{"id":1208200238,"cls":"residential","hw":"residential","tg":"na","name":"","ref":"","surface":"","sc":"unknown","speed":null,"lit":"unk","km":0.348}},
{"type":"Feature","geometry":{"type":"LineString","coordinates":[[33.0182,-9.40714],[33.01827,-9.40726],[33.01833,-9.40731]]},"properties":{"id":1208200239,"cls":"path","hw":"path","tg":"na","name":"","ref":"","surface":"","sc":"unknown","speed":null,"lit":"unk","km":0.024}},
{"type":"Feature","geometry":{"type":"LineString","coordinates":[[33.01852,-9.4051],[33.01837,-9.40523],[33.01831,-9.40524],[33.0182,-9.40523],[33.0181,-9.40512],[33.01805,-9.40497]]},"properties":{"id":1208200241,"cls":"residential","hw":"residential","tg":"na","name":"","ref":"","surface":"","sc":"unknown","speed":null,"lit":"unk","km":0.075}},
{"type":"Feature","geometry":{"type":"LineString","coordinates":[[33.03418,-9.4214],[33.03435,-9.42151],[33.03446,-9.42159],[33.03454,-9.42169],[33.03466,-9.4218],[33.03482,-9.42187],[33.03499,-9.42197],[33.0353,-9.42209],[33.03545,-9.42221],[33.0355,-9.42232],[33.03556,-9.42253],[33.03572,-9.42287],[33.03577,-9.42307],[33.03587,-9.42385],[33.03588,-9.42402],[33.03586,-9.42412],[33.0358,-9.42443],[33.03577,-9.42467],[33.03578,-9.42486],[33.03593,-9.42525],[33.03608,-9.42544],[33.0362,-9.42577],[33.03642,-9.42615],[33.03649,-9.42634],[33.0365,-9.42655],[33.03649,-9.4267],[33.03643,-9.42684]]},"properties":{"id":1208200265,"cls":"residential","hw":"residential","tg":"na","name":"","ref":"","surface":"","sc":"unknown","speed":null,"lit":"unk","km":0.711}},
{"type":"Feature","geometry":{"type":"LineString","coordinates":[[33.04541,-9.415],[33.04552,-9.41519],[33.04553,-9.41546],[33.04543,-9.4161],[33.04542,-9.4164],[33.04549,-9.41649],[33.04556,-9.41656],[33.0456,-9.41664]]},"properties":{"id":1208200291,"cls":"path","hw":"path","tg":"na","name":"","ref":"","surface":"","sc":"unknown","speed":null,"lit":"unk","km":0.193}},
{"type":"Feature","geometry":{"type":"LineString","coordinates":[[33.04519,-9.41472],[33.04524,-9.41483],[33.04541,-9.415]]},"properties":{"id":1208200292,"cls":"path","hw":"path","tg":"na","name":"","ref":"","surface":"","sc":"unknown","speed":null,"lit":"unk","km":0.04}},
{"type":"Feature","geometry":{"type":"LineString","coordinates":[[33.04424,-9.40814],[33.04425,-9.40825],[33.04432,-9.4084],[33.04456,-9.40874],[33.04461,-9.40884],[33.04462,-9.40895],[33.04461,-9.40927],[33.0446,-9.40949],[33.04459,-9.40959],[33.04456,-9.40975],[33.04453,-9.40992],[33.0445,-9.41023],[33.04444,-9.41038],[33.04439,-9.41052],[33.04432,-9.41065],[33.04423,-9.41075],[33.04408,-9.41094],[33.04397,-9.41113],[33.04395,-9.41117],[33.04392,-9.41124],[33.0437,-9.41219],[33.04367,-9.41235],[33.04359,-9.41257],[33.04349,-9.4127],[33.04331,-9.41284],[33.04309,-9.41326],[33.04305,-9.41345],[33.04305,-9.41359],[33.04303,-9.4137],[33.04299,-9.4138],[33.04292,-9.4139],[33.04266,-9.41419],[33.04256,-9.41429],[33.04255,-9.41431],[33.04255,-9.41432],[33.04257,-9.41435],[33.04271,-9.41448],[33.04272,-9.41452],[33.04271,-9.41461],[33.04257,-9.41494],[33.04256,-9.41498],[33.04257,-9.41502],[33.04284,-9.41528],[33.04295,-9.41539],[33.043,-9.41548],[33.0431,-9.41594]]},"properties":{"id":1208200293,"cls":"unclassified","hw":"unclassified","tg":"na","name":"","ref":"","surface":"","sc":"unknown","speed":null,"lit":"unk","km":0.971}},
{"type":"Feature","geometry":{"type":"LineString","coordinates":[[33.13096,-9.49133],[33.13071,-9.49125],[33.13047,-9.49115],[33.13024,-9.49106],[33.12935,-9.49074],[33.12867,-9.49053],[33.12834,-9.49041],[33.12798,-9.49019],[33.12772,-9.49001],[33.12584,-9.48889],[33.12491,-9.48818],[33.12459,-9.48791],[33.12428,-9.48771],[33.12402,-9.48759],[33.12356,-9.48744],[33.1226,-9.48709],[33.12205,-9.48691],[33.12182,-9.48682],[33.12096,-9.4865],[33.12049,-9.48634],[33.12007,-9.48609],[33.11981,-9.48604],[33.11953,-9.48589],[33.11902,-9.48572],[33.11745,-9.48527],[33.11681,-9.48506],[33.11627,-9.48489],[33.11542,-9.48456],[33.11459,-9.48421],[33.11329,-9.48379],[33.11304,-9.4837],[33.11236,-9.48347],[33.11216,-9.48344],[33.11205,-9.48346]]},"properties":{"id":1208659551,"cls":"unclassified","hw":"unclassified","tg":"na","name":"","ref":"","surface":"unpaved","sc":"unpaved","speed":null,"lit":"unk","km":2.27}},
{"type":"Feature","geometry":{"type":"LineString","coordinates":[[33.10907,-9.48993],[33.1086,-9.49007],[33.10839,-9.49028],[33.10811,-9.49026],[33.10799,-9.49021],[33.10792,-9.49022],[33.10781,-9.4902]]},"properties":{"id":1208659568,"cls":"path","hw":"path","tg":"na","name":"","ref":"","surface":"","sc":"unknown","speed":null,"lit":"unk","km":0.152}},
{"type":"Feature","geometry":{"type":"LineString","coordinates":[[33.10239,-9.48726],[33.10261,-9.48716],[33.10267,-9.48713]]},"properties":{"id":1209618316,"cls":"path","hw":"path","tg":"na","name":"","ref":"","surface":"","sc":"unknown","speed":null,"lit":"unk","km":0.034}},
{"type":"Feature","geometry":{"type":"LineString","coordinates":[[33.10159,-9.48879],[33.10177,-9.48844],[33.10189,-9.48836],[33.10192,-9.48827],[33.10199,-9.48819],[33.10202,-9.48813],[33.10208,-9.48789],[33.10216,-9.48775],[33.10227,-9.48761],[33.1023,-9.48753],[33.10235,-9.48733],[33.10239,-9.48726]]},"properties":{"id":1209618317,"cls":"path","hw":"path","tg":"na","name":"","ref":"","surface":"","sc":"unknown","speed":null,"lit":"unk","km":0.196}},
{"type":"Feature","geometry":{"type":"LineString","coordinates":[[33.10031,-9.46154],[33.10026,-9.46157],[33.10013,-9.4618],[33.10004,-9.46189],[33.09999,-9.46199]]},"properties":{"id":1210184260,"cls":"path","hw":"path","tg":"na","name":"","ref":"","surface":"","sc":"unknown","speed":null,"lit":"unk","km":0.062}},
{"type":"Feature","geometry":{"type":"LineString","coordinates":[[33.09975,-9.46241],[33.09985,-9.46226],[33.09999,-9.46199],[33.10003,-9.46199],[33.10011,-9.46201],[33.10034,-9.46191],[33.10046,-9.46179],[33.10096,-9.46146],[33.10127,-9.46136],[33.10136,-9.46131],[33.10145,-9.46123]]},"properties":{"id":1210184261,"cls":"residential","hw":"residential","tg":"na","name":"","ref":"","surface":"","sc":"unknown","speed":null,"lit":"unk","km":0.24}},
{"type":"Feature","geometry":{"type":"LineString","coordinates":[[33.01646,-9.48374],[33.01648,-9.48379],[33.01656,-9.48394],[33.0169,-9.48512],[33.01699,-9.48541],[33.0171,-9.48569],[33.01762,-9.4871],[33.01824,-9.48898],[33.0184,-9.4893],[33.01849,-9.48947],[33.01867,-9.48992],[33.019,-9.49028],[33.0192,-9.49052],[33.01935,-9.49056]]},"properties":{"id":1212915492,"cls":"unclassified","hw":"unclassified","tg":"na","name":"","ref":"","surface":"","sc":"unknown","speed":null,"lit":"unk","km":0.835}},
{"type":"Feature","geometry":{"type":"LineString","coordinates":[[33.24767,-9.49288],[33.24748,-9.49291],[33.24724,-9.49292],[33.24704,-9.49296],[33.24684,-9.49299],[33.24667,-9.49304]]},"properties":{"id":1231860654,"cls":"path","hw":"path","tg":"na","name":"","ref":"","surface":"","sc":"unknown","speed":null,"lit":"unk","km":0.111}},
{"type":"Feature","geometry":{"type":"LineString","coordinates":[[33.2486,-9.49253],[33.24862,-9.49249],[33.24863,-9.49243],[33.24863,-9.49239],[33.24867,-9.49237],[33.24875,-9.49235],[33.24879,-9.49232],[33.24888,-9.49232],[33.24904,-9.49234],[33.24921,-9.49238]]},"properties":{"id":1231860655,"cls":"path","hw":"path","tg":"na","name":"","ref":"","surface":"","sc":"unknown","speed":null,"lit":"unk","km":0.082}},
{"type":"Feature","geometry":{"type":"LineString","coordinates":[[33.24803,-9.49386],[33.24806,-9.49392],[33.2481,-9.49396],[33.24823,-9.49406],[33.24827,-9.49415],[33.2483,-9.49428],[33.24836,-9.49433],[33.2484,-9.49441],[33.24841,-9.49453],[33.24843,-9.49459],[33.24849,-9.49462],[33.24854,-9.49465],[33.24859,-9.49468],[33.24867,-9.49472],[33.24878,-9.49476]]},"properties":{"id":1231861089,"cls":"path","hw":"path","tg":"na","name":"","ref":"","surface":"","sc":"unknown","speed":null,"lit":"unk","km":0.139}},
{"type":"Feature","geometry":{"type":"LineString","coordinates":[[33.2495,-9.49506],[33.24951,-9.49499],[33.24949,-9.49489],[33.24946,-9.49483],[33.24947,-9.49475],[33.24957,-9.49459],[33.24959,-9.4945],[33.24963,-9.49441]]},"properties":{"id":1231861312,"cls":"path","hw":"path","tg":"na","name":"","ref":"","surface":"","sc":"unknown","speed":null,"lit":"unk","km":0.078}},
{"type":"Feature","geometry":{"type":"LineString","coordinates":[[33.24698,-9.49517],[33.24702,-9.49515],[33.24706,-9.49515],[33.24713,-9.49515],[33.24721,-9.49518],[33.24728,-9.49522],[33.24735,-9.49524],[33.24749,-9.49527],[33.24755,-9.49529]]},"properties":{"id":1231861313,"cls":"path","hw":"path","tg":"na","name":"","ref":"","surface":"","sc":"unknown","speed":null,"lit":"unk","km":0.066}},
{"type":"Feature","geometry":{"type":"LineString","coordinates":[[33.246,-9.49479],[33.24586,-9.49468],[33.24562,-9.49435],[33.24555,-9.49423],[33.24556,-9.49411],[33.24555,-9.49393],[33.24556,-9.49381],[33.24557,-9.49373],[33.24562,-9.49366],[33.24567,-9.49358],[33.24582,-9.49353],[33.246,-9.49348]]},"properties":{"id":1231861721,"cls":"path","hw":"path","tg":"na","name":"","ref":"","surface":"","sc":"unknown","speed":null,"lit":"unk","km":0.194}},
{"type":"Feature","geometry":{"type":"LineString","coordinates":[[33.24596,-9.49532],[33.24602,-9.49531],[33.24612,-9.49531],[33.24619,-9.49532]]},"properties":{"id":1231861722,"cls":"path","hw":"path","tg":"na","name":"","ref":"","surface":"","sc":"unknown","speed":null,"lit":"unk","km":0.025}},
{"type":"Feature","geometry":{"type":"LineString","coordinates":[[33.24546,-9.49568],[33.24547,-9.49562],[33.24546,-9.49556],[33.24549,-9.49544],[33.24548,-9.49534],[33.24548,-9.4953],[33.24549,-9.49519],[33.24549,-9.49512]]},"properties":{"id":1231861723,"cls":"path","hw":"path","tg":"na","name":"","ref":"","surface":"","sc":"unknown","speed":null,"lit":"unk","km":0.063}},
{"type":"Feature","geometry":{"type":"LineString","coordinates":[[33.28917,-9.48655],[33.28917,-9.48665],[33.28894,-9.48677],[33.28883,-9.48692],[33.28869,-9.48737],[33.28873,-9.48741],[33.28861,-9.48794]]},"properties":{"id":1250875794,"cls":"path","hw":"path","tg":"na","name":"","ref":"","surface":"","sc":"unknown","speed":null,"lit":"unk","km":0.179}},
{"type":"Feature","geometry":{"type":"LineString","coordinates":[[33.2242,-9.49943],[33.22426,-9.49959],[33.22431,-9.49974]]},"properties":{"id":1312967076,"cls":"residential","hw":"residential","tg":"na","name":"","ref":"","surface":"","sc":"unknown","speed":null,"lit":"unk","km":0.037}}
]}