{"type":"FeatureCollection","features":[
{"type":"Feature","geometry":{"type":"LineString","coordinates":[[33.81664,-14.5488],[33.81665,-14.54887],[33.81668,-14.54909],[33.81671,-14.5493],[33.81674,-14.54942],[33.81676,-14.54954],[33.81679,-14.54974],[33.81684,-14.54999],[33.81687,-14.55014],[33.81688,-14.55021],[33.8169,-14.55028],[33.81692,-14.55033],[33.81694,-14.55036],[33.81696,-14.55039],[33.81699,-14.55042],[33.81701,-14.55047],[33.81705,-14.55054],[33.81708,-14.55062],[33.81711,-14.55073],[33.81714,-14.55083],[33.81715,-14.55092],[33.81716,-14.55101],[33.81716,-14.55109],[33.81717,-14.55119],[33.81718,-14.55135],[33.81719,-14.55147],[33.81721,-14.55156],[33.81724,-14.5517],[33.8173,-14.55193],[33.81739,-14.55221],[33.81747,-14.55245],[33.81754,-14.55264],[33.81761,-14.55278],[33.81764,-14.55285],[33.81768,-14.55297],[33.81772,-14.55305],[33.81779,-14.55318],[33.8179,-14.55332],[33.81805,-14.55352],[33.8181,-14.55358],[33.81816,-14.55365],[33.81823,-14.55372],[33.8183,-14.55382],[33.81839,-14.55396],[33.81841,-14.554],[33.81844,-14.55407],[33.8185,-14.55421],[33.81859,-14.55448],[33.81868,-14.55485],[33.81885,-14.5554],[33.81889,-14.55552],[33.81896,-14.55572],[33.81903,-14.55589],[33.81909,-14.55606],[33.81914,-14.55617],[33.81922,-14.55633],[33.81936,-14.55658],[33.81944,-14.55675],[33.81951,-14.55686],[33.81958,-14.55695],[33.81968,-14.55705],[33.81977,-14.55712],[33.81991,-14.55722],[33.82007,-14.5573],[33.8202,-14.55736],[33.82033,-14.55742],[33.82047,-14.5575],[33.82059,-14.55757],[33.82078,-14.55767],[33.8209,-14.55775],[33.82102,-14.55782],[33.82112,-14.55788],[33.8212,-14.55795],[33.82125,-14.55799],[33.82137,-14.55808],[33.82142,-14.55813],[33.82156,-14.55824],[33.82161,-14.55828],[33.82169,-14.55834],[33.82184,-14.55845],[33.82203,-14.55861],[33.82214,-14.5587],[33.82223,-14.55875],[33.82239,-14.55885],[33.82254,-14.55896],[33.82261,-14.55899],[33.82268,-14.55902],[33.82282,-14.55906],[33.82291,-14.55908],[33.82304,-14.5591],[33.82316,-14.55912],[33.82322,-14.55913],[33.82342,-14.55919],[33.82373,-14.55927],[33.82385,-14.5593],[33.82391,-14.55931],[33.82407,-14.55935],[33.8242,-14.55938],[33.82442,-14.55945],[33.82471,-14.55955],[33.82478,-14.55958],[33.82484,-14.55961],[33.82491,-14.55964],[33.82497,-14.55968],[33.82505,-14.55971],[33.82513,-14.55974],[33.82522,-14.55978],[33.82531,-14.55981],[33.8254,-14.55985],[33.82549,-14.55988],[33.82553,-14.5599],[33.82558,-14.55993],[33.82566,-14.55999],[33.82577,-14.56008],[33.82593,-14.56021],[33.82601,-14.56028],[33.82615,-14.56038],[33.82627,-14.56047],[33.82635,-14.56052],[33.8265,-14.5606],[33.82681,-14.56074],[33.82697,-14.56084],[33.82707,-14.5609],[33.82713,-14.56094],[33.82718,-14.56098],[33.82727,-14.56107],[33.82732,-14.56112],[33.82743,-14.56122],[33.82755,-14.56134],[33.82765,-14.56144],[33.82776,-14.56157],[33.82781,-14.56164],[33.82789,-14.56175],[33.82801,-14.56192],[33.82807,-14.562],[33.82812,-14.56206],[33.82816,-14.56212],[33.82821,-14.56217],[33.82835,-14.56233],[33.82844,-14.56243],[33.8285,-14.56249],[33.82855,-14.56255],[33.82858,-14.56262],[33.82865,-14.56276],[33.8287,-14.56286],[33.82876,-14.56294],[33.82883,-14.56306],[33.82891,-14.56319],[33.82895,-14.5633],[33.82907,-14.56353],[33.82919,-14.56379],[33.8293,-14.564],[33.82943,-14.56424],[33.82951,-14.56438],[33.82956,-14.56448],[33.82964,-14.56467],[33.82971,-14.56484],[33.82977,-14.56497],[33.82981,-14.56504],[33.82989,-14.56517],[33.82999,-14.56532],[33.83007,-14.56543],[33.83019,-14.56556],[33.83027,-14.56565],[33.8303,-14.56572],[33.83036,-14.56583],[33.8304,-14.56595],[33.83055,-14.56628],[33.83066,-14.56651],[33.83072,-14.56663],[33.83076,-14.5667],[33.83082,-14.56687],[33.83091,-14.56709],[33.83094,-14.56718],[33.831,-14.56736],[33.83106,-14.56749],[33.83118,-14.56772],[33.83131,-14.56795],[33.83143,-14.56816],[33.83146,-14.56822],[33.83154,-14.56836],[33.83157,-14.56844],[33.8316,-14.56852],[33.83163,-14.56866],[33.83165,-14.56875],[33.83168,-14.56884],[33.83172,-14.56892],[33.83177,-14.56901],[33.83187,-14.5692],[33.83199,-14.56943],[33.83206,-14.56957],[33.83218,-14.56979],[33.83228,-14.56994],[33.83242,-14.5702],[33.83251,-14.57037],[33.83263,-14.57062],[33.83274,-14.5708],[33.83283,-14.57092],[33.8329,-14.57104],[33.83311,-14.57142],[33.83316,-14.57152],[33.83327,-14.57175],[33.83334,-14.57188],[33.83343,-14.57205],[33.83359,-14.57229],[33.83371,-14.5725],[33.83382,-14.5727],[33.83388,-14.57281],[33.83393,-14.57289],[33.83395,-14.57294],[33.83396,-14.57299],[33.83399,-14.5731],[33.83401,-14.5732],[33.83406,-14.57332],[33.83412,-14.57346],[33.83416,-14.57355],[33.83419,-14.57362],[33.83421,-14.57368],[33.83426,-14.5739],[33.83436,-14.57428],[33.83442,-14.57457],[33.83444,-14.57465],[33.83448,-14.57486],[33.83452,-14.57502],[33.83457,-14.57526],[33.83467,-14.57557],[33.83474,-14.57575],[33.83481,-14.57599],[33.83486,-14.5761],[33.83492,-14.57629],[33.83497,-14.57642],[33.83503,-14.57657],[33.83506,-14.57665],[33.83511,-14.57674],[33.83518,-14.57688],[33.83522,-14.57695],[33.83527,-14.57703],[33.83535,-14.57712],[33.83543,-14.57721],[33.83553,-14.57731],[33.83568,-14.57746],[33.83579,-14.57758],[33.83589,-14.57769],[33.83608,-14.5779],[33.83623,-14.57806],[33.83636,-14.57819],[33.83644,-14.57826],[33.83653,-14.57835],[33.83663,-14.57844],[33.83669,-14.5785],[33.83679,-14.57862],[33.83698,-14.57885],[33.83709,-14.57899],[33.83718,-14.57913],[33.83728,-14.57929],[33.83731,-14.57936],[33.83736,-14.57942],[33.8374,-14.57947],[33.83747,-14.5795],[33.83753,-14.57953],[33.83756,-14.57955],[33.83759,-14.57958],[33.83762,-14.57961],[33.83765,-14.57966],[33.83769,-14.57973],[33.83772,-14.5798],[33.83774,-14.57986],[33.83777,-14.57999],[33.83779,-14.58009],[33.83781,-14.58017],[33.83784,-14.58023],[33.83788,-14.5803],[33.83802,-14.58053],[33.83817,-14.58074],[33.83832,-14.58098],[33.83855,-14.58131],[33.83871,-14.58156],[33.83886,-14.58177],[33.83892,-14.58186],[33.83901,-14.582],[33.83908,-14.58214],[33.83916,-14.58232],[33.8392,-14.58241],[33.83926,-14.58253],[33.8393,-14.58262],[33.83934,-14.58272],[33.83941,-14.58299],[33.83951,-14.5833],[33.83955,-14.58341],[33.83958,-14.58351],[33.83973,-14.58385],[33.83984,-14.58408],[33.83988,-14.58415],[33.83993,-14.58424],[33.83999,-14.58435],[33.84004,-14.58447],[33.8401,-14.58462],[33.84016,-14.5848],[33.84026,-14.58512],[33.84035,-14.5854],[33.84043,-14.58566],[33.84053,-14.58593],[33.84057,-14.58603],[33.84062,-14.58611],[33.84064,-14.58616],[33.84065,-14.58621],[33.84069,-14.58631],[33.84074,-14.5865],[33.84076,-14.5866],[33.84081,-14.58693],[33.84085,-14.58724],[33.8409,-14.58751],[33.84094,-14.5877],[33.84098,-14.58789],[33.84103,-14.58807],[33.84114,-14.58837],[33.84122,-14.58858],[33.84126,-14.58875],[33.84135,-14.58902],[33.84141,-14.58916],[33.84151,-14.58937],[33.8416,-14.58954],[33.84168,-14.58965],[33.84173,-14.58971],[33.84181,-14.58978],[33.84193,-14.58986],[33.84204,-14.58993],[33.84213,-14.59],[33.84233,-14.59017],[33.8425,-14.59033],[33.8426,-14.59043],[33.84268,-14.59052],[33.84279,-14.59068],[33.84291,-14.59083],[33.84297,-14.59091],[33.84305,-14.59104],[33.8431,-14.59112],[33.84317,-14.59126],[33.84323,-14.59138],[33.84328,-14.59145],[33.84337,-14.59157],[33.84341,-14.59166],[33.84347,-14.59178],[33.84352,-14.59186],[33.84358,-14.59198],[33.84373,-14.59218],[33.84382,-14.59232],[33.84391,-14.59247],[33.84395,-14.59254],[33.844,-14.59263],[33.84407,-14.59277],[33.84413,-14.59291],[33.84415,-14.59297],[33.84418,-14.59309],[33.84424,-14.59327],[33.84432,-14.59348],[33.84436,-14.59357],[33.8444,-14.59368],[33.84444,-14.59381],[33.84447,-14.59394],[33.8445,-14.59404],[33.84453,-14.59413],[33.84457,-14.59429],[33.8446,-14.59443],[33.84463,-14.59456],[33.84468,-14.59474],[33.84477,-14.59503],[33.84483,-14.59529],[33.84487,-14.59546],[33.84491,-14.59562],[33.84495,-14.59574],[33.84505,-14.59605],[33.84508,-14.59618],[33.84512,-14.5964],[33.84514,-14.59653],[33.84519,-14.59684],[33.84522,-14.59705],[33.84524,-14.59726],[33.84526,-14.59749],[33.84531,-14.59791],[33.84533,-14.59806],[33.84535,-14.59821],[33.84536,-14.59832],[33.84536,-14.59844]]},"properties":{"id":24414248,"cls":"unclassified","hw":"unclassified","tg":"na","name":"","ref":"","surface":"unpaved","sc":"unpaved","speed":null,"lit":"unk","km":6.607}},
{"type":"Feature","geometry":{"type":"LineString","coordinates":[[33.83808,-14.52809],[33.83822,-14.52812],[33.83832,-14.52813],[33.83836,-14.52814],[33.83841,-14.52815],[33.83849,-14.52816],[33.83859,-14.5282],[33.83867,-14.52821],[33.83871,-14.52823],[33.83875,-14.52824],[33.83877,-14.52827],[33.83881,-14.52831],[33.83885,-14.52835],[33.83889,-14.52838],[33.83894,-14.52842],[33.83899,-14.52845],[33.83911,-14.52853],[33.8392,-14.52858],[33.83928,-14.52863],[33.83936,-14.52868],[33.83944,-14.52872],[33.83958,-14.52879],[33.83965,-14.52883],[33.83971,-14.52886],[33.83979,-14.52891],[33.83991,-14.529],[33.84,-14.52906],[33.84007,-14.52911],[33.84014,-14.52916],[33.84027,-14.52924],[33.84041,-14.52933],[33.8405,-14.52939],[33.84057,-14.52944],[33.84062,-14.52948],[33.84067,-14.52952],[33.84073,-14.52954],[33.84078,-14.52956],[33.84083,-14.52958],[33.84087,-14.52959],[33.84095,-14.52961],[33.84104,-14.52965],[33.84116,-14.52969],[33.84127,-14.52972],[33.84133,-14.52974],[33.84138,-14.52977],[33.84144,-14.52979],[33.8415,-14.52983],[33.84156,-14.52986],[33.84163,-14.52992],[33.8417,-14.52996],[33.84177,-14.53001],[33.84183,-14.53007],[33.84195,-14.53018],[33.84201,-14.53022],[33.84207,-14.53024],[33.84215,-14.53027],[33.84222,-14.53031],[33.84233,-14.53041],[33.84246,-14.53051],[33.84261,-14.53063],[33.8427,-14.5307],[33.84274,-14.53074],[33.84279,-14.53078],[33.84284,-14.5308],[33.84289,-14.53082],[33.84295,-14.53085],[33.84301,-14.53089],[33.84308,-14.53093],[33.8432,-14.53102],[33.84331,-14.53112],[33.84338,-14.53117],[33.84344,-14.53121],[33.84354,-14.53129],[33.84362,-14.53135],[33.84369,-14.5314],[33.84374,-14.53143],[33.84378,-14.53145],[33.84383,-14.53148],[33.84391,-14.53153],[33.844,-14.53156],[33.84411,-14.53159],[33.84426,-14.53166],[33.84441,-14.53172],[33.84451,-14.53176],[33.84458,-14.53179],[33.84466,-14.53183],[33.84472,-14.53187],[33.84477,-14.53191],[33.84482,-14.53196],[33.84489,-14.53205],[33.84499,-14.53215],[33.84509,-14.53225],[33.84522,-14.53237],[33.84536,-14.5325],[33.84546,-14.53261],[33.84561,-14.53274],[33.84578,-14.53285],[33.84604,-14.53302],[33.84631,-14.53319],[33.84657,-14.53336],[33.84678,-14.5335],[33.84693,-14.53359],[33.84711,-14.53371],[33.84727,-14.53384],[33.84739,-14.53396],[33.84755,-14.5341],[33.84775,-14.53426],[33.8479,-14.53438],[33.84805,-14.5345],[33.84816,-14.5346],[33.84825,-14.53467],[33.84847,-14.53484],[33.84864,-14.53498],[33.84877,-14.53509],[33.84892,-14.53521],[33.84904,-14.53531],[33.84918,-14.53539],[33.84925,-14.53545],[33.84935,-14.53553],[33.84944,-14.5356],[33.84953,-14.53566],[33.84964,-14.53573],[33.84976,-14.53579],[33.84989,-14.53587],[33.85008,-14.53598],[33.85021,-14.53606],[33.85041,-14.53619],[33.85072,-14.53636],[33.85089,-14.53646],[33.85097,-14.53652],[33.85106,-14.5366],[33.8512,-14.53675],[33.85136,-14.53693],[33.85141,-14.53702],[33.85147,-14.5371],[33.85154,-14.53715],[33.85168,-14.53723],[33.85189,-14.53737],[33.85207,-14.53748],[33.85217,-14.53756],[33.85225,-14.53764],[33.85235,-14.53775],[33.85255,-14.53793],[33.85266,-14.53804],[33.8528,-14.53819],[33.85289,-14.53829],[33.85301,-14.5384],[33.85317,-14.53856],[33.8533,-14.53869],[33.85339,-14.5388],[33.85348,-14.53893],[33.85365,-14.53918],[33.85386,-14.5394],[33.85417,-14.53963],[33.85436,-14.53977],[33.85449,-14.5399],[33.8547,-14.5401],[33.85482,-14.54023],[33.85491,-14.54041],[33.85499,-14.54058],[33.85511,-14.54081],[33.85519,-14.54098],[33.85521,-14.54106],[33.85522,-14.5412],[33.85526,-14.54135],[33.85533,-14.54147],[33.85544,-14.54162],[33.85564,-14.54185],[33.85571,-14.54194],[33.85576,-14.54204],[33.85581,-14.54218],[33.85587,-14.54232],[33.85596,-14.54247],[33.8563,-14.54292],[33.85646,-14.54311],[33.85655,-14.54322],[33.85659,-14.5433],[33.85663,-14.54338],[33.85667,-14.54346],[33.85668,-14.54349],[33.85671,-14.54354],[33.85675,-14.54365],[33.85675,-14.54373],[33.85678,-14.54383],[33.85685,-14.54398],[33.85693,-14.54412],[33.857,-14.54426],[33.85706,-14.5444],[33.85712,-14.54454]]},"properties":{"id":297174500,"cls":"unclassified","hw":"unclassified","tg":"na","name":"","ref":"","surface":"unpaved","sc":"unpaved","speed":null,"lit":"unk","km":2.829}},
{"type":"Feature","geometry":{"type":"LineString","coordinates":[[33.77076,-14.64415],[33.77083,-14.64357],[33.77102,-14.64267],[33.77107,-14.64176],[33.77099,-14.64132],[33.77055,-14.64],[33.76995,-14.63886],[33.76889,-14.6376],[33.76722,-14.63607],[33.7661,-14.63385],[33.76583,-14.6318],[33.76548,-14.63089],[33.76504,-14.63053],[33.76412,-14.62978],[33.76387,-14.62958],[33.7621,-14.62858],[33.76067,-14.62749],[33.76011,-14.62667],[33.75872,-14.62488],[33.75853,-14.62405],[33.75788,-14.62231],[33.75796,-14.62147],[33.75735,-14.6199],[33.75727,-14.6194],[33.75687,-14.61831],[33.75674,-14.61756],[33.7566,-14.61678],[33.75658,-14.61667],[33.75673,-14.61653],[33.75678,-14.61646],[33.75683,-14.61636],[33.75686,-14.61623],[33.75683,-14.61603],[33.75678,-14.61591],[33.75644,-14.61553],[33.75597,-14.61423],[33.75593,-14.6132],[33.756,-14.61259],[33.75597,-14.61218],[33.75553,-14.61057],[33.75546,-14.61033],[33.75554,-14.60994],[33.756,-14.60939],[33.75608,-14.60921],[33.75605,-14.60884],[33.7561,-14.60806],[33.75607,-14.60801],[33.756,-14.60793],[33.75465,-14.60736],[33.7537,-14.60672],[33.7524,-14.60555],[33.75178,-14.6053],[33.75091,-14.60513],[33.75025,-14.60486],[33.74979,-14.60457],[33.74965,-14.60447],[33.74911,-14.60406],[33.74834,-14.60323],[33.74763,-14.60247],[33.74687,-14.6021],[33.74385,-14.60092],[33.74302,-14.6002],[33.74271,-14.59998],[33.74258,-14.59987],[33.74234,-14.59966],[33.74209,-14.59943],[33.74173,-14.59909],[33.7416,-14.59896],[33.74144,-14.59878],[33.74134,-14.59865],[33.7412,-14.59839],[33.74095,-14.59799],[33.74086,-14.59784],[33.74079,-14.5977],[33.74077,-14.59759],[33.74075,-14.59741],[33.74075,-14.59727],[33.74077,-14.59714],[33.74082,-14.59702],[33.74082,-14.59686],[33.74079,-14.59656],[33.74078,-14.59637],[33.74078,-14.59618],[33.74077,-14.5961],[33.74074,-14.59597],[33.74073,-14.59567],[33.74075,-14.59536],[33.74081,-14.59504],[33.74082,-14.59484],[33.74082,-14.59471],[33.74077,-14.59441],[33.74076,-14.59428],[33.74077,-14.59409],[33.74079,-14.59386],[33.7408,-14.59371],[33.7408,-14.59351],[33.74079,-14.59336],[33.74072,-14.59271],[33.74072,-14.59257],[33.74074,-14.59243],[33.74081,-14.59228],[33.74096,-14.59196],[33.74104,-14.59173],[33.74107,-14.59161],[33.74108,-14.59152],[33.74106,-14.59125],[33.74106,-14.59098],[33.74108,-14.59062],[33.74111,-14.59005],[33.7411,-14.58983],[33.74113,-14.58955],[33.74112,-14.58944],[33.74109,-14.58936],[33.74104,-14.58925],[33.74093,-14.58899],[33.74087,-14.58878],[33.74076,-14.58859],[33.74064,-14.58836],[33.74054,-14.58813],[33.74044,-14.58784],[33.74037,-14.58763],[33.74033,-14.58744],[33.7403,-14.58719],[33.74027,-14.58696],[33.74023,-14.58676],[33.74016,-14.58651],[33.74005,-14.58615],[33.73998,-14.58584],[33.73994,-14.58561],[33.73985,-14.58528],[33.73977,-14.58487],[33.73973,-14.58456],[33.73969,-14.58425],[33.7397,-14.58402],[33.7397,-14.58388],[33.73967,-14.58371],[33.73957,-14.58346],[33.7395,-14.58319],[33.73947,-14.58296],[33.73945,-14.58272],[33.73944,-14.58237],[33.73942,-14.58206],[33.73941,-14.5818],[33.73939,-14.58158],[33.73932,-14.58123],[33.73929,-14.58096],[33.73922,-14.58069],[33.73919,-14.58044],[33.73917,-14.58012],[33.73915,-14.57996],[33.73911,-14.57976],[33.73905,-14.57954],[33.73898,-14.57933],[33.73888,-14.57909],[33.7388,-14.5789],[33.73873,-14.57878],[33.73858,-14.57853],[33.73848,-14.57838],[33.73841,-14.5782],[33.73836,-14.57799],[33.73822,-14.57769],[33.73808,-14.57747],[33.73798,-14.57725],[33.73791,-14.57709],[33.73782,-14.57689],[33.73775,-14.57672],[33.73757,-14.57607],[33.73745,-14.5756],[33.73733,-14.57517],[33.7372,-14.57484],[33.73715,-14.5746],[33.7371,-14.57447],[33.73689,-14.57403],[33.73676,-14.57383],[33.73663,-14.57363],[33.73652,-14.57351],[33.73642,-14.57342],[33.73628,-14.57332],[33.73609,-14.57321],[33.73587,-14.57309],[33.73565,-14.57297],[33.73538,-14.57281],[33.73495,-14.57259],[33.73463,-14.5724],[33.73449,-14.57234],[33.7343,-14.57228],[33.73409,-14.57222],[33.73357,-14.57208],[33.73347,-14.57204],[33.73337,-14.57199],[33.73291,-14.57173],[33.73273,-14.57161],[33.73262,-14.57152],[33.73243,-14.57131],[33.73206,-14.57093],[33.73198,-14.57085],[33.73185,-14.57068],[33.7317,-14.57048],[33.73138,-14.57006],[33.73101,-14.56956],[33.73075,-14.5692],[33.73064,-14.56903],[33.7305,-14.56884],[33.73042,-14.56871],[33.73021,-14.56838],[33.73008,-14.56818],[33.73001,-14.56808],[33.72994,-14.56801],[33.72976,-14.56786],[33.72961,-14.56774],[33.72933,-14.56754],[33.7291,-14.56736],[33.72886,-14.56715],[33.7286,-14.56691],[33.72841,-14.5667],[33.72833,-14.56662],[33.72826,-14.56652],[33.72805,-14.56621],[33.72792,-14.56603],[33.72777,-14.56584],[33.72754,-14.56556],[33.72737,-14.56543],[33.72727,-14.56537],[33.72718,-14.56532],[33.72694,-14.56523],[33.72651,-14.56499],[33.72629,-14.56487],[33.72593,-14.56468],[33.72549,-14.56444],[33.72528,-14.56434],[33.72506,-14.56423],[33.72465,-14.56401],[33.72448,-14.56393],[33.72431,-14.56387],[33.72418,-14.56383],[33.72405,-14.56378],[33.7239,-14.56376],[33.7237,-14.56375],[33.72351,-14.56377],[33.7232,-14.56382],[33.72305,-14.56384],[33.72288,-14.56386],[33.72262,-14.56388],[33.72245,-14.56391],[33.72215,-14.56397],[33.72186,-14.56405],[33.72156,-14.5641],[33.72128,-14.56416],[33.72077,-14.56425],[33.7206,-14.56427],[33.72036,-14.56429],[33.72014,-14.5643],[33.72004,-14.5643],[33.71989,-14.56428],[33.71977,-14.56428],[33.71938,-14.5643],[33.71928,-14.56429],[33.71921,-14.56429],[33.71876,-14.56418],[33.71863,-14.56417],[33.7185,-14.56419],[33.71837,-14.56426],[33.71818,-14.56438],[33.71804,-14.56446],[33.71791,-14.56456],[33.71782,-14.56465],[33.71775,-14.56476]]},"properties":{"id":380893800,"cls":"unclassified","hw":"unclassified","tg":"na","name":"","ref":"","surface":"unpaved","sc":"unpaved","speed":null,"lit":"unk","km":11.955}},
{"type":"Feature","geometry":{"type":"LineString","coordinates":[[33.72405,-14.56378],[33.72395,-14.56371],[33.72383,-14.56365],[33.72371,-14.5636],[33.72356,-14.56354],[33.72347,-14.56348],[33.72341,-14.56344],[33.72337,-14.56339],[33.72334,-14.56333],[33.7233,-14.56324],[33.72327,-14.56316],[33.72321,-14.56308],[33.72315,-14.56303],[33.72302,-14.56293],[33.72288,-14.5628],[33.72278,-14.56274],[33.72274,-14.56271],[33.7226,-14.56261],[33.72255,-14.56258],[33.72241,-14.56247],[33.72231,-14.5624],[33.72221,-14.56235],[33.72205,-14.5623],[33.72186,-14.56225],[33.72174,-14.5622],[33.72161,-14.56217],[33.72145,-14.56214],[33.72128,-14.56212],[33.72113,-14.56209],[33.72098,-14.56205],[33.72079,-14.56196],[33.72069,-14.56191],[33.72055,-14.56186],[33.72043,-14.56184],[33.72032,-14.56183],[33.72022,-14.56181],[33.72011,-14.56175],[33.72004,-14.56171],[33.71996,-14.56164],[33.71987,-14.56152],[33.71976,-14.56137],[33.71966,-14.56119],[33.71957,-14.561],[33.71946,-14.56084],[33.71934,-14.56067],[33.71926,-14.56053],[33.71918,-14.56031],[33.71913,-14.56016],[33.71909,-14.56005],[33.71903,-14.55994],[33.7189,-14.55969],[33.71883,-14.55952],[33.71874,-14.55932],[33.71868,-14.55919],[33.71854,-14.55896],[33.71847,-14.55884],[33.71841,-14.55872],[33.71838,-14.55862],[33.71832,-14.5585],[33.71827,-14.55839],[33.7182,-14.55826],[33.71816,-14.55815],[33.71813,-14.55803],[33.7181,-14.55794],[33.71806,-14.55784],[33.71798,-14.55773],[33.7179,-14.55759],[33.71784,-14.55749],[33.71775,-14.55731],[33.71765,-14.55711],[33.71754,-14.55689],[33.71744,-14.55669],[33.71721,-14.55623]]},"properties":{"id":380893811,"cls":"unclassified","hw":"unclassified","tg":"na","name":"","ref":"","surface":"","sc":"unknown","speed":null,"lit":"unk","km":1.191}},
{"type":"Feature","geometry":{"type":"LineString","coordinates":[[33.76334,-14.54967],[33.76335,-14.54971],[33.76338,-14.54974],[33.7634,-14.54975],[33.76342,-14.54976],[33.76345,-14.54976],[33.76346,-14.54976],[33.76348,-14.54976],[33.76349,-14.54975],[33.7635,-14.54974],[33.76351,-14.54972],[33.76352,-14.54971],[33.76353,-14.54968],[33.76354,-14.54966],[33.76355,-14.54963],[33.76355,-14.5496],[33.76356,-14.54958],[33.76356,-14.54956],[33.76356,-14.54953],[33.76357,-14.5495],[33.76358,-14.54948],[33.76359,-14.54947],[33.76361,-14.54944],[33.76362,-14.54942],[33.76364,-14.54941],[33.76366,-14.54941],[33.76368,-14.5494],[33.76371,-14.5494],[33.76374,-14.5494],[33.76376,-14.5494],[33.76378,-14.5494],[33.7638,-14.5494],[33.76382,-14.5494],[33.76384,-14.5494],[33.76386,-14.54939],[33.76389,-14.54938],[33.76392,-14.54936],[33.76395,-14.54933],[33.76398,-14.54931],[33.764,-14.54931],[33.76404,-14.5493],[33.76408,-14.54928],[33.76411,-14.54928],[33.76413,-14.54927],[33.76415,-14.54926],[33.76416,-14.54926],[33.76419,-14.54926],[33.76433,-14.54926],[33.76448,-14.54926],[33.76465,-14.54927],[33.76478,-14.54928],[33.76484,-14.54928],[33.76488,-14.54928],[33.76495,-14.5493],[33.76501,-14.54931],[33.76509,-14.54932],[33.76522,-14.54932],[33.76537,-14.54931],[33.76546,-14.5493],[33.76551,-14.5493],[33.76554,-14.54928],[33.7656,-14.54926],[33.76566,-14.54923],[33.76571,-14.54919],[33.76575,-14.54916],[33.76579,-14.54912],[33.76582,-14.54909],[33.76585,-14.54905],[33.76588,-14.549],[33.76592,-14.54897],[33.76596,-14.54893],[33.766,-14.5489],[33.76602,-14.54889],[33.76603,-14.54889],[33.76605,-14.54888],[33.76608,-14.54887],[33.76609,-14.54886],[33.76613,-14.54885],[33.76616,-14.54883],[33.76619,-14.54882],[33.76622,-14.54882],[33.7663,-14.54881],[33.76636,-14.5488],[33.76641,-14.54879],[33.76647,-14.54877],[33.76651,-14.54876],[33.76653,-14.54876],[33.76656,-14.54875],[33.76659,-14.54873],[33.76664,-14.5487],[33.76671,-14.54867],[33.76678,-14.54863],[33.76685,-14.54859],[33.76689,-14.54857],[33.76692,-14.54855],[33.767,-14.54849],[33.76713,-14.54842],[33.76722,-14.54838],[33.76734,-14.54834],[33.76748,-14.54828],[33.76752,-14.54825],[33.76754,-14.54823],[33.76755,-14.54821],[33.76757,-14.54818],[33.76759,-14.54814],[33.76762,-14.54809],[33.76764,-14.54804],[33.76767,-14.54801],[33.76775,-14.54794],[33.7678,-14.54788],[33.76786,-14.54781],[33.7679,-14.54776],[33.76793,-14.54772],[33.76794,-14.54771],[33.76794,-14.54769],[33.76795,-14.54768],[33.76796,-14.54766],[33.76796,-14.54764],[33.76797,-14.54761],[33.76799,-14.54754],[33.76801,-14.54746],[33.76803,-14.54742],[33.76805,-14.54738],[33.76808,-14.54732],[33.7681,-14.54726],[33.76811,-14.54722],[33.76812,-14.54718],[33.76812,-14.54712],[33.76813,-14.54707],[33.76815,-14.54704],[33.76816,-14.54701],[33.76818,-14.54697],[33.7682,-14.54692],[33.76823,-14.54686],[33.76825,-14.54681],[33.76827,-14.54674],[33.7683,-14.54667],[33.76831,-14.54664],[33.76831,-14.54661],[33.76832,-14.54657],[33.76832,-14.54655],[33.76833,-14.54651],[33.76833,-14.54646],[33.76834,-14.54643],[33.76835,-14.54639],[33.76837,-14.54634],[33.76838,-14.54631],[33.76838,-14.54628],[33.76838,-14.54624],[33.76838,-14.54621],[33.76838,-14.54616],[33.76838,-14.54613],[33.76838,-14.5461],[33.76838,-14.54607],[33.76839,-14.54598],[33.7684,-14.54591],[33.7684,-14.54589],[33.76839,-14.54587],[33.76838,-14.54583],[33.76836,-14.54576],[33.76833,-14.54569],[33.76831,-14.54562],[33.76828,-14.54555],[33.76826,-14.54548],[33.76825,-14.54545],[33.76825,-14.54542],[33.76824,-14.54537],[33.76824,-14.54533],[33.76823,-14.54529],[33.76822,-14.5452],[33.7682,-14.54514],[33.76818,-14.54511],[33.76817,-14.54507],[33.76817,-14.54504],[33.76815,-14.54498],[33.76814,-14.54493],[33.76812,-14.54485],[33.76809,-14.54477],[33.76804,-14.54464],[33.76798,-14.54449],[33.76795,-14.54442],[33.76792,-14.54436],[33.76784,-14.5442],[33.76781,-14.54413],[33.76779,-14.54409],[33.76777,-14.54405],[33.76776,-14.54401],[33.76773,-14.54392],[33.76769,-14.54378],[33.76762,-14.54357],[33.7676,-14.54352],[33.7676,-14.54349],[33.76759,-14.54345],[33.76759,-14.54341],[33.76758,-14.54338],[33.76756,-14.54333],[33.76752,-14.54324],[33.76746,-14.54308],[33.76739,-14.54292],[33.76735,-14.54281],[33.76734,-14.54277],[33.76727,-14.54261],[33.76724,-14.54256],[33.7672,-14.54249],[33.76715,-14.5424],[33.76711,-14.54233],[33.76707,-14.54225],[33.76704,-14.54217],[33.76701,-14.5421],[33.76699,-14.54204],[33.76699,-14.54202],[33.76698,-14.54199],[33.76698,-14.54197],[33.76697,-14.54195],[33.76695,-14.54194],[33.76692,-14.5419],[33.7669,-14.54186],[33.76688,-14.54183],[33.76686,-14.54178],[33.76685,-14.54173],[33.76684,-14.54169],[33.76684,-14.54166],[33.76684,-14.54161],[33.76685,-14.54155],[33.76685,-14.5415],[33.76683,-14.54144],[33.76682,-14.5414],[33.7668,-14.54137],[33.76677,-14.54132],[33.76675,-14.54126],[33.76673,-14.54121],[33.76668,-14.54105],[33.76657,-14.54076],[33.76657,-14.54074],[33.76657,-14.54072],[33.76658,-14.54068],[33.76659,-14.54066],[33.7666,-14.54061],[33.76661,-14.54057],[33.76662,-14.54052],[33.76661,-14.54048],[33.7666,-14.54044],[33.76659,-14.5404],[33.76658,-14.54035],[33.76656,-14.5403],[33.76654,-14.54025],[33.76652,-14.54021],[33.76651,-14.54017],[33.7665,-14.54014],[33.76648,-14.54009],[33.76647,-14.54003],[33.76645,-14.53999],[33.76644,-14.53995],[33.76644,-14.5399],[33.76644,-14.53987],[33.76645,-14.53984],[33.76645,-14.5398],[33.76646,-14.53975],[33.76646,-14.53973],[33.76646,-14.5397],[33.76646,-14.53966],[33.76646,-14.53957],[33.76646,-14.53944],[33.76645,-14.53933],[33.76644,-14.53925],[33.76644,-14.5392],[33.76643,-14.53914],[33.76642,-14.53905],[33.76642,-14.53896],[33.76642,-14.53892],[33.76642,-14.53889],[33.76643,-14.53884],[33.76644,-14.53881],[33.76646,-14.53878],[33.76648,-14.53874],[33.76649,-14.5387],[33.7665,-14.53867],[33.76657,-14.53853],[33.76662,-14.53844],[33.76664,-14.53839],[33.76666,-14.53834],[33.76668,-14.53829],[33.7667,-14.53824],[33.76672,-14.5382],[33.76674,-14.53815],[33.76675,-14.53813],[33.76676,-14.53812],[33.76676,-14.53809],[33.76678,-14.53804],[33.76679,-14.53801],[33.76681,-14.53797],[33.76683,-14.53794],[33.76685,-14.5379],[33.76686,-14.53787],[33.76691,-14.53777],[33.76693,-14.5377],[33.76695,-14.53764],[33.76696,-14.53759],[33.76696,-14.53755],[33.76697,-14.53751],[33.76698,-14.53747],[33.76702,-14.53732],[33.76709,-14.53713],[33.76717,-14.53691],[33.76719,-14.53688],[33.76721,-14.53685],[33.76724,-14.53681],[33.76726,-14.53678],[33.76729,-14.53672],[33.76731,-14.53666],[33.76733,-14.53658],[33.76735,-14.53655],[33.76736,-14.53653],[33.76739,-14.53648],[33.76743,-14.53644],[33.76746,-14.53641],[33.76749,-14.53638],[33.76758,-14.53627],[33.76768,-14.53614],[33.76778,-14.53604],[33.76786,-14.53596],[33.76793,-14.53589],[33.76799,-14.53584],[33.76809,-14.53576],[33.76824,-14.53564],[33.76829,-14.53558],[33.76835,-14.53553],[33.76838,-14.53548],[33.7684,-14.53544],[33.76842,-14.53539],[33.76843,-14.53535],[33.76844,-14.5353],[33.76843,-14.53525],[33.76843,-14.53521],[33.76842,-14.53516],[33.76841,-14.53509],[33.76841,-14.53504],[33.76841,-14.53499],[33.76842,-14.53491],[33.76845,-14.53481],[33.76848,-14.53473],[33.7685,-14.53468],[33.76853,-14.53462],[33.76857,-14.53458],[33.76862,-14.5345],[33.76873,-14.53435],[33.76882,-14.53422],[33.76891,-14.53413],[33.76899,-14.53404],[33.76905,-14.53399],[33.76913,-14.53392],[33.7692,-14.53388],[33.76929,-14.53383],[33.76937,-14.53378],[33.76952,-14.53371],[33.76963,-14.53365],[33.76987,-14.53355],[33.76996,-14.5335],[33.77006,-14.53345],[33.77013,-14.53342],[33.77019,-14.53339],[33.77025,-14.53334],[33.77033,-14.53328],[33.7704,-14.53323],[33.77045,-14.53319],[33.77049,-14.53314],[33.77051,-14.53311],[33.77056,-14.53305],[33.77057,-14.53301],[33.77059,-14.53298],[33.7706,-14.53292],[33.77062,-14.53287],[33.77063,-14.53281],[33.77064,-14.53276],[33.77065,-14.5327],[33.77065,-14.53263],[33.77064,-14.53251],[33.77064,-14.53242],[33.77064,-14.53235],[33.77064,-14.53233],[33.77065,-14.53231],[33.77065,-14.53229],[33.77067,-14.53225],[33.7707,-14.5322],[33.77074,-14.53212],[33.77079,-14.53202],[33.7708,-14.53199],[33.7708,-14.53197],[33.7708,-14.53193],[33.7708,-14.53187],[33.77081,-14.5318],[33.77082,-14.53172],[33.77083,-14.53165],[33.77084,-14.53159],[33.77085,-14.5315],[33.77085,-14.53142],[33.77085,-14.53138],[33.77087,-14.53134],[33.77089,-14.53131],[33.77093,-14.53127],[33.77098,-14.53123]]},"properties":{"id":380895732,"cls":"unclassified","hw":"unclassified","tg":"na","name":"","ref":"","surface":"unpaved","sc":"unpaved","speed":null,"lit":"unk","km":2.676}},
{"type":"Feature","geometry":{"type":"LineString","coordinates":[[33.8013,-14.55253],[33.80117,-14.55283],[33.80107,-14.55305],[33.80094,-14.55334],[33.80089,-14.55344],[33.80084,-14.55354],[33.80071,-14.55372],[33.80051,-14.55399],[33.80039,-14.55413],[33.80025,-14.55429],[33.80014,-14.55442],[33.80006,-14.55451],[33.79993,-14.55463],[33.79972,-14.55483],[33.79963,-14.55491],[33.79954,-14.555],[33.79948,-14.55504],[33.79942,-14.55509],[33.79935,-14.55515],[33.79927,-14.5552],[33.79917,-14.55526],[33.79902,-14.55534],[33.79892,-14.55541],[33.79883,-14.55548],[33.79873,-14.55555],[33.79857,-14.55566],[33.79852,-14.5557],[33.79847,-14.55574],[33.7984,-14.55583],[33.79827,-14.556],[33.79812,-14.55621],[33.79808,-14.5563],[33.79802,-14.5564],[33.79799,-14.55647],[33.79796,-14.55657],[33.79792,-14.55672],[33.79777,-14.5572],[33.79776,-14.55727],[33.79774,-14.55736],[33.79773,-14.55744],[33.79773,-14.55752],[33.79771,-14.55777],[33.79771,-14.55787],[33.79769,-14.55795],[33.79766,-14.55806],[33.79761,-14.55824],[33.79756,-14.55843],[33.79748,-14.55874],[33.7974,-14.55903],[33.79739,-14.55911],[33.79739,-14.55919],[33.79739,-14.55923],[33.79739,-14.55929],[33.7974,-14.55934],[33.79741,-14.55938],[33.79743,-14.55944],[33.79745,-14.55952],[33.79748,-14.55966],[33.7975,-14.55972],[33.7975,-14.55979],[33.79751,-14.55989],[33.79751,-14.56002],[33.79752,-14.5602],[33.79753,-14.5603],[33.79754,-14.56039],[33.79756,-14.56047],[33.79759,-14.56055],[33.79768,-14.56077],[33.79769,-14.56082],[33.79771,-14.56087],[33.79771,-14.56093],[33.7977,-14.56098],[33.79769,-14.56103],[33.79766,-14.56118],[33.7976,-14.56144],[33.79755,-14.56158],[33.79752,-14.56168],[33.79745,-14.56173],[33.7974,-14.56176],[33.79734,-14.56178],[33.7973,-14.5618],[33.79714,-14.56182],[33.79602,-14.56199],[33.79582,-14.56202],[33.79559,-14.56205],[33.79544,-14.56207],[33.79531,-14.56208],[33.79518,-14.56209],[33.79501,-14.56209],[33.79481,-14.56209],[33.79471,-14.56208],[33.79463,-14.56209],[33.79455,-14.5621],[33.79432,-14.56217],[33.79409,-14.56222],[33.79395,-14.56225],[33.79388,-14.56226],[33.79381,-14.56228],[33.79366,-14.56234],[33.79355,-14.56239],[33.79344,-14.56242],[33.79329,-14.56246],[33.79323,-14.56248],[33.79315,-14.56251],[33.79307,-14.56257],[33.79295,-14.56264],[33.79279,-14.56274],[33.79269,-14.56281],[33.79257,-14.5629],[33.79246,-14.56297],[33.79231,-14.56305],[33.79218,-14.56313],[33.79203,-14.56323],[33.79191,-14.5633],[33.79171,-14.5634],[33.79152,-14.56349],[33.79142,-14.56355],[33.79128,-14.56364],[33.79106,-14.5638],[33.79081,-14.56396],[33.79064,-14.56406],[33.79045,-14.56421],[33.79032,-14.56431],[33.79023,-14.56437],[33.79014,-14.56442],[33.7898,-14.56457],[33.78972,-14.56461],[33.78966,-14.56466],[33.7896,-14.56473],[33.78952,-14.5649],[33.78944,-14.56505],[33.78939,-14.56516],[33.78936,-14.56525],[33.78935,-14.56538],[33.78933,-14.56552],[33.78932,-14.56573],[33.78931,-14.56609],[33.78931,-14.56616],[33.78931,-14.56621],[33.78932,-14.56627],[33.78934,-14.56638],[33.78936,-14.56648],[33.78937,-14.56657],[33.7894,-14.56682],[33.78944,-14.56709],[33.78947,-14.56735],[33.78948,-14.56751],[33.78949,-14.56765],[33.78948,-14.56775],[33.78947,-14.56783],[33.78946,-14.56791],[33.78943,-14.56803],[33.78936,-14.56829],[33.7893,-14.56851],[33.78927,-14.56861],[33.78923,-14.56871],[33.78917,-14.56882],[33.78911,-14.56891],[33.78897,-14.56909],[33.78888,-14.56919],[33.78881,-14.56928],[33.78873,-14.5694],[33.7885,-14.56973],[33.78845,-14.56981],[33.78839,-14.56991],[33.78836,-14.56996],[33.78833,-14.57002],[33.78829,-14.57014],[33.78823,-14.5703],[33.78818,-14.57042],[33.7881,-14.57059],[33.78803,-14.57074],[33.78792,-14.57096],[33.78786,-14.57108],[33.78784,-14.57111],[33.78782,-14.57114],[33.78778,-14.57118],[33.78772,-14.57125],[33.7876,-14.57135],[33.7874,-14.57154],[33.78712,-14.5718],[33.78698,-14.57191],[33.78678,-14.57208],[33.78662,-14.57221],[33.78653,-14.57229],[33.78643,-14.57239],[33.78637,-14.57246],[33.78632,-14.57252],[33.78627,-14.57261],[33.78611,-14.57289],[33.7859,-14.57326],[33.78566,-14.57363],[33.78535,-14.57411]]},"properties":{"id":380896651,"cls":"unclassified","hw":"unclassified","tg":"na","name":"","ref":"","surface":"unpaved","sc":"unpaved","speed":null,"lit":"unk","km":3.305}},
{"type":"Feature","geometry":{"type":"LineString","coordinates":[[33.72597,-14.51058],[33.72654,-14.51015],[33.72678,-14.51],[33.72701,-14.50986],[33.72753,-14.50966],[33.72803,-14.50946],[33.72843,-14.50946],[33.72862,-14.50949],[33.72909,-14.50945],[33.72943,-14.50939],[33.72994,-14.50928],[33.73053,-14.50905],[33.73059,-14.50884],[33.73065,-14.50858],[33.73081,-14.50814],[33.73097,-14.50783],[33.73099,-14.50779],[33.73105,-14.50765],[33.73112,-14.50753],[33.73119,-14.50739],[33.73137,-14.50696],[33.73141,-14.50691],[33.73164,-14.50654],[33.73168,-14.50639],[33.73169,-14.50619],[33.7318,-14.5059],[33.73185,-14.50576],[33.73183,-14.50565],[33.73178,-14.50545]]},"properties":{"id":381743368,"cls":"unclassified","hw":"unclassified","tg":"na","name":"","ref":"","surface":"unpaved","sc":"unpaved","speed":null,"lit":"unk","km":0.964}},
{"type":"Feature","geometry":{"type":"LineString","coordinates":[[33.73494,-14.52185],[33.73496,-14.52176],[33.73505,-14.52155],[33.7351,-14.5214],[33.73519,-14.52121],[33.73529,-14.521],[33.73545,-14.52073],[33.73575,-14.52011],[33.73581,-14.51999],[33.73583,-14.51994],[33.73587,-14.51988],[33.73593,-14.51977],[33.736,-14.51962],[33.73609,-14.51947],[33.73622,-14.51924],[33.73627,-14.51914],[33.73636,-14.51894],[33.73648,-14.5187],[33.73655,-14.51854],[33.73659,-14.51846],[33.73661,-14.51838],[33.73663,-14.51829],[33.73665,-14.51819],[33.73667,-14.51805],[33.7367,-14.5179],[33.73671,-14.51785],[33.73671,-14.51778],[33.73672,-14.51772],[33.73672,-14.51767],[33.73673,-14.51762],[33.73679,-14.51736],[33.73681,-14.51723],[33.73683,-14.51714],[33.73686,-14.51705],[33.73687,-14.51698],[33.73687,-14.51693],[33.73687,-14.51685],[33.73687,-14.51679],[33.73687,-14.51674],[33.73689,-14.51665],[33.73692,-14.51655],[33.73695,-14.51645],[33.73697,-14.51639],[33.73699,-14.51627],[33.73701,-14.51609],[33.73702,-14.516],[33.73703,-14.5159],[33.73705,-14.51568],[33.73705,-14.51547],[33.73706,-14.51532],[33.73707,-14.51523],[33.73708,-14.51515],[33.73709,-14.51508],[33.7371,-14.51502],[33.7371,-14.51492],[33.73711,-14.51476],[33.73712,-14.51462],[33.73713,-14.5145],[33.73714,-14.51427],[33.73716,-14.51401],[33.73718,-14.51391],[33.73719,-14.51384],[33.7372,-14.51377],[33.7372,-14.51373],[33.73719,-14.51366],[33.73719,-14.51354],[33.73719,-14.51346],[33.73721,-14.51339],[33.73723,-14.51335],[33.73725,-14.5133],[33.73727,-14.51324],[33.73729,-14.51317],[33.7373,-14.51312],[33.73731,-14.5131],[33.73733,-14.51306],[33.73737,-14.51302],[33.73741,-14.51298],[33.73746,-14.51291],[33.73748,-14.51288],[33.73749,-14.51284],[33.7375,-14.51279],[33.7375,-14.51276],[33.7375,-14.51268],[33.73751,-14.51263],[33.73752,-14.5126],[33.73755,-14.51256],[33.7376,-14.51252],[33.73768,-14.51247],[33.73775,-14.51243],[33.73781,-14.51238],[33.73786,-14.51234],[33.73792,-14.51228],[33.738,-14.51218],[33.73808,-14.51207],[33.73818,-14.51193],[33.73824,-14.51187],[33.73826,-14.51181],[33.73827,-14.51177],[33.73826,-14.51157],[33.73826,-14.51144],[33.73826,-14.51135],[33.73826,-14.51129],[33.73826,-14.51125],[33.73826,-14.51116],[33.73828,-14.5111],[33.73829,-14.51103],[33.73829,-14.51095],[33.7383,-14.51087],[33.73832,-14.51081],[33.73833,-14.51075],[33.73834,-14.51067],[33.73835,-14.51051],[33.73835,-14.51045],[33.73835,-14.5104],[33.73836,-14.51034],[33.7384,-14.5102],[33.73844,-14.51007],[33.73846,-14.51001],[33.73849,-14.50996],[33.73852,-14.50991],[33.73856,-14.50975],[33.73858,-14.50966],[33.73859,-14.50961],[33.73861,-14.50955],[33.73865,-14.50933],[33.7387,-14.50912],[33.73876,-14.50892],[33.73879,-14.50879],[33.73882,-14.50866],[33.73884,-14.50855],[33.73887,-14.50835],[33.73888,-14.50819],[33.7389,-14.50801],[33.73892,-14.50784],[33.73895,-14.50774],[33.73897,-14.50761],[33.73898,-14.50748],[33.73901,-14.50725],[33.73902,-14.50717],[33.73904,-14.50709],[33.73906,-14.50701],[33.73907,-14.50694],[33.73908,-14.50687],[33.7391,-14.50677],[33.73912,-14.50666],[33.73914,-14.50658],[33.73915,-14.50643],[33.73917,-14.50631],[33.73918,-14.50621],[33.7392,-14.50611],[33.7392,-14.50605],[33.73921,-14.506],[33.73922,-14.50595],[33.73923,-14.50591],[33.73923,-14.50587],[33.73924,-14.50583],[33.73923,-14.50577],[33.73922,-14.50568],[33.7392,-14.50565],[33.7392,-14.50561],[33.73919,-14.50556],[33.7392,-14.50549],[33.73921,-14.50526],[33.73921,-14.50511],[33.73922,-14.50501],[33.73922,-14.50497],[33.73923,-14.50492],[33.73923,-14.50487],[33.73923,-14.50482],[33.73923,-14.50475],[33.73924,-14.50468],[33.73924,-14.50464],[33.73925,-14.50461],[33.73926,-14.50458],[33.73926,-14.50455],[33.73927,-14.50448],[33.73927,-14.50441],[33.73926,-14.50428],[33.73926,-14.50418],[33.73925,-14.50409],[33.73926,-14.50398],[33.73927,-14.5039],[33.73928,-14.50373],[33.73929,-14.50342],[33.7393,-14.50335],[33.73931,-14.50325],[33.73931,-14.50318],[33.73933,-14.5031],[33.73934,-14.50304],[33.73934,-14.50298],[33.73935,-14.50287],[33.73934,-14.5027],[33.73935,-14.50262],[33.73934,-14.50256],[33.73935,-14.50241],[33.73935,-14.50234],[33.73936,-14.50224],[33.73938,-14.50211],[33.73941,-14.502],[33.73945,-14.50191],[33.73949,-14.50184]]},"properties":{"id":381747611,"cls":"unclassified","hw":"unclassified","tg":"na","name":"","ref":"","surface":"unpaved","sc":"unpaved","speed":null,"lit":"unk","km":2.331}},
{"type":"Feature","geometry":{"type":"LineString","coordinates":[[33.73917,-14.501],[33.7394,-14.50064],[33.7396,-14.50034],[33.73973,-14.50014],[33.7399,-14.49983],[33.74002,-14.49961],[33.74013,-14.49942],[33.74018,-14.49931],[33.74023,-14.49912],[33.7403,-14.49878],[33.74031,-14.49875],[33.74036,-14.49851],[33.74044,-14.49816],[33.74055,-14.49762],[33.74061,-14.49738],[33.7407,-14.49694],[33.74087,-14.49625],[33.74099,-14.49574],[33.74104,-14.49545],[33.74106,-14.49536],[33.74114,-14.49501],[33.74123,-14.49463],[33.74137,-14.4941],[33.74149,-14.49361],[33.7416,-14.49315],[33.74175,-14.49263],[33.74189,-14.49207],[33.74191,-14.49202],[33.74203,-14.49159],[33.74208,-14.49135],[33.74214,-14.49113],[33.74221,-14.49075],[33.74229,-14.49035],[33.74235,-14.48995],[33.7424,-14.48969],[33.74244,-14.48942],[33.74247,-14.48918],[33.74241,-14.48874],[33.74237,-14.48842],[33.7423,-14.48799],[33.74223,-14.48759],[33.74221,-14.4873],[33.74219,-14.48695],[33.74217,-14.48633],[33.74217,-14.48601],[33.74216,-14.48578],[33.74212,-14.48557],[33.74204,-14.48534],[33.74192,-14.48497],[33.74177,-14.48456],[33.74159,-14.48404],[33.74147,-14.48372],[33.74138,-14.48348],[33.74131,-14.48319],[33.74123,-14.48282],[33.74112,-14.48237],[33.74105,-14.48204],[33.74095,-14.48161],[33.74086,-14.48124],[33.7408,-14.481]]},"properties":{"id":381750141,"cls":"unclassified","hw":"unclassified","tg":"na","name":"","ref":"","surface":"unpaved","sc":"unpaved","speed":null,"lit":"unk","km":2.304}},
{"type":"Feature","geometry":{"type":"LineString","coordinates":[[33.60888,-14.52781],[33.60865,-14.52757],[33.60854,-14.52744],[33.60846,-14.52734],[33.60832,-14.52718],[33.60822,-14.52707],[33.60816,-14.52701],[33.60812,-14.52695],[33.60808,-14.52687],[33.60807,-14.52682],[33.60807,-14.52673],[33.60804,-14.52649],[33.60802,-14.52635],[33.608,-14.52624],[33.60797,-14.52614],[33.60793,-14.52602],[33.60787,-14.52583],[33.60781,-14.52568],[33.60767,-14.52549],[33.60754,-14.52534],[33.60739,-14.52516],[33.60724,-14.52499],[33.60705,-14.52478],[33.60686,-14.52461],[33.60664,-14.52441],[33.60645,-14.52431],[33.6063,-14.52423],[33.60611,-14.52408],[33.60601,-14.52396],[33.6059,-14.52383],[33.60579,-14.52367],[33.60576,-14.52354],[33.6057,-14.52282],[33.60567,-14.52225],[33.60564,-14.52186],[33.60564,-14.52171],[33.60564,-14.52155],[33.60558,-14.52131],[33.60551,-14.52096],[33.60543,-14.52075],[33.60538,-14.52053],[33.60536,-14.52031],[33.60536,-14.52015],[33.60535,-14.51986],[33.60538,-14.51962],[33.60541,-14.51949],[33.60543,-14.51937],[33.60543,-14.51924],[33.60542,-14.51906],[33.60539,-14.51875],[33.60534,-14.51857],[33.60529,-14.51845],[33.60524,-14.51834],[33.60513,-14.51814],[33.60505,-14.51796],[33.60499,-14.51785],[33.60493,-14.51776],[33.60482,-14.51767],[33.60471,-14.51758],[33.60462,-14.51748],[33.60449,-14.51728],[33.60442,-14.51717],[33.60423,-14.51687],[33.60409,-14.51667],[33.60375,-14.51637],[33.60338,-14.51601],[33.60334,-14.51599],[33.60333,-14.51596],[33.60332,-14.51592],[33.60333,-14.51588],[33.60334,-14.5158],[33.60336,-14.51564],[33.60337,-14.51555],[33.60336,-14.5155],[33.60335,-14.51547],[33.60333,-14.51542],[33.60329,-14.51536],[33.60328,-14.51532],[33.60327,-14.51528],[33.60327,-14.51524],[33.60329,-14.51522],[33.60334,-14.51515],[33.60348,-14.51495],[33.60361,-14.51477],[33.60367,-14.51468],[33.60372,-14.51456],[33.60378,-14.51442],[33.60379,-14.51436],[33.60381,-14.5143],[33.60395,-14.51411],[33.60416,-14.51381],[33.60427,-14.51364],[33.60438,-14.5135],[33.60451,-14.51334],[33.60468,-14.51321],[33.6048,-14.51314],[33.60493,-14.51309],[33.60518,-14.51302],[33.60546,-14.51297],[33.60573,-14.51289],[33.60587,-14.5128],[33.60594,-14.51273],[33.60599,-14.51266],[33.60604,-14.51255],[33.60608,-14.51244],[33.6061,-14.51234],[33.60609,-14.51222],[33.60602,-14.51187],[33.60593,-14.51165],[33.60589,-14.5116],[33.60581,-14.51155],[33.6057,-14.51153],[33.60556,-14.51152],[33.60537,-14.51149],[33.60511,-14.51134],[33.60494,-14.51118],[33.60475,-14.51096],[33.60464,-14.51075],[33.60456,-14.5106],[33.60447,-14.5105],[33.60438,-14.51045],[33.60419,-14.51035],[33.60401,-14.51029],[33.60375,-14.51021],[33.60335,-14.5099],[33.60285,-14.50956]]},"properties":{"id":383102675,"cls":"residential","hw":"residential","tg":"na","name":"","ref":"","surface":"unpaved","sc":"unpaved","speed":null,"lit":"unk","km":2.58}},
{"type":"Feature","geometry":{"type":"LineString","coordinates":[[33.63234,-14.57607],[33.63234,-14.57597],[33.63233,-14.57589],[33.63233,-14.57576],[33.63233,-14.57564],[33.63231,-14.57538],[33.63227,-14.57513],[33.63224,-14.57493],[33.63212,-14.57408],[33.6321,-14.57377],[33.63202,-14.57312],[33.63197,-14.5727],[33.63196,-14.57256],[33.63194,-14.5724],[33.63194,-14.57227],[33.63193,-14.57219],[33.6319,-14.57215],[33.63182,-14.57207],[33.63168,-14.57193],[33.63156,-14.5718],[33.63149,-14.57172],[33.63145,-14.57164],[33.63139,-14.57155],[33.63131,-14.57145],[33.63119,-14.57132],[33.63116,-14.57126],[33.63113,-14.57119],[33.63108,-14.57114],[33.63103,-14.57108],[33.631,-14.57106],[33.63095,-14.57105],[33.63079,-14.57103],[33.63062,-14.57105],[33.63048,-14.57105],[33.63026,-14.57102],[33.63009,-14.57099],[33.62991,-14.57093],[33.62962,-14.5708],[33.62947,-14.5707],[33.62933,-14.57057],[33.62908,-14.57033],[33.62882,-14.57009],[33.62859,-14.56988],[33.6284,-14.56971],[33.62833,-14.56965],[33.62825,-14.56958],[33.62819,-14.56947],[33.62813,-14.56935],[33.628,-14.5691],[33.62783,-14.56877],[33.62769,-14.56853],[33.62741,-14.56815],[33.62712,-14.56766],[33.62686,-14.56717],[33.62667,-14.56676],[33.62643,-14.56616],[33.62635,-14.56603],[33.6261,-14.56576],[33.62601,-14.56564],[33.62594,-14.56551],[33.62571,-14.56511],[33.62548,-14.56452],[33.62535,-14.5641],[33.62532,-14.56385],[33.62524,-14.56345],[33.62519,-14.56308],[33.62512,-14.56257],[33.625,-14.56209],[33.62481,-14.56135],[33.62473,-14.56107],[33.62467,-14.5607],[33.62453,-14.55963],[33.6245,-14.55931],[33.62448,-14.55913],[33.62441,-14.55896],[33.62429,-14.55879],[33.62417,-14.55863],[33.62385,-14.55822],[33.62365,-14.55794],[33.62348,-14.5577],[33.62331,-14.5574],[33.6232,-14.5572],[33.62314,-14.5571],[33.62293,-14.55674],[33.62283,-14.5566],[33.62268,-14.55642],[33.62251,-14.55617],[33.62235,-14.55593],[33.62222,-14.55569],[33.62213,-14.55551],[33.62201,-14.55525],[33.62195,-14.55499],[33.62162,-14.55435],[33.6215,-14.55413],[33.62135,-14.55385],[33.62099,-14.55328],[33.62082,-14.55299],[33.6207,-14.55284],[33.62062,-14.55274],[33.62052,-14.55263],[33.62041,-14.55246],[33.6202,-14.552],[33.6201,-14.55183],[33.62001,-14.55147],[33.61994,-14.55119],[33.61987,-14.5509],[33.61974,-14.55062],[33.61948,-14.55024],[33.61912,-14.54968],[33.619,-14.5495],[33.61889,-14.5493],[33.61861,-14.54902],[33.61843,-14.54886],[33.6183,-14.54871],[33.61821,-14.54854],[33.6182,-14.5484],[33.61819,-14.54827],[33.61821,-14.54816],[33.61828,-14.54776],[33.61843,-14.54717],[33.61848,-14.54693],[33.61849,-14.54687],[33.61848,-14.54677],[33.61844,-14.54666],[33.61835,-14.54648],[33.61824,-14.54635],[33.61814,-14.54625],[33.61799,-14.54611],[33.61778,-14.54594],[33.61761,-14.54575],[33.61758,-14.54571],[33.61757,-14.54566],[33.61756,-14.54562],[33.61755,-14.54553],[33.61752,-14.54541],[33.61749,-14.54535],[33.61744,-14.54528],[33.61729,-14.54506],[33.61714,-14.54493],[33.61701,-14.54477],[33.61693,-14.54462],[33.61677,-14.54437],[33.61666,-14.54418],[33.61656,-14.54402],[33.61647,-14.54393],[33.6164,-14.54386],[33.61629,-14.54376],[33.61615,-14.54364],[33.61605,-14.54353],[33.61598,-14.54344],[33.61589,-14.54328],[33.61582,-14.54318],[33.61575,-14.54311],[33.61568,-14.54305],[33.61562,-14.54301],[33.61556,-14.54297],[33.61551,-14.54293],[33.61545,-14.54289],[33.61543,-14.54284],[33.61533,-14.54268],[33.61518,-14.54247],[33.61509,-14.54238],[33.61496,-14.5422],[33.61473,-14.54186],[33.6146,-14.5416],[33.61454,-14.54149],[33.61437,-14.54115],[33.61428,-14.54093],[33.61423,-14.54084],[33.61419,-14.54075],[33.61416,-14.54061],[33.61414,-14.54049],[33.61409,-14.54034],[33.61404,-14.5402],[33.61394,-14.54005],[33.61382,-14.53987],[33.6138,-14.53977],[33.61377,-14.5396],[33.61374,-14.53948],[33.61368,-14.53935],[33.61356,-14.53918],[33.61347,-14.53912],[33.61327,-14.53893],[33.61318,-14.5388],[33.61309,-14.53845],[33.61308,-14.5383],[33.61308,-14.53819],[33.61309,-14.53796],[33.61311,-14.53777],[33.61309,-14.5374],[33.61309,-14.5371],[33.61308,-14.53687],[33.6131,-14.53665],[33.6131,-14.53647],[33.61306,-14.5363],[33.61305,-14.53616],[33.61301,-14.53598],[33.61296,-14.5358],[33.61291,-14.53566],[33.61289,-14.53554],[33.61289,-14.53544],[33.61294,-14.53529],[33.61296,-14.53519],[33.61297,-14.53512],[33.61296,-14.53508],[33.61293,-14.53503],[33.61288,-14.53499],[33.61286,-14.53497],[33.6128,-14.53494],[33.61277,-14.53492],[33.61276,-14.5349],[33.61274,-14.53486],[33.61273,-14.53483],[33.61269,-14.53472],[33.61258,-14.53451],[33.61245,-14.53429],[33.61231,-14.53402],[33.61211,-14.53372],[33.61201,-14.53354],[33.61195,-14.53345],[33.61185,-14.53333],[33.61176,-14.53323],[33.61167,-14.53311],[33.61156,-14.53291],[33.61148,-14.53273],[33.61136,-14.53251],[33.61126,-14.53237],[33.61109,-14.53205],[33.61097,-14.53182],[33.61089,-14.53166],[33.61086,-14.53154],[33.61081,-14.53136],[33.61075,-14.53116],[33.61061,-14.53075],[33.61054,-14.53053],[33.61049,-14.53044],[33.61038,-14.53023],[33.61025,-14.52998],[33.61015,-14.52983],[33.61,-14.52967],[33.60976,-14.52944],[33.60952,-14.52924],[33.60947,-14.52918],[33.60945,-14.52912],[33.6094,-14.52892],[33.60935,-14.5287],[33.60928,-14.52844],[33.60922,-14.52826],[33.60919,-14.52817],[33.60904,-14.52797],[33.60888,-14.52781]]},"properties":{"id":393422386,"cls":"unclassified","hw":"unclassified","tg":"na","name":"","ref":"","surface":"unpaved","sc":"unpaved","speed":null,"lit":"unk","km":6.2}},
{"type":"Feature","geometry":{"type":"LineString","coordinates":[[33.68451,-14.51933],[33.68424,-14.51944],[33.6841,-14.51953],[33.68391,-14.51962],[33.68386,-14.51963],[33.68379,-14.51965],[33.68363,-14.51968],[33.68355,-14.5197],[33.68346,-14.51974],[33.68337,-14.5198],[33.68324,-14.51987],[33.68304,-14.51994],[33.68296,-14.51997],[33.68285,-14.52],[33.68271,-14.52005],[33.68257,-14.52012],[33.68245,-14.5202],[33.68228,-14.52033],[33.68212,-14.52044],[33.68184,-14.5206],[33.68173,-14.52064],[33.68168,-14.52066],[33.68156,-14.52073],[33.68145,-14.52081],[33.68139,-14.52086],[33.68132,-14.52092],[33.68127,-14.521],[33.68123,-14.52108],[33.68117,-14.52121],[33.68113,-14.52132],[33.68104,-14.52147],[33.68103,-14.5215],[33.68099,-14.52158],[33.68097,-14.52161],[33.68094,-14.52163],[33.6809,-14.52165],[33.68077,-14.52169],[33.68063,-14.52176],[33.68055,-14.52182],[33.68043,-14.5219],[33.68038,-14.52196],[33.68033,-14.52199],[33.6803,-14.52201],[33.68026,-14.52203],[33.68017,-14.52205],[33.68009,-14.52206],[33.67994,-14.52209],[33.67979,-14.52212],[33.67961,-14.52219],[33.67935,-14.52226],[33.67918,-14.52232],[33.67893,-14.52243],[33.67879,-14.52248],[33.67855,-14.52258],[33.67839,-14.52264],[33.6782,-14.52273],[33.67811,-14.52277],[33.67804,-14.52283],[33.67793,-14.52292],[33.67775,-14.52306],[33.67761,-14.52313],[33.67752,-14.5232],[33.67749,-14.52324],[33.67739,-14.5233],[33.67731,-14.52337],[33.67715,-14.52347],[33.67676,-14.52373],[33.67637,-14.52402],[33.67602,-14.52434],[33.67576,-14.52454],[33.6748,-14.52537],[33.6747,-14.52546],[33.67454,-14.52561],[33.67434,-14.52584],[33.67422,-14.52596],[33.67411,-14.52606],[33.67406,-14.52616],[33.674,-14.52634],[33.67396,-14.52649],[33.67392,-14.5266],[33.67378,-14.5268],[33.67369,-14.52687],[33.67363,-14.52694],[33.6736,-14.52699],[33.67359,-14.52706],[33.67359,-14.52711],[33.67358,-14.52722],[33.67357,-14.52729],[33.67354,-14.52736],[33.6735,-14.52742],[33.67346,-14.52749],[33.67339,-14.52757],[33.67331,-14.52765],[33.67323,-14.52776],[33.67313,-14.52794],[33.67308,-14.52803],[33.67304,-14.52813],[33.67301,-14.52824],[33.67298,-14.52834],[33.67294,-14.52845],[33.67289,-14.52853],[33.67282,-14.52864],[33.67267,-14.52881],[33.67261,-14.5289],[33.67259,-14.52898],[33.67257,-14.5291],[33.67256,-14.5292],[33.67255,-14.52925],[33.67251,-14.52936],[33.67243,-14.52947],[33.67234,-14.52956],[33.67226,-14.52965],[33.67222,-14.52969],[33.67214,-14.52979],[33.67206,-14.52991],[33.6719,-14.53017],[33.67171,-14.53051],[33.67164,-14.53065],[33.67162,-14.53069],[33.67152,-14.53093],[33.67136,-14.53135],[33.67122,-14.53174],[33.67103,-14.53224],[33.67079,-14.53282],[33.67053,-14.53354],[33.67006,-14.53498],[33.66976,-14.53561],[33.66951,-14.53624],[33.66945,-14.5364],[33.66935,-14.53676],[33.66929,-14.53711],[33.66929,-14.53756],[33.66927,-14.53797],[33.66925,-14.53814],[33.66922,-14.53826],[33.66919,-14.53839],[33.66914,-14.53851],[33.66903,-14.53874],[33.66898,-14.53885],[33.66894,-14.53889],[33.66889,-14.53898],[33.66885,-14.53908],[33.66881,-14.53921],[33.66878,-14.53928],[33.66874,-14.53936],[33.6687,-14.53942],[33.66866,-14.53948],[33.66859,-14.53957],[33.66856,-14.53963],[33.66853,-14.5397],[33.6685,-14.53977],[33.66846,-14.53992],[33.66843,-14.5401],[33.66841,-14.54023],[33.66821,-14.54171],[33.66807,-14.54251],[33.66789,-14.54351],[33.6678,-14.5436],[33.66778,-14.54362],[33.66774,-14.54364],[33.66767,-14.54365],[33.66761,-14.54366],[33.66755,-14.54366],[33.66749,-14.54368],[33.66742,-14.54371],[33.66731,-14.54376],[33.66714,-14.54386],[33.66698,-14.54403],[33.66683,-14.54421],[33.66682,-14.54424],[33.66679,-14.54429],[33.66664,-14.54447],[33.66636,-14.54481],[33.66615,-14.54503],[33.66607,-14.5451],[33.66598,-14.54517],[33.66586,-14.54523],[33.66575,-14.54529],[33.66561,-14.54539],[33.66543,-14.54551],[33.66498,-14.54576],[33.66451,-14.54608],[33.66425,-14.54627],[33.66417,-14.54633],[33.66409,-14.54643],[33.66391,-14.54662],[33.66353,-14.54697],[33.66338,-14.54709],[33.66328,-14.54716],[33.66305,-14.5473],[33.66283,-14.54739],[33.66253,-14.5475],[33.66142,-14.54796],[33.66118,-14.54809],[33.66094,-14.5482],[33.66077,-14.54829],[33.66016,-14.54852],[33.65956,-14.54877],[33.65946,-14.54881],[33.65939,-14.54882],[33.6593,-14.54883],[33.65917,-14.54884],[33.65874,-14.54888],[33.65865,-14.5489],[33.65857,-14.54892],[33.6585,-14.54894],[33.6584,-14.54897],[33.65831,-14.54898],[33.65826,-14.54898],[33.65821,-14.54897],[33.65815,-14.54897],[33.65809,-14.54897],[33.658,-14.549],[33.65789,-14.54902],[33.65777,-14.54904],[33.65761,-14.54906],[33.65736,-14.54908],[33.65713,-14.54909],[33.65702,-14.54909],[33.6569,-14.54908],[33.65668,-14.54905],[33.65655,-14.54903],[33.65625,-14.54898],[33.65614,-14.54897],[33.65599,-14.54896],[33.6559,-14.54894],[33.65581,-14.54893],[33.65576,-14.54892],[33.65569,-14.54893],[33.65559,-14.54895],[33.65539,-14.54899],[33.65518,-14.54904],[33.65495,-14.54909],[33.65484,-14.5491],[33.65471,-14.5491],[33.65464,-14.5491],[33.6545,-14.54911],[33.65433,-14.5491],[33.65422,-14.5491],[33.65417,-14.54911],[33.65414,-14.54911],[33.65409,-14.54913],[33.65405,-14.54915],[33.65398,-14.54917],[33.65388,-14.54921],[33.65366,-14.5493],[33.65356,-14.54934],[33.65346,-14.54938],[33.65339,-14.54943],[33.65331,-14.54946],[33.65329,-14.54948],[33.65327,-14.54948],[33.65326,-14.54949],[33.65326,-14.54951],[33.65325,-14.54952],[33.65325,-14.54954],[33.65324,-14.54956],[33.65324,-14.54958],[33.65324,-14.54972],[33.65323,-14.54981],[33.65322,-14.54989],[33.65322,-14.54996],[33.65318,-14.55001],[33.65312,-14.55007],[33.65305,-14.55012],[33.65296,-14.55015],[33.65287,-14.55019],[33.65281,-14.55021],[33.65271,-14.55028],[33.65259,-14.55038],[33.65246,-14.55053],[33.65221,-14.55082],[33.65212,-14.55092],[33.65186,-14.55113],[33.65158,-14.55134],[33.65146,-14.55141],[33.65131,-14.55149],[33.65123,-14.55153],[33.65108,-14.55161],[33.65096,-14.55169],[33.65057,-14.55189],[33.65048,-14.55194],[33.65035,-14.55202],[33.65021,-14.5521],[33.6501,-14.55217],[33.64986,-14.55232],[33.64963,-14.55247],[33.6492,-14.55277],[33.64891,-14.55298],[33.64862,-14.55317],[33.64839,-14.55333],[33.64817,-14.55348],[33.64782,-14.55371],[33.64772,-14.55377],[33.64763,-14.55385],[33.6476,-14.55389],[33.64755,-14.55396],[33.64749,-14.55402],[33.64736,-14.55409],[33.64721,-14.55415],[33.64705,-14.55421],[33.64691,-14.55426],[33.64675,-14.55436],[33.64658,-14.5545],[33.64639,-14.5547],[33.64623,-14.55486],[33.64611,-14.55499],[33.64602,-14.5551],[33.64596,-14.55518],[33.64586,-14.55532],[33.64577,-14.5554],[33.64565,-14.55548],[33.64552,-14.55558],[33.64539,-14.55566],[33.64527,-14.55572],[33.64513,-14.55578],[33.64507,-14.55581],[33.64497,-14.55587],[33.64494,-14.55589],[33.64491,-14.55592],[33.64487,-14.55597],[33.64475,-14.55605],[33.64465,-14.5561],[33.64455,-14.55615],[33.64446,-14.55619],[33.64439,-14.55622],[33.64434,-14.55626],[33.64425,-14.55632],[33.64407,-14.55645],[33.64398,-14.55651],[33.64392,-14.55656],[33.64387,-14.55661],[33.64382,-14.55666],[33.64374,-14.5568],[33.64367,-14.55695],[33.64366,-14.55699],[33.64365,-14.55702],[33.64364,-14.55705],[33.64363,-14.55709],[33.64362,-14.55713],[33.64361,-14.55716],[33.64361,-14.55718],[33.6436,-14.55721],[33.64358,-14.55723],[33.64355,-14.55727],[33.64342,-14.55743],[33.64336,-14.55753],[33.6433,-14.55765],[33.6432,-14.5578],[33.64312,-14.55788],[33.64303,-14.55796],[33.64298,-14.55801],[33.64295,-14.55805],[33.64292,-14.55811],[33.64288,-14.55817],[33.64284,-14.55824],[33.64281,-14.55828],[33.64278,-14.55831],[33.64274,-14.55833],[33.64263,-14.55839],[33.64252,-14.55844],[33.64242,-14.5585],[33.64235,-14.55851],[33.64221,-14.55855],[33.64214,-14.55856],[33.64209,-14.5586],[33.64204,-14.55866],[33.64197,-14.55879],[33.64188,-14.55895],[33.64177,-14.55907],[33.64167,-14.55917],[33.64153,-14.55937],[33.64125,-14.55978],[33.64108,-14.56],[33.64104,-14.56004],[33.64096,-14.56009],[33.64085,-14.56014],[33.64078,-14.56019],[33.64073,-14.56024],[33.64065,-14.56034],[33.64058,-14.56047],[33.64048,-14.56062],[33.64039,-14.56075],[33.64029,-14.56089],[33.64018,-14.56101],[33.64007,-14.56114],[33.63994,-14.56137],[33.63985,-14.56157],[33.63979,-14.56172],[33.63976,-14.56178],[33.63971,-14.56187],[33.63965,-14.56199],[33.63961,-14.56209],[33.63949,-14.5623],[33.63935,-14.56256],[33.63926,-14.56274],[33.63918,-14.56289],[33.63906,-14.5631],[33.63899,-14.5632],[33.63891,-14.56334],[33.63883,-14.56344],[33.63878,-14.56351],[33.63875,-14.56357],[33.63872,-14.56365],[33.63867,-14.56374],[33.63856,-14.56388],[33.63846,-14.56405],[33.63838,-14.56418],[33.63829,-14.56439],[33.63822,-14.56451],[33.63814,-14.5646],[33.63809,-14.56463],[33.63804,-14.56468],[33.63798,-14.56473],[33.63794,-14.56479],[33.63791,-14.56483],[33.63789,-14.56488],[33.63787,-14.56497],[33.63786,-14.56503],[33.63783,-14.56508],[33.63779,-14.56514],[33.63774,-14.56523],[33.63769,-14.56533],[33.63765,-14.56547],[33.6376,-14.56562],[33.63758,-14.56574],[33.63757,-14.56584],[33.63754,-14.56599],[33.63752,-14.56612],[33.63747,-14.56629],[33.63744,-14.56637],[33.63739,-14.56653],[33.63733,-14.5667],[33.63728,-14.56685],[33.63724,-14.56698],[33.63719,-14.56716],[33.63715,-14.56736],[33.63712,-14.56745],[33.6371,-14.56752],[33.63707,-14.56758],[33.63703,-14.56763],[33.637,-14.5677],[33.63698,-14.56775],[33.63697,-14.5678],[33.63696,-14.56787],[33.63694,-14.56796],[33.63691,-14.56812],[33.63689,-14.5682],[33.63688,-14.56827],[33.63686,-14.56834],[33.63685,-14.56839],[33.63682,-14.56849],[33.6368,-14.56861],[33.63679,-14.56869],[33.63675,-14.56884],[33.63669,-14.56903],[33.63668,-14.56908],[33.63661,-14.56924],[33.63648,-14.56956],[33.63641,-14.56976],[33.63637,-14.5699],[33.63633,-14.57004],[33.63621,-14.57028],[33.63613,-14.57045],[33.63598,-14.57075],[33.63586,-14.57089],[33.6358,-14.571],[33.63575,-14.57117],[33.63571,-14.57133],[33.63568,-14.57143],[33.63562,-14.57152],[33.63551,-14.57165],[33.63539,-14.5718],[33.63531,-14.57192],[33.63524,-14.57208],[33.63517,-14.57221],[33.63513,-14.57229],[33.63498,-14.5725],[33.63487,-14.57262],[33.63477,-14.57271],[33.63464,-14.57286],[33.63455,-14.57296],[33.6344,-14.57313],[33.63435,-14.57317],[33.63429,-14.57321],[33.63424,-14.57323],[33.63417,-14.57326],[33.63408,-14.57334],[33.63389,-14.57349],[33.63374,-14.57365],[33.63365,-14.57374],[33.63348,-14.574],[33.63334,-14.57419],[33.6332,-14.57442],[33.63316,-14.57451],[33.6331,-14.57462],[33.63307,-14.57467],[33.63301,-14.57474],[33.63296,-14.5748],[33.6329,-14.57488],[33.63286,-14.57499],[33.63282,-14.57508],[33.63279,-14.57516],[33.63277,-14.57523],[33.63277,-14.57531],[33.63275,-14.57539],[33.63274,-14.57543],[33.63273,-14.57546],[33.6327,-14.57552],[33.63268,-14.57557],[33.63264,-14.57562],[33.63261,-14.57566],[33.63258,-14.57571],[33.63253,-14.57579],[33.63241,-14.57597],[33.63234,-14.57607]]},"properties":{"id":393526846,"cls":"unclassified","hw":"unclassified","tg":"na","name":"","ref":"","surface":"unpaved","sc":"unpaved","speed":null,"lit":"unk","km":9.129}},
{"type":"Feature","geometry":{"type":"LineString","coordinates":[[33.61835,-14.54648],[33.6185,-14.54645],[33.61866,-14.5464],[33.6188,-14.54636],[33.61884,-14.54633],[33.61886,-14.5463],[33.61889,-14.54625],[33.61889,-14.54612],[33.61889,-14.54597],[33.61887,-14.54565],[33.61885,-14.54545],[33.61888,-14.5452],[33.61892,-14.54499],[33.61898,-14.54477],[33.61903,-14.54458],[33.61909,-14.54447],[33.61917,-14.54437],[33.61931,-14.54424],[33.61942,-14.54415],[33.61948,-14.5441],[33.61952,-14.54406],[33.61954,-14.54403],[33.61958,-14.54392],[33.61962,-14.54374],[33.61974,-14.5433],[33.61987,-14.543],[33.61995,-14.54271],[33.62002,-14.54254],[33.62019,-14.54203],[33.62025,-14.54168],[33.62026,-14.54125],[33.6204,-14.54089],[33.62048,-14.5407],[33.62052,-14.54051],[33.62056,-14.54024],[33.62066,-14.53994],[33.62066,-14.53983],[33.62063,-14.53975],[33.6206,-14.53963],[33.62059,-14.53951],[33.62058,-14.53942],[33.62055,-14.53932],[33.62049,-14.53928],[33.62045,-14.53925],[33.62041,-14.53921],[33.62038,-14.53913],[33.62032,-14.53899],[33.6203,-14.5389],[33.62028,-14.53874],[33.62023,-14.53853],[33.6202,-14.53837],[33.62017,-14.53823],[33.62013,-14.53807],[33.62008,-14.53795],[33.62002,-14.53783],[33.61999,-14.53769],[33.61996,-14.53756],[33.61992,-14.5374],[33.61989,-14.53731],[33.61986,-14.53726],[33.61979,-14.5372],[33.61968,-14.5371],[33.6196,-14.53703],[33.61953,-14.53698],[33.61945,-14.53691],[33.61939,-14.53687],[33.61935,-14.53684],[33.61931,-14.53681],[33.61928,-14.53677],[33.61922,-14.53659],[33.61916,-14.53641],[33.61912,-14.53628],[33.61906,-14.53612],[33.61903,-14.536],[33.61899,-14.53589],[33.61894,-14.53576],[33.61891,-14.53569],[33.61891,-14.53558],[33.61891,-14.53542],[33.61893,-14.53531],[33.61897,-14.53519],[33.619,-14.53511],[33.619,-14.53504],[33.61899,-14.53498],[33.61897,-14.53489],[33.61892,-14.53476],[33.61887,-14.53462],[33.61882,-14.5345],[33.61875,-14.53431],[33.61869,-14.53415],[33.61863,-14.534],[33.61858,-14.53385],[33.61853,-14.53374],[33.61846,-14.53358],[33.61841,-14.53344],[33.61835,-14.5333],[33.6183,-14.53322],[33.61824,-14.53314],[33.61815,-14.53299]]},"properties":{"id":393526860,"cls":"unclassified","hw":"unclassified","tg":"na","name":"","ref":"","surface":"unpaved","sc":"unpaved","speed":null,"lit":"unk","km":1.656}},
{"type":"Feature","geometry":{"type":"LineString","coordinates":[[33.8329,-14.5353],[33.83295,-14.53551],[33.83297,-14.53562],[33.83302,-14.53582],[33.83305,-14.53594],[33.83308,-14.53607],[33.83311,-14.53622],[33.83313,-14.53631],[33.83314,-14.5364],[33.83315,-14.5365],[33.83316,-14.53665],[33.83316,-14.53673],[33.83317,-14.53684],[33.83318,-14.53697],[33.83319,-14.53709],[33.83324,-14.53728],[33.83326,-14.53737],[33.83328,-14.5375],[33.8333,-14.53762],[33.83332,-14.53771],[33.83336,-14.53783],[33.83339,-14.53794],[33.83343,-14.53806],[33.83347,-14.53828],[33.8335,-14.5384],[33.83353,-14.53854],[33.83356,-14.53865],[33.83358,-14.53872],[33.8336,-14.53885],[33.83361,-14.539],[33.83362,-14.53909],[33.83364,-14.53917],[33.83368,-14.53924],[33.83373,-14.53936],[33.8338,-14.53946],[33.83382,-14.53949],[33.83391,-14.53965],[33.83398,-14.53976],[33.83404,-14.53987],[33.83408,-14.53992],[33.83414,-14.53999],[33.83422,-14.54009],[33.83434,-14.54022],[33.83436,-14.54024],[33.83439,-14.54029],[33.83443,-14.54035],[33.83447,-14.54041],[33.83449,-14.54045],[33.8345,-14.54051],[33.83452,-14.54055],[33.83454,-14.54062],[33.83456,-14.54069],[33.8346,-14.54078],[33.83464,-14.54087],[33.83467,-14.54094],[33.83471,-14.54101],[33.83478,-14.54109],[33.8349,-14.5412],[33.83502,-14.54133],[33.83513,-14.54146],[33.83516,-14.5415],[33.83522,-14.54158],[33.83535,-14.54168],[33.83552,-14.54182],[33.83566,-14.54192],[33.83576,-14.54199],[33.83582,-14.54203],[33.83587,-14.54205],[33.83592,-14.54206],[33.83599,-14.54209],[33.83608,-14.54212],[33.83614,-14.54215],[33.83621,-14.5422],[33.8363,-14.54228],[33.83637,-14.54235],[33.83642,-14.54238],[33.83647,-14.54241],[33.83666,-14.54247],[33.8369,-14.54257],[33.83705,-14.54264],[33.83711,-14.54267],[33.83717,-14.54271],[33.83722,-14.54275],[33.83727,-14.54279],[33.83735,-14.54285],[33.83739,-14.5429],[33.83744,-14.54295],[33.83749,-14.54302],[33.83754,-14.54307],[33.83761,-14.54315],[33.83768,-14.54321],[33.83775,-14.54326],[33.83787,-14.54332],[33.83798,-14.54338],[33.83813,-14.54346],[33.83837,-14.54357],[33.83857,-14.54367],[33.83874,-14.54374],[33.83893,-14.54383],[33.83909,-14.54391],[33.8392,-14.54398],[33.83926,-14.54402],[33.83932,-14.54407],[33.83939,-14.54412],[33.83944,-14.54416],[33.83953,-14.54422],[33.83963,-14.54428],[33.83975,-14.54435],[33.83983,-14.54439],[33.83989,-14.54442],[33.83994,-14.54446],[33.83998,-14.5445],[33.84003,-14.54456],[33.84008,-14.54463],[33.84012,-14.54469],[33.84014,-14.54473],[33.84016,-14.54476],[33.84019,-14.54479],[33.84023,-14.54483],[33.84029,-14.54486],[33.84036,-14.5449],[33.84051,-14.54498],[33.84068,-14.54507],[33.84095,-14.54521],[33.84112,-14.5453],[33.8412,-14.54533],[33.8413,-14.54538],[33.84137,-14.54541],[33.84146,-14.54544],[33.84156,-14.54547],[33.84162,-14.54548],[33.84169,-14.54551],[33.8418,-14.54555],[33.84198,-14.54563],[33.84216,-14.5457],[33.84235,-14.54577],[33.84258,-14.54586],[33.84282,-14.54597],[33.84297,-14.54604],[33.84312,-14.54611],[33.84323,-14.54619],[33.84336,-14.54626],[33.84346,-14.54633],[33.84356,-14.54637],[33.8437,-14.54644],[33.84385,-14.5465],[33.84399,-14.54656],[33.84406,-14.54659],[33.84411,-14.54661],[33.84418,-14.54665],[33.84427,-14.5467],[33.84438,-14.54676],[33.84444,-14.54678],[33.84449,-14.54679],[33.84456,-14.5468],[33.84466,-14.5468],[33.84475,-14.54681],[33.84482,-14.54681],[33.8449,-14.54682],[33.84499,-14.54681],[33.84506,-14.54681],[33.84514,-14.5468],[33.84521,-14.54677],[33.84527,-14.54672],[33.84534,-14.54666],[33.8454,-14.5466],[33.84543,-14.54656],[33.84546,-14.54655],[33.84552,-14.54652],[33.8456,-14.5465],[33.84568,-14.54649],[33.84575,-14.54649],[33.84583,-14.54649],[33.84589,-14.54651],[33.84595,-14.54654],[33.84601,-14.54656]]},"properties":{"id":395856516,"cls":"unclassified","hw":"unclassified","tg":"na","name":"","ref":"","surface":"","sc":"unknown","speed":null,"lit":"unk","km":2.106}},
{"type":"Feature","geometry":{"type":"LineString","coordinates":[[33.82542,-14.54477],[33.82548,-14.54486],[33.82558,-14.54499],[33.82567,-14.54511],[33.82576,-14.54525],[33.82582,-14.54537],[33.82586,-14.54543],[33.82593,-14.54551],[33.826,-14.54561],[33.82607,-14.54573],[33.82614,-14.54582],[33.82618,-14.54589],[33.82621,-14.54595],[33.82624,-14.54602],[33.82626,-14.54608],[33.82627,-14.54615],[33.8263,-14.54623],[33.82634,-14.54633],[33.82636,-14.54641],[33.82639,-14.54646],[33.82642,-14.54652],[33.82649,-14.54662],[33.82658,-14.54673],[33.82668,-14.54683],[33.82676,-14.54693],[33.82686,-14.54705],[33.82696,-14.54716],[33.82701,-14.54722],[33.82693,-14.54746],[33.82685,-14.54763],[33.82672,-14.54795],[33.82664,-14.54814],[33.82659,-14.54826],[33.82656,-14.54832],[33.82654,-14.54837],[33.82654,-14.54841],[33.82655,-14.54848],[33.82654,-14.54856],[33.82653,-14.5486],[33.8265,-14.54868],[33.82645,-14.5488],[33.82641,-14.54887],[33.82637,-14.54894],[33.82633,-14.54901],[33.8263,-14.54905],[33.82627,-14.5491],[33.82625,-14.54916],[33.82623,-14.54921],[33.82622,-14.54925],[33.82621,-14.54932],[33.8262,-14.54937],[33.82617,-14.54954],[33.82616,-14.54962],[33.82614,-14.54967],[33.82613,-14.54972],[33.82613,-14.54977],[33.82613,-14.54986],[33.82612,-14.54991],[33.82612,-14.54996],[33.8261,-14.55],[33.82607,-14.55004],[33.82604,-14.5501],[33.82598,-14.5502],[33.82591,-14.55032]]},"properties":{"id":395856518,"cls":"residential","hw":"residential","tg":"na","name":"","ref":"","surface":"","sc":"unknown","speed":null,"lit":"unk","km":0.695}},
{"type":"Feature","geometry":{"type":"LineString","coordinates":[[33.82701,-14.54722],[33.82713,-14.54733],[33.82719,-14.54738],[33.82725,-14.54743],[33.82731,-14.54747],[33.82736,-14.54752],[33.82743,-14.54761],[33.82748,-14.54766],[33.82753,-14.54772],[33.82755,-14.54776],[33.82758,-14.5478],[33.8276,-14.54785],[33.82762,-14.54791],[33.82762,-14.54796],[33.82762,-14.54801],[33.82761,-14.54812],[33.82761,-14.54826],[33.82761,-14.54837],[33.82764,-14.54878],[33.82766,-14.54905],[33.8277,-14.54932],[33.82771,-14.54946],[33.82771,-14.54963],[33.82771,-14.54975],[33.8277,-14.54981],[33.8277,-14.54988],[33.8277,-14.54991],[33.82771,-14.54996],[33.82772,-14.55001],[33.82773,-14.55002],[33.82774,-14.55007],[33.82776,-14.55012],[33.82776,-14.55016],[33.82775,-14.55021],[33.82774,-14.55032],[33.82774,-14.55042],[33.82774,-14.55048],[33.82775,-14.55053],[33.82776,-14.5506],[33.82778,-14.55068],[33.8278,-14.55072],[33.82784,-14.55077],[33.82789,-14.55084],[33.82794,-14.55093],[33.82799,-14.55105],[33.82803,-14.55118],[33.82807,-14.55124],[33.82809,-14.55128],[33.82816,-14.55142],[33.8282,-14.55151],[33.82823,-14.55161],[33.82827,-14.55166],[33.82832,-14.55171],[33.8284,-14.55176],[33.82848,-14.55182],[33.82851,-14.55184],[33.82854,-14.55188],[33.82857,-14.55195],[33.82861,-14.55201],[33.82865,-14.5521],[33.8287,-14.55218],[33.82876,-14.55226],[33.82882,-14.55233],[33.82887,-14.55239],[33.82892,-14.55243],[33.82902,-14.55252],[33.82912,-14.55261],[33.8292,-14.55269],[33.82927,-14.55276],[33.8293,-14.55279],[33.82934,-14.55284],[33.82939,-14.5529],[33.82944,-14.55297],[33.82948,-14.55301],[33.82952,-14.55305],[33.82962,-14.5531],[33.82969,-14.55315],[33.82978,-14.55321],[33.82982,-14.55324],[33.8299,-14.55332],[33.82996,-14.55336],[33.83004,-14.55341],[33.83016,-14.55348],[33.83035,-14.55359],[33.83043,-14.55365],[33.83052,-14.55372]]},"properties":{"id":395856520,"cls":"unclassified","hw":"unclassified","tg":"na","name":"","ref":"","surface":"","sc":"unknown","speed":null,"lit":"unk","km":0.874}},
{"type":"Feature","geometry":{"type":"LineString","coordinates":[[33.79848,-14.55144],[33.7983,-14.55143],[33.79816,-14.55141],[33.79809,-14.5514],[33.79797,-14.55138],[33.79783,-14.55137],[33.79774,-14.55135],[33.79762,-14.55131],[33.79743,-14.55126],[33.79732,-14.55125],[33.79719,-14.55122],[33.7971,-14.5512],[33.79693,-14.55114],[33.79679,-14.55108],[33.79664,-14.55099],[33.79647,-14.5509],[33.79629,-14.55081],[33.79617,-14.55076],[33.79604,-14.55071],[33.79594,-14.55067],[33.7958,-14.55063],[33.7957,-14.5506],[33.79562,-14.55058],[33.79552,-14.55054],[33.79531,-14.55044],[33.79523,-14.55041],[33.7951,-14.55036],[33.79503,-14.55034],[33.79494,-14.55031],[33.79486,-14.5503],[33.79477,-14.5503],[33.79461,-14.55029],[33.79441,-14.55029],[33.79421,-14.55026],[33.79405,-14.55022],[33.79393,-14.55019],[33.79369,-14.55013],[33.79346,-14.55007],[33.79309,-14.55],[33.79295,-14.54999],[33.79282,-14.54997],[33.79263,-14.54994],[33.79248,-14.5499],[33.7924,-14.54991],[33.7923,-14.54992],[33.79216,-14.54996],[33.79197,-14.55004],[33.79171,-14.55016]]},"properties":{"id":395856555,"cls":"residential","hw":"residential","tg":"na","name":"","ref":"","surface":"","sc":"unknown","speed":null,"lit":"unk","km":0.763}},
{"type":"Feature","geometry":{"type":"LineString","coordinates":[[33.75286,-14.52522],[33.75292,-14.52513],[33.75297,-14.52506],[33.75305,-14.52489],[33.75312,-14.52475],[33.75317,-14.52461],[33.7532,-14.52451],[33.75323,-14.52443],[33.7533,-14.52425],[33.7534,-14.52404],[33.75348,-14.52388],[33.75362,-14.52369],[33.7538,-14.52347],[33.7539,-14.52337],[33.75395,-14.52332],[33.75401,-14.52328],[33.7541,-14.52324],[33.7542,-14.52319],[33.75427,-14.52314],[33.75433,-14.52308],[33.7544,-14.52301],[33.75446,-14.52296],[33.75448,-14.52294],[33.7545,-14.52293],[33.75455,-14.52288],[33.7546,-14.52285],[33.75465,-14.52282],[33.7547,-14.52277],[33.75474,-14.52272],[33.75482,-14.52265],[33.75486,-14.52262],[33.7549,-14.52261],[33.75495,-14.52259],[33.755,-14.52258],[33.75507,-14.52256],[33.75514,-14.52252],[33.7552,-14.52247],[33.75525,-14.52242],[33.75528,-14.52239],[33.75533,-14.52229],[33.7554,-14.52219],[33.75546,-14.52211],[33.75553,-14.52204],[33.75561,-14.52199],[33.75564,-14.52197],[33.75567,-14.52196],[33.75569,-14.52194],[33.75571,-14.52194],[33.75573,-14.52193],[33.75576,-14.52191],[33.75583,-14.52186],[33.75592,-14.52176],[33.75599,-14.52171],[33.75603,-14.52167],[33.75605,-14.52166],[33.75607,-14.52165],[33.75609,-14.52164],[33.75611,-14.52162],[33.75612,-14.5216],[33.75614,-14.52158],[33.75616,-14.52157],[33.75617,-14.52157],[33.75624,-14.52155],[33.75629,-14.52153],[33.75634,-14.52151],[33.75635,-14.52151],[33.75637,-14.5215],[33.7564,-14.52148],[33.75643,-14.52146],[33.75647,-14.52144],[33.7565,-14.52142],[33.75653,-14.5214],[33.75658,-14.52139],[33.7566,-14.52137],[33.75662,-14.52135],[33.75665,-14.52132],[33.75666,-14.5213],[33.75667,-14.52128],[33.75669,-14.52126],[33.7567,-14.52123],[33.75672,-14.5212],[33.75675,-14.52118],[33.75677,-14.52115],[33.75681,-14.52111],[33.75684,-14.52108],[33.75687,-14.52104],[33.75689,-14.52098],[33.75691,-14.52095],[33.75692,-14.5209],[33.75694,-14.52087],[33.75696,-14.52083],[33.75699,-14.5208],[33.75704,-14.52077],[33.75711,-14.52074],[33.75718,-14.5207],[33.75723,-14.52066],[33.75727,-14.52062],[33.75731,-14.52059],[33.75737,-14.52053],[33.75741,-14.5205],[33.75744,-14.52048],[33.75747,-14.52046],[33.75751,-14.52042],[33.75754,-14.52038],[33.75757,-14.52034],[33.75762,-14.52027]]},"properties":{"id":395856557,"cls":"residential","hw":"residential","tg":"na","name":"","ref":"","surface":"","sc":"unknown","speed":null,"lit":"unk","km":0.781}},
{"type":"Feature","geometry":{"type":"LineString","coordinates":[[33.84195,-14.53018],[33.84184,-14.53018],[33.8417,-14.53017],[33.84153,-14.53015],[33.84143,-14.53015],[33.84131,-14.53015],[33.84123,-14.53016],[33.8412,-14.53017],[33.84116,-14.53018],[33.84112,-14.5302],[33.84109,-14.53023],[33.84106,-14.53026],[33.84103,-14.5303],[33.84099,-14.53033],[33.84094,-14.53035],[33.84087,-14.53038],[33.8408,-14.5304],[33.84069,-14.53042],[33.84059,-14.53043],[33.84046,-14.53045],[33.84034,-14.53046],[33.84024,-14.53047],[33.84016,-14.53047],[33.84009,-14.53047],[33.83996,-14.53046],[33.83985,-14.53045],[33.83979,-14.53043],[33.83967,-14.5304],[33.83953,-14.53036],[33.83936,-14.53032],[33.83923,-14.53028],[33.83907,-14.53022],[33.83887,-14.53015]]},"properties":{"id":397316882,"cls":"residential","hw":"residential","tg":"na","name":"","ref":"","surface":"","sc":"unknown","speed":null,"lit":"unk","km":0.346}},
{"type":"Feature","geometry":{"type":"LineString","coordinates":[[33.83887,-14.53015],[33.83878,-14.53012],[33.83863,-14.53007],[33.83847,-14.53004],[33.83827,-14.52998],[33.83807,-14.52992],[33.83776,-14.52983],[33.83756,-14.52977]]},"properties":{"id":397316883,"cls":"residential","hw":"residential","tg":"na","name":"","ref":"","surface":"","sc":"unknown","speed":null,"lit":"unk","km":0.147}},
{"type":"Feature","geometry":{"type":"LineString","coordinates":[[33.83967,-14.5304],[33.83951,-14.53042],[33.83941,-14.53048],[33.83932,-14.53053],[33.83925,-14.53058],[33.83917,-14.53059],[33.83903,-14.53067],[33.8389,-14.53073],[33.83868,-14.5308],[33.83862,-14.53094]]},"properties":{"id":397316884,"cls":"path","hw":"path","tg":"na","name":"","ref":"","surface":"","sc":"unknown","speed":null,"lit":"unk","km":0.134}},
{"type":"Feature","geometry":{"type":"LineString","coordinates":[[33.87739,-14.52073],[33.87728,-14.52096],[33.87721,-14.5212],[33.87715,-14.52151],[33.87713,-14.52184],[33.87713,-14.52241],[33.87712,-14.52295],[33.87716,-14.52361],[33.87725,-14.52456],[33.87727,-14.52485],[33.87729,-14.52511],[33.87731,-14.52533],[33.87731,-14.52559],[33.87729,-14.52593],[33.87728,-14.52611],[33.87728,-14.52644],[33.87726,-14.52684],[33.87725,-14.52692],[33.87722,-14.52702],[33.87721,-14.52713],[33.8772,-14.52733],[33.87714,-14.52814],[33.87712,-14.52868],[33.87712,-14.52913],[33.87715,-14.52961],[33.87718,-14.53018],[33.87719,-14.53049],[33.87723,-14.53076],[33.87728,-14.53115],[33.8773,-14.53139],[33.8773,-14.53175],[33.87731,-14.53187],[33.87732,-14.53203],[33.87732,-14.53228],[33.87733,-14.53262],[33.87734,-14.53277],[33.87736,-14.53296],[33.87738,-14.53306],[33.87738,-14.53328],[33.8774,-14.5339],[33.8774,-14.53437],[33.87741,-14.53464],[33.87743,-14.53505],[33.87743,-14.53529],[33.87741,-14.53558],[33.87739,-14.53608],[33.87738,-14.53631],[33.87736,-14.53663],[33.87736,-14.53678],[33.87737,-14.53691],[33.87742,-14.53727],[33.87749,-14.53765],[33.8776,-14.53804],[33.87772,-14.5385],[33.87782,-14.53893],[33.87793,-14.53933],[33.87796,-14.53947],[33.87799,-14.53959],[33.87801,-14.53974],[33.87806,-14.53994],[33.87812,-14.54014],[33.87814,-14.5403],[33.87815,-14.54046],[33.87818,-14.54059],[33.87822,-14.54076],[33.87824,-14.54097],[33.87829,-14.54122],[33.87841,-14.54189],[33.87843,-14.54197],[33.87844,-14.54204],[33.87845,-14.5421]]},"properties":{"id":397319524,"cls":"tertiary","hw":"tertiary","tg":"na","name":"","ref":"","surface":"","sc":"unknown","speed":null,"lit":"unk","km":2.397}},
{"type":"Feature","geometry":{"type":"LineString","coordinates":[[33.88567,-14.51639],[33.88606,-14.5166],[33.88632,-14.51675],[33.88648,-14.51685],[33.88653,-14.51693],[33.88669,-14.51715],[33.88681,-14.51726],[33.88688,-14.51734],[33.88697,-14.51744],[33.88707,-14.51753],[33.88725,-14.51768],[33.88743,-14.51782],[33.88756,-14.5179],[33.88765,-14.51796],[33.88777,-14.51804],[33.88792,-14.51815],[33.88803,-14.51825],[33.88818,-14.51836],[33.8883,-14.51844],[33.88854,-14.51859],[33.88869,-14.51869],[33.88887,-14.51882],[33.88899,-14.51891],[33.88906,-14.51895],[33.88914,-14.51898],[33.88921,-14.519],[33.88931,-14.51905],[33.88943,-14.51912],[33.88956,-14.51919],[33.88971,-14.51928],[33.88985,-14.51935],[33.89002,-14.51942],[33.8904,-14.51958],[33.89062,-14.51967],[33.89076,-14.51973],[33.89088,-14.51978],[33.89103,-14.51985],[33.89135,-14.52005],[33.89162,-14.52024],[33.89194,-14.52044],[33.89217,-14.5206],[33.89238,-14.52073],[33.89249,-14.52079],[33.8928,-14.52095],[33.89307,-14.52111],[33.89317,-14.52119],[33.89324,-14.52127],[33.89334,-14.52143],[33.89341,-14.52153],[33.89347,-14.52164],[33.89357,-14.52171],[33.89376,-14.5218],[33.8942,-14.52189],[33.89432,-14.52193],[33.89445,-14.522],[33.89461,-14.52205],[33.89475,-14.52209],[33.89491,-14.52214],[33.89523,-14.52221],[33.89548,-14.52226],[33.89567,-14.52229],[33.8959,-14.5223],[33.89611,-14.52232],[33.89633,-14.52236],[33.8966,-14.52238],[33.89686,-14.52239],[33.89709,-14.52239],[33.89726,-14.52238],[33.89741,-14.52237],[33.89753,-14.52237],[33.89771,-14.52238],[33.89789,-14.52239],[33.89801,-14.52239],[33.89815,-14.52236],[33.89827,-14.52234],[33.8984,-14.52233],[33.89854,-14.52233],[33.89878,-14.52237],[33.89904,-14.52241],[33.89923,-14.52245],[33.89936,-14.52248],[33.89951,-14.52254],[33.89961,-14.52262],[33.89978,-14.52277],[33.89994,-14.52292],[33.90015,-14.5231],[33.90045,-14.52348],[33.90085,-14.52432],[33.9013,-14.52485],[33.90232,-14.52545],[33.90352,-14.52624],[33.90419,-14.5268],[33.90466,-14.5275],[33.90557,-14.52844],[33.90637,-14.529],[33.90757,-14.52966],[33.90802,-14.53022],[33.90811,-14.53047],[33.90836,-14.53121],[33.90842,-14.53143],[33.9085,-14.53262],[33.90852,-14.53307],[33.90896,-14.53374],[33.90944,-14.5342],[33.90976,-14.53437],[33.91051,-14.53452],[33.91105,-14.53477],[33.91208,-14.53533],[33.91322,-14.53595],[33.91387,-14.53638],[33.91503,-14.53714],[33.91514,-14.53722],[33.91662,-14.53822],[33.91765,-14.53879],[33.91936,-14.54052],[33.92036,-14.5414],[33.92156,-14.54276],[33.92286,-14.54419],[33.92391,-14.54545],[33.92445,-14.54619],[33.92472,-14.54655],[33.92539,-14.54742],[33.92595,-14.54775],[33.92627,-14.54805],[33.92665,-14.54826],[33.92693,-14.54854],[33.92718,-14.54903],[33.9277,-14.54968],[33.92831,-14.55068],[33.92864,-14.55143],[33.92883,-14.55254],[33.92928,-14.55334],[33.92951,-14.55377],[33.92957,-14.55403],[33.92962,-14.55419],[33.92975,-14.55437],[33.92987,-14.55461],[33.92997,-14.55467],[33.93018,-14.55476],[33.93049,-14.55478],[33.93087,-14.5549],[33.93123,-14.555],[33.93155,-14.55509],[33.9317,-14.55514],[33.93188,-14.55516],[33.93213,-14.55522],[33.93233,-14.55531],[33.93269,-14.55539],[33.93296,-14.55555],[33.93326,-14.5557],[33.93339,-14.55577],[33.93359,-14.55585],[33.93367,-14.55589],[33.93379,-14.55592],[33.93391,-14.55594],[33.93407,-14.55597],[33.93418,-14.55601],[33.93432,-14.55606],[33.93446,-14.55611],[33.93456,-14.55614],[33.9347,-14.55617],[33.93483,-14.55617],[33.93493,-14.55617],[33.93514,-14.55615]]},"properties":{"id":397327128,"cls":"unclassified","hw":"unclassified","tg":"na","name":"","ref":"","surface":"","sc":"unknown","speed":null,"lit":"unk","km":7.326}},
{"type":"Feature","geometry":{"type":"LineString","coordinates":[[33.74079,-14.5977],[33.74049,-14.59734],[33.74033,-14.59717],[33.73996,-14.5968],[33.73976,-14.59661],[33.73968,-14.59656],[33.73955,-14.59649],[33.73931,-14.59639],[33.73904,-14.59622],[33.73891,-14.59615],[33.73881,-14.59605],[33.7386,-14.59585],[33.73832,-14.59556],[33.7378,-14.595],[33.73749,-14.59464],[33.73707,-14.59419],[33.73682,-14.59391],[33.73661,-14.59364],[33.73644,-14.59341],[33.73635,-14.59328],[33.73608,-14.59286],[33.73581,-14.59244],[33.73576,-14.59233],[33.73568,-14.59217],[33.73554,-14.59185],[33.73536,-14.59146],[33.73532,-14.59131],[33.73524,-14.59107],[33.73518,-14.59097],[33.73511,-14.59089],[33.735,-14.59083],[33.73494,-14.59079],[33.73488,-14.59073],[33.7348,-14.59065],[33.73471,-14.59042],[33.73467,-14.5903],[33.73457,-14.59005],[33.73454,-14.58996],[33.73453,-14.58987],[33.73453,-14.58977],[33.73453,-14.58962],[33.73454,-14.58946],[33.73454,-14.58923],[33.73454,-14.58915],[33.73453,-14.58906],[33.73451,-14.58901],[33.73447,-14.58893],[33.73439,-14.58882],[33.73436,-14.58877],[33.73434,-14.58872],[33.73433,-14.58865],[33.73432,-14.58847],[33.73431,-14.58842],[33.73428,-14.58836],[33.73424,-14.58826],[33.73418,-14.5882],[33.73411,-14.58816],[33.734,-14.58809],[33.73393,-14.58803],[33.73382,-14.58794],[33.73362,-14.58774],[33.73342,-14.58756],[33.73329,-14.58745],[33.73308,-14.5873],[33.73284,-14.58713],[33.7327,-14.58702],[33.73257,-14.58695],[33.73246,-14.5869],[33.7323,-14.58684],[33.7321,-14.58673],[33.73201,-14.58668],[33.73187,-14.58662],[33.73175,-14.58657],[33.73164,-14.58648],[33.73161,-14.58646],[33.73151,-14.58635],[33.73129,-14.58606],[33.73116,-14.58592],[33.73099,-14.58573],[33.73074,-14.58549],[33.73064,-14.58543],[33.73049,-14.58536],[33.73033,-14.58529],[33.73022,-14.58522],[33.72988,-14.58494],[33.72958,-14.58472],[33.72948,-14.58463],[33.72933,-14.58448],[33.72916,-14.58433],[33.72899,-14.58413],[33.72893,-14.58404],[33.72884,-14.58388],[33.72846,-14.58306],[33.72808,-14.58231],[33.72757,-14.58146],[33.72702,-14.58056],[33.72638,-14.57969],[33.72615,-14.57934],[33.72586,-14.57886],[33.72527,-14.57784],[33.72484,-14.57708],[33.72462,-14.57672],[33.72401,-14.57581],[33.72354,-14.57512],[33.72334,-14.57484],[33.7231,-14.57456],[33.72278,-14.57426],[33.72226,-14.57372],[33.72191,-14.57336],[33.72162,-14.573],[33.72128,-14.57263],[33.72079,-14.57196],[33.72013,-14.5711],[33.71988,-14.57079],[33.71955,-14.5703],[33.71929,-14.56994],[33.71907,-14.56971],[33.71879,-14.56941],[33.71847,-14.5691],[33.71795,-14.56859],[33.71758,-14.56829],[33.71742,-14.56806]]},"properties":{"id":397346163,"cls":"unclassified","hw":"unclassified","tg":"na","name":"","ref":"","surface":"","sc":"unknown","speed":null,"lit":"unk","km":4.239}},
{"type":"Feature","geometry":{"type":"LineString","coordinates":[[33.71718,-14.50734],[33.71725,-14.50729],[33.71762,-14.50721],[33.7178,-14.5071],[33.7185,-14.50704],[33.71911,-14.50679],[33.71979,-14.50666],[33.72004,-14.50653],[33.72037,-14.50635],[33.72182,-14.50672],[33.72231,-14.5068],[33.72269,-14.50685],[33.72322,-14.50682],[33.72366,-14.50663],[33.72393,-14.50638],[33.72427,-14.50621],[33.72446,-14.50601],[33.72457,-14.50578],[33.72463,-14.50574],[33.7255,-14.50513],[33.72598,-14.50498],[33.72663,-14.50489],[33.72697,-14.50484],[33.72811,-14.50488],[33.72841,-14.50478],[33.72941,-14.50461],[33.73027,-14.50437],[33.73042,-14.50427],[33.73055,-14.50426],[33.73095,-14.50415],[33.73134,-14.50392],[33.73156,-14.50374],[33.73188,-14.50318],[33.73218,-14.5029]]},"properties":{"id":397897192,"cls":"path","hw":"path","tg":"na","name":"","ref":"","surface":"unpaved","sc":"unpaved","speed":null,"lit":"unk","km":1.794}},
{"type":"Feature","geometry":{"type":"LineString","coordinates":[[33.74969,-14.51247],[33.74966,-14.51237],[33.74964,-14.5123],[33.74938,-14.51204],[33.74927,-14.51182],[33.74912,-14.51163],[33.74871,-14.51124],[33.74838,-14.51109],[33.74822,-14.51086],[33.74807,-14.51075],[33.7478,-14.5104],[33.74762,-14.51033],[33.74752,-14.51022],[33.74735,-14.51018],[33.74719,-14.51002],[33.74688,-14.50991],[33.74673,-14.50973],[33.74671,-14.50971],[33.74667,-14.50956],[33.74638,-14.50908],[33.74609,-14.50821],[33.74605,-14.50759],[33.7459,-14.50679],[33.74518,-14.50577],[33.7452,-14.50554],[33.74512,-14.50534],[33.74504,-14.50448],[33.74491,-14.50417],[33.74459,-14.50374],[33.74437,-14.50337],[33.74419,-14.50289],[33.74403,-14.50256],[33.74371,-14.50192],[33.74362,-14.5013],[33.74359,-14.5012],[33.74323,-14.49988],[33.74279,-14.49883],[33.74217,-14.49737],[33.74198,-14.49705],[33.7419,-14.49683],[33.74184,-14.49665],[33.7415,-14.49596],[33.74115,-14.49555],[33.74106,-14.49536]]},"properties":{"id":397897193,"cls":"path","hw":"path","tg":"na","name":"","ref":"","surface":"unpaved","sc":"unpaved","speed":null,"lit":"unk","km":2.193}},
{"type":"Feature","geometry":{"type":"LineString","coordinates":[[33.7124,-14.50583],[33.7123,-14.50568],[33.71229,-14.50564],[33.71226,-14.50559],[33.71225,-14.50552],[33.71224,-14.50545],[33.71224,-14.50537],[33.71225,-14.50532],[33.71227,-14.50526],[33.71231,-14.5052],[33.71238,-14.5051],[33.71245,-14.50506],[33.71253,-14.50501],[33.71264,-14.50494],[33.71276,-14.50486],[33.71296,-14.50474],[33.71306,-14.50467],[33.71318,-14.5046],[33.71339,-14.50447],[33.7135,-14.50441],[33.71359,-14.50436],[33.71367,-14.50432],[33.71384,-14.50424],[33.71394,-14.5042],[33.71401,-14.50417],[33.71408,-14.50412],[33.71415,-14.50406],[33.71423,-14.50399],[33.71433,-14.5039],[33.71438,-14.50385],[33.71445,-14.50375],[33.71451,-14.50368],[33.71457,-14.50362],[33.71465,-14.50353],[33.7147,-14.50346],[33.71475,-14.50338],[33.71478,-14.50331],[33.71487,-14.50314],[33.7149,-14.50305],[33.71494,-14.50297],[33.71499,-14.50291],[33.71505,-14.50283],[33.7151,-14.50275],[33.71514,-14.50269],[33.71517,-14.50264],[33.71523,-14.50248],[33.71527,-14.50234],[33.7153,-14.50226],[33.71532,-14.50222],[33.71538,-14.50215],[33.71542,-14.50209],[33.71545,-14.50197],[33.71546,-14.50188],[33.71545,-14.50186],[33.71545,-14.5018],[33.71544,-14.50173],[33.71542,-14.50168],[33.71537,-14.50158],[33.71531,-14.50139],[33.71526,-14.50122],[33.71526,-14.50113],[33.71527,-14.501],[33.71527,-14.50092],[33.71526,-14.50085],[33.71522,-14.50074],[33.71519,-14.50064],[33.71516,-14.50055],[33.71512,-14.50049],[33.7151,-14.50045],[33.71507,-14.50041],[33.71505,-14.50035],[33.715,-14.50021],[33.71494,-14.50008],[33.71488,-14.49996],[33.71485,-14.49989],[33.71481,-14.49983],[33.71479,-14.49977],[33.71476,-14.49971],[33.71473,-14.49965],[33.71469,-14.49954],[33.71467,-14.49944],[33.71465,-14.49937],[33.71464,-14.49933],[33.71464,-14.4993],[33.71464,-14.49925],[33.71465,-14.49913],[33.71471,-14.499],[33.71473,-14.49894],[33.71475,-14.4989],[33.71475,-14.49886],[33.71475,-14.49875],[33.71473,-14.49873],[33.71469,-14.49864],[33.71468,-14.4986],[33.71466,-14.49855],[33.71467,-14.49846],[33.71468,-14.49839],[33.71469,-14.49831],[33.71471,-14.49825],[33.71474,-14.49819],[33.71477,-14.49815],[33.71479,-14.49814],[33.71481,-14.49812],[33.71483,-14.49811],[33.71486,-14.49809],[33.71487,-14.49807],[33.71488,-14.49806],[33.71489,-14.49805],[33.7149,-14.49801],[33.71491,-14.49796],[33.71492,-14.49791],[33.71492,-14.49791],[33.71493,-14.4979],[33.71493,-14.4979],[33.71495,-14.49791],[33.71498,-14.49792],[33.71499,-14.49792],[33.715,-14.49792],[33.71501,-14.49792],[33.71502,-14.49791],[33.71502,-14.4979],[33.71503,-14.49788]]},"properties":{"id":397897196,"cls":"unclassified","hw":"unclassified","tg":"na","name":"","ref":"","surface":"unpaved","sc":"unpaved","speed":null,"lit":"unk","km":1.087}},
{"type":"Feature","geometry":{"type":"LineString","coordinates":[[33.71718,-14.50734],[33.71719,-14.50727],[33.71727,-14.50691],[33.71706,-14.50669],[33.71682,-14.50622],[33.71641,-14.50577],[33.71608,-14.50517],[33.7158,-14.50489],[33.71577,-14.50475],[33.71582,-14.50458],[33.71566,-14.50386],[33.7157,-14.50373],[33.7157,-14.50333],[33.71561,-14.50311],[33.71551,-14.50309],[33.71559,-14.50279]]},"properties":{"id":397897197,"cls":"path","hw":"path","tg":"na","name":"","ref":"","surface":"unpaved","sc":"unpaved","speed":null,"lit":"unk","km":0.575}},
{"type":"Feature","geometry":{"type":"LineString","coordinates":[[33.71003,-14.51337],[33.71004,-14.51307],[33.71004,-14.51185],[33.71007,-14.51166],[33.7102,-14.51126],[33.71089,-14.51059],[33.71114,-14.51043],[33.71173,-14.50979],[33.71187,-14.5096],[33.71194,-14.50939],[33.71195,-14.50916],[33.71182,-14.50844],[33.71183,-14.50721],[33.71194,-14.50691],[33.71203,-14.50621]]},"properties":{"id":398006305,"cls":"path","hw":"path","tg":"na","name":"","ref":"","surface":"","sc":"unknown","speed":null,"lit":"unk","km":0.878}},
{"type":"Feature","geometry":{"type":"LineString","coordinates":[[33.74613,-14.51166],[33.74614,-14.51235],[33.7462,-14.51251],[33.74619,-14.51267],[33.74598,-14.51304],[33.74545,-14.51372]]},"properties":{"id":398006308,"cls":"track","hw":"track","tg":"none","name":"","ref":"","surface":"","sc":"unknown","speed":null,"lit":"unk","km":0.255}},
{"type":"Feature","geometry":{"type":"LineString","coordinates":[[33.71564,-14.51575],[33.71569,-14.51556],[33.71566,-14.51543],[33.7157,-14.51525],[33.7156,-14.51523],[33.71545,-14.5151],[33.7151,-14.51501],[33.71494,-14.5149],[33.71423,-14.51469],[33.71396,-14.51456],[33.71351,-14.51446]]},"properties":{"id":398006311,"cls":"path","hw":"path","tg":"na","name":"","ref":"","surface":"","sc":"unknown","speed":null,"lit":"unk","km":0.312}},
{"type":"Feature","geometry":{"type":"LineString","coordinates":[[33.74508,-14.51419],[33.745,-14.51429],[33.7449,-14.51435],[33.74484,-14.51437],[33.74479,-14.51436],[33.74472,-14.51439],[33.74468,-14.51442],[33.74465,-14.51447],[33.74461,-14.51451],[33.74456,-14.51453],[33.74447,-14.51465],[33.74443,-14.51468],[33.74442,-14.5147],[33.74434,-14.51478],[33.74433,-14.51483],[33.7443,-14.51485],[33.74427,-14.51491],[33.74426,-14.51497],[33.74424,-14.51507],[33.74423,-14.51514],[33.74421,-14.51521],[33.7442,-14.51529],[33.74417,-14.51529],[33.74411,-14.51528],[33.74407,-14.51529],[33.74402,-14.51529],[33.74396,-14.51531],[33.74389,-14.51535],[33.74383,-14.51541],[33.74378,-14.51544],[33.74376,-14.51551],[33.74374,-14.51557],[33.74373,-14.51562],[33.74371,-14.51569],[33.74368,-14.51575],[33.74369,-14.51579],[33.74371,-14.5159],[33.74369,-14.51601],[33.74367,-14.5161],[33.74365,-14.5162],[33.74361,-14.51632],[33.74358,-14.51644],[33.74354,-14.51655],[33.74349,-14.51666],[33.74344,-14.51674],[33.74341,-14.5168],[33.74338,-14.51687],[33.74337,-14.51694],[33.74336,-14.51699],[33.74333,-14.51705],[33.74332,-14.51714],[33.7433,-14.51725],[33.74327,-14.51732],[33.74326,-14.51737],[33.74326,-14.51739],[33.74328,-14.51742],[33.74331,-14.51745],[33.74332,-14.51748],[33.7433,-14.51753],[33.74329,-14.51759],[33.7433,-14.51764],[33.74328,-14.5177],[33.74327,-14.51774],[33.74328,-14.51776],[33.74331,-14.51779],[33.74334,-14.51782],[33.74337,-14.51787],[33.7434,-14.51796],[33.74342,-14.51802],[33.74344,-14.51808]]},"properties":{"id":398006314,"cls":"path","hw":"path","tg":"na","name":"","ref":"","surface":"","sc":"unknown","speed":null,"lit":"unk","km":0.531}},
{"type":"Feature","geometry":{"type":"LineString","coordinates":[[33.71487,-14.51651],[33.71475,-14.5162],[33.71461,-14.51606],[33.71451,-14.51585],[33.71432,-14.51569],[33.7142,-14.51567],[33.71385,-14.51531],[33.71361,-14.51464],[33.71351,-14.51446],[33.71338,-14.5144],[33.71316,-14.51439],[33.71307,-14.51432],[33.71274,-14.51422]]},"properties":{"id":398006317,"cls":"path","hw":"path","tg":"na","name":"","ref":"","surface":"","sc":"unknown","speed":null,"lit":"unk","km":0.37}},
{"type":"Feature","geometry":{"type":"LineString","coordinates":[[33.73826,-14.51135],[33.73832,-14.51133],[33.73838,-14.51131],[33.73843,-14.5113],[33.73847,-14.5113],[33.73852,-14.51129],[33.73863,-14.51129],[33.73866,-14.51128],[33.73869,-14.51127],[33.73875,-14.51125],[33.73889,-14.51119],[33.73898,-14.51115],[33.73904,-14.51112],[33.73914,-14.51104],[33.73923,-14.51098],[33.73935,-14.51089],[33.73938,-14.51087],[33.73941,-14.51086],[33.73944,-14.51085],[33.73958,-14.51086],[33.73965,-14.51087],[33.73972,-14.51088],[33.73979,-14.5109],[33.73985,-14.51093],[33.73988,-14.51096],[33.73993,-14.51098],[33.74,-14.51101],[33.74005,-14.51102],[33.74009,-14.51104],[33.74014,-14.51106],[33.74022,-14.5111],[33.74028,-14.51112],[33.74035,-14.51114],[33.74043,-14.51117],[33.74052,-14.51121],[33.74057,-14.51122],[33.74063,-14.51123],[33.74072,-14.51124],[33.74077,-14.51124],[33.74084,-14.51123],[33.74092,-14.51121],[33.741,-14.51121],[33.74105,-14.51121],[33.74111,-14.51123],[33.74115,-14.51124],[33.74122,-14.51124],[33.7413,-14.51125],[33.74145,-14.51125],[33.74155,-14.51125],[33.74164,-14.51125],[33.7417,-14.51125],[33.74176,-14.51127],[33.74181,-14.51128],[33.74188,-14.51128],[33.74193,-14.51127],[33.74202,-14.51123],[33.74212,-14.51121],[33.7422,-14.5112],[33.74236,-14.51118],[33.7425,-14.51117],[33.7426,-14.51116],[33.74267,-14.51115],[33.74273,-14.51115],[33.74279,-14.51115],[33.74286,-14.51115],[33.74314,-14.51112],[33.74339,-14.51111],[33.74344,-14.51111],[33.7435,-14.51111],[33.74361,-14.51109],[33.7437,-14.51107],[33.74382,-14.51104],[33.74392,-14.51103],[33.74404,-14.51102],[33.74415,-14.51102],[33.74439,-14.51103],[33.74445,-14.51104],[33.74449,-14.51104],[33.74452,-14.51103],[33.74455,-14.51103],[33.7446,-14.51101],[33.74464,-14.511],[33.74468,-14.51099],[33.74471,-14.51099],[33.74474,-14.511],[33.74478,-14.511],[33.74482,-14.51101],[33.74486,-14.51102],[33.74491,-14.51102],[33.74495,-14.51101],[33.74498,-14.51101],[33.74502,-14.51101],[33.74504,-14.51101],[33.74508,-14.51101],[33.74514,-14.51102],[33.74523,-14.51102],[33.74529,-14.51103],[33.74533,-14.51104],[33.74538,-14.51104],[33.74545,-14.51104],[33.74559,-14.51105],[33.74564,-14.51107],[33.7457,-14.51109],[33.74582,-14.51114],[33.74596,-14.51119],[33.74618,-14.51126],[33.74627,-14.51128],[33.74631,-14.51129],[33.74635,-14.51129],[33.74642,-14.51129],[33.74656,-14.51126]]},"properties":{"id":398006328,"cls":"residential","hw":"residential","tg":"na","name":"","ref":"","surface":"","sc":"unknown","speed":null,"lit":"unk","km":0.928}},
{"type":"Feature","geometry":{"type":"LineString","coordinates":[[33.6922,-14.5057],[33.69252,-14.50571],[33.69274,-14.50571],[33.69279,-14.50571],[33.69285,-14.50571],[33.69288,-14.5057],[33.6929,-14.50569],[33.69294,-14.50566],[33.69297,-14.50564],[33.69307,-14.5055],[33.69323,-14.50531],[33.69335,-14.50517],[33.69344,-14.50509],[33.69359,-14.5049],[33.6937,-14.50474],[33.69384,-14.50459],[33.69404,-14.50441],[33.69416,-14.50431],[33.69426,-14.50419],[33.69433,-14.50411],[33.6944,-14.50405],[33.69448,-14.50399],[33.69454,-14.50393],[33.69461,-14.50382],[33.69468,-14.50373],[33.69476,-14.50365],[33.69482,-14.50359],[33.69488,-14.50351],[33.69497,-14.50338],[33.69506,-14.50325],[33.69513,-14.50317],[33.69519,-14.50311],[33.69524,-14.50307],[33.69532,-14.50299],[33.69536,-14.50294],[33.69539,-14.5029],[33.69547,-14.50274],[33.69552,-14.50263],[33.69554,-14.50259],[33.69554,-14.50253],[33.69555,-14.50242],[33.69557,-14.50233],[33.69559,-14.50226],[33.69563,-14.50218],[33.69568,-14.5021],[33.69573,-14.50204],[33.69577,-14.502],[33.69584,-14.50197],[33.69599,-14.50193],[33.69616,-14.50187],[33.69621,-14.50185],[33.69626,-14.50183],[33.69628,-14.50182],[33.69632,-14.50182],[33.69635,-14.50183],[33.6964,-14.50184],[33.69646,-14.50186],[33.69656,-14.50187],[33.69669,-14.50187],[33.69677,-14.50185],[33.69685,-14.50182],[33.6969,-14.50179],[33.69694,-14.50176],[33.69695,-14.50172],[33.69697,-14.50165],[33.69699,-14.50161],[33.697,-14.50155],[33.697,-14.50151],[33.69701,-14.5015],[33.69703,-14.50148],[33.69705,-14.50147],[33.69709,-14.50147],[33.69714,-14.50147],[33.69718,-14.50148],[33.69721,-14.50149],[33.69724,-14.50149],[33.69726,-14.50148],[33.69728,-14.50146],[33.69738,-14.50136],[33.69746,-14.50126],[33.69751,-14.50118],[33.69754,-14.50116],[33.69756,-14.50115],[33.69759,-14.50115],[33.69761,-14.50115],[33.69764,-14.50115],[33.69769,-14.50117],[33.69773,-14.50119],[33.69777,-14.5012],[33.69782,-14.50119],[33.69788,-14.50117],[33.69797,-14.50115],[33.69821,-14.50109],[33.69827,-14.50106],[33.69833,-14.50103],[33.69842,-14.50098],[33.69852,-14.50095],[33.69859,-14.50091],[33.69864,-14.50086],[33.69871,-14.5008],[33.69887,-14.50058],[33.69895,-14.50048],[33.69904,-14.50037],[33.69912,-14.50026],[33.69918,-14.50019],[33.69927,-14.50011],[33.69935,-14.50004],[33.69944,-14.49994],[33.69962,-14.49974],[33.69983,-14.49948],[33.69995,-14.49935],[33.7001,-14.49919],[33.70026,-14.49905],[33.70042,-14.4989],[33.70055,-14.49876],[33.70064,-14.49863],[33.70071,-14.4985],[33.7008,-14.49835],[33.70089,-14.49819],[33.70091,-14.49814],[33.70094,-14.49807],[33.70096,-14.49795],[33.70096,-14.49782]]},"properties":{"id":398006332,"cls":"unclassified","hw":"unclassified","tg":"na","name":"","ref":"","surface":"","sc":"unknown","speed":null,"lit":"unk","km":1.394}},
{"type":"Feature","geometry":{"type":"LineString","coordinates":[[33.68451,-14.51933],[33.6845,-14.51911],[33.68458,-14.51858],[33.68453,-14.5183],[33.68405,-14.51747],[33.6842,-14.51707],[33.68432,-14.51701],[33.6844,-14.51688],[33.68441,-14.51674],[33.68442,-14.51667],[33.68437,-14.5165],[33.68448,-14.51635],[33.68454,-14.51587],[33.68475,-14.51553],[33.68527,-14.5143],[33.68556,-14.51311]]},"properties":{"id":398064741,"cls":"unclassified","hw":"unclassified","tg":"na","name":"","ref":"","surface":"unpaved","sc":"unpaved","speed":null,"lit":"unk","km":0.745}},
{"type":"Feature","geometry":{"type":"LineString","coordinates":[[33.64313,-14.53673],[33.64322,-14.53667],[33.64335,-14.53653],[33.64347,-14.53643],[33.64355,-14.53635],[33.64359,-14.5363],[33.64363,-14.53624],[33.64369,-14.53615],[33.64379,-14.53604],[33.64394,-14.53591],[33.644,-14.53586],[33.64405,-14.53584],[33.64419,-14.53579],[33.64431,-14.53574],[33.6444,-14.53569],[33.64451,-14.53562],[33.6446,-14.53556],[33.64486,-14.53531],[33.64504,-14.53517],[33.64511,-14.53512],[33.64514,-14.5351],[33.64518,-14.53509],[33.64522,-14.53507],[33.64526,-14.53506],[33.64545,-14.53499],[33.64568,-14.53489],[33.64581,-14.53483],[33.64595,-14.53474],[33.64611,-14.53465],[33.64633,-14.53451],[33.64656,-14.53434],[33.64671,-14.53419],[33.6472,-14.53371],[33.64745,-14.53341],[33.64763,-14.53318],[33.6478,-14.53295],[33.64787,-14.53286],[33.64792,-14.5328],[33.64797,-14.53273],[33.648,-14.53269],[33.64802,-14.53265],[33.64803,-14.53261],[33.64803,-14.53257],[33.64802,-14.5325],[33.64802,-14.53243],[33.64802,-14.53237],[33.64803,-14.53232],[33.64805,-14.53225],[33.64807,-14.53219],[33.64815,-14.53203],[33.64819,-14.53195],[33.64823,-14.53189],[33.64826,-14.53182],[33.64829,-14.53173],[33.64831,-14.53166],[33.64834,-14.53161],[33.64838,-14.53157],[33.64844,-14.53151],[33.64848,-14.53148],[33.64855,-14.5314],[33.64871,-14.53126],[33.64885,-14.53112],[33.64919,-14.53069],[33.64948,-14.53026],[33.64977,-14.52984],[33.64986,-14.52968],[33.64994,-14.52954],[33.64997,-14.52948],[33.64998,-14.52944],[33.64999,-14.52942],[33.65002,-14.52938],[33.65009,-14.5293],[33.65013,-14.52926],[33.65015,-14.52922],[33.65019,-14.52916],[33.65022,-14.52912],[33.65034,-14.52902],[33.65046,-14.52891],[33.6507,-14.5287],[33.6509,-14.52857],[33.65113,-14.52841],[33.65131,-14.52827],[33.65144,-14.52817],[33.65154,-14.52806],[33.65162,-14.52797],[33.6517,-14.52787],[33.65181,-14.52774],[33.65195,-14.52762],[33.6524,-14.52724],[33.65293,-14.5268],[33.65319,-14.52657],[33.65322,-14.52655],[33.65325,-14.52653],[33.6533,-14.52649],[33.65333,-14.52646],[33.65334,-14.52643],[33.65337,-14.52639],[33.65339,-14.52634],[33.65342,-14.52631],[33.65345,-14.52627],[33.65349,-14.52623],[33.65352,-14.52621],[33.65356,-14.52618],[33.65368,-14.52611],[33.65376,-14.52606],[33.65379,-14.52604],[33.65381,-14.52601],[33.65383,-14.52597],[33.65386,-14.52593],[33.65389,-14.5259],[33.65393,-14.52587],[33.654,-14.52582],[33.65406,-14.52575],[33.65412,-14.52566],[33.65418,-14.52559],[33.65422,-14.52554],[33.65434,-14.52544],[33.65445,-14.52533],[33.6545,-14.52526],[33.65455,-14.52516],[33.65458,-14.52511],[33.6546,-14.52508],[33.65462,-14.52503],[33.65463,-14.525],[33.65467,-14.52494],[33.65471,-14.52488],[33.65478,-14.52478],[33.65487,-14.52468],[33.65491,-14.52465],[33.65493,-14.52462],[33.65496,-14.52457],[33.65501,-14.5245],[33.65502,-14.52445],[33.65506,-14.5244],[33.6551,-14.52433],[33.65515,-14.52427],[33.65518,-14.52424],[33.65525,-14.52412],[33.65533,-14.52403],[33.65541,-14.52394],[33.65546,-14.52388],[33.65555,-14.52376],[33.6556,-14.52365],[33.65564,-14.52359],[33.65567,-14.52354],[33.6557,-14.5235],[33.65578,-14.52342],[33.65582,-14.52338],[33.65586,-14.52333],[33.65592,-14.52329],[33.65596,-14.52326],[33.65601,-14.52324],[33.65605,-14.52322],[33.6561,-14.52319],[33.65614,-14.52314],[33.65619,-14.5231],[33.65632,-14.52304],[33.65643,-14.52299],[33.6565,-14.52296],[33.65657,-14.52291],[33.65668,-14.52284],[33.65675,-14.5228],[33.65686,-14.52275],[33.6569,-14.52272],[33.65694,-14.5227],[33.65697,-14.52267],[33.65703,-14.52263],[33.65708,-14.5226],[33.65709,-14.52259],[33.65711,-14.52258],[33.65713,-14.52258],[33.65714,-14.52258],[33.65716,-14.52258],[33.65719,-14.52258],[33.65721,-14.52258],[33.65724,-14.52256],[33.65732,-14.52251],[33.65746,-14.52246],[33.6577,-14.52233],[33.6578,-14.52228],[33.65791,-14.52225],[33.658,-14.52224],[33.65811,-14.52223],[33.65825,-14.52219],[33.6584,-14.52215],[33.65849,-14.52208],[33.65864,-14.52197],[33.65874,-14.52188],[33.65886,-14.52175],[33.65894,-14.52166],[33.65901,-14.52158],[33.65905,-14.52151],[33.65907,-14.52145],[33.65908,-14.52141],[33.65913,-14.52132],[33.65914,-14.52128],[33.65921,-14.5212],[33.65933,-14.52107],[33.65943,-14.52099],[33.65949,-14.52095],[33.65954,-14.52094],[33.65962,-14.52093],[33.65978,-14.52089],[33.65992,-14.52081],[33.66003,-14.52078],[33.66021,-14.52072],[33.66038,-14.52062],[33.66052,-14.52059],[33.66069,-14.52056],[33.66088,-14.52056],[33.66099,-14.52056],[33.66107,-14.52055],[33.6611,-14.52054],[33.66114,-14.52052],[33.6612,-14.52047],[33.66125,-14.52043],[33.66128,-14.52041],[33.66155,-14.52027],[33.66172,-14.52021],[33.662,-14.52013],[33.66211,-14.5201],[33.66219,-14.52007],[33.66225,-14.52005],[33.66239,-14.52002],[33.66245,-14.52],[33.66249,-14.51999],[33.66256,-14.51995],[33.66266,-14.51988],[33.66273,-14.51983],[33.66279,-14.5198],[33.66287,-14.51978],[33.66294,-14.51977],[33.66304,-14.51976],[33.66311,-14.51976],[33.6632,-14.51976],[33.66326,-14.51974],[33.6633,-14.51973],[33.66337,-14.51969],[33.66343,-14.51968],[33.66348,-14.51967],[33.66356,-14.51966],[33.66366,-14.51963],[33.66371,-14.5196],[33.66376,-14.51956],[33.66383,-14.51952],[33.66391,-14.51947],[33.66399,-14.51945],[33.66408,-14.51942]]},"properties":{"id":398064743,"cls":"unclassified","hw":"unclassified","tg":"na","name":"","ref":"","surface":"unpaved","sc":"unpaved","speed":null,"lit":"unk","km":3.094}},
{"type":"Feature","geometry":{"type":"LineString","coordinates":[[33.69915,-14.51781],[33.69911,-14.51771],[33.69905,-14.51758],[33.69898,-14.51747],[33.69891,-14.51735],[33.69886,-14.51728],[33.6988,-14.51719],[33.69879,-14.51707],[33.69878,-14.51697],[33.69878,-14.51687],[33.69875,-14.51674],[33.69869,-14.51661],[33.69863,-14.51649],[33.69849,-14.51633],[33.69845,-14.51626],[33.69843,-14.51616],[33.69839,-14.51607],[33.69835,-14.51601],[33.69829,-14.51595],[33.69826,-14.51589],[33.69824,-14.51581],[33.6982,-14.51574],[33.69813,-14.51563],[33.69793,-14.51562],[33.69762,-14.5155],[33.69748,-14.5154]]},"properties":{"id":399000880,"cls":"track","hw":"track","tg":"none","name":"","ref":"","surface":"","sc":"unknown","speed":null,"lit":"unk","km":0.348}},
{"type":"Feature","geometry":{"type":"LineString","coordinates":[[33.69074,-14.51632],[33.69079,-14.51639],[33.69084,-14.51645],[33.69092,-14.51653],[33.69102,-14.5166],[33.69124,-14.51674],[33.69184,-14.51724],[33.69196,-14.51734],[33.69207,-14.51747],[33.69247,-14.51801],[33.69265,-14.51824],[33.69274,-14.5184],[33.69282,-14.51856],[33.69285,-14.51873],[33.69287,-14.5189],[33.69289,-14.51906],[33.69291,-14.51924],[33.69294,-14.51959],[33.69294,-14.51979],[33.69293,-14.51988],[33.6929,-14.51998],[33.69284,-14.52012],[33.69272,-14.52028],[33.69262,-14.5204],[33.69256,-14.52044],[33.69249,-14.52046],[33.69237,-14.52047],[33.69191,-14.52041],[33.69155,-14.52029],[33.69074,-14.51974],[33.69007,-14.5193]]},"properties":{"id":399062707,"cls":"unclassified","hw":"unclassified","tg":"na","name":"","ref":"","surface":"","sc":"unknown","speed":null,"lit":"unk","km":0.867}},
{"type":"Feature","geometry":{"type":"LineString","coordinates":[[33.69207,-14.51747],[33.69185,-14.51763],[33.69153,-14.51785],[33.69114,-14.51812],[33.69097,-14.51821],[33.6908,-14.51826]]},"properties":{"id":399062708,"cls":"unclassified","hw":"unclassified","tg":"na","name":"","ref":"","surface":"","sc":"unknown","speed":null,"lit":"unk","km":0.163}},
{"type":"Feature","geometry":{"type":"LineString","coordinates":[[33.69007,-14.5193],[33.68995,-14.51951],[33.68987,-14.51966],[33.6897,-14.51994],[33.68945,-14.5205],[33.6893,-14.52095],[33.68921,-14.52142],[33.68908,-14.52196],[33.68908,-14.52288],[33.68896,-14.52358],[33.68892,-14.52374],[33.68887,-14.5239],[33.68886,-14.52405],[33.68886,-14.52423],[33.68885,-14.52436],[33.68881,-14.52449],[33.68879,-14.52465],[33.68878,-14.52478],[33.68877,-14.5249],[33.68872,-14.52531],[33.68871,-14.52574],[33.68869,-14.52608],[33.68868,-14.52669],[33.68869,-14.52734],[33.68877,-14.52763],[33.68882,-14.52786],[33.6889,-14.52808],[33.68897,-14.52838],[33.68897,-14.52854],[33.68897,-14.52867],[33.68893,-14.52883],[33.68884,-14.52904],[33.68873,-14.52923],[33.68859,-14.52951],[33.68854,-14.52967],[33.68851,-14.52985],[33.6885,-14.53014],[33.68849,-14.53048],[33.68852,-14.53098],[33.68854,-14.53131],[33.68849,-14.53153],[33.68846,-14.53176],[33.68843,-14.53203],[33.68837,-14.53253],[33.68837,-14.53307],[33.68833,-14.53397],[33.68822,-14.53502],[33.68813,-14.53601],[33.68809,-14.53634],[33.68808,-14.53648],[33.68802,-14.53717],[33.68797,-14.53772],[33.68791,-14.5381],[33.68783,-14.53841],[33.68775,-14.53862],[33.68766,-14.53883],[33.68762,-14.53897],[33.68755,-14.53923],[33.68752,-14.53936],[33.68749,-14.53946],[33.68741,-14.53962],[33.68737,-14.53972],[33.68728,-14.53996],[33.68712,-14.54046],[33.68706,-14.54074],[33.68697,-14.54101],[33.68696,-14.54112],[33.68697,-14.54128],[33.68693,-14.54145],[33.68677,-14.54189],[33.68664,-14.54223],[33.68647,-14.54264],[33.68643,-14.54292],[33.68637,-14.54317],[33.68632,-14.54336],[33.68632,-14.54353],[33.68636,-14.54372],[33.68637,-14.54396],[33.68638,-14.54416],[33.68644,-14.5445],[33.68646,-14.54508],[33.68663,-14.54559],[33.68671,-14.54591],[33.68673,-14.54603],[33.68677,-14.54611],[33.68683,-14.54621],[33.68711,-14.54652],[33.68718,-14.54662],[33.68737,-14.54684],[33.68743,-14.5469],[33.68746,-14.54697],[33.68748,-14.54715],[33.68748,-14.54727],[33.68748,-14.54743],[33.68746,-14.54752],[33.68739,-14.54775],[33.68731,-14.54794],[33.68726,-14.54805],[33.68723,-14.54809],[33.68717,-14.54817],[33.68703,-14.54832],[33.68694,-14.54844],[33.68688,-14.54858],[33.68683,-14.5488],[33.68679,-14.54911],[33.68675,-14.54948],[33.68674,-14.54972],[33.68674,-14.55018],[33.68677,-14.55041],[33.68687,-14.55098],[33.68718,-14.55186],[33.68746,-14.55265],[33.68763,-14.55312],[33.68773,-14.55328],[33.68789,-14.55348],[33.68821,-14.55385],[33.68841,-14.55406],[33.68861,-14.5542],[33.68876,-14.55432],[33.68882,-14.55443],[33.68885,-14.5545],[33.68901,-14.55498],[33.68923,-14.55563],[33.68948,-14.55632],[33.68986,-14.5572],[33.69028,-14.55788],[33.6906,-14.55829],[33.69087,-14.55865],[33.69106,-14.55884],[33.69123,-14.55901],[33.69136,-14.55915],[33.69165,-14.55931],[33.69272,-14.55984],[33.69306,-14.55998],[33.69339,-14.56018],[33.69406,-14.56055],[33.69455,-14.56079],[33.6949,-14.56097],[33.69498,-14.56103],[33.69503,-14.5611],[33.69505,-14.56118],[33.69507,-14.56126],[33.69506,-14.56137],[33.69503,-14.5615],[33.69499,-14.56161],[33.6949,-14.56172],[33.69454,-14.562],[33.69436,-14.56203],[33.69427,-14.56205],[33.69418,-14.56207],[33.69413,-14.56218],[33.69407,-14.56229],[33.69395,-14.56234],[33.69386,-14.56237],[33.69381,-14.56242],[33.69375,-14.56249],[33.69369,-14.56258],[33.69364,-14.56263]]},"properties":{"id":399062714,"cls":"unclassified","hw":"unclassified","tg":"na","name":"","ref":"","surface":"ground","sc":"unpaved","speed":null,"lit":"unk","km":5.396}},
{"type":"Feature","geometry":{"type":"LineString","coordinates":[[33.69364,-14.56263],[33.69361,-14.56265],[33.69338,-14.56283],[33.69312,-14.56297],[33.69298,-14.56301],[33.6929,-14.56301],[33.69282,-14.56304],[33.69272,-14.56311],[33.69256,-14.5632],[33.69231,-14.56333],[33.69205,-14.56348],[33.69184,-14.56369],[33.69161,-14.56392],[33.69144,-14.56407],[33.69128,-14.56427],[33.69092,-14.56466],[33.69068,-14.56492],[33.69038,-14.56524],[33.69031,-14.56532],[33.69021,-14.56543],[33.69005,-14.56563],[33.68995,-14.56572],[33.68983,-14.56586],[33.68976,-14.56597],[33.68971,-14.56607],[33.68965,-14.56614],[33.68949,-14.56632],[33.68942,-14.56633],[33.68919,-14.56644],[33.689,-14.56659],[33.68863,-14.56688],[33.68847,-14.567],[33.68831,-14.56713],[33.68798,-14.56736],[33.68782,-14.56751],[33.68767,-14.56761],[33.68754,-14.56775],[33.68731,-14.56805],[33.68715,-14.5682],[33.68698,-14.56831],[33.68685,-14.5684],[33.68678,-14.56847],[33.68674,-14.5686],[33.68671,-14.56889],[33.68664,-14.56919],[33.68648,-14.56947],[33.68648,-14.56959],[33.6865,-14.56972],[33.68647,-14.56984],[33.68639,-14.57007],[33.68632,-14.57029],[33.68631,-14.57038],[33.68625,-14.57066],[33.68621,-14.57095],[33.68621,-14.57126],[33.68617,-14.57142],[33.68608,-14.57155],[33.68605,-14.57165],[33.6861,-14.57176],[33.68612,-14.57184],[33.68603,-14.57209],[33.68592,-14.57244],[33.68584,-14.57258],[33.68584,-14.57269],[33.68586,-14.5728],[33.68582,-14.57294],[33.68583,-14.57304],[33.68581,-14.57322],[33.68581,-14.57342],[33.68574,-14.57377],[33.6857,-14.5741],[33.68573,-14.57425],[33.68575,-14.57447],[33.68568,-14.57466],[33.68566,-14.57496],[33.68566,-14.57509],[33.68568,-14.57524],[33.68572,-14.5755],[33.68571,-14.57564],[33.68571,-14.57579],[33.68573,-14.576],[33.68575,-14.57615],[33.68575,-14.57624],[33.68571,-14.57633],[33.68563,-14.5764],[33.68557,-14.57649],[33.68546,-14.57663],[33.68546,-14.5767],[33.68544,-14.57678],[33.68542,-14.57684],[33.68547,-14.577],[33.6855,-14.57714],[33.68546,-14.57729],[33.68546,-14.57736],[33.68547,-14.57743],[33.6855,-14.57771],[33.68552,-14.57794],[33.68558,-14.57825],[33.68556,-14.57856],[33.68548,-14.57889],[33.68545,-14.57938],[33.68553,-14.57962],[33.6855,-14.57976],[33.68548,-14.58],[33.68545,-14.58017],[33.6855,-14.58047],[33.68558,-14.58096],[33.68569,-14.58132],[33.6857,-14.58148],[33.6857,-14.58159],[33.68571,-14.58171],[33.68573,-14.58186],[33.68571,-14.58195],[33.68557,-14.58217],[33.68552,-14.58233],[33.68551,-14.58245],[33.68549,-14.58256],[33.68547,-14.58266],[33.68544,-14.58279],[33.68539,-14.58293],[33.68537,-14.58309],[33.68537,-14.58323],[33.68536,-14.58338],[33.68538,-14.58355],[33.68537,-14.58368],[33.68532,-14.58388],[33.68534,-14.58397],[33.68536,-14.58407],[33.68533,-14.58433],[33.68539,-14.58445],[33.68546,-14.58458],[33.68549,-14.5847],[33.68552,-14.58498],[33.68548,-14.58511],[33.68549,-14.58522],[33.6855,-14.58539],[33.68547,-14.58555],[33.68539,-14.5857],[33.68537,-14.58581],[33.68535,-14.58594],[33.68535,-14.58603],[33.68533,-14.5861],[33.68521,-14.58632],[33.68499,-14.58688],[33.6849,-14.58706],[33.68487,-14.58718],[33.68482,-14.58742],[33.68476,-14.58757],[33.68471,-14.58773],[33.68468,-14.58784],[33.68466,-14.58791],[33.68463,-14.58802],[33.68461,-14.58816],[33.68458,-14.5883],[33.68444,-14.58848],[33.68437,-14.58862],[33.68438,-14.58877],[33.68444,-14.58887],[33.68446,-14.589],[33.68449,-14.58919],[33.68451,-14.58929],[33.68453,-14.58936],[33.68451,-14.58941],[33.68448,-14.58954],[33.68447,-14.58959],[33.68445,-14.58968],[33.68444,-14.58982],[33.68448,-14.58995],[33.68448,-14.59005],[33.68447,-14.59019],[33.68448,-14.59029],[33.68448,-14.59039],[33.68447,-14.59055],[33.68448,-14.59076],[33.68452,-14.59082],[33.68452,-14.59096],[33.68454,-14.59108],[33.68458,-14.59117],[33.6846,-14.59128],[33.68458,-14.59143],[33.68458,-14.59161],[33.68461,-14.59178],[33.68466,-14.59192],[33.68469,-14.59201],[33.68472,-14.59211],[33.68471,-14.59221],[33.68463,-14.59231],[33.68452,-14.59247],[33.68449,-14.59266],[33.68447,-14.59278],[33.68446,-14.5929],[33.68443,-14.593],[33.68438,-14.5931],[33.68435,-14.59321],[33.68428,-14.59345],[33.68421,-14.59362],[33.68423,-14.59372],[33.68422,-14.59386],[33.68422,-14.59403],[33.68421,-14.59418],[33.68418,-14.59438],[33.68418,-14.59453],[33.68416,-14.59461],[33.68413,-14.59474],[33.68407,-14.59489],[33.68393,-14.59523],[33.68389,-14.59551],[33.68383,-14.59577],[33.68379,-14.59603],[33.68378,-14.59627],[33.68377,-14.59649],[33.68376,-14.59665],[33.68379,-14.59692],[33.68371,-14.59705],[33.68372,-14.59715],[33.68381,-14.59721],[33.68397,-14.59736],[33.68395,-14.59742],[33.6839,-14.59751],[33.6839,-14.59757],[33.68388,-14.59767],[33.68385,-14.5978],[33.6838,-14.59798],[33.68379,-14.59824],[33.68377,-14.59844],[33.68375,-14.59854],[33.6837,-14.59868],[33.68364,-14.59884],[33.68357,-14.59893],[33.68355,-14.5992],[33.68349,-14.59946],[33.68348,-14.59958],[33.68345,-14.5997],[33.68341,-14.59989],[33.68343,-14.59998],[33.68345,-14.60003],[33.68342,-14.60006],[33.68341,-14.60012],[33.68341,-14.60028],[33.68342,-14.60036],[33.68343,-14.60046],[33.68345,-14.60052],[33.6835,-14.60058],[33.68349,-14.60065],[33.68348,-14.60076],[33.68348,-14.6008],[33.68345,-14.60084],[33.68338,-14.60088],[33.68332,-14.60093],[33.68328,-14.60102],[33.68325,-14.6011],[33.68318,-14.60119],[33.68316,-14.60128],[33.68313,-14.6014],[33.68305,-14.60154],[33.683,-14.60175],[33.68296,-14.60193],[33.68302,-14.60217],[33.68306,-14.60228],[33.6831,-14.60239],[33.68314,-14.60254],[33.68314,-14.60258],[33.68315,-14.60265],[33.68314,-14.60274],[33.68312,-14.6028],[33.68312,-14.60287],[33.68312,-14.60305],[33.68314,-14.60315],[33.68317,-14.60329],[33.68318,-14.60346],[33.68317,-14.60355],[33.68315,-14.60369],[33.68308,-14.60383],[33.68295,-14.60408],[33.6829,-14.60417],[33.68285,-14.60425],[33.68278,-14.60441],[33.68272,-14.60456],[33.68268,-14.60461],[33.68262,-14.60465],[33.6826,-14.60473],[33.68261,-14.6048],[33.68258,-14.60485],[33.68263,-14.60494],[33.68257,-14.60505],[33.6825,-14.60518],[33.68241,-14.60535],[33.68233,-14.60548],[33.68227,-14.60558],[33.68224,-14.6057],[33.6822,-14.60575],[33.68216,-14.60579],[33.68212,-14.60582],[33.68208,-14.60584],[33.68205,-14.60589],[33.68204,-14.60594],[33.68202,-14.60603],[33.68198,-14.60607],[33.68193,-14.60613],[33.68188,-14.60616],[33.68178,-14.60624],[33.68169,-14.60635],[33.6816,-14.60645],[33.68148,-14.60663],[33.68138,-14.60677],[33.68131,-14.60689],[33.68125,-14.60702],[33.68118,-14.60714],[33.68109,-14.60725],[33.68102,-14.60736],[33.68096,-14.60756],[33.68093,-14.60783],[33.68087,-14.60813],[33.68082,-14.60835],[33.6808,-14.60856],[33.68076,-14.6087],[33.68067,-14.60881],[33.68054,-14.60888],[33.68042,-14.60895],[33.6803,-14.60896],[33.6802,-14.60896],[33.68005,-14.60896],[33.67995,-14.60895],[33.67984,-14.60893],[33.67978,-14.60895],[33.6797,-14.60899],[33.67963,-14.60905],[33.67954,-14.6091],[33.67943,-14.60912],[33.67925,-14.60912],[33.67903,-14.60915],[33.67883,-14.60922],[33.67873,-14.60926],[33.67863,-14.60936],[33.67852,-14.60952],[33.6783,-14.60978],[33.67819,-14.61001],[33.67796,-14.61032],[33.67767,-14.61083],[33.67727,-14.61149],[33.67698,-14.61191],[33.67661,-14.61235],[33.67627,-14.61268],[33.67589,-14.61297],[33.67555,-14.61321],[33.67532,-14.61338],[33.6751,-14.6135],[33.67497,-14.61356],[33.67485,-14.61361],[33.67477,-14.61366],[33.67471,-14.6137],[33.67466,-14.61375],[33.6746,-14.61382],[33.67451,-14.61392],[33.67436,-14.61404],[33.67428,-14.6141],[33.6742,-14.61416],[33.67414,-14.61422],[33.67409,-14.61427],[33.67408,-14.6143],[33.67407,-14.61434],[33.67404,-14.61438],[33.67395,-14.61449],[33.67382,-14.61462],[33.67376,-14.61467],[33.67371,-14.6147],[33.67365,-14.61473],[33.67361,-14.61475],[33.67357,-14.61477],[33.67352,-14.61482],[33.67346,-14.61488],[33.67327,-14.61507],[33.67293,-14.61537],[33.67264,-14.61562],[33.67249,-14.61574],[33.67233,-14.61589],[33.67225,-14.61594],[33.67218,-14.61597],[33.67214,-14.61598],[33.67209,-14.61599],[33.67203,-14.616],[33.67196,-14.616],[33.67188,-14.61601],[33.67181,-14.61602],[33.67173,-14.61604],[33.67165,-14.61605],[33.67158,-14.61607],[33.67147,-14.6161],[33.67139,-14.61612]]},"properties":{"id":399062718,"cls":"unclassified","hw":"unclassified","tg":"na","name":"","ref":"","surface":"ground","sc":"unpaved","speed":null,"lit":"unk","km":7.076}},
{"type":"Feature","geometry":{"type":"LineString","coordinates":[[33.6908,-14.60117],[33.69129,-14.60121],[33.69209,-14.60119],[33.69257,-14.6012],[33.69286,-14.6012]]},"properties":{"id":399064601,"cls":"path","hw":"path","tg":"na","name":"","ref":"","surface":"","sc":"unknown","speed":null,"lit":"unk","km":0.222}},
{"type":"Feature","geometry":{"type":"LineString","coordinates":[[33.69154,-14.60361],[33.69145,-14.60373],[33.69144,-14.60376],[33.69144,-14.60381],[33.69144,-14.60384],[33.69145,-14.60388],[33.69145,-14.60393],[33.69146,-14.604],[33.69149,-14.6041],[33.6915,-14.60422],[33.69152,-14.6043],[33.69153,-14.60438],[33.69155,-14.60449],[33.69156,-14.60456],[33.69157,-14.60463],[33.69158,-14.60474],[33.69159,-14.60482],[33.6916,-14.6049],[33.69162,-14.60498],[33.69163,-14.60503],[33.69165,-14.6051],[33.69167,-14.60517],[33.69169,-14.60522],[33.69172,-14.60528],[33.69174,-14.60533],[33.69178,-14.60538],[33.69183,-14.60545],[33.69188,-14.6055],[33.69191,-14.60555],[33.69194,-14.60559],[33.69195,-14.60563],[33.69196,-14.60568],[33.69196,-14.60573],[33.69197,-14.60583],[33.69197,-14.60615],[33.69196,-14.60626],[33.69196,-14.60633],[33.69198,-14.6064],[33.69199,-14.60644],[33.69197,-14.60655],[33.69197,-14.60672],[33.69196,-14.6069],[33.69196,-14.60702],[33.69196,-14.60714],[33.69197,-14.60719],[33.69198,-14.60732],[33.692,-14.60742],[33.69201,-14.60748],[33.69203,-14.60752],[33.69206,-14.60757],[33.69215,-14.60768],[33.69225,-14.60776],[33.69233,-14.60781],[33.69239,-14.60787],[33.69247,-14.60794],[33.69256,-14.60807],[33.69272,-14.60828],[33.69288,-14.60848],[33.69295,-14.60855],[33.693,-14.60861],[33.69308,-14.6087],[33.69319,-14.60881],[33.69324,-14.60889],[33.69329,-14.60896],[33.69333,-14.60904],[33.69335,-14.60909],[33.69337,-14.60913],[33.69339,-14.60917],[33.69341,-14.60931],[33.69343,-14.60946],[33.69345,-14.60963],[33.69346,-14.60973],[33.69348,-14.60981],[33.69349,-14.60986],[33.69351,-14.6099],[33.69354,-14.60996],[33.6936,-14.61007],[33.69367,-14.61015],[33.69378,-14.61027],[33.69384,-14.61034],[33.69396,-14.61047],[33.69404,-14.61057],[33.69416,-14.61075],[33.69425,-14.61088],[33.69435,-14.61103],[33.69441,-14.61111],[33.69444,-14.61115],[33.69451,-14.61117],[33.69464,-14.6112],[33.69514,-14.61128]]},"properties":{"id":399064605,"cls":"unclassified","hw":"unclassified","tg":"na","name":"","ref":"","surface":"","sc":"unknown","speed":null,"lit":"unk","km":1.019}},
{"type":"Feature","geometry":{"type":"LineString","coordinates":[[33.69029,-14.60383],[33.69048,-14.60396],[33.69056,-14.60401],[33.69063,-14.60406],[33.69075,-14.60412],[33.6909,-14.60419],[33.69103,-14.60425],[33.69108,-14.60427],[33.69113,-14.60429],[33.69118,-14.60431],[33.69123,-14.60433],[33.69127,-14.60436],[33.69133,-14.6044],[33.69141,-14.60448],[33.69147,-14.60455],[33.69151,-14.6046],[33.69154,-14.60462],[33.69157,-14.60463]]},"properties":{"id":399064607,"cls":"track","hw":"track","tg":"none","name":"","ref":"","surface":"","sc":"unknown","speed":null,"lit":"unk","km":0.166}},
{"type":"Feature","geometry":{"type":"LineString","coordinates":[[33.69198,-14.6064],[33.69208,-14.60644],[33.69213,-14.60646],[33.69218,-14.6065],[33.69228,-14.60656],[33.69234,-14.60659],[33.6924,-14.60663],[33.69247,-14.60667],[33.69253,-14.60671],[33.69256,-14.60674],[33.69259,-14.60675],[33.69262,-14.60676],[33.69268,-14.60677],[33.69271,-14.60678],[33.69277,-14.60677],[33.69283,-14.60677],[33.69289,-14.60674],[33.69291,-14.60674],[33.69296,-14.60675],[33.69311,-14.60681],[33.69327,-14.60687],[33.69347,-14.60694],[33.69363,-14.60702],[33.69382,-14.60712],[33.69392,-14.60718],[33.69396,-14.60719],[33.694,-14.60718],[33.69406,-14.60715],[33.69427,-14.60699],[33.6944,-14.6069]]},"properties":{"id":399064611,"cls":"residential","hw":"residential","tg":"na","name":"","ref":"","surface":"","sc":"unknown","speed":null,"lit":"unk","km":0.294}},
{"type":"Feature","geometry":{"type":"LineString","coordinates":[[33.69661,-14.60477],[33.69661,-14.60478],[33.69663,-14.60483],[33.69664,-14.60491],[33.69665,-14.60501],[33.69665,-14.60505],[33.69664,-14.60509],[33.69661,-14.60512],[33.69658,-14.60515],[33.6965,-14.60523],[33.69634,-14.60538],[33.69623,-14.60545],[33.6961,-14.60554],[33.69595,-14.60561],[33.69578,-14.60568],[33.6957,-14.6057],[33.6956,-14.60572],[33.69544,-14.60575],[33.69533,-14.60581],[33.69526,-14.60589],[33.69521,-14.60598],[33.69516,-14.6061],[33.69507,-14.60624],[33.69498,-14.60632],[33.69491,-14.60639],[33.69482,-14.60647],[33.69476,-14.60653],[33.6947,-14.60661],[33.69466,-14.60665],[33.6946,-14.60673],[33.69454,-14.60679],[33.69449,-14.60682],[33.6944,-14.6069]]},"properties":{"id":399064612,"cls":"unclassified","hw":"unclassified","tg":"na","name":"","ref":"","surface":"","sc":"unknown","speed":null,"lit":"unk","km":0.361}},
{"type":"Feature","geometry":{"type":"LineString","coordinates":[[33.71041,-14.51438],[33.71021,-14.51455],[33.71013,-14.51468],[33.71005,-14.51488],[33.70939,-14.51529],[33.70911,-14.51534],[33.70842,-14.51554],[33.70771,-14.51579],[33.70696,-14.5158],[33.7069,-14.51579],[33.70681,-14.51579],[33.70629,-14.5156],[33.70594,-14.51544],[33.70562,-14.5153],[33.70551,-14.51524],[33.705,-14.51497],[33.70473,-14.51483],[33.70414,-14.51474],[33.70371,-14.51468],[33.70332,-14.51476],[33.7032,-14.51476],[33.70284,-14.51471],[33.70251,-14.51471],[33.70233,-14.51466],[33.70186,-14.51472],[33.7017,-14.51476],[33.7014,-14.51489],[33.70102,-14.51515],[33.70064,-14.51537],[33.70034,-14.51569],[33.70003,-14.51588],[33.6997,-14.51589],[33.69948,-14.51589],[33.69934,-14.51579],[33.69912,-14.51579],[33.69891,-14.51579],[33.69855,-14.51577],[33.6983,-14.51569],[33.69813,-14.51563],[33.69799,-14.51549],[33.69784,-14.51538],[33.69772,-14.51526],[33.69758,-14.51496],[33.69743,-14.51477],[33.69727,-14.51464],[33.69717,-14.51453],[33.69712,-14.51425]]},"properties":{"id":399312104,"cls":"unclassified","hw":"unclassified","tg":"na","name":"","ref":"","surface":"unpaved","sc":"unpaved","speed":null,"lit":"unk","km":1.645}},
{"type":"Feature","geometry":{"type":"LineString","coordinates":[[33.69729,-14.5237],[33.6973,-14.52376],[33.69733,-14.52501],[33.69732,-14.52678],[33.69733,-14.52818],[33.69727,-14.52969],[33.69743,-14.53],[33.6974,-14.53059],[33.69741,-14.53194],[33.69744,-14.53278],[33.69745,-14.53296],[33.6975,-14.53564],[33.6975,-14.53746],[33.69753,-14.53866],[33.69754,-14.53956],[33.69756,-14.54051],[33.6976,-14.54133],[33.69788,-14.54221],[33.6982,-14.54328],[33.69894,-14.54563],[33.6992,-14.54624],[33.6996,-14.54745],[33.69996,-14.54843],[33.70036,-14.5495],[33.70033,-14.54961],[33.70044,-14.55031],[33.70052,-14.55108],[33.70052,-14.55147],[33.70059,-14.55187],[33.7006,-14.55206],[33.70067,-14.55224],[33.70191,-14.55424],[33.70211,-14.55463],[33.70233,-14.55487],[33.70273,-14.55549],[33.70416,-14.55773],[33.70433,-14.55808],[33.70483,-14.55925],[33.7059,-14.56272],[33.70617,-14.56354],[33.70644,-14.56443],[33.70638,-14.56463],[33.70626,-14.56507],[33.7055,-14.56794],[33.70527,-14.56859],[33.70512,-14.5692],[33.70527,-14.56959],[33.70541,-14.56986],[33.70548,-14.56996],[33.70567,-14.57006],[33.70607,-14.57027],[33.70624,-14.57043],[33.70639,-14.57053],[33.70656,-14.57067],[33.70666,-14.57076],[33.70669,-14.57081],[33.70671,-14.57089],[33.70677,-14.57099],[33.70684,-14.57119],[33.70689,-14.57133],[33.70695,-14.57146],[33.70701,-14.57155],[33.70707,-14.5716],[33.70714,-14.57163],[33.70722,-14.57164],[33.70734,-14.57163],[33.70749,-14.57162],[33.70762,-14.57159],[33.7077,-14.5716],[33.70777,-14.57166],[33.70785,-14.57172],[33.708,-14.57176],[33.70813,-14.5718],[33.70827,-14.57181],[33.70847,-14.57183],[33.70858,-14.57187],[33.7087,-14.57191],[33.7088,-14.57197],[33.70889,-14.57201],[33.70898,-14.57202],[33.70908,-14.57205],[33.7092,-14.57209],[33.70931,-14.57209],[33.70945,-14.57211],[33.70954,-14.57213],[33.70965,-14.57212],[33.70978,-14.57216],[33.70986,-14.57219],[33.70994,-14.57219],[33.71004,-14.57216],[33.71012,-14.57213]]},"properties":{"id":399312105,"cls":"unclassified","hw":"unclassified","tg":"na","name":"","ref":"","surface":"","sc":"unknown","speed":null,"lit":"unk","km":5.98}},
{"type":"Feature","geometry":{"type":"LineString","coordinates":[[33.68118,-14.52043],[33.68132,-14.52048],[33.6814,-14.52053],[33.68142,-14.52055],[33.68144,-14.52057],[33.68157,-14.52061],[33.68173,-14.52064]]},"properties":{"id":399319814,"cls":"path","hw":"path","tg":"na","name":"","ref":"","surface":"","sc":"unknown","speed":null,"lit":"unk","km":0.065}},
{"type":"Feature","geometry":{"type":"LineString","coordinates":[[33.68451,-14.51933],[33.68456,-14.51948],[33.68461,-14.51967],[33.68456,-14.51988],[33.68446,-14.52007],[33.68401,-14.52072],[33.68387,-14.52093],[33.68361,-14.52153],[33.68323,-14.5219],[33.68286,-14.52255],[33.68267,-14.52272],[33.68248,-14.52309],[33.68239,-14.52314],[33.6822,-14.52361],[33.68197,-14.52402],[33.6817,-14.52448],[33.68122,-14.52511],[33.67727,-14.53212]]},"properties":{"id":399321698,"cls":"track","hw":"track","tg":"none","name":"","ref":"","surface":"","sc":"unknown","speed":null,"lit":"unk","km":1.641}},
{"type":"Feature","geometry":{"type":"LineString","coordinates":[[33.66798,-14.54396],[33.66865,-14.54448],[33.66866,-14.54449],[33.66867,-14.54452],[33.66868,-14.54461],[33.6687,-14.54468],[33.66878,-14.54481],[33.66882,-14.54485],[33.66887,-14.54492],[33.66892,-14.54503],[33.66895,-14.5451],[33.66896,-14.54516],[33.66896,-14.54531],[33.66893,-14.54552],[33.66886,-14.54592],[33.66876,-14.54636],[33.6687,-14.54669],[33.66865,-14.54692],[33.66874,-14.54741],[33.66877,-14.54754]]},"properties":{"id":399321699,"cls":"path","hw":"path","tg":"na","name":"","ref":"","surface":"ground","sc":"unpaved","speed":null,"lit":"unk","km":0.446}},
{"type":"Feature","geometry":{"type":"LineString","coordinates":[[33.69729,-14.5237],[33.69778,-14.52416],[33.69791,-14.52443],[33.6983,-14.5249],[33.69879,-14.5257],[33.69892,-14.52623],[33.69925,-14.52706],[33.69959,-14.52748],[33.70002,-14.52804],[33.70013,-14.52819],[33.70022,-14.52827],[33.70031,-14.52834],[33.70043,-14.52842],[33.70053,-14.52848],[33.70062,-14.52855],[33.7007,-14.52865],[33.70078,-14.52875],[33.70094,-14.52889],[33.70102,-14.529],[33.70108,-14.52908],[33.70114,-14.52923],[33.70122,-14.5294],[33.70131,-14.52952],[33.70136,-14.5296],[33.70154,-14.52978],[33.70171,-14.52986],[33.70188,-14.52993],[33.702,-14.52998],[33.70214,-14.53001],[33.70231,-14.53006],[33.70242,-14.53011],[33.70261,-14.53025],[33.70275,-14.53038],[33.7029,-14.53053],[33.70304,-14.53066],[33.70321,-14.53089],[33.70332,-14.53108],[33.70346,-14.53135],[33.70349,-14.53142],[33.7035,-14.53149],[33.70349,-14.53166],[33.70349,-14.53181],[33.7035,-14.5319],[33.70354,-14.53197],[33.70359,-14.53208],[33.70368,-14.5322],[33.70378,-14.5323],[33.70388,-14.53239],[33.70393,-14.53246],[33.70398,-14.53253],[33.70403,-14.53261],[33.70408,-14.53272],[33.70411,-14.53276],[33.70413,-14.53279],[33.70418,-14.53284],[33.70427,-14.53289],[33.70436,-14.53292],[33.70449,-14.53294],[33.70458,-14.53298],[33.70463,-14.533],[33.70467,-14.53301],[33.70472,-14.53302],[33.70481,-14.53303],[33.70494,-14.53304],[33.7051,-14.53305],[33.70522,-14.53305],[33.7053,-14.53306],[33.70536,-14.53308],[33.70543,-14.53311],[33.70553,-14.53315],[33.70579,-14.53326],[33.70599,-14.53334],[33.70627,-14.53344],[33.7065,-14.53352],[33.70668,-14.53358],[33.70675,-14.53361],[33.707,-14.53376]]},"properties":{"id":399321702,"cls":"track","hw":"track","tg":"none","name":"","ref":"","surface":"","sc":"unknown","speed":null,"lit":"unk","km":1.628}},
{"type":"Feature","geometry":{"type":"LineString","coordinates":[[33.71023,-14.52612],[33.71053,-14.5267],[33.71065,-14.5269],[33.71074,-14.52708],[33.7108,-14.52717],[33.71086,-14.52726],[33.71091,-14.52732],[33.71097,-14.52739],[33.71107,-14.5275],[33.71121,-14.52764],[33.71147,-14.52796],[33.71159,-14.52809],[33.71171,-14.52822],[33.71182,-14.52834],[33.7119,-14.5284]]},"properties":{"id":399323355,"cls":"residential","hw":"residential","tg":"na","name":"","ref":"","surface":"","sc":"unknown","speed":null,"lit":"unk","km":0.313}},
{"type":"Feature","geometry":{"type":"LineString","coordinates":[[33.71227,-14.52592],[33.71226,-14.52625],[33.71226,-14.52654],[33.71224,-14.52671],[33.71224,-14.52676],[33.71222,-14.52684],[33.7122,-14.52693],[33.71219,-14.52703],[33.7122,-14.52711],[33.71219,-14.52718],[33.71218,-14.52724],[33.71216,-14.52731],[33.71201,-14.52771],[33.71198,-14.52784],[33.71194,-14.52805],[33.7119,-14.52826],[33.71189,-14.52833],[33.71189,-14.52837],[33.7119,-14.5284],[33.71198,-14.5286],[33.71202,-14.52873],[33.71206,-14.52889],[33.71209,-14.52901],[33.71211,-14.52914],[33.71211,-14.52927],[33.71211,-14.52949],[33.71212,-14.52966],[33.71213,-14.52982],[33.71212,-14.53008]]},"properties":{"id":399323356,"cls":"unclassified","hw":"unclassified","tg":"na","name":"","ref":"","surface":"","sc":"unknown","speed":null,"lit":"unk","km":0.471}},
{"type":"Feature","geometry":{"type":"LineString","coordinates":[[33.71715,-14.56883],[33.71726,-14.5692],[33.71735,-14.5694],[33.71745,-14.56962],[33.71766,-14.56997],[33.71779,-14.5702],[33.71786,-14.57036],[33.71791,-14.5705],[33.718,-14.57083],[33.71807,-14.57105],[33.71813,-14.5713],[33.71815,-14.57142],[33.71815,-14.57155],[33.71812,-14.57189],[33.71809,-14.57209],[33.71808,-14.57225],[33.71809,-14.57238],[33.71809,-14.57252],[33.71806,-14.57255],[33.7179,-14.57255],[33.71775,-14.57255],[33.71757,-14.57258],[33.7174,-14.57263]]},"properties":{"id":399323357,"cls":"residential","hw":"residential","tg":"na","name":"","ref":"","surface":"","sc":"unknown","speed":null,"lit":"unk","km":0.509}},
{"type":"Feature","geometry":{"type":"LineString","coordinates":[[33.72958,-14.58472],[33.72945,-14.58487],[33.7293,-14.58507],[33.72914,-14.58529],[33.72901,-14.58547],[33.7288,-14.58571],[33.72852,-14.58601],[33.72827,-14.58627],[33.72815,-14.5864],[33.72811,-14.5865],[33.72808,-14.58661],[33.72804,-14.58675],[33.72799,-14.58696],[33.72796,-14.58703],[33.72792,-14.58708],[33.72787,-14.58716],[33.72785,-14.58722],[33.72784,-14.5873],[33.72786,-14.58739],[33.72786,-14.58751],[33.72782,-14.58764],[33.72777,-14.5878],[33.72776,-14.58801],[33.72778,-14.58819],[33.72775,-14.58834],[33.72764,-14.58851],[33.72746,-14.58877],[33.72724,-14.58906],[33.72716,-14.58916],[33.72709,-14.58929],[33.72702,-14.58945],[33.72693,-14.58964],[33.72688,-14.58975],[33.72682,-14.58982],[33.72674,-14.58989],[33.72662,-14.58997],[33.72652,-14.59004],[33.72639,-14.59013],[33.72618,-14.59025],[33.72584,-14.59043],[33.72577,-14.59046],[33.72561,-14.59049],[33.7255,-14.59051],[33.72544,-14.59053],[33.72537,-14.59058],[33.72525,-14.59066],[33.72519,-14.59067],[33.72512,-14.59067],[33.72494,-14.59067],[33.72481,-14.59065],[33.72472,-14.59064],[33.72465,-14.59064],[33.72459,-14.59064],[33.72451,-14.59066],[33.72442,-14.59066],[33.72436,-14.59065],[33.72428,-14.5906],[33.72417,-14.59053],[33.72406,-14.59045],[33.72398,-14.59038],[33.72392,-14.59032],[33.72369,-14.5901],[33.72361,-14.59001],[33.72355,-14.58993],[33.72349,-14.58983],[33.72334,-14.58959],[33.72324,-14.58939],[33.72316,-14.58928],[33.72309,-14.58921],[33.72304,-14.58913],[33.72274,-14.58861],[33.7226,-14.58836],[33.72243,-14.58795],[33.72235,-14.58778],[33.72223,-14.58761],[33.72215,-14.58752],[33.72208,-14.58744],[33.72191,-14.58732],[33.72182,-14.58722],[33.72177,-14.58711],[33.72169,-14.587],[33.7215,-14.58682],[33.7214,-14.58667],[33.72129,-14.58651],[33.72119,-14.58631],[33.72116,-14.58621],[33.72115,-14.58605],[33.72112,-14.58594],[33.72108,-14.58581],[33.72059,-14.58506],[33.72044,-14.58485],[33.72027,-14.58468],[33.72001,-14.58434],[33.71987,-14.58417],[33.71975,-14.58397],[33.7196,-14.58375],[33.71947,-14.58356],[33.71908,-14.58304],[33.71893,-14.58287],[33.71884,-14.58279],[33.71872,-14.58272],[33.71855,-14.58265],[33.71839,-14.58259],[33.71825,-14.58255],[33.71811,-14.58253],[33.71796,-14.5825],[33.71747,-14.58238],[33.71729,-14.58236],[33.71716,-14.58236],[33.71694,-14.58237],[33.7168,-14.58235],[33.71667,-14.5823],[33.71648,-14.58222]]},"properties":{"id":399328937,"cls":"unclassified","hw":"unclassified","tg":"na","name":"","ref":"","surface":"","sc":"unknown","speed":null,"lit":"unk","km":2.288}},
{"type":"Feature","geometry":{"type":"LineString","coordinates":[[33.72866,-14.63663],[33.72861,-14.63655],[33.72857,-14.6365],[33.72845,-14.63637],[33.72844,-14.63632],[33.72839,-14.63622],[33.72834,-14.63609],[33.72834,-14.63591],[33.72829,-14.63585],[33.72823,-14.63577],[33.72817,-14.63569],[33.72815,-14.63566],[33.72813,-14.63561],[33.72808,-14.63557],[33.72803,-14.6355],[33.72793,-14.63535],[33.72797,-14.63527],[33.72797,-14.6352],[33.72796,-14.63508],[33.72797,-14.63495],[33.72801,-14.63467],[33.72804,-14.63451],[33.72805,-14.63437],[33.72804,-14.63426],[33.72802,-14.63416],[33.72799,-14.63403],[33.72796,-14.63391],[33.72792,-14.63382],[33.72787,-14.63372],[33.72782,-14.63363],[33.72777,-14.63358],[33.7277,-14.63351],[33.72766,-14.63346],[33.72755,-14.63343],[33.72749,-14.63339],[33.72739,-14.63327],[33.72731,-14.63315],[33.72722,-14.63308],[33.72716,-14.63301],[33.72697,-14.63285],[33.72677,-14.63267],[33.72662,-14.63256],[33.72637,-14.63238],[33.7261,-14.63215],[33.72595,-14.632],[33.72584,-14.63189],[33.72566,-14.63178],[33.72551,-14.6317],[33.72539,-14.63164],[33.72526,-14.63153],[33.72513,-14.63143],[33.72504,-14.63137],[33.72476,-14.63123],[33.72449,-14.63113],[33.72424,-14.63096],[33.72416,-14.63091],[33.72385,-14.63079],[33.72363,-14.63071],[33.72339,-14.63061],[33.72305,-14.63044],[33.7228,-14.63033],[33.72269,-14.6303],[33.7225,-14.63029],[33.72236,-14.6303],[33.72221,-14.63025],[33.72211,-14.63022],[33.72198,-14.63018],[33.72185,-14.63014],[33.72176,-14.63015],[33.72165,-14.63009],[33.72159,-14.63007],[33.72147,-14.63008],[33.72131,-14.63013],[33.72116,-14.63016],[33.72105,-14.63018],[33.72087,-14.63016],[33.72068,-14.63015],[33.72056,-14.63023],[33.72045,-14.6303],[33.72027,-14.63045],[33.72002,-14.63066],[33.7199,-14.63074],[33.71986,-14.63076],[33.71977,-14.63078],[33.71966,-14.63074],[33.71954,-14.63064],[33.71941,-14.63049],[33.7193,-14.63038],[33.7192,-14.63031],[33.71769,-14.62936],[33.71721,-14.62908],[33.71681,-14.62876],[33.71648,-14.62848],[33.7163,-14.62821],[33.71602,-14.62793],[33.71588,-14.62776],[33.71576,-14.62748],[33.71567,-14.62733],[33.71549,-14.62725],[33.71529,-14.62701],[33.71505,-14.6268],[33.71487,-14.62667],[33.71472,-14.62657],[33.71448,-14.6263],[33.71423,-14.62596],[33.71414,-14.62579],[33.71404,-14.62563],[33.71405,-14.62539],[33.71405,-14.62519],[33.71398,-14.62484],[33.71406,-14.62444],[33.71409,-14.62419],[33.71409,-14.62391],[33.71412,-14.6238],[33.71414,-14.62375],[33.71424,-14.62356],[33.71424,-14.6233],[33.71424,-14.6232],[33.71429,-14.62314],[33.71446,-14.62296],[33.71451,-14.62283],[33.71452,-14.62268],[33.71439,-14.62252],[33.71441,-14.62241],[33.71468,-14.62129],[33.71484,-14.62079],[33.71499,-14.62041],[33.71536,-14.61915],[33.71546,-14.6187],[33.71547,-14.61867],[33.71551,-14.61856],[33.7156,-14.61845],[33.71564,-14.61834],[33.71564,-14.61821],[33.71567,-14.61806],[33.71573,-14.61789],[33.71581,-14.61766],[33.71592,-14.61741],[33.71608,-14.61699],[33.71616,-14.61676],[33.71628,-14.61647],[33.71634,-14.6163],[33.71638,-14.616],[33.71645,-14.61566],[33.71644,-14.61524],[33.71648,-14.61504],[33.71653,-14.61475],[33.71669,-14.61419],[33.7168,-14.6137],[33.71688,-14.61333],[33.717,-14.61306],[33.71708,-14.61271],[33.71717,-14.61246],[33.7173,-14.6121],[33.71729,-14.61187],[33.71731,-14.61169],[33.71733,-14.61144],[33.71737,-14.61122],[33.71746,-14.61074],[33.71752,-14.61069],[33.71753,-14.61059],[33.7175,-14.61048],[33.71749,-14.61028],[33.71753,-14.61011],[33.71758,-14.60986],[33.71762,-14.60971],[33.71763,-14.6096],[33.71764,-14.6095],[33.71768,-14.60935],[33.71773,-14.60924],[33.71778,-14.60913],[33.71779,-14.60904],[33.71778,-14.60895],[33.71776,-14.60882],[33.71773,-14.60874],[33.71767,-14.60865],[33.71759,-14.60854],[33.71754,-14.60849],[33.7175,-14.60845],[33.71744,-14.60842],[33.71735,-14.60838],[33.71724,-14.6083],[33.71715,-14.6082],[33.71708,-14.60811],[33.71698,-14.60799],[33.71692,-14.60792],[33.71683,-14.60779],[33.71666,-14.60755],[33.71648,-14.60717],[33.71626,-14.60645],[33.71613,-14.60566],[33.71611,-14.6043],[33.7164,-14.60362],[33.71661,-14.60279],[33.71661,-14.60202],[33.71642,-14.60128],[33.71574,-14.60031],[33.71572,-14.60027],[33.71567,-14.60017],[33.71561,-14.60005],[33.71556,-14.59992],[33.7155,-14.59978],[33.71547,-14.59966],[33.71546,-14.59956],[33.71546,-14.59945],[33.71546,-14.59934],[33.71546,-14.59927],[33.71546,-14.59919],[33.71546,-14.59913],[33.71548,-14.59905],[33.71559,-14.59866],[33.71561,-14.59856],[33.71561,-14.59847],[33.7156,-14.59834],[33.7156,-14.59824],[33.71561,-14.59813],[33.71563,-14.598],[33.71564,-14.59794],[33.71568,-14.59788],[33.71575,-14.59778],[33.71582,-14.59769],[33.71593,-14.59759],[33.716,-14.5975],[33.71611,-14.59727],[33.71613,-14.5972],[33.71613,-14.59711],[33.71614,-14.59692],[33.71614,-14.59684],[33.71615,-14.59676],[33.71617,-14.59665],[33.71619,-14.59651],[33.71621,-14.5963],[33.7162,-14.59608],[33.71619,-14.59602],[33.71618,-14.59597],[33.7161,-14.59572],[33.71607,-14.59565],[33.71605,-14.59559],[33.71582,-14.59514],[33.71557,-14.59465],[33.71554,-14.59458],[33.71553,-14.59453],[33.7155,-14.59441],[33.71547,-14.59422],[33.71541,-14.59393],[33.71539,-14.59378],[33.71538,-14.59368],[33.71536,-14.59349],[33.71534,-14.59319],[33.71533,-14.59298],[33.71532,-14.59277],[33.71532,-14.59266],[33.71533,-14.59258],[33.71536,-14.59245],[33.71538,-14.59237],[33.71541,-14.59231],[33.71556,-14.5919],[33.71562,-14.59166],[33.71567,-14.59138],[33.71573,-14.5911],[33.71577,-14.59098],[33.7158,-14.5908],[33.71582,-14.59065],[33.71584,-14.5905],[33.71586,-14.59035],[33.71592,-14.5901],[33.71595,-14.58995],[33.71596,-14.58984],[33.716,-14.5894],[33.71601,-14.58882],[33.71601,-14.58869],[33.71601,-14.58853],[33.71602,-14.58835],[33.7161,-14.58789],[33.71613,-14.58761],[33.71613,-14.58752],[33.71613,-14.58741],[33.71611,-14.58728],[33.71608,-14.58705],[33.71605,-14.58681],[33.71603,-14.58668],[33.71599,-14.58653],[33.71596,-14.58643],[33.71594,-14.58634],[33.71593,-14.58623],[33.7159,-14.58599],[33.71589,-14.58587],[33.71589,-14.58576],[33.71587,-14.58565],[33.71585,-14.58553],[33.71584,-14.58548],[33.71584,-14.58544],[33.71585,-14.58539],[33.71593,-14.58491],[33.71595,-14.58477],[33.71596,-14.58464],[33.71599,-14.58454],[33.71607,-14.58425],[33.71609,-14.58416],[33.71611,-14.58402],[33.71613,-14.58389],[33.71614,-14.58383],[33.71617,-14.58376],[33.7162,-14.58369],[33.71627,-14.58353],[33.71632,-14.58339],[33.71635,-14.5833],[33.71641,-14.58312],[33.71642,-14.58302],[33.71643,-14.58289],[33.71644,-14.58279],[33.71646,-14.5827],[33.71651,-14.5825],[33.71652,-14.58244],[33.71651,-14.58236],[33.7165,-14.58229],[33.71648,-14.58222],[33.71644,-14.58215],[33.71643,-14.58211],[33.71642,-14.58205],[33.71642,-14.58199],[33.71647,-14.58157],[33.71649,-14.58135],[33.71652,-14.58116],[33.71655,-14.58093],[33.71659,-14.58078],[33.71664,-14.58064],[33.71667,-14.58055],[33.71671,-14.58045],[33.7168,-14.58025],[33.71682,-14.58021],[33.71684,-14.58014],[33.71685,-14.58007],[33.7169,-14.5798],[33.71691,-14.57971],[33.71692,-14.57963],[33.71695,-14.57956],[33.71698,-14.57947],[33.71702,-14.57933],[33.71705,-14.57917],[33.7171,-14.57897],[33.71712,-14.57893],[33.71714,-14.57888],[33.71735,-14.57853],[33.71753,-14.57822],[33.71762,-14.57803],[33.71767,-14.57787],[33.71772,-14.57767],[33.71778,-14.57739],[33.71781,-14.57716],[33.71785,-14.5769],[33.71795,-14.57629],[33.71811,-14.57528],[33.71811,-14.57516],[33.71811,-14.57503],[33.71808,-14.5747],[33.71804,-14.57436],[33.71801,-14.57415],[33.71797,-14.57397],[33.71785,-14.57355],[33.71778,-14.57334],[33.71767,-14.57308],[33.71757,-14.57293],[33.7174,-14.57263],[33.71727,-14.5724],[33.71717,-14.57216],[33.71706,-14.57194],[33.71699,-14.57179],[33.71693,-14.57165],[33.71688,-14.57149],[33.71687,-14.57143],[33.71685,-14.57129],[33.7168,-14.57099],[33.71675,-14.57056],[33.71674,-14.57035],[33.71674,-14.57006],[33.71672,-14.56986],[33.71675,-14.56973],[33.7168,-14.56959],[33.71684,-14.56946],[33.71691,-14.56932],[33.71697,-14.56916],[33.71704,-14.56903],[33.71715,-14.56883],[33.71719,-14.56874],[33.71722,-14.56861],[33.71724,-14.56853],[33.71727,-14.56842],[33.7173,-14.56834],[33.71742,-14.56806],[33.71745,-14.5679],[33.71744,-14.56778],[33.71744,-14.5676],[33.71744,-14.56732],[33.71746,-14.56709],[33.7175,-14.56682],[33.71754,-14.56658],[33.71761,-14.56631],[33.71768,-14.56598],[33.71773,-14.56569],[33.71777,-14.56532],[33.71776,-14.565],[33.71775,-14.56476],[33.71766,-14.56416],[33.71763,-14.56398],[33.71751,-14.56335],[33.71736,-14.56249],[33.71732,-14.56212],[33.71729,-14.56179],[33.71727,-14.5616],[33.71727,-14.56137],[33.71727,-14.56084],[33.71727,-14.56023],[33.71727,-14.56005],[33.71725,-14.55988],[33.71724,-14.55966],[33.71723,-14.55938],[33.71721,-14.55919],[33.71718,-14.55888],[33.71717,-14.55868],[33.71718,-14.5584],[33.71721,-14.55806],[33.71723,-14.55776],[33.71723,-14.55744],[33.71721,-14.55623],[33.71718,-14.55604],[33.71717,-14.55591],[33.71717,-14.55572],[33.71717,-14.55544],[33.71717,-14.55522],[33.71721,-14.5543],[33.71722,-14.55384],[33.71724,-14.55279],[33.71725,-14.55251],[33.71727,-14.55214],[33.71729,-14.55193],[33.71731,-14.55179],[33.71737,-14.55152],[33.71741,-14.55132],[33.71749,-14.55102],[33.71754,-14.55088],[33.71767,-14.55055],[33.71775,-14.55037],[33.71781,-14.55021],[33.71784,-14.55008],[33.71788,-14.54969],[33.71791,-14.54938],[33.7179,-14.54917],[33.71788,-14.54905],[33.71782,-14.54873],[33.71776,-14.54843],[33.7177,-14.54816],[33.71766,-14.54797],[33.71761,-14.54783],[33.71753,-14.54766],[33.71741,-14.54743],[33.71726,-14.54713],[33.71717,-14.54698],[33.71703,-14.54679],[33.71698,-14.54672],[33.71695,-14.54667],[33.71687,-14.54653],[33.71682,-14.54644],[33.7167,-14.54612],[33.71666,-14.54603],[33.71663,-14.54594],[33.71659,-14.54585],[33.71656,-14.54578],[33.71653,-14.54574],[33.71651,-14.54568],[33.71648,-14.54561],[33.71646,-14.54551],[33.71638,-14.54528],[33.71629,-14.54505],[33.71622,-14.54488],[33.71615,-14.54472],[33.71608,-14.54457],[33.71596,-14.54437],[33.71586,-14.54421],[33.71583,-14.54415],[33.71568,-14.54394],[33.71553,-14.5437],[33.71541,-14.54351],[33.7152,-14.54321],[33.71505,-14.54298],[33.71496,-14.54283],[33.71489,-14.54271],[33.7148,-14.54254],[33.71471,-14.54228],[33.71466,-14.54214],[33.71457,-14.5419],[33.7145,-14.54178],[33.71441,-14.54166],[33.71433,-14.54157],[33.71421,-14.54147],[33.71411,-14.54139],[33.71397,-14.54128],[33.71379,-14.54115],[33.71367,-14.54105],[33.71358,-14.54096],[33.71345,-14.54085],[33.71335,-14.54077],[33.71324,-14.54068],[33.71309,-14.54055],[33.71289,-14.54036],[33.7127,-14.54024],[33.71261,-14.54019],[33.71247,-14.54013],[33.712,-14.5399],[33.71163,-14.5396],[33.71154,-14.53951],[33.71145,-14.53941],[33.71141,-14.53935],[33.71137,-14.5393],[33.71131,-14.53923],[33.71123,-14.53917],[33.71118,-14.53913],[33.71113,-14.53908],[33.71109,-14.53904],[33.711,-14.539],[33.71091,-14.53895],[33.71075,-14.53888],[33.71061,-14.53881],[33.71045,-14.53872],[33.7102,-14.53857],[33.70997,-14.53839],[33.70988,-14.5383],[33.70982,-14.53824],[33.70978,-14.53819],[33.70975,-14.53814],[33.70972,-14.53807],[33.70971,-14.53801],[33.70969,-14.53795],[33.70968,-14.53787],[33.70968,-14.53774],[33.70967,-14.53763],[33.70965,-14.53755],[33.70963,-14.53749],[33.70957,-14.53741],[33.70951,-14.53733],[33.70946,-14.53726],[33.7094,-14.53718],[33.70936,-14.5371],[33.70931,-14.537],[33.70927,-14.53688],[33.70924,-14.53678],[33.70921,-14.53669],[33.70918,-14.5366],[33.70912,-14.5365],[33.70904,-14.53636],[33.70897,-14.53624],[33.70891,-14.53616],[33.70881,-14.53605],[33.70873,-14.53596],[33.70853,-14.53569],[33.70846,-14.5356],[33.7084,-14.53553],[33.70832,-14.53544],[33.70822,-14.53531],[33.70804,-14.53505],[33.70797,-14.53495],[33.70787,-14.5348],[33.70774,-14.53466],[33.70768,-14.53459],[33.70758,-14.53443],[33.70752,-14.53431],[33.70748,-14.53426],[33.70742,-14.5342],[33.70734,-14.53414],[33.70725,-14.53406],[33.70715,-14.53392],[33.70709,-14.53381],[33.70704,-14.53366],[33.70705,-14.5335],[33.70708,-14.53315],[33.70709,-14.53296],[33.70711,-14.53286],[33.70714,-14.53275],[33.70716,-14.53269],[33.70716,-14.53262],[33.70717,-14.53259],[33.70718,-14.53255],[33.7072,-14.53252],[33.70722,-14.53247],[33.70727,-14.5324],[33.7073,-14.53235],[33.70734,-14.53228],[33.7074,-14.53219],[33.70744,-14.53209],[33.70748,-14.53204],[33.70752,-14.53199],[33.70756,-14.53192],[33.70759,-14.53182],[33.70781,-14.53115],[33.70788,-14.53095],[33.70792,-14.53088],[33.70795,-14.53084],[33.70801,-14.53077],[33.70806,-14.53072],[33.70811,-14.5307],[33.70815,-14.53068],[33.70852,-14.53061],[33.70876,-14.53057],[33.70892,-14.53054],[33.70911,-14.53051],[33.7092,-14.53049],[33.70934,-14.53044],[33.70944,-14.53039],[33.7095,-14.53035],[33.70961,-14.53025],[33.70964,-14.5302],[33.70966,-14.53015],[33.70967,-14.53011],[33.70966,-14.53006],[33.70964,-14.52995],[33.70964,-14.5299],[33.70964,-14.52985],[33.70965,-14.5298],[33.70968,-14.52972],[33.7097,-14.52962],[33.70972,-14.52951],[33.70972,-14.52943],[33.70971,-14.52936],[33.70968,-14.52925],[33.70964,-14.52915],[33.70963,-14.52909],[33.70962,-14.52904],[33.70961,-14.52897],[33.70961,-14.52893],[33.70963,-14.52885],[33.70966,-14.5288],[33.70967,-14.52872],[33.70969,-14.52865],[33.70972,-14.5286],[33.70974,-14.52855],[33.70977,-14.5285],[33.70979,-14.52847],[33.7098,-14.52845],[33.70981,-14.52835],[33.70982,-14.52823],[33.70983,-14.52797],[33.70982,-14.52782],[33.70982,-14.52762],[33.70982,-14.52741],[33.70985,-14.52715],[33.70986,-14.52703],[33.7099,-14.5269],[33.70994,-14.5268],[33.71002,-14.52658],[33.71013,-14.52636],[33.71023,-14.52612],[33.71039,-14.52584],[33.71058,-14.52551],[33.71073,-14.52527],[33.71078,-14.52516],[33.71084,-14.52503],[33.71097,-14.52467],[33.711,-14.52455],[33.71102,-14.52443],[33.71106,-14.52416],[33.71107,-14.52404],[33.71107,-14.52386],[33.71106,-14.52369],[33.71105,-14.52344],[33.71104,-14.52329],[33.71101,-14.52317],[33.71099,-14.5231],[33.71097,-14.52303],[33.71094,-14.52274],[33.7109,-14.52247],[33.71085,-14.52228],[33.71078,-14.52206],[33.71074,-14.52191],[33.71071,-14.52174],[33.71067,-14.52157],[33.71065,-14.52148],[33.71064,-14.5214],[33.71063,-14.52129],[33.71062,-14.52116],[33.71061,-14.52103],[33.71062,-14.52091],[33.71063,-14.52079],[33.71064,-14.52069],[33.71064,-14.52058],[33.71063,-14.52038],[33.71063,-14.52025],[33.71063,-14.52014],[33.71064,-14.51987],[33.71066,-14.51955],[33.71065,-14.51936],[33.71062,-14.51919],[33.71056,-14.51902],[33.71045,-14.5186],[33.71038,-14.51836],[33.71033,-14.51815],[33.71032,-14.51801],[33.71033,-14.51788],[33.71035,-14.51777],[33.71043,-14.51751],[33.71056,-14.51721],[33.71061,-14.5171],[33.71063,-14.51704],[33.71066,-14.51695],[33.71067,-14.51689],[33.71066,-14.51683],[33.71064,-14.51671],[33.71062,-14.51655],[33.71061,-14.51639],[33.71057,-14.51531],[33.71057,-14.51512],[33.71055,-14.51495],[33.71052,-14.51477],[33.71049,-14.51464],[33.71041,-14.51438],[33.71034,-14.51418],[33.71023,-14.51391],[33.71012,-14.51364],[33.71003,-14.51337],[33.70985,-14.51289],[33.70973,-14.51258],[33.70967,-14.51244],[33.7096,-14.51229],[33.70946,-14.51199],[33.70938,-14.5118],[33.70933,-14.51169],[33.70929,-14.51157],[33.70926,-14.51147],[33.70925,-14.5114],[33.70924,-14.51134],[33.70923,-14.51128],[33.70924,-14.51116],[33.70926,-14.51106],[33.70928,-14.51098],[33.70945,-14.51056],[33.70959,-14.51021],[33.70967,-14.51002],[33.70975,-14.50977],[33.70985,-14.50945],[33.70996,-14.5091],[33.71014,-14.50871],[33.71016,-14.50868],[33.7103,-14.50846],[33.71049,-14.50818],[33.71078,-14.50772],[33.711,-14.50745],[33.71141,-14.5069],[33.71166,-14.50658],[33.71186,-14.50638],[33.71203,-14.50621],[33.7124,-14.50583],[33.71263,-14.50561],[33.71285,-14.50538],[33.71296,-14.50527],[33.71305,-14.50521],[33.71314,-14.50515],[33.7133,-14.50506],[33.71348,-14.50497],[33.71356,-14.50493],[33.7137,-14.50486],[33.71386,-14.50477],[33.71398,-14.5047],[33.71415,-14.5046],[33.71435,-14.50449],[33.7145,-14.5044],[33.71459,-14.50434],[33.71466,-14.50429],[33.71472,-14.50424],[33.71478,-14.50418],[33.71491,-14.50402],[33.7151,-14.50372],[33.71526,-14.50349],[33.71537,-14.50333],[33.71544,-14.50317],[33.71559,-14.50279],[33.71565,-14.50256],[33.71568,-14.50244],[33.7157,-14.50235],[33.71574,-14.50226],[33.71582,-14.50214],[33.7159,-14.50205],[33.71605,-14.50187],[33.71616,-14.50177],[33.7162,-14.50174],[33.71628,-14.50166],[33.71638,-14.50159],[33.71651,-14.50152],[33.71673,-14.50142],[33.71696,-14.50133],[33.71711,-14.50127],[33.71723,-14.50124],[33.71734,-14.50122],[33.71746,-14.50121],[33.71762,-14.5012],[33.71779,-14.50121],[33.7179,-14.50123],[33.71801,-14.50125],[33.71814,-14.50129],[33.71826,-14.50134],[33.71837,-14.50137],[33.71846,-14.50141],[33.71861,-14.50146],[33.71871,-14.50148],[33.71883,-14.5015],[33.71893,-14.5015],[33.71902,-14.5015],[33.71912,-14.5015],[33.71935,-14.50148],[33.71972,-14.50142],[33.71985,-14.50137],[33.72016,-14.50126],[33.72031,-14.50121],[33.72048,-14.50117],[33.72067,-14.50113],[33.72089,-14.50109],[33.72114,-14.50105],[33.72141,-14.501],[33.72171,-14.50094],[33.72195,-14.50089],[33.72216,-14.50082],[33.72226,-14.50079],[33.72236,-14.50078],[33.72242,-14.50077],[33.72249,-14.50078],[33.72258,-14.50079],[33.72271,-14.50079],[33.72281,-14.50078],[33.72303,-14.50076],[33.7232,-14.50075],[33.72335,-14.50075],[33.72355,-14.50074],[33.72367,-14.50073],[33.72378,-14.50071],[33.72385,-14.50067],[33.72391,-14.50063],[33.72394,-14.50061],[33.724,-14.50057],[33.72409,-14.50054],[33.72419,-14.50051],[33.72435,-14.50047],[33.72449,-14.50042],[33.7246,-14.50037],[33.72473,-14.50031],[33.72498,-14.5002],[33.72516,-14.50012],[33.72533,-14.50003],[33.72566,-14.49988],[33.72587,-14.49975],[33.72636,-14.49954],[33.72661,-14.49951],[33.7269,-14.49945],[33.72702,-14.49941],[33.72713,-14.49935],[33.7272,-14.49928],[33.72728,-14.4992],[33.72731,-14.49916],[33.72733,-14.49914],[33.72738,-14.49912],[33.72754,-14.49906],[33.72771,-14.49902],[33.72783,-14.499],[33.72787,-14.49899],[33.72791,-14.499],[33.72797,-14.49898],[33.72802,-14.49897],[33.72806,-14.49895],[33.72815,-14.49894],[33.72827,-14.49893],[33.72846,-14.49891],[33.72872,-14.49886],[33.72887,-14.49885],[33.72909,-14.49883],[33.72924,-14.49882],[33.72963,-14.4988],[33.72997,-14.49876],[33.73033,-14.49873],[33.73055,-14.49873],[33.73071,-14.49874],[33.73112,-14.49886],[33.73146,-14.49896],[33.73178,-14.49901],[33.73202,-14.49904],[33.73223,-14.49905],[33.73252,-14.49908],[33.73296,-14.49918],[33.73299,-14.49919],[33.73354,-14.49934],[33.73395,-14.49947],[33.7347,-14.49974],[33.73479,-14.49977],[33.73488,-14.4998],[33.73507,-14.49986],[33.73526,-14.4999],[33.73538,-14.49994],[33.73555,-14.49999],[33.73579,-14.50006],[33.73593,-14.5001],[33.73615,-14.50015],[33.73632,-14.50019],[33.73648,-14.50024],[33.73674,-14.50033],[33.73686,-14.50035],[33.73699,-14.50037],[33.73714,-14.50038],[33.73731,-14.50039],[33.73748,-14.50041],[33.73761,-14.50045],[33.73781,-14.5005],[33.73795,-14.50054],[33.73808,-14.50059],[33.73833,-14.50067],[33.73846,-14.50071],[33.7386,-14.50075],[33.73873,-14.50079],[33.73887,-14.50083],[33.73895,-14.50086],[33.73906,-14.5009],[33.73913,-14.50096],[33.73917,-14.501]]},"properties":{"id":399328940,"cls":"unclassified","hw":"unclassified","tg":"na","name":"","ref":"","surface":"unpaved","sc":"unpaved","speed":null,"lit":"unk","km":19.87}},
{"type":"Feature","geometry":{"type":"LineString","coordinates":[[33.87891,-14.50226],[33.879,-14.50208],[33.87906,-14.50197],[33.87911,-14.50188],[33.87914,-14.5018],[33.87916,-14.50171],[33.87917,-14.50162],[33.87919,-14.5013],[33.87919,-14.50114],[33.87918,-14.50107],[33.87916,-14.50097],[33.87913,-14.50088],[33.8791,-14.50078],[33.87907,-14.50072],[33.87905,-14.50067],[33.87904,-14.50063],[33.87903,-14.50059],[33.87902,-14.50055],[33.87898,-14.50047],[33.87891,-14.50033],[33.87883,-14.50014],[33.87869,-14.49977],[33.87853,-14.4993],[33.87848,-14.49912],[33.87846,-14.49894],[33.87861,-14.49782],[33.87863,-14.49761],[33.87862,-14.49746],[33.87849,-14.4969],[33.87849,-14.49681],[33.87879,-14.49554],[33.87897,-14.49509],[33.87901,-14.49505],[33.87945,-14.49443],[33.87941,-14.4942],[33.87914,-14.49352],[33.87908,-14.49308],[33.87924,-14.4925],[33.87923,-14.49219],[33.87905,-14.49106],[33.87905,-14.49078],[33.87912,-14.49032],[33.87913,-14.49017],[33.87908,-14.48995],[33.87885,-14.48946],[33.87876,-14.48926],[33.87873,-14.48912],[33.87875,-14.48894],[33.8788,-14.4888],[33.87894,-14.4886],[33.87903,-14.48845],[33.87911,-14.48835],[33.8793,-14.48822],[33.87956,-14.48806],[33.88026,-14.4877],[33.88065,-14.48752],[33.88084,-14.48743],[33.88099,-14.48733],[33.88116,-14.4872],[33.8814,-14.48706],[33.88166,-14.4869],[33.88199,-14.48676],[33.88233,-14.48662],[33.8826,-14.48652],[33.88288,-14.48639],[33.88321,-14.48617],[33.88339,-14.48603],[33.88383,-14.4856],[33.8842,-14.48527],[33.88475,-14.48483],[33.88519,-14.48454],[33.88567,-14.48423],[33.88589,-14.48416],[33.88604,-14.48413],[33.8862,-14.48408],[33.88641,-14.48402],[33.88654,-14.48401],[33.88667,-14.484],[33.88686,-14.48399],[33.88738,-14.48376],[33.88794,-14.48356],[33.88807,-14.48354],[33.88836,-14.48352],[33.88856,-14.4835],[33.88936,-14.48343],[33.88964,-14.4834],[33.89003,-14.48339],[33.89036,-14.48344],[33.89072,-14.48347],[33.89119,-14.48352],[33.89154,-14.48355],[33.89259,-14.48377],[33.89329,-14.48392],[33.89346,-14.48393],[33.89366,-14.48393],[33.89394,-14.48393],[33.89425,-14.48399],[33.89469,-14.48412],[33.89513,-14.48418],[33.89552,-14.48424],[33.89569,-14.48429],[33.89579,-14.48436],[33.8959,-14.48437],[33.89601,-14.48435],[33.89642,-14.48415],[33.89676,-14.48404],[33.89691,-14.48401],[33.89707,-14.48403],[33.8972,-14.48407],[33.8974,-14.48425],[33.89769,-14.48458],[33.89867,-14.48559],[33.89901,-14.4859],[33.8991,-14.48596],[33.89925,-14.48604],[33.89939,-14.48608],[33.89963,-14.48621],[33.89979,-14.48632],[33.90006,-14.48651],[33.9005,-14.48671],[33.90127,-14.48714]]},"properties":{"id":399538085,"cls":"unclassified","hw":"unclassified","tg":"na","name":"","ref":"","surface":"","sc":"unknown","speed":null,"lit":"unk","km":4.31}},
{"type":"Feature","geometry":{"type":"LineString","coordinates":[[33.86467,-14.52368],[33.86483,-14.52344],[33.86482,-14.52323],[33.86488,-14.52258],[33.865,-14.52229],[33.86512,-14.52128],[33.86514,-14.52109],[33.86523,-14.52085],[33.86519,-14.52002],[33.8652,-14.51951],[33.86558,-14.51844],[33.86566,-14.51815],[33.86574,-14.51805],[33.86583,-14.518],[33.86599,-14.51795],[33.86622,-14.5179],[33.86641,-14.51786],[33.86651,-14.51782],[33.86693,-14.5176],[33.86733,-14.51745],[33.86755,-14.51732],[33.86774,-14.51724],[33.86784,-14.51715],[33.8679,-14.51706],[33.86805,-14.51684],[33.86814,-14.51673],[33.86821,-14.51659],[33.86821,-14.51653],[33.86827,-14.51624]]},"properties":{"id":399538142,"cls":"track","hw":"track","tg":"none","name":"","ref":"","surface":"","sc":"unknown","speed":null,"lit":"unk","km":1.011}},
{"type":"Feature","geometry":{"type":"LineString","coordinates":[[33.8682,-14.5152],[33.86843,-14.5149],[33.86866,-14.51453],[33.86874,-14.51441],[33.86883,-14.51432],[33.86892,-14.5142],[33.86899,-14.5141],[33.86909,-14.51392],[33.86919,-14.51377],[33.86931,-14.51361],[33.8694,-14.5135],[33.86951,-14.51339],[33.86966,-14.51322],[33.86977,-14.51309],[33.86987,-14.51297],[33.86997,-14.51284],[33.87007,-14.51272],[33.87017,-14.51259],[33.87026,-14.51247],[33.87037,-14.51235],[33.87042,-14.51229],[33.87051,-14.51219],[33.87062,-14.51207],[33.87076,-14.51193],[33.8709,-14.51178],[33.87098,-14.51168],[33.87104,-14.51159],[33.87112,-14.51147],[33.87119,-14.51136],[33.87126,-14.51123],[33.87131,-14.51113],[33.87137,-14.51102],[33.87144,-14.51092],[33.87156,-14.51083],[33.87167,-14.51076],[33.87182,-14.51068],[33.87197,-14.51061],[33.8722,-14.51052],[33.87239,-14.51042],[33.87259,-14.51032],[33.87272,-14.51023],[33.87281,-14.51015],[33.87288,-14.51008],[33.87293,-14.51001],[33.87305,-14.50988],[33.87317,-14.50977],[33.87323,-14.50971],[33.87328,-14.50967],[33.87336,-14.50963],[33.87348,-14.50956],[33.87362,-14.50948],[33.87371,-14.50942],[33.87378,-14.50935],[33.87388,-14.50923],[33.87398,-14.50908],[33.87403,-14.50898],[33.87406,-14.50888],[33.87409,-14.50877],[33.87415,-14.50863],[33.87419,-14.50853],[33.87422,-14.50843],[33.87424,-14.50831],[33.87425,-14.50821],[33.87427,-14.50808],[33.8743,-14.50795],[33.87437,-14.50755],[33.87439,-14.50742],[33.87439,-14.50729],[33.87439,-14.50717],[33.87441,-14.50704],[33.87447,-14.50688],[33.87456,-14.50666],[33.87465,-14.50647],[33.87475,-14.50629],[33.87483,-14.50611],[33.87497,-14.50584],[33.87509,-14.50561],[33.87513,-14.50553],[33.87516,-14.50546],[33.87527,-14.50519],[33.87533,-14.50504],[33.87541,-14.5048],[33.8755,-14.50465],[33.87559,-14.50453],[33.87568,-14.50443],[33.87584,-14.50425],[33.8761,-14.50399],[33.87619,-14.50393],[33.87638,-14.50385],[33.87655,-14.50375],[33.87671,-14.50364],[33.87687,-14.50354],[33.87702,-14.50344],[33.87718,-14.50334],[33.8774,-14.50321],[33.87751,-14.50314],[33.8776,-14.50308],[33.87777,-14.50299],[33.87795,-14.50287],[33.87815,-14.50274],[33.87828,-14.50265],[33.8784,-14.50257],[33.87863,-14.50242],[33.87875,-14.50235],[33.87891,-14.50226],[33.87908,-14.50217],[33.87925,-14.5021],[33.87938,-14.50206],[33.87951,-14.50204],[33.87964,-14.50202],[33.87981,-14.502],[33.88001,-14.50199],[33.88027,-14.50196],[33.88041,-14.50195],[33.88053,-14.50193],[33.88076,-14.5019],[33.88102,-14.50187],[33.88124,-14.50183],[33.88146,-14.50179],[33.88168,-14.50175],[33.88188,-14.50172],[33.88218,-14.50166],[33.88236,-14.50164],[33.88248,-14.50164],[33.88255,-14.50165],[33.88262,-14.50167]]},"properties":{"id":399538154,"cls":"unclassified","hw":"unclassified","tg":"na","name":"","ref":"","surface":"","sc":"unknown","speed":null,"lit":"unk","km":2.329}},
{"type":"Feature","geometry":{"type":"LineString","coordinates":[[33.66408,-14.51942],[33.66392,-14.51945],[33.66382,-14.51945],[33.66375,-14.51944],[33.66358,-14.51944],[33.66339,-14.51942],[33.66307,-14.51937],[33.66244,-14.51921],[33.66204,-14.51913],[33.66184,-14.51913],[33.66163,-14.51919],[33.66146,-14.51924],[33.66121,-14.51933],[33.66083,-14.51941],[33.66064,-14.51942],[33.66049,-14.51941],[33.66017,-14.51935],[33.65962,-14.51921],[33.65904,-14.51906],[33.6582,-14.51886],[33.65806,-14.51879],[33.65802,-14.51879],[33.65798,-14.5188],[33.65793,-14.51883],[33.6579,-14.51886],[33.65787,-14.51889],[33.65767,-14.51903],[33.65761,-14.51909],[33.65753,-14.51915],[33.6575,-14.51917],[33.65749,-14.51919],[33.65746,-14.51921],[33.65743,-14.51922],[33.65741,-14.51924],[33.65738,-14.51926],[33.65735,-14.51927],[33.65732,-14.5193],[33.65728,-14.51932],[33.65725,-14.51933],[33.65722,-14.51933],[33.65719,-14.51932],[33.65715,-14.51931],[33.65712,-14.51931],[33.65709,-14.5193],[33.65705,-14.5193],[33.65703,-14.51929],[33.657,-14.51925],[33.65698,-14.51922],[33.65696,-14.51919],[33.65692,-14.51913],[33.6569,-14.5191],[33.65687,-14.51906],[33.65684,-14.51902],[33.65681,-14.51899],[33.65679,-14.51895],[33.65676,-14.51888],[33.65672,-14.51871],[33.65673,-14.51863],[33.65672,-14.51855],[33.65672,-14.51847],[33.6567,-14.51837],[33.65671,-14.51827],[33.65672,-14.51812],[33.65677,-14.51797],[33.65679,-14.51787],[33.65683,-14.51774]]},"properties":{"id":400464153,"cls":"residential","hw":"residential","tg":"na","name":"","ref":"","surface":"","sc":"unknown","speed":null,"lit":"unk","km":0.983}},
{"type":"Feature","geometry":{"type":"LineString","coordinates":[[33.71655,-14.58093],[33.71636,-14.58071],[33.71595,-14.58035],[33.71583,-14.58023],[33.71536,-14.5796],[33.71483,-14.57873],[33.71471,-14.5786],[33.71455,-14.57851],[33.71313,-14.57802],[33.7126,-14.57794],[33.71186,-14.57792],[33.71089,-14.57807],[33.71,-14.57821],[33.70924,-14.57848],[33.70844,-14.57898],[33.70805,-14.57933],[33.70767,-14.57976],[33.70585,-14.58236],[33.70485,-14.58306],[33.70416,-14.58361],[33.70292,-14.58475],[33.70245,-14.58518],[33.70171,-14.58563],[33.70124,-14.58592],[33.69993,-14.58714],[33.69948,-14.58772],[33.69888,-14.5885],[33.69839,-14.58878],[33.69747,-14.58918],[33.69554,-14.59015],[33.69381,-14.59092],[33.693,-14.59141],[33.69252,-14.59173],[33.69201,-14.59219],[33.69186,-14.59252],[33.69168,-14.59277],[33.69134,-14.59344],[33.6909,-14.59479],[33.69091,-14.59657],[33.69081,-14.59847],[33.69058,-14.59917],[33.69055,-14.59943],[33.69069,-14.60064],[33.6908,-14.60117],[33.69092,-14.60181],[33.69098,-14.60197],[33.69124,-14.60222],[33.69159,-14.60281],[33.6917,-14.60322],[33.69166,-14.60347],[33.69154,-14.60361],[33.69135,-14.60369],[33.69092,-14.60371],[33.69029,-14.60383],[33.69023,-14.60384],[33.69005,-14.60385],[33.68966,-14.60398],[33.68911,-14.60434],[33.68809,-14.60497],[33.68791,-14.60507],[33.68738,-14.60561],[33.68674,-14.60647],[33.68629,-14.60732],[33.68498,-14.61105],[33.68472,-14.61166],[33.68446,-14.61212],[33.68416,-14.61241],[33.6837,-14.61272],[33.68276,-14.61318],[33.68208,-14.61353],[33.68188,-14.61362],[33.68167,-14.6137],[33.68042,-14.61401],[33.67998,-14.61418],[33.67879,-14.61502],[33.67791,-14.61546],[33.67647,-14.61591],[33.67532,-14.61616],[33.67412,-14.61626],[33.67276,-14.61632],[33.67206,-14.61621],[33.67139,-14.61612],[33.67063,-14.61611],[33.67015,-14.61603],[33.66962,-14.61588],[33.66921,-14.61572],[33.66888,-14.6156],[33.66869,-14.61562],[33.66825,-14.61572],[33.66785,-14.61578],[33.66766,-14.61579],[33.66733,-14.61586],[33.66698,-14.61591],[33.66628,-14.61604],[33.66561,-14.61612],[33.66506,-14.61622]]},"properties":{"id":400498320,"cls":"unclassified","hw":"unclassified","tg":"na","name":"","ref":"","surface":"unpaved","sc":"unpaved","speed":null,"lit":"unk","km":8.236}},
{"type":"Feature","geometry":{"type":"LineString","coordinates":[[33.62247,-14.56469],[33.62228,-14.56453],[33.62184,-14.56405],[33.62165,-14.56384],[33.62151,-14.56364],[33.62139,-14.56351],[33.6213,-14.56345],[33.62119,-14.56342],[33.62094,-14.5634],[33.62075,-14.56337],[33.62055,-14.56334],[33.62033,-14.56332],[33.62013,-14.56331],[33.62002,-14.56328],[33.61992,-14.56325],[33.61983,-14.5632],[33.61976,-14.56313],[33.61965,-14.56304],[33.61954,-14.56296],[33.61944,-14.56293],[33.61934,-14.56289],[33.61926,-14.56284],[33.6192,-14.56277],[33.61907,-14.56261],[33.61891,-14.56241],[33.61886,-14.56233],[33.6188,-14.56229],[33.6187,-14.56228],[33.61855,-14.56228],[33.61839,-14.5623],[33.61828,-14.56231],[33.61803,-14.56249],[33.61775,-14.56263],[33.61742,-14.56278],[33.6173,-14.56286],[33.61714,-14.56301],[33.61703,-14.56311],[33.61696,-14.56317],[33.61688,-14.5632],[33.61675,-14.56323],[33.61666,-14.56325],[33.61659,-14.56324],[33.61639,-14.56313],[33.61619,-14.56302],[33.61603,-14.56293],[33.61587,-14.56289],[33.61558,-14.56283],[33.61541,-14.5628],[33.61526,-14.5628],[33.61512,-14.5628],[33.61496,-14.56282],[33.61476,-14.56287],[33.61465,-14.56292],[33.61454,-14.563],[33.61444,-14.56309],[33.61439,-14.56316],[33.61431,-14.56327],[33.61424,-14.5634],[33.61421,-14.56345],[33.61418,-14.56348],[33.6141,-14.56357],[33.61391,-14.56374],[33.61372,-14.56395],[33.61359,-14.56406],[33.61348,-14.56411],[33.61337,-14.56416],[33.61324,-14.56423],[33.61314,-14.56428],[33.61306,-14.56429],[33.61294,-14.5643],[33.6128,-14.56433],[33.61267,-14.56437],[33.61261,-14.56438],[33.61252,-14.56439],[33.61246,-14.5644],[33.61235,-14.56441],[33.61229,-14.56442],[33.61224,-14.56443],[33.61219,-14.56443],[33.61213,-14.56444],[33.61206,-14.56443],[33.61198,-14.5644],[33.61193,-14.56436],[33.61186,-14.56429],[33.61177,-14.56423],[33.61169,-14.56421],[33.61159,-14.5642],[33.61148,-14.56419],[33.61138,-14.56415],[33.61132,-14.56414],[33.61126,-14.56416],[33.61121,-14.56419],[33.61115,-14.56425],[33.61103,-14.56436],[33.61097,-14.56442],[33.61083,-14.56458],[33.61076,-14.56472],[33.61071,-14.56485],[33.61067,-14.565],[33.61064,-14.5651],[33.6106,-14.56523],[33.61057,-14.56535],[33.61056,-14.56548],[33.61055,-14.56557],[33.61053,-14.56562],[33.61051,-14.56567],[33.61047,-14.56574],[33.61039,-14.56583],[33.61036,-14.56591],[33.61031,-14.56598],[33.61026,-14.56604],[33.61013,-14.56616],[33.60996,-14.56629],[33.60979,-14.56645],[33.6096,-14.56665],[33.60938,-14.56688],[33.60925,-14.56701],[33.60905,-14.56732],[33.60882,-14.56763],[33.60867,-14.56787],[33.60856,-14.56803],[33.60851,-14.56814],[33.60846,-14.56822],[33.60838,-14.56831],[33.60828,-14.56842],[33.60809,-14.5686],[33.60791,-14.56878],[33.60774,-14.5689],[33.60763,-14.56897],[33.60756,-14.56902],[33.60744,-14.56913],[33.60737,-14.56917],[33.60731,-14.56919],[33.60726,-14.56921],[33.60714,-14.56923],[33.60705,-14.56924],[33.60699,-14.56925],[33.60693,-14.56927],[33.60687,-14.5693],[33.60684,-14.56935],[33.60677,-14.56942],[33.60672,-14.56948],[33.60665,-14.56953],[33.60656,-14.5696],[33.60638,-14.56979],[33.60617,-14.56998],[33.60582,-14.57018],[33.6055,-14.5703],[33.60528,-14.57038],[33.60456,-14.57072],[33.60411,-14.57096],[33.6038,-14.57113],[33.60363,-14.57123],[33.6034,-14.57134],[33.60325,-14.5714],[33.60317,-14.57142],[33.6031,-14.57143],[33.60305,-14.57143],[33.603,-14.57143],[33.60292,-14.57141],[33.60288,-14.57139],[33.60284,-14.57138],[33.6028,-14.57135],[33.60276,-14.57133],[33.60264,-14.5713],[33.60255,-14.57131],[33.60245,-14.57133],[33.60238,-14.57137],[33.60228,-14.57146],[33.60218,-14.5716],[33.60216,-14.57164],[33.6021,-14.5717],[33.60203,-14.57177],[33.60199,-14.5718],[33.60193,-14.57185],[33.60189,-14.57187],[33.60183,-14.57189],[33.60174,-14.57189],[33.60166,-14.57191],[33.60158,-14.57194],[33.60147,-14.57198],[33.6012,-14.57204],[33.60096,-14.57208],[33.60068,-14.57212],[33.60052,-14.57216],[33.60039,-14.57218],[33.60029,-14.57221],[33.60012,-14.57226],[33.59997,-14.57231],[33.59983,-14.57238],[33.59964,-14.57248],[33.5995,-14.57252],[33.59907,-14.57266],[33.59894,-14.5727],[33.59867,-14.57282],[33.59862,-14.57285],[33.59855,-14.57287]]},"properties":{"id":400504864,"cls":"unclassified","hw":"unclassified","tg":"na","name":"","ref":"","surface":"","sc":"unknown","speed":null,"lit":"unk","km":3.219}},
{"type":"Feature","geometry":{"type":"LineString","coordinates":[[33.62298,-14.57857],[33.62306,-14.57863],[33.62315,-14.5787],[33.62326,-14.57876],[33.62334,-14.57881],[33.62342,-14.57883],[33.62348,-14.57884],[33.62356,-14.57885],[33.62373,-14.57893],[33.62415,-14.5792],[33.62465,-14.57945],[33.625,-14.57956],[33.62518,-14.57963],[33.62542,-14.57973],[33.62563,-14.57979],[33.62577,-14.57983],[33.6259,-14.57985],[33.62607,-14.57989],[33.62629,-14.57997],[33.62652,-14.58006],[33.62674,-14.58017],[33.62696,-14.58031],[33.62721,-14.58039],[33.62737,-14.58041],[33.62752,-14.5804],[33.62766,-14.58037],[33.62778,-14.58034],[33.6279,-14.58031],[33.62797,-14.58031],[33.62808,-14.58033],[33.62818,-14.58037],[33.62844,-14.58039],[33.62861,-14.58041],[33.62867,-14.58043],[33.62875,-14.58045],[33.62888,-14.58046],[33.62901,-14.58043],[33.62912,-14.58041]]},"properties":{"id":400504895,"cls":"unclassified","hw":"unclassified","tg":"na","name":"","ref":"","surface":"","sc":"unknown","speed":null,"lit":"unk","km":0.712}},
{"type":"Feature","geometry":{"type":"LineString","coordinates":[[33.6263,-14.5788],[33.62651,-14.57875],[33.62669,-14.5787],[33.62683,-14.57866],[33.62696,-14.57861],[33.6271,-14.57852],[33.62718,-14.57846],[33.62743,-14.57827],[33.6277,-14.57807],[33.62794,-14.57791],[33.62816,-14.57773],[33.62829,-14.57764],[33.62838,-14.57759],[33.62851,-14.57756],[33.62879,-14.57748],[33.62896,-14.57742],[33.62925,-14.57731],[33.62941,-14.57724],[33.62982,-14.57702],[33.63068,-14.57668],[33.63127,-14.57642],[33.63152,-14.57628],[33.63166,-14.57619],[33.63175,-14.57613],[33.63184,-14.57608],[33.63193,-14.57605],[33.6321,-14.57599],[33.63233,-14.57589]]},"properties":{"id":400504903,"cls":"unclassified","hw":"unclassified","tg":"na","name":"","ref":"","surface":"","sc":"unknown","speed":null,"lit":"unk","km":0.732}},
{"type":"Feature","geometry":{"type":"LineString","coordinates":[[33.62041,-14.56063],[33.62043,-14.56056],[33.62053,-14.5601],[33.62058,-14.55986],[33.6206,-14.55966],[33.62063,-14.55939],[33.62071,-14.55904],[33.62076,-14.55882],[33.62082,-14.5585],[33.62087,-14.55832],[33.62094,-14.55813],[33.62099,-14.55802],[33.62105,-14.5579],[33.62113,-14.55769],[33.62117,-14.55752],[33.62121,-14.55732],[33.62123,-14.55717],[33.62124,-14.5571],[33.62124,-14.55694],[33.62125,-14.55676],[33.62124,-14.55651],[33.62126,-14.55634],[33.62126,-14.55628],[33.62127,-14.5562],[33.62128,-14.55609],[33.62129,-14.55601],[33.62131,-14.55596],[33.62133,-14.55589],[33.62139,-14.55577],[33.62144,-14.5557],[33.62152,-14.55558],[33.62158,-14.55553],[33.62163,-14.55543],[33.62166,-14.55537],[33.62169,-14.5553],[33.62177,-14.55521],[33.62187,-14.55509],[33.62195,-14.55499]]},"properties":{"id":400531810,"cls":"unclassified","hw":"unclassified","tg":"na","name":"","ref":"","surface":"","sc":"unknown","speed":null,"lit":"unk","km":0.661}},
{"type":"Feature","geometry":{"type":"LineString","coordinates":[[33.63468,-14.61017],[33.63473,-14.61018],[33.63484,-14.61019],[33.63498,-14.61021],[33.63526,-14.61021],[33.63538,-14.61021],[33.6355,-14.61022],[33.63559,-14.61024],[33.63567,-14.61024],[33.63574,-14.61021],[33.63586,-14.61017],[33.63592,-14.61016],[33.63603,-14.61014],[33.63617,-14.61012],[33.63634,-14.61011],[33.63652,-14.6101],[33.63666,-14.61011],[33.63683,-14.61013],[33.637,-14.61014],[33.63715,-14.61016],[33.63733,-14.61016],[33.63749,-14.61014],[33.63765,-14.61013],[33.63773,-14.61011],[33.63777,-14.61008],[33.63782,-14.61004],[33.63791,-14.61002],[33.63803,-14.60998],[33.63812,-14.60996],[33.63819,-14.60995],[33.63829,-14.60998],[33.63835,-14.60998],[33.63844,-14.60999],[33.63863,-14.60997],[33.6388,-14.60995],[33.639,-14.6099],[33.63915,-14.60988],[33.63926,-14.60985],[33.63936,-14.60979],[33.63959,-14.60963],[33.63971,-14.60952],[33.63977,-14.60948],[33.63983,-14.60944],[33.63991,-14.60941],[33.64009,-14.60933],[33.64037,-14.60923],[33.64067,-14.60911],[33.64096,-14.60901],[33.64104,-14.60897],[33.64109,-14.60894],[33.64116,-14.6089],[33.64127,-14.60886],[33.64138,-14.60883],[33.64153,-14.6088],[33.64169,-14.60873],[33.64187,-14.60864],[33.64206,-14.60857],[33.64223,-14.60852],[33.64236,-14.60845],[33.64249,-14.60841],[33.64257,-14.60838],[33.64266,-14.60836],[33.64277,-14.60833],[33.64292,-14.60829],[33.64311,-14.60824],[33.64321,-14.60823],[33.64331,-14.60819],[33.64349,-14.60814],[33.64372,-14.60804],[33.64381,-14.60801],[33.64395,-14.60795],[33.64406,-14.6079],[33.64416,-14.60786],[33.64426,-14.6078],[33.64436,-14.60776],[33.64445,-14.60773],[33.64458,-14.60768],[33.64467,-14.60765],[33.64485,-14.60758],[33.645,-14.60753],[33.64516,-14.60748],[33.64525,-14.60747],[33.64535,-14.60746],[33.64562,-14.60747],[33.64596,-14.60749],[33.64605,-14.6075],[33.64617,-14.60752],[33.64631,-14.60756],[33.64649,-14.6076],[33.64666,-14.60765],[33.6468,-14.60768],[33.64696,-14.60773],[33.64704,-14.60775],[33.64712,-14.60775],[33.64719,-14.60774],[33.64726,-14.60773],[33.64735,-14.60772],[33.64748,-14.60772],[33.64758,-14.60771],[33.64769,-14.60769],[33.64784,-14.60767],[33.6479,-14.60764],[33.64796,-14.60761],[33.64806,-14.60754],[33.64829,-14.6074],[33.64864,-14.60718],[33.6489,-14.60703],[33.64902,-14.60695],[33.64924,-14.60682],[33.64979,-14.60644],[33.64994,-14.60635],[33.65008,-14.60625],[33.65022,-14.60616],[33.65033,-14.60609],[33.6504,-14.60605],[33.65047,-14.60601],[33.65051,-14.60599],[33.65056,-14.60597],[33.65062,-14.60595],[33.65068,-14.60593],[33.65071,-14.60592],[33.65077,-14.60591],[33.65084,-14.6059],[33.65089,-14.60589],[33.65096,-14.60588],[33.65102,-14.60586],[33.65106,-14.60585],[33.65108,-14.60584],[33.65111,-14.60583],[33.65114,-14.60583],[33.65116,-14.60582],[33.65119,-14.60582],[33.65123,-14.60581],[33.65128,-14.60579],[33.65131,-14.60578],[33.65134,-14.60576],[33.65137,-14.60574],[33.6514,-14.60573],[33.65143,-14.60571],[33.65149,-14.60567],[33.65155,-14.60563],[33.65157,-14.60561],[33.6516,-14.60559],[33.65162,-14.60557],[33.65166,-14.60554],[33.6517,-14.60551],[33.65173,-14.60548],[33.65176,-14.60546],[33.65181,-14.60542],[33.65185,-14.6054],[33.65188,-14.60537],[33.65192,-14.60534],[33.65196,-14.60531],[33.652,-14.60528],[33.65205,-14.60524],[33.65213,-14.60515],[33.65221,-14.60508],[33.65228,-14.60501],[33.65236,-14.60495],[33.65241,-14.60494],[33.6525,-14.60489],[33.6526,-14.6048],[33.65268,-14.60473],[33.65283,-14.60462],[33.65299,-14.60449],[33.65304,-14.60445],[33.6531,-14.6044],[33.65371,-14.60391],[33.65381,-14.60384],[33.654,-14.60372],[33.65427,-14.60354],[33.65462,-14.60323],[33.65481,-14.60304],[33.65487,-14.60297],[33.65493,-14.60289],[33.65503,-14.60277],[33.6551,-14.60268],[33.65518,-14.60257],[33.65523,-14.60251],[33.6553,-14.60245],[33.65538,-14.60238],[33.65551,-14.60226],[33.6556,-14.60221],[33.65574,-14.60205],[33.65588,-14.60191]]},"properties":{"id":400533468,"cls":"unclassified","hw":"unclassified","tg":"na","name":"","ref":"","surface":"","sc":"unknown","speed":null,"lit":"unk","km":2.579}},
{"type":"Feature","geometry":{"type":"LineString","coordinates":[[33.64945,-14.60364],[33.64971,-14.60371],[33.64993,-14.60374],[33.65006,-14.60377],[33.65014,-14.60379],[33.65021,-14.60382],[33.65028,-14.60386],[33.65035,-14.6039],[33.65049,-14.60399],[33.65069,-14.6041],[33.65082,-14.60413],[33.65088,-14.60415],[33.65098,-14.60416],[33.65107,-14.60419],[33.65111,-14.60421],[33.65118,-14.60424],[33.65139,-14.60423],[33.65155,-14.60422],[33.65166,-14.60424],[33.65179,-14.6042],[33.65186,-14.60418],[33.65199,-14.60416],[33.65206,-14.60415],[33.65215,-14.60411],[33.65228,-14.60407],[33.6525,-14.60402],[33.65265,-14.60399]]},"properties":{"id":400533473,"cls":"track","hw":"track","tg":"none","name":"","ref":"","surface":"","sc":"unknown","speed":null,"lit":"unk","km":0.363}},
{"type":"Feature","geometry":{"type":"LineString","coordinates":[[33.6384,-14.60418],[33.63857,-14.60404],[33.63878,-14.60387],[33.63889,-14.60377],[33.63901,-14.60365],[33.63917,-14.60347],[33.63927,-14.60336],[33.63942,-14.60322],[33.63954,-14.60312],[33.63966,-14.60303],[33.63996,-14.60279],[33.64005,-14.60272],[33.64013,-14.60263],[33.64017,-14.60255],[33.64033,-14.60236],[33.64049,-14.60218],[33.64062,-14.60203],[33.64079,-14.60184],[33.64092,-14.60172],[33.64109,-14.60156],[33.64118,-14.60147],[33.64135,-14.60137],[33.64151,-14.60125],[33.64166,-14.60113],[33.64187,-14.60099],[33.64208,-14.60086],[33.64229,-14.60073],[33.64247,-14.60064],[33.64249,-14.60061],[33.64265,-14.60053],[33.64285,-14.60044],[33.64296,-14.60038],[33.64307,-14.60034],[33.64317,-14.60031],[33.6433,-14.60028],[33.64346,-14.60022],[33.64357,-14.60018],[33.64373,-14.60011],[33.64388,-14.60004],[33.64404,-14.59997],[33.64421,-14.59989],[33.64436,-14.59985],[33.64486,-14.59966],[33.64526,-14.59937],[33.64555,-14.59914],[33.64589,-14.59882],[33.64618,-14.5986],[33.64619,-14.59859],[33.64635,-14.59841],[33.6467,-14.59798],[33.64698,-14.59765],[33.64738,-14.5973],[33.6476,-14.59698],[33.64785,-14.59667],[33.64841,-14.59601]]},"properties":{"id":400533479,"cls":"unclassified","hw":"unclassified","tg":"na","name":"","ref":"","surface":"","sc":"unknown","speed":null,"lit":"unk","km":1.435}},
{"type":"Feature","geometry":{"type":"LineString","coordinates":[[33.64914,-14.60569],[33.64911,-14.60566],[33.64908,-14.60563],[33.64905,-14.60556],[33.649,-14.60536],[33.64896,-14.60524],[33.64894,-14.60519],[33.64892,-14.60514],[33.64893,-14.60509],[33.64895,-14.60504],[33.64901,-14.60474],[33.64908,-14.60448],[33.64934,-14.60387],[33.64943,-14.60367],[33.64945,-14.60364],[33.6495,-14.60349],[33.64958,-14.60332],[33.64968,-14.60315],[33.65006,-14.60281],[33.65021,-14.60268],[33.65034,-14.60258],[33.6505,-14.60248],[33.65059,-14.60237],[33.65068,-14.60229],[33.65078,-14.60218],[33.65081,-14.60209],[33.65086,-14.60197],[33.65089,-14.60182],[33.65095,-14.60163],[33.65101,-14.60143],[33.65109,-14.60125],[33.65115,-14.60114],[33.65123,-14.60099],[33.6513,-14.60083],[33.65135,-14.60069],[33.65138,-14.60052],[33.6514,-14.60036],[33.65141,-14.60021],[33.65141,-14.60007],[33.65142,-14.59993],[33.65144,-14.59969],[33.65143,-14.59959],[33.65141,-14.59936],[33.6514,-14.59923],[33.6514,-14.59914],[33.65137,-14.59903],[33.65135,-14.59898],[33.65129,-14.59879],[33.65122,-14.59861],[33.6512,-14.59855],[33.65119,-14.59848],[33.6512,-14.59839],[33.65121,-14.59831],[33.65125,-14.59824],[33.65131,-14.59817],[33.65136,-14.59807],[33.65138,-14.59794],[33.65138,-14.59781],[33.65135,-14.59758],[33.65129,-14.59741],[33.65126,-14.59729],[33.6512,-14.5971],[33.65118,-14.59702]]},"properties":{"id":400533480,"cls":"track","hw":"track","tg":"none","name":"","ref":"","surface":"","sc":"unknown","speed":null,"lit":"unk","km":1.062}},
{"type":"Feature","geometry":{"type":"LineString","coordinates":[[33.62247,-14.56469],[33.6225,-14.5645],[33.62251,-14.56439],[33.62251,-14.5643],[33.6225,-14.56421],[33.62248,-14.56409],[33.62245,-14.56398],[33.6224,-14.56383],[33.62238,-14.56378],[33.62234,-14.56369],[33.62231,-14.5636],[33.62229,-14.56349],[33.62223,-14.56329],[33.6222,-14.56313],[33.62216,-14.56287],[33.62209,-14.56262],[33.62203,-14.56244],[33.622,-14.56231],[33.62199,-14.56224],[33.62198,-14.56215],[33.62199,-14.56206],[33.62201,-14.56185],[33.62201,-14.56168],[33.62199,-14.56157],[33.62193,-14.56143],[33.62189,-14.56128],[33.62186,-14.56114],[33.62183,-14.56105],[33.62182,-14.56102],[33.62179,-14.561],[33.62173,-14.56099],[33.62158,-14.56102],[33.62128,-14.56108],[33.62107,-14.56112],[33.6209,-14.56115],[33.62078,-14.56119],[33.62069,-14.5612],[33.62067,-14.56119],[33.62065,-14.56119],[33.62064,-14.56116],[33.62062,-14.56111],[33.62057,-14.56097],[33.62053,-14.56088],[33.62041,-14.56063]]},"properties":{"id":400533483,"cls":"unclassified","hw":"unclassified","tg":"na","name":"","ref":"","surface":"unpaved","sc":"unpaved","speed":null,"lit":"unk","km":0.616}},
{"type":"Feature","geometry":{"type":"LineString","coordinates":[[33.63182,-14.62523],[33.63185,-14.6251],[33.63187,-14.62505],[33.63191,-14.62501],[33.63192,-14.62498],[33.63194,-14.62493],[33.63197,-14.62487],[33.63199,-14.62477],[33.63202,-14.62466],[33.63207,-14.62453],[33.6321,-14.62444],[33.63213,-14.62436],[33.63216,-14.62428],[33.63221,-14.62418],[33.63229,-14.62403],[33.63237,-14.62385],[33.63244,-14.62375],[33.63251,-14.62365],[33.63262,-14.62352],[33.63269,-14.62341],[33.63284,-14.62321],[33.63288,-14.62314],[33.63289,-14.62311],[33.63293,-14.62302],[33.633,-14.62289],[33.63307,-14.62277],[33.63315,-14.62264],[33.63321,-14.62253],[33.63329,-14.62245],[33.63336,-14.62236],[33.63342,-14.6223],[33.63349,-14.62223],[33.63356,-14.62213],[33.63364,-14.62202],[33.63371,-14.62195],[33.63377,-14.62189],[33.63383,-14.62182],[33.63387,-14.62175],[33.63389,-14.62168],[33.63391,-14.62158],[33.63394,-14.62147],[33.63395,-14.62138],[33.63396,-14.62128],[33.63397,-14.62115],[33.63398,-14.62098],[33.63401,-14.62068],[33.63401,-14.62064],[33.63402,-14.62053],[33.63401,-14.62042],[33.63394,-14.6202],[33.63391,-14.62008],[33.63391,-14.62],[33.63391,-14.61989],[33.63386,-14.61968],[33.63382,-14.61956],[33.63375,-14.61941],[33.6337,-14.61933],[33.63362,-14.61915],[33.63358,-14.61904],[33.63355,-14.61896],[33.63353,-14.61885],[33.6335,-14.61872],[33.63349,-14.61865],[33.6335,-14.61857],[33.63352,-14.61847],[33.63354,-14.61839],[33.63355,-14.61831],[33.63359,-14.61806],[33.63358,-14.6179],[33.63359,-14.61781],[33.63359,-14.61774],[33.63361,-14.61766],[33.63365,-14.61757],[33.63367,-14.61749],[33.63369,-14.61741],[33.63369,-14.61733],[33.63369,-14.6172],[33.63369,-14.61714],[33.63368,-14.61708],[33.63367,-14.61703],[33.63355,-14.61662],[33.63352,-14.61654],[33.63349,-14.61644],[33.63348,-14.61637],[33.63349,-14.61628],[33.6335,-14.61617],[33.63353,-14.61602],[33.63355,-14.61594],[33.63358,-14.61588],[33.63362,-14.61581],[33.63367,-14.6157],[33.63371,-14.6156],[33.63389,-14.61512],[33.63398,-14.61489],[33.6341,-14.61455],[33.63414,-14.61443],[33.63417,-14.61431],[33.63422,-14.61413],[33.63425,-14.61403],[33.63427,-14.61391],[33.63429,-14.61381],[33.63435,-14.61325],[33.63441,-14.6125],[33.63442,-14.6124],[33.63444,-14.61223],[33.63446,-14.61209],[33.6345,-14.61196],[33.63456,-14.61175],[33.6346,-14.6116],[33.63462,-14.61153],[33.63464,-14.61143],[33.63464,-14.61135],[33.63465,-14.61127],[33.63465,-14.61111],[33.63465,-14.61096],[33.63466,-14.61071],[33.63467,-14.61049],[33.63467,-14.61032],[33.63468,-14.61017],[33.6347,-14.61005],[33.63472,-14.60996],[33.63475,-14.60985],[33.63479,-14.60969],[33.63484,-14.60953],[33.63487,-14.6094],[33.63489,-14.60929],[33.63493,-14.6092],[33.63499,-14.60908],[33.63507,-14.60894],[33.63514,-14.60881],[33.63519,-14.60872],[33.63527,-14.60861],[33.63541,-14.60845],[33.63551,-14.60833],[33.63558,-14.60824],[33.63563,-14.60818],[33.63568,-14.60809],[33.63575,-14.60794],[33.63582,-14.60776],[33.63593,-14.60752],[33.636,-14.60733],[33.63607,-14.60717],[33.63619,-14.60691],[33.63628,-14.6068],[33.63636,-14.60669],[33.63644,-14.60655],[33.63668,-14.6061],[33.63675,-14.60597],[33.63683,-14.60581],[33.63693,-14.60567],[33.63707,-14.60549],[33.63721,-14.6053],[33.63733,-14.60514],[33.63747,-14.60497],[33.63756,-14.60485],[33.63763,-14.60473],[33.63771,-14.60465],[33.63791,-14.6045],[33.6381,-14.60437],[33.63827,-14.60427],[33.6384,-14.60418],[33.63847,-14.60407],[33.63849,-14.60401],[33.6385,-14.60396],[33.6385,-14.60392],[33.63849,-14.60388],[33.63849,-14.60384],[33.63848,-14.60373],[33.63848,-14.60362],[33.63848,-14.60355],[33.63848,-14.60347],[33.63849,-14.60334],[33.63851,-14.60326],[33.63854,-14.60319],[33.63857,-14.6031],[33.63859,-14.60301],[33.63861,-14.6029],[33.63863,-14.60281],[33.63866,-14.60267],[33.63866,-14.6026],[33.63865,-14.60251],[33.63864,-14.60243],[33.63863,-14.60238],[33.63863,-14.60231],[33.63863,-14.60222],[33.63863,-14.60212],[33.63865,-14.60199],[33.63866,-14.60186],[33.63866,-14.60175],[33.63867,-14.60162],[33.63869,-14.60152],[33.63871,-14.60142],[33.63872,-14.60135],[33.63874,-14.60125],[33.63875,-14.60113],[33.63876,-14.60103],[33.63877,-14.60092],[33.63877,-14.60073],[33.63877,-14.60061],[33.63878,-14.60044],[33.63879,-14.60038],[33.63879,-14.60032],[33.63879,-14.60022],[33.63879,-14.60008],[33.63879,-14.60004],[33.6388,-14.59999],[33.63878,-14.5999],[33.63877,-14.59967],[33.63872,-14.59948],[33.63869,-14.59912],[33.63869,-14.5988],[33.63864,-14.59853],[33.63859,-14.59835],[33.63857,-14.59808],[33.63835,-14.5976],[33.63809,-14.59702],[33.63792,-14.59656],[33.63785,-14.59629],[33.63782,-14.59602],[33.63782,-14.59578],[33.63782,-14.59554],[33.63783,-14.59541],[33.63785,-14.59533],[33.63789,-14.5951],[33.6379,-14.59499],[33.63789,-14.59487],[33.63786,-14.59473],[33.63783,-14.59452],[33.6378,-14.59417],[33.63774,-14.5936],[33.63771,-14.59322],[33.63769,-14.59305],[33.63765,-14.59285],[33.63756,-14.59257],[33.63752,-14.59237],[33.63749,-14.59225],[33.63733,-14.59189],[33.63723,-14.59164],[33.63718,-14.59152],[33.63716,-14.59135],[33.63715,-14.5911],[33.63714,-14.59088],[33.63714,-14.59074],[33.63714,-14.59058],[33.63711,-14.59047],[33.63704,-14.59041],[33.63689,-14.59031],[33.63681,-14.59023],[33.63676,-14.59017],[33.63672,-14.59011],[33.63668,-14.59001],[33.63666,-14.58982],[33.63665,-14.58962],[33.63668,-14.58939],[33.63669,-14.58915]]},"properties":{"id":400533486,"cls":"unclassified","hw":"unclassified","tg":"na","name":"","ref":"","surface":"","sc":"unknown","speed":null,"lit":"unk","km":4.294}},
{"type":"Feature","geometry":{"type":"LineString","coordinates":[[33.61499,-14.54573],[33.61502,-14.54562],[33.61504,-14.54549],[33.61504,-14.54534],[33.61503,-14.54516],[33.61502,-14.54508],[33.61499,-14.54494],[33.61499,-14.54487],[33.61499,-14.54482],[33.615,-14.54475],[33.61502,-14.54462],[33.61505,-14.5445],[33.6151,-14.54432],[33.61517,-14.54402],[33.61519,-14.54388],[33.61524,-14.54372],[33.61528,-14.5436],[33.61533,-14.54351],[33.61537,-14.54343],[33.6154,-14.54336],[33.61542,-14.54329],[33.61544,-14.54319],[33.61545,-14.54306],[33.61545,-14.54298],[33.61545,-14.54289]]},"properties":{"id":400533491,"cls":"residential","hw":"residential","tg":"na","name":"","ref":"","surface":"","sc":"unknown","speed":null,"lit":"unk","km":0.324}},
{"type":"Feature","geometry":{"type":"LineString","coordinates":[[33.66506,-14.61622],[33.66497,-14.61635],[33.6649,-14.61644],[33.66482,-14.61656],[33.66475,-14.61666],[33.66465,-14.6168],[33.66458,-14.61691],[33.66451,-14.61701],[33.66446,-14.61709],[33.6644,-14.61718],[33.66437,-14.61722],[33.66434,-14.61727],[33.66431,-14.61732],[33.66429,-14.61737],[33.66428,-14.61741],[33.66426,-14.61746],[33.66425,-14.61751],[33.66424,-14.61757],[33.66424,-14.61762],[33.66423,-14.61769],[33.66423,-14.61775],[33.66423,-14.61783],[33.66424,-14.6179],[33.66425,-14.61797],[33.66427,-14.61803],[33.66428,-14.61811],[33.66429,-14.6182],[33.6643,-14.61827],[33.66431,-14.61833],[33.66432,-14.6184],[33.66433,-14.61847],[33.66435,-14.61853],[33.66437,-14.61859],[33.66439,-14.61865],[33.66442,-14.61872],[33.66444,-14.6188],[33.66448,-14.61889],[33.66451,-14.61895],[33.66454,-14.61902],[33.66457,-14.61909],[33.6646,-14.61915],[33.66465,-14.61924],[33.66468,-14.61933],[33.66476,-14.6195],[33.66481,-14.61957],[33.6649,-14.61973],[33.66499,-14.61987],[33.66505,-14.61996],[33.66513,-14.62008],[33.66524,-14.62023],[33.66532,-14.62035],[33.6654,-14.62047],[33.66544,-14.62051],[33.66545,-14.62052],[33.66548,-14.62055],[33.66557,-14.62065],[33.66563,-14.6207],[33.66567,-14.62075],[33.66573,-14.62082],[33.66581,-14.62093],[33.6659,-14.62105],[33.66597,-14.62116],[33.66604,-14.62125],[33.66608,-14.62131],[33.66612,-14.6214],[33.66616,-14.62151],[33.6662,-14.62161],[33.66621,-14.62168],[33.66622,-14.62174],[33.66624,-14.62179],[33.66627,-14.62185],[33.66629,-14.62191],[33.66631,-14.62199],[33.66632,-14.62211],[33.66633,-14.62222],[33.66634,-14.62239],[33.66634,-14.62254],[33.66634,-14.6227],[33.66636,-14.62295],[33.66638,-14.62311],[33.66639,-14.62322],[33.66641,-14.62329],[33.66643,-14.62335],[33.66644,-14.62341],[33.66645,-14.62348],[33.66646,-14.62354],[33.66646,-14.62362],[33.66645,-14.62373],[33.66643,-14.62381],[33.66641,-14.62389],[33.6664,-14.62397],[33.66638,-14.62406],[33.66636,-14.62416],[33.66634,-14.62424],[33.66633,-14.62431],[33.66631,-14.62436],[33.6663,-14.62442],[33.66628,-14.6245],[33.66624,-14.62466],[33.66622,-14.62475],[33.6662,-14.62481],[33.66615,-14.62497],[33.66608,-14.62518],[33.66601,-14.62536],[33.66595,-14.62558],[33.66583,-14.62591],[33.66567,-14.6263],[33.66554,-14.62655],[33.66541,-14.62677],[33.66535,-14.62689],[33.66532,-14.62701],[33.66529,-14.62712],[33.66525,-14.6273],[33.66523,-14.62744],[33.6652,-14.62757],[33.66519,-14.62762],[33.66518,-14.62767],[33.66517,-14.62779],[33.66516,-14.62787],[33.66512,-14.62802],[33.6651,-14.62813],[33.6651,-14.62822],[33.66509,-14.62833],[33.66509,-14.6284],[33.66504,-14.62868],[33.66501,-14.62881],[33.66499,-14.62893],[33.66497,-14.62902],[33.66495,-14.62914],[33.66494,-14.62929],[33.66491,-14.62943],[33.66489,-14.62955],[33.66486,-14.62962],[33.66482,-14.6297],[33.66477,-14.62981],[33.66472,-14.62994],[33.6647,-14.62999],[33.66465,-14.63012],[33.66463,-14.63019],[33.66462,-14.63027],[33.66461,-14.63034],[33.6646,-14.63043],[33.66459,-14.63051],[33.66458,-14.63057],[33.66458,-14.63064],[33.66457,-14.6307],[33.66457,-14.63078],[33.66457,-14.63092],[33.66457,-14.63105],[33.66458,-14.63119],[33.66457,-14.63127],[33.66456,-14.63135],[33.66455,-14.63143],[33.66454,-14.63157],[33.66451,-14.63178],[33.66449,-14.63189],[33.66447,-14.63201],[33.66446,-14.63213],[33.66445,-14.63222],[33.66445,-14.6323],[33.66444,-14.63243],[33.66443,-14.63255],[33.66442,-14.63265],[33.66439,-14.63277],[33.66436,-14.63297],[33.66432,-14.63318],[33.66427,-14.63343],[33.66425,-14.63355],[33.66422,-14.63371],[33.66419,-14.63389],[33.66417,-14.63399],[33.66415,-14.63413],[33.66412,-14.63427],[33.66409,-14.63443],[33.66407,-14.63456],[33.66402,-14.63469],[33.66395,-14.63486],[33.66386,-14.63503],[33.66379,-14.63515],[33.6637,-14.63531],[33.66359,-14.63545],[33.66348,-14.63559],[33.66324,-14.63586],[33.66315,-14.63596],[33.66312,-14.63599],[33.66309,-14.63603],[33.66305,-14.63607],[33.663,-14.63613],[33.66296,-14.63617],[33.6629,-14.63624],[33.66284,-14.63632],[33.66278,-14.63639],[33.66266,-14.63651],[33.66258,-14.63661],[33.66247,-14.63673],[33.6624,-14.63681],[33.66233,-14.63692],[33.66216,-14.63712],[33.66204,-14.63724],[33.66193,-14.63737],[33.66186,-14.63744],[33.66178,-14.63751],[33.66173,-14.63757],[33.66161,-14.63768],[33.66155,-14.63773],[33.66147,-14.6378],[33.66142,-14.63784],[33.66137,-14.63789],[33.66131,-14.63795],[33.66128,-14.63797],[33.66123,-14.63802],[33.66119,-14.63807],[33.6611,-14.63822],[33.66105,-14.63827],[33.66096,-14.63839],[33.66088,-14.63849],[33.66083,-14.63854],[33.66078,-14.6386],[33.66073,-14.63866],[33.66067,-14.63872],[33.66057,-14.63881],[33.66052,-14.63887],[33.66047,-14.63893],[33.66041,-14.63901],[33.66036,-14.63907],[33.66029,-14.63914],[33.66018,-14.63925],[33.65999,-14.63946],[33.65981,-14.63965],[33.65969,-14.6398],[33.65957,-14.63992],[33.65948,-14.64003],[33.65941,-14.64012],[33.65932,-14.64025],[33.65919,-14.64041],[33.65912,-14.64051],[33.65904,-14.64061],[33.65894,-14.64073],[33.65881,-14.64087],[33.65876,-14.64093],[33.6587,-14.641],[33.65864,-14.64107],[33.65859,-14.64113],[33.65853,-14.6412],[33.6584,-14.64132],[33.65829,-14.64143],[33.65819,-14.64154],[33.65801,-14.64173],[33.65784,-14.64193],[33.65772,-14.64208],[33.65765,-14.64216],[33.65761,-14.64223],[33.65758,-14.64228],[33.65755,-14.64235],[33.65753,-14.6424],[33.6575,-14.64246],[33.65748,-14.64255],[33.65745,-14.64268],[33.65743,-14.64277],[33.65741,-14.64287],[33.65739,-14.64298],[33.65736,-14.6431],[33.65733,-14.64319],[33.65731,-14.64327],[33.65728,-14.64335],[33.65727,-14.64341],[33.65726,-14.64348],[33.65726,-14.64355],[33.65726,-14.64364],[33.65727,-14.64376],[33.65726,-14.64389],[33.65726,-14.64401],[33.65729,-14.64413],[33.65731,-14.64426],[33.65735,-14.64447],[33.65737,-14.64456],[33.65738,-14.6446],[33.6574,-14.64466],[33.6574,-14.64481],[33.6574,-14.64499],[33.65736,-14.64531],[33.65733,-14.64555],[33.6573,-14.64576],[33.65725,-14.64607],[33.65721,-14.64631],[33.65717,-14.64663],[33.65716,-14.64682],[33.65716,-14.64696],[33.65718,-14.6471],[33.6572,-14.64718],[33.65723,-14.6473],[33.65726,-14.64738],[33.65728,-14.64744],[33.65732,-14.6475],[33.65741,-14.64767],[33.65748,-14.64777],[33.65761,-14.64801],[33.65772,-14.6482],[33.65778,-14.64831],[33.65782,-14.64838],[33.65789,-14.64854],[33.65792,-14.6486],[33.65797,-14.64868],[33.65807,-14.64877],[33.65817,-14.6489],[33.65828,-14.64905],[33.65831,-14.6491],[33.65838,-14.64922],[33.65849,-14.64944],[33.65863,-14.64975],[33.65874,-14.64991],[33.65873,-14.64992],[33.65883,-14.65006],[33.65898,-14.65035],[33.65911,-14.65056],[33.65943,-14.65098],[33.65975,-14.65147],[33.65995,-14.65186],[33.66012,-14.65216],[33.66052,-14.65283],[33.66083,-14.65338],[33.66102,-14.6537],[33.66118,-14.65395],[33.66125,-14.65405],[33.66133,-14.65413],[33.66167,-14.65444],[33.66191,-14.65463],[33.66209,-14.65477],[33.66218,-14.65483],[33.66235,-14.6549],[33.66248,-14.65496],[33.66268,-14.65504],[33.66302,-14.65515],[33.66332,-14.65525],[33.66367,-14.6554],[33.66382,-14.65546],[33.66393,-14.65552],[33.66415,-14.65573],[33.66435,-14.6559],[33.66452,-14.65606],[33.66473,-14.6563],[33.66486,-14.65645],[33.66493,-14.65654],[33.66513,-14.65699],[33.66526,-14.65727],[33.66558,-14.65772],[33.66587,-14.65813],[33.66607,-14.6584],[33.66632,-14.65885],[33.66659,-14.65932],[33.66674,-14.65953],[33.66687,-14.65979],[33.66699,-14.66003],[33.66711,-14.66018],[33.66726,-14.66023],[33.66772,-14.66027],[33.66818,-14.66026],[33.6686,-14.66019],[33.66886,-14.66012],[33.66902,-14.66006],[33.6692,-14.66003],[33.66962,-14.65999],[33.67006,-14.65999],[33.67071,-14.65993],[33.67112,-14.65992],[33.67148,-14.65994],[33.67179,-14.65996],[33.67195,-14.65998],[33.67222,-14.66006],[33.67244,-14.66015],[33.67262,-14.66027],[33.67279,-14.6604],[33.67305,-14.66065],[33.67333,-14.66094],[33.67369,-14.66129],[33.67394,-14.66153],[33.67411,-14.66169],[33.67417,-14.66175],[33.67424,-14.66183],[33.67432,-14.66195],[33.67436,-14.66201],[33.67441,-14.66207],[33.67447,-14.66215],[33.67452,-14.66226],[33.67456,-14.6624],[33.67459,-14.66248],[33.67463,-14.6626]]},"properties":{"id":400602931,"cls":"unclassified","hw":"unclassified","tg":"na","name":"","ref":"","surface":"","sc":"unknown","speed":null,"lit":"unk","km":6.622}},
{"type":"Feature","geometry":{"type":"LineString","coordinates":[[33.86952,-14.50534],[33.86953,-14.50524],[33.87117,-14.50136],[33.87354,-14.49629],[33.87362,-14.49625],[33.87371,-14.49624],[33.87385,-14.49627],[33.87388,-14.49638],[33.87445,-14.49862],[33.87471,-14.49969],[33.87487,-14.50023],[33.87494,-14.50071],[33.87492,-14.50092],[33.87482,-14.50107],[33.87451,-14.5014],[33.87433,-14.50163],[33.87423,-14.50216]]},"properties":{"id":404290122,"cls":"track","hw":"track","tg":"none","name":"","ref":"","surface":"","sc":"unknown","speed":null,"lit":"unk","km":1.824}},
{"type":"Feature","geometry":{"type":"LineString","coordinates":[[33.8761,-14.50399],[33.87586,-14.50402],[33.87565,-14.50406],[33.87553,-14.50409],[33.87535,-14.50414],[33.87512,-14.50425],[33.87484,-14.50437],[33.87474,-14.50444],[33.87468,-14.5045],[33.87462,-14.50464],[33.8746,-14.50474],[33.87458,-14.50483],[33.87454,-14.50506],[33.87446,-14.50531],[33.87441,-14.50542],[33.87435,-14.5055],[33.87425,-14.5056],[33.87403,-14.5058]]},"properties":{"id":404290125,"cls":"residential","hw":"residential","tg":"na","name":"","ref":"","surface":"","sc":"unknown","speed":null,"lit":"unk","km":0.332}},
{"type":"Feature","geometry":{"type":"LineString","coordinates":[[33.85995,-14.50862],[33.85998,-14.50822],[33.86008,-14.50771],[33.86028,-14.50747],[33.8604,-14.50692],[33.86073,-14.50643],[33.86097,-14.50609],[33.86103,-14.50592],[33.8612,-14.50585],[33.86159,-14.50572],[33.86176,-14.5054],[33.86222,-14.50492],[33.86268,-14.50423],[33.863,-14.50374]]},"properties":{"id":404290126,"cls":"track","hw":"track","tg":"none","name":"","ref":"","surface":"","sc":"unknown","speed":null,"lit":"unk","km":0.663}},
{"type":"Feature","geometry":{"type":"LineString","coordinates":[[33.85921,-14.51162],[33.85936,-14.51156],[33.85948,-14.51154],[33.85993,-14.51145],[33.86013,-14.51149],[33.86036,-14.51158],[33.8609,-14.51158],[33.8611,-14.51155],[33.86132,-14.51146],[33.8616,-14.51144],[33.8618,-14.51137],[33.86191,-14.51128],[33.86221,-14.51117],[33.86299,-14.51089],[33.86374,-14.51065],[33.8644,-14.51016],[33.8649,-14.50962],[33.86603,-14.50909],[33.86637,-14.50908],[33.86709,-14.50869],[33.86795,-14.50793],[33.86832,-14.50674],[33.8683,-14.50655],[33.86849,-14.50625],[33.86871,-14.50598],[33.86894,-14.50559],[33.86915,-14.50548],[33.86923,-14.50543],[33.86952,-14.50534]]},"properties":{"id":404290146,"cls":"track","hw":"track","tg":"none","name":"","ref":"","surface":"","sc":"unknown","speed":null,"lit":"unk","km":1.424}},
{"type":"Feature","geometry":{"type":"LineString","coordinates":[[33.89422,-14.515],[33.89405,-14.51522],[33.89383,-14.51545],[33.89353,-14.51573],[33.89336,-14.51584],[33.89313,-14.51597],[33.89298,-14.51603],[33.89281,-14.51608],[33.89258,-14.5161],[33.8924,-14.51611],[33.89225,-14.51616],[33.89215,-14.51616],[33.89208,-14.51614],[33.89197,-14.51608],[33.89172,-14.51591],[33.89148,-14.51576],[33.89117,-14.51562],[33.89063,-14.51533],[33.89041,-14.51515],[33.89023,-14.51511],[33.89006,-14.51509],[33.88987,-14.51514],[33.88973,-14.51522],[33.88958,-14.51528],[33.88941,-14.51531],[33.88923,-14.51532],[33.88882,-14.51529],[33.88861,-14.51524],[33.88844,-14.51507],[33.88817,-14.51483],[33.88793,-14.51458],[33.88751,-14.51409],[33.88726,-14.51387],[33.88708,-14.51374],[33.88659,-14.51351],[33.88608,-14.51334],[33.88534,-14.51307],[33.88507,-14.51298],[33.88481,-14.513]]},"properties":{"id":404290150,"cls":"track","hw":"track","tg":"none","name":"","ref":"","surface":"","sc":"unknown","speed":null,"lit":"unk","km":1.185}},
{"type":"Feature","geometry":{"type":"LineString","coordinates":[[33.87429,-14.50226],[33.87423,-14.50216],[33.87412,-14.50205],[33.87396,-14.502],[33.87361,-14.50191],[33.87276,-14.50171],[33.87143,-14.50148],[33.87117,-14.50136],[33.87056,-14.50086],[33.87052,-14.50084],[33.87048,-14.50082],[33.86924,-14.50012],[33.86759,-14.49887],[33.86681,-14.49801],[33.86558,-14.49719],[33.86325,-14.49609],[33.86126,-14.49512],[33.86096,-14.49472],[33.85992,-14.49426],[33.85931,-14.4941],[33.85782,-14.49351],[33.85756,-14.49341],[33.85627,-14.49267],[33.85586,-14.49244],[33.85492,-14.49191],[33.85456,-14.4918],[33.85428,-14.49153],[33.85392,-14.49084],[33.85365,-14.49045],[33.85331,-14.49005],[33.85285,-14.48957],[33.85272,-14.48909],[33.85248,-14.48863],[33.85242,-14.48831],[33.85207,-14.48777],[33.85182,-14.48719],[33.85149,-14.48653]]},"properties":{"id":404290151,"cls":"track","hw":"track","tg":"none","name":"","ref":"","surface":"","sc":"unknown","speed":null,"lit":"unk","km":3.142}},
{"type":"Feature","geometry":{"type":"LineString","coordinates":[[33.90241,-14.50448],[33.90261,-14.50324],[33.90245,-14.50308],[33.90284,-14.50214],[33.90277,-14.50195],[33.90283,-14.5015],[33.90282,-14.50108],[33.90234,-14.50104],[33.90229,-14.50091],[33.90229,-14.49997],[33.90196,-14.49981],[33.90122,-14.49965],[33.90087,-14.49955],[33.90059,-14.49961],[33.90027,-14.49969],[33.90011,-14.49964],[33.89998,-14.49932],[33.89988,-14.49839],[33.89967,-14.49796],[33.89965,-14.49729],[33.89967,-14.49686],[33.89939,-14.49664],[33.89894,-14.49602],[33.89871,-14.49587],[33.89848,-14.49556],[33.89761,-14.49492],[33.8973,-14.49461],[33.89702,-14.49443],[33.8968,-14.49397],[33.89662,-14.49356],[33.89584,-14.49264],[33.89571,-14.49231],[33.89558,-14.49143],[33.89551,-14.49132]]},"properties":{"id":404290158,"cls":"track","hw":"track","tg":"none","name":"","ref":"","surface":"","sc":"unknown","speed":null,"lit":"unk","km":1.919}},
{"type":"Feature","geometry":{"type":"LineString","coordinates":[[33.8622,-14.5117],[33.86217,-14.51163],[33.86196,-14.51143],[33.86191,-14.51128],[33.86185,-14.51113],[33.86152,-14.51065],[33.86143,-14.5104],[33.86141,-14.51012],[33.86127,-14.50973],[33.86097,-14.50948],[33.86059,-14.50919],[33.86041,-14.50906],[33.86015,-14.50886],[33.85995,-14.50862],[33.85964,-14.5084],[33.85941,-14.50815],[33.85927,-14.50807],[33.85914,-14.50789],[33.85891,-14.50774],[33.85863,-14.50748],[33.85833,-14.50737],[33.85795,-14.50714],[33.85767,-14.50701],[33.85747,-14.50652],[33.8573,-14.50634],[33.85695,-14.50589],[33.85688,-14.5057],[33.85674,-14.5053],[33.8565,-14.50505],[33.85633,-14.50478],[33.85628,-14.50451],[33.85599,-14.50416],[33.85588,-14.50392],[33.85564,-14.50357],[33.85552,-14.50316],[33.85546,-14.50304],[33.85538,-14.50288],[33.85512,-14.50258],[33.85506,-14.50234]]},"properties":{"id":404290161,"cls":"track","hw":"track","tg":"none","name":"","ref":"","surface":"","sc":"unknown","speed":null,"lit":"unk","km":1.344}},
{"type":"Feature","geometry":{"type":"LineString","coordinates":[[33.85948,-14.51154],[33.85928,-14.51112],[33.85916,-14.51094],[33.85909,-14.51075],[33.85909,-14.51055]]},"properties":{"id":404290169,"cls":"track","hw":"track","tg":"none","name":"","ref":"","surface":"","sc":"unknown","speed":null,"lit":"unk","km":0.12}},
{"type":"Feature","geometry":{"type":"LineString","coordinates":[[33.85689,-14.51286],[33.85668,-14.5128],[33.85609,-14.5126],[33.85566,-14.51248],[33.85533,-14.51234],[33.85492,-14.51226],[33.85475,-14.51219],[33.85429,-14.5122],[33.85358,-14.51221],[33.85307,-14.51212],[33.85233,-14.51202],[33.85178,-14.51211],[33.8511,-14.5123],[33.85021,-14.51271],[33.84952,-14.51298],[33.84901,-14.51334],[33.84836,-14.51385],[33.84812,-14.51405],[33.84794,-14.51419],[33.84792,-14.51422],[33.84767,-14.51433],[33.84706,-14.51464],[33.84659,-14.51485],[33.84639,-14.5149],[33.846,-14.51504],[33.8458,-14.51512],[33.8457,-14.51518],[33.84555,-14.51528],[33.84535,-14.51541],[33.84523,-14.51547],[33.84515,-14.5155],[33.84504,-14.51549],[33.8448,-14.51537],[33.84467,-14.51532],[33.84452,-14.51528],[33.84436,-14.51529],[33.84417,-14.51533],[33.84386,-14.51546],[33.84376,-14.5155],[33.84368,-14.51552],[33.84356,-14.51552],[33.84343,-14.51548],[33.8433,-14.51542],[33.84324,-14.51536],[33.84287,-14.51502],[33.84278,-14.51494],[33.8427,-14.51482],[33.84264,-14.51469],[33.84254,-14.51455],[33.84247,-14.51448],[33.84222,-14.51437],[33.84202,-14.51429],[33.8418,-14.51426],[33.8412,-14.51417],[33.84065,-14.51393],[33.84018,-14.51363],[33.83948,-14.51307],[33.83911,-14.51276],[33.83816,-14.51234],[33.83729,-14.51195],[33.83582,-14.51169],[33.83504,-14.51142],[33.83488,-14.51137],[33.83438,-14.51123],[33.83411,-14.51116],[33.83383,-14.51108],[33.83346,-14.5111],[33.83289,-14.51107],[33.83266,-14.51105],[33.83248,-14.511],[33.83232,-14.5109],[33.83206,-14.51076],[33.83181,-14.51061],[33.83159,-14.51046],[33.83141,-14.51039],[33.83112,-14.51037],[33.83089,-14.51038],[33.83065,-14.5104],[33.83027,-14.51042],[33.82994,-14.51043],[33.8297,-14.51042],[33.82937,-14.51046],[33.82888,-14.51051],[33.82818,-14.51057],[33.82791,-14.51061],[33.82777,-14.51064],[33.82755,-14.51066],[33.82717,-14.51065],[33.82662,-14.51058],[33.82628,-14.51054],[33.8259,-14.51046],[33.8256,-14.51041],[33.82537,-14.51037],[33.82505,-14.51032],[33.8248,-14.51025],[33.82423,-14.51004],[33.82409,-14.50999],[33.82329,-14.50969],[33.8228,-14.50951],[33.82245,-14.50941],[33.82215,-14.50927],[33.82199,-14.50914],[33.82184,-14.50904],[33.82165,-14.50895],[33.82148,-14.50891],[33.8212,-14.50879],[33.82108,-14.50868],[33.82089,-14.50854],[33.82067,-14.50837],[33.82047,-14.5083],[33.82028,-14.50824],[33.82008,-14.50814],[33.81995,-14.50803],[33.81987,-14.50789],[33.81979,-14.50776],[33.81968,-14.50759],[33.81933,-14.50724],[33.81877,-14.50678],[33.81866,-14.50666],[33.81851,-14.50649],[33.81815,-14.50617],[33.81794,-14.50593],[33.81751,-14.50569],[33.81638,-14.50537],[33.81583,-14.50506],[33.81578,-14.50501],[33.81563,-14.50487],[33.81547,-14.50468],[33.8154,-14.50461],[33.81524,-14.50444],[33.81515,-14.50421],[33.81508,-14.50405],[33.81498,-14.5039],[33.81486,-14.50381],[33.81473,-14.50374],[33.81466,-14.50368],[33.81459,-14.50354],[33.81447,-14.50338],[33.81438,-14.50325],[33.8143,-14.50314],[33.81417,-14.50306],[33.81404,-14.50294],[33.81395,-14.50283],[33.81383,-14.5027],[33.81366,-14.50252],[33.81355,-14.50243],[33.81344,-14.50232],[33.81332,-14.50219],[33.81321,-14.50209],[33.81307,-14.50195],[33.81297,-14.50184],[33.81284,-14.50175],[33.81268,-14.50164],[33.81249,-14.50154],[33.81228,-14.50147],[33.81203,-14.50136],[33.81175,-14.5012],[33.81163,-14.50113],[33.81144,-14.50108],[33.81136,-14.50107],[33.81128,-14.50101],[33.8112,-14.5009],[33.8111,-14.50079],[33.81101,-14.50068],[33.81094,-14.50051],[33.81086,-14.50043],[33.81067,-14.50032],[33.81045,-14.50021],[33.81022,-14.50009],[33.80998,-14.50001],[33.80981,-14.49993],[33.80963,-14.49985],[33.80949,-14.49977],[33.80932,-14.4997],[33.80915,-14.4996],[33.80898,-14.49952],[33.80886,-14.49947],[33.80877,-14.49942],[33.80869,-14.49935],[33.8086,-14.49933],[33.8085,-14.49929],[33.8084,-14.49925],[33.80831,-14.49921],[33.80824,-14.49917],[33.80819,-14.49912],[33.80813,-14.49904],[33.80808,-14.49896],[33.80799,-14.49891],[33.80783,-14.49886],[33.80772,-14.49883],[33.80759,-14.49881]]},"properties":{"id":404290188,"cls":"unclassified","hw":"unclassified","tg":"na","name":"","ref":"","surface":"","sc":"unknown","speed":null,"lit":"unk","km":6.065}},
{"type":"Feature","geometry":{"type":"LineString","coordinates":[[33.86294,-14.51271],[33.86288,-14.51259],[33.86264,-14.51242],[33.86241,-14.51213],[33.86235,-14.512],[33.8622,-14.5117],[33.86198,-14.51158],[33.8616,-14.51144],[33.86105,-14.51128],[33.86048,-14.51113],[33.86002,-14.51084],[33.85963,-14.51075],[33.85928,-14.51067],[33.85909,-14.51055],[33.85888,-14.5103],[33.85858,-14.51008],[33.85821,-14.50983],[33.85802,-14.50962],[33.85767,-14.50936],[33.85756,-14.50913],[33.85735,-14.50898],[33.85692,-14.50876],[33.85667,-14.50864],[33.85638,-14.50852],[33.85595,-14.50828],[33.8555,-14.50783],[33.85532,-14.50763],[33.85498,-14.50751],[33.85433,-14.50709],[33.85406,-14.50697],[33.85389,-14.50692],[33.85366,-14.50676],[33.85336,-14.50665],[33.85305,-14.50648],[33.85283,-14.5064],[33.85257,-14.50629],[33.85231,-14.50631],[33.85213,-14.50632],[33.85187,-14.50631],[33.85168,-14.5062],[33.85143,-14.50602],[33.85102,-14.50567],[33.85076,-14.50561],[33.85042,-14.50533],[33.85004,-14.50516],[33.8494,-14.50489],[33.84864,-14.50456],[33.8484,-14.5045],[33.84779,-14.50454],[33.84741,-14.5045],[33.84693,-14.50462],[33.84656,-14.50478],[33.84613,-14.50492],[33.84555,-14.50493],[33.84529,-14.50495],[33.84495,-14.50506],[33.84466,-14.50515],[33.84419,-14.50521],[33.84382,-14.50515],[33.84334,-14.50485],[33.84304,-14.50466],[33.84289,-14.50453],[33.84247,-14.50411],[33.84219,-14.50369],[33.84197,-14.50335],[33.84179,-14.50317],[33.84125,-14.50256],[33.84122,-14.50244],[33.8412,-14.50227],[33.84122,-14.50203],[33.84124,-14.50188],[33.8413,-14.50161],[33.84124,-14.50123],[33.8412,-14.50094],[33.84112,-14.50078],[33.84113,-14.50045],[33.84086,-14.50001],[33.84036,-14.49949],[33.84006,-14.4991],[33.84003,-14.4987]]},"properties":{"id":404290193,"cls":"track","hw":"track","tg":"none","name":"","ref":"","surface":"","sc":"unknown","speed":null,"lit":"unk","km":3.253}},
{"type":"Feature","geometry":{"type":"LineString","coordinates":[[33.88653,-14.51693],[33.88654,-14.51713],[33.88663,-14.51736],[33.88721,-14.51817],[33.88755,-14.51878],[33.88765,-14.5191],[33.88775,-14.51974]]},"properties":{"id":404290200,"cls":"track","hw":"track","tg":"none","name":"","ref":"","surface":"","sc":"unknown","speed":null,"lit":"unk","km":0.345}},
{"type":"Feature","geometry":{"type":"LineString","coordinates":[[33.71078,-14.52516],[33.71074,-14.52508],[33.71068,-14.52501],[33.71061,-14.52491],[33.71049,-14.52476],[33.71033,-14.52461],[33.71028,-14.52459],[33.71021,-14.52455],[33.71012,-14.52446],[33.71009,-14.52441],[33.71006,-14.52435],[33.71001,-14.52429],[33.70989,-14.5242],[33.70981,-14.52417],[33.7097,-14.52412],[33.70962,-14.52406],[33.70952,-14.52401],[33.70946,-14.52398],[33.7094,-14.52393],[33.70934,-14.52387],[33.7093,-14.52385],[33.70923,-14.52383],[33.70917,-14.52376],[33.70907,-14.52368],[33.709,-14.52364],[33.70892,-14.52359],[33.70889,-14.52354],[33.70882,-14.52351],[33.70874,-14.52344],[33.70869,-14.52338],[33.70862,-14.52335],[33.70851,-14.52334],[33.70839,-14.52332],[33.70828,-14.52331],[33.7082,-14.52329],[33.70812,-14.52325],[33.70805,-14.52322],[33.70796,-14.5232],[33.70789,-14.52318],[33.70784,-14.52318],[33.70781,-14.52319],[33.70778,-14.52321],[33.70773,-14.52319],[33.70764,-14.52318],[33.70755,-14.52317],[33.70747,-14.52313],[33.70733,-14.52311],[33.70714,-14.52306],[33.707,-14.52303],[33.70682,-14.52295],[33.70669,-14.52284],[33.70659,-14.52277],[33.70652,-14.52269],[33.70646,-14.52268],[33.70636,-14.52266],[33.70627,-14.52264],[33.70618,-14.5226],[33.7061,-14.52258],[33.70603,-14.52256]]},"properties":{"id":404549263,"cls":"path","hw":"path","tg":"na","name":"","ref":"","surface":"","sc":"unknown","speed":null,"lit":"unk","km":0.616}},
{"type":"Feature","geometry":{"type":"LineString","coordinates":[[33.71595,-14.58035],[33.71605,-14.5803],[33.71615,-14.58024],[33.71624,-14.58017],[33.71645,-14.57994],[33.7166,-14.57976],[33.71666,-14.5797],[33.71672,-14.57962],[33.71682,-14.57941],[33.71687,-14.57932],[33.71694,-14.57922],[33.7171,-14.57897]]},"properties":{"id":404549295,"cls":"path","hw":"path","tg":"na","name":"","ref":"","surface":"","sc":"unknown","speed":null,"lit":"unk","km":0.201}},
{"type":"Feature","geometry":{"type":"LineString","coordinates":[[33.71714,-14.57888],[33.71688,-14.57909],[33.7167,-14.57931],[33.71636,-14.5795],[33.71594,-14.5794],[33.71562,-14.5796],[33.71536,-14.5796]]},"properties":{"id":404549300,"cls":"path","hw":"path","tg":"na","name":"","ref":"","surface":"unpaved","sc":"unpaved","speed":null,"lit":"unk","km":0.225}},
{"type":"Feature","geometry":{"type":"LineString","coordinates":[[33.71773,-14.56569],[33.71839,-14.56518],[33.71911,-14.56483],[33.71922,-14.56476],[33.7196,-14.56462],[33.72073,-14.56452],[33.72115,-14.56433],[33.72128,-14.56416]]},"properties":{"id":404549308,"cls":"path","hw":"path","tg":"na","name":"","ref":"","surface":"","sc":"unknown","speed":null,"lit":"unk","km":0.431}},
{"type":"Feature","geometry":{"type":"LineString","coordinates":[[33.70704,-14.53366],[33.707,-14.53376],[33.70696,-14.53384],[33.70693,-14.53393],[33.70687,-14.53402],[33.7068,-14.53412],[33.7067,-14.53424],[33.70661,-14.53432],[33.70651,-14.5344],[33.70635,-14.53452],[33.70612,-14.5347],[33.70561,-14.5351],[33.70551,-14.53518],[33.70541,-14.53526],[33.70532,-14.53535],[33.70527,-14.5354],[33.70522,-14.53544],[33.70517,-14.53545],[33.70511,-14.53545],[33.70506,-14.53545],[33.705,-14.53547],[33.70495,-14.5355],[33.7049,-14.53555],[33.70484,-14.53562],[33.7047,-14.53578],[33.70461,-14.53589],[33.70456,-14.53597],[33.70452,-14.53605],[33.70449,-14.53613],[33.70447,-14.53621],[33.70445,-14.53628],[33.70442,-14.53636],[33.70436,-14.53644],[33.7043,-14.53651],[33.70412,-14.53666],[33.70405,-14.53674],[33.70401,-14.53678],[33.70378,-14.53702],[33.7036,-14.53718],[33.70351,-14.53728],[33.70344,-14.53735],[33.70339,-14.53742],[33.70334,-14.5375],[33.70328,-14.5376],[33.70324,-14.53768],[33.7032,-14.53781],[33.70315,-14.53798],[33.70313,-14.5381],[33.70312,-14.53823],[33.70311,-14.53847],[33.7031,-14.53854],[33.70312,-14.53881],[33.70314,-14.53905],[33.70318,-14.53964],[33.7032,-14.54005],[33.70322,-14.54023],[33.70327,-14.54085],[33.70329,-14.54105],[33.7033,-14.54126],[33.70332,-14.54146],[33.70333,-14.54153],[33.70334,-14.54162],[33.70337,-14.54173],[33.7034,-14.54184],[33.70354,-14.5422],[33.70365,-14.54243],[33.70384,-14.54283],[33.70395,-14.54307],[33.70401,-14.54321],[33.70433,-14.54389],[33.7044,-14.54403],[33.70445,-14.54413],[33.70448,-14.54422],[33.70452,-14.54434],[33.70455,-14.54449],[33.70457,-14.54461],[33.70458,-14.54468],[33.70459,-14.54477],[33.7046,-14.54485],[33.70461,-14.54496],[33.70465,-14.54539],[33.70467,-14.54564],[33.70468,-14.54576],[33.70472,-14.54591],[33.70477,-14.54611],[33.70484,-14.54639],[33.7049,-14.54658],[33.70501,-14.54688],[33.70513,-14.54725],[33.7052,-14.54745],[33.70528,-14.54775],[33.70536,-14.54804],[33.70555,-14.54862],[33.70566,-14.54895],[33.70568,-14.549],[33.70574,-14.54916],[33.70582,-14.54935],[33.70593,-14.5496],[33.70604,-14.54981],[33.70615,-14.55004],[33.70628,-14.55026],[33.70641,-14.55049],[33.70663,-14.5508],[33.70678,-14.55101],[33.70689,-14.55118],[33.70699,-14.55137],[33.70713,-14.55176],[33.70721,-14.55203],[33.70734,-14.55248],[33.70743,-14.55268],[33.70757,-14.553],[33.70772,-14.55328],[33.70803,-14.55387],[33.70816,-14.55411],[33.70829,-14.55433],[33.70844,-14.55463],[33.70857,-14.55489],[33.70868,-14.55516],[33.70874,-14.55532],[33.70879,-14.55548],[33.70884,-14.55572],[33.70889,-14.55597],[33.70897,-14.55635],[33.70911,-14.55698],[33.70928,-14.5578],[33.70931,-14.55791],[33.70942,-14.55845],[33.70946,-14.55864],[33.70953,-14.55897],[33.70959,-14.55935],[33.70962,-14.55945],[33.70964,-14.55954],[33.70968,-14.55966],[33.70975,-14.55986],[33.70985,-14.56017],[33.71001,-14.56071],[33.71018,-14.56129],[33.71025,-14.56147],[33.71031,-14.5616],[33.71036,-14.56171],[33.71045,-14.56186],[33.71054,-14.562],[33.71062,-14.56212],[33.71089,-14.56251],[33.71134,-14.5632],[33.71156,-14.56351],[33.71168,-14.56366],[33.71171,-14.56369],[33.71176,-14.56373],[33.71212,-14.56398],[33.71224,-14.56407],[33.71228,-14.5641],[33.71247,-14.56426],[33.71267,-14.56445],[33.71306,-14.56482],[33.71319,-14.56494],[33.71341,-14.56514],[33.71358,-14.5653],[33.71373,-14.56544],[33.71384,-14.56556],[33.7139,-14.56566],[33.71396,-14.56575],[33.71403,-14.56582],[33.7141,-14.56589],[33.71415,-14.56599],[33.7142,-14.56606],[33.71424,-14.56611],[33.71429,-14.56616],[33.71436,-14.56622],[33.71442,-14.5663],[33.71446,-14.56637],[33.71451,-14.56641],[33.71459,-14.56645],[33.71468,-14.56649],[33.71477,-14.56649],[33.71483,-14.56653],[33.71491,-14.56658],[33.71524,-14.5669],[33.71539,-14.56704],[33.71572,-14.56735],[33.71606,-14.56767],[33.71619,-14.5678],[33.71628,-14.56791],[33.71636,-14.56805],[33.71638,-14.56812],[33.71646,-14.56858],[33.71654,-14.5691],[33.71664,-14.5697],[33.71666,-14.56976],[33.71669,-14.56982],[33.71672,-14.56986]]},"properties":{"id":404549311,"cls":"unclassified","hw":"unclassified","tg":"na","name":"","ref":"","surface":"unpaved","sc":"unpaved","speed":null,"lit":"unk","km":4.613}},
{"type":"Feature","geometry":{"type":"LineString","coordinates":[[33.71066,-14.51695],[33.71124,-14.5164],[33.71154,-14.51611],[33.7118,-14.51588],[33.71192,-14.51576],[33.71198,-14.5157],[33.71202,-14.51564],[33.71214,-14.51539],[33.7123,-14.51505],[33.71235,-14.51493],[33.71238,-14.51486],[33.71242,-14.5148],[33.71245,-14.51474],[33.71251,-14.51465],[33.71265,-14.5144],[33.71274,-14.51422],[33.7128,-14.51414],[33.71287,-14.51407],[33.71291,-14.51403],[33.71299,-14.514],[33.71307,-14.51397],[33.7133,-14.51389],[33.71362,-14.51379],[33.71381,-14.51373],[33.71414,-14.51362],[33.71454,-14.51346],[33.71483,-14.51336],[33.71521,-14.51326],[33.71534,-14.51323],[33.71544,-14.51322],[33.71565,-14.51322],[33.71585,-14.51322],[33.71599,-14.51321],[33.7162,-14.51319],[33.7165,-14.51314],[33.7167,-14.51311],[33.71681,-14.51309],[33.71689,-14.51307],[33.71698,-14.51306],[33.71734,-14.51302],[33.71761,-14.51297],[33.71774,-14.51294],[33.71786,-14.51293],[33.71801,-14.51293],[33.71818,-14.51291],[33.71825,-14.51289],[33.7183,-14.51288],[33.71835,-14.51287],[33.71841,-14.51286],[33.71849,-14.51285],[33.71865,-14.51286],[33.71884,-14.51287],[33.71893,-14.51288],[33.71902,-14.51288],[33.71911,-14.51287],[33.71924,-14.51284],[33.7194,-14.51282],[33.71955,-14.51279],[33.71963,-14.51277],[33.7197,-14.51273],[33.71975,-14.51272],[33.71983,-14.5127],[33.71993,-14.51269],[33.72009,-14.51266],[33.72022,-14.51263],[33.72032,-14.51262],[33.7204,-14.51264],[33.72057,-14.51263],[33.7209,-14.51262],[33.72109,-14.5126],[33.72122,-14.51259],[33.72139,-14.51259],[33.72159,-14.51258],[33.72179,-14.51257],[33.72196,-14.51256],[33.72224,-14.51253],[33.72249,-14.51251],[33.72259,-14.5125],[33.72281,-14.51248],[33.723,-14.51247],[33.72314,-14.51244],[33.7233,-14.51241],[33.72344,-14.51237],[33.72355,-14.51233],[33.72368,-14.51224],[33.72384,-14.51213],[33.72402,-14.51199],[33.72434,-14.51176],[33.72458,-14.51159],[33.7248,-14.51145],[33.72535,-14.51104],[33.72559,-14.51086],[33.72597,-14.51058]]},"properties":{"id":404549787,"cls":"unclassified","hw":"unclassified","tg":"na","name":"","ref":"","surface":"unpaved","sc":"unpaved","speed":null,"lit":"unk","km":1.907}},
{"type":"Feature","geometry":{"type":"LineString","coordinates":[[33.72597,-14.51058],[33.72568,-14.51021],[33.72553,-14.50992],[33.72521,-14.50894],[33.72513,-14.50855],[33.72501,-14.50783],[33.72469,-14.50657],[33.72463,-14.50574],[33.72466,-14.50554],[33.72476,-14.50504],[33.72476,-14.50458],[33.72459,-14.5043],[33.72453,-14.5041],[33.72429,-14.50382],[33.72423,-14.50362],[33.72423,-14.50356],[33.7243,-14.50245],[33.72425,-14.50162],[33.7243,-14.50123],[33.72458,-14.50067],[33.7246,-14.50037],[33.72459,-14.50028],[33.72458,-14.50024],[33.72458,-14.50012],[33.72462,-14.49997],[33.7247,-14.49986],[33.72477,-14.49975],[33.72485,-14.49965],[33.72487,-14.49955],[33.72487,-14.49943],[33.72489,-14.49934],[33.72499,-14.49926],[33.72509,-14.4991],[33.72521,-14.49894],[33.7253,-14.49883],[33.72532,-14.49874],[33.72538,-14.4986],[33.72546,-14.49848]]},"properties":{"id":404549789,"cls":"path","hw":"path","tg":"na","name":"","ref":"","surface":"unpaved","sc":"unpaved","speed":null,"lit":"unk","km":1.425}},
{"type":"Feature","geometry":{"type":"LineString","coordinates":[[33.73178,-14.50545],[33.73177,-14.50533],[33.73171,-14.50518],[33.73171,-14.50503],[33.73177,-14.50485],[33.73177,-14.5048],[33.73178,-14.50473],[33.7318,-14.50465],[33.73186,-14.50455],[33.73189,-14.50451],[33.73189,-14.50444],[33.73196,-14.50435],[33.73198,-14.50425],[33.732,-14.50422],[33.73206,-14.50415],[33.73207,-14.50412],[33.73212,-14.50401],[33.73209,-14.50372],[33.73211,-14.50354],[33.73213,-14.50328],[33.73213,-14.50304],[33.73218,-14.50293],[33.73218,-14.5029],[33.73258,-14.50243],[33.733,-14.50211],[33.73346,-14.50169],[33.73378,-14.50152],[33.73441,-14.50104],[33.73485,-14.50086],[33.73532,-14.50061],[33.7356,-14.50043],[33.73593,-14.5001]]},"properties":{"id":404549790,"cls":"track","hw":"track","tg":"none","name":"","ref":"","surface":"unpaved","sc":"unpaved","speed":null,"lit":"unk","km":0.813}},
{"type":"Feature","geometry":{"type":"LineString","coordinates":[[33.74526,-14.51223],[33.74519,-14.51218],[33.74517,-14.51216],[33.74513,-14.5121],[33.7451,-14.51206],[33.74505,-14.51201],[33.745,-14.51196],[33.74495,-14.51193],[33.74491,-14.5119],[33.74488,-14.51187],[33.74482,-14.51177],[33.74476,-14.51167],[33.74468,-14.51155],[33.7446,-14.51141],[33.74453,-14.5113],[33.74446,-14.5112],[33.74444,-14.51114],[33.74439,-14.51103]]},"properties":{"id":404557416,"cls":"residential","hw":"residential","tg":"na","name":"","ref":"","surface":"","sc":"unknown","speed":null,"lit":"unk","km":0.165}},
{"type":"Feature","geometry":{"type":"LineString","coordinates":[[33.74545,-14.51372],[33.74534,-14.51316],[33.74534,-14.51311],[33.74536,-14.51306],[33.74537,-14.51302],[33.74536,-14.51296],[33.7453,-14.51279],[33.74527,-14.51269],[33.74526,-14.5126],[33.74527,-14.51247],[33.74525,-14.51237],[33.74526,-14.51223]]},"properties":{"id":404557417,"cls":"track","hw":"track","tg":"none","name":"","ref":"","surface":"","sc":"unknown","speed":null,"lit":"unk","km":0.169}},
{"type":"Feature","geometry":{"type":"LineString","coordinates":[[33.69238,-14.51558],[33.69238,-14.51571],[33.69236,-14.51581],[33.69236,-14.51593],[33.69234,-14.51602],[33.69219,-14.51664],[33.69206,-14.51719],[33.69205,-14.51727],[33.69204,-14.51732],[33.69204,-14.51736],[33.69204,-14.51739],[33.69205,-14.51741],[33.69207,-14.51747]]},"properties":{"id":404557421,"cls":"unclassified","hw":"unclassified","tg":"na","name":"","ref":"","surface":"","sc":"unknown","speed":null,"lit":"unk","km":0.215}},
{"type":"Feature","geometry":{"type":"LineString","coordinates":[[33.71173,-14.50979],[33.71181,-14.50981],[33.71212,-14.50972],[33.71449,-14.50876],[33.71658,-14.50767],[33.71666,-14.50767],[33.71669,-14.50762],[33.71718,-14.50734]]},"properties":{"id":404557423,"cls":"path","hw":"path","tg":"na","name":"","ref":"","surface":"unpaved","sc":"unpaved","speed":null,"lit":"unk","km":0.652}},
{"type":"Feature","geometry":{"type":"LineString","coordinates":[[33.7162,-14.50174],[33.71633,-14.50192],[33.71645,-14.50205],[33.71659,-14.50215],[33.7167,-14.50225],[33.71685,-14.50241],[33.71707,-14.50268],[33.71803,-14.50364],[33.71857,-14.50404],[33.71883,-14.50429],[33.71893,-14.50441],[33.71902,-14.50455],[33.71962,-14.50617],[33.72004,-14.50653]]},"properties":{"id":404557424,"cls":"track","hw":"track","tg":"none","name":"","ref":"","surface":"","sc":"unknown","speed":null,"lit":"unk","km":0.69}},
{"type":"Feature","geometry":{"type":"LineString","coordinates":[[33.71007,-14.51166],[33.71026,-14.51197],[33.71282,-14.51381],[33.71307,-14.51397]]},"properties":{"id":404557626,"cls":"path","hw":"path","tg":"na","name":"","ref":"","surface":"","sc":"unknown","speed":null,"lit":"unk","km":0.416}},
{"type":"Feature","geometry":{"type":"LineString","coordinates":[[33.71287,-14.51407],[33.71095,-14.51445],[33.71059,-14.51436],[33.71041,-14.51438]]},"properties":{"id":404557627,"cls":"path","hw":"path","tg":"na","name":"","ref":"","surface":"","sc":"unknown","speed":null,"lit":"unk","km":0.27}},
{"type":"Feature","geometry":{"type":"LineString","coordinates":[[33.80039,-14.55413],[33.80051,-14.55427],[33.80058,-14.55438],[33.80067,-14.55454],[33.80071,-14.55462],[33.80073,-14.55471],[33.80075,-14.55483],[33.80077,-14.55492],[33.80079,-14.555],[33.8008,-14.55508],[33.80081,-14.55521],[33.80083,-14.55532],[33.80085,-14.5554],[33.80091,-14.55555],[33.80103,-14.55574],[33.8011,-14.55586],[33.80116,-14.55599],[33.80125,-14.55615],[33.8014,-14.55631],[33.80149,-14.55644],[33.80158,-14.55657],[33.80183,-14.55686],[33.80202,-14.55702],[33.80216,-14.55714],[33.80226,-14.55724],[33.80242,-14.55741],[33.8025,-14.55749],[33.8026,-14.55758],[33.80269,-14.55764],[33.80278,-14.55769],[33.80293,-14.55778],[33.80303,-14.55786],[33.80311,-14.5579],[33.80318,-14.55796],[33.80324,-14.55802],[33.8033,-14.55807],[33.80351,-14.55818],[33.80384,-14.55835],[33.80399,-14.55843],[33.80408,-14.55845],[33.80416,-14.55847],[33.80425,-14.5585],[33.80429,-14.55852],[33.80435,-14.55856],[33.80444,-14.55862],[33.80453,-14.5587],[33.80459,-14.55875],[33.80466,-14.55884],[33.80483,-14.55905],[33.805,-14.5593],[33.80511,-14.55939],[33.80531,-14.55957],[33.80542,-14.55966],[33.80549,-14.55975],[33.80559,-14.55989],[33.80577,-14.56017],[33.80596,-14.56047],[33.80603,-14.56056],[33.80611,-14.56066],[33.80619,-14.56077],[33.80628,-14.56089],[33.80637,-14.56102],[33.80644,-14.56115],[33.8065,-14.56129],[33.80659,-14.5614],[33.80666,-14.5615],[33.80668,-14.56154],[33.80669,-14.56157],[33.80668,-14.56161],[33.80666,-14.56165],[33.80662,-14.56172],[33.80659,-14.56179],[33.80655,-14.56189],[33.8065,-14.56199],[33.80648,-14.56209],[33.80644,-14.5622],[33.80642,-14.56223],[33.8064,-14.56227],[33.80639,-14.5623],[33.80642,-14.56244],[33.80648,-14.56261],[33.80651,-14.56275]]},"properties":{"id":404571866,"cls":"residential","hw":"residential","tg":"na","name":"","ref":"","surface":"","sc":"unknown","speed":null,"lit":"unk","km":1.245}},
{"type":"Feature","geometry":{"type":"LineString","coordinates":[[33.69037,-14.51457],[33.69091,-14.51479],[33.69114,-14.51488],[33.6912,-14.51491],[33.69124,-14.51494],[33.69165,-14.51514],[33.69238,-14.51558],[33.69299,-14.51598],[33.69332,-14.51619],[33.69381,-14.5165],[33.69389,-14.51656],[33.6947,-14.51706],[33.69478,-14.51709],[33.69482,-14.5171],[33.69488,-14.51711],[33.69498,-14.5171],[33.69502,-14.51709],[33.69507,-14.51707],[33.69512,-14.51702],[33.69516,-14.51695],[33.69526,-14.51685],[33.69536,-14.5167],[33.69562,-14.51634],[33.69586,-14.51601],[33.69614,-14.5156],[33.6963,-14.51539],[33.69644,-14.51519],[33.69681,-14.51468],[33.69707,-14.51432],[33.69712,-14.51425],[33.69759,-14.51362],[33.6982,-14.513],[33.69868,-14.51254],[33.69922,-14.51205],[33.69985,-14.51147],[33.70019,-14.51117],[33.70032,-14.51103],[33.70045,-14.51084],[33.70058,-14.51059],[33.70073,-14.51024],[33.70082,-14.51004],[33.70092,-14.50993],[33.70099,-14.50988],[33.70108,-14.50981],[33.70138,-14.50963],[33.70169,-14.50945],[33.70209,-14.5092],[33.70229,-14.50907],[33.70238,-14.50901],[33.7027,-14.50878],[33.70327,-14.50833],[33.70352,-14.50813],[33.70376,-14.50792],[33.70387,-14.5078],[33.70393,-14.50773],[33.70399,-14.50764],[33.70413,-14.50744],[33.70444,-14.50693],[33.70464,-14.50655],[33.70472,-14.50636],[33.70478,-14.50618],[33.70487,-14.50591],[33.70494,-14.50563],[33.70507,-14.50509],[33.7052,-14.50435],[33.70529,-14.50406],[33.70533,-14.50394],[33.70537,-14.50387],[33.70545,-14.50376],[33.70558,-14.50363],[33.70592,-14.50333],[33.70645,-14.50284],[33.70665,-14.50264],[33.70706,-14.50222],[33.70768,-14.50162],[33.70816,-14.50112],[33.70825,-14.50104],[33.70833,-14.50096],[33.70847,-14.50085],[33.70874,-14.50063],[33.70889,-14.5005],[33.70928,-14.50011],[33.70978,-14.49962],[33.70992,-14.49948],[33.71092,-14.49846],[33.71119,-14.49818],[33.71206,-14.4973],[33.71217,-14.49719],[33.71231,-14.49706],[33.71278,-14.4966],[33.71331,-14.49608],[33.71381,-14.49563],[33.7155,-14.49399],[33.71597,-14.49354],[33.71693,-14.49261],[33.71715,-14.49241],[33.71742,-14.49216],[33.71756,-14.49197],[33.71764,-14.49183],[33.71768,-14.49174],[33.71771,-14.49155],[33.71771,-14.49144],[33.71772,-14.49122],[33.71773,-14.49077],[33.71773,-14.48983],[33.71772,-14.48875],[33.71775,-14.48815],[33.71778,-14.48796],[33.71782,-14.4878],[33.71787,-14.48762],[33.71792,-14.48743],[33.71797,-14.48729],[33.71802,-14.48712],[33.71806,-14.48697],[33.71814,-14.48674],[33.71824,-14.48657],[33.71839,-14.48643],[33.71859,-14.48633],[33.7189,-14.48622],[33.7193,-14.48611],[33.71973,-14.48599],[33.72,-14.48591],[33.72018,-14.48584],[33.72029,-14.48574],[33.72036,-14.48563],[33.72049,-14.48531],[33.72071,-14.48478],[33.7209,-14.48436],[33.72119,-14.48366],[33.72151,-14.48294],[33.72165,-14.48266],[33.72176,-14.48245],[33.72194,-14.48229],[33.7222,-14.48209],[33.72248,-14.48193],[33.72297,-14.48162],[33.72395,-14.48104],[33.72472,-14.48055],[33.72518,-14.48026],[33.72565,-14.47997],[33.72599,-14.47982],[33.72639,-14.47965],[33.72687,-14.47944],[33.72737,-14.4793],[33.72792,-14.47916],[33.72828,-14.47908],[33.72862,-14.47901],[33.72889,-14.47897],[33.7291,-14.47899],[33.72932,-14.47904],[33.72972,-14.47915],[33.73045,-14.47936],[33.73167,-14.47977],[33.73307,-14.4802],[33.73423,-14.48053],[33.73549,-14.48096],[33.73647,-14.48127],[33.73697,-14.48142],[33.73734,-14.4815],[33.73758,-14.48155],[33.73791,-14.48158],[33.73831,-14.48157],[33.73871,-14.48151],[33.73925,-14.4814],[33.73986,-14.48128],[33.74029,-14.48119],[33.74063,-14.48109],[33.7408,-14.481],[33.74089,-14.48092],[33.74106,-14.48072],[33.74121,-14.48051],[33.74136,-14.48025],[33.74164,-14.47988],[33.74176,-14.47974],[33.74197,-14.47953],[33.74236,-14.47914],[33.74287,-14.47866],[33.74357,-14.478],[33.74424,-14.47738],[33.74461,-14.47703],[33.74469,-14.47695],[33.74506,-14.47659],[33.74523,-14.47639],[33.74536,-14.47623],[33.74544,-14.47609],[33.74551,-14.47595],[33.74555,-14.47579],[33.74561,-14.47557],[33.74566,-14.47532],[33.74574,-14.47489],[33.74583,-14.47446],[33.74587,-14.47423]]},"properties":{"id":511107680,"cls":"unclassified","hw":"unclassified","tg":"na","name":"","ref":"","surface":"unpaved","sc":"unpaved","speed":null,"lit":"unk","km":8.754}},
{"type":"Feature","geometry":{"type":"LineString","coordinates":[[33.6428,-14.51128],[33.64265,-14.51185],[33.6425,-14.51237],[33.64244,-14.51261],[33.64243,-14.51274],[33.64244,-14.51278],[33.64247,-14.51283],[33.64257,-14.51294],[33.64265,-14.51302],[33.6427,-14.51309],[33.64278,-14.51345],[33.64279,-14.51375],[33.64278,-14.514],[33.64275,-14.51412],[33.64266,-14.51431],[33.64255,-14.5145],[33.64243,-14.51468],[33.64234,-14.51472],[33.64226,-14.51476],[33.64186,-14.51487],[33.64178,-14.51492],[33.64171,-14.51501],[33.64164,-14.51515],[33.64154,-14.51526],[33.64147,-14.51536],[33.64142,-14.51547],[33.64138,-14.51562],[33.64133,-14.51581],[33.64129,-14.51595],[33.64126,-14.51612],[33.64128,-14.51638]]},"properties":{"id":511107715,"cls":"unclassified","hw":"unclassified","tg":"na","name":"","ref":"","surface":"","sc":"unknown","speed":null,"lit":"unk","km":0.655}},
{"type":"Feature","geometry":{"type":"LineString","coordinates":[[33.63915,-14.52427],[33.63919,-14.52446],[33.63918,-14.52473],[33.63914,-14.52497],[33.63909,-14.52517],[33.63884,-14.52644],[33.63865,-14.52747],[33.63819,-14.52957],[33.63778,-14.53219],[33.63757,-14.53307],[33.63728,-14.53409],[33.63718,-14.53429],[33.63706,-14.53457],[33.63699,-14.53479],[33.63699,-14.53491],[33.63703,-14.53504],[33.63712,-14.5351],[33.63722,-14.5351],[33.63788,-14.53508],[33.63917,-14.53486],[33.63947,-14.53477],[33.63973,-14.53479],[33.64007,-14.53493],[33.64061,-14.53531],[33.641,-14.53547],[33.64128,-14.53549],[33.64154,-14.5355],[33.64218,-14.53549],[33.64234,-14.53552],[33.64253,-14.53565],[33.64264,-14.53575],[33.64274,-14.5359],[33.64282,-14.53612],[33.64287,-14.53626],[33.64296,-14.53645],[33.64309,-14.53663],[33.64313,-14.53673]]},"properties":{"id":511107718,"cls":"residential","hw":"residential","tg":"na","name":"","ref":"","surface":"","sc":"unknown","speed":null,"lit":"unk","km":1.987}},
{"type":"Feature","geometry":{"type":"LineString","coordinates":[[33.66789,-14.54351],[33.66798,-14.54396],[33.66792,-14.5445],[33.6679,-14.54488],[33.66792,-14.54541],[33.66796,-14.54599],[33.66802,-14.54654],[33.66803,-14.54672],[33.66803,-14.54683],[33.668,-14.54693],[33.66797,-14.54705],[33.66793,-14.54714],[33.66784,-14.54724],[33.66775,-14.54736],[33.66759,-14.54756],[33.66754,-14.54765],[33.66741,-14.54783],[33.66695,-14.54831],[33.66686,-14.54846],[33.66679,-14.54869],[33.66672,-14.54906],[33.66671,-14.5494],[33.66675,-14.54986],[33.66682,-14.55022],[33.66688,-14.55053],[33.66688,-14.55066],[33.66687,-14.55078],[33.66684,-14.55092],[33.66679,-14.55104],[33.66568,-14.55236],[33.66527,-14.55288],[33.66428,-14.55461],[33.66409,-14.55504],[33.66398,-14.55547],[33.66392,-14.55561],[33.66386,-14.55569],[33.66372,-14.5558],[33.66356,-14.55587],[33.66346,-14.55593],[33.66335,-14.556],[33.66324,-14.55613],[33.66272,-14.5571],[33.66237,-14.55757],[33.66217,-14.55781],[33.66205,-14.55808],[33.66188,-14.55863],[33.66152,-14.55958],[33.66089,-14.5603],[33.66088,-14.56036],[33.66081,-14.56049],[33.66071,-14.5607],[33.66064,-14.56085],[33.66057,-14.56104],[33.66021,-14.56167],[33.65989,-14.56244],[33.65934,-14.56293],[33.65905,-14.56342],[33.6587,-14.56405],[33.65864,-14.56463],[33.65851,-14.56511],[33.65757,-14.56675],[33.6572,-14.56755],[33.65683,-14.56856],[33.65609,-14.56982],[33.65595,-14.57025],[33.65585,-14.57146],[33.65584,-14.57159],[33.65583,-14.57176],[33.65564,-14.57468]]},"properties":{"id":511107721,"cls":"track","hw":"track","tg":"none","name":"","ref":"","surface":"ground","sc":"unpaved","speed":null,"lit":"unk","km":3.85}},
{"type":"Feature","geometry":{"type":"LineString","coordinates":[[33.68545,-14.58017],[33.68447,-14.58008],[33.68371,-14.57989],[33.68303,-14.57981],[33.68257,-14.57974],[33.68172,-14.57969],[33.68133,-14.57952],[33.68102,-14.57945],[33.68082,-14.57943],[33.68028,-14.57949],[33.67968,-14.57963],[33.67943,-14.57958],[33.67924,-14.57949],[33.67889,-14.57898],[33.67881,-14.57874],[33.67875,-14.57862],[33.67866,-14.57857],[33.67854,-14.57855],[33.67731,-14.57872],[33.67622,-14.57867],[33.67541,-14.57868],[33.67514,-14.57856],[33.67494,-14.5784],[33.67473,-14.57825],[33.6745,-14.57805],[33.67434,-14.57781],[33.67404,-14.57735],[33.67312,-14.57605],[33.67291,-14.57582],[33.67277,-14.57569],[33.67258,-14.57557],[33.67131,-14.5749],[33.67009,-14.57441],[33.66895,-14.57402],[33.66866,-14.57392],[33.66846,-14.57379],[33.66832,-14.57368],[33.66825,-14.57358],[33.66776,-14.57257],[33.66733,-14.57162],[33.66605,-14.5689],[33.66596,-14.56882],[33.66588,-14.56879],[33.66575,-14.5688],[33.66553,-14.56891],[33.66435,-14.56963],[33.66189,-14.5711],[33.66061,-14.57163],[33.66001,-14.57196],[33.65954,-14.57226],[33.65886,-14.57272],[33.65564,-14.57468],[33.65564,-14.57491],[33.65561,-14.57516],[33.65556,-14.57538],[33.65543,-14.57574],[33.65525,-14.5762],[33.65512,-14.57654],[33.65506,-14.57683],[33.65499,-14.57728],[33.65497,-14.57745],[33.65496,-14.57765],[33.65497,-14.57788],[33.65497,-14.57811],[33.65492,-14.57832],[33.65485,-14.57848],[33.65453,-14.57912],[33.65414,-14.5798],[33.65405,-14.58],[33.654,-14.58013],[33.654,-14.58029],[33.65398,-14.58054],[33.65386,-14.58122],[33.65359,-14.58209],[33.65335,-14.58289],[33.65328,-14.58305],[33.65322,-14.58326],[33.65319,-14.58348],[33.65317,-14.58357],[33.65317,-14.58367],[33.65315,-14.5838],[33.65315,-14.58389],[33.65315,-14.58397],[33.65315,-14.58411],[33.65315,-14.58414],[33.65315,-14.58417],[33.65315,-14.5842],[33.65313,-14.58422],[33.65311,-14.58425],[33.65307,-14.58431],[33.65303,-14.58439],[33.653,-14.58447],[33.65298,-14.5846],[33.65297,-14.58475],[33.65295,-14.58494],[33.65296,-14.58576],[33.65298,-14.58585],[33.653,-14.58592],[33.653,-14.58596],[33.653,-14.58599],[33.65299,-14.58608],[33.65295,-14.58627],[33.65291,-14.58646],[33.65285,-14.58665],[33.65282,-14.58674],[33.6528,-14.58684],[33.65279,-14.58693],[33.6528,-14.58699],[33.6528,-14.58711],[33.65286,-14.58764],[33.65292,-14.58789],[33.65295,-14.58806],[33.65296,-14.58816],[33.65296,-14.58844],[33.65297,-14.58879],[33.65299,-14.58914],[33.65299,-14.58923],[33.65297,-14.58929],[33.65294,-14.58933],[33.65292,-14.58936],[33.6529,-14.5894],[33.65289,-14.58944],[33.65288,-14.58956],[33.65287,-14.58965],[33.65281,-14.5899],[33.65276,-14.59007],[33.65276,-14.5902],[33.65271,-14.59039],[33.65265,-14.5906],[33.65252,-14.59091],[33.65239,-14.59117],[33.65202,-14.59197],[33.6518,-14.59275],[33.6516,-14.59344],[33.65157,-14.59365],[33.65155,-14.59394],[33.65154,-14.59411],[33.65152,-14.59426],[33.65146,-14.59436],[33.65136,-14.59458],[33.65131,-14.59472],[33.65127,-14.59484],[33.6512,-14.59504],[33.65115,-14.59515],[33.65115,-14.59525],[33.65114,-14.59533],[33.65115,-14.59547],[33.65115,-14.59554],[33.65116,-14.59564],[33.65116,-14.59575],[33.65113,-14.59594],[33.65113,-14.59629],[33.65113,-14.59637],[33.65114,-14.59662],[33.65114,-14.59671],[33.65116,-14.59689],[33.65118,-14.59702]]},"properties":{"id":511107723,"cls":"track","hw":"track","tg":"none","name":"","ref":"","surface":"ground","sc":"unpaved","speed":null,"lit":"unk","km":6.599}},
{"type":"Feature","geometry":{"type":"LineString","coordinates":[[33.68731,-14.56805],[33.68668,-14.56773],[33.68468,-14.56744],[33.68282,-14.56809]]},"properties":{"id":511107725,"cls":"track","hw":"track","tg":"none","name":"","ref":"","surface":"","sc":"unknown","speed":null,"lit":"unk","km":0.507}},
{"type":"Feature","geometry":{"type":"LineString","coordinates":[[33.63234,-14.57607],[33.63232,-14.57613],[33.63227,-14.57633],[33.63219,-14.5766],[33.63215,-14.57671],[33.63211,-14.57687],[33.63208,-14.577],[33.63199,-14.57732],[33.63194,-14.57758],[33.63187,-14.57798],[33.63185,-14.5783],[33.63188,-14.57864],[33.63195,-14.57899],[33.6321,-14.57969],[33.6323,-14.58035],[33.63236,-14.58061],[33.63246,-14.58094],[33.63257,-14.58138],[33.63267,-14.58174],[33.63281,-14.58221],[33.63293,-14.58272],[33.63303,-14.58311],[33.63317,-14.58357],[33.63332,-14.584],[33.63338,-14.58418],[33.63348,-14.58443],[33.63354,-14.58461],[33.63356,-14.58467],[33.63356,-14.58472],[33.63355,-14.58476],[33.63352,-14.58479],[33.63344,-14.58491],[33.63337,-14.58503],[33.6333,-14.58509],[33.63321,-14.58524],[33.6332,-14.58525],[33.63307,-14.5854],[33.63289,-14.58557],[33.63265,-14.5858],[33.63246,-14.58602],[33.63216,-14.58644],[33.63181,-14.58685],[33.63142,-14.58733],[33.6311,-14.58772],[33.63104,-14.58782],[33.63096,-14.58791],[33.63091,-14.58797],[33.63083,-14.58803],[33.63072,-14.5881],[33.6305,-14.58824],[33.63013,-14.58842],[33.62987,-14.58855],[33.6296,-14.58868],[33.6292,-14.58886],[33.62915,-14.58888],[33.62871,-14.5891],[33.62848,-14.58921],[33.62802,-14.58943],[33.62756,-14.58964],[33.62711,-14.58986],[33.62664,-14.59007],[33.62634,-14.59022],[33.62606,-14.59033],[33.62585,-14.59042],[33.6256,-14.59063],[33.62539,-14.59075],[33.62521,-14.59088],[33.62506,-14.59098],[33.62489,-14.59112],[33.62474,-14.59125],[33.62461,-14.59137],[33.62444,-14.59154],[33.62429,-14.5917],[33.62416,-14.59179],[33.624,-14.59186],[33.62378,-14.59193],[33.6235,-14.59199],[33.62313,-14.59203],[33.62292,-14.59206],[33.62273,-14.59208],[33.62255,-14.59211],[33.6224,-14.59214],[33.62223,-14.59219],[33.62208,-14.59225],[33.62192,-14.59234],[33.62166,-14.5925],[33.6214,-14.59269],[33.62119,-14.59286],[33.62097,-14.59302],[33.62066,-14.59322],[33.62035,-14.59343],[33.61995,-14.59372],[33.61956,-14.59404],[33.61917,-14.59431],[33.61887,-14.59452],[33.61844,-14.59482],[33.6181,-14.59507],[33.61782,-14.59523],[33.61746,-14.59548],[33.61718,-14.59565],[33.61703,-14.59575],[33.61691,-14.59585],[33.6167,-14.59604],[33.61646,-14.59625],[33.61628,-14.59643],[33.61606,-14.59663],[33.6158,-14.59687],[33.61518,-14.59738],[33.61473,-14.59772],[33.61438,-14.59798],[33.61397,-14.59826],[33.61372,-14.59843],[33.61355,-14.59857],[33.61337,-14.59872],[33.61318,-14.59887],[33.61295,-14.59905],[33.61258,-14.59933],[33.6123,-14.59955],[33.61206,-14.59975],[33.61187,-14.5999],[33.61171,-14.60004],[33.61159,-14.60013],[33.61145,-14.60025],[33.61108,-14.60054],[33.61083,-14.60074],[33.61051,-14.60102],[33.6099,-14.6015],[33.60982,-14.6016],[33.60976,-14.60169],[33.6097,-14.6018],[33.60966,-14.60195],[33.60964,-14.60212],[33.60965,-14.60239],[33.60966,-14.60263],[33.60965,-14.60281],[33.60965,-14.60295],[33.60964,-14.60305],[33.60962,-14.60318],[33.60957,-14.60336],[33.60951,-14.60352],[33.60942,-14.60364],[33.60928,-14.60383],[33.60916,-14.60397],[33.60907,-14.60406],[33.60894,-14.60419],[33.60875,-14.60437],[33.60855,-14.60459],[33.60834,-14.60482],[33.6081,-14.60513],[33.60802,-14.60521],[33.60785,-14.60538],[33.6077,-14.60555],[33.60754,-14.60573],[33.60737,-14.60592],[33.60725,-14.60604],[33.60712,-14.60613],[33.60703,-14.6062],[33.60691,-14.60627],[33.60683,-14.60632],[33.60675,-14.60636],[33.60665,-14.60639],[33.60651,-14.60644],[33.60628,-14.60651],[33.60594,-14.60662],[33.60586,-14.60664],[33.60574,-14.60665],[33.60551,-14.60671],[33.60538,-14.60676],[33.60522,-14.60683],[33.60513,-14.60685],[33.60501,-14.60687],[33.60487,-14.60687],[33.60476,-14.60688],[33.60467,-14.60689],[33.6046,-14.60692],[33.60448,-14.60695],[33.60435,-14.60695],[33.60419,-14.60694],[33.60406,-14.60693],[33.60398,-14.60694],[33.6039,-14.60693],[33.60384,-14.60691],[33.60372,-14.60689],[33.6034,-14.60691],[33.60305,-14.60692],[33.60289,-14.60694],[33.60274,-14.60699],[33.60264,-14.60704],[33.60257,-14.60709],[33.6025,-14.60714],[33.6023,-14.60743],[33.60224,-14.60753],[33.60218,-14.60761],[33.60188,-14.60786],[33.60176,-14.60797],[33.60144,-14.60826],[33.60132,-14.60834],[33.60122,-14.60836],[33.60114,-14.60835],[33.60076,-14.60823],[33.60061,-14.60819],[33.60047,-14.60816],[33.60031,-14.60817],[33.60018,-14.60818],[33.60007,-14.60817],[33.59983,-14.60814],[33.59961,-14.60813],[33.59575,-14.61031],[33.59468,-14.61105],[33.59399,-14.61121],[33.5933,-14.61163],[33.59098,-14.61205],[33.59059,-14.61222],[33.58928,-14.61236],[33.5883,-14.6128],[33.58627,-14.6135],[33.58581,-14.61373],[33.58522,-14.61429],[33.5843,-14.61513],[33.58371,-14.61568],[33.58235,-14.61693],[33.58164,-14.61783],[33.58136,-14.61817],[33.58123,-14.61834],[33.58095,-14.6187],[33.58078,-14.61892],[33.5807,-14.61904],[33.58063,-14.61914],[33.58056,-14.61924],[33.58049,-14.61932],[33.58038,-14.61945],[33.58029,-14.61959],[33.58018,-14.61972],[33.58007,-14.61989],[33.58,-14.61998],[33.5799,-14.6201],[33.57979,-14.62022],[33.5797,-14.62033],[33.57961,-14.62045],[33.5795,-14.6206],[33.57942,-14.6207],[33.57931,-14.62085],[33.57929,-14.62088],[33.57919,-14.62101],[33.57912,-14.62109],[33.57904,-14.62121],[33.57894,-14.62135],[33.57882,-14.62151],[33.57871,-14.62165],[33.57864,-14.62175],[33.57855,-14.62187],[33.57846,-14.62199],[33.5784,-14.62208],[33.5783,-14.6222],[33.5782,-14.62233],[33.57811,-14.62246],[33.57806,-14.62254],[33.57797,-14.62265],[33.5779,-14.62275],[33.57784,-14.62284],[33.57778,-14.62289],[33.57772,-14.62291],[33.57762,-14.62296],[33.57754,-14.623],[33.57749,-14.62307],[33.57743,-14.6232],[33.5774,-14.62328],[33.57738,-14.62337],[33.57737,-14.62348],[33.57735,-14.62358],[33.57735,-14.62368],[33.57734,-14.62379],[33.57732,-14.62389],[33.57728,-14.62403],[33.57726,-14.62415],[33.57724,-14.62426],[33.5772,-14.62436],[33.57716,-14.62448],[33.57712,-14.62459],[33.57708,-14.62469],[33.57703,-14.62485],[33.57699,-14.62498],[33.57695,-14.62506],[33.57691,-14.62518],[33.57688,-14.62527],[33.57684,-14.62536],[33.5768,-14.62546],[33.57677,-14.62556],[33.57672,-14.62569],[33.57666,-14.62579],[33.57661,-14.6259],[33.57654,-14.62602],[33.57643,-14.62616],[33.57636,-14.62627],[33.57627,-14.62641],[33.5762,-14.62652],[33.57614,-14.62661],[33.57609,-14.62672],[33.57604,-14.62682],[33.57597,-14.62692],[33.57586,-14.62708],[33.5758,-14.62719],[33.57573,-14.62729],[33.57568,-14.62737],[33.57564,-14.62743],[33.57561,-14.62747],[33.57558,-14.62751],[33.57549,-14.62761],[33.5754,-14.62771],[33.5753,-14.62783],[33.57522,-14.62792],[33.57508,-14.62808],[33.57501,-14.62815],[33.57492,-14.62825],[33.57485,-14.62837],[33.57474,-14.62849],[33.57468,-14.62854],[33.57458,-14.62864],[33.57451,-14.62874],[33.57443,-14.62882],[33.57436,-14.62889],[33.57431,-14.62895],[33.57422,-14.62904],[33.57299,-14.63053],[33.57284,-14.63071],[33.57257,-14.63109],[33.57197,-14.63211],[33.57177,-14.63247],[33.57165,-14.63287],[33.57162,-14.6334],[33.5716,-14.63408],[33.57156,-14.63483],[33.57146,-14.6352],[33.57137,-14.63553],[33.57137,-14.63582],[33.57147,-14.63629],[33.57151,-14.63648],[33.57151,-14.63716],[33.57152,-14.63835],[33.57148,-14.6394],[33.57141,-14.64071],[33.57135,-14.6416],[33.57136,-14.64183]]},"properties":{"id":681659818,"cls":"unclassified","hw":"unclassified","tg":"na","name":"","ref":"","surface":"unpaved","sc":"unpaved","speed":null,"lit":"unk","km":11.011}},
{"type":"Feature","geometry":{"type":"LineString","coordinates":[[33.68807,-14.54884],[33.68796,-14.54879],[33.68791,-14.54878],[33.68781,-14.54879],[33.68774,-14.54878],[33.68764,-14.54874],[33.68748,-14.5486],[33.68738,-14.54849],[33.6873,-14.54837],[33.68726,-14.54826],[33.68725,-14.54818],[33.68723,-14.54809]]},"properties":{"id":681845631,"cls":"path","hw":"path","tg":"na","name":"","ref":"","surface":"","sc":"unknown","speed":null,"lit":"unk","km":0.136}},
{"type":"Feature","geometry":{"type":"LineString","coordinates":[[33.68683,-14.54621],[33.68699,-14.54622],[33.68746,-14.54626],[33.68777,-14.54627],[33.68804,-14.54629],[33.68812,-14.54628],[33.68821,-14.54628],[33.68828,-14.54627],[33.68831,-14.54629],[33.68835,-14.54632],[33.68841,-14.54636],[33.68846,-14.5464],[33.68849,-14.54646],[33.68851,-14.5465],[33.68854,-14.54653],[33.68865,-14.54658],[33.68873,-14.54661],[33.68879,-14.54663],[33.68881,-14.54666],[33.68895,-14.54679]]},"properties":{"id":681845632,"cls":"path","hw":"path","tg":"na","name":"","ref":"","surface":"","sc":"unknown","speed":null,"lit":"unk","km":0.252}},
{"type":"Feature","geometry":{"type":"LineString","coordinates":[[33.69361,-14.56265],[33.69359,-14.56273],[33.69356,-14.56277],[33.69351,-14.56288],[33.69347,-14.563],[33.6934,-14.56314],[33.69335,-14.56328],[33.6933,-14.56339],[33.69327,-14.56353],[33.69321,-14.56366],[33.69316,-14.5638],[33.69311,-14.56394],[33.69309,-14.56413],[33.69308,-14.56423],[33.69303,-14.56444],[33.693,-14.56453],[33.69295,-14.56464],[33.69288,-14.56479],[33.6928,-14.56497],[33.69273,-14.56513],[33.69262,-14.56534],[33.69258,-14.56545],[33.69258,-14.56555],[33.69259,-14.56569],[33.69258,-14.56581],[33.69254,-14.5659],[33.69254,-14.56599],[33.69258,-14.56605],[33.69263,-14.5661],[33.69273,-14.56627],[33.69277,-14.56636],[33.69285,-14.56642],[33.69291,-14.56644],[33.69302,-14.56646],[33.69318,-14.56649],[33.69326,-14.56651],[33.69333,-14.56651],[33.69343,-14.56657],[33.69348,-14.56666],[33.69356,-14.56674],[33.69365,-14.56677],[33.69392,-14.56691],[33.69434,-14.56711],[33.69447,-14.56723],[33.69451,-14.5673],[33.69456,-14.56738],[33.69462,-14.56753],[33.69468,-14.56767],[33.6947,-14.56772],[33.69471,-14.56777],[33.69474,-14.56786],[33.69475,-14.56791],[33.69478,-14.56802],[33.69492,-14.5682],[33.69513,-14.56842],[33.69567,-14.56888],[33.69592,-14.56909],[33.69602,-14.56928],[33.69613,-14.5694],[33.69629,-14.56961],[33.69638,-14.56982],[33.6965,-14.56995],[33.6967,-14.57015],[33.69691,-14.57042],[33.69714,-14.57093],[33.69717,-14.57112],[33.69729,-14.57136],[33.6975,-14.57191],[33.6976,-14.57204],[33.69766,-14.57218],[33.6977,-14.57237],[33.69765,-14.57261],[33.69758,-14.57284],[33.6976,-14.57314],[33.69764,-14.57334],[33.69772,-14.57353],[33.6978,-14.57379],[33.69784,-14.57401],[33.69777,-14.57421],[33.69771,-14.57436],[33.69762,-14.57465],[33.69738,-14.5749],[33.69728,-14.57531],[33.69724,-14.57551],[33.69703,-14.57601],[33.69694,-14.57622],[33.69688,-14.5764],[33.69685,-14.57655],[33.69683,-14.57673],[33.6968,-14.57689],[33.69677,-14.57703],[33.69671,-14.57717],[33.6966,-14.57732],[33.69646,-14.57747],[33.69629,-14.57764],[33.69618,-14.57774],[33.69614,-14.5778],[33.6961,-14.57793],[33.69608,-14.57802],[33.69606,-14.57806],[33.69603,-14.57809],[33.69598,-14.57814],[33.69592,-14.57818],[33.69574,-14.57831],[33.69566,-14.57843],[33.69554,-14.57856],[33.69543,-14.57876],[33.69539,-14.57885],[33.69528,-14.57895],[33.69516,-14.57912],[33.6951,-14.57938],[33.69515,-14.57969],[33.69518,-14.57997],[33.69513,-14.58027],[33.69514,-14.58066],[33.6951,-14.58083],[33.69512,-14.58101],[33.69511,-14.58119],[33.69507,-14.58186],[33.69501,-14.58241],[33.69498,-14.58265],[33.69503,-14.58281],[33.69506,-14.5831],[33.69507,-14.58334],[33.69495,-14.58362],[33.6948,-14.5839],[33.69477,-14.58398],[33.69477,-14.58407],[33.69475,-14.58417],[33.69469,-14.58425],[33.69464,-14.58433],[33.6946,-14.58442],[33.69457,-14.58456],[33.69446,-14.58475],[33.69441,-14.58494],[33.69441,-14.58508],[33.69432,-14.58521],[33.69431,-14.58532],[33.69428,-14.58548],[33.69425,-14.58568],[33.69423,-14.58578],[33.69424,-14.58626],[33.69425,-14.58645],[33.69428,-14.58671],[33.6943,-14.58699],[33.69426,-14.58716],[33.69424,-14.58733],[33.69422,-14.58749],[33.69419,-14.58768],[33.69413,-14.58784],[33.69408,-14.58802],[33.69408,-14.58817],[33.6941,-14.58832],[33.69413,-14.58841],[33.69411,-14.58847],[33.69407,-14.58857],[33.69402,-14.58872],[33.69397,-14.58891],[33.69388,-14.58922],[33.69382,-14.58944],[33.69376,-14.58963],[33.69375,-14.58977],[33.69377,-14.5899],[33.6938,-14.59014],[33.69385,-14.5904],[33.69388,-14.59054],[33.69385,-14.59069],[33.69381,-14.59092]]},"properties":{"id":681845633,"cls":"unclassified","hw":"unclassified","tg":"na","name":"","ref":"","surface":"ground","sc":"unpaved","speed":null,"lit":"unk","km":3.529}},
{"type":"Feature","geometry":{"type":"LineString","coordinates":[[33.69091,-14.59657],[33.69102,-14.59658],[33.69111,-14.59656],[33.6912,-14.59654],[33.69129,-14.5965],[33.69136,-14.59647],[33.69153,-14.59645],[33.69173,-14.59642],[33.69192,-14.59643],[33.69205,-14.59643],[33.69217,-14.59642],[33.69226,-14.59642],[33.69238,-14.59644],[33.69248,-14.59648],[33.69267,-14.59651],[33.6929,-14.59653],[33.69315,-14.59654],[33.69338,-14.59653],[33.69365,-14.59651],[33.69389,-14.5965],[33.69405,-14.5965],[33.69424,-14.59651],[33.69435,-14.59652],[33.69445,-14.59653],[33.69483,-14.59657],[33.69505,-14.59661],[33.69531,-14.59665]]},"properties":{"id":681845634,"cls":"path","hw":"path","tg":"na","name":"","ref":"","surface":"","sc":"unknown","speed":null,"lit":"unk","km":0.479}},
{"type":"Feature","geometry":{"type":"LineString","coordinates":[[33.63013,-14.58842],[33.63015,-14.58832],[33.63018,-14.58808],[33.63023,-14.58787],[33.63041,-14.58738],[33.63066,-14.58686],[33.63083,-14.58654],[33.63088,-14.5864],[33.63098,-14.58622],[33.631,-14.58611],[33.63109,-14.58597],[33.6313,-14.58561],[33.6314,-14.58544],[33.63145,-14.58534],[33.63146,-14.58522],[33.63148,-14.58512],[33.63151,-14.58504],[33.63155,-14.58499],[33.63167,-14.58485],[33.63196,-14.58455],[33.63201,-14.58451],[33.63203,-14.58448],[33.63215,-14.58434],[33.6322,-14.58428],[33.63223,-14.58424],[33.63225,-14.5842],[33.63228,-14.58414],[33.63231,-14.58406]]},"properties":{"id":681859836,"cls":"unclassified","hw":"unclassified","tg":"na","name":"","ref":"","surface":"","sc":"unknown","speed":null,"lit":"unk","km":0.548}},
{"type":"Feature","geometry":{"type":"LineString","coordinates":[[33.6263,-14.5788],[33.62637,-14.57883],[33.62656,-14.57891],[33.62676,-14.579],[33.62704,-14.57914],[33.62748,-14.57941],[33.62777,-14.57959],[33.62811,-14.5798],[33.62854,-14.58005],[33.62901,-14.58035],[33.62912,-14.58041],[33.6292,-14.58047],[33.62934,-14.58064],[33.62958,-14.58085],[33.62981,-14.58101],[33.63002,-14.58114],[33.63029,-14.58129],[33.63035,-14.58133],[33.63042,-14.58138],[33.63046,-14.58145],[33.6305,-14.58154],[33.63068,-14.58189],[33.63087,-14.58224],[33.63103,-14.58264],[33.6313,-14.58306],[33.63159,-14.58351],[33.63169,-14.58361],[33.63176,-14.58369],[33.63194,-14.58386],[33.63212,-14.58397],[33.63222,-14.58402],[33.63231,-14.58406],[33.63234,-14.58409],[33.6325,-14.58414],[33.63277,-14.5842],[33.63299,-14.58421],[33.63318,-14.5842],[33.63338,-14.58418]]},"properties":{"id":681859837,"cls":"unclassified","hw":"unclassified","tg":"na","name":"","ref":"","surface":"","sc":"unknown","speed":null,"lit":"unk","km":1.018}},
{"type":"Feature","geometry":{"type":"LineString","coordinates":[[33.68446,-14.52007],[33.68454,-14.5199],[33.68458,-14.51963],[33.68451,-14.51933]]},"properties":{"id":681859838,"cls":"track","hw":"track","tg":"none","name":"","ref":"","surface":"","sc":"unknown","speed":null,"lit":"unk","km":0.085}},
{"type":"Feature","geometry":{"type":"LineString","coordinates":[[33.69052,-14.51671],[33.6904,-14.51677],[33.69033,-14.51681],[33.69028,-14.51683],[33.69024,-14.51685],[33.68973,-14.51704],[33.68967,-14.51707],[33.6896,-14.51708],[33.68954,-14.51709],[33.68945,-14.5171],[33.68934,-14.51714],[33.68925,-14.51719],[33.68881,-14.51749],[33.68818,-14.51791],[33.68806,-14.51798],[33.68799,-14.51803],[33.68792,-14.5181],[33.68787,-14.51813],[33.68776,-14.51815],[33.68767,-14.51817],[33.68758,-14.51816],[33.68748,-14.51817],[33.68742,-14.5182],[33.6873,-14.51829],[33.68722,-14.51836],[33.68709,-14.51849],[33.68683,-14.51875],[33.6867,-14.51883],[33.6865,-14.51892],[33.68628,-14.51898],[33.68605,-14.51903],[33.68572,-14.51908],[33.68546,-14.51912],[33.68508,-14.5192],[33.68472,-14.51926],[33.68451,-14.51933]]},"properties":{"id":681859839,"cls":"unclassified","hw":"unclassified","tg":"na","name":"","ref":"","surface":"unpaved","sc":"unpaved","speed":null,"lit":"unk","km":0.727}},
{"type":"Feature","geometry":{"type":"LineString","coordinates":[[33.69052,-14.51671],[33.69049,-14.51681],[33.69046,-14.51691],[33.6904,-14.51701],[33.69038,-14.51707],[33.69039,-14.51716],[33.69041,-14.51724],[33.69058,-14.51771],[33.69078,-14.51816],[33.69079,-14.51822],[33.6908,-14.51826],[33.69077,-14.51831],[33.69074,-14.51836],[33.69048,-14.51869],[33.69024,-14.51905],[33.69007,-14.5193]]},"properties":{"id":681859840,"cls":"unclassified","hw":"unclassified","tg":"na","name":"","ref":"","surface":"ground","sc":"unpaved","speed":null,"lit":"unk","km":0.323}},
{"type":"Feature","geometry":{"type":"LineString","coordinates":[[33.69381,-14.5165],[33.69389,-14.51671],[33.69406,-14.51716],[33.69412,-14.51727],[33.6942,-14.51739],[33.69427,-14.51757],[33.69433,-14.51777],[33.69452,-14.51813],[33.69461,-14.51828],[33.69463,-14.51833],[33.69481,-14.51866],[33.69494,-14.51885],[33.6951,-14.51906],[33.69527,-14.51928],[33.69544,-14.51947],[33.6957,-14.51984],[33.69586,-14.52023],[33.69599,-14.52046],[33.6962,-14.52083],[33.69635,-14.52115],[33.69651,-14.52155],[33.69682,-14.52222],[33.69691,-14.52248],[33.69703,-14.52272],[33.69713,-14.52298],[33.6972,-14.5232],[33.69725,-14.52339],[33.69726,-14.52351],[33.69729,-14.5237]]},"properties":{"id":681859841,"cls":"unclassified","hw":"unclassified","tg":"na","name":"","ref":"","surface":"","sc":"unknown","speed":null,"lit":"unk","km":0.891}},
{"type":"Feature","geometry":{"type":"LineString","coordinates":[[33.6428,-14.51128],[33.64289,-14.51132],[33.64298,-14.51135],[33.64312,-14.51137],[33.64328,-14.51139],[33.64339,-14.51141],[33.64343,-14.51141],[33.64346,-14.51141],[33.64351,-14.51138],[33.64371,-14.51114],[33.64395,-14.511],[33.64406,-14.51089],[33.64409,-14.51085],[33.64411,-14.51081],[33.64412,-14.51077],[33.64412,-14.51072],[33.64412,-14.5107],[33.64413,-14.51068],[33.64414,-14.51063],[33.64414,-14.5106],[33.64416,-14.51057],[33.6442,-14.51055],[33.64427,-14.51052],[33.64431,-14.51051],[33.64437,-14.51046],[33.64444,-14.51039],[33.64458,-14.51036],[33.6447,-14.51038],[33.64486,-14.51032],[33.64492,-14.51028],[33.64501,-14.51018],[33.6451,-14.51007],[33.64526,-14.51001],[33.64536,-14.5099],[33.64544,-14.50976],[33.64553,-14.50967],[33.64567,-14.50948],[33.64591,-14.5093],[33.64608,-14.50922],[33.64619,-14.50915],[33.6464,-14.50901],[33.64662,-14.50885],[33.6468,-14.50869],[33.64696,-14.50855],[33.6471,-14.50838],[33.64741,-14.50793],[33.64757,-14.50779],[33.64774,-14.50756],[33.64794,-14.50735],[33.64805,-14.5072],[33.64808,-14.50709],[33.6481,-14.50694],[33.64811,-14.50676],[33.64815,-14.50654],[33.64828,-14.50631],[33.64843,-14.50599],[33.6485,-14.50585],[33.64863,-14.50549],[33.64867,-14.50524],[33.64872,-14.50507],[33.64882,-14.5045],[33.64888,-14.50422],[33.64893,-14.50411],[33.64897,-14.50403],[33.649,-14.50383],[33.64902,-14.50362],[33.64918,-14.5032],[33.64934,-14.50273],[33.64949,-14.50238],[33.64955,-14.50224],[33.64958,-14.5021],[33.6496,-14.502],[33.64963,-14.50191],[33.64967,-14.50181],[33.64976,-14.50159],[33.6498,-14.50142],[33.64984,-14.50135],[33.64987,-14.50129],[33.64994,-14.50119],[33.64999,-14.5011],[33.65,-14.50101],[33.65003,-14.50086],[33.6501,-14.50065],[33.65028,-14.50028],[33.65035,-14.49999],[33.65039,-14.49987],[33.65045,-14.49977],[33.65049,-14.49965],[33.65053,-14.49955],[33.65056,-14.49948],[33.6507,-14.49927],[33.65091,-14.49892],[33.65112,-14.49856],[33.65116,-14.49845],[33.65124,-14.49824],[33.65127,-14.49817],[33.65144,-14.49795],[33.65176,-14.49768],[33.65187,-14.49759]]},"properties":{"id":681859844,"cls":"unclassified","hw":"unclassified","tg":"na","name":"","ref":"","surface":"unpaved","sc":"unpaved","speed":null,"lit":"unk","km":1.942}},
{"type":"Feature","geometry":{"type":"LineString","coordinates":[[33.69037,-14.51457],[33.69034,-14.51455],[33.69011,-14.51446],[33.6898,-14.51435],[33.68945,-14.51424],[33.68937,-14.51422],[33.68918,-14.51417],[33.68894,-14.51409],[33.68863,-14.51399],[33.6885,-14.51392],[33.68842,-14.51386],[33.68835,-14.51379],[33.68827,-14.51371],[33.68811,-14.51353],[33.68698,-14.5124],[33.68683,-14.51221],[33.68653,-14.51193],[33.6862,-14.5116],[33.68607,-14.51146],[33.68596,-14.51132],[33.68589,-14.51122],[33.68583,-14.51108],[33.68577,-14.51089],[33.68572,-14.51068],[33.68572,-14.5105],[33.68572,-14.5103],[33.68571,-14.51007],[33.6857,-14.50967],[33.68568,-14.50913],[33.68567,-14.50873],[33.68566,-14.50842],[33.6856,-14.50807],[33.68555,-14.50784],[33.68547,-14.50739],[33.68534,-14.50662],[33.68526,-14.50617],[33.68518,-14.50567],[33.68505,-14.50532],[33.68502,-14.50528],[33.68485,-14.50495],[33.68443,-14.50436],[33.68413,-14.50406],[33.68385,-14.50388],[33.6836,-14.50377],[33.68315,-14.50358],[33.6828,-14.50346],[33.68269,-14.50343],[33.6822,-14.50327],[33.68191,-14.50319],[33.68118,-14.50304],[33.67936,-14.50287],[33.67867,-14.50281],[33.67799,-14.50277],[33.67608,-14.50261],[33.6758,-14.50262],[33.67539,-14.50269],[33.67487,-14.50286],[33.67225,-14.50381],[33.67169,-14.50402],[33.6713,-14.50417],[33.67082,-14.50434],[33.67073,-14.50437],[33.67042,-14.50448],[33.67013,-14.50459],[33.66993,-14.50464],[33.66974,-14.50467],[33.66961,-14.50467],[33.66944,-14.50467],[33.66933,-14.50466],[33.66919,-14.50465],[33.66907,-14.50462],[33.66901,-14.50461],[33.66865,-14.50452],[33.6683,-14.50442],[33.66671,-14.50405],[33.66519,-14.50366],[33.66442,-14.50347],[33.66367,-14.50327],[33.66216,-14.50287],[33.66167,-14.50274],[33.66062,-14.50249],[33.66015,-14.50236],[33.6598,-14.50226],[33.65965,-14.50222],[33.65484,-14.50092],[33.65428,-14.50074],[33.65401,-14.50065],[33.65381,-14.50055],[33.65355,-14.50039],[33.65339,-14.50024],[33.65321,-14.50004],[33.65309,-14.49984],[33.65285,-14.49937],[33.65234,-14.49842],[33.652,-14.49781],[33.65187,-14.49759]]},"properties":{"id":681859845,"cls":"tertiary","hw":"tertiary","tg":"na","name":"","ref":"","surface":"unpaved","sc":"unpaved","speed":null,"lit":"unk","km":5.25}},
{"type":"Feature","geometry":{"type":"LineString","coordinates":[[33.61758,-14.54571],[33.61753,-14.54565],[33.61747,-14.54561],[33.61736,-14.54557],[33.61711,-14.5455],[33.61687,-14.54545],[33.61644,-14.54542],[33.61614,-14.54545],[33.61556,-14.54558],[33.61515,-14.54569],[33.61499,-14.54573],[33.61454,-14.54589],[33.61439,-14.54593],[33.61419,-14.54598],[33.61398,-14.54601],[33.61364,-14.546],[33.61338,-14.54595],[33.61314,-14.54589],[33.61302,-14.54587],[33.61296,-14.54586]]},"properties":{"id":681859849,"cls":"tertiary","hw":"tertiary","tg":"na","name":"","ref":"","surface":"unpaved","sc":"unpaved","speed":null,"lit":"unk","km":0.515}},
{"type":"Feature","geometry":{"type":"LineString","coordinates":[[33.64128,-14.51638],[33.64126,-14.51653],[33.64123,-14.51661],[33.64117,-14.51669],[33.64113,-14.51675],[33.64111,-14.51684],[33.64103,-14.51716],[33.64022,-14.52034],[33.63985,-14.52183],[33.63971,-14.52223],[33.63962,-14.52293],[33.63929,-14.52348],[33.6392,-14.52367],[33.63914,-14.52392],[33.63912,-14.52414],[33.63915,-14.52427]]},"properties":{"id":681863963,"cls":"unclassified","hw":"unclassified","tg":"na","name":"","ref":"","surface":"","sc":"unknown","speed":null,"lit":"unk","km":0.914}},
{"type":"Feature","geometry":{"type":"LineString","coordinates":[[33.66408,-14.51942],[33.66422,-14.51944],[33.66434,-14.51941],[33.66442,-14.51938],[33.66449,-14.51935],[33.66452,-14.51932],[33.6646,-14.51928],[33.66463,-14.51926],[33.66466,-14.51924],[33.66476,-14.51923],[33.6648,-14.51923],[33.66484,-14.51921],[33.66488,-14.51919],[33.66495,-14.51914],[33.66499,-14.5191],[33.66506,-14.51907],[33.66517,-14.51904],[33.66524,-14.51901],[33.6654,-14.51895],[33.66546,-14.51892],[33.66552,-14.51888],[33.6656,-14.51884],[33.66566,-14.51879],[33.66574,-14.51872],[33.6658,-14.51865],[33.66583,-14.51862],[33.66586,-14.5186],[33.66588,-14.51859],[33.66591,-14.51858],[33.66598,-14.51858],[33.66612,-14.51857],[33.66636,-14.51857],[33.66648,-14.51855],[33.66658,-14.51854],[33.66668,-14.51852],[33.66682,-14.51852],[33.66694,-14.51852],[33.66702,-14.5185],[33.66705,-14.51849],[33.66707,-14.51848],[33.6671,-14.51845],[33.66714,-14.51843],[33.66718,-14.51841],[33.66724,-14.5184],[33.66754,-14.51828],[33.66775,-14.51819],[33.66802,-14.5181],[33.66825,-14.51804],[33.66844,-14.51797],[33.6687,-14.51791],[33.66889,-14.51787],[33.66903,-14.51785],[33.6691,-14.51783],[33.66922,-14.51781],[33.66933,-14.51776],[33.66953,-14.51765],[33.66966,-14.51759],[33.66976,-14.51754],[33.66988,-14.51748],[33.66997,-14.51741],[33.67006,-14.51734],[33.67015,-14.51727],[33.6702,-14.51723],[33.67025,-14.51717],[33.6703,-14.51714],[33.67034,-14.51712],[33.67038,-14.51711],[33.67042,-14.51711],[33.67048,-14.5171],[33.67051,-14.51709],[33.67054,-14.51708],[33.6706,-14.51706],[33.67068,-14.51704],[33.67071,-14.51703],[33.67076,-14.51703],[33.67079,-14.51702],[33.67081,-14.51701],[33.67086,-14.51698],[33.67098,-14.51694],[33.67108,-14.51691],[33.67114,-14.51691],[33.67121,-14.51691],[33.67133,-14.51693],[33.67145,-14.51695],[33.67153,-14.51697],[33.67162,-14.51697],[33.67168,-14.51697],[33.67175,-14.51696],[33.6718,-14.51695],[33.67183,-14.51695],[33.67185,-14.51695],[33.67189,-14.51695],[33.67192,-14.51696],[33.67201,-14.51699],[33.67204,-14.517],[33.67209,-14.51703],[33.67215,-14.51703],[33.6722,-14.51703],[33.67228,-14.517],[33.67234,-14.51698],[33.6724,-14.51698],[33.67265,-14.51693],[33.67271,-14.51691],[33.67275,-14.5169],[33.67278,-14.51688],[33.67281,-14.51686],[33.67283,-14.51681],[33.67285,-14.51672],[33.67285,-14.51667],[33.67287,-14.51663],[33.67287,-14.51661],[33.67289,-14.51659],[33.67292,-14.51656],[33.67307,-14.51638],[33.67309,-14.51633],[33.67311,-14.51625],[33.67312,-14.51616],[33.67313,-14.51606],[33.67313,-14.51599],[33.67314,-14.51594],[33.67317,-14.51589],[33.67323,-14.51582],[33.6733,-14.51574],[33.67336,-14.51569],[33.67342,-14.51564],[33.6735,-14.5156],[33.67355,-14.51558],[33.67372,-14.51549],[33.67383,-14.51544],[33.67391,-14.5154],[33.67397,-14.51535],[33.67404,-14.51528],[33.67416,-14.51521],[33.67423,-14.51517],[33.6743,-14.51512],[33.67449,-14.51495],[33.67464,-14.51481],[33.67469,-14.51475],[33.67476,-14.51467],[33.67483,-14.5146],[33.67491,-14.51454],[33.675,-14.5145],[33.67509,-14.51446],[33.67523,-14.51443],[33.67529,-14.51441],[33.67533,-14.51439],[33.67538,-14.51436],[33.67542,-14.51433],[33.67548,-14.51426],[33.67552,-14.51422],[33.67562,-14.51412],[33.67569,-14.51405],[33.67583,-14.51394],[33.67597,-14.51384],[33.6762,-14.51368],[33.67636,-14.51357],[33.67651,-14.51348],[33.67682,-14.51326],[33.67737,-14.5129],[33.67748,-14.51282],[33.67758,-14.51276],[33.67767,-14.51272],[33.67779,-14.51268],[33.67787,-14.51266],[33.67803,-14.5126],[33.67814,-14.51253],[33.67829,-14.51246],[33.67841,-14.51239],[33.67878,-14.51221],[33.67894,-14.51212],[33.67902,-14.51209],[33.67905,-14.51207],[33.67907,-14.51206],[33.6791,-14.51206],[33.67913,-14.51206],[33.67924,-14.51206],[33.67959,-14.51209],[33.67984,-14.5121],[33.68006,-14.51213],[33.68018,-14.51217],[33.6803,-14.5122],[33.68043,-14.51222],[33.68059,-14.51223],[33.68064,-14.51223],[33.68069,-14.51222],[33.68076,-14.51223],[33.68082,-14.51225],[33.68088,-14.51228],[33.68095,-14.51233],[33.68108,-14.51239],[33.68119,-14.51243],[33.68133,-14.51244],[33.68143,-14.51245],[33.68153,-14.51247],[33.68168,-14.51252],[33.68178,-14.51254],[33.68185,-14.51255],[33.68198,-14.51253],[33.6821,-14.51253],[33.68221,-14.51254],[33.68235,-14.51256],[33.68247,-14.51258],[33.68256,-14.51261],[33.68261,-14.51264],[33.68268,-14.51269],[33.68274,-14.51273],[33.68289,-14.51278],[33.68293,-14.5128],[33.6831,-14.51284],[33.68327,-14.51284],[33.68341,-14.51284],[33.68354,-14.51285],[33.68368,-14.5129],[33.68386,-14.51294],[33.68406,-14.51301],[33.68421,-14.51307],[33.68432,-14.51311],[33.68442,-14.51313],[33.68451,-14.51314],[33.68462,-14.51315],[33.68476,-14.51315],[33.68496,-14.51313],[33.68503,-14.51312],[33.68508,-14.51312],[33.68511,-14.51313],[33.68514,-14.51315],[33.6852,-14.51316],[33.68528,-14.51315],[33.68546,-14.51312],[33.68556,-14.51311],[33.68563,-14.51306],[33.68569,-14.51301],[33.68575,-14.51297],[33.68579,-14.5129],[33.68581,-14.51286],[33.68582,-14.51284],[33.68585,-14.51283],[33.68589,-14.51281],[33.68602,-14.51277],[33.68609,-14.51275],[33.68624,-14.5127],[33.68635,-14.51268],[33.68652,-14.51264],[33.68698,-14.5124]]},"properties":{"id":681870582,"cls":"unclassified","hw":"unclassified","tg":"na","name":"","ref":"","surface":"","sc":"unknown","speed":null,"lit":"unk","km":2.807}},
{"type":"Feature","geometry":{"type":"LineString","coordinates":[[33.69124,-14.51494],[33.69125,-14.51499],[33.69123,-14.51506],[33.69119,-14.51518],[33.69113,-14.51532],[33.69107,-14.51547],[33.691,-14.51566],[33.69094,-14.51587],[33.69085,-14.51606],[33.69081,-14.51616],[33.69074,-14.51632],[33.69069,-14.51639],[33.69066,-14.51645],[33.69062,-14.51651],[33.69057,-14.51662],[33.69052,-14.51671]]},"properties":{"id":681870583,"cls":"unclassified","hw":"unclassified","tg":"na","name":"","ref":"","surface":"unpaved","sc":"unpaved","speed":null,"lit":"unk","km":0.213}},
{"type":"Feature","geometry":{"type":"LineString","coordinates":[[33.69034,-14.51455],[33.69039,-14.51442],[33.69044,-14.5143],[33.69053,-14.51407],[33.6907,-14.51371],[33.69085,-14.51332],[33.69093,-14.51307],[33.69098,-14.51293],[33.691,-14.51286],[33.69102,-14.51277],[33.69103,-14.51259],[33.69107,-14.51195],[33.69107,-14.51186],[33.69108,-14.5118],[33.69109,-14.51174],[33.69116,-14.51151],[33.69121,-14.51136],[33.69126,-14.51121],[33.69132,-14.51109],[33.69133,-14.511],[33.69132,-14.5109],[33.69124,-14.51073],[33.69111,-14.51051],[33.69103,-14.51031],[33.69099,-14.51007],[33.691,-14.50978],[33.69101,-14.50954],[33.69104,-14.50931],[33.69109,-14.50916],[33.69117,-14.50903],[33.69131,-14.50866],[33.69146,-14.50827],[33.69152,-14.50806],[33.69158,-14.50785],[33.69169,-14.50741],[33.69172,-14.50723],[33.69183,-14.50693],[33.69195,-14.50671],[33.69204,-14.50653],[33.69208,-14.50644],[33.69211,-14.50628],[33.69211,-14.50617],[33.69215,-14.506],[33.6922,-14.5057]]},"properties":{"id":681876270,"cls":"unclassified","hw":"unclassified","tg":"na","name":"","ref":"","surface":"","sc":"unknown","speed":null,"lit":"unk","km":1.032}},
{"type":"Feature","geometry":{"type":"LineString","coordinates":[[33.62195,-14.55499],[33.62196,-14.55492],[33.62204,-14.55488],[33.62212,-14.55486],[33.6222,-14.55483],[33.62245,-14.55473],[33.62256,-14.55469],[33.62272,-14.55465],[33.62277,-14.55464],[33.6228,-14.55461],[33.62287,-14.55455],[33.62292,-14.55446],[33.62296,-14.55436],[33.623,-14.5543],[33.62304,-14.55425],[33.62308,-14.55422],[33.62312,-14.55419],[33.62318,-14.5541],[33.62323,-14.554],[33.62324,-14.55389],[33.62328,-14.55373],[33.62334,-14.55357],[33.6234,-14.55346],[33.62347,-14.55334],[33.62357,-14.55322],[33.6236,-14.5532],[33.62366,-14.55314],[33.62376,-14.55302],[33.62382,-14.55296],[33.62388,-14.5529],[33.62392,-14.55286],[33.624,-14.5528],[33.62405,-14.55277],[33.6242,-14.55271],[33.62444,-14.55259],[33.62461,-14.5525],[33.62472,-14.55243],[33.62481,-14.55235],[33.62488,-14.55229],[33.62513,-14.55201],[33.62538,-14.55174],[33.6255,-14.55162],[33.62556,-14.55159],[33.62558,-14.55158],[33.62562,-14.55157],[33.62565,-14.55156],[33.62571,-14.55156],[33.62577,-14.55156],[33.62614,-14.55155],[33.62621,-14.55154],[33.6263,-14.55152],[33.62636,-14.55151],[33.62641,-14.55151],[33.62646,-14.55151],[33.62655,-14.55152],[33.6266,-14.55153],[33.62664,-14.55154],[33.62677,-14.55153],[33.62688,-14.55153],[33.62702,-14.55151],[33.6271,-14.55149],[33.62732,-14.55136],[33.62752,-14.55124],[33.62763,-14.55116],[33.62789,-14.55099],[33.628,-14.55092],[33.62806,-14.55088],[33.6282,-14.55077],[33.62826,-14.55071],[33.62831,-14.55064],[33.62834,-14.55059],[33.62837,-14.55053],[33.62839,-14.5505],[33.62841,-14.55047],[33.62847,-14.55041],[33.62852,-14.55038],[33.62869,-14.55025],[33.62908,-14.54997],[33.62916,-14.5499],[33.62923,-14.54981],[33.62937,-14.54959],[33.62946,-14.54951],[33.62954,-14.54947],[33.62965,-14.54944],[33.62973,-14.54942],[33.62977,-14.5494],[33.6298,-14.54937],[33.62987,-14.54929],[33.62993,-14.54923],[33.63002,-14.54917],[33.63012,-14.54913],[33.63023,-14.5491],[33.63044,-14.54903],[33.63053,-14.54897],[33.63063,-14.54887],[33.6307,-14.54882],[33.63077,-14.5488],[33.63081,-14.54877],[33.63088,-14.54877],[33.63094,-14.54878],[33.63107,-14.54882],[33.63114,-14.54882],[33.6312,-14.54882],[33.63127,-14.5488],[33.63133,-14.54876],[33.63145,-14.54865],[33.63153,-14.54858],[33.63169,-14.54848],[33.63183,-14.54842],[33.63199,-14.54832],[33.63269,-14.5477],[33.63357,-14.54665],[33.63371,-14.54649],[33.63379,-14.54639],[33.63413,-14.54623],[33.63432,-14.54613],[33.63445,-14.54606],[33.63457,-14.546],[33.63461,-14.54598],[33.63466,-14.54598],[33.6347,-14.54597],[33.63474,-14.54597],[33.63479,-14.54597],[33.63483,-14.54598],[33.63486,-14.54597],[33.63487,-14.54597],[33.63488,-14.54596],[33.63489,-14.54595],[33.6349,-14.54592],[33.6349,-14.54588],[33.63491,-14.54586],[33.63491,-14.54585],[33.63492,-14.54584],[33.63495,-14.54583],[33.63503,-14.54582],[33.63506,-14.5458],[33.63508,-14.54578],[33.63509,-14.54576],[33.6351,-14.54573],[33.6351,-14.54569],[33.6351,-14.54562],[33.63512,-14.54554],[33.63517,-14.54544],[33.63521,-14.54535],[33.63535,-14.5451],[33.63539,-14.54496],[33.63545,-14.54484],[33.63549,-14.54474],[33.63557,-14.54461],[33.63566,-14.5445],[33.63572,-14.54443],[33.63575,-14.54437],[33.63581,-14.54428],[33.63588,-14.54413],[33.63638,-14.54328],[33.63655,-14.54302],[33.63666,-14.54285],[33.63682,-14.54261],[33.63688,-14.5425],[33.6369,-14.54246],[33.6369,-14.54241],[33.6369,-14.54236],[33.6369,-14.54231],[33.63689,-14.54226],[33.6369,-14.5422],[33.63693,-14.54214],[33.63701,-14.54202],[33.63704,-14.54199],[33.63708,-14.54193],[33.63717,-14.54184],[33.6373,-14.54172],[33.63763,-14.54145],[33.63824,-14.54098],[33.639,-14.54038],[33.63937,-14.5401],[33.63987,-14.53975],[33.63993,-14.53971],[33.64007,-14.53962],[33.64019,-14.53951],[33.64043,-14.53933],[33.64058,-14.53923],[33.64075,-14.53908],[33.64093,-14.53897],[33.64104,-14.5389],[33.64118,-14.53878],[33.64135,-14.53869],[33.64152,-14.53859],[33.64167,-14.5385],[33.64179,-14.5384],[33.64189,-14.53831],[33.64195,-14.53823],[33.64207,-14.53808],[33.64226,-14.53787],[33.64232,-14.53781],[33.64238,-14.53773],[33.64242,-14.53768],[33.64246,-14.53763],[33.64249,-14.53757],[33.64252,-14.5375],[33.64254,-14.53744],[33.64261,-14.53736],[33.64269,-14.53728],[33.64275,-14.53721],[33.64293,-14.53702],[33.64303,-14.53686],[33.64313,-14.53673]]},"properties":{"id":681876271,"cls":"unclassified","hw":"unclassified","tg":"na","name":"","ref":"","surface":"","sc":"unknown","speed":null,"lit":"unk","km":3.212}},
{"type":"Feature","geometry":{"type":"LineString","coordinates":[[33.61828,-14.56231],[33.61839,-14.56224],[33.61857,-14.56212],[33.61889,-14.56196],[33.619,-14.5619],[33.61908,-14.56186],[33.61911,-14.56182],[33.61913,-14.56178],[33.61919,-14.56172],[33.61928,-14.56165],[33.61938,-14.56155],[33.61945,-14.56149],[33.61949,-14.56145],[33.61953,-14.56143],[33.61958,-14.56141],[33.61965,-14.56138],[33.61969,-14.56136],[33.61976,-14.5613],[33.61987,-14.56117],[33.61997,-14.56107],[33.62005,-14.561],[33.62009,-14.56093],[33.62013,-14.56087],[33.62019,-14.56082],[33.62026,-14.56076],[33.62032,-14.56072],[33.62037,-14.56069],[33.6204,-14.56065],[33.62041,-14.56063]]},"properties":{"id":681876272,"cls":"residential","hw":"residential","tg":"na","name":"","ref":"","surface":"","sc":"unknown","speed":null,"lit":"unk","km":0.301}},
{"type":"Feature","geometry":{"type":"LineString","coordinates":[[33.63231,-14.57538],[33.63223,-14.57527],[33.6321,-14.57513],[33.63195,-14.57496],[33.63177,-14.57467],[33.63166,-14.57448],[33.63157,-14.57433],[33.63146,-14.57419],[33.63131,-14.57402],[33.63116,-14.57384],[33.63107,-14.57377],[33.63099,-14.57373],[33.63089,-14.57369],[33.63068,-14.57359],[33.63049,-14.57349],[33.63041,-14.57345],[33.63035,-14.5734],[33.63032,-14.57336],[33.6303,-14.57331],[33.63027,-14.57326],[33.63025,-14.57319],[33.63023,-14.57314],[33.63022,-14.57309],[33.6302,-14.57305],[33.63018,-14.57301],[33.63015,-14.57297],[33.63011,-14.57294],[33.62997,-14.57284],[33.6298,-14.57275],[33.62959,-14.57264],[33.6292,-14.5724],[33.62899,-14.57228],[33.62889,-14.57224],[33.62868,-14.57215],[33.6283,-14.57196],[33.62805,-14.57184],[33.6279,-14.57178],[33.6276,-14.57158],[33.62741,-14.57145],[33.62728,-14.57138],[33.62715,-14.57129],[33.62706,-14.57117],[33.62694,-14.57099],[33.62682,-14.57082],[33.62669,-14.57061],[33.62662,-14.5705],[33.62656,-14.57044],[33.62642,-14.57026],[33.6262,-14.56998],[33.62617,-14.56992],[33.62611,-14.56981],[33.62605,-14.56969],[33.62596,-14.56955],[33.62582,-14.56937],[33.62575,-14.56929],[33.62561,-14.56909],[33.62551,-14.56898],[33.62541,-14.5689],[33.62512,-14.56862],[33.62488,-14.56839],[33.62477,-14.56828],[33.62468,-14.56818],[33.62463,-14.56809],[33.62461,-14.56798],[33.62454,-14.56776],[33.62448,-14.56748],[33.62448,-14.56737],[33.62446,-14.56727],[33.6244,-14.56709],[33.62434,-14.5669],[33.62429,-14.56672],[33.62425,-14.56666],[33.62416,-14.56656],[33.6241,-14.56649],[33.62402,-14.56641],[33.62393,-14.56634],[33.62386,-14.56624],[33.62382,-14.56616],[33.62374,-14.56607],[33.62367,-14.566],[33.62357,-14.56589],[33.62347,-14.5658],[33.62332,-14.56561],[33.62324,-14.56549],[33.62317,-14.56542],[33.62304,-14.5653],[33.62294,-14.56524],[33.62282,-14.56514],[33.62274,-14.56506],[33.62268,-14.56501],[33.62265,-14.56497],[33.62263,-14.56494],[33.62261,-14.56491],[33.62259,-14.56486],[33.62257,-14.56483],[33.62252,-14.56476],[33.62247,-14.56469]]},"properties":{"id":681880645,"cls":"unclassified","hw":"unclassified","tg":"na","name":"","ref":"","surface":"","sc":"unknown","speed":null,"lit":"unk","km":1.648}},
{"type":"Feature","geometry":{"type":"LineString","coordinates":[[33.66548,-14.61477],[33.66558,-14.61474],[33.66569,-14.6147],[33.66578,-14.61466],[33.66583,-14.61461],[33.66586,-14.61458]]},"properties":{"id":682349329,"cls":"residential","hw":"residential","tg":"na","name":"","ref":"","surface":"","sc":"unknown","speed":null,"lit":"unk","km":0.047}},
{"type":"Feature","geometry":{"type":"LineString","coordinates":[[33.66505,-14.61508],[33.66509,-14.61508],[33.66513,-14.61508],[33.66521,-14.61508],[33.66542,-14.61509]]},"properties":{"id":682349330,"cls":"residential","hw":"residential","tg":"na","name":"","ref":"","surface":"","sc":"unknown","speed":null,"lit":"unk","km":0.04}},
{"type":"Feature","geometry":{"type":"LineString","coordinates":[[33.66442,-14.61609],[33.66457,-14.61613],[33.66464,-14.61615],[33.66477,-14.61618],[33.66497,-14.61621],[33.66506,-14.61622]]},"properties":{"id":682349331,"cls":"residential","hw":"residential","tg":"na","name":"","ref":"","surface":"","sc":"unknown","speed":null,"lit":"unk","km":0.07}},
{"type":"Feature","geometry":{"type":"LineString","coordinates":[[33.65265,-14.60399],[33.65293,-14.60393],[33.65319,-14.60389],[33.65352,-14.60383],[33.6537,-14.60378],[33.654,-14.60372]]},"properties":{"id":682349332,"cls":"path","hw":"path","tg":"na","name":"","ref":"","surface":"","sc":"unknown","speed":null,"lit":"unk","km":0.148}},
{"type":"Feature","geometry":{"type":"LineString","coordinates":[[33.68138,-14.60677],[33.68139,-14.60682],[33.68141,-14.60687],[33.68143,-14.60692],[33.68145,-14.60695],[33.68147,-14.60698],[33.68149,-14.607],[33.68151,-14.60703],[33.68153,-14.60706],[33.68154,-14.60711],[33.68155,-14.60714],[33.68154,-14.60717],[33.68154,-14.60722],[33.68154,-14.60725],[33.68156,-14.60729],[33.68157,-14.60733],[33.68157,-14.60735],[33.68159,-14.60738],[33.68161,-14.60741],[33.68162,-14.60743],[33.68162,-14.60747],[33.68163,-14.60752],[33.68163,-14.60755],[33.68162,-14.60757],[33.68162,-14.60759],[33.68163,-14.60761],[33.68164,-14.60764],[33.68167,-14.60766],[33.68168,-14.60768],[33.68167,-14.6077],[33.68167,-14.60774],[33.68166,-14.60778],[33.68165,-14.6078],[33.68163,-14.60783],[33.68162,-14.60784],[33.68161,-14.60786],[33.68161,-14.60788],[33.68161,-14.60791],[33.68162,-14.60794],[33.68163,-14.60796],[33.68164,-14.60797],[33.68166,-14.60798],[33.68168,-14.60799],[33.6817,-14.608],[33.68172,-14.60802],[33.68173,-14.60804],[33.68174,-14.60809],[33.68174,-14.60813],[33.68174,-14.60816],[33.68175,-14.60818],[33.68175,-14.6082],[33.68174,-14.60824],[33.68174,-14.6083],[33.68175,-14.60837],[33.68175,-14.60842],[33.68177,-14.60847],[33.68178,-14.60851],[33.68179,-14.60853],[33.68182,-14.60857],[33.68184,-14.60861],[33.68186,-14.60864],[33.68188,-14.60867],[33.6819,-14.60869],[33.68192,-14.6087],[33.68194,-14.60872],[33.68198,-14.60874],[33.68202,-14.60876],[33.68206,-14.60879],[33.68209,-14.6088],[33.68211,-14.60882],[33.68213,-14.60884],[33.68214,-14.60887],[33.68215,-14.6089],[33.68216,-14.60893],[33.68216,-14.60895],[33.68216,-14.60897],[33.68217,-14.60898],[33.68219,-14.60899],[33.68221,-14.60901],[33.68222,-14.60903],[33.68223,-14.60905],[33.68224,-14.60909],[33.68225,-14.60912],[33.68228,-14.60913],[33.6823,-14.60914],[33.68231,-14.60914],[33.68231,-14.60916],[33.6823,-14.60918],[33.6823,-14.6092],[33.68232,-14.60923],[33.68233,-14.60924],[33.68236,-14.60925],[33.68237,-14.60927],[33.68239,-14.60929],[33.68242,-14.60931],[33.68243,-14.60934],[33.68245,-14.60937],[33.68245,-14.60941],[33.68245,-14.60943],[33.68243,-14.60948],[33.68243,-14.60952],[33.68241,-14.60959],[33.6824,-14.60963],[33.68239,-14.6097],[33.68239,-14.60975],[33.68239,-14.60979],[33.6824,-14.60983],[33.68243,-14.60985],[33.68246,-14.60988],[33.68247,-14.60991],[33.68247,-14.60995],[33.68246,-14.60997],[33.68245,-14.61],[33.68245,-14.61003],[33.68246,-14.61006],[33.68248,-14.6101],[33.6825,-14.61015],[33.6825,-14.61017],[33.6825,-14.61021],[33.6825,-14.61024],[33.68251,-14.61027],[33.68252,-14.61031],[33.68255,-14.61037],[33.68257,-14.61041],[33.68258,-14.61044],[33.68258,-14.61049],[33.68259,-14.61054],[33.6826,-14.61058],[33.68261,-14.61062],[33.68262,-14.61067],[33.68264,-14.61071],[33.68266,-14.61076],[33.68268,-14.61083],[33.68269,-14.61088],[33.6827,-14.61092],[33.6827,-14.61096],[33.68271,-14.61099],[33.68272,-14.61103],[33.68273,-14.61106],[33.68274,-14.61109],[33.68274,-14.61114],[33.68276,-14.61118],[33.6828,-14.61122],[33.68282,-14.61126],[33.68285,-14.6113],[33.68288,-14.61133],[33.68289,-14.61136],[33.68291,-14.61141],[33.68291,-14.61147],[33.68293,-14.61151],[33.68293,-14.61155],[33.68294,-14.61158],[33.68294,-14.6116],[33.68296,-14.61164],[33.68297,-14.61167],[33.68297,-14.6117],[33.68297,-14.61173],[33.68296,-14.61176],[33.68296,-14.61178],[33.68296,-14.61182],[33.68297,-14.61184],[33.68297,-14.61187],[33.68297,-14.61192],[33.68297,-14.61195],[33.68298,-14.61199],[33.68298,-14.61206],[33.68297,-14.61208],[33.68295,-14.61211],[33.68293,-14.61214],[33.6829,-14.61218],[33.68288,-14.6122],[33.68287,-14.61222],[33.68286,-14.61223],[33.68286,-14.61224],[33.68287,-14.61228],[33.68288,-14.61231],[33.68291,-14.61235],[33.68292,-14.61242],[33.68294,-14.61248],[33.68294,-14.61251],[33.68294,-14.61254],[33.68293,-14.61257],[33.68291,-14.61264],[33.68289,-14.6127],[33.68289,-14.61276],[33.68288,-14.61278],[33.68286,-14.61281],[33.68285,-14.61284],[33.68285,-14.61288],[33.68283,-14.61292],[33.68281,-14.613],[33.6828,-14.61306],[33.68279,-14.61308],[33.68277,-14.6131],[33.68276,-14.61314],[33.68276,-14.61318],[33.68282,-14.61321],[33.68285,-14.61322],[33.68288,-14.61323],[33.6829,-14.61324],[33.68291,-14.61325],[33.68294,-14.61326],[33.68297,-14.61327],[33.68306,-14.61331],[33.68318,-14.61335],[33.68329,-14.61338],[33.68339,-14.6134],[33.68355,-14.61342],[33.68368,-14.61344],[33.68373,-14.61345],[33.68378,-14.61346],[33.68379,-14.61347],[33.68382,-14.61348],[33.68384,-14.61348],[33.68386,-14.61348],[33.68387,-14.61347],[33.68389,-14.61347],[33.68391,-14.61346],[33.68393,-14.61346],[33.68395,-14.61346],[33.68397,-14.61344],[33.68399,-14.61342]]},"properties":{"id":682351910,"cls":"path","hw":"path","tg":"na","name":"","ref":"","surface":"","sc":"unknown","speed":null,"lit":"unk","km":0.933}},
{"type":"Feature","geometry":{"type":"LineString","coordinates":[[33.69517,-14.61127],[33.69515,-14.61122],[33.69515,-14.61118],[33.69515,-14.61098],[33.69516,-14.61087],[33.69519,-14.61079],[33.6952,-14.61072],[33.69522,-14.61065],[33.69522,-14.6106],[33.69522,-14.61057],[33.69522,-14.61051],[33.69522,-14.61044],[33.69522,-14.61035],[33.69522,-14.61025],[33.69523,-14.61011],[33.69522,-14.61003],[33.69522,-14.60998],[33.6952,-14.6099],[33.6952,-14.60983],[33.69519,-14.60979],[33.69519,-14.60969],[33.69519,-14.60961],[33.69518,-14.60958],[33.69518,-14.60955],[33.69519,-14.60953],[33.69518,-14.6094],[33.69517,-14.60927],[33.69517,-14.60909],[33.69518,-14.60899],[33.69516,-14.60884],[33.6951,-14.60865],[33.69504,-14.6085],[33.69499,-14.60834],[33.69497,-14.60818],[33.69498,-14.60806],[33.69507,-14.60783],[33.69514,-14.60766],[33.69528,-14.60737],[33.69539,-14.60713],[33.6955,-14.60689],[33.69563,-14.60658],[33.69584,-14.60618],[33.69598,-14.60591],[33.69611,-14.60569],[33.69623,-14.60545]]},"properties":{"id":682356418,"cls":"unclassified","hw":"unclassified","tg":"na","name":"","ref":"","surface":"","sc":"unknown","speed":null,"lit":"unk","km":0.683}},
{"type":"Feature","geometry":{"type":"LineString","coordinates":[[33.68446,-14.61212],[33.68455,-14.6121],[33.68462,-14.61209],[33.68472,-14.61209],[33.68478,-14.61209],[33.68484,-14.61208],[33.6849,-14.61207],[33.68502,-14.612],[33.6851,-14.61195],[33.68516,-14.61192],[33.6852,-14.6119],[33.68527,-14.61189],[33.68541,-14.61185],[33.68554,-14.61181],[33.68564,-14.61177],[33.6857,-14.61174],[33.68578,-14.61172],[33.68584,-14.61171],[33.68592,-14.6117],[33.68601,-14.61169],[33.68616,-14.61169],[33.68628,-14.61167],[33.68636,-14.61167],[33.68644,-14.61167],[33.68656,-14.61166],[33.68664,-14.61166],[33.68671,-14.61165],[33.68678,-14.61166],[33.6869,-14.61167],[33.68701,-14.61168],[33.68713,-14.61169],[33.68722,-14.61169],[33.68734,-14.6117],[33.68742,-14.61171],[33.68753,-14.61173],[33.68759,-14.61174],[33.68767,-14.61175],[33.68773,-14.61176],[33.6878,-14.61177],[33.68784,-14.61177],[33.68787,-14.61177],[33.68791,-14.61178],[33.68797,-14.6118],[33.68801,-14.61181],[33.68804,-14.61181],[33.68808,-14.61182],[33.68811,-14.61183],[33.68816,-14.61184],[33.68821,-14.61187],[33.68828,-14.6119],[33.68837,-14.61196],[33.68844,-14.61201],[33.68849,-14.61204],[33.68855,-14.61207],[33.68861,-14.6121],[33.68868,-14.61213],[33.68876,-14.61216],[33.68884,-14.6122],[33.68893,-14.61223],[33.68901,-14.61227],[33.68908,-14.61229],[33.68914,-14.6123],[33.68921,-14.61232],[33.68929,-14.61236],[33.68939,-14.6124],[33.6895,-14.61245],[33.68958,-14.61249],[33.68961,-14.6125],[33.68965,-14.61251],[33.68967,-14.61251],[33.68969,-14.61251],[33.68971,-14.61251],[33.68973,-14.61252],[33.68975,-14.61253],[33.68977,-14.61253],[33.68979,-14.61253],[33.6898,-14.61253],[33.68982,-14.61252],[33.68983,-14.61251],[33.68985,-14.61251],[33.68987,-14.61251],[33.68993,-14.6125],[33.68999,-14.61249],[33.69008,-14.61249],[33.69033,-14.61247],[33.69072,-14.61242],[33.69105,-14.61235],[33.69115,-14.61233],[33.69128,-14.61232],[33.69137,-14.61231],[33.69147,-14.61229],[33.69156,-14.61226],[33.69165,-14.61225],[33.69174,-14.61226],[33.69188,-14.61228],[33.69197,-14.61228],[33.69207,-14.61227],[33.69216,-14.61225],[33.69229,-14.61222],[33.69244,-14.61216],[33.69263,-14.61207],[33.69281,-14.61199],[33.69294,-14.61193],[33.69301,-14.6119],[33.6931,-14.61188],[33.69317,-14.61187],[33.69324,-14.61184],[33.69332,-14.61181],[33.6934,-14.61179],[33.69346,-14.61178],[33.69353,-14.61177],[33.69356,-14.61177],[33.6936,-14.61176],[33.6937,-14.61174],[33.69387,-14.61169],[33.69403,-14.61164],[33.69422,-14.61158],[33.69435,-14.61153],[33.69451,-14.61148],[33.69462,-14.61145],[33.69466,-14.61144],[33.69488,-14.61136],[33.69508,-14.61131],[33.69514,-14.61128],[33.69517,-14.61127],[33.69529,-14.61126],[33.69546,-14.61126],[33.6957,-14.61125],[33.69594,-14.61125],[33.69613,-14.61126],[33.69635,-14.61126],[33.69651,-14.61128],[33.69674,-14.61131]]},"properties":{"id":682356422,"cls":"unclassified","hw":"unclassified","tg":"na","name":"","ref":"","surface":"","sc":"unknown","speed":null,"lit":"unk","km":1.375}},
{"type":"Feature","geometry":{"type":"LineString","coordinates":[[33.65008,-14.60625],[33.65004,-14.60625],[33.64999,-14.60624],[33.64991,-14.60622],[33.64982,-14.60618],[33.6497,-14.60612],[33.6495,-14.60602],[33.64939,-14.60602],[33.64927,-14.60599],[33.64919,-14.60593],[33.64916,-14.60589],[33.64915,-14.60585],[33.64915,-14.60581],[33.64916,-14.60577],[33.64915,-14.60572],[33.64914,-14.60569]]},"properties":{"id":682700561,"cls":"residential","hw":"residential","tg":"na","name":"","ref":"","surface":"","sc":"unknown","speed":null,"lit":"unk","km":0.132}},
{"type":"Feature","geometry":{"type":"LineString","coordinates":[[33.81679,-14.54974],[33.81673,-14.54977],[33.8166,-14.54983],[33.81657,-14.54995],[33.81642,-14.5501],[33.81631,-14.5502],[33.81621,-14.5503],[33.81612,-14.55039],[33.81606,-14.55046],[33.816,-14.55052],[33.81594,-14.55058],[33.81588,-14.55064],[33.81582,-14.55071],[33.81575,-14.55078],[33.8157,-14.55084],[33.81566,-14.55088],[33.81563,-14.55092],[33.81559,-14.55095],[33.81551,-14.551],[33.81538,-14.55109],[33.81525,-14.55117],[33.81514,-14.55124],[33.8151,-14.55128],[33.81506,-14.55131],[33.81489,-14.55142],[33.8147,-14.55155],[33.81461,-14.55162],[33.81454,-14.55168],[33.81448,-14.55173],[33.81435,-14.55185],[33.8143,-14.55191],[33.81422,-14.55197],[33.81415,-14.55203],[33.81404,-14.5521],[33.81396,-14.55215],[33.8139,-14.5522],[33.81386,-14.55222],[33.81382,-14.55224],[33.81379,-14.55225],[33.81376,-14.55228],[33.81372,-14.55232],[33.81369,-14.55236],[33.81367,-14.55239],[33.81365,-14.55242],[33.81364,-14.55247],[33.81363,-14.55251],[33.81362,-14.55256],[33.81361,-14.5526],[33.81358,-14.55265],[33.81356,-14.55269],[33.81353,-14.55274],[33.81348,-14.55278],[33.81342,-14.55285],[33.81339,-14.55289],[33.81337,-14.55291],[33.81333,-14.55299],[33.8133,-14.55304],[33.81327,-14.5531],[33.81325,-14.55315],[33.81324,-14.5532],[33.81323,-14.55327],[33.81323,-14.55336],[33.81323,-14.55349],[33.81322,-14.55358],[33.81323,-14.55368],[33.81323,-14.55373],[33.81323,-14.55378],[33.81322,-14.55385],[33.81321,-14.55392],[33.8132,-14.55397],[33.81318,-14.55403],[33.81317,-14.55405],[33.81316,-14.55408],[33.81314,-14.5541],[33.81313,-14.55412],[33.81311,-14.55414],[33.81308,-14.55416],[33.81301,-14.5542],[33.81295,-14.55423],[33.81291,-14.55424],[33.81285,-14.55427],[33.81279,-14.55429],[33.81276,-14.55431],[33.81274,-14.55433],[33.81271,-14.55438],[33.81266,-14.55446],[33.81262,-14.55452],[33.8126,-14.55455],[33.81258,-14.55458],[33.81258,-14.5546],[33.81258,-14.55465],[33.81259,-14.55469],[33.81258,-14.55474],[33.81257,-14.55478],[33.8125,-14.55488],[33.81246,-14.55493],[33.81239,-14.555],[33.81234,-14.55504],[33.81232,-14.55506],[33.8122,-14.55516],[33.81215,-14.5552],[33.81211,-14.55523],[33.81207,-14.55524],[33.81204,-14.55526],[33.81203,-14.55527],[33.812,-14.5553],[33.81197,-14.55534],[33.81194,-14.55536],[33.81192,-14.55538],[33.81187,-14.55541],[33.81183,-14.55543],[33.81179,-14.55546],[33.81174,-14.55552],[33.81168,-14.55559],[33.81164,-14.55567],[33.81159,-14.55574],[33.81155,-14.55581],[33.81153,-14.55584],[33.81151,-14.55588],[33.81149,-14.55593],[33.81149,-14.55597],[33.81149,-14.55601],[33.81151,-14.55604],[33.81154,-14.55611],[33.81155,-14.55614],[33.81156,-14.55617],[33.81158,-14.55622],[33.8116,-14.55631],[33.81161,-14.55635],[33.81165,-14.55643],[33.81166,-14.55646],[33.81168,-14.55652],[33.8117,-14.55661],[33.81175,-14.55676]]},"properties":{"id":682817993,"cls":"residential","hw":"residential","tg":"na","name":"","ref":"","surface":"","sc":"unknown","speed":null,"lit":"unk","km":1.038}},
{"type":"Feature","geometry":{"type":"LineString","coordinates":[[33.73178,-14.50545],[33.73138,-14.50521],[33.73123,-14.50501],[33.7311,-14.50495],[33.73082,-14.50462],[33.73061,-14.50444],[33.73055,-14.50426]]},"properties":{"id":683810674,"cls":"path","hw":"path","tg":"na","name":"","ref":"","surface":"unpaved","sc":"unpaved","speed":null,"lit":"unk","km":0.192}},
{"type":"Feature","geometry":{"type":"LineString","coordinates":[[33.74604,-14.51089],[33.74606,-14.51096],[33.74616,-14.51109],[33.74618,-14.51126],[33.74617,-14.51137],[33.74616,-14.5115],[33.74613,-14.51166]]},"properties":{"id":683822035,"cls":"residential","hw":"residential","tg":"na","name":"","ref":"","surface":"","sc":"unknown","speed":null,"lit":"unk","km":0.09}},
{"type":"Feature","geometry":{"type":"LineString","coordinates":[[33.74545,-14.51372],[33.7454,-14.51381],[33.74527,-14.514],[33.74508,-14.51419]]},"properties":{"id":683822037,"cls":"path","hw":"path","tg":"na","name":"","ref":"","surface":"","sc":"unknown","speed":null,"lit":"unk","km":0.066}},
{"type":"Feature","geometry":{"type":"LineString","coordinates":[[33.74439,-14.51103],[33.74439,-14.51098],[33.74437,-14.51092],[33.74432,-14.51077],[33.7443,-14.51067],[33.74429,-14.51058],[33.74429,-14.51051],[33.74432,-14.51029],[33.74437,-14.51015],[33.74442,-14.51],[33.74445,-14.50994],[33.74449,-14.50989],[33.74474,-14.50973],[33.74492,-14.50961]]},"properties":{"id":683822038,"cls":"residential","hw":"residential","tg":"na","name":"","ref":"","surface":"","sc":"unknown","speed":null,"lit":"unk","km":0.188}},
{"type":"Feature","geometry":{"type":"LineString","coordinates":[[33.74526,-14.51223],[33.74528,-14.51219],[33.7453,-14.51215],[33.74531,-14.51212],[33.74532,-14.5121],[33.74534,-14.51207],[33.74537,-14.51204],[33.74537,-14.51202],[33.74538,-14.512],[33.74539,-14.51198],[33.7454,-14.51197],[33.74541,-14.51196],[33.74542,-14.51196],[33.74546,-14.51195],[33.74549,-14.51194],[33.74552,-14.51193],[33.74556,-14.51191],[33.74559,-14.51191],[33.74561,-14.5119],[33.74565,-14.5119],[33.74567,-14.5119],[33.74569,-14.5119],[33.74571,-14.51189],[33.74605,-14.51171],[33.74609,-14.51169],[33.74611,-14.51168],[33.74613,-14.51168],[33.74613,-14.51167],[33.74613,-14.51166]]},"properties":{"id":683822039,"cls":"residential","hw":"residential","tg":"na","name":"","ref":"","surface":"","sc":"unknown","speed":null,"lit":"unk","km":0.122}},
{"type":"Feature","geometry":{"type":"LineString","coordinates":[[33.71578,-14.52733],[33.71579,-14.52737],[33.7158,-14.5274],[33.7158,-14.52744],[33.7158,-14.52751],[33.71579,-14.52758],[33.71578,-14.52761],[33.71577,-14.52766],[33.71576,-14.5277],[33.71575,-14.52774],[33.71574,-14.52777],[33.71574,-14.5278],[33.71575,-14.52787],[33.71576,-14.52797],[33.71576,-14.52805],[33.71577,-14.52813],[33.71577,-14.52818],[33.71577,-14.52823],[33.71578,-14.52829],[33.71578,-14.52835],[33.71578,-14.52842],[33.71579,-14.52847],[33.7158,-14.52853],[33.71581,-14.52858],[33.71583,-14.52863],[33.71586,-14.52871],[33.7159,-14.52877],[33.71593,-14.52885],[33.7161,-14.52954],[33.71611,-14.52958],[33.71614,-14.5297],[33.71617,-14.52983],[33.71618,-14.52989],[33.71618,-14.52992],[33.71619,-14.52995],[33.71622,-14.52999],[33.71627,-14.53008],[33.71634,-14.53017],[33.71637,-14.53021],[33.71641,-14.53026],[33.71643,-14.53029],[33.71645,-14.53031],[33.71648,-14.53033],[33.71654,-14.53037],[33.71659,-14.5304],[33.71662,-14.53043],[33.71666,-14.53046],[33.71672,-14.5305],[33.71684,-14.53056],[33.71701,-14.53062],[33.71713,-14.53066],[33.71718,-14.53068],[33.71722,-14.5307],[33.71727,-14.53073],[33.71739,-14.5308],[33.71747,-14.53085],[33.71755,-14.5309],[33.71761,-14.53096],[33.71766,-14.53101],[33.71769,-14.53104],[33.71772,-14.53106],[33.71783,-14.53119],[33.71794,-14.53133],[33.71797,-14.53143],[33.71806,-14.53154],[33.71819,-14.53168],[33.71832,-14.53181],[33.71841,-14.53189],[33.71846,-14.53193],[33.71851,-14.53195],[33.71856,-14.53199],[33.71861,-14.53202],[33.71873,-14.53212],[33.71888,-14.53223],[33.71926,-14.53247],[33.71937,-14.53253],[33.71944,-14.53257],[33.71955,-14.53264],[33.71962,-14.53271],[33.71969,-14.53276],[33.71983,-14.53285],[33.71991,-14.53289],[33.72,-14.53293],[33.72007,-14.53296],[33.72012,-14.53299],[33.72019,-14.53305],[33.72025,-14.53309],[33.72039,-14.53317],[33.72057,-14.53327],[33.72065,-14.53332],[33.72073,-14.53341],[33.72086,-14.53354],[33.72106,-14.53364],[33.72116,-14.5337],[33.72121,-14.53377],[33.72123,-14.53381],[33.72125,-14.53385],[33.72133,-14.53389],[33.72136,-14.53391],[33.7214,-14.53396],[33.72148,-14.53405],[33.72155,-14.53411],[33.72162,-14.53416],[33.7218,-14.53422],[33.72196,-14.53428],[33.72206,-14.53432],[33.72213,-14.53434],[33.72223,-14.53433],[33.72233,-14.53433],[33.7225,-14.53435],[33.72261,-14.53434],[33.72272,-14.53432],[33.72277,-14.53428],[33.72286,-14.5342],[33.72302,-14.53416],[33.72307,-14.53414],[33.72312,-14.53409],[33.72326,-14.53402],[33.7234,-14.5339],[33.72349,-14.53383],[33.72357,-14.53379],[33.72362,-14.53378],[33.72365,-14.53373],[33.72373,-14.53366],[33.72376,-14.53358],[33.72385,-14.53348],[33.72399,-14.53328],[33.72405,-14.53323],[33.72419,-14.53318],[33.72427,-14.53314],[33.72436,-14.5331],[33.72441,-14.53309],[33.72449,-14.53303],[33.72458,-14.533],[33.72472,-14.53299],[33.72477,-14.53297],[33.72484,-14.53297],[33.72492,-14.53293],[33.7251,-14.53286],[33.72526,-14.53281],[33.72537,-14.53277],[33.72549,-14.53273],[33.72556,-14.53274],[33.72565,-14.53276],[33.72577,-14.5328],[33.72585,-14.53279],[33.72599,-14.53274],[33.72606,-14.53272],[33.72612,-14.53272],[33.72625,-14.5326],[33.72633,-14.53253],[33.72636,-14.5325],[33.72642,-14.53247],[33.72646,-14.53243],[33.72648,-14.53235],[33.72658,-14.53228],[33.72672,-14.53217],[33.72679,-14.53207],[33.72686,-14.53199],[33.72691,-14.53195],[33.72697,-14.53184],[33.72703,-14.53178],[33.72707,-14.53177],[33.72711,-14.53171],[33.72714,-14.53166],[33.72721,-14.53163],[33.72737,-14.5315],[33.72753,-14.53139],[33.72766,-14.53132],[33.72776,-14.53126],[33.72792,-14.53114],[33.72809,-14.53098]]},"properties":{"id":683822040,"cls":"unclassified","hw":"unclassified","tg":"na","name":"","ref":"","surface":"","sc":"unknown","speed":null,"lit":"unk","km":1.908}},
{"type":"Feature","geometry":{"type":"LineString","coordinates":[[33.7069,-14.51579],[33.70698,-14.51584],[33.70706,-14.5159],[33.70717,-14.51599],[33.70726,-14.51609],[33.70733,-14.51621],[33.70739,-14.51636],[33.70748,-14.51647],[33.70756,-14.51653],[33.70765,-14.51655],[33.7077,-14.51658],[33.70774,-14.51663],[33.7078,-14.5167],[33.70789,-14.51676],[33.70799,-14.51683],[33.70811,-14.51692],[33.70818,-14.51701],[33.70826,-14.5171],[33.70834,-14.51716],[33.70847,-14.51724],[33.70855,-14.51729],[33.7086,-14.51736],[33.70863,-14.51748],[33.70866,-14.51752],[33.70874,-14.51763],[33.7088,-14.51774],[33.70888,-14.5178],[33.70897,-14.51782],[33.70904,-14.51789],[33.70911,-14.51801],[33.70921,-14.5182],[33.70928,-14.51836],[33.70933,-14.51844],[33.7094,-14.51853],[33.70954,-14.51865],[33.70968,-14.51875],[33.70977,-14.51886],[33.70983,-14.51897],[33.70985,-14.51908],[33.7099,-14.5192],[33.70993,-14.5193],[33.70995,-14.5195],[33.70995,-14.51974],[33.70996,-14.51993],[33.70996,-14.52027],[33.70998,-14.52047],[33.70998,-14.52065],[33.70998,-14.52089],[33.71,-14.52096],[33.71004,-14.52102],[33.71014,-14.52109],[33.71029,-14.52121],[33.7104,-14.5213],[33.71051,-14.52135],[33.71057,-14.5214],[33.71065,-14.52148],[33.71071,-14.52153],[33.71076,-14.52159],[33.71085,-14.52171],[33.71093,-14.5218],[33.71098,-14.52189],[33.71105,-14.522],[33.71112,-14.52215],[33.71119,-14.52232],[33.7113,-14.52257],[33.71136,-14.52272],[33.7114,-14.5229],[33.71144,-14.52307],[33.71146,-14.52315],[33.71149,-14.52324],[33.71151,-14.52331],[33.71153,-14.52339],[33.71157,-14.52348],[33.71161,-14.52355],[33.71167,-14.52365],[33.71191,-14.52404],[33.71206,-14.5243],[33.71213,-14.52444],[33.71216,-14.52451],[33.71218,-14.52457],[33.7122,-14.52464],[33.71222,-14.52485],[33.71226,-14.52515],[33.71227,-14.52543],[33.71227,-14.52568],[33.71228,-14.52584],[33.71227,-14.52592]]},"properties":{"id":683822041,"cls":"unclassified","hw":"unclassified","tg":"na","name":"","ref":"","surface":"unpaved","sc":"unpaved","speed":null,"lit":"unk","km":1.339}},
{"type":"Feature","geometry":{"type":"LineString","coordinates":[[33.71212,-14.53008],[33.71217,-14.53021],[33.71218,-14.53026],[33.71218,-14.53032],[33.71218,-14.53036],[33.7122,-14.5304],[33.71222,-14.53043],[33.71225,-14.53047],[33.7123,-14.53053],[33.71236,-14.53059],[33.71241,-14.53063],[33.71245,-14.53065],[33.71249,-14.53067],[33.71253,-14.53073],[33.71257,-14.53078],[33.71261,-14.5308],[33.71265,-14.53082],[33.7127,-14.53083],[33.71275,-14.53084],[33.71278,-14.53085],[33.71281,-14.53087],[33.71285,-14.5309],[33.71303,-14.53103],[33.71327,-14.5312],[33.71334,-14.53126],[33.71338,-14.53128],[33.71342,-14.53131],[33.71347,-14.53133],[33.71351,-14.53135],[33.71356,-14.53137],[33.71364,-14.53142],[33.71372,-14.53148],[33.71376,-14.53153],[33.7138,-14.53161],[33.71385,-14.53169],[33.71392,-14.53179],[33.71397,-14.53183],[33.71402,-14.53186],[33.71405,-14.53188],[33.71407,-14.5319],[33.71409,-14.53192],[33.71411,-14.53195],[33.71425,-14.53212],[33.71432,-14.53219],[33.7144,-14.53227],[33.71445,-14.53232],[33.7145,-14.5324],[33.71452,-14.53244],[33.71455,-14.53248],[33.71457,-14.53251],[33.71461,-14.53255],[33.71466,-14.53259],[33.71472,-14.53263],[33.71479,-14.53269],[33.71489,-14.53278],[33.71494,-14.53282],[33.71499,-14.53286],[33.71503,-14.53291],[33.71507,-14.53295],[33.7151,-14.53298],[33.71513,-14.533],[33.71517,-14.53301],[33.71518,-14.53302],[33.71521,-14.53305],[33.71523,-14.53307],[33.71525,-14.5331],[33.71529,-14.53315],[33.71534,-14.53319],[33.71538,-14.53322],[33.71541,-14.53325],[33.71543,-14.53329],[33.71543,-14.53332],[33.71543,-14.53334],[33.71543,-14.53337],[33.71542,-14.53345],[33.7154,-14.53351],[33.7154,-14.53356],[33.71541,-14.53362],[33.71542,-14.53368],[33.71544,-14.53373],[33.71547,-14.5338],[33.71552,-14.53387],[33.71557,-14.53396],[33.71563,-14.53403],[33.71571,-14.5341],[33.71585,-14.53421],[33.71603,-14.53435],[33.71616,-14.53445],[33.71628,-14.53456],[33.7164,-14.53467],[33.71648,-14.53474],[33.71656,-14.53479],[33.71665,-14.53484],[33.71672,-14.5349],[33.71685,-14.53504],[33.7169,-14.53508],[33.71694,-14.5351],[33.71699,-14.53513],[33.71703,-14.53515],[33.71708,-14.53519],[33.71719,-14.53529],[33.71721,-14.53531],[33.71725,-14.53532],[33.71727,-14.53535],[33.71735,-14.53537],[33.71749,-14.5354],[33.71756,-14.53542],[33.71763,-14.53544],[33.71769,-14.53545],[33.71774,-14.53547],[33.71777,-14.53549],[33.71782,-14.53552],[33.71786,-14.53555],[33.71791,-14.5356],[33.71796,-14.53565],[33.71805,-14.53571],[33.71811,-14.53575],[33.71817,-14.53579],[33.71829,-14.53585],[33.71836,-14.53592],[33.7184,-14.53595],[33.71844,-14.53599],[33.71849,-14.53602],[33.71853,-14.53604],[33.71858,-14.53606],[33.71864,-14.53609],[33.71867,-14.53611],[33.7187,-14.53613],[33.71874,-14.53617],[33.71878,-14.53622],[33.71883,-14.53626],[33.71892,-14.53633],[33.71903,-14.53642],[33.7191,-14.53647],[33.71915,-14.53651],[33.7192,-14.53655],[33.71925,-14.53657],[33.71933,-14.53661],[33.7194,-14.53664],[33.71947,-14.53667],[33.71951,-14.53668],[33.71956,-14.53669],[33.71958,-14.5367],[33.71961,-14.53671],[33.71964,-14.53673],[33.71967,-14.53675],[33.71969,-14.53676],[33.71974,-14.53677],[33.7198,-14.53679],[33.71987,-14.53681],[33.7199,-14.53682],[33.71993,-14.53682],[33.71995,-14.53681],[33.71999,-14.5368],[33.72004,-14.53678],[33.72012,-14.53673],[33.72017,-14.53671],[33.7202,-14.53669],[33.72024,-14.53666],[33.72027,-14.53664],[33.72031,-14.5366],[33.72033,-14.53658],[33.72035,-14.53655],[33.72036,-14.53648],[33.72039,-14.53646],[33.72041,-14.53645],[33.72046,-14.53644],[33.72051,-14.53643],[33.72055,-14.5364],[33.7206,-14.53636]]},"properties":{"id":683823509,"cls":"residential","hw":"residential","tg":"na","name":"","ref":"","surface":"unpaved","sc":"unpaved","speed":null,"lit":"unk","km":1.27}},
{"type":"Feature","geometry":{"type":"LineString","coordinates":[[33.71212,-14.53008],[33.71208,-14.53044],[33.71204,-14.53087],[33.71196,-14.53139],[33.71193,-14.53169],[33.71188,-14.53246],[33.71183,-14.5334],[33.71177,-14.53422],[33.71178,-14.53453],[33.71178,-14.53483],[33.71181,-14.53492],[33.71179,-14.53557],[33.71176,-14.53568],[33.71166,-14.53591],[33.71166,-14.53674],[33.71172,-14.53738],[33.71182,-14.53787],[33.71193,-14.53831],[33.71206,-14.53862],[33.71249,-14.53952],[33.71289,-14.54036]]},"properties":{"id":683823510,"cls":"track","hw":"track","tg":"none","name":"","ref":"","surface":"","sc":"unknown","speed":null,"lit":"unk","km":1.173}},
{"type":"Feature","geometry":{"type":"LineString","coordinates":[[33.6922,-14.5057],[33.69225,-14.50552],[33.69232,-14.50529],[33.69236,-14.50515],[33.69239,-14.50504],[33.69241,-14.5049],[33.69242,-14.50474],[33.69242,-14.50406],[33.6924,-14.50371],[33.69238,-14.50349],[33.69239,-14.50336],[33.69241,-14.50296],[33.69242,-14.50252],[33.69245,-14.50207],[33.6925,-14.5017],[33.69253,-14.5015],[33.69264,-14.50104],[33.69269,-14.5008],[33.69274,-14.50055],[33.6928,-14.5003],[33.69296,-14.49994],[33.69307,-14.49972],[33.69315,-14.49944],[33.69327,-14.49895],[33.69338,-14.4986],[33.69342,-14.49838],[33.69347,-14.49818],[33.6935,-14.49805],[33.69357,-14.49787],[33.69368,-14.49766],[33.69378,-14.49751],[33.69403,-14.4972],[33.6943,-14.49693],[33.69463,-14.49657],[33.69478,-14.49642],[33.69488,-14.49632],[33.69495,-14.49625],[33.69499,-14.4962],[33.69502,-14.49613],[33.69505,-14.49602],[33.69509,-14.49583],[33.69515,-14.49542],[33.69515,-14.49521],[33.69512,-14.49506],[33.69507,-14.49492],[33.69504,-14.49484],[33.695,-14.4947],[33.69495,-14.49444],[33.6949,-14.49417],[33.69483,-14.49355],[33.69478,-14.49314],[33.69476,-14.49295],[33.69476,-14.49285],[33.69475,-14.49273],[33.69477,-14.49254],[33.69478,-14.49245],[33.69481,-14.49237],[33.69491,-14.49212],[33.69505,-14.49185],[33.69524,-14.49145],[33.6953,-14.49132],[33.69544,-14.49109],[33.69546,-14.49105],[33.69546,-14.491],[33.69543,-14.49095],[33.6954,-14.49092],[33.69513,-14.49062],[33.69492,-14.49031],[33.69485,-14.49014],[33.69483,-14.49],[33.69481,-14.48986],[33.69478,-14.48876],[33.6947,-14.48718],[33.69471,-14.48622],[33.69473,-14.4854],[33.6947,-14.48427],[33.69467,-14.48396],[33.69459,-14.48356],[33.69458,-14.48339],[33.69457,-14.48297],[33.69453,-14.48269],[33.69435,-14.48218],[33.69427,-14.4819],[33.69413,-14.4812],[33.69395,-14.48039]]},"properties":{"id":683932242,"cls":"unclassified","hw":"unclassified","tg":"na","name":"","ref":"","surface":"","sc":"unknown","speed":null,"lit":"unk","km":2.945}},
{"type":"Feature","geometry":{"type":"LineString","coordinates":[[33.79858,-14.55008],[33.79851,-14.5499],[33.79841,-14.54968],[33.79838,-14.54961],[33.79836,-14.54954],[33.79834,-14.54945],[33.79832,-14.54933],[33.79828,-14.54922],[33.79824,-14.54912],[33.7982,-14.54897],[33.79818,-14.5489],[33.79815,-14.54885],[33.79812,-14.54881],[33.79805,-14.54874],[33.79792,-14.54861],[33.79778,-14.54848],[33.79769,-14.54842],[33.79761,-14.54838],[33.7975,-14.54835],[33.79741,-14.54832],[33.79731,-14.54827],[33.79715,-14.54818],[33.79705,-14.54813],[33.79693,-14.54808],[33.79682,-14.54805],[33.79676,-14.54805],[33.79665,-14.54806],[33.79658,-14.54806],[33.79651,-14.54803],[33.79638,-14.54796],[33.79631,-14.54792],[33.79623,-14.54789],[33.79616,-14.54788],[33.79612,-14.54788],[33.79607,-14.54786],[33.79599,-14.54782],[33.79592,-14.54777],[33.79586,-14.54768],[33.79581,-14.5476],[33.79579,-14.54754],[33.79577,-14.54751],[33.79574,-14.54747],[33.79571,-14.54745],[33.79567,-14.54744],[33.79561,-14.54744],[33.79556,-14.54743],[33.79549,-14.5474],[33.79542,-14.54736],[33.79536,-14.54733],[33.79528,-14.5473],[33.79513,-14.54717],[33.79496,-14.54704],[33.79488,-14.54692],[33.79477,-14.54687],[33.79461,-14.54677],[33.79444,-14.54675],[33.79432,-14.54669],[33.79412,-14.54659],[33.79401,-14.54653],[33.79388,-14.54646],[33.79381,-14.54646]]},"properties":{"id":683973426,"cls":"unclassified","hw":"unclassified","tg":"na","name":"","ref":"","surface":"","sc":"unknown","speed":null,"lit":"unk","km":0.703}},
{"type":"Feature","geometry":{"type":"LineString","coordinates":[[33.75533,-14.51969],[33.75523,-14.5198],[33.75516,-14.5199],[33.75509,-14.52002],[33.75503,-14.52013],[33.755,-14.52021],[33.75498,-14.5203],[33.755,-14.5204],[33.75501,-14.5205],[33.75502,-14.52063],[33.75503,-14.52072],[33.75505,-14.52082],[33.75506,-14.52089],[33.75506,-14.52093],[33.75506,-14.52097],[33.75504,-14.52105],[33.75499,-14.52121],[33.75493,-14.52139],[33.75488,-14.52156],[33.75483,-14.52166],[33.75479,-14.52173],[33.75476,-14.52179],[33.75476,-14.52185],[33.75476,-14.52192],[33.75477,-14.52199],[33.75478,-14.52207],[33.75477,-14.52211],[33.75472,-14.52224],[33.75468,-14.52232],[33.75464,-14.52243],[33.75462,-14.52251],[33.75459,-14.52263],[33.75455,-14.52275],[33.75452,-14.52286],[33.75448,-14.52294]]},"properties":{"id":683973427,"cls":"residential","hw":"residential","tg":"na","name":"","ref":"","surface":"","sc":"unknown","speed":null,"lit":"unk","km":0.384}},
{"type":"Feature","geometry":{"type":"LineString","coordinates":[[33.76583,-14.52467],[33.7658,-14.52479],[33.76576,-14.5249],[33.76574,-14.52495],[33.76571,-14.52501],[33.76568,-14.52507],[33.76566,-14.52514],[33.76562,-14.52524],[33.7656,-14.52534],[33.76557,-14.52542],[33.76556,-14.5255],[33.76555,-14.52558],[33.76554,-14.52567],[33.76554,-14.52579],[33.76555,-14.5259],[33.76557,-14.52601],[33.76558,-14.5261],[33.76559,-14.52618],[33.76561,-14.5263],[33.76563,-14.52638],[33.76564,-14.52645],[33.76566,-14.52651],[33.76569,-14.52656],[33.76572,-14.52661],[33.76574,-14.52663],[33.76576,-14.52667],[33.76577,-14.5267],[33.76578,-14.52673],[33.76578,-14.5268],[33.76579,-14.52687],[33.76579,-14.52691],[33.76579,-14.52695],[33.76578,-14.52698],[33.76577,-14.52702],[33.76573,-14.52708],[33.76569,-14.52718],[33.76562,-14.52732],[33.76556,-14.52744],[33.76551,-14.52754],[33.76546,-14.52764],[33.7654,-14.52773],[33.76534,-14.52785],[33.76525,-14.52799],[33.7652,-14.52808],[33.76514,-14.52817],[33.7651,-14.52823],[33.76505,-14.5283],[33.76501,-14.52836],[33.76497,-14.52843],[33.7649,-14.52855],[33.76482,-14.52866],[33.76478,-14.52872],[33.76473,-14.52881],[33.76469,-14.52889],[33.76463,-14.52898],[33.76458,-14.52907],[33.76449,-14.52919],[33.76443,-14.52929],[33.76435,-14.52939],[33.76425,-14.5295],[33.76418,-14.52957],[33.76413,-14.52963],[33.76409,-14.52967],[33.76403,-14.52971],[33.76391,-14.52978],[33.76383,-14.52984],[33.76371,-14.52992],[33.76363,-14.52997],[33.76355,-14.53005],[33.76346,-14.53013],[33.76334,-14.53023],[33.76324,-14.53032],[33.76307,-14.53048],[33.76299,-14.53055],[33.76292,-14.53059],[33.76286,-14.53063],[33.76278,-14.53067],[33.76272,-14.53071],[33.76267,-14.53074],[33.76265,-14.53076],[33.76263,-14.53078],[33.76261,-14.53081],[33.76258,-14.53085],[33.76255,-14.53088],[33.76251,-14.53092],[33.76249,-14.53096],[33.76245,-14.53101],[33.76242,-14.53105],[33.76237,-14.5311],[33.76231,-14.53116],[33.76227,-14.5312],[33.76224,-14.53124],[33.7622,-14.53127],[33.76216,-14.53131],[33.76211,-14.53137],[33.76207,-14.53141],[33.76204,-14.53146],[33.76202,-14.5315],[33.762,-14.53154],[33.76199,-14.53158],[33.76197,-14.53163],[33.76194,-14.53167],[33.76189,-14.53175],[33.76185,-14.53182],[33.76181,-14.53189],[33.76177,-14.53196],[33.76174,-14.53202],[33.76173,-14.53206],[33.76171,-14.53211],[33.7617,-14.53215],[33.76168,-14.53219],[33.76165,-14.53222],[33.76163,-14.53225],[33.76153,-14.53236],[33.76146,-14.53245],[33.7614,-14.53254],[33.76135,-14.53264],[33.7613,-14.53274],[33.76127,-14.5328],[33.76126,-14.53288],[33.76122,-14.53298],[33.76119,-14.53308],[33.76116,-14.53317],[33.76113,-14.53325],[33.76107,-14.53345],[33.76104,-14.53355],[33.76102,-14.5336],[33.76102,-14.53365],[33.76101,-14.5337],[33.76099,-14.53376],[33.76097,-14.53381],[33.76096,-14.53384],[33.76096,-14.53388],[33.76097,-14.53391],[33.76098,-14.53396],[33.76098,-14.53402],[33.76098,-14.53412],[33.76098,-14.53425],[33.76098,-14.53435],[33.76097,-14.53451],[33.76096,-14.53457],[33.76094,-14.53461],[33.76092,-14.53466],[33.7609,-14.53471],[33.76089,-14.53474],[33.76089,-14.53476],[33.76089,-14.53478],[33.7609,-14.5348],[33.7609,-14.53482],[33.7609,-14.53487],[33.7609,-14.53489],[33.76089,-14.53491],[33.76089,-14.53492],[33.76088,-14.53496],[33.76087,-14.53501],[33.76087,-14.53509],[33.76087,-14.53513],[33.76087,-14.53515],[33.76087,-14.53517],[33.76088,-14.53522],[33.7609,-14.53527],[33.7609,-14.5353],[33.7609,-14.53535],[33.76091,-14.53538],[33.7609,-14.53543],[33.76089,-14.53547],[33.76088,-14.5355],[33.76087,-14.53554],[33.76087,-14.53558],[33.76087,-14.53561],[33.76089,-14.53564],[33.76092,-14.53567],[33.76093,-14.53568],[33.76095,-14.53569],[33.76095,-14.5357],[33.76095,-14.53572],[33.76093,-14.53573],[33.76092,-14.53575],[33.7609,-14.53578],[33.76089,-14.53581],[33.76087,-14.5359],[33.76087,-14.53597],[33.76085,-14.53613],[33.76085,-14.53625],[33.76085,-14.53637],[33.76084,-14.53656],[33.76084,-14.53665],[33.76083,-14.53669],[33.76083,-14.53673],[33.76083,-14.5368],[33.76082,-14.53687],[33.7608,-14.53708]]},"properties":{"id":683981191,"cls":"unclassified","hw":"unclassified","tg":"na","name":"","ref":"","surface":"unpaved","sc":"unpaved","speed":null,"lit":"unk","km":1.582}},
{"type":"Feature","geometry":{"type":"LineString","coordinates":[[33.79861,-14.54622],[33.79873,-14.54627],[33.79882,-14.54632],[33.79894,-14.54636],[33.79902,-14.5464],[33.79911,-14.54644],[33.79918,-14.54646],[33.79926,-14.54649],[33.79931,-14.54652],[33.79938,-14.54655],[33.79945,-14.54656],[33.79951,-14.54657],[33.79959,-14.54659],[33.79965,-14.54661],[33.79968,-14.54665],[33.79972,-14.54672],[33.79975,-14.54683],[33.79979,-14.54699],[33.79981,-14.5471],[33.79983,-14.54718],[33.79984,-14.54723],[33.79988,-14.54729],[33.79996,-14.54739],[33.80005,-14.54749],[33.80017,-14.54765],[33.80025,-14.54775],[33.80032,-14.54787],[33.80038,-14.54799],[33.80044,-14.54812],[33.80048,-14.54823],[33.80051,-14.5483],[33.80057,-14.54837],[33.80066,-14.54842],[33.80077,-14.54848],[33.80091,-14.54853],[33.80108,-14.54859],[33.80121,-14.54865],[33.80136,-14.54876],[33.80148,-14.54888],[33.80161,-14.549],[33.80171,-14.5491],[33.80184,-14.54924],[33.80193,-14.54934],[33.80205,-14.54943],[33.80216,-14.5495],[33.80226,-14.54959],[33.80241,-14.54972],[33.80253,-14.54979],[33.80265,-14.54985],[33.80281,-14.54987],[33.80295,-14.54987],[33.80308,-14.54986],[33.80318,-14.54987],[33.80325,-14.5499],[33.80332,-14.54993],[33.80341,-14.54997],[33.80351,-14.54999],[33.80363,-14.55002],[33.80372,-14.55001],[33.8038,-14.54998],[33.80386,-14.54994],[33.80396,-14.5499],[33.80405,-14.5499],[33.80421,-14.54992],[33.8044,-14.54996],[33.80454,-14.55001],[33.80463,-14.55003],[33.80477,-14.55005],[33.80486,-14.55007],[33.80493,-14.55011],[33.80501,-14.55015],[33.80509,-14.55021]]},"properties":{"id":683989192,"cls":"residential","hw":"residential","tg":"na","name":"","ref":"","surface":"","sc":"unknown","speed":null,"lit":"unk","km":0.901}},
{"type":"Feature","geometry":{"type":"LineString","coordinates":[[33.7989,-14.55345],[33.79892,-14.55341],[33.79894,-14.55336],[33.79896,-14.55331],[33.799,-14.55326],[33.79904,-14.55319]]},"properties":{"id":684048447,"cls":"residential","hw":"residential","tg":"na","name":"","ref":"","surface":"","sc":"unknown","speed":null,"lit":"unk","km":0.033}},
{"type":"Feature","geometry":{"type":"LineString","coordinates":[[33.80025,-14.55429],[33.80016,-14.55423],[33.80011,-14.55419],[33.80005,-14.55416],[33.79999,-14.55412],[33.79991,-14.55408],[33.79979,-14.55401],[33.79963,-14.55394],[33.79947,-14.55387],[33.79931,-14.55381],[33.79921,-14.55377],[33.79913,-14.55374],[33.79906,-14.55371],[33.79902,-14.5537]]},"properties":{"id":684048448,"cls":"residential","hw":"residential","tg":"na","name":"","ref":"","surface":"","sc":"unknown","speed":null,"lit":"unk","km":0.148}},
{"type":"Feature","geometry":{"type":"LineString","coordinates":[[33.79878,-14.55321],[33.79884,-14.55333],[33.7989,-14.55345],[33.79895,-14.55355],[33.79902,-14.5537],[33.79905,-14.55375],[33.79907,-14.55381],[33.7991,-14.5539],[33.79912,-14.55397],[33.79914,-14.55409],[33.79915,-14.55417],[33.79914,-14.55424],[33.79912,-14.5543],[33.79909,-14.55437],[33.79905,-14.55441],[33.799,-14.55447],[33.79891,-14.55455],[33.79883,-14.55462],[33.79872,-14.5547],[33.79863,-14.55478],[33.79856,-14.55488],[33.7984,-14.55512],[33.79829,-14.55528],[33.79825,-14.55538],[33.79819,-14.55558],[33.79816,-14.55569],[33.79814,-14.55596],[33.79812,-14.55621]]},"properties":{"id":684048449,"cls":"residential","hw":"residential","tg":"na","name":"","ref":"","surface":"","sc":"unknown","speed":null,"lit":"unk","km":0.378}},
{"type":"Feature","geometry":{"type":"LineString","coordinates":[[33.88582,-14.51571],[33.88599,-14.51588],[33.88611,-14.51604],[33.88626,-14.51623],[33.88635,-14.51633],[33.88642,-14.51646],[33.88648,-14.51665],[33.88648,-14.51685]]},"properties":{"id":684050068,"cls":"unclassified","hw":"unclassified","tg":"na","name":"","ref":"","surface":"","sc":"unknown","speed":null,"lit":"unk","km":0.15}},
{"type":"Feature","geometry":{"type":"LineString","coordinates":[[33.79716,-14.55174],[33.79718,-14.55194],[33.79721,-14.55205],[33.79724,-14.55214],[33.79724,-14.55221],[33.79725,-14.55225],[33.79727,-14.55231],[33.79729,-14.55237],[33.79733,-14.55246],[33.79738,-14.55257],[33.79742,-14.55265],[33.79744,-14.55273],[33.79745,-14.5528],[33.79746,-14.55289],[33.79745,-14.55294],[33.79745,-14.55301],[33.79752,-14.55328],[33.79759,-14.55351],[33.79761,-14.55359],[33.79764,-14.55367],[33.79766,-14.55373],[33.79767,-14.55377],[33.79768,-14.55382],[33.79771,-14.55391],[33.79774,-14.55397],[33.79776,-14.55401],[33.7978,-14.55407],[33.79785,-14.55411],[33.79788,-14.55415],[33.79795,-14.55429],[33.798,-14.55439],[33.79805,-14.55448],[33.79809,-14.55455],[33.79813,-14.55462],[33.79816,-14.55469],[33.79817,-14.55476],[33.7982,-14.5549],[33.79821,-14.555],[33.79821,-14.55506],[33.79822,-14.55513],[33.79824,-14.5552],[33.79829,-14.55528]]},"properties":{"id":684055481,"cls":"residential","hw":"residential","tg":"na","name":"","ref":"","surface":"","sc":"unknown","speed":null,"lit":"unk","km":0.418}},
{"type":"Feature","geometry":{"type":"LineString","coordinates":[[33.79809,-14.5514],[33.79799,-14.55145],[33.79792,-14.55149],[33.79779,-14.55154],[33.7977,-14.55158],[33.79763,-14.55159],[33.79755,-14.55161],[33.79746,-14.55163],[33.79729,-14.55169],[33.79722,-14.55171],[33.79716,-14.55174],[33.7971,-14.55176],[33.79704,-14.55178]]},"properties":{"id":684055496,"cls":"residential","hw":"residential","tg":"na","name":"","ref":"","surface":"","sc":"unknown","speed":null,"lit":"unk","km":0.121}},
{"type":"Feature","geometry":{"type":"LineString","coordinates":[[33.86867,-14.51574],[33.86865,-14.51583],[33.86864,-14.5159],[33.86861,-14.51598],[33.86858,-14.51603],[33.86852,-14.51607],[33.86844,-14.51611],[33.86838,-14.51616],[33.86833,-14.51621],[33.86827,-14.51624],[33.86818,-14.51622],[33.86811,-14.51619],[33.868,-14.51612],[33.86795,-14.51606],[33.86794,-14.51602]]},"properties":{"id":684056462,"cls":"residential","hw":"residential","tg":"na","name":"","ref":"","surface":"","sc":"unknown","speed":null,"lit":"unk","km":0.121}},
{"type":"Feature","geometry":{"type":"LineString","coordinates":[[33.87403,-14.5058],[33.87318,-14.50657],[33.87302,-14.50663],[33.87067,-14.50557],[33.87002,-14.50529],[33.86952,-14.50534],[33.86622,-14.51254]]},"properties":{"id":684056463,"cls":"track","hw":"track","tg":"none","name":"","ref":"","surface":"","sc":"unknown","speed":null,"lit":"unk","km":1.429}},
{"type":"Feature","geometry":{"type":"LineString","coordinates":[[33.87429,-14.50226],[33.87435,-14.50244],[33.87443,-14.50277],[33.8745,-14.50314],[33.87454,-14.50346],[33.87457,-14.50381],[33.8746,-14.50439],[33.87462,-14.50464]]},"properties":{"id":684060578,"cls":"residential","hw":"residential","tg":"na","name":"","ref":"","surface":"","sc":"unknown","speed":null,"lit":"unk","km":0.268}},
{"type":"Feature","geometry":{"type":"LineString","coordinates":[[33.80223,-14.55215],[33.80233,-14.55218],[33.80247,-14.5522],[33.8026,-14.55221],[33.80267,-14.55221],[33.80275,-14.55219],[33.80282,-14.55217],[33.80287,-14.55213],[33.80292,-14.55209],[33.80295,-14.55206],[33.80299,-14.55204],[33.80309,-14.552],[33.80321,-14.55194],[33.80334,-14.55188],[33.8034,-14.55185],[33.80348,-14.55181],[33.80354,-14.55177],[33.80358,-14.55175],[33.80365,-14.5517],[33.80371,-14.55169],[33.80376,-14.55169],[33.80383,-14.55171],[33.80392,-14.55173],[33.804,-14.55176],[33.80406,-14.55179],[33.80409,-14.5518],[33.8041,-14.5518],[33.80413,-14.5518],[33.80418,-14.5518],[33.80422,-14.55181],[33.80427,-14.55182],[33.80434,-14.55186],[33.80436,-14.55187],[33.8044,-14.55187],[33.80444,-14.55188],[33.80453,-14.55187],[33.80459,-14.55186],[33.80469,-14.55184],[33.80473,-14.55181],[33.80484,-14.55175],[33.80493,-14.5517],[33.80499,-14.55165],[33.80505,-14.55161],[33.80508,-14.55159],[33.80511,-14.55158],[33.80514,-14.55158],[33.80518,-14.55158],[33.80521,-14.55158],[33.80523,-14.55158],[33.8053,-14.55156],[33.80534,-14.55154],[33.80538,-14.55152],[33.80541,-14.55151],[33.80544,-14.55151],[33.8055,-14.55152],[33.80569,-14.55154],[33.80575,-14.55155],[33.80576,-14.55155],[33.80579,-14.55157],[33.80583,-14.55158],[33.80589,-14.5516],[33.80597,-14.55162],[33.80611,-14.55166],[33.80614,-14.55167],[33.80617,-14.55168],[33.80619,-14.55168],[33.80623,-14.55169],[33.80627,-14.5517],[33.80632,-14.55171],[33.80635,-14.55172],[33.80643,-14.55172],[33.80651,-14.55171],[33.80654,-14.55171],[33.80656,-14.55171],[33.80658,-14.55171],[33.8066,-14.55172],[33.80662,-14.55173],[33.80666,-14.55174],[33.80672,-14.55176],[33.80678,-14.55176],[33.8068,-14.55176],[33.80684,-14.55176],[33.80687,-14.55175],[33.80691,-14.55175],[33.80697,-14.55175],[33.80705,-14.55176],[33.8071,-14.55177],[33.80716,-14.55179],[33.80725,-14.55184],[33.8073,-14.55187],[33.80736,-14.55189],[33.80756,-14.55192],[33.80775,-14.55195],[33.80779,-14.55196],[33.80782,-14.55197],[33.80784,-14.55199],[33.80791,-14.55204],[33.80795,-14.55209],[33.80799,-14.5521],[33.80814,-14.55211],[33.80835,-14.55213],[33.80855,-14.55214],[33.80875,-14.55213],[33.8088,-14.55213],[33.80885,-14.55213],[33.8089,-14.55213],[33.809,-14.55214],[33.8091,-14.55215],[33.80919,-14.55216],[33.80923,-14.55216],[33.8093,-14.55216],[33.80937,-14.55217],[33.8094,-14.55218],[33.80943,-14.55219],[33.80949,-14.5522],[33.80954,-14.55222],[33.8096,-14.55222],[33.80962,-14.55222],[33.80965,-14.55221],[33.80968,-14.55221],[33.80976,-14.55221],[33.8098,-14.55221],[33.80984,-14.55221],[33.80988,-14.55221],[33.80991,-14.5522],[33.80996,-14.55221],[33.81003,-14.55222],[33.81009,-14.55224],[33.81013,-14.55224],[33.81017,-14.55223],[33.81022,-14.55222],[33.81028,-14.5522],[33.81034,-14.55219],[33.81043,-14.55218],[33.81052,-14.55215],[33.81061,-14.55213],[33.81067,-14.55213],[33.81075,-14.55215],[33.81083,-14.55217],[33.81095,-14.55222],[33.81108,-14.55227],[33.81118,-14.5523],[33.81128,-14.55233],[33.8114,-14.55236],[33.81153,-14.55239],[33.81164,-14.55242],[33.81174,-14.55246],[33.81178,-14.55247],[33.8118,-14.55248],[33.81181,-14.55248],[33.81182,-14.55248],[33.81187,-14.55248],[33.81192,-14.55249],[33.81197,-14.55249],[33.81202,-14.55251],[33.81205,-14.55252],[33.81214,-14.55258],[33.81217,-14.5526],[33.81219,-14.55261],[33.81219,-14.55262],[33.81219,-14.55262],[33.81219,-14.55263],[33.81219,-14.55264],[33.81219,-14.55265],[33.81219,-14.55267],[33.81219,-14.55268],[33.81219,-14.55268],[33.8122,-14.55268],[33.8122,-14.55269],[33.81221,-14.5527],[33.81224,-14.55272],[33.81232,-14.55276],[33.81247,-14.55285],[33.8125,-14.55287],[33.81253,-14.55289],[33.81255,-14.55291],[33.81256,-14.55293],[33.81256,-14.55294],[33.81257,-14.55295],[33.81257,-14.55296],[33.81259,-14.55297],[33.81262,-14.55299],[33.81267,-14.55301],[33.81273,-14.55305],[33.81284,-14.5531],[33.81292,-14.55313],[33.81297,-14.55315],[33.81299,-14.55317],[33.81301,-14.55319],[33.81303,-14.55323],[33.81304,-14.55325],[33.81307,-14.55327],[33.81311,-14.5533],[33.81317,-14.55334],[33.81323,-14.55336]]},"properties":{"id":685163274,"cls":"residential","hw":"residential","tg":"na","name":"","ref":"","surface":"","sc":"unknown","speed":null,"lit":"unk","km":1.279}},
{"type":"Feature","geometry":{"type":"LineString","coordinates":[[33.73917,-14.501],[33.7392,-14.50106],[33.7394,-14.50159],[33.73949,-14.50184],[33.73962,-14.50213],[33.73963,-14.50217],[33.7398,-14.5026],[33.73992,-14.50286],[33.73997,-14.50298],[33.74003,-14.50308],[33.74028,-14.50344],[33.74059,-14.50387],[33.741,-14.50442],[33.74123,-14.50471],[33.74127,-14.50476],[33.74189,-14.50555],[33.742,-14.5057],[33.74211,-14.50586],[33.74225,-14.50602],[33.74242,-14.50623],[33.74288,-14.50683],[33.74314,-14.50713],[33.74352,-14.50754],[33.74374,-14.50778],[33.74387,-14.50791],[33.74398,-14.50803],[33.74407,-14.50812],[33.7442,-14.5083],[33.74426,-14.50842],[33.74435,-14.5086],[33.74457,-14.50906],[33.74473,-14.50931],[33.74492,-14.50961],[33.74503,-14.50975],[33.7451,-14.50984],[33.74519,-14.50994],[33.74526,-14.51002],[33.74535,-14.51013],[33.74553,-14.51033],[33.74566,-14.5105],[33.7458,-14.51066],[33.7459,-14.51076],[33.74604,-14.51089],[33.74613,-14.51095],[33.74634,-14.51111],[33.74656,-14.51126],[33.74667,-14.51133],[33.74677,-14.51138],[33.74686,-14.51143],[33.74704,-14.51152],[33.74717,-14.51158],[33.74731,-14.51165],[33.74739,-14.51168],[33.74746,-14.51171],[33.74752,-14.51174],[33.7476,-14.51177],[33.74774,-14.51181],[33.74782,-14.51183],[33.74788,-14.51185],[33.74797,-14.51188],[33.74803,-14.5119],[33.74817,-14.51194],[33.74841,-14.51202],[33.74872,-14.51213],[33.74893,-14.51221],[33.74914,-14.51227],[33.7493,-14.51233],[33.74944,-14.51237],[33.74961,-14.51243],[33.74969,-14.51247],[33.74981,-14.51252],[33.74988,-14.51256],[33.74998,-14.51261],[33.75036,-14.51284],[33.75073,-14.51305],[33.75091,-14.51315],[33.751,-14.51321],[33.75108,-14.51327],[33.75113,-14.51332],[33.75118,-14.51337],[33.75121,-14.51341],[33.75123,-14.51344],[33.75127,-14.51353],[33.75131,-14.51365],[33.75135,-14.51378],[33.75142,-14.51417],[33.7515,-14.51454],[33.75153,-14.51469],[33.75155,-14.51479],[33.75158,-14.51488],[33.75159,-14.51492],[33.75161,-14.51497],[33.75164,-14.51505],[33.75167,-14.51512],[33.7517,-14.5152],[33.75174,-14.51528],[33.75176,-14.51532],[33.75179,-14.51537],[33.75256,-14.51657],[33.75277,-14.5169],[33.75311,-14.51739],[33.75318,-14.51748],[33.75321,-14.51753],[33.75323,-14.51755],[33.7533,-14.51764],[33.75337,-14.51771],[33.75354,-14.5179],[33.75371,-14.51809],[33.75408,-14.51847],[33.75463,-14.51902],[33.75526,-14.51962],[33.75533,-14.51969],[33.75536,-14.51972],[33.75549,-14.51983],[33.7556,-14.51994],[33.75565,-14.51998],[33.75568,-14.52001],[33.75572,-14.52004],[33.75579,-14.52009],[33.75586,-14.52013],[33.75594,-14.52017],[33.75599,-14.52019],[33.75604,-14.52022],[33.75613,-14.52024],[33.75618,-14.52025],[33.75623,-14.52026],[33.75637,-14.52027],[33.75653,-14.52028],[33.7569,-14.52028],[33.75762,-14.52027],[33.75811,-14.52026],[33.75816,-14.52026],[33.7582,-14.52026],[33.75824,-14.52026],[33.75829,-14.52027],[33.75833,-14.52029],[33.75854,-14.52033],[33.75882,-14.52039],[33.7589,-14.52041],[33.75908,-14.52045],[33.7593,-14.52049],[33.75943,-14.52051],[33.75953,-14.52052],[33.75958,-14.52052],[33.75961,-14.52051],[33.75968,-14.52051],[33.75975,-14.5205],[33.75979,-14.52049],[33.75984,-14.52047],[33.75989,-14.52045],[33.75993,-14.52043],[33.75997,-14.52041],[33.76,-14.52038],[33.76004,-14.52036],[33.76012,-14.52027],[33.76059,-14.51977],[33.76065,-14.51972],[33.7607,-14.51968],[33.76092,-14.51954],[33.76108,-14.51944],[33.76118,-14.51939],[33.76126,-14.51936],[33.76135,-14.51933],[33.76144,-14.51929],[33.76152,-14.51927],[33.76161,-14.51926],[33.76175,-14.51925],[33.76187,-14.51925],[33.76196,-14.51926],[33.76205,-14.51928],[33.76212,-14.5193],[33.76215,-14.51931],[33.7622,-14.51933],[33.76229,-14.51938],[33.76235,-14.5194],[33.76241,-14.51944],[33.76251,-14.51951],[33.7626,-14.51959],[33.76286,-14.51983],[33.76302,-14.51997],[33.76317,-14.52014],[33.76337,-14.52038],[33.76344,-14.52048],[33.76351,-14.5206],[33.76359,-14.52074],[33.76366,-14.52088],[33.76384,-14.52132],[33.7639,-14.52146],[33.76397,-14.52159],[33.76406,-14.52174],[33.76419,-14.52196],[33.76435,-14.5222],[33.76448,-14.5224],[33.76462,-14.52263],[33.76487,-14.52309],[33.76504,-14.52345],[33.76509,-14.52353],[33.76513,-14.52362],[33.7652,-14.52374],[33.76524,-14.52381],[33.76529,-14.52388],[33.76537,-14.52401],[33.7654,-14.52405],[33.76543,-14.52409],[33.76549,-14.52416],[33.76552,-14.52421],[33.76556,-14.52426],[33.76565,-14.5244],[33.76574,-14.52453],[33.76579,-14.52462],[33.76583,-14.52467],[33.76589,-14.52475],[33.76599,-14.52488],[33.76608,-14.52498],[33.76618,-14.52509],[33.76625,-14.52517],[33.76632,-14.52525],[33.76647,-14.5254],[33.76663,-14.52556],[33.76681,-14.52573],[33.76689,-14.52581],[33.76699,-14.52591],[33.7671,-14.52601],[33.76716,-14.52606],[33.76726,-14.52616],[33.76743,-14.52635],[33.76752,-14.52644],[33.76761,-14.52655],[33.76778,-14.52677],[33.76798,-14.52701],[33.76808,-14.52713],[33.76818,-14.52725],[33.76827,-14.52734],[33.76836,-14.52744],[33.76845,-14.52755],[33.76857,-14.52766],[33.76866,-14.52775],[33.76876,-14.52786],[33.76888,-14.52797],[33.76912,-14.52822],[33.76924,-14.52834],[33.76925,-14.52836],[33.76936,-14.52848],[33.76944,-14.52858],[33.76949,-14.52864],[33.76954,-14.52871],[33.7696,-14.52882],[33.76968,-14.52897],[33.76976,-14.52918],[33.76981,-14.52938],[33.76987,-14.52957],[33.76996,-14.52981],[33.77006,-14.53001],[33.77012,-14.53011],[33.77019,-14.53022],[33.77031,-14.53039],[33.77035,-14.53045],[33.77039,-14.53051],[33.77054,-14.5307],[33.77069,-14.53089],[33.77081,-14.53102],[33.77089,-14.53112],[33.77093,-14.53117],[33.77097,-14.53122],[33.77098,-14.53123],[33.77103,-14.53126],[33.77109,-14.5313],[33.77122,-14.53138],[33.7715,-14.53154],[33.77185,-14.53174],[33.77226,-14.53197],[33.77257,-14.53215],[33.77285,-14.5323],[33.77307,-14.53242],[33.77327,-14.53254],[33.77341,-14.53262],[33.77362,-14.53272],[33.77378,-14.53279],[33.77391,-14.53284],[33.77401,-14.53286],[33.77416,-14.53288],[33.77427,-14.53288],[33.77434,-14.53288],[33.77441,-14.53286],[33.77454,-14.53282],[33.77469,-14.53277],[33.77486,-14.53269],[33.77498,-14.53263],[33.7751,-14.53256],[33.77527,-14.53247],[33.77541,-14.53238],[33.77553,-14.53229],[33.77573,-14.53211],[33.77632,-14.53157],[33.77646,-14.53146],[33.77669,-14.53131],[33.77693,-14.53117],[33.7771,-14.53109],[33.77722,-14.53105],[33.77739,-14.53101],[33.77747,-14.53099],[33.77774,-14.53093],[33.77799,-14.53088],[33.77826,-14.53085],[33.77849,-14.53083],[33.77862,-14.53083],[33.7788,-14.53082],[33.77888,-14.53083],[33.77898,-14.53085],[33.77909,-14.53087],[33.77917,-14.53089],[33.77925,-14.53093],[33.77928,-14.53094],[33.77935,-14.53097],[33.77945,-14.53102],[33.77953,-14.53107],[33.77962,-14.53112],[33.77992,-14.53134],[33.77998,-14.53138],[33.78028,-14.53158],[33.78043,-14.53168],[33.7806,-14.53178],[33.78262,-14.53285],[33.78324,-14.53317],[33.78382,-14.53348],[33.78412,-14.53366],[33.78449,-14.53389],[33.78488,-14.53412],[33.78532,-14.53437],[33.78571,-14.53463],[33.78598,-14.53481],[33.78625,-14.53502],[33.78646,-14.53517],[33.78669,-14.53531],[33.78695,-14.53546],[33.78725,-14.53562],[33.78785,-14.53593],[33.78848,-14.53622],[33.78955,-14.53674],[33.79002,-14.53695],[33.79027,-14.53706],[33.7905,-14.53716],[33.79097,-14.53738],[33.79123,-14.5375],[33.79148,-14.53764],[33.79237,-14.53817],[33.7927,-14.53835],[33.79305,-14.53854],[33.79377,-14.53889],[33.79399,-14.53899],[33.79421,-14.5391],[33.79438,-14.53919],[33.79454,-14.53929],[33.79464,-14.53935],[33.79472,-14.53942],[33.79491,-14.53962],[33.79506,-14.53977],[33.79516,-14.5399],[33.7953,-14.54015],[33.79543,-14.54042],[33.79576,-14.54111],[33.79586,-14.54126],[33.79597,-14.54142],[33.79623,-14.54175],[33.79675,-14.54245],[33.79702,-14.54281],[33.79719,-14.54307],[33.79728,-14.54321],[33.79737,-14.54337],[33.79745,-14.54356],[33.79769,-14.54412],[33.79781,-14.54439],[33.79786,-14.54452],[33.79792,-14.54465],[33.79799,-14.54487],[33.79807,-14.54507],[33.79813,-14.54522],[33.79821,-14.54537],[33.79853,-14.546],[33.7986,-14.54618],[33.79861,-14.54622],[33.79867,-14.54639],[33.79871,-14.54663],[33.79875,-14.54683],[33.7988,-14.54714],[33.79886,-14.54751],[33.79888,-14.54765],[33.7989,-14.54781],[33.79893,-14.54801],[33.79895,-14.54825],[33.79896,-14.54845],[33.79896,-14.54866],[33.79895,-14.54876],[33.79893,-14.54888],[33.79887,-14.54912],[33.79881,-14.54938],[33.79866,-14.54982],[33.79858,-14.55008],[33.79851,-14.55034],[33.79847,-14.5505],[33.79845,-14.55064],[33.79844,-14.55074],[33.79845,-14.5509],[33.79848,-14.55144],[33.79851,-14.55198],[33.79854,-14.55272],[33.79856,-14.55285],[33.79859,-14.55295],[33.79863,-14.55306],[33.79867,-14.55312],[33.79872,-14.55318],[33.79878,-14.55321],[33.79885,-14.55323],[33.79904,-14.55319],[33.79942,-14.55307],[33.79963,-14.55299],[33.79993,-14.55287],[33.80012,-14.55279],[33.80024,-14.55274],[33.80037,-14.5527],[33.80054,-14.55264],[33.80068,-14.55261],[33.80089,-14.55258],[33.80109,-14.55255],[33.8013,-14.55253],[33.8015,-14.55249],[33.80164,-14.55246],[33.80177,-14.55241],[33.80193,-14.55235],[33.80208,-14.55225],[33.80223,-14.55215],[33.80247,-14.55197],[33.80263,-14.55185],[33.80295,-14.5516],[33.80316,-14.55145],[33.80346,-14.55122],[33.80398,-14.55082],[33.8042,-14.55066],[33.80435,-14.55056],[33.80445,-14.5505],[33.80461,-14.55041],[33.80479,-14.55031],[33.80495,-14.55025],[33.80509,-14.55021],[33.80526,-14.55018],[33.8054,-14.55017],[33.80565,-14.55015],[33.80601,-14.55011],[33.80637,-14.55008],[33.80664,-14.55006],[33.80681,-14.55004],[33.80706,-14.55004],[33.80737,-14.55006],[33.8076,-14.55009],[33.80784,-14.55011],[33.80808,-14.55013],[33.80833,-14.55015],[33.80853,-14.55016],[33.80873,-14.55017],[33.809,-14.55018],[33.80927,-14.55016],[33.80953,-14.55015],[33.80984,-14.55012],[33.81012,-14.55008],[33.81038,-14.55006],[33.81057,-14.55003],[33.81064,-14.55002],[33.81085,-14.54999],[33.81116,-14.54996],[33.81138,-14.54992],[33.81173,-14.54986],[33.81197,-14.54984],[33.81223,-14.54981],[33.81234,-14.5498],[33.81249,-14.5498],[33.81279,-14.5498],[33.81301,-14.5498],[33.81328,-14.54981],[33.81349,-14.54981],[33.81377,-14.54985],[33.81393,-14.54985],[33.81406,-14.54985],[33.81423,-14.54982],[33.81433,-14.54978],[33.81447,-14.54974],[33.81464,-14.54968],[33.81481,-14.5496],[33.81498,-14.54952],[33.81514,-14.54945],[33.81541,-14.54932],[33.81559,-14.54924],[33.81573,-14.54918],[33.81587,-14.54912],[33.816,-14.54907],[33.81611,-14.54902],[33.81626,-14.54896],[33.8164,-14.5489],[33.81664,-14.5488],[33.81673,-14.54876],[33.81686,-14.54871],[33.81704,-14.54863],[33.81726,-14.54853],[33.81748,-14.54845],[33.81768,-14.54836],[33.81787,-14.54828],[33.8182,-14.54814],[33.81836,-14.54808],[33.81847,-14.54803],[33.81869,-14.54794],[33.81889,-14.54785],[33.81912,-14.54776],[33.81936,-14.54766],[33.81955,-14.54759],[33.81969,-14.54754],[33.8198,-14.5475],[33.81998,-14.54743],[33.82017,-14.54736],[33.82043,-14.54726],[33.82056,-14.54721],[33.82068,-14.54716],[33.82085,-14.5471],[33.82103,-14.54703],[33.82124,-14.54696],[33.8215,-14.54687],[33.82164,-14.54681],[33.82177,-14.54676],[33.82193,-14.5467],[33.82207,-14.54664],[33.82226,-14.54657],[33.8224,-14.54651],[33.82259,-14.54643],[33.8227,-14.54639],[33.82281,-14.54636],[33.8229,-14.54633],[33.82301,-14.54631],[33.82333,-14.54625],[33.8236,-14.54621],[33.8237,-14.5462],[33.82374,-14.54619],[33.82384,-14.54617],[33.82394,-14.54614],[33.82408,-14.5461],[33.82422,-14.54604],[33.82438,-14.54597],[33.82443,-14.54594],[33.82445,-14.54592],[33.82447,-14.5459],[33.82452,-14.54585],[33.8246,-14.54577],[33.8247,-14.54565],[33.82481,-14.54553],[33.82495,-14.54536],[33.82509,-14.54518],[33.82518,-14.54507],[33.82525,-14.54497],[33.82535,-14.54485],[33.82542,-14.54477],[33.82545,-14.54473],[33.82552,-14.54464],[33.82571,-14.54443],[33.82587,-14.54423],[33.82594,-14.54415],[33.82602,-14.54403],[33.82608,-14.54393],[33.82619,-14.54374],[33.82626,-14.54359],[33.82631,-14.54346],[33.82637,-14.5433],[33.82641,-14.54317],[33.8265,-14.54293],[33.82656,-14.54278],[33.82666,-14.54251],[33.82671,-14.5424],[33.82674,-14.54231],[33.82681,-14.54215],[33.82689,-14.54195],[33.827,-14.54167],[33.82715,-14.54133],[33.82724,-14.54117],[33.82729,-14.54108],[33.82735,-14.541],[33.8274,-14.54094],[33.82753,-14.54081],[33.82768,-14.54068],[33.82782,-14.54056],[33.82809,-14.54041],[33.82826,-14.54031],[33.8284,-14.5402],[33.82862,-14.54005],[33.82881,-14.53991],[33.82901,-14.53978],[33.82904,-14.53977],[33.82937,-14.53957],[33.82962,-14.53941],[33.82983,-14.53929],[33.83003,-14.53917],[33.83023,-14.53905],[33.83042,-14.53892],[33.83063,-14.53878],[33.83088,-14.5386],[33.83098,-14.53851],[33.83104,-14.53845],[33.83114,-14.53835],[33.83127,-14.5382],[33.83153,-14.53786],[33.8316,-14.53776],[33.83165,-14.53767],[33.8318,-14.53746],[33.8319,-14.53725],[33.83199,-14.53705],[33.83204,-14.53685],[33.8321,-14.53666],[33.83214,-14.53652],[33.83217,-14.53637],[33.83221,-14.53627],[33.83226,-14.53619],[33.83231,-14.53607],[33.83237,-14.53596],[33.83241,-14.53589],[33.83257,-14.53569],[33.83274,-14.53547],[33.8329,-14.5353],[33.83293,-14.53525],[33.83299,-14.53518],[33.8332,-14.53491],[33.83337,-14.53471],[33.8335,-14.53456],[33.83358,-14.53445],[33.83366,-14.53433],[33.83377,-14.53412],[33.83384,-14.5339],[33.8339,-14.5337],[33.83398,-14.53353],[33.83407,-14.53339],[33.83415,-14.53326],[33.83418,-14.53323],[33.83433,-14.53303],[33.83444,-14.53291],[33.83456,-14.53278],[33.83465,-14.53269],[33.83475,-14.53261],[33.8349,-14.53253],[33.83505,-14.53244],[33.83521,-14.53233],[33.8354,-14.53217],[33.83574,-14.53185],[33.83594,-14.53167],[33.83607,-14.53155],[33.83636,-14.53127],[33.83659,-14.53104],[33.83681,-14.53081],[33.83707,-14.53055],[33.83712,-14.5305],[33.83728,-14.53029],[33.83741,-14.53009],[33.83756,-14.52977],[33.83767,-14.52947],[33.8378,-14.52898],[33.83793,-14.52852],[33.83804,-14.5282],[33.83808,-14.52809],[33.83811,-14.52801],[33.83815,-14.52788],[33.83816,-14.52785],[33.83819,-14.52778],[33.83825,-14.52762],[33.83831,-14.52748],[33.83836,-14.52734],[33.83843,-14.5272],[33.83849,-14.52708],[33.83852,-14.52702],[33.83858,-14.52694],[33.83861,-14.52689],[33.83876,-14.5267],[33.83879,-14.52667],[33.83889,-14.52657],[33.83901,-14.52646],[33.83921,-14.5263],[33.83947,-14.52611],[33.83969,-14.52592],[33.83987,-14.52576],[33.84008,-14.52561],[33.84032,-14.52544],[33.84049,-14.52532],[33.84062,-14.52519],[33.84071,-14.5251],[33.84086,-14.52495],[33.84103,-14.5248],[33.84115,-14.52469],[33.84128,-14.52459],[33.84133,-14.52455],[33.84153,-14.52441],[33.84173,-14.52428],[33.84196,-14.52414],[33.84223,-14.52402],[33.84255,-14.52388],[33.84283,-14.52378],[33.84301,-14.52371],[33.84342,-14.5236],[33.84384,-14.52348],[33.84413,-14.52339],[33.84442,-14.52326],[33.84477,-14.52311],[33.84502,-14.52298],[33.84519,-14.52288],[33.84536,-14.52275],[33.84558,-14.52257],[33.84586,-14.52227],[33.8461,-14.52198],[33.84629,-14.52176],[33.84641,-14.52161],[33.84648,-14.52152],[33.84665,-14.52131],[33.8468,-14.52114],[33.84699,-14.5209],[33.84716,-14.5207],[33.84732,-14.52056],[33.84746,-14.52044],[33.84758,-14.52035],[33.84774,-14.52026],[33.848,-14.52009],[33.84831,-14.51985],[33.84855,-14.51968],[33.84888,-14.51944],[33.84927,-14.51918],[33.8494,-14.51907],[33.84949,-14.519],[33.8497,-14.51882],[33.85002,-14.51857],[33.85037,-14.51824],[33.85075,-14.51792],[33.85132,-14.5174],[33.85192,-14.51687],[33.8521,-14.51674],[33.85217,-14.51668],[33.85272,-14.51626],[33.85323,-14.51593],[33.85376,-14.5156],[33.85421,-14.51533],[33.85457,-14.51511],[33.85509,-14.51479],[33.85533,-14.51458],[33.85554,-14.51436],[33.85597,-14.51391],[33.8563,-14.51358],[33.85651,-14.51333],[33.85689,-14.51286],[33.85706,-14.51263],[33.85721,-14.51247],[33.85747,-14.51222],[33.8578,-14.51193],[33.85799,-14.51177],[33.85812,-14.51168],[33.85815,-14.51167],[33.85829,-14.51162],[33.85851,-14.51159],[33.85883,-14.51157],[33.85904,-14.51159],[33.85921,-14.51162],[33.85945,-14.51169],[33.85967,-14.51178],[33.86003,-14.51194],[33.86048,-14.51214],[33.86111,-14.51242],[33.86135,-14.51251],[33.86153,-14.51257],[33.8617,-14.51261],[33.86191,-14.51265],[33.86241,-14.51269],[33.86294,-14.51271],[33.86354,-14.51264],[33.86443,-14.51251],[33.86521,-14.51242],[33.86551,-14.5124],[33.86585,-14.51242],[33.86604,-14.51246],[33.86622,-14.51254],[33.86656,-14.51277],[33.86676,-14.51302],[33.8674,-14.51394],[33.8677,-14.51451],[33.86787,-14.51477],[33.8682,-14.5152],[33.86824,-14.51525],[33.86867,-14.51574],[33.86908,-14.5162],[33.86932,-14.51646],[33.87005,-14.51702],[33.87052,-14.51739],[33.87138,-14.51804],[33.87186,-14.5184],[33.87237,-14.51882],[33.87283,-14.51919],[33.87318,-14.51947],[33.87354,-14.51972],[33.87378,-14.51988],[33.87395,-14.51997],[33.8741,-14.52004],[33.87428,-14.52012],[33.87443,-14.52017],[33.87473,-14.52029],[33.8751,-14.52042],[33.8754,-14.52052],[33.87566,-14.52059],[33.87601,-14.52067],[33.87643,-14.52076],[33.87666,-14.52078],[33.87694,-14.5208],[33.87707,-14.52079],[33.87722,-14.52077],[33.87739,-14.52073],[33.8776,-14.52061],[33.87779,-14.5205],[33.87793,-14.5204],[33.8781,-14.52028],[33.87834,-14.5201],[33.87851,-14.51995],[33.8787,-14.51974],[33.87891,-14.51949],[33.87905,-14.51935],[33.87921,-14.51918],[33.8794,-14.51899],[33.87955,-14.51883],[33.87971,-14.51868],[33.87989,-14.51852],[33.88005,-14.51838],[33.88021,-14.51824],[33.88039,-14.51813],[33.88052,-14.51805],[33.88065,-14.51799],[33.88109,-14.51783],[33.8818,-14.5176],[33.88253,-14.51735],[33.88292,-14.51724],[33.88352,-14.51707],[33.88487,-14.5167],[33.88527,-14.51657],[33.8855,-14.51649],[33.88567,-14.51639],[33.88577,-14.51628],[33.88581,-14.51622],[33.88585,-14.51599],[33.88583,-14.51583],[33.88582,-14.51571],[33.88577,-14.51559],[33.88546,-14.51472],[33.88525,-14.51418],[33.88502,-14.51354],[33.88481,-14.513],[33.88446,-14.51193],[33.88426,-14.51143],[33.88369,-14.51003],[33.88342,-14.50939],[33.88334,-14.50919],[33.88324,-14.5089],[33.88313,-14.50859],[33.88301,-14.50818],[33.88295,-14.50799],[33.88289,-14.50779],[33.88286,-14.50764],[33.88283,-14.50738],[33.88282,-14.50714],[33.8828,-14.50691],[33.88278,-14.50659],[33.88274,-14.50614],[33.8827,-14.50573],[33.88267,-14.50539],[33.88263,-14.50505],[33.8826,-14.50476],[33.88257,-14.50461],[33.88252,-14.50422],[33.88249,-14.50389],[33.88247,-14.50351],[33.88246,-14.50315],[33.88246,-14.50284]]},"properties":{"id":686588367,"cls":"unclassified","hw":"unclassified","tg":"na","name":"","ref":"","surface":"unpaved","sc":"unpaved","speed":null,"lit":"unk","km":23.306}},
{"type":"Feature","geometry":{"type":"LineString","coordinates":[[33.69028,-14.51683],[33.69026,-14.51672],[33.69019,-14.51653],[33.69015,-14.5164],[33.69011,-14.51623],[33.69005,-14.51606],[33.69002,-14.51598],[33.68998,-14.51588],[33.68996,-14.5158],[33.68993,-14.51573],[33.68992,-14.51567],[33.68992,-14.51559],[33.68994,-14.5155],[33.68997,-14.51538],[33.69001,-14.51525],[33.69009,-14.5151],[33.69016,-14.51492],[33.69023,-14.51478],[33.6903,-14.51464],[33.69034,-14.51455]]},"properties":{"id":952245261,"cls":"unclassified","hw":"unclassified","tg":"na","name":"","ref":"","surface":"","sc":"unknown","speed":null,"lit":"unk","km":0.269}},
{"type":"Feature","geometry":{"type":"LineString","coordinates":[[33.69038,-14.51707],[33.69028,-14.51683]]},"properties":{"id":955308414,"cls":"unclassified","hw":"unclassified","tg":"na","name":"","ref":"","surface":"","sc":"unknown","speed":null,"lit":"unk","km":0.029}},
{"type":"Feature","geometry":{"type":"LineString","coordinates":[[33.66879,-14.5981],[33.66873,-14.59791],[33.66872,-14.59765],[33.66881,-14.59751],[33.66885,-14.59738],[33.66885,-14.59725],[33.66886,-14.59712],[33.6689,-14.59702],[33.66892,-14.59685],[33.66891,-14.59666],[33.66889,-14.59644],[33.66888,-14.59628],[33.66887,-14.59618],[33.66887,-14.59607],[33.6689,-14.59592],[33.66891,-14.59582],[33.66892,-14.59568],[33.66893,-14.59549],[33.6689,-14.59543],[33.66887,-14.59535],[33.66885,-14.59527],[33.66888,-14.59514],[33.66891,-14.59504],[33.66897,-14.59494],[33.66908,-14.59485],[33.66914,-14.59479],[33.6692,-14.59472],[33.66926,-14.59461],[33.66932,-14.59452],[33.66938,-14.59446],[33.66947,-14.5944],[33.66953,-14.59434],[33.66959,-14.59425],[33.66965,-14.5941],[33.66969,-14.594],[33.66974,-14.59388],[33.66979,-14.59381],[33.66987,-14.59375],[33.67001,-14.59371],[33.67018,-14.59369],[33.67035,-14.59369],[33.67044,-14.59368],[33.6705,-14.59365],[33.67058,-14.59356],[33.67063,-14.59347],[33.67072,-14.59341],[33.67081,-14.59339],[33.67092,-14.59333],[33.67103,-14.59327],[33.67115,-14.59319],[33.67123,-14.5931],[33.67131,-14.593],[33.67139,-14.59289],[33.67145,-14.59279],[33.67152,-14.59269],[33.67162,-14.59258],[33.6717,-14.59248],[33.67177,-14.59241],[33.67182,-14.59233],[33.67183,-14.59224],[33.67184,-14.59215],[33.67187,-14.59205],[33.67188,-14.59194],[33.67187,-14.5919],[33.67195,-14.59172],[33.67205,-14.59162],[33.67207,-14.59161],[33.67211,-14.59154],[33.67216,-14.59145],[33.6722,-14.59134],[33.67221,-14.59122],[33.67225,-14.59109],[33.67233,-14.59097],[33.67236,-14.59087],[33.67245,-14.59064],[33.6725,-14.59049],[33.67257,-14.5903],[33.67261,-14.59014],[33.67263,-14.59002],[33.67268,-14.58991],[33.67276,-14.58981],[33.67289,-14.58967],[33.67302,-14.5895],[33.67307,-14.58936],[33.67312,-14.58924],[33.67317,-14.58911],[33.67318,-14.58901],[33.67317,-14.58886],[33.67317,-14.58872],[33.67317,-14.58857],[33.67317,-14.5884],[33.67319,-14.58829],[33.67317,-14.58814],[33.67317,-14.58799],[33.67317,-14.58786],[33.67317,-14.58778],[33.67318,-14.58773],[33.67322,-14.58762],[33.67325,-14.58754],[33.67328,-14.58749],[33.67333,-14.58745],[33.67338,-14.58741],[33.67341,-14.58737],[33.67342,-14.58731],[33.67343,-14.58722],[33.67341,-14.58712],[33.67341,-14.58699],[33.67345,-14.5869],[33.67348,-14.5868],[33.6735,-14.5867],[33.67354,-14.5866],[33.67359,-14.58653],[33.67363,-14.58644],[33.67368,-14.58638],[33.6737,-14.58633],[33.67372,-14.58626],[33.67369,-14.5862],[33.67364,-14.5861],[33.67361,-14.58602],[33.67361,-14.58595],[33.67361,-14.58582],[33.67361,-14.58565],[33.67359,-14.58546]]},"properties":{"id":1181999358,"cls":"unclassified","hw":"unclassified","tg":"na","name":"","ref":"","surface":"","sc":"unknown","speed":null,"lit":"unk","km":1.627}},
{"type":"Feature","geometry":{"type":"LineString","coordinates":[[33.66384,-14.59721],[33.66388,-14.5973],[33.66393,-14.59735],[33.66401,-14.59741],[33.66406,-14.59748],[33.6641,-14.59758],[33.66415,-14.59772],[33.66419,-14.5978],[33.66432,-14.5979],[33.66442,-14.59796],[33.66456,-14.59806],[33.66465,-14.59816],[33.66472,-14.59828],[33.66478,-14.5984],[33.66484,-14.59851],[33.66493,-14.59856],[33.66506,-14.59856],[33.66517,-14.59855],[33.66529,-14.59857],[33.66539,-14.59862],[33.66551,-14.59866],[33.66564,-14.5987],[33.66576,-14.59875],[33.66586,-14.59882],[33.66592,-14.59889],[33.66604,-14.59901],[33.66612,-14.59911],[33.66622,-14.59918],[33.66634,-14.59923],[33.66644,-14.59928],[33.66652,-14.59935],[33.66662,-14.59945],[33.66672,-14.59952],[33.66677,-14.5996],[33.66679,-14.59966],[33.66682,-14.59977],[33.66688,-14.5999],[33.6669,-14.59999],[33.66691,-14.60007],[33.66691,-14.60018],[33.66694,-14.60027],[33.66699,-14.60038],[33.66702,-14.6005],[33.66705,-14.60067],[33.66709,-14.60077],[33.66714,-14.60088],[33.66715,-14.60095],[33.66719,-14.60114],[33.66722,-14.60125],[33.66722,-14.60137],[33.6672,-14.60159],[33.66719,-14.60174],[33.66718,-14.60184],[33.66718,-14.60203],[33.6672,-14.60225],[33.66724,-14.60242],[33.66726,-14.60254],[33.66729,-14.60266],[33.6673,-14.60278],[33.66729,-14.60293],[33.66733,-14.60317],[33.66712,-14.6032],[33.66694,-14.60322],[33.66681,-14.60322],[33.66667,-14.60321],[33.66648,-14.60319],[33.66632,-14.60321],[33.66613,-14.60323],[33.66601,-14.60323],[33.6659,-14.60322],[33.66579,-14.6032],[33.66567,-14.60321],[33.66557,-14.60327],[33.66544,-14.60333],[33.66534,-14.60335],[33.66525,-14.6034],[33.66512,-14.60349],[33.66503,-14.60354],[33.66494,-14.60357],[33.66483,-14.60359],[33.66468,-14.60364],[33.66458,-14.60366],[33.6645,-14.60363],[33.66438,-14.60361],[33.6642,-14.60358],[33.66401,-14.60356],[33.66387,-14.60355],[33.66376,-14.60352],[33.66366,-14.60347],[33.66354,-14.6034],[33.66343,-14.60332],[33.66331,-14.60324],[33.66316,-14.60313],[33.66302,-14.60306],[33.66286,-14.60299],[33.6627,-14.60297],[33.66262,-14.60293],[33.66253,-14.60292],[33.66236,-14.60291],[33.6622,-14.60291],[33.66207,-14.6029]]},"properties":{"id":1181999359,"cls":"unclassified","hw":"unclassified","tg":"na","name":"","ref":"","surface":"","sc":"unknown","speed":null,"lit":"unk","km":1.441}},
{"type":"Feature","geometry":{"type":"LineString","coordinates":[[33.68446,-14.5929],[33.68426,-14.5929],[33.68405,-14.59289],[33.68391,-14.59291],[33.68379,-14.59296],[33.68372,-14.59302],[33.68366,-14.59306],[33.6836,-14.59312],[33.68357,-14.59317],[33.68353,-14.5932],[33.68349,-14.59323],[33.68342,-14.59326],[33.68335,-14.59326],[33.68331,-14.59325],[33.68324,-14.59324],[33.6832,-14.59321],[33.68308,-14.59319],[33.68295,-14.59315],[33.68286,-14.59308],[33.68277,-14.59303],[33.68266,-14.59303],[33.68254,-14.59301],[33.68245,-14.59303],[33.68237,-14.59303],[33.68225,-14.59302],[33.68213,-14.59297],[33.68206,-14.59293],[33.68197,-14.59288],[33.68191,-14.59283],[33.68185,-14.59279],[33.68179,-14.59277],[33.68171,-14.59276],[33.68165,-14.59276],[33.68158,-14.59276],[33.6815,-14.59276],[33.68143,-14.59278],[33.68137,-14.59279],[33.68129,-14.59276],[33.68121,-14.59275],[33.68114,-14.59274],[33.68107,-14.59276],[33.68101,-14.59277],[33.68094,-14.59276],[33.68089,-14.59276],[33.68082,-14.59278],[33.68077,-14.59277],[33.68071,-14.59275],[33.68066,-14.59272],[33.68058,-14.59268],[33.68051,-14.59261],[33.68046,-14.5926],[33.68035,-14.59253],[33.68029,-14.59248],[33.68023,-14.59246],[33.68018,-14.59245],[33.68011,-14.59243],[33.68001,-14.59242],[33.67994,-14.59241],[33.67987,-14.5924],[33.6798,-14.59241],[33.67973,-14.59242],[33.67967,-14.59245],[33.67962,-14.59249],[33.67953,-14.59257],[33.67943,-14.59267],[33.67936,-14.59274],[33.67928,-14.59281],[33.67921,-14.59285],[33.67911,-14.59294],[33.67904,-14.59301],[33.67897,-14.59307],[33.67892,-14.59313],[33.67889,-14.59322],[33.67888,-14.59328],[33.67886,-14.59334],[33.67879,-14.59342],[33.67871,-14.5935],[33.67865,-14.59354],[33.67855,-14.59359],[33.67843,-14.59363],[33.67836,-14.59365],[33.67831,-14.59365],[33.67822,-14.59362],[33.67814,-14.59359],[33.67798,-14.5936],[33.67783,-14.5936],[33.67774,-14.5936],[33.67768,-14.59358],[33.67762,-14.59355],[33.67753,-14.59354],[33.67745,-14.59355],[33.67735,-14.59357],[33.67726,-14.59358],[33.67717,-14.59359],[33.6771,-14.59359],[33.67703,-14.59364],[33.67699,-14.59366],[33.67697,-14.59368],[33.67693,-14.5937],[33.67687,-14.59371],[33.67682,-14.59375],[33.67677,-14.59381],[33.67672,-14.59385],[33.67667,-14.59388],[33.67658,-14.59392],[33.67651,-14.59394],[33.67644,-14.59395],[33.67637,-14.59394],[33.67631,-14.59392],[33.67627,-14.59389],[33.67622,-14.59386],[33.67617,-14.59383],[33.67608,-14.59382],[33.67597,-14.59383],[33.67588,-14.59384],[33.67579,-14.59388],[33.67572,-14.59393],[33.67567,-14.594],[33.67561,-14.59406],[33.67557,-14.59412],[33.67551,-14.59422],[33.67547,-14.59434],[33.67543,-14.59448],[33.67538,-14.59459],[33.67534,-14.59468],[33.67525,-14.59472],[33.67515,-14.59473],[33.67507,-14.59472],[33.67497,-14.59472],[33.67487,-14.59475],[33.6748,-14.59477],[33.67476,-14.59477],[33.6747,-14.59479],[33.67465,-14.59478],[33.6746,-14.59481],[33.67455,-14.59483],[33.67446,-14.59484],[33.67436,-14.59481],[33.67432,-14.59479],[33.67428,-14.59479],[33.67422,-14.59479],[33.67416,-14.59479],[33.6741,-14.59478],[33.67403,-14.59474],[33.67392,-14.59467],[33.67382,-14.59461],[33.67372,-14.59453],[33.67362,-14.59444],[33.67355,-14.59437],[33.67349,-14.59434],[33.67344,-14.59433],[33.6734,-14.59433],[33.67335,-14.59435],[33.67327,-14.59442],[33.67317,-14.5945],[33.67311,-14.59455],[33.673,-14.5946],[33.67289,-14.59461],[33.67273,-14.59466],[33.67259,-14.59472],[33.67249,-14.59475],[33.67241,-14.59479],[33.67229,-14.59485],[33.67211,-14.59496],[33.67199,-14.59501],[33.67191,-14.59504],[33.67185,-14.59506],[33.67176,-14.59511],[33.67165,-14.59518],[33.67151,-14.59525],[33.67137,-14.59531],[33.67124,-14.59537],[33.67113,-14.59542],[33.67103,-14.59546],[33.67097,-14.59549],[33.67089,-14.59553],[33.67082,-14.59553],[33.67073,-14.59556],[33.67063,-14.5956],[33.67054,-14.59564],[33.67049,-14.59568],[33.67044,-14.59578],[33.67037,-14.5959],[33.67031,-14.59598],[33.67018,-14.59613],[33.67009,-14.59624],[33.67002,-14.59636],[33.66994,-14.59653],[33.66987,-14.59664],[33.6698,-14.59677],[33.66973,-14.59689],[33.6694,-14.59718],[33.66919,-14.59755],[33.66893,-14.59787],[33.66879,-14.5981],[33.66884,-14.59837],[33.66887,-14.59874],[33.66888,-14.59901],[33.66892,-14.59918],[33.6689,-14.5994],[33.66877,-14.59955],[33.66865,-14.59969],[33.66855,-14.59987],[33.66855,-14.59995],[33.66853,-14.6003],[33.66853,-14.60035],[33.66851,-14.60054],[33.66848,-14.60081],[33.66844,-14.60099],[33.66839,-14.60111],[33.66831,-14.60121],[33.66824,-14.60131],[33.6682,-14.60146],[33.66817,-14.60158],[33.66815,-14.60166],[33.66806,-14.60177],[33.66794,-14.60187],[33.66785,-14.60194],[33.66781,-14.60202],[33.66778,-14.60209],[33.66766,-14.6022],[33.6676,-14.6023],[33.66755,-14.60243],[33.66752,-14.60259],[33.66749,-14.60276],[33.66745,-14.60286],[33.66739,-14.603],[33.66733,-14.60317],[33.66731,-14.60332],[33.66725,-14.60344],[33.66716,-14.60365],[33.66704,-14.60383],[33.66698,-14.60394],[33.66698,-14.60402],[33.66698,-14.60414],[33.66696,-14.60423],[33.66687,-14.60433],[33.66682,-14.6044],[33.6668,-14.60448],[33.66681,-14.60457],[33.66684,-14.60468],[33.66684,-14.60475],[33.66684,-14.60483],[33.66683,-14.60499]]},"properties":{"id":1181999360,"cls":"unclassified","hw":"unclassified","tg":"na","name":"","ref":"","surface":"","sc":"unknown","speed":null,"lit":"unk","km":2.9}},
{"type":"Feature","geometry":{"type":"LineString","coordinates":[[33.82409,-14.50999],[33.82417,-14.51014],[33.82422,-14.51025],[33.82424,-14.51033],[33.82426,-14.51045],[33.82426,-14.51053],[33.82429,-14.51065],[33.82432,-14.51081],[33.82436,-14.51093],[33.82441,-14.51102],[33.82446,-14.51116],[33.82452,-14.51128],[33.82458,-14.51141],[33.82461,-14.5115],[33.82464,-14.5116],[33.82467,-14.51169],[33.82472,-14.5118],[33.82476,-14.51187],[33.82479,-14.51193],[33.82483,-14.51199],[33.82487,-14.51205],[33.82489,-14.51215],[33.8249,-14.51222],[33.82492,-14.51231],[33.82492,-14.51242],[33.82493,-14.51256],[33.82494,-14.51268],[33.82497,-14.5128],[33.82498,-14.51288],[33.82499,-14.51296],[33.82496,-14.51306],[33.82491,-14.51319],[33.82487,-14.51331],[33.82484,-14.51343],[33.82482,-14.51355],[33.82484,-14.51363],[33.82485,-14.51372],[33.82483,-14.51384],[33.82481,-14.51401],[33.8248,-14.51413],[33.82481,-14.51422],[33.82483,-14.51432],[33.82486,-14.51438],[33.82487,-14.51444],[33.82488,-14.51449],[33.82491,-14.51457],[33.82496,-14.51462],[33.82499,-14.51467],[33.82503,-14.51473],[33.82509,-14.51482],[33.82518,-14.51488],[33.8253,-14.51498],[33.82538,-14.51506],[33.82544,-14.51515],[33.82551,-14.51522],[33.82559,-14.5153],[33.82563,-14.51537],[33.82567,-14.51541],[33.82572,-14.51548],[33.82576,-14.51554],[33.82579,-14.51561],[33.82584,-14.51568],[33.82593,-14.51577],[33.82599,-14.51584],[33.82604,-14.51591],[33.8261,-14.51597],[33.82618,-14.51601],[33.82627,-14.51607],[33.82636,-14.51613],[33.82645,-14.5162],[33.82651,-14.51628],[33.82657,-14.51636],[33.82661,-14.51642],[33.82667,-14.51649],[33.82671,-14.51657],[33.82679,-14.51666],[33.82685,-14.5167],[33.82689,-14.51678],[33.82692,-14.51682],[33.82696,-14.51686],[33.82702,-14.5169],[33.82709,-14.51698],[33.82713,-14.51706],[33.82717,-14.51715],[33.82721,-14.51719],[33.82724,-14.51721],[33.82728,-14.51724],[33.82731,-14.51726],[33.82738,-14.51728],[33.82743,-14.51731],[33.82749,-14.51734],[33.82753,-14.51737],[33.82757,-14.51743],[33.82765,-14.51753],[33.8277,-14.51758],[33.82774,-14.51763],[33.82777,-14.51766],[33.82781,-14.51771],[33.82787,-14.51775],[33.82791,-14.51777],[33.82796,-14.51778],[33.82801,-14.51782],[33.82806,-14.51787],[33.82814,-14.51794],[33.82823,-14.51799],[33.82834,-14.51806],[33.82849,-14.51817],[33.82856,-14.51821],[33.82863,-14.51825],[33.82869,-14.51829],[33.82877,-14.51836],[33.82883,-14.51841],[33.82888,-14.51845],[33.82893,-14.51847],[33.82898,-14.51849],[33.82904,-14.51851],[33.82914,-14.51856],[33.82924,-14.51861],[33.82935,-14.51864],[33.82944,-14.51869],[33.82953,-14.51872],[33.82957,-14.51876],[33.82959,-14.5188],[33.82963,-14.51883],[33.8297,-14.51886],[33.82977,-14.51888],[33.82983,-14.5189],[33.82991,-14.51893],[33.82997,-14.51896],[33.83002,-14.519],[33.83008,-14.51902],[33.83016,-14.51906],[33.83023,-14.5191],[33.8303,-14.51913],[33.83039,-14.51916],[33.83046,-14.51918],[33.83052,-14.51919],[33.8306,-14.51919],[33.8307,-14.51921],[33.83084,-14.51926],[33.83094,-14.51928],[33.83104,-14.51929],[33.83112,-14.51931],[33.83125,-14.51934],[33.83141,-14.51941],[33.83149,-14.51946],[33.83156,-14.51951],[33.83161,-14.51954],[33.83169,-14.51957],[33.83175,-14.51961],[33.83183,-14.51967],[33.8319,-14.51974],[33.83202,-14.51979]]},"properties":{"id":1182003651,"cls":"unclassified","hw":"unclassified","tg":"na","name":"","ref":"","surface":"","sc":"unknown","speed":null,"lit":"unk","km":1.528}},
{"type":"Feature","geometry":{"type":"LineString","coordinates":[[33.81941,-14.51186],[33.81932,-14.51157],[33.81926,-14.51142],[33.81918,-14.51125],[33.81914,-14.51116],[33.81903,-14.51105],[33.81891,-14.5109],[33.81885,-14.51069],[33.81885,-14.51055],[33.81883,-14.51034],[33.81885,-14.51013],[33.81884,-14.50996],[33.81879,-14.50976],[33.8188,-14.5096],[33.8188,-14.50934],[33.81883,-14.50911],[33.81887,-14.50886],[33.81893,-14.50865],[33.81891,-14.50848],[33.81886,-14.50838],[33.8188,-14.50801],[33.81879,-14.50771],[33.81882,-14.50747],[33.81883,-14.50733],[33.8188,-14.50712],[33.81874,-14.50694],[33.81869,-14.5068],[33.81866,-14.50666],[33.81867,-14.50648],[33.81866,-14.50629],[33.81866,-14.50613],[33.81869,-14.50584],[33.81869,-14.50557],[33.81867,-14.50536],[33.81862,-14.50515],[33.81856,-14.50485],[33.81849,-14.50462],[33.81843,-14.50449],[33.81833,-14.50438],[33.81827,-14.5043],[33.81821,-14.50416],[33.81817,-14.50403],[33.81815,-14.5039],[33.81814,-14.50376],[33.81811,-14.50365],[33.81815,-14.5034],[33.81821,-14.50309],[33.81824,-14.50293],[33.8183,-14.50271],[33.81833,-14.50255],[33.81839,-14.50235],[33.81841,-14.50216],[33.8184,-14.502],[33.81836,-14.50188],[33.81833,-14.50173],[33.81833,-14.50159],[33.81835,-14.50151],[33.81833,-14.50136],[33.81832,-14.50122],[33.81831,-14.5011],[33.81832,-14.50097],[33.81833,-14.50085],[33.81831,-14.50068],[33.81831,-14.50047],[33.81828,-14.50032],[33.81825,-14.50019],[33.81823,-14.50003],[33.8182,-14.49991],[33.81815,-14.49977],[33.81806,-14.49959],[33.81797,-14.49936],[33.81789,-14.49915],[33.81782,-14.49893],[33.81777,-14.49876],[33.81772,-14.49864],[33.81765,-14.49845],[33.8175,-14.49818],[33.81741,-14.49799],[33.81735,-14.49787],[33.81732,-14.49775],[33.81726,-14.4976],[33.81698,-14.49709],[33.81686,-14.49694],[33.81674,-14.49674],[33.81673,-14.49654],[33.81671,-14.49642],[33.81658,-14.49618],[33.81653,-14.496],[33.81645,-14.49575],[33.81638,-14.49551],[33.81628,-14.4953],[33.81616,-14.49511],[33.81608,-14.49494],[33.81594,-14.49471],[33.81582,-14.49447],[33.81569,-14.49434],[33.81559,-14.4942],[33.81549,-14.49402],[33.81541,-14.49389],[33.81541,-14.49378],[33.81541,-14.49363],[33.81537,-14.49352],[33.81527,-14.49336],[33.81521,-14.49319],[33.81512,-14.49304],[33.81503,-14.49286],[33.81495,-14.49275],[33.81483,-14.4924],[33.81464,-14.49215],[33.81448,-14.49197],[33.81437,-14.49177],[33.81428,-14.49153],[33.81413,-14.49124],[33.81403,-14.49107],[33.81395,-14.49078],[33.81379,-14.49041],[33.8136,-14.49006],[33.81338,-14.48973],[33.8133,-14.48952],[33.8133,-14.48932],[33.81326,-14.48917],[33.81311,-14.48895],[33.81301,-14.48872],[33.81292,-14.48855],[33.81283,-14.48833],[33.81271,-14.48816],[33.81258,-14.48799],[33.81243,-14.48782],[33.81232,-14.48768],[33.81221,-14.48751],[33.81204,-14.48728]]},"properties":{"id":1182003652,"cls":"path","hw":"path","tg":"na","name":"","ref":"","surface":"","sc":"unknown","speed":null,"lit":"unk","km":2.942}},
{"type":"Feature","geometry":{"type":"LineString","coordinates":[[33.63169,-14.58361],[33.63185,-14.58405],[33.63203,-14.58448]]},"properties":{"id":1182048441,"cls":"unclassified","hw":"unclassified","tg":"na","name":"","ref":"","surface":"","sc":"unknown","speed":null,"lit":"unk","km":0.103}},
{"type":"Feature","geometry":{"type":"LineString","coordinates":[[33.63223,-14.58424],[33.63211,-14.58462],[33.6319,-14.58525],[33.63188,-14.5854],[33.63188,-14.58569]]},"properties":{"id":1182057129,"cls":"path","hw":"path","tg":"na","name":"","ref":"","surface":"","sc":"unknown","speed":null,"lit":"unk","km":0.167}},
{"type":"Feature","geometry":{"type":"LineString","coordinates":[[33.63042,-14.50962],[33.63041,-14.50969],[33.63046,-14.50975],[33.63057,-14.50989],[33.63059,-14.50999],[33.63067,-14.5101],[33.63074,-14.5102],[33.63088,-14.51041],[33.63091,-14.5105],[33.63097,-14.51061],[33.63102,-14.51072],[33.63104,-14.51076],[33.63107,-14.5108],[33.63117,-14.51088],[33.63122,-14.51094],[33.63139,-14.51116],[33.63145,-14.51119],[33.6315,-14.51121],[33.63158,-14.51123],[33.63158,-14.51129],[33.6316,-14.51132],[33.63176,-14.51148],[33.63181,-14.51154],[33.63199,-14.51171],[33.63203,-14.51176],[33.63209,-14.5118],[33.6322,-14.51184],[33.63231,-14.51189],[33.63253,-14.51197],[33.63269,-14.51218],[33.63285,-14.51231],[33.63307,-14.51257],[33.63312,-14.5127],[33.63332,-14.51288],[33.63342,-14.51287],[33.63368,-14.51306],[33.63398,-14.51323],[33.63438,-14.51352],[33.63461,-14.51366],[33.63473,-14.5137],[33.63495,-14.51393],[33.63518,-14.51409],[33.63538,-14.51423],[33.63564,-14.51439],[33.63586,-14.51438],[33.636,-14.5144],[33.6363,-14.51455],[33.6367,-14.51482],[33.63697,-14.51492],[33.63718,-14.51511],[33.63741,-14.5153],[33.63777,-14.51556],[33.63836,-14.51586],[33.63873,-14.51597],[33.63914,-14.51594],[33.63973,-14.51576],[33.64,-14.51581],[33.64028,-14.51585],[33.64045,-14.51581],[33.6406,-14.51581],[33.6408,-14.51588],[33.64103,-14.51593],[33.64118,-14.51589],[33.64133,-14.51581]]},"properties":{"id":1182087412,"cls":"path","hw":"footway","tg":"na","name":"","ref":"","surface":"","sc":"unknown","speed":null,"lit":"unk","km":1.476}},
{"type":"Feature","geometry":{"type":"LineString","coordinates":[[33.64103,-14.51593],[33.64097,-14.51598],[33.64081,-14.51607],[33.6406,-14.5162],[33.64037,-14.51634],[33.64023,-14.51642],[33.63994,-14.51648],[33.63946,-14.51671],[33.63917,-14.51685],[33.639,-14.51688],[33.63888,-14.51703],[33.63872,-14.51714],[33.63846,-14.51736],[33.63811,-14.51773],[33.63796,-14.51785],[33.63785,-14.51798],[33.63774,-14.51806],[33.63767,-14.51822],[33.63759,-14.51828],[33.63735,-14.51848],[33.6371,-14.5186],[33.63683,-14.51862],[33.63668,-14.51873]]},"properties":{"id":1182087413,"cls":"path","hw":"path","tg":"na","name":"","ref":"","surface":"","sc":"unknown","speed":null,"lit":"unk","km":0.578}},
{"type":"Feature","geometry":{"type":"LineString","coordinates":[[33.63426,-14.5865],[33.63447,-14.58656],[33.63477,-14.58654],[33.63515,-14.5864],[33.63546,-14.5863],[33.63567,-14.58625],[33.63599,-14.58621],[33.63612,-14.58615],[33.63641,-14.58608],[33.63662,-14.58604],[33.63672,-14.58598],[33.63665,-14.58592]]},"properties":{"id":1182087609,"cls":"path","hw":"path","tg":"na","name":"","ref":"","surface":"","sc":"unknown","speed":null,"lit":"unk","km":0.286}},
{"type":"Feature","geometry":{"type":"LineString","coordinates":[[33.63422,-14.58635],[33.6343,-14.58629],[33.63447,-14.58631],[33.6346,-14.58626],[33.63472,-14.58622],[33.63482,-14.58618],[33.63488,-14.58615],[33.63496,-14.58615],[33.63506,-14.58618],[33.63514,-14.58618],[33.63524,-14.58621],[33.63529,-14.58621],[33.63546,-14.5863]]},"properties":{"id":1182087610,"cls":"path","hw":"path","tg":"na","name":"","ref":"","surface":"","sc":"unknown","speed":null,"lit":"unk","km":0.143}},
{"type":"Feature","geometry":{"type":"LineString","coordinates":[[33.63422,-14.58635],[33.63425,-14.58617],[33.63421,-14.58606],[33.63418,-14.58596],[33.63408,-14.58571],[33.63403,-14.58558],[33.63397,-14.58545],[33.63381,-14.58513],[33.63371,-14.58495],[33.63363,-14.58482]]},"properties":{"id":1182087611,"cls":"unclassified","hw":"unclassified","tg":"na","name":"","ref":"","surface":"","sc":"unknown","speed":null,"lit":"unk","km":0.185}},
{"type":"Feature","geometry":{"type":"LineString","coordinates":[[33.63421,-14.58606],[33.63437,-14.58607],[33.63451,-14.58608],[33.63463,-14.5861],[33.63482,-14.58618]]},"properties":{"id":1182087612,"cls":"path","hw":"path","tg":"na","name":"","ref":"","surface":"","sc":"unknown","speed":null,"lit":"unk","km":0.068}},
{"type":"Feature","geometry":{"type":"LineString","coordinates":[[33.63403,-14.58558],[33.63417,-14.58557],[33.63423,-14.58561],[33.63438,-14.58557],[33.63444,-14.5856],[33.63461,-14.58558],[33.63471,-14.58559],[33.63484,-14.58559],[33.63494,-14.5856],[33.63519,-14.58555],[33.63531,-14.58552],[33.63545,-14.58553],[33.63553,-14.58553],[33.63559,-14.58554],[33.63565,-14.58556],[33.63571,-14.58557],[33.63577,-14.58559],[33.63582,-14.58559],[33.63587,-14.58561],[33.63594,-14.58563],[33.63601,-14.58563],[33.63607,-14.58565],[33.63619,-14.58571],[33.63625,-14.58572],[33.6363,-14.58576],[33.63637,-14.58578]]},"properties":{"id":1182087613,"cls":"path","hw":"path","tg":"na","name":"","ref":"","surface":"","sc":"unknown","speed":null,"lit":"unk","km":0.262}},
{"type":"Feature","geometry":{"type":"LineString","coordinates":[[33.63332,-14.584],[33.63339,-14.58399],[33.63352,-14.58395],[33.63368,-14.58387],[33.63386,-14.58378],[33.63399,-14.58372],[33.6341,-14.58365],[33.63432,-14.58373],[33.63445,-14.5838],[33.63451,-14.58383],[33.63465,-14.58377],[33.63473,-14.58377],[33.63483,-14.58377],[33.63492,-14.58376],[33.63498,-14.58377],[33.63501,-14.58376],[33.63506,-14.58383],[33.63512,-14.58385],[33.63519,-14.58384],[33.63522,-14.58386],[33.6353,-14.58384],[33.63536,-14.58381],[33.63546,-14.58381],[33.63549,-14.58379]]},"properties":{"id":1182087614,"cls":"path","hw":"path","tg":"na","name":"","ref":"","surface":"","sc":"unknown","speed":null,"lit":"unk","km":0.256}},
{"type":"Feature","geometry":{"type":"LineString","coordinates":[[33.64032,-14.58873],[33.64001,-14.5887],[33.6396,-14.58863],[33.63937,-14.58862],[33.63912,-14.58865],[33.6388,-14.5887],[33.6386,-14.58875],[33.6384,-14.58876],[33.63823,-14.58881],[33.63801,-14.5888],[33.63782,-14.58883],[33.63762,-14.58897],[33.63747,-14.58913],[33.63733,-14.58924],[33.63719,-14.58926],[33.63705,-14.58925],[33.6369,-14.58921],[33.63671,-14.58919]]},"properties":{"id":1182087615,"cls":"track","hw":"track","tg":"none","name":"","ref":"","surface":"","sc":"unknown","speed":null,"lit":"unk","km":0.41}},
{"type":"Feature","geometry":{"type":"LineString","coordinates":[[33.64015,-14.54903],[33.64021,-14.54889],[33.64028,-14.54878],[33.6404,-14.54873],[33.6405,-14.5487],[33.64065,-14.54868],[33.64076,-14.54863],[33.64084,-14.54859],[33.6409,-14.54851],[33.64101,-14.54839],[33.64108,-14.5483]]},"properties":{"id":1182349360,"cls":"path","hw":"path","tg":"na","name":"","ref":"","surface":"","sc":"unknown","speed":null,"lit":"unk","km":0.137}},
{"type":"Feature","geometry":{"type":"LineString","coordinates":[[33.64294,-14.5471],[33.643,-14.547],[33.64301,-14.5469],[33.64304,-14.54686],[33.64304,-14.54682],[33.64304,-14.54678],[33.64305,-14.54676],[33.64308,-14.54673],[33.6431,-14.54669],[33.64312,-14.54663],[33.64315,-14.54659],[33.64316,-14.54655],[33.64316,-14.54649],[33.64317,-14.54646],[33.64323,-14.54643],[33.64328,-14.54637],[33.64332,-14.54632],[33.64333,-14.54627],[33.64333,-14.5462],[33.64332,-14.54614],[33.6433,-14.54609],[33.64326,-14.54603],[33.64323,-14.54599],[33.64324,-14.54595],[33.64327,-14.54592],[33.64332,-14.54588],[33.64336,-14.54582],[33.64338,-14.54575],[33.6434,-14.54565],[33.64342,-14.5456],[33.64342,-14.54556],[33.64345,-14.54553],[33.64351,-14.54552],[33.64356,-14.54552],[33.6436,-14.54547],[33.64365,-14.54544],[33.64367,-14.54535],[33.64371,-14.54526],[33.64378,-14.54518],[33.64382,-14.54512],[33.64386,-14.54504],[33.64391,-14.54495],[33.64397,-14.54489],[33.64402,-14.54484],[33.64406,-14.54477],[33.64411,-14.54468],[33.64415,-14.54461],[33.64422,-14.54452],[33.64423,-14.54446],[33.64419,-14.54441],[33.64418,-14.54438],[33.64412,-14.54433],[33.64409,-14.54431],[33.64409,-14.54426],[33.64407,-14.5442],[33.64402,-14.54417],[33.64396,-14.54412],[33.64394,-14.54408],[33.64394,-14.54404],[33.64392,-14.54401],[33.64388,-14.54399],[33.64386,-14.54396],[33.64386,-14.54393],[33.64384,-14.54388],[33.64381,-14.54382],[33.64381,-14.54377],[33.64381,-14.54372],[33.64378,-14.54368],[33.64377,-14.54362],[33.64375,-14.54357],[33.64371,-14.54355],[33.64368,-14.54353],[33.64365,-14.54349],[33.64363,-14.54346],[33.64359,-14.54343],[33.64358,-14.5434],[33.64358,-14.54337],[33.64359,-14.54334],[33.64358,-14.5433],[33.64354,-14.54326],[33.64351,-14.54322],[33.64347,-14.54318],[33.64346,-14.54314],[33.64346,-14.54311],[33.64349,-14.54307],[33.64352,-14.54302],[33.64352,-14.54296],[33.64352,-14.54284],[33.64349,-14.54278],[33.64347,-14.54273],[33.64347,-14.5427],[33.6435,-14.54266],[33.64352,-14.54261],[33.64353,-14.54255],[33.64353,-14.5425],[33.64356,-14.54245],[33.64357,-14.5424],[33.64358,-14.54234],[33.64358,-14.54227],[33.64359,-14.54224],[33.64362,-14.54222],[33.64363,-14.54218],[33.64363,-14.54214],[33.64363,-14.54209],[33.64367,-14.54203],[33.64371,-14.54198],[33.64373,-14.54191],[33.64373,-14.54187],[33.6437,-14.54183],[33.6437,-14.5418],[33.64373,-14.54176],[33.64377,-14.54173],[33.64381,-14.5417],[33.64385,-14.54168],[33.64388,-14.54163],[33.64393,-14.54159],[33.64399,-14.54154],[33.64402,-14.5415],[33.64403,-14.54144],[33.64403,-14.54137],[33.64403,-14.5413],[33.644,-14.54125],[33.64398,-14.5412],[33.64395,-14.54114],[33.64391,-14.54109],[33.64389,-14.54101],[33.64381,-14.54093],[33.64376,-14.54087],[33.6437,-14.54082],[33.64364,-14.54076],[33.64363,-14.54073],[33.64363,-14.54068],[33.64362,-14.54065],[33.6436,-14.54062],[33.64358,-14.54058],[33.64355,-14.54055],[33.64354,-14.5405],[33.64354,-14.54046],[33.64354,-14.54042],[33.64349,-14.54037],[33.64345,-14.54032],[33.6434,-14.54028],[33.64335,-14.54023],[33.64331,-14.54017],[33.64329,-14.54009],[33.64329,-14.54003],[33.64327,-14.53996],[33.64329,-14.53992],[33.64329,-14.53985],[33.64326,-14.53978],[33.64324,-14.5397],[33.64321,-14.53961],[33.6432,-14.53953],[33.64319,-14.53948],[33.64317,-14.53944],[33.64318,-14.53941],[33.64321,-14.53938],[33.64322,-14.53934],[33.64321,-14.53928],[33.64321,-14.53923],[33.64321,-14.53916],[33.64323,-14.53909],[33.64323,-14.53901],[33.64323,-14.53897],[33.64321,-14.53892],[33.64321,-14.53886],[33.64322,-14.53883],[33.64321,-14.53878],[33.64318,-14.53875],[33.64317,-14.53871],[33.64318,-14.53865],[33.64317,-14.53861],[33.64313,-14.53855],[33.64313,-14.53848],[33.64315,-14.5384],[33.64315,-14.53834],[33.64313,-14.53829],[33.64315,-14.53822],[33.64315,-14.53816],[33.64315,-14.53806],[33.64314,-14.53801],[33.64312,-14.53798],[33.64311,-14.53794],[33.6431,-14.5379],[33.64307,-14.53785],[33.64305,-14.53779],[33.64302,-14.53775],[33.64297,-14.53769],[33.64295,-14.53762],[33.64293,-14.53753],[33.6429,-14.53748],[33.64287,-14.53742],[33.64283,-14.53735],[33.6428,-14.53728],[33.64275,-14.53721]]},"properties":{"id":1182349361,"cls":"path","hw":"path","tg":"na","name":"","ref":"","surface":"","sc":"unknown","speed":null,"lit":"unk","km":1.265}},
{"type":"Feature","geometry":{"type":"LineString","coordinates":[[33.64108,-14.5483],[33.64112,-14.54824],[33.64115,-14.54815],[33.6412,-14.54807],[33.64127,-14.54795],[33.64134,-14.54788],[33.64138,-14.54785],[33.64145,-14.54782],[33.64152,-14.54778],[33.64161,-14.54773],[33.64168,-14.54768],[33.64178,-14.54762],[33.64185,-14.54756],[33.64192,-14.5475],[33.64197,-14.54747],[33.64203,-14.54742],[33.64212,-14.54737],[33.6422,-14.54735],[33.64229,-14.54731],[33.64238,-14.54728],[33.64244,-14.54727],[33.64251,-14.54723],[33.64259,-14.54721],[33.64266,-14.54717],[33.64286,-14.54713],[33.64294,-14.5471],[33.64303,-14.54708],[33.64315,-14.54705],[33.64325,-14.54703],[33.64334,-14.54702],[33.64344,-14.54698],[33.64354,-14.54694],[33.6436,-14.54691],[33.64364,-14.5469],[33.64368,-14.54688],[33.64374,-14.54682],[33.6438,-14.54674],[33.64386,-14.54666],[33.64393,-14.54658],[33.64403,-14.54648]]},"properties":{"id":1182349362,"cls":"path","hw":"path","tg":"na","name":"","ref":"","surface":"","sc":"unknown","speed":null,"lit":"unk","km":0.393}},
{"type":"Feature","geometry":{"type":"LineString","coordinates":[[33.63971,-14.52223],[33.63979,-14.52222],[33.63982,-14.52215],[33.63986,-14.52199],[33.63998,-14.52183],[33.64008,-14.5217],[33.64014,-14.52167],[33.6402,-14.5217],[33.64023,-14.52176],[33.64027,-14.52183],[33.64032,-14.52188],[33.64039,-14.52191],[33.64047,-14.52193],[33.64058,-14.5219],[33.64071,-14.52186],[33.6408,-14.52174],[33.64082,-14.52165],[33.64089,-14.52155],[33.64091,-14.52141],[33.64096,-14.52132],[33.6411,-14.52117],[33.64117,-14.52104],[33.64124,-14.52087],[33.64128,-14.52074],[33.64135,-14.52063],[33.64146,-14.52049],[33.64154,-14.5204],[33.64156,-14.52033],[33.64163,-14.5203],[33.6417,-14.52022],[33.6418,-14.52009],[33.64187,-14.52],[33.64192,-14.51987],[33.64194,-14.51973]]},"properties":{"id":1182352221,"cls":"path","hw":"path","tg":"na","name":"","ref":"","surface":"","sc":"unknown","speed":null,"lit":"unk","km":0.436}},
{"type":"Feature","geometry":{"type":"LineString","coordinates":[[33.64413,-14.51068],[33.6442,-14.51077],[33.64427,-14.51081],[33.64438,-14.51087],[33.64447,-14.51089],[33.6446,-14.5109],[33.64484,-14.51094],[33.64496,-14.51097],[33.64509,-14.51098],[33.64519,-14.51101],[33.64529,-14.51103],[33.64543,-14.51103],[33.64554,-14.51103],[33.64573,-14.51106],[33.64589,-14.51111],[33.64597,-14.51113],[33.64607,-14.51114],[33.64614,-14.51112],[33.64624,-14.51111],[33.64632,-14.51108],[33.64638,-14.51106],[33.64645,-14.51106],[33.64657,-14.51106],[33.64664,-14.51104],[33.6467,-14.51105],[33.64676,-14.51107],[33.6468,-14.51111],[33.64685,-14.51114],[33.64688,-14.51116],[33.64698,-14.51119],[33.64705,-14.51121],[33.6471,-14.51125],[33.64716,-14.51127],[33.64724,-14.5113],[33.64732,-14.51134],[33.64739,-14.51135],[33.64751,-14.51134],[33.64766,-14.5113],[33.64779,-14.51125],[33.64792,-14.51123],[33.64804,-14.51122],[33.64816,-14.51124],[33.6483,-14.51126],[33.6484,-14.51128],[33.64853,-14.51131],[33.64873,-14.51133],[33.64886,-14.51135],[33.64897,-14.51136],[33.64907,-14.51136],[33.64919,-14.51134],[33.64934,-14.51135],[33.6495,-14.51137],[33.64959,-14.51138],[33.64975,-14.51138],[33.64993,-14.51138],[33.65014,-14.51137],[33.65033,-14.51134],[33.65053,-14.51131],[33.6507,-14.51127],[33.65084,-14.51121],[33.65106,-14.51114],[33.65125,-14.51113],[33.65135,-14.5111],[33.65151,-14.51107],[33.65163,-14.51104],[33.6518,-14.51103],[33.652,-14.51102],[33.65217,-14.51105],[33.65236,-14.51102],[33.65253,-14.511],[33.65265,-14.51098],[33.6528,-14.51097],[33.65293,-14.51098],[33.653,-14.51097],[33.65312,-14.51101],[33.65323,-14.51103],[33.65327,-14.51103],[33.65344,-14.51105],[33.65355,-14.51104],[33.65368,-14.51106],[33.65382,-14.51109],[33.65395,-14.51114],[33.65408,-14.51118],[33.65419,-14.5112],[33.65428,-14.51121],[33.65442,-14.51123],[33.65452,-14.51128],[33.65463,-14.5113],[33.65479,-14.51132],[33.65492,-14.51135],[33.65504,-14.51137],[33.6552,-14.51135],[33.65529,-14.51134],[33.6555,-14.51129],[33.65568,-14.51124],[33.65587,-14.51122],[33.65606,-14.51121],[33.65636,-14.51121],[33.65651,-14.51121],[33.65674,-14.51122],[33.65685,-14.5112],[33.65696,-14.51118],[33.6571,-14.51117],[33.65726,-14.51118],[33.65742,-14.51115],[33.65757,-14.5111],[33.6578,-14.51104],[33.65794,-14.51101],[33.65809,-14.51097],[33.65827,-14.51094],[33.65841,-14.51091],[33.65853,-14.51087],[33.65867,-14.51079],[33.65885,-14.51074],[33.65899,-14.51067],[33.65919,-14.51057],[33.65935,-14.51051],[33.65957,-14.51044],[33.65971,-14.51041],[33.65986,-14.51036],[33.66,-14.51029],[33.66015,-14.51022],[33.66031,-14.51017],[33.66049,-14.51013],[33.66068,-14.51011],[33.66087,-14.51008],[33.66109,-14.51004],[33.66124,-14.51002],[33.66144,-14.51002],[33.66163,-14.51006],[33.66174,-14.51012],[33.66186,-14.51015],[33.66196,-14.51018],[33.66207,-14.51019],[33.66214,-14.51018]]},"properties":{"id":1182462714,"cls":"path","hw":"path","tg":"na","name":"","ref":"","surface":"","sc":"unknown","speed":null,"lit":"unk","km":2.004}},
{"type":"Feature","geometry":{"type":"LineString","coordinates":[[33.66015,-14.50236],[33.66028,-14.50227],[33.66038,-14.50217],[33.66045,-14.50206],[33.66049,-14.5019],[33.66054,-14.50174],[33.66059,-14.50164],[33.66059,-14.50159],[33.66056,-14.50153],[33.66053,-14.50143],[33.66051,-14.50132],[33.66053,-14.50115],[33.66058,-14.50103],[33.66065,-14.50097],[33.66077,-14.5009],[33.66083,-14.50084],[33.66088,-14.50078],[33.6609,-14.50067],[33.66095,-14.50059],[33.66104,-14.50051],[33.66111,-14.50043],[33.66113,-14.50033],[33.66112,-14.50018],[33.66108,-14.50001],[33.66108,-14.49993],[33.66114,-14.49985],[33.66123,-14.49978],[33.66129,-14.49971],[33.66135,-14.49959],[33.66142,-14.49949],[33.66156,-14.49938],[33.66169,-14.49923],[33.66176,-14.49912],[33.6618,-14.49901],[33.66181,-14.4989],[33.66184,-14.49875],[33.66189,-14.49864],[33.662,-14.49846]]},"properties":{"id":1182462715,"cls":"unclassified","hw":"unclassified","tg":"na","name":"","ref":"","surface":"","sc":"unknown","speed":null,"lit":"unk","km":0.51}},
{"type":"Feature","geometry":{"type":"LineString","coordinates":[[33.64234,-14.51472],[33.64223,-14.51467],[33.6421,-14.51457],[33.64198,-14.51445],[33.64189,-14.51433],[33.64184,-14.51423],[33.6418,-14.51412],[33.64179,-14.51403],[33.64177,-14.51396],[33.6417,-14.51388],[33.64162,-14.51381],[33.64152,-14.51378],[33.64136,-14.51376],[33.64125,-14.51379],[33.64112,-14.51377],[33.64091,-14.51375],[33.64071,-14.51372],[33.64055,-14.51367],[33.64039,-14.51361],[33.64027,-14.51356],[33.64012,-14.51347]]},"properties":{"id":1182462716,"cls":"unclassified","hw":"unclassified","tg":"na","name":"","ref":"","surface":"","sc":"unknown","speed":null,"lit":"unk","km":0.302}},
{"type":"Feature","geometry":{"type":"LineString","coordinates":[[33.6598,-14.50226],[33.65975,-14.50229],[33.65972,-14.50231],[33.65971,-14.50233],[33.65971,-14.50238],[33.65973,-14.50247],[33.65973,-14.50252],[33.65972,-14.50259],[33.65968,-14.50273],[33.65966,-14.50284],[33.65966,-14.50292],[33.65965,-14.50299],[33.65964,-14.50304],[33.6596,-14.50311],[33.65957,-14.50319],[33.65955,-14.50324],[33.65953,-14.50329],[33.65952,-14.50334],[33.6595,-14.50338],[33.6595,-14.50343],[33.65949,-14.50348],[33.65948,-14.50352],[33.65946,-14.50356],[33.65944,-14.5036],[33.65942,-14.50365],[33.65939,-14.50369],[33.65938,-14.50371],[33.65937,-14.50376],[33.65936,-14.50379],[33.65935,-14.50382],[33.65931,-14.50389],[33.65926,-14.50395],[33.65923,-14.50398],[33.6592,-14.50404],[33.65916,-14.50411],[33.65911,-14.50417],[33.65905,-14.50424],[33.659,-14.5043],[33.65894,-14.50436],[33.65891,-14.5044],[33.65886,-14.50448],[33.65882,-14.50452],[33.65875,-14.50459],[33.6587,-14.50463],[33.65864,-14.50469],[33.65859,-14.50473],[33.65851,-14.5048],[33.6584,-14.50489],[33.65833,-14.50494],[33.65826,-14.50499],[33.65812,-14.50509],[33.65801,-14.50516],[33.65792,-14.50523],[33.65787,-14.50533],[33.65783,-14.50538],[33.65779,-14.50543],[33.65776,-14.50546],[33.65769,-14.50549],[33.65764,-14.50553],[33.65759,-14.50556],[33.65752,-14.50558],[33.65747,-14.50561],[33.6574,-14.50568],[33.65731,-14.50576],[33.6572,-14.50585],[33.65711,-14.50592],[33.65704,-14.50598],[33.65698,-14.50602],[33.65689,-14.50608],[33.65682,-14.50612],[33.65671,-14.50619],[33.65664,-14.50623],[33.65657,-14.50629],[33.65652,-14.50632],[33.65644,-14.50636],[33.65637,-14.50641],[33.6563,-14.50647],[33.65619,-14.50656],[33.65613,-14.5066],[33.65605,-14.50666],[33.656,-14.50673],[33.65593,-14.50679],[33.65589,-14.50685],[33.65587,-14.50688],[33.6558,-14.50696],[33.65572,-14.50706],[33.65567,-14.50718],[33.6556,-14.50732],[33.65555,-14.50739],[33.65547,-14.50749],[33.65534,-14.50763],[33.65522,-14.50779],[33.65516,-14.5079],[33.6551,-14.50798],[33.65502,-14.50806],[33.65495,-14.50811],[33.65488,-14.50821],[33.65481,-14.50832],[33.65475,-14.50842],[33.6547,-14.50852],[33.65466,-14.50862],[33.65462,-14.50871],[33.65459,-14.50876],[33.65454,-14.5088],[33.65448,-14.50884],[33.65446,-14.50888],[33.65445,-14.50891],[33.65445,-14.50895],[33.65445,-14.509],[33.65446,-14.50903],[33.65447,-14.50906],[33.65447,-14.5091],[33.65443,-14.5092],[33.6544,-14.50926],[33.6544,-14.50934],[33.65441,-14.50941],[33.65443,-14.50947],[33.65442,-14.50954],[33.6544,-14.50962],[33.65438,-14.5097],[33.65435,-14.50979],[33.65431,-14.50988],[33.65426,-14.50997],[33.6542,-14.51003],[33.65413,-14.51009],[33.65407,-14.51012],[33.654,-14.51015],[33.65397,-14.51018],[33.65388,-14.51028],[33.65382,-14.51034],[33.65378,-14.51039],[33.65371,-14.51047],[33.65366,-14.51052],[33.65358,-14.51056],[33.65349,-14.51062],[33.65339,-14.51068],[33.65333,-14.51073],[33.6533,-14.51076],[33.65324,-14.5108],[33.65319,-14.51082],[33.65312,-14.51085],[33.65307,-14.51088],[33.65302,-14.51094],[33.653,-14.51097],[33.65295,-14.51102],[33.65289,-14.51108],[33.65285,-14.51116],[33.65281,-14.51124],[33.65279,-14.51134],[33.65275,-14.51142],[33.65269,-14.51149],[33.65262,-14.51154],[33.65258,-14.51159],[33.65251,-14.51165],[33.65245,-14.51172],[33.6524,-14.51177],[33.65235,-14.51183],[33.65231,-14.51187],[33.65227,-14.51193],[33.65225,-14.51199],[33.6522,-14.51205],[33.65215,-14.51211],[33.65207,-14.51219],[33.65198,-14.51229],[33.65191,-14.51235],[33.65182,-14.51243],[33.65174,-14.51247],[33.65165,-14.51253],[33.65156,-14.51259],[33.65145,-14.51266],[33.65134,-14.51271],[33.65125,-14.51276],[33.65117,-14.51282],[33.65107,-14.51288],[33.65098,-14.51294],[33.65093,-14.51297],[33.65087,-14.51302],[33.65078,-14.51307],[33.65067,-14.51312],[33.6506,-14.51316],[33.65056,-14.51319],[33.65054,-14.51326],[33.65051,-14.51336],[33.65048,-14.51349],[33.65045,-14.51355],[33.65041,-14.5136],[33.65036,-14.51368],[33.65034,-14.51373],[33.65031,-14.51384],[33.6503,-14.5139],[33.65028,-14.51395],[33.65026,-14.51401],[33.65023,-14.51406],[33.65018,-14.51411],[33.65011,-14.51414],[33.65006,-14.51417],[33.65001,-14.51419],[33.64995,-14.51418],[33.6499,-14.51419],[33.64981,-14.51422],[33.64966,-14.51425],[33.64957,-14.51426],[33.64947,-14.5143],[33.64935,-14.51433],[33.64927,-14.51436],[33.64919,-14.51438],[33.64911,-14.51445],[33.64903,-14.51451],[33.64895,-14.51455],[33.64882,-14.5146],[33.6487,-14.51466],[33.64862,-14.51467],[33.64853,-14.51466],[33.64845,-14.51465],[33.6484,-14.51469],[33.6483,-14.5148],[33.64819,-14.51491],[33.64814,-14.51495],[33.64803,-14.51503],[33.64792,-14.51507],[33.64783,-14.51512],[33.64771,-14.51519],[33.64755,-14.51527],[33.64741,-14.51539],[33.64724,-14.51547],[33.64709,-14.51556],[33.64695,-14.51566],[33.6468,-14.51579],[33.64675,-14.51588],[33.64668,-14.516],[33.64662,-14.51609],[33.64653,-14.5162],[33.64644,-14.51634],[33.64634,-14.51641],[33.64631,-14.51651],[33.64621,-14.5166],[33.64607,-14.51667],[33.64591,-14.51672],[33.64575,-14.51671],[33.64565,-14.51667],[33.6455,-14.51669],[33.64537,-14.51677],[33.64533,-14.51687],[33.64536,-14.51703],[33.64544,-14.51719],[33.64551,-14.51729],[33.64553,-14.51739],[33.64562,-14.51752],[33.64566,-14.51771],[33.64571,-14.51781],[33.64574,-14.51801],[33.64578,-14.51814],[33.64579,-14.51818],[33.64577,-14.51822],[33.64573,-14.51827],[33.64569,-14.51834],[33.64567,-14.51838],[33.64568,-14.5185],[33.64569,-14.5186],[33.64568,-14.5187],[33.64568,-14.51882],[33.64566,-14.51889],[33.64565,-14.51898],[33.64562,-14.51904],[33.64561,-14.5191],[33.6456,-14.51918],[33.64563,-14.51924],[33.64567,-14.51931],[33.6457,-14.51937],[33.64573,-14.51945],[33.64575,-14.51953],[33.64579,-14.5196],[33.64584,-14.51967],[33.64588,-14.51973],[33.6459,-14.5198]]},"properties":{"id":1182462717,"cls":"unclassified","hw":"unclassified","tg":"na","name":"","ref":"","surface":"","sc":"unknown","speed":null,"lit":"unk","km":2.75}},
{"type":"Feature","geometry":{"type":"LineString","coordinates":[[33.66088,-14.56036],[33.66097,-14.56048],[33.66103,-14.56059],[33.66103,-14.56067],[33.66103,-14.56072],[33.66107,-14.56079],[33.66112,-14.56084],[33.66116,-14.5609],[33.66119,-14.56097],[33.66123,-14.56108],[33.66126,-14.5612],[33.6613,-14.56133],[33.66133,-14.56147],[33.66138,-14.56162],[33.66142,-14.56173],[33.66149,-14.56183],[33.66157,-14.56195],[33.66163,-14.56209],[33.66167,-14.5622],[33.66171,-14.56227],[33.66174,-14.56237],[33.66175,-14.56241],[33.66178,-14.56256],[33.66183,-14.56269],[33.66188,-14.56281],[33.66193,-14.56289],[33.66196,-14.56297],[33.662,-14.56303],[33.662,-14.56312],[33.662,-14.56322],[33.66203,-14.56334],[33.66209,-14.56343],[33.66212,-14.56348],[33.66216,-14.56354],[33.66217,-14.56362],[33.66219,-14.56369],[33.66223,-14.56376],[33.66229,-14.56382],[33.66231,-14.56389],[33.66233,-14.56396],[33.6624,-14.56406],[33.66247,-14.56416],[33.66249,-14.56421],[33.66255,-14.56426],[33.66259,-14.56428],[33.66263,-14.56431],[33.66265,-14.56436],[33.66266,-14.56446],[33.66267,-14.56454],[33.66271,-14.56465],[33.66274,-14.56482],[33.6628,-14.56498],[33.66285,-14.56514],[33.66295,-14.56531],[33.66305,-14.56546],[33.66311,-14.56558],[33.66316,-14.56563]]},"properties":{"id":1182463512,"cls":"track","hw":"track","tg":"none","name":"","ref":"","surface":"","sc":"unknown","speed":null,"lit":"unk","km":0.649}},
{"type":"Feature","geometry":{"type":"LineString","coordinates":[[33.67659,-14.54104],[33.67661,-14.54109],[33.67663,-14.54114],[33.67665,-14.54118],[33.67666,-14.54122],[33.67669,-14.54128],[33.67671,-14.54134],[33.67673,-14.54138],[33.67675,-14.54143],[33.67677,-14.54147],[33.67678,-14.54152],[33.6768,-14.5416],[33.67681,-14.54166],[33.67681,-14.54173],[33.67682,-14.54182],[33.67682,-14.54192],[33.67683,-14.54197],[33.67684,-14.54203],[33.67685,-14.54211],[33.67686,-14.54218],[33.67688,-14.54225],[33.67689,-14.54231],[33.67691,-14.54236],[33.67692,-14.54241],[33.67692,-14.54246],[33.67692,-14.54252],[33.67691,-14.54262],[33.6769,-14.54268],[33.6769,-14.54274],[33.6769,-14.54281],[33.6769,-14.54291],[33.6769,-14.54298],[33.67691,-14.54307],[33.67691,-14.54315],[33.67691,-14.5432],[33.6769,-14.54326],[33.67691,-14.54332],[33.67691,-14.54338],[33.67693,-14.54347],[33.67693,-14.54353],[33.67694,-14.5436],[33.67695,-14.54364],[33.67696,-14.54371],[33.67697,-14.54375],[33.67699,-14.54382],[33.67701,-14.54388],[33.67703,-14.54394],[33.67706,-14.54401],[33.67708,-14.54408],[33.67709,-14.54413],[33.67711,-14.54419],[33.67713,-14.54426],[33.67715,-14.54433],[33.67716,-14.54438],[33.67716,-14.5444],[33.67717,-14.54449],[33.67717,-14.54456],[33.67717,-14.54464],[33.67716,-14.54472],[33.67716,-14.5448],[33.67717,-14.54488],[33.67717,-14.54495],[33.67715,-14.5451],[33.67714,-14.5452],[33.67714,-14.54528],[33.67713,-14.54535],[33.67712,-14.5454],[33.67711,-14.54549],[33.6771,-14.54556],[33.67709,-14.54563],[33.67708,-14.54572],[33.67706,-14.54583],[33.67705,-14.5459],[33.67705,-14.54598],[33.67704,-14.546],[33.67703,-14.54607],[33.67703,-14.54614],[33.67703,-14.54622],[33.67702,-14.54628],[33.67701,-14.54636],[33.67701,-14.54644],[33.677,-14.5465],[33.677,-14.54655],[33.67699,-14.54659],[33.67699,-14.54662],[33.677,-14.54665],[33.67699,-14.54669],[33.67697,-14.54675],[33.67696,-14.54682],[33.67695,-14.5469],[33.67694,-14.54702],[33.67694,-14.54708],[33.67695,-14.54712],[33.67696,-14.54717],[33.67696,-14.5473],[33.67697,-14.54737],[33.67699,-14.54742],[33.67702,-14.54747],[33.67703,-14.54754],[33.67705,-14.54762],[33.67706,-14.54769],[33.67708,-14.54774],[33.67711,-14.54778],[33.67713,-14.54782],[33.67714,-14.54786],[33.67714,-14.54791],[33.67716,-14.54795],[33.67718,-14.548],[33.6772,-14.54805],[33.67722,-14.54811],[33.67723,-14.54816],[33.67725,-14.54821],[33.67725,-14.54825],[33.67724,-14.54831],[33.67723,-14.54837],[33.67721,-14.54842],[33.67716,-14.54846],[33.67708,-14.54852],[33.67699,-14.54859],[33.67693,-14.54862],[33.67687,-14.54865],[33.67681,-14.5487],[33.67673,-14.54875],[33.6767,-14.54881],[33.67668,-14.54888],[33.67666,-14.54895],[33.67664,-14.54903],[33.67662,-14.5491],[33.67659,-14.54916],[33.67658,-14.5492],[33.67658,-14.54925],[33.67658,-14.54929],[33.67658,-14.54936],[33.67657,-14.54942],[33.67656,-14.54946],[33.67657,-14.54951],[33.67657,-14.54957],[33.67659,-14.54964],[33.67659,-14.54974],[33.67659,-14.54985],[33.67659,-14.54995],[33.67659,-14.55001],[33.6766,-14.55008]]},"properties":{"id":1182466108,"cls":"path","hw":"path","tg":"na","name":"","ref":"","surface":"","sc":"unknown","speed":null,"lit":"unk","km":1.055}},
{"type":"Feature","geometry":{"type":"LineString","coordinates":[[33.66874,-14.54741],[33.66882,-14.54729],[33.66897,-14.54713],[33.66903,-14.54703],[33.66904,-14.54694],[33.66905,-14.54686],[33.66908,-14.5468],[33.66914,-14.54676],[33.66925,-14.54669],[33.66933,-14.54662],[33.66944,-14.54656],[33.66953,-14.5465],[33.6696,-14.54642],[33.66963,-14.54632],[33.66966,-14.54617],[33.66971,-14.54605],[33.66977,-14.54598],[33.66981,-14.54595],[33.66985,-14.54586],[33.66991,-14.54576],[33.66998,-14.54558],[33.67015,-14.5453],[33.6703,-14.54502],[33.67041,-14.54495],[33.67059,-14.54481],[33.67089,-14.54455],[33.67107,-14.5444],[33.67123,-14.54419],[33.67139,-14.54405],[33.67158,-14.544],[33.67177,-14.54394],[33.67199,-14.54394],[33.67209,-14.54394],[33.67222,-14.54393],[33.67247,-14.54391],[33.6727,-14.54391],[33.67294,-14.5439],[33.67313,-14.54389],[33.67332,-14.5439],[33.67348,-14.54391],[33.67359,-14.54392],[33.67366,-14.54391],[33.67376,-14.5439],[33.67384,-14.54388],[33.67392,-14.54388],[33.67416,-14.54383],[33.67445,-14.54382],[33.67473,-14.54381],[33.67491,-14.54382],[33.67509,-14.54381],[33.67522,-14.54382],[33.67536,-14.54381],[33.67554,-14.54381],[33.67571,-14.54381],[33.67587,-14.54384],[33.67603,-14.5439],[33.67616,-14.54397],[33.67622,-14.54398],[33.67628,-14.54403],[33.67633,-14.54407],[33.67639,-14.5441],[33.67647,-14.54411],[33.67652,-14.54415],[33.67657,-14.54415],[33.67661,-14.54417],[33.67664,-14.54419],[33.67668,-14.54422],[33.67676,-14.54424],[33.67697,-14.54431],[33.67709,-14.54435],[33.67716,-14.5444],[33.67728,-14.54446],[33.6774,-14.5445],[33.67752,-14.54452],[33.67765,-14.54455],[33.67779,-14.5446],[33.67798,-14.54467],[33.6781,-14.54472],[33.67823,-14.54479],[33.67834,-14.54481],[33.67844,-14.54485],[33.67848,-14.54487],[33.67854,-14.54489],[33.67862,-14.54492],[33.67867,-14.54495],[33.67871,-14.54498],[33.67874,-14.54501],[33.67878,-14.54503],[33.67884,-14.54505],[33.67891,-14.54507],[33.67899,-14.5451],[33.67908,-14.54514],[33.67915,-14.54519],[33.67921,-14.54523],[33.67929,-14.54529],[33.67948,-14.54546],[33.67973,-14.54554],[33.67988,-14.54557],[33.68,-14.54561],[33.68009,-14.54566],[33.68017,-14.54566],[33.68025,-14.54573],[33.68035,-14.54582],[33.6804,-14.54585],[33.68052,-14.54585],[33.68065,-14.54587],[33.68086,-14.54594],[33.68102,-14.54602],[33.68116,-14.54604],[33.68134,-14.54605],[33.68152,-14.546],[33.68164,-14.54592],[33.68175,-14.54588],[33.68197,-14.54583],[33.68215,-14.54577],[33.68226,-14.54573],[33.68239,-14.54568],[33.68254,-14.54568],[33.68271,-14.54567],[33.68288,-14.54569],[33.68312,-14.54569],[33.68337,-14.5457],[33.68351,-14.5457],[33.68363,-14.54568],[33.68373,-14.54567],[33.68384,-14.54567],[33.68394,-14.54569],[33.68406,-14.54571],[33.68415,-14.54571],[33.68437,-14.54574],[33.6845,-14.54576],[33.68469,-14.54578],[33.68483,-14.54578],[33.68499,-14.54579],[33.68517,-14.54581],[33.68532,-14.54583],[33.68544,-14.54583],[33.68552,-14.54583],[33.68556,-14.54579],[33.6856,-14.54573],[33.68566,-14.54564],[33.68572,-14.54558],[33.6858,-14.54555],[33.68594,-14.54551],[33.68602,-14.54546],[33.68608,-14.54539],[33.6861,-14.54532],[33.68615,-14.54526],[33.68628,-14.54518],[33.6864,-14.54512],[33.68646,-14.54508]]},"properties":{"id":1182466109,"cls":"unclassified","hw":"unclassified","tg":"na","name":"","ref":"","surface":"","sc":"unknown","speed":null,"lit":"unk","km":2.217}},
{"type":"Feature","geometry":{"type":"LineString","coordinates":[[33.6822,-14.52361],[33.68222,-14.52372],[33.68219,-14.52383],[33.68216,-14.52394],[33.68215,-14.52402],[33.68215,-14.52412],[33.68215,-14.52422],[33.68216,-14.52435],[33.68216,-14.52443],[33.68216,-14.52458],[33.68216,-14.52471],[33.68217,-14.52486],[33.68219,-14.52499],[33.68221,-14.52509],[33.68221,-14.52517],[33.6822,-14.52525],[33.68216,-14.52535],[33.68213,-14.52541],[33.68209,-14.52548],[33.68207,-14.52554],[33.68207,-14.5256],[33.68208,-14.52568],[33.6821,-14.52575],[33.68211,-14.52583],[33.68213,-14.52596],[33.68212,-14.52603],[33.6821,-14.52615],[33.68211,-14.52622],[33.68212,-14.52631],[33.68215,-14.52639],[33.68217,-14.52646],[33.6822,-14.52652],[33.68221,-14.5266],[33.68221,-14.52665],[33.68221,-14.52669],[33.6822,-14.52674],[33.68215,-14.52679],[33.68211,-14.52685],[33.68208,-14.5269],[33.68204,-14.52696],[33.68199,-14.52701],[33.68195,-14.52707],[33.68191,-14.52713],[33.68187,-14.52721],[33.68185,-14.52728],[33.68182,-14.52735],[33.68178,-14.52743],[33.68173,-14.52753],[33.68168,-14.52767],[33.68163,-14.52778],[33.68158,-14.5279],[33.68154,-14.52801],[33.68148,-14.52814],[33.68143,-14.52825],[33.68137,-14.52834],[33.68127,-14.52847],[33.68115,-14.5286],[33.68107,-14.5287],[33.68101,-14.52879],[33.68093,-14.5289],[33.68086,-14.52901],[33.6808,-14.5291],[33.68075,-14.52915],[33.6807,-14.52921],[33.68067,-14.52925],[33.68064,-14.52932],[33.68062,-14.52939],[33.68059,-14.52946],[33.68054,-14.52953],[33.68049,-14.52958],[33.68044,-14.52966],[33.6804,-14.52977],[33.68035,-14.52992],[33.6803,-14.53003],[33.6802,-14.53021],[33.68011,-14.53034],[33.68002,-14.53058],[33.67996,-14.5307],[33.67994,-14.53081],[33.67992,-14.53095],[33.67991,-14.53106],[33.6799,-14.53124],[33.67987,-14.53133],[33.67984,-14.53143],[33.6798,-14.53155],[33.67977,-14.53162],[33.67965,-14.53191],[33.67954,-14.53212],[33.67941,-14.53233],[33.67931,-14.53248],[33.67926,-14.53262],[33.67919,-14.53276],[33.67918,-14.5329],[33.67917,-14.53301],[33.67913,-14.53312],[33.67908,-14.53321],[33.67903,-14.5333],[33.67899,-14.53338],[33.67895,-14.53342],[33.67888,-14.53347],[33.67883,-14.53351],[33.67877,-14.5336],[33.67869,-14.53369],[33.67863,-14.5338],[33.67858,-14.53393],[33.67852,-14.53404],[33.67846,-14.53413],[33.67842,-14.53425],[33.67838,-14.53437],[33.67833,-14.53449],[33.67831,-14.53459],[33.6783,-14.5347],[33.67831,-14.53475],[33.67832,-14.53485],[33.67831,-14.53489],[33.67831,-14.53494],[33.67832,-14.53499],[33.67833,-14.53505],[33.67834,-14.53512],[33.67836,-14.53517],[33.67837,-14.53521],[33.67838,-14.53527],[33.67838,-14.5353],[33.67837,-14.53537],[33.67834,-14.53544],[33.67832,-14.53551],[33.67831,-14.53557],[33.67829,-14.53567],[33.67827,-14.53574],[33.67825,-14.53582],[33.67824,-14.5359],[33.67821,-14.53597],[33.67819,-14.53604],[33.67816,-14.53613],[33.67814,-14.53623],[33.67812,-14.53626],[33.67808,-14.5363],[33.67806,-14.53638],[33.67806,-14.53644],[33.67808,-14.53649],[33.67809,-14.53654],[33.67808,-14.5366],[33.67807,-14.53669],[33.67804,-14.53679],[33.67802,-14.53688],[33.67799,-14.53697],[33.67796,-14.53705],[33.67792,-14.53717],[33.67785,-14.53733],[33.67779,-14.53745],[33.67772,-14.53758],[33.67766,-14.53771],[33.67759,-14.53788],[33.67753,-14.53804],[33.67744,-14.53815],[33.67742,-14.53825],[33.67741,-14.53839],[33.6774,-14.53851],[33.67738,-14.53862],[33.67737,-14.53873],[33.67734,-14.53882],[33.67733,-14.5389],[33.67733,-14.53902],[33.67732,-14.53909],[33.6773,-14.53914],[33.67725,-14.53925],[33.67722,-14.53933],[33.6772,-14.53937],[33.67713,-14.53952],[33.67709,-14.53962],[33.67704,-14.53973],[33.67699,-14.53981],[33.67696,-14.53989],[33.67691,-14.53998],[33.67684,-14.5401],[33.67678,-14.54022],[33.67672,-14.5403],[33.67668,-14.54036],[33.67662,-14.54042],[33.67659,-14.54048],[33.67657,-14.54057],[33.67657,-14.54068],[33.67656,-14.5408],[33.67657,-14.54089],[33.67658,-14.54097],[33.67659,-14.54104]]},"properties":{"id":1182469869,"cls":"path","hw":"path","tg":"na","name":"","ref":"","surface":"","sc":"unknown","speed":null,"lit":"unk","km":2.1}},
{"type":"Feature","geometry":{"type":"LineString","coordinates":[[33.68405,-14.51747],[33.68401,-14.51764],[33.68382,-14.51775],[33.68334,-14.51795],[33.68287,-14.51821],[33.68267,-14.51849],[33.6821,-14.51865],[33.68161,-14.51885],[33.68151,-14.51893],[33.68135,-14.51913],[33.68129,-14.51907],[33.68126,-14.5193],[33.68132,-14.51966],[33.68141,-14.51977],[33.68142,-14.51984],[33.68142,-14.51992],[33.68142,-14.52001],[33.68142,-14.5201],[33.68142,-14.52016],[33.68143,-14.52023],[33.68143,-14.52028],[33.68143,-14.5204],[33.68143,-14.52049],[33.68142,-14.52055],[33.68142,-14.52064],[33.68143,-14.52072],[33.68145,-14.52081]]},"properties":{"id":1182469870,"cls":"path","hw":"path","tg":"na","name":"","ref":"","surface":"","sc":"unknown","speed":null,"lit":"unk","km":0.566}},
{"type":"Feature","geometry":{"type":"LineString","coordinates":[[33.66248,-14.52776],[33.66268,-14.52753],[33.66288,-14.52732],[33.66305,-14.52715],[33.66326,-14.5269],[33.66347,-14.52673],[33.66368,-14.5266],[33.66395,-14.52641],[33.66417,-14.52627],[33.66434,-14.52619],[33.66451,-14.52609],[33.66469,-14.52601],[33.66477,-14.526],[33.66485,-14.52598],[33.66493,-14.52594],[33.66499,-14.52592],[33.66505,-14.52591],[33.66512,-14.52592],[33.66517,-14.52594],[33.66526,-14.52595],[33.66532,-14.52596],[33.66538,-14.52597],[33.66546,-14.52596],[33.66562,-14.52596],[33.66567,-14.52596],[33.66571,-14.52597],[33.66574,-14.52597],[33.66577,-14.52596],[33.66584,-14.52595],[33.66589,-14.52595],[33.66596,-14.52593],[33.66602,-14.52591],[33.66608,-14.52591],[33.66614,-14.52589],[33.6662,-14.52588],[33.66626,-14.52587],[33.66635,-14.52586],[33.66645,-14.52584],[33.66655,-14.52583],[33.66662,-14.52582],[33.6667,-14.52582]]},"properties":{"id":1182469876,"cls":"path","hw":"path","tg":"na","name":"","ref":"","surface":"","sc":"unknown","speed":null,"lit":"unk","km":0.532}},
{"type":"Feature","geometry":{"type":"LineString","coordinates":[[33.66209,-14.5162],[33.66216,-14.51617],[33.66226,-14.51616],[33.66233,-14.51614],[33.66239,-14.51613],[33.66246,-14.51612],[33.66249,-14.51611],[33.66252,-14.51609],[33.66261,-14.5161],[33.66269,-14.51612],[33.66277,-14.51613],[33.66288,-14.51612],[33.66303,-14.51611],[33.6631,-14.51607],[33.66319,-14.51604],[33.66325,-14.51601],[33.66327,-14.51596],[33.66329,-14.51593],[33.66333,-14.51593],[33.66337,-14.51592],[33.66342,-14.51592],[33.66347,-14.51592],[33.66351,-14.51592],[33.66354,-14.51591],[33.66358,-14.51591],[33.6636,-14.5159],[33.66363,-14.51589],[33.66365,-14.51587],[33.66368,-14.51586],[33.66371,-14.51586],[33.66374,-14.51585],[33.66376,-14.51583],[33.66379,-14.51579],[33.6638,-14.51576],[33.66383,-14.51573],[33.66386,-14.5157],[33.66388,-14.51568],[33.6639,-14.51567],[33.66392,-14.51567],[33.66395,-14.51568],[33.66399,-14.51568],[33.66403,-14.51568],[33.66406,-14.51567],[33.6641,-14.51567],[33.66413,-14.51568],[33.66416,-14.51569],[33.66418,-14.51568],[33.66421,-14.51567],[33.66424,-14.51566],[33.66428,-14.51566],[33.66433,-14.51566],[33.66436,-14.51567],[33.66439,-14.51567],[33.66442,-14.51566],[33.66447,-14.51565],[33.66451,-14.51564],[33.66454,-14.51563],[33.66458,-14.51562],[33.66462,-14.51562],[33.66466,-14.51562],[33.6647,-14.51562],[33.66474,-14.51561],[33.66478,-14.51561],[33.66481,-14.5156],[33.66485,-14.51558],[33.6649,-14.51557],[33.66496,-14.51556],[33.66501,-14.51556],[33.66506,-14.51557],[33.66509,-14.51558],[33.66512,-14.51558],[33.66516,-14.51557],[33.6652,-14.51557],[33.66523,-14.51557],[33.66527,-14.51556],[33.6653,-14.51555],[33.66532,-14.51552],[33.66534,-14.51551],[33.66537,-14.5155],[33.66542,-14.51549],[33.66546,-14.5155],[33.66549,-14.5155],[33.66553,-14.51551],[33.66557,-14.5155],[33.6656,-14.51549],[33.66566,-14.51546],[33.66569,-14.51544],[33.66571,-14.51541],[33.66573,-14.51539],[33.66575,-14.51538],[33.66577,-14.51537],[33.6658,-14.51534],[33.66583,-14.51531],[33.66586,-14.51528],[33.66589,-14.51526],[33.66592,-14.51525],[33.66595,-14.51523],[33.66599,-14.51521],[33.66603,-14.5152],[33.66605,-14.51518],[33.66606,-14.51516],[33.66607,-14.51512],[33.66608,-14.5151],[33.66611,-14.51506],[33.66615,-14.51503],[33.6662,-14.515],[33.66623,-14.51498],[33.66625,-14.51496],[33.66626,-14.51493],[33.66628,-14.51491],[33.66632,-14.51486],[33.66638,-14.51483],[33.66642,-14.5148],[33.66647,-14.51476],[33.6665,-14.51474],[33.66654,-14.51472],[33.66658,-14.51469],[33.66662,-14.51464],[33.66667,-14.5146],[33.6667,-14.51455],[33.66674,-14.51449],[33.66679,-14.51447],[33.66684,-14.51447],[33.66688,-14.51448],[33.66691,-14.51448],[33.66696,-14.51446],[33.66702,-14.51444],[33.66704,-14.51443],[33.66707,-14.51442],[33.66711,-14.51442],[33.66714,-14.51445],[33.66717,-14.51446],[33.6672,-14.51445],[33.66724,-14.51442],[33.66728,-14.51441],[33.66735,-14.51439],[33.66741,-14.5144],[33.66745,-14.51441],[33.66752,-14.51443],[33.66758,-14.51443],[33.66763,-14.51444],[33.6677,-14.51446],[33.66777,-14.51447],[33.66785,-14.51447],[33.6679,-14.51447],[33.66796,-14.51448],[33.66801,-14.51449],[33.66808,-14.51449],[33.66815,-14.51447],[33.66822,-14.51444],[33.66828,-14.51441],[33.66834,-14.51437],[33.66839,-14.51431],[33.66842,-14.51423]]},"properties":{"id":1182480941,"cls":"path","hw":"path","tg":"na","name":"","ref":"","surface":"","sc":"unknown","speed":null,"lit":"unk","km":0.778}},
{"type":"Feature","geometry":{"type":"LineString","coordinates":[[33.68339,-14.50272],[33.68344,-14.50271],[33.68349,-14.50269],[33.68355,-14.50267],[33.68357,-14.50265],[33.68359,-14.50265],[33.68362,-14.50264],[33.68364,-14.50262],[33.68366,-14.5026],[33.68368,-14.50257],[33.68371,-14.50255],[33.68374,-14.50253],[33.68378,-14.5025],[33.6838,-14.50248],[33.68382,-14.50246],[33.68383,-14.50244],[33.68383,-14.50237],[33.68384,-14.50232],[33.68386,-14.50226],[33.68388,-14.50219],[33.68389,-14.50214],[33.6839,-14.50208],[33.68391,-14.502],[33.68392,-14.50193],[33.68393,-14.50187],[33.68394,-14.50183],[33.68395,-14.50181],[33.68398,-14.50179],[33.68399,-14.50177],[33.68401,-14.50174],[33.68401,-14.50169],[33.68403,-14.50165],[33.68404,-14.50162],[33.68404,-14.50161],[33.68404,-14.50159],[33.68404,-14.50155],[33.68404,-14.5015],[33.68405,-14.50147],[33.68407,-14.50143],[33.68409,-14.5014],[33.68413,-14.5013],[33.68426,-14.50119],[33.68433,-14.50113],[33.68438,-14.50109],[33.68441,-14.50104],[33.68444,-14.50095],[33.6845,-14.50086],[33.68454,-14.50081],[33.68458,-14.50076],[33.68471,-14.50065],[33.68476,-14.50061],[33.6848,-14.50057],[33.68482,-14.50052],[33.68485,-14.50049],[33.68487,-14.50043],[33.68492,-14.50039],[33.68495,-14.50035],[33.68499,-14.50027],[33.68503,-14.50022],[33.68509,-14.50016],[33.68516,-14.5001],[33.6852,-14.50003],[33.68523,-14.49998],[33.68529,-14.49995],[33.68534,-14.49992],[33.68538,-14.49989],[33.68543,-14.49985],[33.68548,-14.49982],[33.68554,-14.49979],[33.6856,-14.49971],[33.68566,-14.49965],[33.68568,-14.49961],[33.68569,-14.49957],[33.68573,-14.49951],[33.68578,-14.49944],[33.6858,-14.49937],[33.68581,-14.49926],[33.68581,-14.49919],[33.68581,-14.49913],[33.68586,-14.49903],[33.68591,-14.49892],[33.68596,-14.49884],[33.68599,-14.4988],[33.68603,-14.49871],[33.68612,-14.49859],[33.68617,-14.49849]]},"properties":{"id":1182480946,"cls":"path","hw":"path","tg":"na","name":"","ref":"","surface":"","sc":"unknown","speed":null,"lit":"unk","km":0.588}},
{"type":"Feature","geometry":{"type":"LineString","coordinates":[[33.675,-14.5145],[33.67508,-14.51441],[33.67517,-14.51432],[33.67524,-14.51426],[33.67532,-14.51417],[33.67538,-14.51409],[33.67546,-14.51402],[33.67556,-14.51394],[33.67566,-14.51383],[33.67575,-14.51373],[33.67587,-14.51365],[33.67597,-14.51358],[33.67603,-14.51352],[33.67609,-14.51347],[33.67613,-14.51344],[33.67619,-14.5134],[33.67626,-14.51333],[33.67632,-14.51325],[33.67634,-14.51319],[33.67637,-14.51315],[33.67642,-14.51311],[33.67648,-14.51305],[33.67655,-14.51299],[33.67661,-14.51293],[33.67667,-14.51285],[33.67673,-14.5128],[33.67679,-14.51273],[33.67685,-14.51265],[33.67693,-14.51253],[33.677,-14.51241],[33.67706,-14.51231],[33.67712,-14.51218],[33.67718,-14.5121],[33.67738,-14.51187],[33.67741,-14.51179],[33.67748,-14.51173],[33.67755,-14.51163],[33.67759,-14.51155],[33.6776,-14.51149],[33.6776,-14.51143],[33.6776,-14.51137],[33.67762,-14.51134],[33.67768,-14.51129],[33.67772,-14.51123],[33.67777,-14.5112],[33.67782,-14.51117],[33.67787,-14.51116],[33.67792,-14.51114],[33.67795,-14.51109],[33.678,-14.51099],[33.67808,-14.51087],[33.67813,-14.51079],[33.67818,-14.5107],[33.67821,-14.51061],[33.67823,-14.51053],[33.67824,-14.51045],[33.67827,-14.51036],[33.67832,-14.51029],[33.67837,-14.51026],[33.67842,-14.51025],[33.67847,-14.51022],[33.67853,-14.51013],[33.67859,-14.51002],[33.67861,-14.50992],[33.67863,-14.50984],[33.67869,-14.5097],[33.67876,-14.50956],[33.67877,-14.50945],[33.67878,-14.50937],[33.67881,-14.50931],[33.67886,-14.5092],[33.67889,-14.50908],[33.67893,-14.50893],[33.67896,-14.50885],[33.679,-14.50878],[33.67904,-14.50873],[33.67908,-14.5087],[33.67913,-14.50868],[33.67918,-14.50865],[33.67924,-14.50861],[33.6793,-14.50854],[33.67931,-14.50848],[33.6793,-14.50838],[33.67928,-14.50824],[33.67928,-14.5081],[33.67928,-14.50801],[33.6793,-14.50789],[33.67935,-14.50777],[33.67938,-14.50764],[33.67943,-14.50753],[33.67948,-14.50745],[33.67954,-14.50739],[33.6796,-14.50736],[33.67965,-14.50731],[33.67968,-14.50725],[33.6797,-14.50718],[33.67969,-14.50711],[33.67968,-14.50707],[33.67968,-14.507],[33.6797,-14.5068],[33.67975,-14.50671],[33.67978,-14.50669],[33.67983,-14.50666],[33.67989,-14.50662],[33.67996,-14.50656],[33.68001,-14.50651],[33.68006,-14.50642],[33.68014,-14.50633],[33.68016,-14.50628],[33.68018,-14.50619],[33.68022,-14.50611],[33.68023,-14.50609],[33.68023,-14.50606],[33.68021,-14.50603],[33.68018,-14.506],[33.68016,-14.50597],[33.68012,-14.50593],[33.68008,-14.50591],[33.68006,-14.50585],[33.68005,-14.50582],[33.68006,-14.5058],[33.68007,-14.50578],[33.6801,-14.50576],[33.68015,-14.50572],[33.68022,-14.50571],[33.68026,-14.5057],[33.68031,-14.50567],[33.68037,-14.50565],[33.6804,-14.5056],[33.68045,-14.50551],[33.68048,-14.50544],[33.68054,-14.50538],[33.68057,-14.50535],[33.68061,-14.5053],[33.68064,-14.50526],[33.68071,-14.50522],[33.68078,-14.50516],[33.68082,-14.50511],[33.68088,-14.50501],[33.68092,-14.50492],[33.68095,-14.50485],[33.68097,-14.50482],[33.68108,-14.50473],[33.68115,-14.50467],[33.68121,-14.50463],[33.68128,-14.5046],[33.68134,-14.50456],[33.68138,-14.50451],[33.68145,-14.50444],[33.6815,-14.50439],[33.68154,-14.50433],[33.68159,-14.50425],[33.68167,-14.50418],[33.68173,-14.50414],[33.68178,-14.50412],[33.68186,-14.50408],[33.68192,-14.50404],[33.68198,-14.504],[33.68203,-14.50396],[33.68211,-14.50393],[33.6822,-14.50389],[33.68228,-14.50382],[33.68236,-14.50377],[33.68243,-14.50372],[33.68248,-14.50368],[33.68253,-14.50362],[33.68257,-14.50356],[33.68262,-14.50351],[33.68265,-14.50347],[33.68269,-14.50343],[33.68272,-14.50339],[33.68274,-14.50334],[33.68275,-14.50331],[33.68278,-14.50329],[33.68281,-14.50328],[33.68285,-14.50327],[33.68287,-14.50324],[33.68289,-14.50322],[33.68292,-14.50321],[33.68295,-14.50318],[33.68299,-14.50315],[33.68301,-14.50313],[33.68304,-14.50312],[33.68307,-14.50311],[33.68308,-14.50308],[33.68311,-14.50306],[33.68315,-14.50303],[33.68319,-14.503],[33.68322,-14.50297],[33.68324,-14.50293],[33.68326,-14.5029],[33.68329,-14.50288],[33.68332,-14.50284],[33.68335,-14.5028],[33.68338,-14.50274],[33.68339,-14.50272],[33.6834,-14.50268],[33.6834,-14.50263],[33.6834,-14.50258],[33.68342,-14.50254],[33.68343,-14.50249],[33.68344,-14.50244],[33.68342,-14.50239],[33.68342,-14.50234],[33.68341,-14.50231],[33.6834,-14.50228],[33.68339,-14.50226],[33.68338,-14.5022],[33.6834,-14.50212]]},"properties":{"id":1182480947,"cls":"path","hw":"path","tg":"na","name":"","ref":"","surface":"","sc":"unknown","speed":null,"lit":"unk","km":1.767}},
{"type":"Feature","geometry":{"type":"LineString","coordinates":[[33.66965,-14.51982],[33.66968,-14.51966],[33.66972,-14.51955],[33.66973,-14.51942],[33.66975,-14.51921],[33.66974,-14.51903],[33.66973,-14.51888],[33.66973,-14.51881],[33.66977,-14.51871],[33.66982,-14.51864],[33.66993,-14.51855],[33.67,-14.51849],[33.67011,-14.51841],[33.67019,-14.51834],[33.67032,-14.51826],[33.67043,-14.51822],[33.67056,-14.51816],[33.67067,-14.51811],[33.67078,-14.51806],[33.67093,-14.51799],[33.67102,-14.51792],[33.67115,-14.51784],[33.6713,-14.51774],[33.6714,-14.51765],[33.67149,-14.5176],[33.67156,-14.51755],[33.67162,-14.51751],[33.67165,-14.51746],[33.67165,-14.51742],[33.67166,-14.51739],[33.67169,-14.51737],[33.67173,-14.51734],[33.67175,-14.51731],[33.67178,-14.51727],[33.67181,-14.51723],[33.67186,-14.51719],[33.67192,-14.51711],[33.67199,-14.51705],[33.67204,-14.517]]},"properties":{"id":1182480948,"cls":"path","hw":"path","tg":"na","name":"","ref":"","surface":"","sc":"unknown","speed":null,"lit":"unk","km":0.442}},
{"type":"Feature","geometry":{"type":"LineString","coordinates":[[33.68443,-14.50436],[33.68439,-14.50415],[33.68437,-14.504],[33.68435,-14.50389],[33.68431,-14.5038],[33.68422,-14.50369],[33.68415,-14.50359],[33.68407,-14.50345],[33.68402,-14.50336],[33.68397,-14.50325],[33.68392,-14.50316],[33.68387,-14.50303],[33.68384,-14.50291],[33.68382,-14.50279],[33.6838,-14.50264],[33.68374,-14.50253],[33.68365,-14.50241],[33.68356,-14.5023],[33.68346,-14.50222],[33.6834,-14.50212],[33.68332,-14.50202],[33.68326,-14.50196],[33.68321,-14.50186],[33.68314,-14.50177],[33.68308,-14.50168],[33.68301,-14.5016],[33.68293,-14.50152],[33.68284,-14.50146],[33.68274,-14.50139],[33.68268,-14.50134],[33.68257,-14.50122],[33.68248,-14.50115],[33.68238,-14.50106],[33.68229,-14.50098],[33.6822,-14.50087],[33.68215,-14.5008],[33.68208,-14.50072],[33.68204,-14.50063],[33.682,-14.50054],[33.68192,-14.50045],[33.68183,-14.50037],[33.68176,-14.50029],[33.68171,-14.50023],[33.68164,-14.50016],[33.68154,-14.50007],[33.68148,-14.50001],[33.68139,-14.49995],[33.68126,-14.49987],[33.68115,-14.49981],[33.68105,-14.49977],[33.68096,-14.49971],[33.68086,-14.49963],[33.68076,-14.49953],[33.68065,-14.4994],[33.68061,-14.49935],[33.68055,-14.49929],[33.68048,-14.49922],[33.6804,-14.49912],[33.68031,-14.49902],[33.68025,-14.49894],[33.68021,-14.49887],[33.68014,-14.49882],[33.68007,-14.49877],[33.67993,-14.49868],[33.67985,-14.49862],[33.67978,-14.49857],[33.67964,-14.49851],[33.67955,-14.49847],[33.67951,-14.49844],[33.67942,-14.49834],[33.67934,-14.49822],[33.67926,-14.49811],[33.67921,-14.49802],[33.67913,-14.49797],[33.67901,-14.49791],[33.67895,-14.49785],[33.67888,-14.49777],[33.67879,-14.49772],[33.67873,-14.49766],[33.67866,-14.49763],[33.67854,-14.49755],[33.67838,-14.49747],[33.67825,-14.49739],[33.67824,-14.49738],[33.67808,-14.49725],[33.6779,-14.49714],[33.67772,-14.49703],[33.67754,-14.49696],[33.6773,-14.49691],[33.67712,-14.49688],[33.677,-14.49685],[33.67684,-14.49682],[33.67666,-14.49681],[33.67657,-14.49678],[33.6765,-14.49673],[33.6764,-14.49666],[33.6763,-14.49655],[33.67617,-14.49647],[33.676,-14.49636],[33.67582,-14.4962],[33.67571,-14.49613],[33.67561,-14.49604],[33.67555,-14.49594],[33.6755,-14.49588],[33.67543,-14.49581],[33.67532,-14.49569],[33.67517,-14.49554],[33.6751,-14.49546],[33.67501,-14.49534],[33.67496,-14.49526],[33.67486,-14.4951],[33.67485,-14.49503],[33.67485,-14.49497],[33.67484,-14.49492],[33.67483,-14.49477],[33.67483,-14.49468],[33.67482,-14.49464],[33.67479,-14.4945],[33.67477,-14.49441],[33.67476,-14.49426],[33.67474,-14.49417],[33.67475,-14.49405],[33.67475,-14.49394],[33.67472,-14.49381],[33.67465,-14.49362],[33.67461,-14.4935],[33.67459,-14.4934],[33.67458,-14.49329],[33.67455,-14.49316],[33.6745,-14.49304],[33.67447,-14.49294],[33.67447,-14.49283],[33.67447,-14.4927],[33.67446,-14.4926],[33.67446,-14.49253],[33.67443,-14.49245],[33.67442,-14.49236],[33.67442,-14.49227],[33.67441,-14.4922],[33.67441,-14.49213],[33.67442,-14.49202],[33.67442,-14.49189],[33.67443,-14.49179],[33.67445,-14.49156],[33.67445,-14.49141],[33.67446,-14.49129],[33.67449,-14.4912],[33.67452,-14.49108],[33.67458,-14.49098],[33.67459,-14.49087],[33.67461,-14.49067],[33.67465,-14.49051],[33.67464,-14.49043],[33.67466,-14.49032],[33.67466,-14.49022],[33.67462,-14.4901],[33.67458,-14.49001],[33.67455,-14.48993],[33.67454,-14.48984],[33.67457,-14.48969],[33.67457,-14.48961],[33.67459,-14.48951],[33.67459,-14.48947],[33.67457,-14.48939],[33.67455,-14.48927],[33.67453,-14.48907],[33.67452,-14.4889],[33.67451,-14.48869],[33.67449,-14.48854],[33.67449,-14.48833],[33.67443,-14.48814],[33.67439,-14.48798],[33.67436,-14.48775],[33.67436,-14.48756],[33.67437,-14.48736]]},"properties":{"id":1182480950,"cls":"unclassified","hw":"unclassified","tg":"na","name":"","ref":"","surface":"","sc":"unknown","speed":null,"lit":"unk","km":2.396}},
{"type":"Feature","geometry":{"type":"LineString","coordinates":[[33.67265,-14.50041],[33.67266,-14.50038],[33.67271,-14.50033],[33.67274,-14.50028],[33.67275,-14.50022],[33.67275,-14.50017],[33.67276,-14.50014],[33.6728,-14.50007],[33.67282,-14.50003],[33.67283,-14.5],[33.67287,-14.49995],[33.67288,-14.49992],[33.67292,-14.49989],[33.67294,-14.49986],[33.67297,-14.49982],[33.67298,-14.49976],[33.673,-14.49969],[33.67301,-14.49961],[33.67301,-14.49956],[33.67301,-14.4995],[33.67302,-14.49945],[33.67304,-14.4994],[33.67307,-14.49936],[33.6731,-14.49932],[33.67312,-14.4993],[33.67313,-14.49927],[33.67314,-14.49925],[33.67315,-14.49922],[33.67316,-14.49916],[33.67316,-14.49908],[33.67317,-14.49901],[33.67317,-14.49897],[33.67317,-14.49893],[33.67319,-14.49891],[33.67322,-14.49889],[33.67324,-14.49887],[33.67325,-14.49884],[33.67324,-14.4988],[33.67323,-14.49876],[33.67322,-14.49873],[33.6732,-14.4987],[33.67321,-14.49867],[33.67324,-14.49864],[33.67326,-14.49861],[33.67328,-14.49859],[33.67329,-14.49856],[33.6733,-14.49853],[33.67333,-14.4985],[33.67334,-14.49845],[33.67333,-14.49839],[33.67333,-14.49834],[33.67336,-14.49828],[33.67338,-14.49818],[33.6734,-14.49808],[33.67344,-14.49793],[33.67347,-14.49781],[33.67352,-14.49768],[33.67356,-14.49759],[33.67357,-14.49752],[33.67362,-14.49742],[33.67368,-14.49733],[33.67372,-14.49728],[33.67376,-14.49724],[33.67381,-14.49715],[33.67385,-14.49704],[33.6739,-14.49697],[33.67394,-14.49693],[33.67396,-14.49687],[33.67402,-14.49675],[33.67403,-14.49666],[33.67405,-14.49659],[33.67409,-14.49651],[33.67414,-14.49639],[33.67416,-14.49631],[33.67417,-14.49622],[33.67419,-14.49615],[33.67424,-14.49603],[33.67431,-14.49593],[33.67434,-14.49586],[33.67435,-14.4958],[33.67437,-14.49576],[33.67444,-14.49572],[33.67449,-14.49566],[33.67451,-14.4956],[33.67451,-14.49551],[33.67453,-14.49547],[33.67456,-14.49542],[33.67459,-14.49535],[33.67459,-14.49529],[33.67463,-14.49522],[33.67468,-14.49515],[33.67475,-14.49507],[33.67482,-14.495],[33.67485,-14.49497]]},"properties":{"id":1182480951,"cls":"path","hw":"path","tg":"na","name":"","ref":"","surface":"","sc":"unknown","speed":null,"lit":"unk","km":0.673}},
{"type":"Feature","geometry":{"type":"LineString","coordinates":[[33.67053,-14.50288],[33.67057,-14.50284],[33.67062,-14.50281],[33.67067,-14.50278],[33.6707,-14.50275],[33.67073,-14.50273],[33.67076,-14.5027],[33.67079,-14.50267],[33.67081,-14.50264],[33.67084,-14.50261],[33.67087,-14.50259],[33.67092,-14.50256],[33.67096,-14.50253],[33.67099,-14.50251],[33.67102,-14.50248],[33.67105,-14.50245],[33.67107,-14.50241],[33.67108,-14.5024],[33.67112,-14.50236],[33.67115,-14.50233],[33.6712,-14.50231],[33.67123,-14.50228],[33.67125,-14.50225],[33.67128,-14.50222],[33.67131,-14.50219],[33.67133,-14.50216],[33.67135,-14.50211],[33.67138,-14.50208],[33.67141,-14.50205],[33.67144,-14.50202],[33.67146,-14.502],[33.67148,-14.50197],[33.6715,-14.50194],[33.67151,-14.50192],[33.67153,-14.50188],[33.67156,-14.50185],[33.67158,-14.50183],[33.67161,-14.50182],[33.67162,-14.5018],[33.67165,-14.50176],[33.67168,-14.50173],[33.67171,-14.50169],[33.67174,-14.50166],[33.67178,-14.50162],[33.67181,-14.5016],[33.67186,-14.50156],[33.67189,-14.50154],[33.67192,-14.50151],[33.67193,-14.50148],[33.67195,-14.50144],[33.67197,-14.50141],[33.672,-14.50138],[33.67203,-14.50135],[33.67205,-14.50133],[33.67206,-14.50131],[33.67207,-14.50129],[33.67208,-14.50126],[33.67209,-14.50122],[33.6721,-14.50119],[33.67212,-14.50115],[33.67213,-14.50112],[33.67216,-14.50108],[33.67218,-14.50103],[33.6722,-14.501],[33.67222,-14.50097],[33.67225,-14.50094],[33.67227,-14.50092],[33.6723,-14.50088],[33.67233,-14.50084],[33.67236,-14.5008],[33.6724,-14.50076],[33.67243,-14.50072],[33.67245,-14.5007],[33.6725,-14.50064],[33.67254,-14.50059],[33.67257,-14.50054],[33.67259,-14.50049],[33.67262,-14.50044],[33.67265,-14.50041],[33.67268,-14.50039],[33.67272,-14.50036],[33.67277,-14.50035],[33.67284,-14.50033],[33.67287,-14.50031],[33.67291,-14.50029],[33.67297,-14.50027],[33.67302,-14.50025],[33.67307,-14.50023],[33.6731,-14.50022],[33.67314,-14.50021],[33.67318,-14.50021],[33.67322,-14.5002],[33.67327,-14.50019],[33.67332,-14.50018],[33.67336,-14.50018],[33.67348,-14.50017],[33.67351,-14.50016],[33.67353,-14.50016],[33.67362,-14.50015],[33.67365,-14.50014],[33.67368,-14.50014],[33.67372,-14.50013],[33.67377,-14.50013],[33.67381,-14.50013],[33.67385,-14.50013],[33.67387,-14.50013],[33.6739,-14.50014],[33.67392,-14.50015],[33.67395,-14.50015],[33.67396,-14.50013],[33.67399,-14.50011],[33.67402,-14.50009],[33.67404,-14.50008],[33.67407,-14.50007],[33.67411,-14.50004],[33.67414,-14.50003],[33.67416,-14.50001],[33.67417,-14.5],[33.67418,-14.49998],[33.6742,-14.49997],[33.67421,-14.49997],[33.67423,-14.49996],[33.67424,-14.49995],[33.67426,-14.49992],[33.67428,-14.4999],[33.6743,-14.49989],[33.67433,-14.49987],[33.67434,-14.49986],[33.67436,-14.49984],[33.67439,-14.49983],[33.67441,-14.49983],[33.67442,-14.49982],[33.67444,-14.49982],[33.67446,-14.49981],[33.67448,-14.49981],[33.67451,-14.49981],[33.67454,-14.4998],[33.67456,-14.49979],[33.67459,-14.49976],[33.67461,-14.49975],[33.67463,-14.49975],[33.67465,-14.49974],[33.67467,-14.49973],[33.67469,-14.49971],[33.67471,-14.4997],[33.67474,-14.49968],[33.67476,-14.49967],[33.6748,-14.49967],[33.67482,-14.49967],[33.67486,-14.49967],[33.67489,-14.49966],[33.67491,-14.49965],[33.67494,-14.49965],[33.67498,-14.49966],[33.67501,-14.49965],[33.67505,-14.49965],[33.67508,-14.49965],[33.6751,-14.49963],[33.67513,-14.4996],[33.67515,-14.49958],[33.67516,-14.49957],[33.67519,-14.49957],[33.67522,-14.49956],[33.67524,-14.49954],[33.67527,-14.49952],[33.6753,-14.49949],[33.67531,-14.49948],[33.67533,-14.49948],[33.67535,-14.49948],[33.67538,-14.49947],[33.6754,-14.49945],[33.67543,-14.49944],[33.67547,-14.49942],[33.67549,-14.49942],[33.67552,-14.49941],[33.67556,-14.49941],[33.67559,-14.4994],[33.67564,-14.4994],[33.67567,-14.49941],[33.67569,-14.4994],[33.67571,-14.49939],[33.67575,-14.49937],[33.67578,-14.49936],[33.67581,-14.49935],[33.67585,-14.49935],[33.67588,-14.49935],[33.67591,-14.49934],[33.67595,-14.49935],[33.67598,-14.49933],[33.676,-14.49932],[33.67602,-14.49932],[33.67604,-14.49931],[33.67606,-14.4993],[33.67607,-14.49929],[33.67608,-14.49929],[33.6761,-14.49929],[33.67613,-14.49929],[33.67615,-14.49928],[33.67617,-14.49927],[33.6762,-14.49926],[33.67624,-14.49926],[33.67629,-14.49925],[33.67632,-14.49924],[33.67635,-14.49924],[33.67639,-14.49923],[33.67642,-14.49921],[33.67644,-14.4992],[33.67651,-14.49918],[33.67655,-14.49917],[33.67658,-14.49916],[33.67661,-14.49915],[33.67664,-14.49913],[33.67667,-14.49911],[33.67669,-14.4991],[33.67672,-14.49908],[33.67677,-14.49907],[33.67681,-14.49906],[33.67685,-14.49904],[33.67689,-14.49902],[33.67692,-14.49901],[33.67694,-14.499],[33.67695,-14.49897],[33.67698,-14.49893],[33.67699,-14.4989],[33.67703,-14.49885],[33.67706,-14.49882],[33.6771,-14.49876],[33.67715,-14.49872],[33.6772,-14.49868],[33.67723,-14.49866],[33.67726,-14.49864],[33.67731,-14.4986],[33.67733,-14.49857],[33.67735,-14.49856],[33.67737,-14.49853],[33.67737,-14.49851],[33.67736,-14.49849],[33.67741,-14.49838],[33.67755,-14.49823],[33.67774,-14.4981],[33.67782,-14.49801],[33.67786,-14.49797],[33.67793,-14.49793],[33.67797,-14.49786],[33.67802,-14.49777],[33.67807,-14.49773],[33.6781,-14.4977],[33.67809,-14.49765],[33.67809,-14.49762],[33.67811,-14.4976],[33.67812,-14.49757],[33.67813,-14.49754],[33.67813,-14.4975],[33.67816,-14.49746],[33.67821,-14.49742],[33.67825,-14.49739],[33.67831,-14.49733],[33.67836,-14.49727],[33.67838,-14.49721],[33.67838,-14.49717],[33.67839,-14.49712],[33.67839,-14.49705],[33.67841,-14.497],[33.67842,-14.49696],[33.67843,-14.4969],[33.67843,-14.49684],[33.67846,-14.49679],[33.67852,-14.49671],[33.67856,-14.49665],[33.67859,-14.49662],[33.67863,-14.49659],[33.67867,-14.49657],[33.67868,-14.49654],[33.6787,-14.49651],[33.67873,-14.49648],[33.67875,-14.49645],[33.67877,-14.49638],[33.6788,-14.49633],[33.67885,-14.49628],[33.67886,-14.49623],[33.67887,-14.49614],[33.67888,-14.49607],[33.67893,-14.49598],[33.67896,-14.49593],[33.67899,-14.49591],[33.67902,-14.49587],[33.67909,-14.49579],[33.67917,-14.49569],[33.6792,-14.49565],[33.67923,-14.49558],[33.67925,-14.49549],[33.67928,-14.49537],[33.6793,-14.49531],[33.67933,-14.49527],[33.67936,-14.49524],[33.67937,-14.49519],[33.6794,-14.49513],[33.67942,-14.49507],[33.67946,-14.49502],[33.67952,-14.49498],[33.67958,-14.49494],[33.67965,-14.4949],[33.67968,-14.49489],[33.6797,-14.49485],[33.67972,-14.49478],[33.67977,-14.4947],[33.67982,-14.49465],[33.67985,-14.49461],[33.67989,-14.4946],[33.67991,-14.49457],[33.67996,-14.49451],[33.68001,-14.49448],[33.68006,-14.49445],[33.68011,-14.49438],[33.68015,-14.4943],[33.68019,-14.49421],[33.68023,-14.49415],[33.68031,-14.49405],[33.68034,-14.49402],[33.68037,-14.49393],[33.68046,-14.49384],[33.68054,-14.49377],[33.68064,-14.4937],[33.68071,-14.49366],[33.68074,-14.49361],[33.68079,-14.49352],[33.68088,-14.49345],[33.68093,-14.49342],[33.68101,-14.49333],[33.68117,-14.49325],[33.68126,-14.49322],[33.68135,-14.49321],[33.68149,-14.49319],[33.68163,-14.49315],[33.6817,-14.49313],[33.68174,-14.4931],[33.68177,-14.49307],[33.68183,-14.49306],[33.68191,-14.49303],[33.68202,-14.49298],[33.68211,-14.49295],[33.68216,-14.49292],[33.68223,-14.49287],[33.68231,-14.49282],[33.68234,-14.4928],[33.68238,-14.49275],[33.68243,-14.4927],[33.68251,-14.49264],[33.68264,-14.49256],[33.68271,-14.49252],[33.68283,-14.49246],[33.68289,-14.49241],[33.68294,-14.49233],[33.68301,-14.49226],[33.68313,-14.49219],[33.68318,-14.49215],[33.68323,-14.49213],[33.68328,-14.4921],[33.68332,-14.49207],[33.68337,-14.49202],[33.68345,-14.49196],[33.68351,-14.4919],[33.68356,-14.49183],[33.68362,-14.49173],[33.68364,-14.49168],[33.6837,-14.49161],[33.68373,-14.49154],[33.68383,-14.49141],[33.68393,-14.49131],[33.68402,-14.49122],[33.68411,-14.4911]]},"properties":{"id":1182480952,"cls":"path","hw":"path","tg":"na","name":"","ref":"","surface":"","sc":"unknown","speed":null,"lit":"unk","km":2.106}},
{"type":"Feature","geometry":{"type":"LineString","coordinates":[[33.66253,-14.50982],[33.66252,-14.50974],[33.66255,-14.50961],[33.66256,-14.50953],[33.66257,-14.50945],[33.66257,-14.5094],[33.66257,-14.50934],[33.6626,-14.50927],[33.66263,-14.50919],[33.66267,-14.50913],[33.66269,-14.50907],[33.66271,-14.50904],[33.66274,-14.50903],[33.66276,-14.509],[33.66278,-14.50896],[33.66278,-14.50893],[33.6628,-14.50892],[33.66281,-14.5089],[33.66282,-14.50887],[33.66286,-14.50883],[33.66289,-14.50878],[33.66293,-14.50872],[33.66295,-14.50869],[33.66299,-14.50866],[33.66303,-14.50861],[33.66307,-14.50857],[33.66312,-14.5085],[33.66317,-14.50844],[33.66324,-14.50838],[33.66331,-14.50832],[33.66338,-14.50827],[33.66344,-14.50823],[33.66348,-14.50818],[33.66351,-14.50814],[33.66353,-14.50809],[33.66357,-14.50804],[33.66362,-14.50801],[33.66367,-14.50796],[33.66372,-14.50792],[33.66378,-14.50786],[33.66385,-14.50781],[33.66389,-14.50778],[33.66391,-14.50775],[33.66393,-14.50772],[33.66394,-14.50768],[33.66397,-14.50766],[33.66402,-14.50762],[33.66405,-14.50759],[33.66411,-14.50753],[33.66413,-14.5075],[33.66417,-14.50744],[33.66422,-14.50738],[33.66427,-14.50736],[33.6643,-14.50733],[33.66433,-14.5073],[33.66435,-14.50726],[33.6644,-14.50723],[33.66446,-14.50719],[33.66453,-14.50714],[33.66459,-14.50709],[33.66465,-14.50704],[33.66472,-14.507],[33.66477,-14.50696],[33.66481,-14.50693],[33.66486,-14.50692],[33.66489,-14.50689],[33.665,-14.50685],[33.66507,-14.50682],[33.66511,-14.50679],[33.66514,-14.50675],[33.66521,-14.5067],[33.66529,-14.50667],[33.66535,-14.50667],[33.66537,-14.50666],[33.6654,-14.50665],[33.66543,-14.50664],[33.66547,-14.50665],[33.66552,-14.50665],[33.66556,-14.50664],[33.66559,-14.50661],[33.66561,-14.50659],[33.66562,-14.50656],[33.66563,-14.50655],[33.66565,-14.50652],[33.66567,-14.50652],[33.66568,-14.5065],[33.66568,-14.50646],[33.6657,-14.50643],[33.66572,-14.50641],[33.66577,-14.50637],[33.66582,-14.50634],[33.66586,-14.50632],[33.6659,-14.50629],[33.66597,-14.50627],[33.66601,-14.50624],[33.66605,-14.50622],[33.66608,-14.50619],[33.66613,-14.50616],[33.66617,-14.50613],[33.66618,-14.5061],[33.6662,-14.50606],[33.66623,-14.50603],[33.66627,-14.50602],[33.66629,-14.50602],[33.66631,-14.50601],[33.66635,-14.50598],[33.66638,-14.50596],[33.66642,-14.50594],[33.66646,-14.50595],[33.6665,-14.50595],[33.66661,-14.50594],[33.66666,-14.50591],[33.6667,-14.50588],[33.66674,-14.50585],[33.66678,-14.50584],[33.66681,-14.50585],[33.66684,-14.50585],[33.66688,-14.50583],[33.66693,-14.50583],[33.66698,-14.50581],[33.66704,-14.50577],[33.6671,-14.50572],[33.66714,-14.50569],[33.66717,-14.50566],[33.66721,-14.50561],[33.66724,-14.50558],[33.66725,-14.50554],[33.66729,-14.50552],[33.66731,-14.50549],[33.66735,-14.50544],[33.66737,-14.50541],[33.66741,-14.50537],[33.66741,-14.50535],[33.66742,-14.50531],[33.66743,-14.50528],[33.66745,-14.50525],[33.66748,-14.50519],[33.66753,-14.50515],[33.66758,-14.5051],[33.66761,-14.50507],[33.66765,-14.50504],[33.66769,-14.50501],[33.66773,-14.50499],[33.66779,-14.50496],[33.66784,-14.50494],[33.66788,-14.50493],[33.66794,-14.50493],[33.668,-14.50492],[33.66805,-14.50491],[33.6681,-14.50491],[33.66816,-14.50489],[33.6682,-14.50488],[33.66825,-14.50488],[33.66833,-14.50487],[33.66838,-14.50486],[33.66843,-14.50485],[33.6685,-14.50485],[33.66855,-14.50484],[33.66861,-14.50485],[33.66865,-14.50482],[33.66872,-14.5048],[33.66882,-14.50477],[33.66887,-14.50473],[33.66892,-14.50472],[33.66897,-14.50471],[33.66902,-14.50468],[33.66907,-14.50462],[33.6691,-14.5046],[33.66915,-14.50453],[33.66919,-14.50445],[33.66923,-14.50438],[33.66927,-14.50434],[33.66932,-14.50429],[33.66936,-14.50423],[33.6694,-14.50419],[33.66944,-14.50416],[33.66948,-14.50411],[33.66954,-14.50407],[33.6696,-14.50402],[33.66967,-14.50396],[33.66976,-14.5039],[33.66978,-14.50388],[33.66984,-14.50383],[33.66992,-14.50376],[33.66998,-14.50372],[33.67006,-14.50363],[33.67012,-14.50355],[33.67021,-14.50343],[33.67028,-14.50333],[33.67032,-14.50326],[33.67035,-14.50322],[33.67039,-14.50318],[33.67041,-14.50315],[33.67043,-14.50309],[33.67044,-14.50302],[33.67046,-14.50294],[33.6705,-14.50289],[33.67052,-14.50285]]},"properties":{"id":1182480953,"cls":"path","hw":"path","tg":"na","name":"","ref":"","surface":"","sc":"unknown","speed":null,"lit":"unk","km":1.244}},
{"type":"Feature","geometry":{"type":"LineString","coordinates":[[33.6791,-14.51206],[33.67879,-14.512],[33.67856,-14.51194],[33.67818,-14.51184],[33.67776,-14.51181],[33.67741,-14.51179],[33.67715,-14.51177],[33.67688,-14.51177],[33.67675,-14.51176],[33.67662,-14.51175],[33.67639,-14.51174],[33.67626,-14.51173],[33.67611,-14.51171],[33.67594,-14.51167],[33.67583,-14.51166],[33.6757,-14.51166],[33.67557,-14.51165],[33.67548,-14.51162],[33.67533,-14.5116],[33.67522,-14.51159],[33.67508,-14.51155],[33.6749,-14.51153],[33.67473,-14.5115],[33.67462,-14.51148],[33.6745,-14.51146],[33.67437,-14.51142],[33.67425,-14.51138],[33.67413,-14.51128],[33.67399,-14.51122],[33.67385,-14.51114],[33.67369,-14.51108],[33.67352,-14.51103],[33.6734,-14.51103],[33.67326,-14.51102],[33.67312,-14.511],[33.67298,-14.51099],[33.67288,-14.51095],[33.67277,-14.51092],[33.67266,-14.51091],[33.6726,-14.5109],[33.67251,-14.5109],[33.67241,-14.51088],[33.6723,-14.51086],[33.67222,-14.51083],[33.67214,-14.51082],[33.67201,-14.51078],[33.6719,-14.51076],[33.6718,-14.51075],[33.67174,-14.51073],[33.67168,-14.51071],[33.67161,-14.51069],[33.67153,-14.51066],[33.67145,-14.51063],[33.67134,-14.51059],[33.67124,-14.51055],[33.67117,-14.51051],[33.67112,-14.51047],[33.67106,-14.51044],[33.67098,-14.5104],[33.67084,-14.51038],[33.67073,-14.51034],[33.67071,-14.51035],[33.67066,-14.51032],[33.67055,-14.51029],[33.67039,-14.51025],[33.67028,-14.51023],[33.67017,-14.51021],[33.67007,-14.51019],[33.66999,-14.51017],[33.66991,-14.51015],[33.66984,-14.51015],[33.66978,-14.51014],[33.66971,-14.5101],[33.66962,-14.51007],[33.6695,-14.51003],[33.6694,-14.51001],[33.66928,-14.50999],[33.66918,-14.50998],[33.66913,-14.50997],[33.66905,-14.50993],[33.669,-14.50992],[33.66885,-14.50987],[33.66879,-14.50987],[33.6687,-14.50986],[33.6686,-14.50986],[33.66852,-14.50984],[33.66838,-14.50982],[33.66825,-14.50983],[33.66803,-14.50977],[33.66787,-14.50972],[33.66775,-14.50971],[33.66765,-14.50971],[33.66755,-14.5097],[33.66736,-14.50968],[33.66732,-14.50965],[33.66724,-14.50965],[33.66708,-14.50962],[33.66692,-14.50961],[33.66682,-14.50959],[33.66672,-14.50958],[33.66662,-14.50957],[33.66648,-14.50955],[33.6664,-14.50953],[33.66632,-14.50952],[33.66621,-14.50953],[33.66609,-14.50954],[33.66594,-14.50955],[33.66581,-14.50955],[33.66571,-14.50956],[33.66561,-14.50957],[33.66552,-14.50957],[33.66544,-14.50957],[33.66531,-14.50959],[33.66521,-14.5096],[33.66506,-14.50961],[33.66496,-14.50961],[33.66486,-14.50962],[33.66477,-14.50964],[33.66469,-14.50965],[33.66456,-14.50967],[33.6645,-14.50969],[33.66446,-14.5097],[33.66443,-14.50971],[33.6644,-14.5097],[33.66434,-14.50969],[33.66431,-14.50967],[33.66426,-14.50968],[33.66421,-14.50969],[33.66412,-14.50969],[33.66402,-14.50968],[33.66393,-14.50967],[33.66383,-14.50966],[33.66374,-14.50965],[33.66366,-14.50965],[33.66359,-14.50965],[33.66352,-14.50966],[33.66343,-14.50967],[33.66334,-14.50968],[33.66327,-14.50972],[33.66322,-14.50971],[33.66317,-14.50971],[33.66311,-14.50971],[33.66306,-14.50969],[33.66295,-14.50966],[33.66284,-14.50965],[33.66277,-14.50966],[33.66273,-14.50968],[33.66267,-14.50971],[33.66259,-14.50977],[33.66253,-14.50982],[33.66244,-14.50996],[33.6624,-14.51002],[33.66236,-14.51005],[33.66231,-14.5101],[33.66225,-14.51014],[33.66214,-14.51018]]},"properties":{"id":1182480954,"cls":"path","hw":"path","tg":"na","name":"","ref":"","surface":"","sc":"unknown","speed":null,"lit":"unk","km":1.9}},
{"type":"Feature","geometry":{"type":"LineString","coordinates":[[33.66207,-14.6029],[33.66193,-14.60291],[33.66181,-14.60294],[33.66168,-14.60298],[33.66161,-14.60301],[33.66158,-14.60305],[33.66156,-14.6031],[33.66154,-14.6032],[33.66148,-14.60324],[33.66136,-14.6033]]},"properties":{"id":1182521963,"cls":"unclassified","hw":"unclassified","tg":"na","name":"","ref":"","surface":"","sc":"unknown","speed":null,"lit":"unk","km":0.097}},
{"type":"Feature","geometry":{"type":"LineString","coordinates":[[33.65686,-14.60364],[33.65691,-14.60363],[33.65695,-14.60366],[33.65698,-14.60371],[33.657,-14.60378],[33.65704,-14.60382],[33.65709,-14.60388],[33.65715,-14.60395],[33.65718,-14.60405],[33.65726,-14.6042],[33.65728,-14.6043],[33.65737,-14.60445],[33.65746,-14.60455],[33.65764,-14.60468],[33.65769,-14.60472],[33.65776,-14.60481],[33.6578,-14.60491]]},"properties":{"id":1182560896,"cls":"track","hw":"track","tg":"none","name":"","ref":"","surface":"","sc":"unknown","speed":null,"lit":"unk","km":0.182}},
{"type":"Feature","geometry":{"type":"LineString","coordinates":[[33.65304,-14.60445],[33.6529,-14.6045],[33.65274,-14.60456],[33.65257,-14.60462],[33.65241,-14.60465],[33.65222,-14.60468],[33.65212,-14.60471],[33.65208,-14.60476],[33.65204,-14.60483],[33.65199,-14.60491]]},"properties":{"id":1182577592,"cls":"path","hw":"path","tg":"na","name":"","ref":"","surface":"","sc":"unknown","speed":null,"lit":"unk","km":0.13}},
{"type":"Feature","geometry":{"type":"LineString","coordinates":[[33.65212,-14.60471],[33.65193,-14.60473],[33.65181,-14.60477],[33.65177,-14.60477],[33.65169,-14.6048],[33.65159,-14.60482],[33.65144,-14.60484],[33.65134,-14.60486]]},"properties":{"id":1182577593,"cls":"path","hw":"path","tg":"na","name":"","ref":"","surface":"","sc":"unknown","speed":null,"lit":"unk","km":0.086}},
{"type":"Feature","geometry":{"type":"LineString","coordinates":[[33.65008,-14.59742],[33.65019,-14.59754],[33.65029,-14.59772],[33.65057,-14.59807],[33.65067,-14.59821],[33.65073,-14.59833],[33.65086,-14.59848],[33.65108,-14.59872],[33.65133,-14.59898],[33.65137,-14.59903],[33.65152,-14.59919],[33.65164,-14.59937],[33.65176,-14.59955],[33.65206,-14.59981],[33.65216,-14.59988],[33.65226,-14.59995],[33.65251,-14.6],[33.65281,-14.60021]]},"properties":{"id":1182577594,"cls":"track","hw":"track","tg":"none","name":"","ref":"","surface":"","sc":"unknown","speed":null,"lit":"unk","km":0.436}},
{"type":"Feature","geometry":{"type":"LineString","coordinates":[[33.64619,-14.59859],[33.64635,-14.59854],[33.64656,-14.59852],[33.64669,-14.59852],[33.64681,-14.5985],[33.64708,-14.59854],[33.64751,-14.59858],[33.64775,-14.5986],[33.64791,-14.5986],[33.6481,-14.59855],[33.64842,-14.59837],[33.64857,-14.59829],[33.64869,-14.59825],[33.64897,-14.59821],[33.64907,-14.59818],[33.64931,-14.59814],[33.6494,-14.59811],[33.64954,-14.598],[33.64978,-14.59784],[33.64997,-14.59774],[33.65015,-14.59771],[33.65029,-14.59772],[33.65043,-14.59773],[33.65067,-14.59777],[33.65083,-14.59786],[33.65113,-14.59795],[33.65129,-14.59803],[33.65136,-14.59807],[33.65149,-14.5981],[33.65167,-14.59814],[33.65179,-14.59819],[33.65191,-14.59828],[33.652,-14.59838],[33.65216,-14.59843],[33.65226,-14.59846]]},"properties":{"id":1182577595,"cls":"track","hw":"track","tg":"none","name":"","ref":"","surface":"","sc":"unknown","speed":null,"lit":"unk","km":0.699}},
{"type":"Feature","geometry":{"type":"LineString","coordinates":[[33.64857,-14.59829],[33.64899,-14.59809],[33.6492,-14.59796],[33.64938,-14.59787],[33.64947,-14.5978],[33.64957,-14.59778],[33.64984,-14.5976]]},"properties":{"id":1182577596,"cls":"track","hw":"track","tg":"none","name":"","ref":"","surface":"","sc":"unknown","speed":null,"lit":"unk","km":0.158}},
{"type":"Feature","geometry":{"type":"LineString","coordinates":[[33.64857,-14.59829],[33.64883,-14.59811],[33.64894,-14.59799],[33.64912,-14.59778],[33.6493,-14.59766],[33.64942,-14.59762],[33.64949,-14.59755],[33.64952,-14.59745],[33.64956,-14.59728],[33.64959,-14.59716],[33.64966,-14.5971]]},"properties":{"id":1182577597,"cls":"track","hw":"track","tg":"none","name":"","ref":"","surface":"","sc":"unknown","speed":null,"lit":"unk","km":0.185}},
{"type":"Feature","geometry":{"type":"LineString","coordinates":[[33.64977,-14.59687],[33.64978,-14.59677],[33.64985,-14.59657],[33.64986,-14.59637],[33.64987,-14.59632],[33.64987,-14.59624],[33.64991,-14.59623],[33.65013,-14.5961],[33.65033,-14.59602],[33.65042,-14.59597],[33.65046,-14.59593],[33.65053,-14.59578],[33.65062,-14.59573],[33.65083,-14.59571],[33.65105,-14.59563],[33.65115,-14.59554]]},"properties":{"id":1182577598,"cls":"track","hw":"track","tg":"none","name":"","ref":"","surface":"","sc":"unknown","speed":null,"lit":"unk","km":0.236}},
{"type":"Feature","geometry":{"type":"LineString","coordinates":[[33.6501,-14.59704],[33.65016,-14.59702],[33.65023,-14.59691],[33.6503,-14.5969],[33.65036,-14.59688],[33.65037,-14.59689],[33.65044,-14.59684],[33.65057,-14.59681],[33.65069,-14.59675],[33.65072,-14.59672],[33.6508,-14.59666],[33.65087,-14.59661],[33.65095,-14.59652],[33.651,-14.59642],[33.65105,-14.59639],[33.65109,-14.5964],[33.65113,-14.59637]]},"properties":{"id":1182580004,"cls":"path","hw":"path","tg":"na","name":"","ref":"","surface":"","sc":"unknown","speed":null,"lit":"unk","km":0.142}},
{"type":"Feature","geometry":{"type":"LineString","coordinates":[[33.65114,-14.59662],[33.65107,-14.5967],[33.651,-14.59682],[33.65097,-14.59686],[33.65091,-14.59693],[33.65086,-14.59698],[33.65073,-14.59706],[33.65065,-14.5971],[33.65047,-14.59718],[33.6504,-14.59719],[33.65031,-14.59724],[33.65024,-14.59727],[33.65013,-14.59727],[33.65009,-14.59733]]},"properties":{"id":1182580005,"cls":"path","hw":"path","tg":"na","name":"","ref":"","surface":"","sc":"unknown","speed":null,"lit":"unk","km":0.145}},
{"type":"Feature","geometry":{"type":"LineString","coordinates":[[33.64032,-14.58873],[33.64073,-14.58874],[33.64098,-14.58875],[33.64121,-14.58853],[33.64158,-14.58786],[33.64174,-14.58756],[33.64185,-14.58701],[33.64202,-14.58675],[33.64222,-14.58659],[33.64263,-14.58614],[33.64296,-14.58582],[33.64312,-14.58559],[33.64314,-14.58545],[33.64336,-14.58505],[33.64362,-14.58477],[33.64382,-14.58459],[33.64397,-14.58438],[33.64418,-14.58403],[33.64431,-14.58384],[33.64449,-14.58375],[33.64467,-14.58348]]},"properties":{"id":1182580006,"cls":"track","hw":"track","tg":"none","name":"","ref":"","surface":"","sc":"unknown","speed":null,"lit":"unk","km":0.794}},
{"type":"Feature","geometry":{"type":"LineString","coordinates":[[33.65664,-14.60216],[33.65675,-14.60188],[33.65691,-14.6014],[33.65689,-14.6006],[33.65681,-14.60005],[33.65709,-14.59897],[33.65755,-14.59828],[33.65776,-14.59787],[33.65803,-14.59716],[33.65832,-14.59657],[33.6589,-14.59599],[33.65945,-14.59546],[33.65986,-14.59508],[33.66019,-14.59476],[33.6606,-14.59414]]},"properties":{"id":1182580007,"cls":"path","hw":"path","tg":"na","name":"","ref":"","surface":"","sc":"unknown","speed":null,"lit":"unk","km":1.029}},
{"type":"Feature","geometry":{"type":"LineString","coordinates":[[33.6537,-14.60378],[33.65347,-14.60346],[33.65326,-14.60321],[33.65332,-14.60285],[33.65347,-14.60232],[33.65359,-14.60199],[33.65373,-14.6016],[33.65384,-14.60117]]},"properties":{"id":1182580008,"cls":"path","hw":"path","tg":"na","name":"","ref":"","surface":"","sc":"unknown","speed":null,"lit":"unk","km":0.315}},
{"type":"Feature","geometry":{"type":"LineString","coordinates":[[33.65438,-14.60137],[33.65431,-14.60151],[33.65419,-14.60172],[33.65416,-14.60186],[33.65409,-14.60198],[33.65399,-14.60205]]},"properties":{"id":1182580009,"cls":"path","hw":"path","tg":"na","name":"","ref":"","surface":"","sc":"unknown","speed":null,"lit":"unk","km":0.088}},
{"type":"Feature","geometry":{"type":"LineString","coordinates":[[33.65289,-14.60034],[33.65328,-14.60076],[33.65384,-14.60117]]},"properties":{"id":1182580057,"cls":"track","hw":"track","tg":"none","name":"","ref":"","surface":"","sc":"unknown","speed":null,"lit":"unk","km":0.138}},
{"type":"Feature","geometry":{"type":"LineString","coordinates":[[33.75533,-14.51969],[33.7554,-14.51963],[33.75546,-14.51956],[33.7555,-14.5195],[33.75557,-14.51939],[33.75566,-14.51928],[33.75574,-14.51918],[33.75588,-14.51902],[33.7559,-14.51899],[33.75599,-14.51886],[33.75606,-14.51875],[33.75615,-14.51865],[33.7562,-14.51854],[33.75622,-14.51843],[33.75622,-14.51829],[33.75623,-14.51817],[33.75625,-14.51808],[33.75628,-14.518],[33.75634,-14.51794],[33.75646,-14.51788],[33.75656,-14.51781],[33.75661,-14.51777],[33.75668,-14.51773],[33.75678,-14.51769],[33.75686,-14.51764],[33.75693,-14.51758],[33.75699,-14.51751],[33.75707,-14.51743],[33.75713,-14.51734],[33.75718,-14.51725],[33.75725,-14.51714],[33.75733,-14.517],[33.75736,-14.51697],[33.7574,-14.51695],[33.75744,-14.51692],[33.75749,-14.5169],[33.75753,-14.51689],[33.7576,-14.5169],[33.75764,-14.5169],[33.7577,-14.51688],[33.75777,-14.51685],[33.75786,-14.51683],[33.75792,-14.51682],[33.758,-14.5168],[33.75806,-14.51678],[33.75812,-14.51675],[33.75817,-14.51672],[33.7582,-14.51667],[33.75823,-14.51663],[33.75827,-14.51659],[33.75831,-14.51652],[33.75851,-14.51635],[33.75863,-14.51623],[33.75872,-14.5161],[33.75885,-14.51598],[33.75892,-14.5159],[33.759,-14.5158],[33.75906,-14.51568],[33.75911,-14.51555],[33.75913,-14.51549],[33.7592,-14.51539],[33.75935,-14.51519],[33.75943,-14.51515],[33.75957,-14.51507],[33.75976,-14.51498],[33.75984,-14.51495],[33.75993,-14.5149],[33.76003,-14.51481],[33.76019,-14.51472],[33.76031,-14.51466],[33.76046,-14.51458],[33.76058,-14.51449],[33.76073,-14.51445],[33.76094,-14.51436],[33.76113,-14.51427],[33.7613,-14.51419],[33.76138,-14.51416],[33.76159,-14.51408],[33.7618,-14.51403],[33.76198,-14.51399],[33.76205,-14.51395],[33.76223,-14.5139],[33.76237,-14.51389],[33.76249,-14.51387],[33.76258,-14.51385],[33.76268,-14.51386],[33.76281,-14.51386],[33.76294,-14.51385],[33.76305,-14.51384],[33.76316,-14.51383],[33.76323,-14.51382],[33.76328,-14.51381],[33.76337,-14.5138],[33.76352,-14.5138],[33.76371,-14.51382],[33.76393,-14.51387],[33.76415,-14.51391],[33.7643,-14.51392],[33.76447,-14.5139],[33.76456,-14.5139],[33.7647,-14.51388],[33.76485,-14.51386],[33.76506,-14.51385],[33.76523,-14.51386],[33.76535,-14.5139],[33.76544,-14.51391],[33.76554,-14.51393],[33.76562,-14.51393]]},"properties":{"id":1182655936,"cls":"unclassified","hw":"unclassified","tg":"na","name":"","ref":"","surface":"","sc":"unknown","speed":null,"lit":"unk","km":1.409}},
{"type":"Feature","geometry":{"type":"LineString","coordinates":[[33.75628,-14.518],[33.75628,-14.5177],[33.75629,-14.51757],[33.75627,-14.51735],[33.75623,-14.51711],[33.75623,-14.51697],[33.75625,-14.5169],[33.75629,-14.5168],[33.75631,-14.51673],[33.7563,-14.51637],[33.75631,-14.51622],[33.75633,-14.51613],[33.75639,-14.516],[33.75644,-14.51589],[33.75654,-14.51568],[33.75658,-14.51563],[33.75667,-14.51554],[33.7568,-14.51544],[33.75685,-14.51536],[33.75686,-14.51529],[33.75691,-14.51514],[33.75692,-14.51496],[33.75693,-14.51485],[33.75696,-14.51477],[33.75702,-14.51466],[33.7571,-14.51451],[33.75716,-14.51439],[33.75716,-14.51418],[33.75715,-14.51392],[33.75713,-14.51378],[33.75709,-14.51352],[33.75702,-14.51326],[33.75702,-14.5131],[33.75711,-14.51293],[33.75715,-14.51278],[33.75716,-14.51258],[33.75721,-14.5124],[33.75722,-14.51222],[33.75725,-14.51209],[33.75732,-14.51194],[33.75739,-14.51175],[33.75744,-14.51159],[33.75748,-14.51138],[33.75749,-14.51121],[33.75753,-14.51112],[33.75766,-14.51103],[33.75778,-14.51089],[33.75788,-14.51083],[33.75805,-14.51054],[33.75816,-14.5104],[33.75829,-14.51024],[33.75837,-14.51016],[33.75852,-14.50993],[33.75856,-14.50983],[33.75856,-14.50962],[33.75859,-14.50948],[33.75868,-14.50925],[33.75879,-14.50897],[33.75885,-14.50884],[33.75887,-14.50864],[33.75888,-14.50841],[33.75888,-14.50826],[33.75886,-14.50805],[33.75886,-14.50793],[33.75892,-14.50778],[33.75898,-14.50761],[33.75905,-14.50746],[33.75909,-14.50737],[33.75917,-14.5072],[33.75932,-14.50702],[33.75949,-14.50682],[33.75959,-14.50659],[33.75963,-14.50646],[33.75968,-14.50632],[33.75975,-14.50615],[33.75986,-14.50598],[33.75991,-14.50582],[33.7599,-14.50563],[33.75983,-14.50545],[33.75986,-14.50525],[33.7599,-14.50499],[33.76,-14.50475],[33.76007,-14.50459],[33.76017,-14.50443],[33.76026,-14.50432],[33.76036,-14.50422],[33.76044,-14.50409],[33.76052,-14.50386],[33.76056,-14.50367],[33.76063,-14.50353],[33.76072,-14.50341],[33.76081,-14.5032],[33.76088,-14.503],[33.7609,-14.50289],[33.76092,-14.50275],[33.76093,-14.50261],[33.76096,-14.50244],[33.76101,-14.50218],[33.76109,-14.50204],[33.76114,-14.50185],[33.76128,-14.50169],[33.76147,-14.50156],[33.76158,-14.50138],[33.76167,-14.50122],[33.76169,-14.50118],[33.76174,-14.50105],[33.76177,-14.50097],[33.76184,-14.50095],[33.76198,-14.50086],[33.7621,-14.50064],[33.76219,-14.50047],[33.76231,-14.50036],[33.76236,-14.50031],[33.76239,-14.50021],[33.76242,-14.50012],[33.76249,-14.50004],[33.76262,-14.4999],[33.76275,-14.49974],[33.76286,-14.49958],[33.76296,-14.49942],[33.76301,-14.49927],[33.76308,-14.49915],[33.76318,-14.49903],[33.76329,-14.49891],[33.76335,-14.49879],[33.76339,-14.49874],[33.76352,-14.49871],[33.76372,-14.49863],[33.76391,-14.49854],[33.76402,-14.49847]]},"properties":{"id":1182655937,"cls":"track","hw":"track","tg":"none","name":"","ref":"","surface":"","sc":"unknown","speed":null,"lit":"unk","km":2.447}},
{"type":"Feature","geometry":{"type":"LineString","coordinates":[[33.6332,-14.58525],[33.63338,-14.58513],[33.63346,-14.58508],[33.63366,-14.58494]]},"properties":{"id":1182687547,"cls":"track","hw":"track","tg":"none","name":"","ref":"","surface":"","sc":"unknown","speed":null,"lit":"unk","km":0.06}},
{"type":"Feature","geometry":{"type":"LineString","coordinates":[[33.63338,-14.58513],[33.63359,-14.58513],[33.63376,-14.58515]]},"properties":{"id":1182687548,"cls":"track","hw":"track","tg":"none","name":"","ref":"","surface":"","sc":"unknown","speed":null,"lit":"unk","km":0.041}},
{"type":"Feature","geometry":{"type":"LineString","coordinates":[[33.8603,-14.51976],[33.86041,-14.5197],[33.86053,-14.51958],[33.86059,-14.51951],[33.86068,-14.51944],[33.86076,-14.51934],[33.86086,-14.51922],[33.86097,-14.51911],[33.86103,-14.51903],[33.86111,-14.5189],[33.86113,-14.51881],[33.86117,-14.51871],[33.86123,-14.5186],[33.86126,-14.51849],[33.86131,-14.51843],[33.8614,-14.51834],[33.86145,-14.51826],[33.8616,-14.51812],[33.86166,-14.51805],[33.86171,-14.51795],[33.86173,-14.51791],[33.86175,-14.51788],[33.8618,-14.51784],[33.86186,-14.51779],[33.86187,-14.51772],[33.86187,-14.51768],[33.86193,-14.51763],[33.86198,-14.51757],[33.86208,-14.51745],[33.86215,-14.51735],[33.8622,-14.51728],[33.86225,-14.51723],[33.86232,-14.51716],[33.86237,-14.51712],[33.86243,-14.51709],[33.86251,-14.51703],[33.86255,-14.51697],[33.86258,-14.51693],[33.8626,-14.51692],[33.86266,-14.51693],[33.86292,-14.51695],[33.86324,-14.51697],[33.86327,-14.51695],[33.86332,-14.51685],[33.8634,-14.51671],[33.86346,-14.51663],[33.86348,-14.51659],[33.8635,-14.51658],[33.86355,-14.51657],[33.86359,-14.51656],[33.86362,-14.51653],[33.86364,-14.5165],[33.86369,-14.51647],[33.86374,-14.51645],[33.86378,-14.51644],[33.86383,-14.51644],[33.8639,-14.51644],[33.86394,-14.51642],[33.86398,-14.5164],[33.864,-14.5164],[33.86404,-14.5164],[33.86409,-14.51638],[33.86413,-14.51636],[33.86417,-14.51635],[33.86421,-14.51633],[33.86428,-14.51628],[33.86434,-14.51626],[33.86442,-14.51624],[33.86451,-14.5162],[33.86462,-14.51616],[33.86469,-14.51614],[33.86473,-14.51612],[33.86483,-14.5161],[33.8649,-14.51607],[33.86494,-14.51605],[33.86498,-14.51604],[33.86502,-14.51603],[33.86508,-14.51601],[33.86512,-14.516],[33.86515,-14.51599],[33.86517,-14.51598],[33.86523,-14.51598],[33.86526,-14.51598],[33.8653,-14.51599],[33.86534,-14.51599],[33.86536,-14.51601],[33.86539,-14.51601],[33.86541,-14.516],[33.86543,-14.51599],[33.86545,-14.51598],[33.86548,-14.51598],[33.8655,-14.51597],[33.86552,-14.51596],[33.86555,-14.51593],[33.86557,-14.51591],[33.86559,-14.51589],[33.8656,-14.51587],[33.86561,-14.51587],[33.86563,-14.51587],[33.86565,-14.51586],[33.86567,-14.51584],[33.8657,-14.51582],[33.86572,-14.51578],[33.86573,-14.51576],[33.86575,-14.51573],[33.86578,-14.5157],[33.8658,-14.51567],[33.86582,-14.51565],[33.86584,-14.51564],[33.86585,-14.51563],[33.86587,-14.5156],[33.86589,-14.51559],[33.86591,-14.51556],[33.86593,-14.51554],[33.86594,-14.51553],[33.86594,-14.5155],[33.86595,-14.51548],[33.86596,-14.51545],[33.86598,-14.51543],[33.866,-14.51541],[33.86603,-14.51539],[33.86605,-14.51537],[33.86607,-14.51536],[33.8661,-14.51535],[33.86613,-14.51535],[33.86616,-14.51534],[33.86618,-14.51533],[33.86621,-14.51532],[33.86624,-14.51531],[33.86626,-14.5153],[33.86628,-14.51529],[33.86629,-14.51528],[33.8663,-14.51527],[33.86632,-14.51526],[33.86635,-14.51526],[33.86638,-14.51525],[33.86641,-14.51524],[33.86644,-14.51522],[33.86646,-14.51521],[33.86648,-14.5152],[33.86651,-14.51519],[33.86654,-14.51518],[33.86659,-14.51516],[33.86668,-14.51512],[33.86677,-14.51509],[33.8668,-14.51507],[33.86681,-14.51506],[33.86685,-14.51504],[33.86689,-14.51503],[33.86692,-14.51502],[33.86695,-14.51502],[33.86698,-14.51498],[33.86701,-14.51496],[33.86704,-14.51494],[33.86707,-14.51492]]},"properties":{"id":1182861141,"cls":"unclassified","hw":"unclassified","tg":"na","name":"","ref":"","surface":"","sc":"unknown","speed":null,"lit":"unk","km":0.981}},
{"type":"Feature","geometry":{"type":"LineString","coordinates":[[33.86957,-14.51849],[33.86955,-14.51846],[33.86954,-14.51842],[33.86951,-14.51839],[33.86946,-14.51834],[33.86944,-14.51832],[33.86937,-14.51825],[33.86932,-14.51821],[33.86925,-14.51816],[33.8692,-14.51812],[33.86914,-14.51805],[33.86912,-14.518],[33.86909,-14.51797],[33.86907,-14.51794],[33.86906,-14.51792],[33.86905,-14.51789],[33.86904,-14.51786],[33.86902,-14.51783],[33.86901,-14.5178],[33.86898,-14.51777],[33.86895,-14.51775],[33.86891,-14.51772],[33.86889,-14.5177],[33.86887,-14.51768],[33.86883,-14.51764],[33.86883,-14.51762],[33.86881,-14.5176],[33.86877,-14.51755],[33.86874,-14.5175],[33.86873,-14.51748],[33.86872,-14.51743],[33.86871,-14.5174],[33.8687,-14.51736],[33.86867,-14.51733],[33.86866,-14.5173],[33.86864,-14.51727],[33.86863,-14.51723],[33.86862,-14.51718],[33.86861,-14.51712],[33.86861,-14.51703],[33.86862,-14.51691],[33.86862,-14.51688],[33.86861,-14.51686],[33.86859,-14.51685],[33.86856,-14.51682],[33.86843,-14.51675],[33.8684,-14.51673],[33.86838,-14.51671],[33.86832,-14.51667],[33.86828,-14.51665],[33.86821,-14.51659]]},"properties":{"id":1182861142,"cls":"path","hw":"path","tg":"na","name":"","ref":"","surface":"","sc":"unknown","speed":null,"lit":"unk","km":0.272}},
{"type":"Feature","geometry":{"type":"LineString","coordinates":[[33.86994,-14.52002],[33.86987,-14.5199],[33.86979,-14.51974],[33.86976,-14.51969],[33.86974,-14.51962],[33.8697,-14.5195],[33.86967,-14.51935],[33.86967,-14.51928],[33.86967,-14.51918],[33.86967,-14.51912],[33.86966,-14.51909],[33.86964,-14.51905],[33.86964,-14.51901],[33.86963,-14.51892],[33.86962,-14.51888],[33.86961,-14.51881],[33.86961,-14.51876],[33.8696,-14.51871],[33.86958,-14.51866],[33.86958,-14.5186],[33.86957,-14.51851],[33.86957,-14.51849],[33.86957,-14.51847],[33.86957,-14.51845],[33.86958,-14.51838],[33.8696,-14.51832],[33.86962,-14.51827],[33.86963,-14.51822],[33.86963,-14.51818],[33.86963,-14.51813],[33.86963,-14.51805],[33.86964,-14.518],[33.86964,-14.51797],[33.86965,-14.51794],[33.86966,-14.51792],[33.86966,-14.51789],[33.86966,-14.51787],[33.86966,-14.51785],[33.86967,-14.51781],[33.86968,-14.51774],[33.8697,-14.51768],[33.86971,-14.51762],[33.86973,-14.51758],[33.86976,-14.51754],[33.86979,-14.51745],[33.86981,-14.5174],[33.86984,-14.51734],[33.86989,-14.51727],[33.86991,-14.51724],[33.86997,-14.51717],[33.86998,-14.51713],[33.87,-14.51709],[33.87003,-14.51704],[33.87005,-14.51702],[33.8701,-14.51699],[33.87018,-14.51688],[33.87025,-14.51676],[33.87032,-14.51664],[33.87036,-14.51654],[33.8704,-14.51645],[33.87047,-14.51633],[33.87049,-14.51628],[33.87054,-14.51622],[33.87057,-14.51615],[33.87059,-14.51608],[33.8706,-14.51602],[33.87063,-14.5159],[33.87067,-14.51582],[33.87068,-14.51575],[33.8707,-14.51571],[33.87073,-14.51564],[33.87079,-14.51547]]},"properties":{"id":1182861143,"cls":"unclassified","hw":"unclassified","tg":"na","name":"","ref":"","surface":"","sc":"unknown","speed":null,"lit":"unk","km":0.546}},
{"type":"Feature","geometry":{"type":"LineString","coordinates":[[33.86971,-14.51998],[33.86976,-14.51989],[33.86978,-14.51977],[33.86979,-14.51974]]},"properties":{"id":1182861144,"cls":"unclassified","hw":"unclassified","tg":"na","name":"","ref":"","surface":"","sc":"unknown","speed":null,"lit":"unk","km":0.028}},
{"type":"Feature","geometry":{"type":"LineString","coordinates":[[33.86191,-14.51265],[33.8619,-14.51271],[33.86188,-14.51275],[33.86187,-14.51279],[33.86185,-14.51285],[33.86183,-14.51295],[33.86183,-14.51304],[33.86176,-14.51326],[33.86174,-14.51334],[33.86169,-14.5136],[33.86167,-14.51369],[33.86167,-14.51376],[33.86166,-14.51381],[33.86165,-14.51387],[33.86164,-14.51392],[33.86161,-14.51397],[33.86159,-14.51402],[33.86156,-14.51408],[33.86154,-14.51412],[33.86152,-14.51434],[33.86151,-14.51439],[33.86151,-14.51448],[33.86151,-14.51458],[33.86151,-14.5147],[33.86152,-14.51513],[33.86151,-14.51531],[33.86149,-14.51539],[33.86148,-14.51543],[33.86147,-14.51546],[33.86145,-14.5155],[33.86142,-14.51553],[33.86142,-14.51556],[33.8614,-14.51562],[33.86139,-14.51567],[33.86139,-14.51571],[33.86138,-14.51575],[33.86137,-14.5158],[33.86137,-14.51587],[33.86137,-14.51601],[33.86136,-14.51608],[33.86135,-14.51613],[33.86137,-14.51618],[33.8614,-14.5162],[33.86142,-14.51625],[33.86144,-14.51636],[33.86145,-14.51642],[33.86145,-14.51647],[33.86147,-14.51652],[33.86148,-14.51657],[33.86149,-14.51663],[33.8615,-14.51668],[33.86152,-14.51671],[33.86156,-14.51676],[33.86158,-14.51679],[33.86161,-14.51683],[33.86161,-14.51688],[33.86163,-14.51693],[33.86164,-14.51697],[33.86165,-14.51701],[33.86165,-14.51705],[33.86166,-14.51708],[33.8617,-14.51711],[33.86174,-14.51715],[33.86179,-14.5172],[33.86185,-14.51728],[33.86187,-14.51731],[33.86192,-14.51736],[33.86195,-14.5174],[33.86193,-14.51745],[33.86194,-14.51751],[33.86195,-14.51754],[33.86198,-14.51757]]},"properties":{"id":1182861145,"cls":"unclassified","hw":"unclassified","tg":"na","name":"","ref":"","surface":"","sc":"unknown","speed":null,"lit":"unk","km":0.579}},
{"type":"Feature","geometry":{"type":"LineString","coordinates":[[33.86613,-14.51857],[33.86615,-14.51857],[33.86618,-14.51858],[33.86622,-14.51859],[33.86627,-14.5186],[33.8663,-14.51861],[33.86636,-14.51864],[33.86641,-14.51866],[33.86645,-14.51867],[33.86651,-14.51867],[33.86656,-14.51866],[33.86657,-14.51864],[33.8666,-14.51862],[33.86662,-14.51862],[33.86665,-14.51861],[33.86668,-14.51861],[33.86673,-14.51863],[33.86677,-14.51864],[33.86684,-14.51867],[33.86689,-14.51869],[33.86693,-14.5187],[33.86698,-14.51872],[33.86702,-14.51873],[33.86705,-14.51874],[33.8671,-14.51875],[33.86714,-14.51875],[33.86716,-14.51873],[33.86719,-14.51871],[33.86724,-14.51869],[33.86729,-14.51867],[33.86732,-14.51865],[33.86738,-14.51865],[33.86743,-14.51864],[33.86746,-14.51864],[33.86751,-14.51863],[33.86755,-14.51862],[33.86757,-14.5186],[33.8676,-14.51857],[33.86762,-14.51854],[33.86765,-14.5185],[33.86769,-14.51845],[33.86773,-14.51842],[33.86777,-14.5184],[33.86782,-14.51838],[33.86784,-14.51836],[33.86788,-14.51832],[33.86792,-14.51827],[33.86794,-14.51823],[33.86794,-14.51819],[33.86794,-14.51807],[33.86794,-14.51802],[33.86795,-14.51798],[33.86796,-14.51794],[33.86797,-14.5179],[33.86799,-14.51781],[33.86801,-14.51774],[33.86802,-14.5177],[33.86802,-14.51767],[33.86804,-14.51762],[33.86805,-14.51759],[33.86807,-14.51755],[33.86807,-14.51752],[33.86806,-14.51748],[33.86805,-14.51747],[33.86804,-14.51745],[33.868,-14.51743],[33.86793,-14.51738],[33.86781,-14.5173],[33.86776,-14.51727],[33.86774,-14.51724]]},"properties":{"id":1182861146,"cls":"unclassified","hw":"unclassified","tg":"na","name":"","ref":"","surface":"","sc":"unknown","speed":null,"lit":"unk","km":0.355}},
{"type":"Feature","geometry":{"type":"LineString","coordinates":[[33.86605,-14.51978],[33.86608,-14.51935],[33.86608,-14.51927],[33.86609,-14.5192],[33.8661,-14.51909],[33.86611,-14.519],[33.8661,-14.51891],[33.86611,-14.51883],[33.86611,-14.51876],[33.86612,-14.51867],[33.86613,-14.51857],[33.86615,-14.51845],[33.86615,-14.51839],[33.86616,-14.51828],[33.86617,-14.51819],[33.86618,-14.51812],[33.86618,-14.51806],[33.8662,-14.51792],[33.86622,-14.5179],[33.86624,-14.51785],[33.86625,-14.51778],[33.86625,-14.51775],[33.86626,-14.51772],[33.86628,-14.51769],[33.86629,-14.51766],[33.8663,-14.5176],[33.86631,-14.51756],[33.86631,-14.51753],[33.8663,-14.5175],[33.86628,-14.51745],[33.86628,-14.51743],[33.86628,-14.51737],[33.86628,-14.51734],[33.86628,-14.51732],[33.8663,-14.51729],[33.86632,-14.51727],[33.86637,-14.51725],[33.8664,-14.51722],[33.86644,-14.51719],[33.86647,-14.51717],[33.86651,-14.51714],[33.86655,-14.51711],[33.86659,-14.51709],[33.86666,-14.51705],[33.8667,-14.51703],[33.86674,-14.517],[33.8668,-14.51695],[33.86684,-14.51692],[33.86688,-14.51689],[33.86691,-14.51687],[33.86694,-14.51685],[33.86695,-14.51683],[33.86696,-14.51682],[33.86697,-14.51681],[33.867,-14.5168],[33.86702,-14.51679],[33.86704,-14.51678],[33.86707,-14.51677],[33.86709,-14.51677],[33.86713,-14.51676],[33.86714,-14.51675],[33.86716,-14.51672],[33.86718,-14.5167],[33.86721,-14.51668],[33.86724,-14.51665],[33.86726,-14.51663],[33.86728,-14.51662],[33.8673,-14.5166],[33.86733,-14.51658],[33.86736,-14.51657],[33.86739,-14.51652],[33.86741,-14.51649],[33.86742,-14.51646],[33.86743,-14.51644],[33.86744,-14.51641],[33.86745,-14.5164],[33.86745,-14.51639],[33.86746,-14.51638],[33.86748,-14.51638],[33.8675,-14.51636],[33.86752,-14.51633],[33.86755,-14.51629],[33.86757,-14.51624],[33.86759,-14.51621],[33.86761,-14.51617],[33.86762,-14.51615]]},"properties":{"id":1182861147,"cls":"unclassified","hw":"unclassified","tg":"na","name":"","ref":"","surface":"","sc":"unknown","speed":null,"lit":"unk","km":0.48}},
{"type":"Feature","geometry":{"type":"LineString","coordinates":[[33.86632,-14.51566],[33.86632,-14.51562],[33.86632,-14.5156],[33.86631,-14.51557],[33.86631,-14.51554],[33.86631,-14.51551],[33.86631,-14.51548],[33.86631,-14.5154],[33.8663,-14.51536],[33.8663,-14.51532],[33.8663,-14.51527],[33.8663,-14.51522],[33.8663,-14.51511],[33.8663,-14.51507],[33.86631,-14.51504],[33.86632,-14.51501],[33.86634,-14.51495],[33.86636,-14.51491],[33.86637,-14.51489],[33.86639,-14.51487],[33.86641,-14.51484],[33.86646,-14.51479],[33.86648,-14.51477],[33.8665,-14.51475],[33.86652,-14.51473],[33.86653,-14.51472]]},"properties":{"id":1182861148,"cls":"residential","hw":"residential","tg":"na","name":"","ref":"","surface":"","sc":"unknown","speed":null,"lit":"unk","km":0.113}},
{"type":"Feature","geometry":{"type":"LineString","coordinates":[[33.86332,-14.51846],[33.86337,-14.51842],[33.86343,-14.51838],[33.86344,-14.51836],[33.86345,-14.51832],[33.86346,-14.51829],[33.8635,-14.51826],[33.86354,-14.51825],[33.86359,-14.51823],[33.86367,-14.51822],[33.86371,-14.51824],[33.86373,-14.51823],[33.86374,-14.51822],[33.86376,-14.5182],[33.8638,-14.51817],[33.86383,-14.51813],[33.8639,-14.51807],[33.86398,-14.51798],[33.86402,-14.51795],[33.86406,-14.51792],[33.86409,-14.51791],[33.86411,-14.5179],[33.86414,-14.51788],[33.86415,-14.51787],[33.86417,-14.51786],[33.86419,-14.51785],[33.86421,-14.51784],[33.86424,-14.51784],[33.86427,-14.51783],[33.8643,-14.51781],[33.86433,-14.5178],[33.86436,-14.51779],[33.8644,-14.51777],[33.86443,-14.51776],[33.86446,-14.51775],[33.86447,-14.51774],[33.86449,-14.51771],[33.86451,-14.51769],[33.86453,-14.51767],[33.86456,-14.51764],[33.86458,-14.51762],[33.86459,-14.5176],[33.8646,-14.51758],[33.86462,-14.51755],[33.86463,-14.51753],[33.86466,-14.51748],[33.86469,-14.51744],[33.86472,-14.5174],[33.86477,-14.51733],[33.8648,-14.51728],[33.86483,-14.51722],[33.86486,-14.51715],[33.86489,-14.51712],[33.86494,-14.51707],[33.86497,-14.51703],[33.86501,-14.51698],[33.86505,-14.51692],[33.86507,-14.51689],[33.86509,-14.51687],[33.86514,-14.51683],[33.86517,-14.51678],[33.8652,-14.51673],[33.86524,-14.51667],[33.86525,-14.51664],[33.86527,-14.51661],[33.86529,-14.51659],[33.86533,-14.51657],[33.86536,-14.51655],[33.86539,-14.51653],[33.86541,-14.51651],[33.86543,-14.51649],[33.86546,-14.51647],[33.86551,-14.51643],[33.86555,-14.51641],[33.8656,-14.51637],[33.86566,-14.51633],[33.86574,-14.51628],[33.8658,-14.51624],[33.86587,-14.51618],[33.86591,-14.51614],[33.86594,-14.51612],[33.86598,-14.51608],[33.86601,-14.51605],[33.86603,-14.51602],[33.86606,-14.51598],[33.86608,-14.51594],[33.86608,-14.51592],[33.86609,-14.51589],[33.86611,-14.51583],[33.86614,-14.51573],[33.86617,-14.51569],[33.86618,-14.51564],[33.86619,-14.51561],[33.86619,-14.51557],[33.8662,-14.51554],[33.86622,-14.5155],[33.86624,-14.51546],[33.86626,-14.51541],[33.86627,-14.51538],[33.86628,-14.51537],[33.8663,-14.51532]]},"properties":{"id":1182861149,"cls":"unclassified","hw":"unclassified","tg":"na","name":"","ref":"","surface":"","sc":"unknown","speed":null,"lit":"unk","km":0.499}},
{"type":"Feature","geometry":{"type":"LineString","coordinates":[[33.86581,-14.51758],[33.86583,-14.51756],[33.86585,-14.51751],[33.86586,-14.51749],[33.86587,-14.51746],[33.86587,-14.51742],[33.86588,-14.51739],[33.86588,-14.51738],[33.86588,-14.51737]]},"properties":{"id":1182861150,"cls":"unclassified","hw":"unclassified","tg":"na","name":"","ref":"","surface":"","sc":"unknown","speed":null,"lit":"unk","km":0.025}},
{"type":"Feature","geometry":{"type":"LineString","coordinates":[[33.86566,-14.51815],[33.86565,-14.51806],[33.86564,-14.51802],[33.86566,-14.51797],[33.86571,-14.51785],[33.86573,-14.51779],[33.86578,-14.51769],[33.8658,-14.51765],[33.86581,-14.51758],[33.86581,-14.51756],[33.86581,-14.51753],[33.86581,-14.51749],[33.86583,-14.51744],[33.86586,-14.51739],[33.86588,-14.51737],[33.86588,-14.51731],[33.86591,-14.51694],[33.86593,-14.51674],[33.86594,-14.51667],[33.86595,-14.51662],[33.86597,-14.51655],[33.86597,-14.51651],[33.86597,-14.51647],[33.86598,-14.51642],[33.86599,-14.51637],[33.86599,-14.51632],[33.86601,-14.51627],[33.86603,-14.51623],[33.86605,-14.51616],[33.86606,-14.5161],[33.86607,-14.51607],[33.86608,-14.51601],[33.86608,-14.51597],[33.86608,-14.51594]]},"properties":{"id":1182861151,"cls":"unclassified","hw":"unclassified","tg":"na","name":"","ref":"","surface":"","sc":"unknown","speed":null,"lit":"unk","km":0.254}},
{"type":"Feature","geometry":{"type":"LineString","coordinates":[[33.87767,-14.51479],[33.8777,-14.51477],[33.87775,-14.51475],[33.8778,-14.51471],[33.87788,-14.51466],[33.87791,-14.51465],[33.87795,-14.51463],[33.878,-14.51462],[33.87808,-14.51459],[33.87815,-14.51456],[33.87826,-14.51453],[33.87835,-14.51449],[33.87838,-14.51446],[33.87843,-14.51446],[33.87847,-14.51444],[33.87852,-14.51441],[33.8786,-14.51439],[33.87869,-14.51435],[33.87878,-14.51428],[33.87883,-14.51426],[33.87897,-14.51423],[33.87904,-14.51421],[33.87908,-14.51418],[33.87913,-14.51413]]},"properties":{"id":1182925937,"cls":"unclassified","hw":"unclassified","tg":"na","name":"","ref":"","surface":"unpaved","sc":"unpaved","speed":null,"lit":"unk","km":0.177}},
{"type":"Feature","geometry":{"type":"LineString","coordinates":[[33.87691,-14.51358],[33.87692,-14.51362],[33.87694,-14.51365],[33.87698,-14.51368],[33.877,-14.51371],[33.87704,-14.51375],[33.8771,-14.51378],[33.87713,-14.51379],[33.87716,-14.51382],[33.87721,-14.51388],[33.87726,-14.51392],[33.87728,-14.51395],[33.87733,-14.51398],[33.87735,-14.51402],[33.87743,-14.5141],[33.8775,-14.51416],[33.87756,-14.51422],[33.87762,-14.51428],[33.87768,-14.51434],[33.87774,-14.51441],[33.8778,-14.51447],[33.87784,-14.51451],[33.87788,-14.51454],[33.87791,-14.51458],[33.87794,-14.51461],[33.87795,-14.51463],[33.87796,-14.51464],[33.87798,-14.51466]]},"properties":{"id":1182925938,"cls":"unclassified","hw":"unclassified","tg":"na","name":"","ref":"","surface":"unpaved","sc":"unpaved","speed":null,"lit":"unk","km":0.169}},
{"type":"Feature","geometry":{"type":"LineString","coordinates":[[33.87643,-14.52076],[33.87626,-14.52057],[33.87622,-14.52051],[33.87619,-14.52045],[33.87619,-14.5204],[33.87627,-14.52023],[33.87632,-14.52019],[33.8765,-14.52008],[33.87665,-14.52006],[33.87686,-14.52005],[33.8772,-14.52004],[33.87741,-14.52004],[33.87742,-14.52003],[33.87744,-14.52002],[33.87744,-14.52],[33.8774,-14.51923],[33.8774,-14.51902],[33.87739,-14.51888],[33.87739,-14.51879],[33.87738,-14.51866],[33.87738,-14.51854],[33.87736,-14.51844],[33.87734,-14.51831],[33.8773,-14.51814],[33.87729,-14.51807],[33.87728,-14.51802],[33.87726,-14.51797],[33.87726,-14.51793],[33.87726,-14.51785],[33.87724,-14.51779],[33.87724,-14.51775],[33.87724,-14.51772],[33.87723,-14.51768],[33.87723,-14.51762],[33.87723,-14.51754],[33.87722,-14.51742],[33.87722,-14.51736],[33.87722,-14.51726],[33.87722,-14.51718],[33.87722,-14.51711],[33.87723,-14.51703],[33.87722,-14.51696],[33.87724,-14.5169],[33.87723,-14.51685],[33.87722,-14.51682],[33.87722,-14.51679],[33.87722,-14.51676],[33.87723,-14.51671],[33.87723,-14.51667],[33.87726,-14.51662],[33.87726,-14.51657],[33.87729,-14.51649],[33.87728,-14.51644],[33.87727,-14.51638],[33.87728,-14.51631],[33.87731,-14.51626],[33.87732,-14.51622],[33.87733,-14.51618],[33.87734,-14.51613],[33.87733,-14.51607],[33.87734,-14.51602],[33.87735,-14.51596],[33.87734,-14.51593],[33.87734,-14.51591],[33.87735,-14.51589],[33.87737,-14.51588],[33.87738,-14.51583],[33.87738,-14.51579],[33.87737,-14.51575],[33.87735,-14.51571],[33.87734,-14.51566],[33.87735,-14.51561],[33.87736,-14.51557],[33.87736,-14.51553],[33.87736,-14.51549],[33.87735,-14.51545],[33.87735,-14.5154],[33.87735,-14.51533],[33.87736,-14.51529],[33.87737,-14.51528],[33.87737,-14.51523],[33.87736,-14.51518],[33.87734,-14.51514],[33.87732,-14.51511],[33.87732,-14.51504],[33.87732,-14.51498],[33.87732,-14.51492],[33.8773,-14.51486],[33.87729,-14.51481],[33.87729,-14.51476],[33.87727,-14.51469],[33.87725,-14.51462],[33.87721,-14.51451],[33.87716,-14.51435],[33.87715,-14.51431],[33.87712,-14.51421],[33.87708,-14.51406],[33.87705,-14.51398],[33.87702,-14.51385],[33.87701,-14.51381],[33.87699,-14.51376],[33.87698,-14.5137],[33.87698,-14.51368]]},"properties":{"id":1182925939,"cls":"unclassified","hw":"unclassified","tg":"na","name":"","ref":"","surface":"unpaved","sc":"unpaved","speed":null,"lit":"unk","km":0.923}},
{"type":"Feature","geometry":{"type":"LineString","coordinates":[[33.87812,-14.51253],[33.87811,-14.51257],[33.8781,-14.51262],[33.87808,-14.51267],[33.87807,-14.51273],[33.87807,-14.51279],[33.87806,-14.51287],[33.87805,-14.51292],[33.87805,-14.51294],[33.87805,-14.51304],[33.87804,-14.51317],[33.87802,-14.51321],[33.87797,-14.51332],[33.87794,-14.5134],[33.8779,-14.51345],[33.87787,-14.5135],[33.87784,-14.51354],[33.87781,-14.51358],[33.87781,-14.51363],[33.87781,-14.51367],[33.87781,-14.51372],[33.87779,-14.51377],[33.87777,-14.51385],[33.87776,-14.5139],[33.87776,-14.51395],[33.87774,-14.51403],[33.87772,-14.51409],[33.87771,-14.51415],[33.87769,-14.51428],[33.87768,-14.51434],[33.87768,-14.5144],[33.87766,-14.51445],[33.87762,-14.51451],[33.8776,-14.51455],[33.87759,-14.5146],[33.87759,-14.51464],[33.87759,-14.51467],[33.87758,-14.51473],[33.87754,-14.51486],[33.87753,-14.5149],[33.87749,-14.515],[33.87744,-14.51511],[33.8774,-14.51518],[33.87738,-14.51524],[33.87737,-14.51528]]},"properties":{"id":1182925940,"cls":"unclassified","hw":"unclassified","tg":"na","name":"","ref":"","surface":"unpaved","sc":"unpaved","speed":null,"lit":"unk","km":0.322}},
{"type":"Feature","geometry":{"type":"LineString","coordinates":[[33.87855,-14.51177],[33.87855,-14.51179],[33.87853,-14.51181],[33.87852,-14.51184],[33.87851,-14.51187],[33.87848,-14.51193],[33.87845,-14.51198],[33.87844,-14.51201],[33.87843,-14.51202],[33.8784,-14.51201],[33.87838,-14.512],[33.87837,-14.512],[33.87836,-14.512],[33.87835,-14.51201],[33.87834,-14.51203],[33.87832,-14.51208],[33.87829,-14.51214],[33.87828,-14.5122],[33.87822,-14.51231],[33.87821,-14.51234],[33.87819,-14.51238],[33.87819,-14.51243],[33.87817,-14.51247],[33.87816,-14.51249],[33.87814,-14.51252],[33.87812,-14.51253],[33.87807,-14.51252],[33.87801,-14.51252],[33.87795,-14.51251],[33.87791,-14.5125],[33.87787,-14.51248],[33.87779,-14.51246],[33.87769,-14.51242]]},"properties":{"id":1182925941,"cls":"unclassified","hw":"unclassified","tg":"na","name":"","ref":"","surface":"unpaved","sc":"unpaved","speed":null,"lit":"unk","km":0.153}},
{"type":"Feature","geometry":{"type":"LineString","coordinates":[[33.87928,-14.5143],[33.8792,-14.51422],[33.87913,-14.51413],[33.87906,-14.51404],[33.879,-14.51396],[33.87894,-14.51389],[33.87883,-14.51381],[33.87876,-14.51375],[33.87872,-14.5137],[33.87866,-14.51366],[33.87859,-14.51362],[33.87853,-14.5136],[33.8785,-14.51354],[33.87843,-14.51344],[33.87838,-14.5134],[33.87833,-14.51335],[33.87828,-14.51326],[33.87823,-14.51317],[33.87819,-14.51312],[33.87815,-14.51307],[33.8781,-14.51304],[33.87805,-14.51304],[33.87802,-14.51303],[33.87795,-14.51301]]},"properties":{"id":1182925942,"cls":"unclassified","hw":"unclassified","tg":"na","name":"","ref":"","surface":"unpaved","sc":"unpaved","speed":null,"lit":"unk","km":0.209}},
{"type":"Feature","geometry":{"type":"LineString","coordinates":[[33.87731,-14.51284],[33.8773,-14.51276],[33.87729,-14.51269],[33.87725,-14.51264],[33.87722,-14.51261],[33.87721,-14.51259]]},"properties":{"id":1182925943,"cls":"unclassified","hw":"unclassified","tg":"na","name":"","ref":"","surface":"unpaved","sc":"unpaved","speed":null,"lit":"unk","km":0.031}},
{"type":"Feature","geometry":{"type":"LineString","coordinates":[[33.88128,-14.51418],[33.88121,-14.51417],[33.88112,-14.51412],[33.88103,-14.51407],[33.881,-14.51403],[33.88099,-14.51395],[33.88096,-14.51391],[33.88092,-14.51384],[33.88088,-14.51379],[33.88078,-14.51378],[33.8807,-14.51377],[33.88062,-14.51374],[33.88058,-14.51371],[33.88053,-14.51365],[33.88048,-14.51364],[33.88034,-14.51363],[33.88022,-14.51363],[33.88009,-14.5136],[33.87996,-14.51354],[33.87986,-14.51354],[33.87976,-14.51357],[33.87967,-14.51355],[33.87959,-14.5135],[33.87953,-14.51344],[33.87942,-14.51343],[33.87931,-14.51341],[33.87925,-14.51336],[33.8792,-14.51328],[33.87912,-14.51321],[33.879,-14.51314],[33.87898,-14.51311],[33.87891,-14.51311],[33.87883,-14.51306],[33.87877,-14.51303],[33.87871,-14.51301],[33.87865,-14.51301],[33.87857,-14.51301],[33.87849,-14.51301],[33.87843,-14.513],[33.87836,-14.51299],[33.87834,-14.51298],[33.87828,-14.51297],[33.87824,-14.51297],[33.87822,-14.51295],[33.87817,-14.51294],[33.87808,-14.51294],[33.87805,-14.51294],[33.87802,-14.51295],[33.87798,-14.51298],[33.87795,-14.51301],[33.8779,-14.51303],[33.87783,-14.51305],[33.87777,-14.51305],[33.87771,-14.51304],[33.87766,-14.51299],[33.87762,-14.51295],[33.87757,-14.51294],[33.87752,-14.51293],[33.87747,-14.51292],[33.87738,-14.51288],[33.87734,-14.51285],[33.87731,-14.51284],[33.87724,-14.5128],[33.87719,-14.51279],[33.87713,-14.51277],[33.87708,-14.51277],[33.87704,-14.51276],[33.87697,-14.51276],[33.87692,-14.51279],[33.87688,-14.51283],[33.87683,-14.51286],[33.8768,-14.51288],[33.87674,-14.5129],[33.87668,-14.51294],[33.87664,-14.51294]]},"properties":{"id":1182925944,"cls":"unclassified","hw":"unclassified","tg":"na","name":"","ref":"","surface":"unpaved","sc":"unpaved","speed":null,"lit":"unk","km":0.572}},
{"type":"Feature","geometry":{"type":"LineString","coordinates":[[33.87964,-14.51213],[33.87962,-14.51216],[33.8796,-14.51218],[33.87959,-14.5122],[33.87958,-14.51224],[33.87952,-14.5124],[33.87948,-14.51249],[33.87947,-14.51252],[33.87945,-14.51259],[33.87944,-14.51262],[33.87933,-14.51295],[33.87929,-14.51295],[33.87925,-14.51296],[33.87923,-14.51296],[33.87921,-14.51298],[33.87918,-14.513],[33.87913,-14.51302],[33.8791,-14.51304],[33.87908,-14.51305],[33.87907,-14.51307],[33.87904,-14.51308],[33.87902,-14.51309],[33.87899,-14.5131],[33.87898,-14.51311]]},"properties":{"id":1182925945,"cls":"unclassified","hw":"unclassified","tg":"na","name":"","ref":"","surface":"unpaved","sc":"unpaved","speed":null,"lit":"unk","km":0.141}},
{"type":"Feature","geometry":{"type":"LineString","coordinates":[[33.87934,-14.512],[33.87937,-14.51202],[33.87939,-14.51203],[33.87941,-14.51204],[33.87944,-14.51206],[33.87946,-14.51208],[33.87949,-14.5121],[33.87952,-14.51212],[33.87956,-14.51214],[33.8796,-14.51215],[33.87962,-14.51216]]},"properties":{"id":1182925946,"cls":"unclassified","hw":"unclassified","tg":"na","name":"","ref":"","surface":"unpaved","sc":"unpaved","speed":null,"lit":"unk","km":0.035}},
{"type":"Feature","geometry":{"type":"LineString","coordinates":[[33.88184,-14.51193],[33.88164,-14.51196],[33.88152,-14.51195],[33.88147,-14.51197],[33.88144,-14.51199],[33.88139,-14.51202],[33.88133,-14.51207],[33.88127,-14.51211],[33.88115,-14.51214],[33.88097,-14.51215],[33.88085,-14.51219],[33.88077,-14.5122],[33.88065,-14.5122],[33.88056,-14.51222],[33.88044,-14.51223],[33.88036,-14.51223],[33.88029,-14.51221],[33.88021,-14.5122],[33.88003,-14.51218],[33.87992,-14.51218],[33.87986,-14.51219],[33.8798,-14.51219],[33.87974,-14.51218],[33.8797,-14.51216],[33.87964,-14.51213],[33.87957,-14.51208],[33.87953,-14.51206],[33.87946,-14.51202],[33.8794,-14.512],[33.87937,-14.51199],[33.87934,-14.512],[33.87927,-14.51198],[33.87922,-14.51194],[33.87916,-14.51192],[33.87907,-14.51188],[33.87903,-14.51187],[33.87898,-14.51185],[33.87892,-14.51183],[33.87887,-14.51182],[33.87885,-14.51181],[33.87876,-14.51178],[33.87867,-14.51177],[33.8786,-14.51176],[33.87855,-14.51177],[33.87853,-14.51177],[33.87846,-14.51179],[33.87839,-14.51181],[33.87835,-14.51183],[33.8783,-14.51184],[33.87824,-14.51182],[33.87819,-14.5118],[33.87813,-14.51177],[33.87806,-14.51173],[33.87799,-14.51169],[33.8779,-14.51164],[33.87784,-14.51161],[33.87781,-14.51158]]},"properties":{"id":1182925947,"cls":"unclassified","hw":"unclassified","tg":"na","name":"","ref":"","surface":"unpaved","sc":"unpaved","speed":null,"lit":"unk","km":0.462}},
{"type":"Feature","geometry":{"type":"LineString","coordinates":[[33.88125,-14.51502],[33.88122,-14.51511],[33.88121,-14.51518],[33.88118,-14.51524],[33.88117,-14.51526],[33.88117,-14.51531],[33.88122,-14.51537],[33.8813,-14.5154],[33.88133,-14.51543],[33.88145,-14.51543],[33.88152,-14.51545],[33.88159,-14.51551],[33.88167,-14.51557],[33.88173,-14.51561],[33.88181,-14.51566],[33.88183,-14.51567]]},"properties":{"id":1182925948,"cls":"path","hw":"path","tg":"na","name":"","ref":"","surface":"","sc":"unknown","speed":null,"lit":"unk","km":0.119}},
{"type":"Feature","geometry":{"type":"LineString","coordinates":[[33.8809,-14.51541],[33.88095,-14.51544],[33.88101,-14.51549],[33.88104,-14.51554],[33.88107,-14.51559],[33.88109,-14.51564],[33.88115,-14.5157],[33.88124,-14.51579],[33.88132,-14.51587],[33.88135,-14.51589],[33.88146,-14.51601],[33.88152,-14.5161],[33.88183,-14.51637]]},"properties":{"id":1182925949,"cls":"path","hw":"path","tg":"na","name":"","ref":"","surface":"","sc":"unknown","speed":null,"lit":"unk","km":0.148}},
{"type":"Feature","geometry":{"type":"LineString","coordinates":[[33.88186,-14.51496],[33.88181,-14.51496],[33.88178,-14.51502],[33.88173,-14.51503],[33.88168,-14.51501],[33.88161,-14.51491],[33.88152,-14.51484],[33.88141,-14.51478],[33.88131,-14.51469],[33.88126,-14.51461],[33.8812,-14.51451],[33.88119,-14.51449],[33.88118,-14.5144],[33.88119,-14.51434],[33.88125,-14.51422],[33.88128,-14.51418],[33.88131,-14.51412],[33.88138,-14.51404],[33.88142,-14.51401],[33.88144,-14.51398],[33.88146,-14.51395],[33.88148,-14.51393],[33.88151,-14.51391],[33.88155,-14.51391],[33.88168,-14.51395]]},"properties":{"id":1182925950,"cls":"path","hw":"path","tg":"na","name":"","ref":"","surface":"","sc":"unknown","speed":null,"lit":"unk","km":0.2}},
{"type":"Feature","geometry":{"type":"LineString","coordinates":[[33.88102,-14.51492],[33.88091,-14.51491],[33.88082,-14.5149],[33.88075,-14.51487],[33.88067,-14.51486],[33.88052,-14.51483],[33.88044,-14.5148],[33.88041,-14.51478],[33.88037,-14.51472],[33.88032,-14.51468],[33.88023,-14.51465],[33.88013,-14.51465],[33.88003,-14.51463],[33.87994,-14.5146],[33.87984,-14.51454],[33.8797,-14.51446],[33.8796,-14.51439],[33.87953,-14.51436]]},"properties":{"id":1182925951,"cls":"path","hw":"path","tg":"na","name":"","ref":"","surface":"","sc":"unknown","speed":null,"lit":"unk","km":0.177}},
{"type":"Feature","geometry":{"type":"LineString","coordinates":[[33.8818,-14.5176],[33.88159,-14.5171],[33.88147,-14.51691],[33.88137,-14.51678],[33.88125,-14.5166],[33.88113,-14.51641],[33.88088,-14.51607],[33.8808,-14.51594],[33.88077,-14.51586],[33.8808,-14.51582],[33.88083,-14.5158],[33.88085,-14.51575],[33.88088,-14.51567],[33.88089,-14.5156],[33.8809,-14.51552],[33.8809,-14.51541],[33.88088,-14.51534],[33.88087,-14.51532],[33.88087,-14.51528],[33.88091,-14.51523],[33.88094,-14.51516],[33.88097,-14.51511],[33.88098,-14.51503],[33.88101,-14.51497],[33.88102,-14.51492],[33.88105,-14.51487],[33.88107,-14.5148],[33.88108,-14.51474],[33.88109,-14.51463],[33.8811,-14.51459],[33.88116,-14.51454],[33.88119,-14.51449]]},"properties":{"id":1182925952,"cls":"path","hw":"path","tg":"na","name":"","ref":"","surface":"","sc":"unknown","speed":null,"lit":"unk","km":0.39}},
{"type":"Feature","geometry":{"type":"LineString","coordinates":[[33.87052,-14.50084],[33.87047,-14.50086],[33.87042,-14.50088],[33.87036,-14.50089],[33.87025,-14.50088],[33.87019,-14.50086],[33.87011,-14.50083],[33.86999,-14.50079],[33.86992,-14.50076],[33.86984,-14.50075],[33.86974,-14.50069],[33.86968,-14.50066],[33.86962,-14.50062],[33.86956,-14.50061],[33.8695,-14.50059],[33.86944,-14.50059],[33.86937,-14.50056],[33.8693,-14.50054],[33.86923,-14.50052],[33.8691,-14.50048],[33.869,-14.50045],[33.86894,-14.50043],[33.86885,-14.50038],[33.86875,-14.50032],[33.86867,-14.50028],[33.86855,-14.50023],[33.86842,-14.50018],[33.86837,-14.50017],[33.86827,-14.50012],[33.86819,-14.5001],[33.8681,-14.50007],[33.86801,-14.50006],[33.86793,-14.50004],[33.86786,-14.50003],[33.86781,-14.50002],[33.86773,-14.49998],[33.86766,-14.49992],[33.86761,-14.49989],[33.86756,-14.49984],[33.86751,-14.4998],[33.86748,-14.49979],[33.8674,-14.49979],[33.86729,-14.4998],[33.86705,-14.49981],[33.86689,-14.49983],[33.86677,-14.49987],[33.86669,-14.49991],[33.86661,-14.49994],[33.86651,-14.49998],[33.86644,-14.50002],[33.86638,-14.50005],[33.86632,-14.50007],[33.86627,-14.5001],[33.86621,-14.50015],[33.86615,-14.50019],[33.86607,-14.50027],[33.86602,-14.50031],[33.86596,-14.50038],[33.86591,-14.50045],[33.86583,-14.50054],[33.86573,-14.50061],[33.86568,-14.50064],[33.86561,-14.50068],[33.86555,-14.50071],[33.86539,-14.50081],[33.8653,-14.50085],[33.86523,-14.50089],[33.86514,-14.50094],[33.86505,-14.50102],[33.86494,-14.50115],[33.86489,-14.5012],[33.86486,-14.50123],[33.86483,-14.50128],[33.86481,-14.50133]]},"properties":{"id":1182925954,"cls":"path","hw":"path","tg":"na","name":"","ref":"","surface":"","sc":"unknown","speed":null,"lit":"unk","km":0.706}},
{"type":"Feature","geometry":{"type":"LineString","coordinates":[[33.85989,-14.50363],[33.86006,-14.50364],[33.86017,-14.50362],[33.86031,-14.50355],[33.86044,-14.50344],[33.86053,-14.50338],[33.86059,-14.50338],[33.86073,-14.50343],[33.86086,-14.50351],[33.86092,-14.5035],[33.861,-14.50347],[33.86106,-14.50344],[33.86109,-14.50342],[33.86118,-14.50342],[33.86126,-14.50341],[33.8613,-14.50337],[33.8614,-14.50331],[33.86159,-14.50328],[33.86184,-14.50333],[33.86207,-14.5035],[33.86214,-14.50357],[33.86215,-14.50362],[33.86229,-14.50368],[33.86247,-14.50369],[33.86261,-14.50371],[33.86279,-14.50373],[33.86291,-14.50373],[33.86297,-14.50374],[33.863,-14.50375],[33.86304,-14.50377],[33.86308,-14.50379],[33.86311,-14.50381],[33.86318,-14.50383],[33.86322,-14.50385],[33.8633,-14.50387],[33.86337,-14.50387],[33.86344,-14.50387],[33.86347,-14.50387],[33.8635,-14.50386],[33.86352,-14.50384],[33.86356,-14.50382],[33.86359,-14.50379],[33.86363,-14.50376],[33.86365,-14.50375],[33.86367,-14.50374],[33.86373,-14.50373],[33.86378,-14.50374],[33.8639,-14.50374],[33.86409,-14.50374],[33.86428,-14.50374],[33.86435,-14.50375],[33.86441,-14.50375],[33.86455,-14.50376],[33.86459,-14.50375],[33.86465,-14.50375],[33.8647,-14.50375],[33.86473,-14.50376],[33.86477,-14.5038],[33.86487,-14.50386],[33.86496,-14.50393],[33.86504,-14.50396],[33.86512,-14.504],[33.86524,-14.50405],[33.8653,-14.50407],[33.86536,-14.50411],[33.86544,-14.50416],[33.8655,-14.50421],[33.86557,-14.50424],[33.86561,-14.50426],[33.86566,-14.50427],[33.86572,-14.50429],[33.86577,-14.50432],[33.86582,-14.50433],[33.86589,-14.50435],[33.86596,-14.50438],[33.86603,-14.50442],[33.86611,-14.50449],[33.86616,-14.50456],[33.86627,-14.5046],[33.86636,-14.50456],[33.86643,-14.5045],[33.8665,-14.50445],[33.86656,-14.50443],[33.86663,-14.50443],[33.86673,-14.50444],[33.86683,-14.50443],[33.86691,-14.50444],[33.86702,-14.50444],[33.86708,-14.50446],[33.86713,-14.50448],[33.86719,-14.50449],[33.86735,-14.50448],[33.86749,-14.50448],[33.8676,-14.50448],[33.86775,-14.5045],[33.86781,-14.50453],[33.8679,-14.5046],[33.86801,-14.50471],[33.86805,-14.50477],[33.86809,-14.50481],[33.86813,-14.50485],[33.86855,-14.50512],[33.86862,-14.50517],[33.86866,-14.5052],[33.86871,-14.50522],[33.86876,-14.50525],[33.86879,-14.50527],[33.86882,-14.50531],[33.86884,-14.50533],[33.86886,-14.50535],[33.86891,-14.50535],[33.86895,-14.50537],[33.86905,-14.50544],[33.86908,-14.50544],[33.86915,-14.50548]]},"properties":{"id":1182925955,"cls":"path","hw":"path","tg":"na","name":"","ref":"","surface":"","sc":"unknown","speed":null,"lit":"unk","km":1.114}},
{"type":"Feature","geometry":{"type":"LineString","coordinates":[[33.87894,-14.50724],[33.87899,-14.50723],[33.87902,-14.50724],[33.87904,-14.50725],[33.87907,-14.50726],[33.87913,-14.50727],[33.87917,-14.50727],[33.87923,-14.50727],[33.87925,-14.50727],[33.87929,-14.50729],[33.87932,-14.50729],[33.87936,-14.5073],[33.8794,-14.5073],[33.87943,-14.50731],[33.87945,-14.50733],[33.87947,-14.50733],[33.87949,-14.50735],[33.87952,-14.50736],[33.87955,-14.50737],[33.87957,-14.50738],[33.8796,-14.5074],[33.87964,-14.50743],[33.87965,-14.50743],[33.87967,-14.50744],[33.87969,-14.50745],[33.87972,-14.50747],[33.87976,-14.50751],[33.87978,-14.50752],[33.87981,-14.50755],[33.87984,-14.50756],[33.87987,-14.50757],[33.87991,-14.50758],[33.87993,-14.50759],[33.87996,-14.50759],[33.87999,-14.50761],[33.88003,-14.50762],[33.88009,-14.50763],[33.88013,-14.50764],[33.88019,-14.50766],[33.88025,-14.50767],[33.88034,-14.50768],[33.88041,-14.50768],[33.88056,-14.5077],[33.88076,-14.50774],[33.88097,-14.50776],[33.88121,-14.50782],[33.88136,-14.50787],[33.88146,-14.50788],[33.88153,-14.5079],[33.88162,-14.50792],[33.8818,-14.50798],[33.88184,-14.508]]},"properties":{"id":1182925956,"cls":"path","hw":"path","tg":"na","name":"","ref":"","surface":"","sc":"unknown","speed":null,"lit":"unk","km":0.33}},
{"type":"Feature","geometry":{"type":"LineString","coordinates":[[33.88184,-14.50828],[33.88174,-14.50827],[33.88163,-14.50825],[33.88153,-14.50826],[33.88142,-14.50822],[33.88132,-14.5082],[33.88125,-14.50816],[33.88111,-14.5081],[33.88095,-14.50803],[33.88079,-14.50799],[33.88066,-14.50795],[33.88053,-14.50793],[33.88047,-14.50792],[33.88041,-14.5079],[33.88038,-14.50787],[33.88034,-14.50787],[33.88028,-14.50789],[33.88025,-14.50789],[33.88014,-14.50789],[33.88011,-14.50788],[33.88008,-14.50787],[33.87998,-14.50786],[33.87995,-14.50784],[33.87992,-14.50783],[33.87986,-14.50781],[33.87982,-14.5078],[33.87976,-14.50777],[33.87974,-14.50776],[33.87972,-14.50776],[33.87968,-14.50775],[33.87965,-14.50775],[33.87963,-14.50774],[33.8796,-14.50774],[33.87958,-14.50773],[33.87955,-14.50772],[33.87952,-14.50772],[33.87947,-14.50771],[33.87944,-14.5077],[33.87941,-14.5077],[33.8794,-14.50769],[33.87938,-14.50768],[33.87934,-14.50768],[33.87929,-14.50766],[33.87925,-14.50765],[33.87919,-14.50764],[33.87912,-14.50762],[33.87907,-14.50761],[33.87902,-14.5076],[33.87896,-14.50759],[33.87888,-14.50757],[33.87883,-14.50756],[33.87879,-14.50755]]},"properties":{"id":1182925957,"cls":"path","hw":"path","tg":"na","name":"","ref":"","surface":"","sc":"unknown","speed":null,"lit":"unk","km":0.344}},
{"type":"Feature","geometry":{"type":"LineString","coordinates":[[33.88159,-14.51021],[33.88156,-14.51011],[33.88154,-14.51005],[33.88154,-14.50998],[33.88149,-14.50987],[33.88144,-14.50972],[33.88139,-14.50954],[33.88133,-14.50945],[33.88129,-14.50927],[33.88126,-14.50914],[33.88119,-14.50904],[33.88104,-14.50887],[33.88093,-14.50877],[33.88081,-14.50867],[33.88068,-14.50852],[33.88059,-14.50838],[33.8805,-14.50819],[33.88044,-14.50803],[33.88041,-14.50793],[33.88041,-14.5079]]},"properties":{"id":1182925958,"cls":"path","hw":"path","tg":"na","name":"","ref":"","surface":"","sc":"unknown","speed":null,"lit":"unk","km":0.294}},
{"type":"Feature","geometry":{"type":"LineString","coordinates":[[33.88074,-14.51054],[33.88066,-14.51053],[33.88055,-14.5105],[33.88048,-14.51048],[33.88039,-14.51047],[33.88032,-14.51046],[33.88023,-14.51046],[33.88015,-14.51046],[33.88008,-14.51046],[33.87997,-14.51044],[33.87993,-14.51042],[33.87985,-14.51042],[33.87979,-14.5104],[33.87973,-14.51038],[33.8797,-14.51037],[33.87963,-14.51034],[33.87959,-14.51032],[33.87956,-14.5103],[33.87954,-14.51029],[33.87952,-14.51028],[33.87948,-14.51028],[33.87946,-14.51026],[33.87935,-14.51017],[33.87916,-14.51004],[33.87903,-14.50996],[33.87898,-14.50992],[33.8789,-14.50986],[33.87888,-14.50984],[33.87882,-14.5098],[33.87878,-14.50978],[33.87875,-14.50976],[33.87869,-14.50972],[33.87864,-14.50969],[33.87858,-14.50966],[33.87856,-14.50964],[33.87849,-14.50959],[33.87844,-14.50955],[33.87841,-14.50953],[33.87836,-14.5095],[33.87832,-14.50948],[33.87822,-14.50941],[33.87799,-14.50927],[33.87789,-14.50918],[33.87776,-14.50908],[33.87765,-14.50898],[33.87742,-14.5088],[33.87729,-14.50869],[33.87714,-14.50858],[33.87684,-14.50833],[33.87674,-14.50821],[33.87666,-14.50812],[33.87658,-14.50805],[33.87641,-14.50783],[33.87627,-14.50766],[33.87616,-14.50754],[33.8761,-14.50747],[33.8761,-14.50744],[33.8761,-14.5074],[33.87607,-14.50737],[33.87598,-14.50736],[33.87585,-14.50719],[33.87579,-14.50712],[33.8757,-14.50705],[33.87561,-14.50701],[33.87558,-14.50698],[33.87554,-14.50695],[33.87553,-14.5069],[33.87555,-14.50685],[33.87556,-14.5068],[33.87555,-14.50675],[33.87553,-14.50669],[33.87551,-14.50663],[33.87548,-14.50655],[33.87546,-14.50649],[33.87545,-14.50644],[33.87544,-14.50641],[33.87541,-14.50635],[33.8754,-14.50631],[33.8754,-14.5063],[33.87539,-14.50627],[33.87537,-14.50624],[33.87535,-14.50621],[33.87534,-14.50618],[33.87534,-14.50616],[33.87533,-14.50611],[33.87532,-14.50607],[33.8753,-14.50601],[33.87528,-14.50597],[33.87528,-14.50593],[33.87528,-14.50588],[33.87527,-14.50585],[33.87526,-14.50582],[33.87526,-14.50579],[33.87525,-14.50577],[33.87524,-14.50575],[33.87522,-14.50573],[33.87521,-14.50571],[33.87518,-14.50566],[33.87515,-14.5056],[33.87513,-14.50553]]},"properties":{"id":1182925959,"cls":"path","hw":"path","tg":"na","name":"","ref":"","surface":"","sc":"unknown","speed":null,"lit":"unk","km":0.881}},
{"type":"Feature","geometry":{"type":"LineString","coordinates":[[33.8665,-14.51469],[33.86643,-14.51461],[33.8664,-14.51458],[33.86635,-14.51451],[33.86632,-14.51448],[33.86628,-14.51445],[33.86623,-14.5144],[33.86619,-14.51436],[33.86612,-14.51432],[33.86607,-14.51429],[33.86604,-14.51427],[33.866,-14.51422],[33.86596,-14.51419],[33.86592,-14.51417],[33.86587,-14.51416],[33.86579,-14.51414],[33.86575,-14.51414],[33.86566,-14.51413],[33.86562,-14.51412],[33.86553,-14.51412],[33.86549,-14.51413],[33.86542,-14.51415],[33.86539,-14.51417],[33.86534,-14.51417],[33.86524,-14.51417],[33.8651,-14.51415],[33.86492,-14.51412],[33.86473,-14.51407],[33.86462,-14.51406],[33.86447,-14.51406],[33.86438,-14.51405],[33.86435,-14.51403],[33.86432,-14.51399],[33.86428,-14.51386],[33.86426,-14.51382],[33.86424,-14.51374],[33.86421,-14.5137],[33.8642,-14.51369],[33.86417,-14.51368],[33.86414,-14.51366],[33.86412,-14.51363],[33.86412,-14.51357],[33.86411,-14.51349],[33.8641,-14.51344],[33.86409,-14.51339],[33.86408,-14.51337],[33.86405,-14.51333],[33.86402,-14.51331],[33.86395,-14.51324],[33.86382,-14.5131],[33.86382,-14.51309],[33.86381,-14.51304],[33.8638,-14.51301],[33.86378,-14.51298],[33.86378,-14.51295],[33.86375,-14.51291],[33.86373,-14.51287],[33.86369,-14.51284],[33.86365,-14.51276]]},"properties":{"id":1182925960,"cls":"path","hw":"path","tg":"na","name":"","ref":"","surface":"","sc":"unknown","speed":null,"lit":"unk","km":0.426}},
{"type":"Feature","geometry":{"type":"LineString","coordinates":[[33.86603,-14.50909],[33.86615,-14.50898],[33.86631,-14.50888],[33.86653,-14.50871],[33.86664,-14.50855],[33.86677,-14.50842],[33.86691,-14.5083],[33.86705,-14.50819],[33.86714,-14.50808],[33.86724,-14.50792],[33.86741,-14.50775],[33.86744,-14.50764],[33.86755,-14.50753],[33.86768,-14.50743],[33.86783,-14.50731],[33.86799,-14.50716],[33.86809,-14.50698],[33.86815,-14.50686],[33.86829,-14.50655]]},"properties":{"id":1182925961,"cls":"unclassified","hw":"unclassified","tg":"na","name":"","ref":"","surface":"unpaved","sc":"unpaved","speed":null,"lit":"unk","km":0.38}},
{"type":"Feature","geometry":{"type":"LineString","coordinates":[[33.87632,-14.52019],[33.87616,-14.52012],[33.8761,-14.52007],[33.87602,-14.5199],[33.87601,-14.51971],[33.87602,-14.51959],[33.87602,-14.51945],[33.87602,-14.5194],[33.87603,-14.51937],[33.87603,-14.51934],[33.87604,-14.51931],[33.87604,-14.51929],[33.87605,-14.51904],[33.87605,-14.51902],[33.87606,-14.51899],[33.87606,-14.51895],[33.87606,-14.51884],[33.87607,-14.51877],[33.87606,-14.51868],[33.87606,-14.51865],[33.87607,-14.51862],[33.87608,-14.5186],[33.87609,-14.51858],[33.8761,-14.51856],[33.8761,-14.51854],[33.8761,-14.51852],[33.87609,-14.51849],[33.87608,-14.51844],[33.87607,-14.51842],[33.87606,-14.51838],[33.87605,-14.51837],[33.87605,-14.51834],[33.87604,-14.5183],[33.87604,-14.51827],[33.87604,-14.51822],[33.87604,-14.51819],[33.87604,-14.51815],[33.87604,-14.51812],[33.87605,-14.51808],[33.87605,-14.51806],[33.87606,-14.51802],[33.87608,-14.51797],[33.8761,-14.51792],[33.8761,-14.51789],[33.87611,-14.51787],[33.87612,-14.51781],[33.87611,-14.51777],[33.87611,-14.51773],[33.8761,-14.5177],[33.87608,-14.51763],[33.87607,-14.51759],[33.87606,-14.51755],[33.87605,-14.5175],[33.87605,-14.51746],[33.87604,-14.51741],[33.87603,-14.51736],[33.87601,-14.51733],[33.87599,-14.51728],[33.87598,-14.51723],[33.87595,-14.51718],[33.87591,-14.51709],[33.87586,-14.51703],[33.87583,-14.51698],[33.87576,-14.51692],[33.87572,-14.51689],[33.87566,-14.51685],[33.87563,-14.51682],[33.87558,-14.51676],[33.87556,-14.51675],[33.87552,-14.51672],[33.87547,-14.51668],[33.87542,-14.51665],[33.87537,-14.51659],[33.87533,-14.51654],[33.87529,-14.5165],[33.87529,-14.51648],[33.87529,-14.51645],[33.87527,-14.51642],[33.87526,-14.51641],[33.87524,-14.5164],[33.87523,-14.51638],[33.87522,-14.51636],[33.87518,-14.51634],[33.87514,-14.51632],[33.87509,-14.51628],[33.87501,-14.51621],[33.87494,-14.51616],[33.87493,-14.51613],[33.87489,-14.51608],[33.8748,-14.51596],[33.87476,-14.51588],[33.87471,-14.5158],[33.87468,-14.51573],[33.87464,-14.51567],[33.87462,-14.51562],[33.87461,-14.51558],[33.87459,-14.51554],[33.87456,-14.51551],[33.87452,-14.51543],[33.87448,-14.51535],[33.87445,-14.51529],[33.87443,-14.51523],[33.8744,-14.51515],[33.87436,-14.51507],[33.87434,-14.515],[33.87433,-14.51494],[33.87432,-14.51486],[33.87431,-14.51479],[33.8743,-14.51473],[33.87429,-14.5147],[33.87427,-14.51467],[33.87427,-14.51461],[33.87427,-14.51457],[33.87425,-14.51452],[33.87424,-14.51448],[33.87423,-14.51442],[33.87422,-14.51438],[33.87421,-14.51433],[33.87421,-14.51427],[33.8742,-14.51422],[33.87419,-14.51418],[33.87418,-14.51414],[33.87418,-14.51411],[33.87416,-14.51405],[33.87414,-14.51401],[33.87413,-14.51399],[33.87413,-14.51395],[33.87412,-14.51392],[33.87412,-14.5139],[33.87411,-14.51386],[33.87411,-14.51381],[33.87412,-14.51362],[33.87407,-14.51317],[33.87406,-14.51289],[33.87406,-14.51279],[33.87402,-14.51274],[33.874,-14.51271],[33.874,-14.5127],[33.874,-14.51269],[33.87401,-14.51267],[33.874,-14.51265],[33.87398,-14.51261],[33.87396,-14.51256],[33.87393,-14.51251],[33.87393,-14.51248],[33.87392,-14.51244],[33.87392,-14.51239],[33.87389,-14.51232],[33.87389,-14.51229],[33.87389,-14.51224],[33.87389,-14.51213],[33.87388,-14.51203],[33.87387,-14.51195],[33.87385,-14.51188],[33.87385,-14.51184],[33.87384,-14.5118],[33.87385,-14.51173],[33.87385,-14.51169],[33.87385,-14.51164],[33.87384,-14.51161],[33.87383,-14.51157],[33.87383,-14.5115],[33.87383,-14.51141],[33.87383,-14.51136],[33.87382,-14.51133],[33.87382,-14.51127],[33.87381,-14.51121],[33.8738,-14.51116],[33.87379,-14.51112],[33.87381,-14.51109],[33.87383,-14.51107],[33.87384,-14.51104],[33.87384,-14.51102],[33.87385,-14.51096],[33.87387,-14.51091],[33.87389,-14.51085],[33.8739,-14.51079],[33.87392,-14.51073],[33.87395,-14.51065],[33.87397,-14.51061],[33.87397,-14.51056],[33.874,-14.51053],[33.87404,-14.51044],[33.87404,-14.5104],[33.87403,-14.51037],[33.87406,-14.51031],[33.87407,-14.51028],[33.87408,-14.51024],[33.87409,-14.51022],[33.87412,-14.51017],[33.87414,-14.51014],[33.87415,-14.51012],[33.87417,-14.51008],[33.8742,-14.51002],[33.87421,-14.50997],[33.87427,-14.50985],[33.87432,-14.50977],[33.87434,-14.50972],[33.87437,-14.50967],[33.87439,-14.50963],[33.87441,-14.50959],[33.87443,-14.50956],[33.87443,-14.50954],[33.87444,-14.50952],[33.87446,-14.50951],[33.87447,-14.50949],[33.87447,-14.50944],[33.87447,-14.50941],[33.87446,-14.50938],[33.87446,-14.50935],[33.87445,-14.50933],[33.87444,-14.5093],[33.87444,-14.50926],[33.87443,-14.50922],[33.87443,-14.5092],[33.87441,-14.50917],[33.87441,-14.50915],[33.8744,-14.50912],[33.87439,-14.50908],[33.87438,-14.50903],[33.87438,-14.50901],[33.87437,-14.50899],[33.87437,-14.50896],[33.87436,-14.50894],[33.87436,-14.50892],[33.87436,-14.50887],[33.87435,-14.50882],[33.87435,-14.50879],[33.87435,-14.50878],[33.87434,-14.50876],[33.87433,-14.50873],[33.87432,-14.50869],[33.87432,-14.50867],[33.87431,-14.50864],[33.8743,-14.50861],[33.8743,-14.50856],[33.87429,-14.50849],[33.87428,-14.50844],[33.87428,-14.50839],[33.87427,-14.50834],[33.87426,-14.50833],[33.87424,-14.50831]]},"properties":{"id":1182925962,"cls":"unclassified","hw":"unclassified","tg":"na","name":"","ref":"","surface":"unpaved","sc":"unpaved","speed":null,"lit":"unk","km":1.443}},
{"type":"Feature","geometry":{"type":"LineString","coordinates":[[33.87042,-14.51229],[33.8705,-14.51228],[33.87056,-14.51226],[33.87065,-14.51223],[33.8707,-14.51221],[33.87076,-14.51219],[33.87083,-14.51218],[33.87089,-14.51216],[33.87094,-14.51213],[33.87098,-14.51211],[33.87107,-14.51207],[33.8712,-14.51202],[33.87124,-14.51199],[33.87125,-14.51199],[33.87126,-14.51199],[33.87128,-14.51198],[33.87129,-14.51197],[33.87132,-14.51197],[33.87134,-14.51197],[33.87136,-14.51196],[33.87138,-14.51195],[33.87143,-14.51192],[33.8715,-14.51189],[33.87154,-14.51188],[33.87157,-14.51186],[33.87158,-14.51185],[33.87159,-14.51184],[33.87161,-14.51183],[33.87162,-14.51182],[33.87163,-14.51182],[33.87165,-14.51182],[33.87174,-14.51179],[33.87177,-14.51179],[33.8718,-14.51178],[33.87184,-14.51177],[33.87187,-14.51175],[33.8719,-14.51173],[33.87193,-14.51173],[33.87195,-14.51172],[33.87198,-14.51171],[33.872,-14.5117],[33.87202,-14.51169],[33.87204,-14.51168],[33.87207,-14.51168],[33.87209,-14.51167],[33.87213,-14.51166],[33.87217,-14.51166],[33.87222,-14.51164],[33.87227,-14.51163],[33.8723,-14.51162],[33.87232,-14.51162],[33.87234,-14.51162],[33.87239,-14.51161],[33.87242,-14.51161],[33.87244,-14.5116],[33.87246,-14.5116],[33.87247,-14.5116],[33.87248,-14.51159],[33.87251,-14.51159],[33.87253,-14.51157],[33.87254,-14.51157],[33.87257,-14.51157],[33.87259,-14.51157],[33.87261,-14.51156],[33.87264,-14.51156],[33.87267,-14.51156],[33.87269,-14.51155],[33.87271,-14.51155],[33.87274,-14.51156],[33.87277,-14.51157],[33.87279,-14.51156],[33.87281,-14.51156],[33.87283,-14.51154],[33.87287,-14.51152],[33.87291,-14.51148],[33.87297,-14.51143],[33.87301,-14.51142],[33.87306,-14.5114],[33.87311,-14.51139],[33.87313,-14.51139],[33.87316,-14.51139],[33.87319,-14.51139],[33.87322,-14.51138],[33.87323,-14.51137],[33.87327,-14.51134],[33.8733,-14.51132],[33.87332,-14.5113],[33.87333,-14.51129],[33.87334,-14.51129],[33.87337,-14.51129],[33.87341,-14.51128],[33.87344,-14.51127],[33.87346,-14.51127],[33.87349,-14.51127],[33.8735,-14.51125],[33.87353,-14.51123],[33.87354,-14.51122],[33.87356,-14.51121],[33.87358,-14.5112],[33.8736,-14.5112],[33.87362,-14.51119],[33.87364,-14.51119],[33.87367,-14.51117],[33.87369,-14.51116],[33.8737,-14.51114],[33.87372,-14.51112],[33.87374,-14.5111],[33.87377,-14.51106],[33.8738,-14.51103],[33.87384,-14.51102]]},"properties":{"id":1182925963,"cls":"unclassified","hw":"unclassified","tg":"na","name":"","ref":"","surface":"unpaved","sc":"unpaved","speed":null,"lit":"unk","km":0.41}},
{"type":"Feature","geometry":{"type":"LineString","coordinates":[[33.86909,-14.51392],[33.86913,-14.51392],[33.86923,-14.51392],[33.86927,-14.51391],[33.86929,-14.51391],[33.86931,-14.5139],[33.86933,-14.51389],[33.86935,-14.51388],[33.86937,-14.51387],[33.86939,-14.51386],[33.86941,-14.51385],[33.86941,-14.51384],[33.86943,-14.51383],[33.86945,-14.51382],[33.86947,-14.5138],[33.8695,-14.51379],[33.86952,-14.51378],[33.86954,-14.51378],[33.86956,-14.51378],[33.86959,-14.51378],[33.86961,-14.51377],[33.86962,-14.51375],[33.86965,-14.51372],[33.86969,-14.5137],[33.86971,-14.51367],[33.86974,-14.51365],[33.86976,-14.51361],[33.86981,-14.51359],[33.86985,-14.51357],[33.86988,-14.51356],[33.86991,-14.51354],[33.86994,-14.51352],[33.87,-14.5135],[33.87003,-14.5135],[33.87006,-14.51349],[33.87009,-14.51348],[33.87013,-14.51347],[33.87018,-14.51347],[33.87021,-14.51346],[33.87026,-14.51344],[33.87031,-14.51342],[33.87034,-14.5134],[33.87037,-14.51338],[33.8704,-14.51335],[33.87044,-14.51333],[33.87048,-14.51333],[33.87052,-14.51332],[33.87057,-14.51331],[33.87059,-14.5133],[33.87062,-14.51329],[33.87064,-14.51328],[33.87068,-14.51327],[33.87071,-14.51327],[33.87074,-14.51327],[33.87076,-14.51325],[33.87078,-14.51324],[33.87081,-14.51324],[33.87085,-14.51324],[33.87088,-14.51323],[33.87092,-14.51321],[33.87094,-14.5132],[33.87099,-14.5132],[33.87103,-14.51319],[33.87107,-14.51319],[33.87112,-14.51319],[33.87114,-14.51318],[33.87117,-14.51316],[33.87121,-14.51315],[33.87125,-14.51313],[33.87129,-14.51309],[33.87132,-14.51307],[33.87136,-14.513],[33.87143,-14.51293],[33.8715,-14.51286],[33.87151,-14.51283],[33.87151,-14.51274]]},"properties":{"id":1182925964,"cls":"unclassified","hw":"unclassified","tg":"na","name":"","ref":"","surface":"","sc":"unknown","speed":null,"lit":"unk","km":0.313}},
{"type":"Feature","geometry":{"type":"LineString","coordinates":[[33.8684,-14.51422],[33.86846,-14.51418],[33.86848,-14.51417],[33.86852,-14.51415],[33.86859,-14.51412],[33.86863,-14.51411],[33.86869,-14.5141],[33.86872,-14.51409],[33.86877,-14.51406],[33.8688,-14.51404],[33.86883,-14.51401],[33.86885,-14.51399],[33.86889,-14.51397],[33.86901,-14.51392],[33.86906,-14.51392],[33.86909,-14.51392]]},"properties":{"id":1182925965,"cls":"unclassified","hw":"unclassified","tg":"na","name":"","ref":"","surface":"","sc":"unknown","speed":null,"lit":"unk","km":0.083}},
{"type":"Feature","geometry":{"type":"LineString","coordinates":[[33.63757,-14.56584],[33.63766,-14.56574],[33.63774,-14.56566],[33.63782,-14.56558],[33.63789,-14.5655],[33.63795,-14.56544],[33.63802,-14.56536],[33.63805,-14.5653],[33.6381,-14.56526],[33.63815,-14.56521],[33.63822,-14.56517],[33.6383,-14.56513],[33.63837,-14.56509],[33.63841,-14.56506],[33.63846,-14.56504],[33.63855,-14.56499],[33.63862,-14.56494],[33.63868,-14.56489],[33.63872,-14.56486],[33.63875,-14.56483],[33.63878,-14.56479],[33.6388,-14.56475],[33.63882,-14.56472],[33.63883,-14.5647],[33.63887,-14.56469],[33.6389,-14.56468],[33.63897,-14.56461],[33.63905,-14.56454],[33.63907,-14.56451],[33.6391,-14.56449],[33.63913,-14.56448],[33.63916,-14.56447],[33.63918,-14.56446],[33.63918,-14.56443],[33.63919,-14.56442],[33.63921,-14.56441],[33.63922,-14.56439],[33.63924,-14.56437],[33.63928,-14.56433],[33.63932,-14.5643],[33.63936,-14.56429],[33.63939,-14.56428],[33.63942,-14.56426],[33.63944,-14.56424],[33.63945,-14.56422],[33.63949,-14.56419],[33.63951,-14.56416],[33.63952,-14.56414],[33.63952,-14.56412],[33.63953,-14.56409],[33.63954,-14.56407],[33.63958,-14.56404],[33.63963,-14.56399],[33.63966,-14.56397],[33.6397,-14.56391],[33.63975,-14.56389],[33.6398,-14.56389],[33.63984,-14.56388],[33.63988,-14.56388],[33.6399,-14.56388],[33.63992,-14.56386],[33.63994,-14.56385],[33.63999,-14.56383],[33.64002,-14.56382],[33.64004,-14.56381],[33.64007,-14.56381],[33.6401,-14.56381],[33.64012,-14.56382],[33.64017,-14.5638]]},"properties":{"id":1183430245,"cls":"path","hw":"path","tg":"na","name":"","ref":"","surface":"","sc":"unknown","speed":null,"lit":"unk","km":0.377}},
{"type":"Feature","geometry":{"type":"LineString","coordinates":[[33.63669,-14.56903],[33.63678,-14.569],[33.63686,-14.56897],[33.63694,-14.56896],[33.63702,-14.56894],[33.6371,-14.56891],[33.63716,-14.56888],[33.63722,-14.56887],[33.63728,-14.56887],[33.63736,-14.56886],[33.63743,-14.56888],[33.63752,-14.56887],[33.63761,-14.56886],[33.63768,-14.56885],[33.63773,-14.56884],[33.63778,-14.56885],[33.63784,-14.56888],[33.63788,-14.56891],[33.63792,-14.56891],[33.63796,-14.56891],[33.63801,-14.56893],[33.63806,-14.56894],[33.63811,-14.56893],[33.63819,-14.56898],[33.63828,-14.56899],[33.63841,-14.56901],[33.63852,-14.56901],[33.63858,-14.569],[33.63864,-14.56898],[33.63869,-14.56897],[33.63883,-14.56898],[33.63907,-14.56899],[33.63921,-14.569],[33.63935,-14.56898],[33.63946,-14.56896],[33.63959,-14.56891],[33.63968,-14.56888],[33.63976,-14.56886],[33.63987,-14.56883],[33.63999,-14.56881],[33.64009,-14.5688],[33.6402,-14.5688]]},"properties":{"id":1183430247,"cls":"path","hw":"path","tg":"na","name":"","ref":"","surface":"","sc":"unknown","speed":null,"lit":"unk","km":0.39}},
{"type":"Feature","geometry":{"type":"LineString","coordinates":[[33.63193,-14.57219],[33.63193,-14.5721],[33.63191,-14.57195],[33.63189,-14.57182],[33.63189,-14.57175],[33.63191,-14.57168],[33.63195,-14.57163],[33.63201,-14.57155],[33.63208,-14.57146],[33.63213,-14.57138],[33.63216,-14.57132],[33.63217,-14.57124],[33.63217,-14.57114],[33.63218,-14.57104],[33.63219,-14.57094],[33.63222,-14.57086],[33.63225,-14.57079],[33.63232,-14.5707],[33.63236,-14.57064],[33.63241,-14.57056],[33.63247,-14.5705],[33.63252,-14.57042],[33.63256,-14.57035],[33.63262,-14.57025],[33.63267,-14.57014],[33.63267,-14.57008],[33.63269,-14.57002],[33.63273,-14.56993],[33.63276,-14.56986],[33.63277,-14.5698],[33.63277,-14.56973],[33.63276,-14.56965],[33.63275,-14.5696],[33.63271,-14.56954],[33.63266,-14.56945],[33.63261,-14.56937],[33.63258,-14.56929],[33.63255,-14.5692],[33.63254,-14.56912],[33.63253,-14.56903],[33.63254,-14.56892],[33.63254,-14.56885],[33.63252,-14.56878],[33.63251,-14.56871],[33.63251,-14.56864],[33.63253,-14.56855],[33.63256,-14.56845],[33.63259,-14.56837],[33.63261,-14.5683],[33.63262,-14.56821],[33.63266,-14.56813],[33.63267,-14.56805],[33.63267,-14.56798],[33.63264,-14.56791],[33.63259,-14.56779],[33.63257,-14.56772],[33.63255,-14.56766],[33.63254,-14.56763],[33.63252,-14.56754],[33.6325,-14.56743],[33.63248,-14.56733],[33.63249,-14.56725],[33.63253,-14.56715],[33.63253,-14.56706],[33.63254,-14.56697],[33.63255,-14.56691],[33.63259,-14.56684],[33.63263,-14.56679],[33.63267,-14.56672],[33.63269,-14.56664],[33.63272,-14.56653],[33.63274,-14.56645],[33.63275,-14.56639],[33.63276,-14.56633],[33.63274,-14.56629],[33.63274,-14.56625],[33.63274,-14.56619],[33.63273,-14.56614],[33.6327,-14.56609],[33.63264,-14.566],[33.63259,-14.56591],[33.63255,-14.56586],[33.63252,-14.5658],[33.6325,-14.56574],[33.6325,-14.56568],[33.6325,-14.56562],[33.63252,-14.56556],[33.63252,-14.56549],[33.63252,-14.5654],[33.63253,-14.56531],[33.63254,-14.5652],[33.63255,-14.56514],[33.63258,-14.56506],[33.63261,-14.565],[33.63263,-14.56491],[33.63263,-14.56483],[33.63263,-14.56474],[33.63262,-14.56467],[33.63259,-14.56459],[33.63258,-14.56455],[33.63258,-14.5644],[33.63256,-14.56435],[33.63253,-14.56431],[33.63246,-14.56423],[33.63242,-14.56415],[33.6324,-14.56407],[33.63239,-14.56397],[33.6324,-14.56386],[33.63242,-14.56378],[33.63244,-14.56374],[33.63245,-14.5637],[33.63244,-14.56364],[33.6324,-14.56357],[33.63237,-14.56351],[33.63236,-14.56346],[33.63237,-14.56339],[33.63236,-14.56334],[33.63235,-14.56328],[33.63233,-14.56323],[33.63234,-14.56318],[33.63236,-14.56311],[33.63239,-14.56304],[33.63243,-14.56296],[33.63245,-14.56292],[33.63245,-14.56289],[33.63247,-14.56285],[33.63247,-14.56283],[33.63246,-14.56279],[33.63246,-14.56273],[33.63246,-14.56265],[33.63247,-14.56259],[33.63247,-14.56255],[33.63246,-14.56251],[33.63244,-14.56247],[33.63242,-14.56243],[33.63242,-14.56238],[33.63241,-14.56234],[33.6324,-14.56226],[33.6324,-14.5622],[33.63241,-14.56216],[33.63244,-14.56209],[33.63246,-14.56192],[33.63248,-14.56185],[33.63252,-14.56178],[33.63254,-14.56171],[33.63255,-14.56165],[33.63257,-14.56158],[33.63261,-14.56151],[33.63271,-14.56141],[33.63282,-14.56128],[33.63288,-14.56121],[33.63293,-14.56116],[33.63297,-14.56113],[33.63303,-14.56109],[33.63316,-14.56102],[33.63323,-14.56097],[33.63328,-14.56091],[33.63331,-14.56081],[33.63338,-14.56068],[33.63344,-14.56057],[33.63348,-14.56046],[33.63355,-14.56033],[33.6336,-14.56022],[33.63363,-14.56016],[33.63372,-14.56006],[33.63376,-14.56001],[33.63381,-14.55995],[33.63385,-14.55989],[33.63388,-14.55981],[33.63391,-14.55974],[33.63391,-14.55968],[33.63389,-14.55961],[33.6339,-14.55952],[33.63392,-14.55945],[33.63397,-14.55938],[33.63399,-14.55934],[33.634,-14.55925],[33.63401,-14.5591],[33.63403,-14.55898],[33.63405,-14.55886],[33.6341,-14.55873],[33.63415,-14.55865],[33.63417,-14.55859],[33.63419,-14.55852],[33.63419,-14.55845],[33.63421,-14.55835],[33.63424,-14.55825],[33.63428,-14.55816],[33.63433,-14.55806],[33.63437,-14.55797],[33.63444,-14.55785],[33.63452,-14.55774],[33.63457,-14.55762],[33.6346,-14.55756],[33.63468,-14.5574],[33.63472,-14.5573],[33.63477,-14.55722],[33.63484,-14.55714],[33.63488,-14.55708],[33.63493,-14.55699],[33.63502,-14.5569],[33.63511,-14.55682],[33.63517,-14.55676],[33.63523,-14.55669],[33.63525,-14.55662],[33.63528,-14.55649],[33.63529,-14.55639],[33.63533,-14.55629],[33.63536,-14.55622],[33.63538,-14.55615],[33.63537,-14.55606],[33.63538,-14.55598],[33.63542,-14.55586],[33.63544,-14.55574],[33.63546,-14.55565],[33.63546,-14.55557],[33.63545,-14.55548],[33.63544,-14.55538],[33.63545,-14.55523],[33.63547,-14.5551],[33.6355,-14.55491],[33.63551,-14.5548],[33.63552,-14.55462],[33.63553,-14.55439],[33.63553,-14.55428],[33.63551,-14.5542],[33.6355,-14.55412],[33.63551,-14.55405],[33.63552,-14.55396],[33.63557,-14.55387],[33.63564,-14.55377],[33.63573,-14.55365],[33.63582,-14.55355],[33.63592,-14.55347],[33.63607,-14.55335],[33.63616,-14.55329],[33.63629,-14.55318],[33.63638,-14.5531],[33.63646,-14.55301],[33.63653,-14.55293],[33.63657,-14.55289],[33.63658,-14.55284],[33.63663,-14.55275],[33.63669,-14.55266],[33.63673,-14.55257],[33.63676,-14.55249],[33.63681,-14.5524],[33.63685,-14.55235],[33.6369,-14.5523],[33.63694,-14.55223],[33.63698,-14.55216],[33.63705,-14.552],[33.63709,-14.5519],[33.63712,-14.55183],[33.63717,-14.55176],[33.63724,-14.55168],[33.63732,-14.5516],[33.63738,-14.55152],[33.63743,-14.55148],[33.6375,-14.55143],[33.63755,-14.55137],[33.6376,-14.55129],[33.63767,-14.55125],[33.63777,-14.55121],[33.6379,-14.55116],[33.63798,-14.55113],[33.63807,-14.55111],[33.63815,-14.55112],[33.63823,-14.55112],[33.63831,-14.55114],[33.6384,-14.55116],[33.63851,-14.55119],[33.63863,-14.5512],[33.6387,-14.5512],[33.63874,-14.55117],[33.6388,-14.5511],[33.63892,-14.55098],[33.63894,-14.5509],[33.63895,-14.5508],[33.63896,-14.55071],[33.63899,-14.55065],[33.63903,-14.55057],[33.63905,-14.55051],[33.63904,-14.55043],[33.63904,-14.55037],[33.63905,-14.5503],[33.63906,-14.55018],[33.6391,-14.55003],[33.63913,-14.54994],[33.63913,-14.54987],[33.6391,-14.54975],[33.63907,-14.54964],[33.63903,-14.54956],[33.63897,-14.54947],[33.63892,-14.5494],[33.63886,-14.5493],[33.63883,-14.54921],[33.6388,-14.54911],[33.63878,-14.54898],[33.63877,-14.54887],[33.63877,-14.54877],[33.63879,-14.54867],[33.63882,-14.5486],[33.63883,-14.54853],[33.63883,-14.54841],[33.63883,-14.54833],[33.63882,-14.54824],[33.6388,-14.54815],[33.63876,-14.54803],[33.63872,-14.54792],[33.63869,-14.54783],[33.63867,-14.54772],[33.63865,-14.54763],[33.63862,-14.54752],[33.63859,-14.54743],[33.63857,-14.54737],[33.63857,-14.54731],[33.63859,-14.54723],[33.63862,-14.54711],[33.63863,-14.547],[33.63863,-14.54689],[33.63862,-14.54675],[33.63861,-14.54656],[33.6386,-14.54645],[33.63857,-14.5463],[33.63855,-14.54619],[33.63853,-14.54613],[33.6385,-14.54604],[33.63849,-14.54599],[33.63849,-14.54592],[33.6385,-14.54586],[33.63849,-14.54581],[33.63848,-14.54579],[33.63847,-14.54576],[33.63844,-14.5457],[33.63839,-14.54562],[33.63833,-14.54555],[33.63829,-14.54547],[33.63822,-14.54536],[33.63818,-14.54526],[33.63813,-14.54512],[33.6381,-14.54504],[33.63809,-14.54499],[33.63804,-14.54491],[33.63796,-14.54474],[33.63793,-14.54467],[33.63791,-14.54461],[33.63788,-14.54457],[33.63789,-14.54448],[33.63792,-14.54443],[33.63793,-14.54441],[33.63794,-14.54434],[33.63792,-14.54428],[33.63791,-14.54424],[33.63788,-14.54419],[33.63788,-14.54414],[33.63788,-14.54405],[33.63787,-14.54398],[33.63787,-14.54391],[33.63786,-14.54384],[33.63785,-14.54375],[33.63783,-14.54365],[33.63782,-14.54359],[33.63779,-14.54355],[33.63775,-14.54351],[33.63771,-14.54348],[33.63768,-14.54345],[33.63763,-14.54338],[33.6376,-14.54334],[33.63758,-14.54332],[33.63758,-14.54327],[33.63758,-14.54324],[33.63756,-14.54322],[33.63753,-14.5432],[33.6375,-14.54317],[33.63746,-14.54313],[33.63745,-14.54309],[33.63744,-14.54303],[33.63744,-14.54299],[33.63743,-14.54295],[33.63741,-14.5429],[33.63738,-14.54283],[33.63733,-14.54276],[33.63728,-14.54266],[33.63724,-14.54258],[33.6372,-14.54253],[33.63717,-14.54247],[33.63715,-14.5424],[33.63715,-14.54233],[33.63714,-14.54228],[33.63711,-14.5422],[33.63707,-14.5421],[33.63706,-14.54204],[33.63704,-14.54199]]},"properties":{"id":1183430248,"cls":"unclassified","hw":"unclassified","tg":"na","name":"","ref":"","surface":"","sc":"unknown","speed":null,"lit":"unk","km":3.791}},
{"type":"Feature","geometry":{"type":"LineString","coordinates":[[33.63166,-14.57448],[33.63157,-14.57446],[33.63148,-14.57444],[33.63138,-14.57443],[33.63127,-14.57441],[33.63116,-14.57439],[33.63109,-14.57436],[33.63101,-14.57432],[33.63095,-14.5743],[33.63088,-14.57429],[33.6308,-14.57428],[33.63069,-14.57425],[33.63062,-14.57423],[33.63054,-14.57423],[33.63043,-14.57423],[33.63035,-14.57423],[33.63027,-14.57421],[33.63021,-14.57419],[33.63014,-14.57414],[33.6301,-14.57412],[33.63007,-14.57411],[33.63003,-14.57411],[33.62998,-14.57412],[33.62993,-14.57412],[33.62987,-14.5741],[33.62983,-14.57409],[33.62981,-14.57407],[33.6298,-14.57405],[33.62978,-14.57404],[33.62976,-14.57404],[33.62974,-14.57403],[33.62972,-14.57402],[33.62969,-14.57402],[33.62966,-14.57402],[33.62964,-14.57401],[33.6296,-14.57401],[33.62956,-14.57399],[33.62952,-14.57395],[33.62944,-14.57392],[33.62939,-14.57391],[33.62932,-14.57389],[33.62927,-14.57387],[33.62923,-14.57386],[33.62918,-14.57386],[33.62908,-14.57387],[33.62901,-14.57388],[33.62897,-14.57388],[33.62891,-14.57388],[33.62884,-14.57388],[33.62879,-14.57387],[33.62871,-14.57392],[33.62862,-14.57397],[33.6285,-14.57404],[33.62847,-14.57409]]},"properties":{"id":1183430249,"cls":"unclassified","hw":"unclassified","tg":"na","name":"","ref":"","surface":"","sc":"unknown","speed":null,"lit":"unk","km":0.367}},
{"type":"Feature","geometry":{"type":"LineString","coordinates":[[33.62873,-14.57276],[33.62873,-14.57285],[33.62873,-14.57302],[33.62873,-14.57317],[33.62874,-14.5734],[33.62877,-14.57364],[33.62878,-14.5738],[33.62879,-14.57387],[33.6288,-14.57396],[33.62883,-14.57404],[33.62884,-14.57411],[33.62884,-14.57419],[33.62885,-14.57424]]},"properties":{"id":1183430250,"cls":"unclassified","hw":"unclassified","tg":"na","name":"","ref":"","surface":"","sc":"unknown","speed":null,"lit":"unk","km":0.166}},
{"type":"Feature","geometry":{"type":"LineString","coordinates":[[33.62445,-14.57604],[33.62456,-14.57601],[33.62468,-14.57598],[33.62476,-14.57595],[33.62485,-14.5759],[33.62494,-14.57584],[33.62499,-14.5758],[33.62506,-14.57576],[33.6251,-14.57573],[33.62515,-14.57568],[33.62519,-14.57563],[33.62522,-14.57559],[33.62524,-14.57553],[33.62527,-14.57543],[33.62531,-14.57532],[33.62533,-14.57523],[33.62538,-14.57511],[33.62541,-14.57498],[33.62542,-14.5749],[33.62542,-14.57482],[33.62542,-14.57476],[33.62542,-14.57471],[33.62543,-14.57465],[33.62545,-14.57461],[33.62549,-14.57453],[33.62555,-14.57446],[33.62561,-14.57437],[33.62568,-14.57428],[33.62574,-14.57419],[33.62577,-14.57411],[33.62581,-14.57401],[33.62586,-14.57391],[33.62592,-14.57377],[33.62595,-14.57369],[33.62601,-14.57361],[33.62607,-14.57352],[33.62614,-14.57343],[33.62619,-14.57337],[33.62629,-14.57333],[33.6264,-14.57327],[33.62653,-14.5732],[33.62665,-14.57315],[33.62675,-14.57312],[33.62688,-14.57308],[33.62697,-14.57305],[33.62707,-14.573],[33.62717,-14.57297],[33.62723,-14.57294],[33.62729,-14.57294],[33.62737,-14.57295],[33.62747,-14.57296],[33.62754,-14.57295],[33.62761,-14.57292],[33.62769,-14.57288],[33.62774,-14.57288],[33.6278,-14.57287],[33.62789,-14.57287],[33.628,-14.57286],[33.62807,-14.57284],[33.62819,-14.57282],[33.62829,-14.5728],[33.62837,-14.57277],[33.62843,-14.57276],[33.62852,-14.57276],[33.62872,-14.57276],[33.62873,-14.57276],[33.62888,-14.57275],[33.62904,-14.57275],[33.62925,-14.57275],[33.62947,-14.57275],[33.62968,-14.57275],[33.6298,-14.57275]]},"properties":{"id":1183430251,"cls":"unclassified","hw":"unclassified","tg":"na","name":"","ref":"","surface":"","sc":"unknown","speed":null,"lit":"unk","km":0.775}},
{"type":"Feature","geometry":{"type":"LineString","coordinates":[[33.62851,-14.57756],[33.6284,-14.57755],[33.62834,-14.57753],[33.62823,-14.57751],[33.62813,-14.57749],[33.62801,-14.57749],[33.62792,-14.57749],[33.62782,-14.5775],[33.62771,-14.5775],[33.62765,-14.57749],[33.62759,-14.57749],[33.62754,-14.57748],[33.62749,-14.57745],[33.62745,-14.57743],[33.62741,-14.5774],[33.62737,-14.57738],[33.62733,-14.57736],[33.6273,-14.57734],[33.62726,-14.57734],[33.62721,-14.57733],[33.62716,-14.57732],[33.62711,-14.57731],[33.62706,-14.57729],[33.62701,-14.57728],[33.62696,-14.57728],[33.62691,-14.57728],[33.62684,-14.57727],[33.62678,-14.57726],[33.62674,-14.57725],[33.62669,-14.57724],[33.62663,-14.57723],[33.62658,-14.57723],[33.62654,-14.57722],[33.6265,-14.5772],[33.62647,-14.57718],[33.62641,-14.57714],[33.62633,-14.57705],[33.62629,-14.577],[33.62625,-14.57695],[33.62622,-14.57691],[33.62617,-14.57687],[33.62611,-14.57683],[33.62604,-14.57682],[33.62595,-14.5768],[33.62586,-14.57679],[33.62577,-14.57679],[33.62568,-14.57679],[33.6256,-14.57679],[33.62553,-14.57677],[33.62549,-14.57673],[33.62542,-14.57667],[33.62537,-14.57663],[33.62531,-14.57661],[33.62525,-14.57657],[33.62516,-14.57653],[33.62508,-14.57648],[33.62503,-14.57645],[33.62499,-14.57641],[33.62494,-14.57636],[33.62489,-14.57632],[33.62483,-14.57629],[33.62474,-14.57625],[33.62466,-14.5762],[33.62459,-14.57616],[33.62452,-14.57609],[33.62445,-14.57604],[33.62439,-14.57599],[33.62434,-14.57596],[33.62427,-14.57592],[33.62417,-14.57589],[33.62408,-14.57587],[33.62398,-14.57585],[33.62389,-14.57582],[33.6238,-14.57579],[33.62374,-14.57577],[33.62369,-14.57575],[33.62364,-14.57573],[33.62357,-14.57568],[33.6235,-14.5756],[33.62342,-14.57552],[33.62336,-14.57545],[33.62332,-14.57542],[33.62326,-14.57538],[33.62321,-14.57533],[33.62318,-14.5753],[33.62312,-14.57526],[33.62306,-14.57524],[33.62299,-14.57521],[33.62293,-14.57519],[33.62287,-14.57517],[33.62283,-14.57516],[33.62279,-14.57513],[33.62274,-14.57508],[33.62269,-14.57504],[33.62262,-14.57498],[33.62257,-14.57494],[33.62253,-14.57487],[33.62248,-14.57481],[33.62243,-14.57476],[33.62238,-14.57471],[33.62232,-14.57468],[33.62224,-14.57466],[33.62213,-14.5746],[33.62205,-14.57456],[33.62196,-14.57454],[33.62185,-14.57453],[33.62176,-14.57451],[33.62167,-14.57448],[33.6216,-14.57446],[33.62154,-14.57442],[33.62145,-14.57437],[33.62135,-14.57431],[33.62124,-14.57426],[33.62118,-14.57422],[33.62111,-14.57419],[33.62103,-14.57416],[33.62096,-14.5741],[33.62085,-14.57406],[33.62073,-14.57402],[33.62063,-14.57398],[33.62055,-14.57394],[33.62046,-14.57393],[33.62037,-14.57391],[33.62027,-14.57389],[33.62017,-14.57385],[33.62008,-14.57383],[33.61996,-14.57379],[33.61986,-14.57378],[33.61976,-14.57379],[33.61965,-14.57379],[33.61956,-14.57378],[33.6195,-14.57375],[33.61943,-14.57373],[33.61935,-14.57372],[33.61926,-14.57372],[33.61915,-14.57375],[33.61905,-14.57374],[33.61897,-14.57374],[33.61887,-14.57375],[33.61881,-14.57375]]},"properties":{"id":1183430253,"cls":"unclassified","hw":"unclassified","tg":"na","name":"","ref":"","surface":"","sc":"unknown","speed":null,"lit":"unk","km":1.173}},
{"type":"Feature","geometry":{"type":"LineString","coordinates":[[33.67507,-14.60267],[33.67515,-14.60257],[33.6752,-14.60247],[33.67523,-14.60235],[33.67528,-14.60221],[33.67531,-14.60212],[33.67533,-14.60205],[33.67536,-14.60197],[33.67538,-14.60194],[33.67541,-14.60189],[33.67546,-14.60183],[33.6755,-14.60178],[33.67553,-14.60171],[33.67554,-14.60162],[33.67555,-14.60152],[33.67558,-14.60144],[33.67561,-14.60138],[33.67563,-14.60133],[33.67564,-14.60129],[33.67567,-14.60126],[33.6757,-14.60125],[33.67572,-14.60124],[33.67574,-14.60123],[33.67576,-14.60119],[33.67577,-14.60117],[33.6758,-14.60115],[33.67582,-14.60113],[33.67584,-14.6011],[33.67585,-14.60108],[33.67585,-14.60104],[33.67585,-14.60102],[33.67585,-14.60101],[33.67586,-14.60099],[33.67588,-14.60097],[33.6759,-14.60094],[33.67592,-14.60092],[33.67594,-14.60088],[33.67597,-14.60086],[33.676,-14.60084]]},"properties":{"id":1183436571,"cls":"path","hw":"path","tg":"na","name":"","ref":"","surface":"","sc":"unknown","speed":null,"lit":"unk","km":0.235}},
{"type":"Feature","geometry":{"type":"LineString","coordinates":[[33.66897,-14.59494],[33.66894,-14.59485],[33.66892,-14.59468],[33.66887,-14.5945],[33.66885,-14.59438],[33.66888,-14.5942],[33.6689,-14.59404],[33.6689,-14.5939],[33.66887,-14.59377],[33.66886,-14.59355],[33.66885,-14.59336],[33.66885,-14.59317],[33.66886,-14.59303]]},"properties":{"id":1183436572,"cls":"unclassified","hw":"unclassified","tg":"na","name":"","ref":"","surface":"","sc":"unknown","speed":null,"lit":"unk","km":0.215}},
{"type":"Feature","geometry":{"type":"LineString","coordinates":[[33.67297,-14.60489],[33.67297,-14.60479],[33.67298,-14.60475],[33.67301,-14.60469],[33.67302,-14.60467],[33.67305,-14.60463],[33.67306,-14.60461],[33.67307,-14.60457],[33.67308,-14.60447],[33.67307,-14.60439],[33.67309,-14.60432],[33.67311,-14.60424],[33.67313,-14.60417],[33.67314,-14.60411],[33.67316,-14.60399],[33.67317,-14.60395],[33.67319,-14.60393],[33.67321,-14.6039],[33.67325,-14.60388],[33.67329,-14.60386],[33.67333,-14.60383],[33.67339,-14.60379],[33.67346,-14.60374],[33.67353,-14.60369],[33.67356,-14.60364],[33.6737,-14.60348],[33.67379,-14.6034],[33.67387,-14.60332],[33.67398,-14.60327],[33.67413,-14.60321],[33.67425,-14.60317],[33.67441,-14.6031],[33.67451,-14.60306],[33.67464,-14.60302],[33.67469,-14.60297],[33.67473,-14.60296],[33.67478,-14.60294],[33.67482,-14.60292],[33.67486,-14.60289],[33.67489,-14.60285],[33.67493,-14.6028],[33.67498,-14.60275],[33.67501,-14.60271],[33.67504,-14.60268]]},"properties":{"id":1183436573,"cls":"path","hw":"path","tg":"na","name":"","ref":"","surface":"","sc":"unknown","speed":null,"lit":"unk","km":0.361}},
{"type":"Feature","geometry":{"type":"LineString","coordinates":[[33.66853,-14.60035],[33.66861,-14.6004],[33.66865,-14.60045],[33.66872,-14.60051],[33.66876,-14.60057],[33.6688,-14.60061],[33.66883,-14.60063],[33.66888,-14.60063],[33.66894,-14.60061],[33.66905,-14.6005],[33.66914,-14.6004],[33.66921,-14.60034],[33.66927,-14.60031],[33.66938,-14.60028],[33.66947,-14.60023],[33.66953,-14.60021],[33.66966,-14.60015],[33.66974,-14.60011],[33.66978,-14.6001],[33.66982,-14.60011],[33.66986,-14.60015],[33.6699,-14.60019],[33.66998,-14.60023],[33.67006,-14.60026],[33.67016,-14.6003],[33.67025,-14.60037],[33.67028,-14.60041],[33.67032,-14.60051],[33.67037,-14.60061],[33.67043,-14.60069],[33.6705,-14.60076],[33.67057,-14.60082],[33.67062,-14.60088],[33.67066,-14.60096],[33.67071,-14.60104],[33.67076,-14.60112],[33.67083,-14.60118],[33.67091,-14.60122],[33.67096,-14.60126],[33.67103,-14.60132],[33.6711,-14.6014],[33.67118,-14.60147],[33.67125,-14.60152],[33.67134,-14.60158],[33.67146,-14.60164],[33.67153,-14.6017],[33.6716,-14.60173],[33.67166,-14.60178],[33.67171,-14.60183],[33.67175,-14.60189],[33.67178,-14.60192],[33.67184,-14.60196],[33.67192,-14.60197],[33.67201,-14.602],[33.67208,-14.602],[33.67218,-14.60197],[33.6723,-14.60192],[33.67238,-14.60189],[33.67241,-14.60187],[33.67246,-14.60182],[33.67255,-14.60175],[33.67267,-14.6017],[33.67274,-14.60168],[33.6728,-14.60166],[33.67289,-14.60165],[33.67297,-14.60165],[33.67309,-14.60166],[33.67318,-14.60169],[33.67329,-14.60172],[33.67339,-14.60175],[33.6735,-14.6018],[33.67358,-14.60185],[33.67365,-14.6019],[33.67371,-14.60193],[33.6738,-14.60194],[33.67387,-14.60195],[33.67395,-14.60195],[33.67401,-14.60197],[33.67404,-14.60199],[33.67412,-14.60207],[33.67419,-14.60212],[33.67427,-14.60217],[33.67438,-14.60225],[33.67449,-14.60231],[33.67456,-14.60235],[33.67463,-14.60239],[33.67468,-14.60243],[33.67474,-14.60248],[33.67478,-14.60253],[33.67485,-14.60261],[33.67494,-14.60266],[33.67501,-14.60268],[33.67504,-14.60268],[33.67507,-14.60267],[33.67517,-14.60264],[33.67527,-14.6026],[33.67534,-14.60257],[33.67543,-14.6025],[33.67554,-14.60244],[33.67562,-14.60241],[33.67568,-14.60239],[33.67574,-14.60238],[33.6758,-14.6024],[33.67584,-14.60242],[33.67591,-14.60243],[33.676,-14.60241],[33.67609,-14.60236],[33.67617,-14.6023],[33.67625,-14.60226],[33.67633,-14.60222],[33.6764,-14.60221],[33.67648,-14.6022],[33.67654,-14.60222],[33.6766,-14.60225],[33.67667,-14.60228],[33.67673,-14.60231],[33.6768,-14.60237],[33.67683,-14.60238],[33.67685,-14.60237],[33.6769,-14.60232],[33.67695,-14.60226],[33.67699,-14.6022],[33.67702,-14.60216],[33.67706,-14.60214],[33.67711,-14.60212],[33.67718,-14.60211],[33.67726,-14.60209],[33.67733,-14.60206],[33.67739,-14.60203],[33.67743,-14.602],[33.67747,-14.60197],[33.67752,-14.60196],[33.67755,-14.60197],[33.67761,-14.60199],[33.67768,-14.60201],[33.67772,-14.60202],[33.67775,-14.60202],[33.67778,-14.60202],[33.6778,-14.60203],[33.67781,-14.60204],[33.67783,-14.60207],[33.67784,-14.60209],[33.67786,-14.60212],[33.6779,-14.60215],[33.67794,-14.60216],[33.67798,-14.60216],[33.67802,-14.60216],[33.67806,-14.60215],[33.6781,-14.60217]]},"properties":{"id":1183436574,"cls":"unclassified","hw":"unclassified","tg":"na","name":"","ref":"","surface":"","sc":"unknown","speed":null,"lit":"unk","km":1.244}},
{"type":"Feature","geometry":{"type":"LineString","coordinates":[[33.68409,-14.59853],[33.68406,-14.59847],[33.68401,-14.5984],[33.68397,-14.5983],[33.68394,-14.59821],[33.68391,-14.59813],[33.68388,-14.59806],[33.68385,-14.59799],[33.68384,-14.59792],[33.68385,-14.5978]]},"properties":{"id":1183436577,"cls":"unclassified","hw":"unclassified","tg":"na","name":"","ref":"","surface":"","sc":"unknown","speed":null,"lit":"unk","km":0.087}},
{"type":"Feature","geometry":{"type":"LineString","coordinates":[[33.68746,-14.60376],[33.68736,-14.60375],[33.68726,-14.60375],[33.6871,-14.60374],[33.68696,-14.60371],[33.68681,-14.60369],[33.68671,-14.60368],[33.6866,-14.60365],[33.68651,-14.6036],[33.68641,-14.60355],[33.68633,-14.60351],[33.68624,-14.60348],[33.6861,-14.60344],[33.686,-14.60338],[33.68586,-14.6032],[33.68576,-14.6031],[33.68571,-14.60307],[33.68564,-14.60304],[33.68558,-14.60305],[33.68552,-14.60307],[33.68545,-14.60311],[33.68542,-14.60313],[33.68526,-14.60313],[33.68512,-14.60313],[33.68497,-14.60303],[33.68488,-14.60298],[33.68473,-14.60297],[33.68456,-14.60295],[33.68439,-14.60291],[33.68429,-14.60287],[33.68423,-14.60282],[33.6842,-14.60264],[33.68412,-14.60255],[33.6841,-14.60243],[33.6841,-14.60228],[33.68406,-14.60218],[33.68401,-14.60209],[33.68399,-14.60202],[33.68398,-14.60196],[33.68398,-14.60184],[33.684,-14.60174],[33.684,-14.60169],[33.68399,-14.60163],[33.68397,-14.60158],[33.68391,-14.60148],[33.68388,-14.6014],[33.68386,-14.60132],[33.68383,-14.60122],[33.68377,-14.60112],[33.68374,-14.60104],[33.6837,-14.60093],[33.68368,-14.60082],[33.68365,-14.60076],[33.6836,-14.6007],[33.68353,-14.60064],[33.68349,-14.60065]]},"properties":{"id":1183436580,"cls":"path","hw":"path","tg":"na","name":"","ref":"","surface":"","sc":"unknown","speed":null,"lit":"unk","km":0.649}},
{"type":"Feature","geometry":{"type":"LineString","coordinates":[[33.62182,-14.56102],[33.6218,-14.56084],[33.62179,-14.56065],[33.62177,-14.56053],[33.62175,-14.56038],[33.62174,-14.56027],[33.62174,-14.56021],[33.62173,-14.56017],[33.62172,-14.56014],[33.62171,-14.56007],[33.6217,-14.55997],[33.62169,-14.5599],[33.62167,-14.55982],[33.62165,-14.55972],[33.62164,-14.55963],[33.62164,-14.55957],[33.62165,-14.55947],[33.62167,-14.55939],[33.62168,-14.55932],[33.62169,-14.55923],[33.62169,-14.55919],[33.62168,-14.55912],[33.62167,-14.55906],[33.62166,-14.55902],[33.62165,-14.55897],[33.62165,-14.55889],[33.62164,-14.55885],[33.62164,-14.55881],[33.62164,-14.55879],[33.62166,-14.55875],[33.62168,-14.55871],[33.62169,-14.55868],[33.62169,-14.5586],[33.62169,-14.55854],[33.62167,-14.55846],[33.62164,-14.55837],[33.62161,-14.55829],[33.62158,-14.55823],[33.62156,-14.55818],[33.62155,-14.55813],[33.62154,-14.55808],[33.62152,-14.558],[33.62149,-14.55792],[33.62147,-14.55786],[33.62146,-14.55781],[33.62145,-14.55776],[33.62144,-14.5577],[33.62144,-14.55762],[33.62144,-14.55753],[33.62143,-14.55745],[33.62142,-14.5574],[33.62141,-14.55732],[33.62136,-14.55727],[33.62131,-14.55722],[33.62126,-14.55719],[33.62123,-14.55717]]},"properties":{"id":1183482983,"cls":"path","hw":"path","tg":"na","name":"","ref":"","surface":"","sc":"unknown","speed":null,"lit":"unk","km":0.445}},
{"type":"Feature","geometry":{"type":"LineString","coordinates":[[33.6226,-14.55323],[33.62256,-14.55328],[33.62256,-14.55332],[33.62254,-14.55336],[33.62253,-14.55339],[33.62251,-14.55343],[33.62251,-14.55346],[33.62249,-14.55353],[33.62248,-14.55356],[33.62246,-14.5536],[33.62245,-14.55362],[33.62244,-14.55365],[33.62241,-14.55367],[33.62238,-14.5537],[33.62238,-14.55372],[33.62237,-14.55373],[33.62237,-14.55376],[33.62238,-14.55378],[33.62238,-14.5538],[33.62236,-14.55381],[33.62235,-14.55384],[33.62233,-14.55387],[33.62232,-14.55389],[33.62232,-14.55391],[33.62232,-14.55392],[33.62232,-14.55394],[33.62231,-14.554],[33.62231,-14.55402],[33.6223,-14.55404],[33.62229,-14.55406],[33.62229,-14.55408],[33.62229,-14.5541],[33.62229,-14.55413],[33.6223,-14.55417],[33.62231,-14.55421],[33.62231,-14.55423],[33.62231,-14.55426],[33.6223,-14.55431],[33.62228,-14.55436],[33.62229,-14.55441],[33.62229,-14.55444],[33.62228,-14.55448],[33.62228,-14.55452],[33.62227,-14.55454],[33.62225,-14.55457],[33.62224,-14.5546],[33.62223,-14.55464],[33.62222,-14.55467],[33.62222,-14.5547],[33.6222,-14.55474],[33.62217,-14.55478],[33.62214,-14.55482],[33.62213,-14.55484],[33.62212,-14.55486]]},"properties":{"id":1183482992,"cls":"path","hw":"path","tg":"na","name":"","ref":"","surface":"","sc":"unknown","speed":null,"lit":"unk","km":0.197}},
{"type":"Feature","geometry":{"type":"LineString","coordinates":[[33.6207,-14.55284],[33.62094,-14.55288],[33.62099,-14.5529],[33.62105,-14.55293],[33.62112,-14.55295],[33.6212,-14.55299],[33.62123,-14.553],[33.62129,-14.55302],[33.62137,-14.55305],[33.62139,-14.55305],[33.62144,-14.55307],[33.62149,-14.5531],[33.62155,-14.55312],[33.62162,-14.55315],[33.62167,-14.55317],[33.62171,-14.55317],[33.62178,-14.55316],[33.62183,-14.55316],[33.62187,-14.55315],[33.6219,-14.55316],[33.62193,-14.55318],[33.62197,-14.55322],[33.62202,-14.55324],[33.62206,-14.55325],[33.62212,-14.55325],[33.62218,-14.55325],[33.62222,-14.55325],[33.62225,-14.55326],[33.62227,-14.55327],[33.6223,-14.55327],[33.62234,-14.55327],[33.62238,-14.55329],[33.62241,-14.55329],[33.62245,-14.55327],[33.6225,-14.55327],[33.62257,-14.55325],[33.6226,-14.55323],[33.62266,-14.55318],[33.62273,-14.55313],[33.62279,-14.5531],[33.62284,-14.55308],[33.62297,-14.55308],[33.62303,-14.55308],[33.6231,-14.55307],[33.62319,-14.55305],[33.62325,-14.55301],[33.6233,-14.55298],[33.62335,-14.55293],[33.62341,-14.5529],[33.62348,-14.55288],[33.62351,-14.55287],[33.62362,-14.55288],[33.62365,-14.55289],[33.62372,-14.5529],[33.62381,-14.55291],[33.62388,-14.5529]]},"properties":{"id":1183482993,"cls":"unclassified","hw":"unclassified","tg":"na","name":"","ref":"","surface":"","sc":"unknown","speed":null,"lit":"unk","km":0.367}},
{"type":"Feature","geometry":{"type":"LineString","coordinates":[[33.62365,-14.55794],[33.62372,-14.55795],[33.62377,-14.55794],[33.62382,-14.55793],[33.62389,-14.55795],[33.62393,-14.55796],[33.62399,-14.55798],[33.62405,-14.55801],[33.62408,-14.55802],[33.62411,-14.55801],[33.62416,-14.55799],[33.62422,-14.55796],[33.62427,-14.55793],[33.6243,-14.55791],[33.62433,-14.55792],[33.62435,-14.55791],[33.62437,-14.55789],[33.62439,-14.55786],[33.62442,-14.55785],[33.62444,-14.55785],[33.62447,-14.55783],[33.62449,-14.55782],[33.62453,-14.55782],[33.62457,-14.55783],[33.62459,-14.55783],[33.62465,-14.55781],[33.62473,-14.55778],[33.62479,-14.55776],[33.62484,-14.55775],[33.62492,-14.55775],[33.62496,-14.55772],[33.625,-14.55771],[33.62505,-14.55772],[33.6251,-14.5577],[33.62513,-14.5577],[33.62517,-14.5577],[33.62521,-14.55772],[33.62527,-14.55774],[33.62531,-14.55777],[33.62537,-14.55779],[33.62543,-14.55781],[33.62548,-14.55782],[33.62555,-14.55783],[33.6256,-14.55781],[33.62565,-14.55778],[33.62568,-14.55777],[33.62569,-14.55774],[33.6257,-14.55772],[33.62573,-14.55769],[33.62576,-14.55767],[33.62579,-14.5576],[33.6258,-14.55754],[33.62582,-14.5575],[33.62587,-14.55744],[33.62593,-14.55743],[33.62597,-14.5574],[33.62601,-14.55737],[33.62603,-14.55733],[33.62605,-14.55731],[33.62609,-14.55729],[33.62613,-14.55726],[33.62617,-14.55724],[33.62623,-14.55722],[33.62632,-14.55721],[33.62639,-14.5572],[33.62643,-14.55718],[33.62646,-14.55716],[33.62651,-14.55712],[33.62655,-14.55707],[33.62659,-14.55702],[33.62662,-14.55697],[33.62662,-14.55693],[33.62661,-14.55687],[33.62661,-14.55678],[33.62664,-14.55669],[33.62665,-14.55665],[33.62665,-14.55663],[33.62663,-14.5566],[33.62661,-14.55658],[33.6266,-14.55654],[33.6266,-14.55652],[33.62662,-14.5565],[33.62664,-14.55647],[33.62671,-14.55641],[33.62677,-14.55635],[33.62684,-14.55621],[33.62694,-14.55604],[33.62698,-14.5559],[33.627,-14.55573],[33.62704,-14.55556],[33.62707,-14.55547],[33.62719,-14.55537],[33.62724,-14.5553],[33.6273,-14.55525],[33.62731,-14.55522],[33.62729,-14.55517],[33.6273,-14.55514],[33.6273,-14.5551],[33.62734,-14.55506],[33.62737,-14.55501],[33.62738,-14.55499],[33.62739,-14.55495],[33.6274,-14.55492],[33.62744,-14.5549],[33.62749,-14.55487],[33.62755,-14.5548],[33.62761,-14.55474],[33.62765,-14.55467],[33.62767,-14.55461],[33.62769,-14.55453],[33.62769,-14.5545],[33.62771,-14.55445],[33.62773,-14.55443],[33.62774,-14.55438],[33.62774,-14.55435],[33.62775,-14.55433],[33.62775,-14.5543],[33.62774,-14.55426],[33.62772,-14.55423],[33.6277,-14.5542],[33.62767,-14.55416],[33.62765,-14.55413],[33.62764,-14.5541],[33.62766,-14.55408],[33.62768,-14.55404],[33.62769,-14.55399],[33.62771,-14.55394],[33.62773,-14.55389],[33.62776,-14.55383],[33.62777,-14.55378],[33.62778,-14.55373],[33.62778,-14.5537],[33.62776,-14.55366],[33.62776,-14.55361],[33.62776,-14.55358],[33.62778,-14.55356],[33.6278,-14.55353],[33.62781,-14.55349],[33.62783,-14.55344],[33.62784,-14.55338],[33.62787,-14.55331],[33.62791,-14.55321],[33.62795,-14.55311],[33.62798,-14.55305],[33.628,-14.55302],[33.62803,-14.55298],[33.62806,-14.55293],[33.62807,-14.55286],[33.62807,-14.55277],[33.62807,-14.55271],[33.62808,-14.55268],[33.6281,-14.55265],[33.62813,-14.55264],[33.62814,-14.55262],[33.62815,-14.55257],[33.62815,-14.55254],[33.62816,-14.55252],[33.62817,-14.5525],[33.62818,-14.55247],[33.6282,-14.55244],[33.62823,-14.55241],[33.62825,-14.55235],[33.62828,-14.5523],[33.62832,-14.55223],[33.62836,-14.55219],[33.62838,-14.55216],[33.6284,-14.55212],[33.6284,-14.5521],[33.62839,-14.55204],[33.62837,-14.55197],[33.62836,-14.55187],[33.62834,-14.55178],[33.62833,-14.5517],[33.62832,-14.55164],[33.62831,-14.5516],[33.62827,-14.55157],[33.62823,-14.55155],[33.6282,-14.5515],[33.62818,-14.55145],[33.62816,-14.5514],[33.62815,-14.55137],[33.62811,-14.55132],[33.62808,-14.55129],[33.62806,-14.55122],[33.62803,-14.55116],[33.628,-14.55113],[33.62796,-14.55109],[33.62793,-14.55106],[33.62792,-14.55104],[33.62789,-14.55099]]},"properties":{"id":1183504656,"cls":"path","hw":"path","tg":"na","name":"","ref":"","surface":"","sc":"unknown","speed":null,"lit":"unk","km":1.133}},
{"type":"Feature","geometry":{"type":"LineString","coordinates":[[33.62417,-14.55863],[33.62402,-14.55858],[33.62391,-14.55855],[33.6238,-14.55853],[33.62367,-14.55853],[33.62355,-14.55854],[33.62347,-14.55854],[33.6234,-14.55854],[33.62333,-14.55851],[33.62324,-14.55845],[33.62316,-14.55836],[33.62309,-14.55824],[33.62304,-14.55812],[33.62303,-14.55802],[33.62305,-14.55791],[33.62306,-14.55776],[33.62304,-14.55764],[33.62303,-14.55754],[33.62303,-14.55749],[33.62305,-14.55743],[33.62308,-14.55737],[33.6231,-14.55729],[33.62312,-14.5572],[33.62314,-14.5571]]},"properties":{"id":1183504657,"cls":"unclassified","hw":"unclassified","tg":"na","name":"","ref":"","surface":"","sc":"unknown","speed":null,"lit":"unk","km":0.263}},
{"type":"Feature","geometry":{"type":"LineString","coordinates":[[33.63934,-14.55647],[33.63926,-14.55649],[33.63914,-14.55652],[33.63905,-14.55656],[33.63898,-14.55659],[33.63891,-14.55661],[33.63885,-14.55663]]},"properties":{"id":1183504658,"cls":"path","hw":"path","tg":"na","name":"","ref":"","surface":"","sc":"unknown","speed":null,"lit":"unk","km":0.056}},
{"type":"Feature","geometry":{"type":"LineString","coordinates":[[33.63927,-14.5555],[33.63925,-14.55553],[33.63924,-14.55557],[33.6392,-14.55561],[33.63918,-14.55565],[33.63916,-14.55568],[33.63913,-14.5557],[33.63911,-14.55572],[33.63908,-14.55575],[33.63905,-14.5558],[33.63901,-14.55584],[33.63899,-14.55589],[33.63894,-14.55594],[33.63893,-14.55597],[33.63892,-14.55601],[33.63889,-14.55607],[33.63888,-14.55611],[33.63887,-14.55617],[33.63887,-14.5562],[33.63888,-14.55624],[33.63889,-14.55627],[33.6389,-14.5563],[33.63892,-14.55634],[33.63894,-14.55637],[33.63895,-14.5564],[33.63896,-14.55643],[33.63897,-14.55646],[33.63897,-14.5565],[33.63896,-14.55653],[33.63893,-14.55657],[33.63889,-14.5566],[33.63885,-14.55663],[33.63883,-14.55669],[33.63881,-14.55674],[33.63881,-14.55678],[33.6388,-14.55682],[33.63878,-14.55684],[33.63878,-14.55689],[33.63878,-14.55691],[33.6388,-14.55695],[33.63881,-14.55697],[33.63883,-14.55702],[33.63884,-14.55706],[33.63885,-14.5571],[33.63885,-14.55713],[33.63883,-14.55714],[33.63881,-14.55717],[33.63878,-14.55721],[33.63877,-14.55724],[33.63878,-14.55727],[33.63879,-14.55729],[33.63879,-14.55732],[33.63878,-14.55739],[33.63878,-14.55745],[33.63877,-14.55755],[33.63879,-14.55763],[33.63881,-14.55769],[33.63881,-14.55773],[33.63878,-14.55777],[33.63877,-14.55782],[33.63874,-14.55784],[33.63871,-14.55787],[33.6387,-14.55791],[33.63869,-14.55797],[33.63867,-14.55802],[33.63865,-14.55805],[33.63863,-14.55806],[33.63861,-14.5581],[33.63859,-14.55815],[33.63857,-14.5582],[33.63856,-14.55822],[33.63854,-14.55825],[33.63854,-14.55829],[33.63854,-14.55831],[33.63854,-14.55833],[33.63852,-14.55835],[33.6385,-14.5584],[33.63848,-14.55844],[33.63848,-14.55846],[33.63848,-14.55848],[33.63847,-14.5585],[33.63846,-14.55854],[33.63845,-14.55859],[33.63844,-14.55863],[33.63844,-14.55866],[33.63845,-14.5587],[33.63847,-14.55873],[33.63849,-14.55879],[33.6385,-14.55883],[33.63853,-14.55887],[33.63857,-14.55894],[33.6386,-14.55896],[33.63864,-14.55903],[33.63866,-14.55916],[33.63869,-14.55926],[33.6387,-14.5593],[33.6387,-14.55932],[33.63873,-14.55933],[33.63877,-14.55935],[33.6388,-14.55937],[33.63883,-14.55942],[33.63886,-14.55945],[33.63891,-14.5595],[33.63896,-14.55956],[33.63899,-14.55962],[33.63902,-14.55968],[33.63905,-14.55974],[33.63908,-14.55979],[33.63911,-14.55983],[33.63915,-14.55989],[33.63916,-14.55992],[33.63916,-14.55996]]},"properties":{"id":1183504659,"cls":"path","hw":"path","tg":"na","name":"","ref":"","surface":"","sc":"unknown","speed":null,"lit":"unk","km":0.562}},
{"type":"Feature","geometry":{"type":"LineString","coordinates":[[33.63863,-14.5512],[33.63863,-14.55126],[33.63862,-14.55133],[33.63861,-14.55138],[33.6386,-14.55142],[33.6386,-14.55147],[33.63861,-14.55151],[33.6386,-14.55154],[33.63859,-14.55158],[33.63856,-14.55161],[33.63854,-14.55165],[33.6385,-14.55169],[33.63848,-14.55172],[33.63847,-14.55177],[33.63844,-14.55184],[33.63841,-14.55193],[33.63837,-14.552],[33.63834,-14.55206],[33.6383,-14.55213],[33.63827,-14.55219],[33.63825,-14.55222],[33.63822,-14.55225],[33.6382,-14.55228],[33.63818,-14.5523],[33.63818,-14.55236],[33.63819,-14.55241],[33.6382,-14.55248],[33.63821,-14.55253],[33.6382,-14.55257],[33.6382,-14.55261],[33.63821,-14.55264],[33.63822,-14.55268],[33.63823,-14.5527],[33.63824,-14.55271],[33.63827,-14.55273],[33.63829,-14.55274],[33.63831,-14.55277],[33.63833,-14.5528],[33.63835,-14.55282],[33.63841,-14.55284],[33.63845,-14.55287],[33.63848,-14.5529],[33.6385,-14.55292],[33.63852,-14.55296],[33.63856,-14.553],[33.63859,-14.55305],[33.63862,-14.55308],[33.63864,-14.55311],[33.63866,-14.55311],[33.6387,-14.55312],[33.63874,-14.55313],[33.63878,-14.55313],[33.63881,-14.55315],[33.63884,-14.55318],[33.63891,-14.55327],[33.63895,-14.55332],[33.63898,-14.55336],[33.63898,-14.55346],[33.63895,-14.55357],[33.63893,-14.55366],[33.6389,-14.55376],[33.6389,-14.55382],[33.63891,-14.55391],[33.63891,-14.55398],[33.63893,-14.55403],[33.63896,-14.55414],[33.63899,-14.55421],[33.63901,-14.55426],[33.63901,-14.5543],[33.63902,-14.55434],[33.63903,-14.55436],[33.63905,-14.5544],[33.63905,-14.55442],[33.63904,-14.55447],[33.63905,-14.55451],[33.63907,-14.55454],[33.63909,-14.55459],[33.63911,-14.55465],[33.63911,-14.5547],[33.63913,-14.55475],[33.63915,-14.5548],[33.63915,-14.55483],[33.63915,-14.55486],[33.63914,-14.5549],[33.63913,-14.55493],[33.63914,-14.55496],[33.63916,-14.55502],[33.63918,-14.55507],[33.6392,-14.55511],[33.63921,-14.55516],[33.63922,-14.5552],[33.63922,-14.55526],[33.63922,-14.55529],[33.63921,-14.55531],[33.63922,-14.55533],[33.63923,-14.55535],[33.63925,-14.55538],[33.63925,-14.55544],[33.63927,-14.5555],[33.63928,-14.55553],[33.63933,-14.5556],[33.63935,-14.55566],[33.63936,-14.55568],[33.63935,-14.55571],[33.63934,-14.55575],[33.63935,-14.55581],[33.63935,-14.55585],[33.63937,-14.5559],[33.6394,-14.55596],[33.63943,-14.55602],[33.63945,-14.55607],[33.63945,-14.55609],[33.63943,-14.55613],[33.63942,-14.55618],[33.63941,-14.55622],[33.6394,-14.5563],[33.63937,-14.55636],[33.63936,-14.55641],[33.63934,-14.55647],[33.63937,-14.5565],[33.63939,-14.55653],[33.63943,-14.55655],[33.63948,-14.55659],[33.6395,-14.55662],[33.63954,-14.55668],[33.63959,-14.55673],[33.63962,-14.55674],[33.6397,-14.55676],[33.63975,-14.55677],[33.63983,-14.55679],[33.63988,-14.55681],[33.63993,-14.55684],[33.63997,-14.55687],[33.63999,-14.5569],[33.64002,-14.55692],[33.64005,-14.55694],[33.6401,-14.55697],[33.64015,-14.55699]]},"properties":{"id":1183504660,"cls":"path","hw":"path","tg":"na","name":"","ref":"","surface":"","sc":"unknown","speed":null,"lit":"unk","km":0.766}},
{"type":"Feature","geometry":{"type":"LineString","coordinates":[[33.63959,-14.54968],[33.63969,-14.54959],[33.63981,-14.5495],[33.63994,-14.54944],[33.64008,-14.54937],[33.64017,-14.54933]]},"properties":{"id":1183504661,"cls":"path","hw":"path","tg":"na","name":"","ref":"","surface":"","sc":"unknown","speed":null,"lit":"unk","km":0.074}},
{"type":"Feature","geometry":{"type":"LineString","coordinates":[[33.63913,-14.54994],[33.63923,-14.54991],[33.63928,-14.54986],[33.63932,-14.54983],[33.63935,-14.54981],[33.6394,-14.54979],[33.63948,-14.54977],[33.63954,-14.54973],[33.63959,-14.54968],[33.63961,-14.5496],[33.63965,-14.5495],[33.6397,-14.54941],[33.63976,-14.54933],[33.63981,-14.54927],[33.63992,-14.54922],[33.64001,-14.54918],[33.64007,-14.54913],[33.64012,-14.54909],[33.64015,-14.54903]]},"properties":{"id":1183504662,"cls":"path","hw":"path","tg":"na","name":"","ref":"","surface":"","sc":"unknown","speed":null,"lit":"unk","km":0.157}},
{"type":"Feature","geometry":{"type":"LineString","coordinates":[[33.6351,-14.54569],[33.63515,-14.5457],[33.6352,-14.5457],[33.63525,-14.5457],[33.63531,-14.54568],[33.63536,-14.54567],[33.63539,-14.54568],[33.63542,-14.54569],[33.63544,-14.5457],[33.63547,-14.54573],[33.63549,-14.54575],[33.63551,-14.54575],[33.63554,-14.54576],[33.63559,-14.54577],[33.63566,-14.54577],[33.63571,-14.54577],[33.63578,-14.54576],[33.63583,-14.54577],[33.63587,-14.54578],[33.6359,-14.54579],[33.63594,-14.54579],[33.63598,-14.54582],[33.63601,-14.54583],[33.63606,-14.54585],[33.6361,-14.54585],[33.63615,-14.54585],[33.63619,-14.54584],[33.63623,-14.54584],[33.63626,-14.54583],[33.6363,-14.54582],[33.63635,-14.54582],[33.63638,-14.54582],[33.63642,-14.54582],[33.63646,-14.54583],[33.6365,-14.54586],[33.63654,-14.54588],[33.6366,-14.54591],[33.63664,-14.54593],[33.63669,-14.54596],[33.63673,-14.54596],[33.63679,-14.54595],[33.63684,-14.54595],[33.63688,-14.54593],[33.63692,-14.54592],[33.63697,-14.54591],[33.63701,-14.5459],[33.63706,-14.54589],[33.6371,-14.54588],[33.63712,-14.54586],[33.63715,-14.54585],[33.6372,-14.54584],[33.63722,-14.54583],[33.63723,-14.54581],[33.63726,-14.54579],[33.63727,-14.54577],[33.63729,-14.54577],[33.63732,-14.54577],[33.63734,-14.54577],[33.63737,-14.54577],[33.6374,-14.54577],[33.63743,-14.54577],[33.63745,-14.54576],[33.63748,-14.54575],[33.63751,-14.54574],[33.63754,-14.54574],[33.63757,-14.54574],[33.6376,-14.54573],[33.63762,-14.54572],[33.63765,-14.54572],[33.63768,-14.54572],[33.63771,-14.54573],[33.63776,-14.54573],[33.63781,-14.54573],[33.63784,-14.54574],[33.63788,-14.54575],[33.63792,-14.54577],[33.63796,-14.5458],[33.63801,-14.54582],[33.63805,-14.54583],[33.6381,-14.54582],[33.63814,-14.54582],[33.63817,-14.5458],[33.6382,-14.54579],[33.63827,-14.54579],[33.63832,-14.54579],[33.6384,-14.5458],[33.63845,-14.5458],[33.63848,-14.54579],[33.63851,-14.54578],[33.63857,-14.54577],[33.63864,-14.54574],[33.63874,-14.54571],[33.6388,-14.5457],[33.63888,-14.54567],[33.63893,-14.54564],[33.63898,-14.54561],[33.63902,-14.54557],[33.63906,-14.54553],[33.6391,-14.54548],[33.63915,-14.54542],[33.63921,-14.54536],[33.63927,-14.54532],[33.63937,-14.54526],[33.63944,-14.54521],[33.63952,-14.54517],[33.63959,-14.54513],[33.63967,-14.54507],[33.6397,-14.54506],[33.63971,-14.54505],[33.63973,-14.54505],[33.63975,-14.54505],[33.63977,-14.54506],[33.63979,-14.54505],[33.63983,-14.54504],[33.63987,-14.54501],[33.63992,-14.54498],[33.63997,-14.54495],[33.64001,-14.54493],[33.64004,-14.5449],[33.64007,-14.54489],[33.64009,-14.54488],[33.64013,-14.54488],[33.64015,-14.54488]]},"properties":{"id":1183504663,"cls":"path","hw":"path","tg":"na","name":"","ref":"","surface":"","sc":"unknown","speed":null,"lit":"unk","km":0.599}},
{"type":"Feature","geometry":{"type":"LineString","coordinates":[[33.62284,-14.54239],[33.62284,-14.54232],[33.62283,-14.54224],[33.62282,-14.54218],[33.62279,-14.54213],[33.62277,-14.54209],[33.62273,-14.54206],[33.62268,-14.54204],[33.62261,-14.54201],[33.62255,-14.54196],[33.62248,-14.54193],[33.62242,-14.54187],[33.62236,-14.5418],[33.62231,-14.54175],[33.62226,-14.5417],[33.62221,-14.54167],[33.62217,-14.54166],[33.62215,-14.54164],[33.62212,-14.54158],[33.62209,-14.54153],[33.62205,-14.54149],[33.62203,-14.54145],[33.62201,-14.54137],[33.62198,-14.54132],[33.62193,-14.54126],[33.62189,-14.54122],[33.62183,-14.54116],[33.62177,-14.54112],[33.62173,-14.54111],[33.62169,-14.54109],[33.62166,-14.54108],[33.62165,-14.54106],[33.62162,-14.54102],[33.62157,-14.54098],[33.62151,-14.54094],[33.62148,-14.5409],[33.62147,-14.54084],[33.62145,-14.54077],[33.62142,-14.54072],[33.62137,-14.54068],[33.6213,-14.54062],[33.62126,-14.54054],[33.62119,-14.54046],[33.62116,-14.5404],[33.62112,-14.54032],[33.62112,-14.54024],[33.62114,-14.54014],[33.62113,-14.54006],[33.62112,-14.53997],[33.6211,-14.5399],[33.6211,-14.53983],[33.62104,-14.53975],[33.62098,-14.53972],[33.62091,-14.53965],[33.62089,-14.53959],[33.62087,-14.53953],[33.62085,-14.53946]]},"properties":{"id":1183504664,"cls":"path","hw":"path","tg":"na","name":"","ref":"","surface":"","sc":"unknown","speed":null,"lit":"unk","km":0.417}},
{"type":"Feature","geometry":{"type":"LineString","coordinates":[[33.63379,-14.54639],[33.63377,-14.54637],[33.63373,-14.54634],[33.63367,-14.54632],[33.63365,-14.54632],[33.63362,-14.54632],[33.63358,-14.54629],[33.63355,-14.54627],[33.63353,-14.54627],[33.63351,-14.54627],[33.63349,-14.54629],[33.63346,-14.54631],[33.63343,-14.54634],[33.6334,-14.54635],[33.63335,-14.54635],[33.6333,-14.54634],[33.63325,-14.54633],[33.63317,-14.54632],[33.63305,-14.54631],[33.63298,-14.54632],[33.63291,-14.54632],[33.63284,-14.54632],[33.63278,-14.54631],[33.6327,-14.54629],[33.6326,-14.54626],[33.63253,-14.54625],[33.63248,-14.54626],[33.63239,-14.54627],[33.63233,-14.54629],[33.6323,-14.5463],[33.63225,-14.54631],[33.63219,-14.54631],[33.63215,-14.54631],[33.63209,-14.54632],[33.63201,-14.54632],[33.63192,-14.54632],[33.63186,-14.54633],[33.63176,-14.54633],[33.63163,-14.54633],[33.63157,-14.54633],[33.63153,-14.54634],[33.6315,-14.54634],[33.63147,-14.54635],[33.63145,-14.54636],[33.63142,-14.54638],[33.63141,-14.54639],[33.63139,-14.5464],[33.63135,-14.54642],[33.63126,-14.54644],[33.63121,-14.54644],[33.63115,-14.54644],[33.63106,-14.54642],[33.63098,-14.54641],[33.63092,-14.54642],[33.63087,-14.5464],[33.63081,-14.54641],[33.63075,-14.54642],[33.63069,-14.54643],[33.63064,-14.54644],[33.63055,-14.54645],[33.63052,-14.54645],[33.63049,-14.54645],[33.63048,-14.54645],[33.63045,-14.54644],[33.63041,-14.54641],[33.63036,-14.54638],[33.63033,-14.54636],[33.63032,-14.54636],[33.63029,-14.54636],[33.63022,-14.54636],[33.63016,-14.54636],[33.6301,-14.54637],[33.63005,-14.54637],[33.62997,-14.54637],[33.62991,-14.54638],[33.62986,-14.54638],[33.6298,-14.54639],[33.62974,-14.5464],[33.62967,-14.54642],[33.62959,-14.54642],[33.62949,-14.54639],[33.62934,-14.54637],[33.62922,-14.54635],[33.62915,-14.54632],[33.6291,-14.54631],[33.62906,-14.54631],[33.62902,-14.54631],[33.62899,-14.54629],[33.62889,-14.54626],[33.62887,-14.54625],[33.62885,-14.54622],[33.6288,-14.54618],[33.62868,-14.54615],[33.62861,-14.54613],[33.62852,-14.5461],[33.62848,-14.54609],[33.6284,-14.54605],[33.62835,-14.54602],[33.62831,-14.54599],[33.62826,-14.54596],[33.6282,-14.54594],[33.62814,-14.54591],[33.62808,-14.54586],[33.62802,-14.54584],[33.62797,-14.54583],[33.62792,-14.54581],[33.62788,-14.54581],[33.62785,-14.54581],[33.62781,-14.54581],[33.62778,-14.5458],[33.62775,-14.54579],[33.62768,-14.54579],[33.62763,-14.54579],[33.62756,-14.54578],[33.62751,-14.54578],[33.62747,-14.54578],[33.62745,-14.5458],[33.62741,-14.54583],[33.62737,-14.54583],[33.6273,-14.54583],[33.62722,-14.54584],[33.62715,-14.54587],[33.62712,-14.54588],[33.62707,-14.54589],[33.62702,-14.54589],[33.62698,-14.54587],[33.6269,-14.54577],[33.62685,-14.54571],[33.62682,-14.54567],[33.62674,-14.54566],[33.62666,-14.54566],[33.62656,-14.54566],[33.62649,-14.54563],[33.62641,-14.5456],[33.62634,-14.54556],[33.62629,-14.54552],[33.62623,-14.54544],[33.62618,-14.54534],[33.62612,-14.54526],[33.62608,-14.54521],[33.62599,-14.54512],[33.62588,-14.545],[33.62581,-14.54494],[33.62572,-14.54482],[33.62566,-14.5447],[33.62559,-14.54459],[33.6255,-14.54448],[33.62542,-14.54439],[33.62535,-14.54434],[33.62526,-14.54431],[33.62517,-14.54427],[33.62498,-14.54418],[33.62489,-14.54413],[33.62478,-14.54405],[33.62471,-14.54401],[33.62463,-14.54395],[33.62452,-14.54385],[33.62447,-14.5438],[33.62442,-14.54377],[33.62436,-14.54372],[33.62431,-14.54368],[33.62419,-14.54357],[33.62411,-14.54349],[33.62406,-14.54344],[33.62401,-14.54339],[33.62396,-14.54335],[33.62391,-14.54327],[33.62387,-14.54319],[33.62382,-14.54313],[33.62378,-14.54307],[33.62372,-14.54302],[33.62368,-14.54299],[33.62365,-14.54299],[33.62362,-14.54298],[33.62358,-14.54294],[33.62353,-14.54291],[33.62348,-14.54289],[33.62343,-14.54287],[33.6234,-14.54286],[33.62335,-14.54281],[33.62328,-14.54274],[33.62324,-14.5427],[33.62318,-14.54267],[33.62314,-14.54264],[33.62309,-14.54259],[33.62304,-14.54256],[33.62297,-14.54251],[33.62292,-14.54246],[33.62288,-14.54243],[33.62284,-14.54239],[33.62282,-14.54237],[33.6227,-14.54235],[33.6226,-14.54235],[33.6225,-14.54234],[33.62241,-14.54233],[33.62237,-14.54234],[33.62229,-14.54236],[33.62223,-14.54237],[33.62218,-14.54236],[33.62211,-14.54236],[33.62206,-14.54236],[33.62201,-14.54237],[33.62192,-14.54237],[33.62183,-14.54237],[33.62165,-14.54238],[33.62145,-14.5424],[33.62126,-14.5424],[33.62112,-14.54237],[33.621,-14.54237],[33.62085,-14.54235],[33.62075,-14.54232],[33.6207,-14.54235],[33.62065,-14.54237],[33.62058,-14.54238],[33.62051,-14.54238],[33.62047,-14.54237],[33.62043,-14.54237],[33.62038,-14.5424],[33.62032,-14.54243],[33.62028,-14.54245],[33.62018,-14.54247],[33.62011,-14.54249],[33.62002,-14.54254]]},"properties":{"id":1183504665,"cls":"path","hw":"path","tg":"na","name":"","ref":"","surface":"","sc":"unknown","speed":null,"lit":"unk","km":1.693}},
{"type":"Feature","geometry":{"type":"LineString","coordinates":[[33.61816,-14.55888],[33.6182,-14.55884],[33.61824,-14.55881],[33.61828,-14.5588],[33.61831,-14.55879],[33.61834,-14.55878],[33.61836,-14.55877],[33.61838,-14.55876],[33.61839,-14.55874],[33.61839,-14.55872],[33.61839,-14.55868],[33.61841,-14.55861],[33.61843,-14.55856],[33.61844,-14.55854],[33.61847,-14.55852],[33.6185,-14.55851],[33.61853,-14.5585],[33.61858,-14.5585],[33.61862,-14.55849],[33.61865,-14.55846],[33.61869,-14.55842],[33.61873,-14.55839],[33.61876,-14.55838],[33.61882,-14.55834],[33.61887,-14.55829],[33.61892,-14.55821],[33.61897,-14.55816],[33.619,-14.55812],[33.61903,-14.5581],[33.6191,-14.55806],[33.61921,-14.558],[33.61933,-14.55795],[33.61943,-14.55791],[33.6195,-14.55786],[33.6197,-14.55775],[33.61982,-14.55769],[33.6199,-14.55764],[33.62001,-14.55757],[33.62007,-14.55752],[33.62021,-14.55744],[33.6203,-14.55738],[33.62036,-14.55735],[33.62041,-14.55732],[33.62043,-14.55731],[33.6205,-14.55731],[33.62058,-14.5573],[33.62062,-14.55729],[33.62066,-14.55726],[33.62071,-14.55721],[33.62078,-14.55711],[33.62084,-14.55703],[33.62088,-14.55697],[33.62094,-14.55691],[33.62101,-14.55685],[33.62107,-14.5568],[33.62114,-14.55674],[33.62118,-14.55667],[33.6212,-14.55661],[33.62124,-14.55651]]},"properties":{"id":1183504667,"cls":"unclassified","hw":"unclassified","tg":"na","name":"","ref":"","surface":"","sc":"unknown","speed":null,"lit":"unk","km":0.444}},
{"type":"Feature","geometry":{"type":"LineString","coordinates":[[33.63013,-14.52537],[33.63013,-14.52528],[33.63017,-14.52519],[33.63021,-14.5251],[33.63021,-14.52505],[33.63025,-14.52497],[33.63026,-14.52491],[33.6303,-14.52488],[33.63032,-14.52483],[33.63035,-14.52478],[33.63039,-14.52472],[33.63041,-14.52466],[33.63046,-14.52458],[33.63051,-14.52449],[33.63056,-14.52437],[33.63062,-14.52425],[33.63068,-14.52416],[33.63072,-14.5241],[33.63075,-14.52405],[33.63079,-14.52402],[33.63085,-14.52397],[33.63092,-14.52388],[33.63102,-14.52376],[33.63105,-14.52372],[33.6311,-14.52366],[33.63113,-14.52363],[33.63115,-14.52362],[33.6312,-14.52358],[33.63125,-14.52356],[33.63131,-14.52353],[33.63138,-14.52349],[33.63145,-14.52341],[33.63147,-14.52335],[33.63151,-14.52329],[33.63157,-14.52323],[33.63169,-14.52312],[33.63177,-14.52306],[33.63184,-14.52297],[33.63191,-14.52291]]},"properties":{"id":1183510548,"cls":"path","hw":"path","tg":"na","name":"","ref":"","surface":"","sc":"unknown","speed":null,"lit":"unk","km":0.345}},
{"type":"Feature","geometry":{"type":"LineString","coordinates":[[33.63378,-14.52124],[33.63372,-14.52124],[33.63368,-14.52125],[33.63362,-14.52127],[33.63357,-14.5213],[33.63354,-14.52135],[33.63351,-14.52141],[33.6335,-14.52145],[33.63349,-14.5215],[33.63348,-14.52153],[33.63345,-14.52157],[33.63341,-14.52162],[33.63336,-14.52166],[33.63332,-14.52169],[33.63329,-14.52171],[33.63323,-14.52179],[33.63319,-14.52185],[33.63319,-14.52189],[33.63315,-14.52193],[33.63309,-14.52201],[33.63305,-14.52205],[33.633,-14.52209],[33.63295,-14.52212],[33.63287,-14.52214],[33.63281,-14.52217],[33.63269,-14.52231],[33.63254,-14.5225],[33.63243,-14.52259],[33.63236,-14.52261],[33.63227,-14.52264],[33.63219,-14.52268],[33.6321,-14.52273],[33.63205,-14.52276],[33.63201,-14.52279],[33.63194,-14.52288],[33.63191,-14.52291]]},"properties":{"id":1183510549,"cls":"path","hw":"path","tg":"na","name":"","ref":"","surface":"","sc":"unknown","speed":null,"lit":"unk","km":0.287}},
{"type":"Feature","geometry":{"type":"LineString","coordinates":[[33.63962,-14.52293],[33.63956,-14.5229],[33.63945,-14.52286],[33.6393,-14.52281],[33.63921,-14.52282],[33.63912,-14.52282],[33.63903,-14.52281],[33.63895,-14.52276],[33.63888,-14.52272],[33.63878,-14.52266],[33.63867,-14.52258],[33.63855,-14.52251],[33.63845,-14.52248],[33.6383,-14.52244],[33.63813,-14.52237],[33.63796,-14.52231],[33.63781,-14.52227],[33.6377,-14.52227],[33.63759,-14.52229],[33.63746,-14.52229],[33.63732,-14.52226],[33.63723,-14.52223],[33.63715,-14.52219],[33.63707,-14.52219],[33.63702,-14.52217],[33.63697,-14.52215],[33.63688,-14.52216],[33.63677,-14.52217],[33.63668,-14.52219],[33.63656,-14.52218],[33.63644,-14.52215],[33.6363,-14.52212],[33.63617,-14.52206],[33.63605,-14.52203],[33.63596,-14.52201],[33.63587,-14.52198],[33.63578,-14.52194],[33.63571,-14.5219],[33.63565,-14.52188],[33.6356,-14.52187],[33.63554,-14.52185],[33.63551,-14.52179],[33.63544,-14.52177],[33.63536,-14.52175],[33.63528,-14.52175],[33.63518,-14.5217],[33.63502,-14.52165],[33.63489,-14.52162],[33.63475,-14.5216],[33.63466,-14.52157],[33.63458,-14.52156],[33.63445,-14.52152],[33.63431,-14.52146],[33.63417,-14.5214],[33.634,-14.52131],[33.63385,-14.52126],[33.63378,-14.52124],[33.6337,-14.52117],[33.63364,-14.5211],[33.63359,-14.52103],[33.6335,-14.52097],[33.63339,-14.52088],[33.63332,-14.52082],[33.63321,-14.52078],[33.6331,-14.52075],[33.63302,-14.52075],[33.63298,-14.52072],[33.63287,-14.52067],[33.63273,-14.52063],[33.63263,-14.52062],[33.63255,-14.52061],[33.63247,-14.52059],[33.63243,-14.52056],[33.63236,-14.52054],[33.6323,-14.52051],[33.63223,-14.52046],[33.63216,-14.5204],[33.63212,-14.52031],[33.63207,-14.52027],[33.632,-14.52024],[33.63197,-14.52021],[33.63195,-14.52012],[33.63191,-14.51997],[33.63186,-14.51987],[33.6318,-14.51973]]},"properties":{"id":1183510550,"cls":"unclassified","hw":"unclassified","tg":"na","name":"","ref":"","surface":"","sc":"unknown","speed":null,"lit":"unk","km":0.963}},
{"type":"Feature","geometry":{"type":"LineString","coordinates":[[33.62063,-14.53975],[33.62075,-14.53969],[33.62084,-14.53963],[33.62089,-14.53959]]},"properties":{"id":1183510551,"cls":"path","hw":"path","tg":"na","name":"","ref":"","surface":"","sc":"unknown","speed":null,"lit":"unk","km":0.033}},
{"type":"Feature","geometry":{"type":"LineString","coordinates":[[33.68668,-14.56773],[33.68669,-14.56766],[33.68665,-14.56761],[33.68668,-14.56753],[33.6867,-14.56745],[33.68671,-14.5674],[33.6867,-14.56733],[33.6867,-14.56729],[33.68671,-14.56726],[33.68672,-14.56724],[33.68675,-14.56721],[33.68675,-14.56719],[33.68674,-14.56716],[33.68673,-14.56713],[33.68669,-14.56711],[33.68668,-14.56709],[33.68667,-14.56706],[33.68666,-14.567],[33.68667,-14.56694],[33.6867,-14.56687],[33.68671,-14.56682],[33.68673,-14.56675],[33.68673,-14.56653],[33.68673,-14.56647],[33.68673,-14.5664],[33.68674,-14.56632],[33.68674,-14.56624],[33.68672,-14.56619],[33.68671,-14.56616],[33.68668,-14.56613],[33.68666,-14.56609],[33.68665,-14.56606],[33.68663,-14.56602],[33.68662,-14.56598],[33.6866,-14.56594],[33.68659,-14.56591],[33.6866,-14.56586],[33.6866,-14.5658],[33.68662,-14.56573],[33.68662,-14.56565],[33.68662,-14.56558],[33.68661,-14.56553],[33.68659,-14.56546],[33.68657,-14.56541],[33.68655,-14.56536],[33.68652,-14.56533],[33.6865,-14.56529],[33.68647,-14.56524],[33.68646,-14.56518],[33.68645,-14.56508],[33.68643,-14.565],[33.68642,-14.56492],[33.68639,-14.56484],[33.68633,-14.56475],[33.68629,-14.56465],[33.68624,-14.56452],[33.68619,-14.56439],[33.68616,-14.56426],[33.68611,-14.5641],[33.68608,-14.56396],[33.68606,-14.56386],[33.68603,-14.56375],[33.68601,-14.56368],[33.68599,-14.56362],[33.68593,-14.56354],[33.68588,-14.56345],[33.68585,-14.56339],[33.68582,-14.56333],[33.6858,-14.56326],[33.68578,-14.56314],[33.68574,-14.56299],[33.68573,-14.56286],[33.68571,-14.56272],[33.68568,-14.56256],[33.68566,-14.56243],[33.68563,-14.56233],[33.68561,-14.56226]]},"properties":{"id":1183690885,"cls":"path","hw":"path","tg":"na","name":"","ref":"","surface":"","sc":"unknown","speed":null,"lit":"unk","km":0.641}},
{"type":"Feature","geometry":{"type":"LineString","coordinates":[[33.68782,-14.56751],[33.68787,-14.56768],[33.68793,-14.56785],[33.68798,-14.56802],[33.68802,-14.56813],[33.68807,-14.56826],[33.68811,-14.56838],[33.68815,-14.56848],[33.68821,-14.56862],[33.68826,-14.56874],[33.68829,-14.56887],[33.68835,-14.56901],[33.6884,-14.56905],[33.68852,-14.56906],[33.68865,-14.56906],[33.68885,-14.56903],[33.68904,-14.56901],[33.68922,-14.56899],[33.68934,-14.56897],[33.68948,-14.56895],[33.68967,-14.56894],[33.6898,-14.56893],[33.68992,-14.56892],[33.69005,-14.56891],[33.69019,-14.56889],[33.69028,-14.56888],[33.69043,-14.56886],[33.69061,-14.56884],[33.69076,-14.56881],[33.69096,-14.56878],[33.69112,-14.56873],[33.6913,-14.56868]]},"properties":{"id":1183690886,"cls":"unclassified","hw":"unclassified","tg":"na","name":"","ref":"","surface":"","sc":"unknown","speed":null,"lit":"unk","km":0.499}},
{"type":"Feature","geometry":{"type":"LineString","coordinates":[[33.6992,-14.56729],[33.6992,-14.56737],[33.69919,-14.5674],[33.6992,-14.56746],[33.69922,-14.56754],[33.69926,-14.56764],[33.69928,-14.5677],[33.6993,-14.56779],[33.69932,-14.5679],[33.69934,-14.56798],[33.69937,-14.56805],[33.69939,-14.56813],[33.69941,-14.56823],[33.69945,-14.56837],[33.69946,-14.56844],[33.69945,-14.56854],[33.69943,-14.56864],[33.69942,-14.5687],[33.69941,-14.56877],[33.69939,-14.56883],[33.69937,-14.5689],[33.69937,-14.56898],[33.69938,-14.56909],[33.6994,-14.56919],[33.69945,-14.56932],[33.69948,-14.56938],[33.69952,-14.56942],[33.69958,-14.56948],[33.69965,-14.56957],[33.69967,-14.56966],[33.6997,-14.56976],[33.69972,-14.56986],[33.69975,-14.56993],[33.69976,-14.56999],[33.6998,-14.57008],[33.69984,-14.57015],[33.6999,-14.57021],[33.69996,-14.57024],[33.70002,-14.57029],[33.70006,-14.57032],[33.7001,-14.57036],[33.70017,-14.57045],[33.70023,-14.57054],[33.70027,-14.57063],[33.7003,-14.5707],[33.70035,-14.57073],[33.7004,-14.57075],[33.70046,-14.57077],[33.70053,-14.5708],[33.7006,-14.57083],[33.70072,-14.57088],[33.70083,-14.57092],[33.70093,-14.57095],[33.70101,-14.57094],[33.70106,-14.57093],[33.70112,-14.57093],[33.70116,-14.57095],[33.70124,-14.57101],[33.70131,-14.57107],[33.70134,-14.57108]]},"properties":{"id":1183690893,"cls":"unclassified","hw":"unclassified","tg":"na","name":"","ref":"","surface":"","sc":"unknown","speed":null,"lit":"unk","km":0.539}},
{"type":"Feature","geometry":{"type":"LineString","coordinates":[[33.70464,-14.56728],[33.70464,-14.56736],[33.70464,-14.56742],[33.70466,-14.56748],[33.70467,-14.56751],[33.70469,-14.56754],[33.70468,-14.56758],[33.70468,-14.56764],[33.70469,-14.5677],[33.70472,-14.56777],[33.70474,-14.5678],[33.70478,-14.56787],[33.70482,-14.56794],[33.70486,-14.568],[33.70488,-14.56805],[33.7049,-14.5681],[33.70492,-14.56817],[33.70494,-14.56819],[33.70499,-14.56823],[33.705,-14.56827],[33.70502,-14.5683],[33.70502,-14.56837],[33.70502,-14.56843],[33.70501,-14.56851],[33.70498,-14.56858],[33.70496,-14.56865],[33.70493,-14.56871],[33.70492,-14.56878],[33.70494,-14.56883],[33.70496,-14.56891],[33.705,-14.56897],[33.70503,-14.56903],[33.70505,-14.56907],[33.70508,-14.56913],[33.70512,-14.5692]]},"properties":{"id":1183690894,"cls":"unclassified","hw":"unclassified","tg":"na","name":"","ref":"","surface":"","sc":"unknown","speed":null,"lit":"unk","km":0.232}},
{"type":"Feature","geometry":{"type":"LineString","coordinates":[[33.70361,-14.56617],[33.70357,-14.56624],[33.70351,-14.56636],[33.70346,-14.56646],[33.70345,-14.56652],[33.70344,-14.56659],[33.70343,-14.56665],[33.70344,-14.56672],[33.70346,-14.56684],[33.70348,-14.56692],[33.70354,-14.56705],[33.70358,-14.56712],[33.70362,-14.56718],[33.70367,-14.56724],[33.7037,-14.56729],[33.70374,-14.56736],[33.70379,-14.56747],[33.70382,-14.56752],[33.70385,-14.56755],[33.70391,-14.56757],[33.70399,-14.56756],[33.7041,-14.56753],[33.70423,-14.56748],[33.70436,-14.56742],[33.70446,-14.56739],[33.70451,-14.56735],[33.70457,-14.56731],[33.70462,-14.56729],[33.70464,-14.56728],[33.70465,-14.56727],[33.70473,-14.56727],[33.70484,-14.56725]]},"properties":{"id":1183690895,"cls":"unclassified","hw":"unclassified","tg":"na","name":"","ref":"","surface":"","sc":"unknown","speed":null,"lit":"unk","km":0.284}},
{"type":"Feature","geometry":{"type":"LineString","coordinates":[[33.70302,-14.56434],[33.70302,-14.56443],[33.703,-14.56451],[33.70298,-14.56459],[33.70296,-14.56472],[33.70294,-14.56478],[33.70292,-14.56487],[33.70292,-14.56496],[33.7029,-14.56505],[33.70292,-14.56511],[33.70293,-14.56519],[33.70293,-14.56527],[33.70291,-14.56534],[33.70291,-14.56541],[33.70292,-14.56547],[33.70299,-14.56554],[33.70306,-14.56559],[33.70314,-14.56565],[33.70321,-14.5657],[33.70328,-14.56573],[33.70334,-14.56577],[33.7034,-14.56581],[33.70343,-14.56585],[33.70349,-14.56593],[33.70353,-14.56601],[33.70357,-14.56609],[33.70361,-14.56617],[33.70364,-14.56625],[33.70366,-14.56628],[33.70369,-14.56632],[33.70374,-14.56636],[33.70379,-14.56638],[33.70383,-14.5664],[33.70386,-14.56645],[33.70388,-14.56652],[33.70388,-14.56658],[33.70389,-14.56662],[33.70389,-14.56666],[33.70388,-14.5667],[33.70389,-14.56674],[33.70389,-14.56678],[33.70389,-14.56682],[33.70389,-14.56685],[33.70389,-14.56688],[33.7039,-14.56691],[33.70391,-14.56694],[33.70394,-14.56696]]},"properties":{"id":1183690896,"cls":"unclassified","hw":"unclassified","tg":"na","name":"","ref":"","surface":"","sc":"unknown","speed":null,"lit":"unk","km":0.341}},
{"type":"Feature","geometry":{"type":"LineString","coordinates":[[33.70638,-14.56463],[33.70619,-14.56466],[33.70601,-14.56469],[33.70593,-14.5647],[33.70585,-14.5647],[33.70576,-14.56473],[33.70568,-14.56477],[33.70561,-14.56479],[33.7055,-14.56479],[33.70539,-14.56482],[33.70527,-14.56486],[33.70519,-14.56486],[33.70511,-14.56485],[33.70501,-14.56483],[33.70489,-14.5648],[33.70475,-14.5648],[33.70463,-14.56478],[33.70451,-14.56473],[33.70443,-14.56471],[33.70434,-14.5647],[33.70423,-14.5647],[33.70409,-14.56472],[33.704,-14.56473],[33.70389,-14.56472],[33.7038,-14.56471],[33.70372,-14.56472],[33.70363,-14.56474],[33.70358,-14.56472],[33.70353,-14.56467],[33.70344,-14.56456],[33.70335,-14.56449],[33.70323,-14.56443],[33.70311,-14.56437],[33.70302,-14.56434],[33.70291,-14.5643],[33.70277,-14.56427],[33.70266,-14.56425],[33.70261,-14.56422],[33.70252,-14.56417],[33.7024,-14.56412],[33.7023,-14.56404],[33.70218,-14.56397],[33.7021,-14.56392],[33.70202,-14.56387],[33.70195,-14.56379],[33.70188,-14.56371],[33.70178,-14.56365],[33.70165,-14.56362],[33.70155,-14.56361],[33.70147,-14.56364],[33.70135,-14.56367],[33.70123,-14.56369],[33.70108,-14.56372],[33.70096,-14.56376],[33.70088,-14.56379],[33.70078,-14.5638],[33.7007,-14.56381],[33.7006,-14.56379],[33.70048,-14.56379],[33.70038,-14.56379],[33.70028,-14.56378],[33.70019,-14.56375],[33.70011,-14.56372],[33.7,-14.56376],[33.6999,-14.56377],[33.69982,-14.56376],[33.69973,-14.56372],[33.69965,-14.56369],[33.6996,-14.56366],[33.69955,-14.56364],[33.69948,-14.56363],[33.6994,-14.56363],[33.69934,-14.56362],[33.69927,-14.56362],[33.69917,-14.56362],[33.69906,-14.56362],[33.69891,-14.56363],[33.69873,-14.56364],[33.69856,-14.56363],[33.69842,-14.56364],[33.69829,-14.56366],[33.69815,-14.56369],[33.69799,-14.5637],[33.6979,-14.56371],[33.6978,-14.56368],[33.69772,-14.56363],[33.69762,-14.56358],[33.69751,-14.56354],[33.69745,-14.56352],[33.69737,-14.56346],[33.69731,-14.56339],[33.69728,-14.5633],[33.69725,-14.56321],[33.69722,-14.56317],[33.69711,-14.56305],[33.69705,-14.56297],[33.69699,-14.56288],[33.69691,-14.56279],[33.69684,-14.5627],[33.69677,-14.56262],[33.69669,-14.56253],[33.69661,-14.56243],[33.69652,-14.56234],[33.69644,-14.56225],[33.69632,-14.56211],[33.69616,-14.56194],[33.69596,-14.56177],[33.69578,-14.56162],[33.6957,-14.56157],[33.69554,-14.56146],[33.69547,-14.56139],[33.69538,-14.56132],[33.69524,-14.56121],[33.69516,-14.56117],[33.69503,-14.5611]]},"properties":{"id":1183690897,"cls":"unclassified","hw":"unclassified","tg":"na","name":"","ref":"","surface":"","sc":"unknown","speed":null,"lit":"unk","km":1.401}},
{"type":"Feature","geometry":{"type":"LineString","coordinates":[[33.69703,-14.56378],[33.69708,-14.56379],[33.69714,-14.56379],[33.69719,-14.56376],[33.69721,-14.56372],[33.69722,-14.5637],[33.69727,-14.56368],[33.69733,-14.56361],[33.69736,-14.56358],[33.69742,-14.56355],[33.69745,-14.56352]]},"properties":{"id":1183690898,"cls":"unclassified","hw":"unclassified","tg":"na","name":"","ref":"","surface":"","sc":"unknown","speed":null,"lit":"unk","km":0.058}},
{"type":"Feature","geometry":{"type":"LineString","coordinates":[[33.70607,-14.5742],[33.70603,-14.57416],[33.70597,-14.57412],[33.70594,-14.57409],[33.70592,-14.57405],[33.7059,-14.57399],[33.7059,-14.57395],[33.70588,-14.57392],[33.70585,-14.57389],[33.7058,-14.57386],[33.70576,-14.57383],[33.7057,-14.57375],[33.70565,-14.57367],[33.70559,-14.57353],[33.70557,-14.57347],[33.70551,-14.57337],[33.70539,-14.57316],[33.70531,-14.57303],[33.7052,-14.5729],[33.70507,-14.57272],[33.70494,-14.57254],[33.70483,-14.57237],[33.70474,-14.57222],[33.70466,-14.5721],[33.7046,-14.57198],[33.70457,-14.57189],[33.70452,-14.57179],[33.70447,-14.57171],[33.70438,-14.57161],[33.70426,-14.57147],[33.7042,-14.57139],[33.70412,-14.57132],[33.70399,-14.57121],[33.70396,-14.57118],[33.70381,-14.57108],[33.7037,-14.57099],[33.70359,-14.5709],[33.70347,-14.5708],[33.70339,-14.57073],[33.7033,-14.57068],[33.70321,-14.57062],[33.70313,-14.57055],[33.70303,-14.57049],[33.70289,-14.57042],[33.70281,-14.57037],[33.70272,-14.5703],[33.70264,-14.57026],[33.70255,-14.57022],[33.70246,-14.57018],[33.7024,-14.57014],[33.70236,-14.5701],[33.70235,-14.57006],[33.70233,-14.56991],[33.7023,-14.56973],[33.70227,-14.56963],[33.70225,-14.56956],[33.70224,-14.56949],[33.70222,-14.56941],[33.70222,-14.56932],[33.7022,-14.56925],[33.70216,-14.56919],[33.70211,-14.56913],[33.70203,-14.56908],[33.70198,-14.56904],[33.70191,-14.56898],[33.70181,-14.56892],[33.70169,-14.56885],[33.70161,-14.56881],[33.70154,-14.56877],[33.70147,-14.56873],[33.70138,-14.56865],[33.70132,-14.56858],[33.70126,-14.56852],[33.70121,-14.56844],[33.70119,-14.56837],[33.70116,-14.5683],[33.70114,-14.56823],[33.7011,-14.56816]]},"properties":{"id":1183690899,"cls":"unclassified","hw":"unclassified","tg":"na","name":"","ref":"","surface":"","sc":"unknown","speed":null,"lit":"unk","km":0.894}},
{"type":"Feature","geometry":{"type":"LineString","coordinates":[[33.70292,-14.58475],[33.70293,-14.58471],[33.70295,-14.58463],[33.70298,-14.58455],[33.70298,-14.58446],[33.70297,-14.58438],[33.70292,-14.58427],[33.70284,-14.58418],[33.70278,-14.58407],[33.70273,-14.58397],[33.70268,-14.58392],[33.70263,-14.58383],[33.70258,-14.58373],[33.70256,-14.58363],[33.70256,-14.58358],[33.70259,-14.58351],[33.70265,-14.58345],[33.70269,-14.58339],[33.70271,-14.58329],[33.7027,-14.58311],[33.70268,-14.58296],[33.70266,-14.58279],[33.70268,-14.58265],[33.70272,-14.58249],[33.70276,-14.58238],[33.70282,-14.58229],[33.70283,-14.58217],[33.70283,-14.58198],[33.70285,-14.58181],[33.70291,-14.5816],[33.70297,-14.58147],[33.70299,-14.58139],[33.70299,-14.58122],[33.70299,-14.58107],[33.70301,-14.58088],[33.70299,-14.58077],[33.70295,-14.58069],[33.70291,-14.58062],[33.70288,-14.58051],[33.70285,-14.5804],[33.70281,-14.58027],[33.70277,-14.58013],[33.70276,-14.57995],[33.70274,-14.57984],[33.70274,-14.57976],[33.70273,-14.57965],[33.70272,-14.57955],[33.70268,-14.57939],[33.70265,-14.57924],[33.7026,-14.5791],[33.70257,-14.57898],[33.70253,-14.57882],[33.70252,-14.57872],[33.70252,-14.57863],[33.70252,-14.57855],[33.70248,-14.57846],[33.7025,-14.57828],[33.70251,-14.5781],[33.70252,-14.57791],[33.70248,-14.57782],[33.70239,-14.57768],[33.70236,-14.57756],[33.70234,-14.57736],[33.70231,-14.57719],[33.70226,-14.57706],[33.70222,-14.5769],[33.70219,-14.57672],[33.70214,-14.5766],[33.70209,-14.57647],[33.70204,-14.57632],[33.70196,-14.57622],[33.70191,-14.57619],[33.70186,-14.57613],[33.70184,-14.57604],[33.70184,-14.57593],[33.70184,-14.57587],[33.70179,-14.57583],[33.70166,-14.57572],[33.70156,-14.57563],[33.70151,-14.57555],[33.70145,-14.57543],[33.70143,-14.57533],[33.70138,-14.57515],[33.70135,-14.57503],[33.70134,-14.57485],[33.70132,-14.57475],[33.70129,-14.57469],[33.70124,-14.57458],[33.70121,-14.57448],[33.70123,-14.57436],[33.70124,-14.57417],[33.70123,-14.57403],[33.70119,-14.57387],[33.70117,-14.57376],[33.70118,-14.57367],[33.70121,-14.57356],[33.70123,-14.5735],[33.70122,-14.57344],[33.70115,-14.57333],[33.7011,-14.57321],[33.70105,-14.57308],[33.70098,-14.57295],[33.70096,-14.5729],[33.70096,-14.57281],[33.70099,-14.57264],[33.70101,-14.57249],[33.70106,-14.57231],[33.70114,-14.57225],[33.70134,-14.57215],[33.70153,-14.57208],[33.70175,-14.57198],[33.70195,-14.57186],[33.70216,-14.57173],[33.70236,-14.57158],[33.70252,-14.57144],[33.70271,-14.57139],[33.70296,-14.57133],[33.7032,-14.57129],[33.70336,-14.57128],[33.70361,-14.57125],[33.70383,-14.57121],[33.70391,-14.57119],[33.70396,-14.57118],[33.70403,-14.57118],[33.70409,-14.57118],[33.70412,-14.57117],[33.70416,-14.57114],[33.70418,-14.57113],[33.70421,-14.57109],[33.70425,-14.57104],[33.70427,-14.571],[33.7043,-14.57091],[33.70431,-14.57084],[33.7043,-14.57072],[33.70428,-14.57048],[33.70427,-14.57032],[33.70427,-14.57014],[33.70426,-14.57005],[33.70423,-14.56997],[33.70416,-14.5699],[33.70408,-14.56984],[33.70402,-14.56979],[33.70396,-14.56973],[33.70392,-14.56969],[33.70387,-14.56962],[33.70383,-14.56952],[33.7038,-14.56943],[33.70376,-14.56934],[33.7037,-14.56925],[33.70362,-14.56917],[33.70353,-14.56909],[33.70344,-14.56902],[33.70335,-14.56893],[33.70327,-14.56887],[33.70321,-14.5688],[33.70316,-14.56872],[33.70312,-14.56863],[33.70309,-14.56856],[33.70303,-14.5685],[33.70294,-14.56844],[33.70284,-14.5684],[33.70273,-14.56835],[33.70263,-14.5683],[33.70256,-14.56825],[33.70245,-14.56823],[33.70233,-14.56823],[33.70218,-14.56823],[33.70207,-14.56823],[33.70195,-14.56825],[33.70182,-14.56826],[33.70172,-14.56827],[33.70163,-14.56826],[33.70155,-14.56823],[33.70146,-14.5682],[33.70134,-14.56818],[33.7012,-14.56815],[33.7011,-14.56816],[33.70095,-14.56815],[33.70079,-14.56813],[33.7007,-14.56814],[33.70059,-14.56814],[33.70048,-14.56813],[33.70036,-14.56812],[33.70025,-14.56812],[33.70014,-14.56811],[33.70007,-14.56813],[33.69998,-14.56812],[33.69992,-14.56811],[33.69987,-14.56808],[33.69981,-14.56805],[33.69976,-14.568],[33.69969,-14.56794],[33.6996,-14.56782],[33.69955,-14.56774],[33.69951,-14.56762],[33.69951,-14.56754],[33.69947,-14.56748],[33.69942,-14.56744],[33.69935,-14.56739],[33.69926,-14.56734],[33.6992,-14.56729],[33.69916,-14.56723],[33.69911,-14.56714],[33.69906,-14.56707],[33.69899,-14.567],[33.69893,-14.56695],[33.69884,-14.56691],[33.69873,-14.56689],[33.69865,-14.56687],[33.69857,-14.56682],[33.69848,-14.56673],[33.6984,-14.56665],[33.69832,-14.56661],[33.69824,-14.56657],[33.69819,-14.56653],[33.69814,-14.56645],[33.6981,-14.56632],[33.69807,-14.56625],[33.69806,-14.56617],[33.69804,-14.56611],[33.69797,-14.56603],[33.69793,-14.56595],[33.69787,-14.56583],[33.69787,-14.5658],[33.69787,-14.56576],[33.69784,-14.56571],[33.69779,-14.56563],[33.69774,-14.56554],[33.6977,-14.56547],[33.69763,-14.5654],[33.6976,-14.56535],[33.69757,-14.56528],[33.69748,-14.56518],[33.6974,-14.56508],[33.69737,-14.565],[33.69733,-14.56491],[33.69728,-14.56476],[33.69724,-14.56462],[33.69723,-14.56453],[33.69724,-14.56447],[33.69721,-14.56436],[33.69718,-14.5642],[33.69718,-14.5641],[33.69716,-14.56403],[33.69715,-14.56398],[33.69714,-14.56396],[33.69711,-14.56393],[33.69707,-14.5639],[33.69705,-14.56388],[33.69703,-14.56385],[33.69703,-14.56381],[33.69703,-14.56378],[33.69694,-14.56372],[33.69687,-14.56368],[33.69685,-14.5636]]},"properties":{"id":1183690904,"cls":"unclassified","hw":"unclassified","tg":"na","name":"","ref":"","surface":"","sc":"unknown","speed":null,"lit":"unk","km":3.16}},
{"type":"Feature","geometry":{"type":"LineString","coordinates":[[33.68687,-14.55098],[33.68682,-14.55108],[33.6868,-14.5512],[33.68679,-14.55131],[33.68679,-14.55146],[33.68677,-14.55165],[33.68676,-14.5518],[33.68676,-14.55191],[33.68678,-14.55207],[33.68677,-14.5522],[33.68675,-14.55232],[33.68674,-14.5524],[33.68673,-14.55245],[33.6867,-14.55251],[33.6867,-14.55256],[33.68671,-14.55262],[33.68673,-14.55268],[33.6867,-14.55283],[33.68667,-14.55298],[33.68662,-14.55314],[33.68657,-14.55329],[33.68653,-14.55342],[33.6865,-14.55351],[33.68646,-14.55362],[33.68643,-14.55371],[33.68639,-14.55381],[33.68635,-14.55389],[33.68631,-14.55398],[33.68627,-14.55405],[33.68623,-14.55412],[33.68622,-14.55416],[33.68621,-14.55422],[33.68621,-14.55431],[33.68619,-14.55438],[33.68619,-14.55442],[33.68618,-14.55452],[33.68618,-14.55462],[33.68618,-14.55468],[33.6862,-14.55475],[33.68622,-14.55482],[33.68623,-14.55488],[33.68624,-14.55499],[33.68623,-14.55509],[33.68623,-14.55513],[33.68624,-14.55516],[33.68625,-14.55523],[33.68625,-14.5553],[33.68625,-14.55536],[33.68627,-14.55543],[33.68629,-14.55552],[33.68631,-14.55557],[33.68635,-14.55562],[33.6864,-14.55567],[33.68646,-14.55571],[33.68648,-14.55573],[33.6865,-14.55577],[33.68651,-14.55581],[33.68652,-14.55584],[33.68655,-14.55588],[33.68658,-14.55591],[33.68661,-14.55596],[33.68662,-14.556],[33.68661,-14.55605],[33.68658,-14.55611],[33.68653,-14.55617],[33.68646,-14.55621],[33.68639,-14.55625],[33.68632,-14.55627],[33.68626,-14.55628],[33.68618,-14.55627],[33.68612,-14.55627],[33.68607,-14.55629],[33.686,-14.55632],[33.68593,-14.55638],[33.68585,-14.55644],[33.68576,-14.55652],[33.68564,-14.55663],[33.68553,-14.55676],[33.68546,-14.55684],[33.6854,-14.55693],[33.68533,-14.55706],[33.68528,-14.55719],[33.68524,-14.5573],[33.68518,-14.5574],[33.68516,-14.5575],[33.68515,-14.55759],[33.68514,-14.55767],[33.68512,-14.55773],[33.68511,-14.55779],[33.6851,-14.55791],[33.6851,-14.55798],[33.68511,-14.55804],[33.68512,-14.55809],[33.68513,-14.55819],[33.68513,-14.55829],[33.68513,-14.55838],[33.68514,-14.55846],[33.68517,-14.55852],[33.68518,-14.55864],[33.68516,-14.55873],[33.68518,-14.55879],[33.68518,-14.55888],[33.68521,-14.55904],[33.68524,-14.55913],[33.68525,-14.55923],[33.68528,-14.5594],[33.68531,-14.55951],[33.68533,-14.55962],[33.68535,-14.55978],[33.68536,-14.55987],[33.68538,-14.55995],[33.68541,-14.56007],[33.68542,-14.56021],[33.68544,-14.5603],[33.68544,-14.56042],[33.68543,-14.56056],[33.68543,-14.56069],[33.68542,-14.56081],[33.68541,-14.56095],[33.68543,-14.56105],[33.68545,-14.5612],[33.68546,-14.5613],[33.68546,-14.56146],[33.68547,-14.56162],[33.68549,-14.56177],[33.68554,-14.56193],[33.68556,-14.56204],[33.68559,-14.56214],[33.68561,-14.56226]]},"properties":{"id":1183702304,"cls":"path","hw":"path","tg":"na","name":"","ref":"","surface":"","sc":"unknown","speed":null,"lit":"unk","km":1.368}},
{"type":"Feature","geometry":{"type":"LineString","coordinates":[[33.70059,-14.55187],[33.70074,-14.55182],[33.70079,-14.55179],[33.70085,-14.55178],[33.70091,-14.5518],[33.70097,-14.55181],[33.70102,-14.5518],[33.70107,-14.55178],[33.70115,-14.55172],[33.70122,-14.55167],[33.70128,-14.55164],[33.70134,-14.55162],[33.70142,-14.55161],[33.70149,-14.55162],[33.70154,-14.55164],[33.70161,-14.55166],[33.70167,-14.55165],[33.70175,-14.55159],[33.70187,-14.55152],[33.70192,-14.55146],[33.70193,-14.5514],[33.70197,-14.55136],[33.70201,-14.55133],[33.7021,-14.55132],[33.70219,-14.55132],[33.70227,-14.55129],[33.70233,-14.55127],[33.70237,-14.55126],[33.70245,-14.55123],[33.7025,-14.55119],[33.70254,-14.55114]]},"properties":{"id":1183702305,"cls":"unclassified","hw":"unclassified","tg":"na","name":"","ref":"","surface":"","sc":"unknown","speed":null,"lit":"unk","km":0.242}},
{"type":"Feature","geometry":{"type":"LineString","coordinates":[[33.70291,-14.55207],[33.703,-14.552],[33.70305,-14.55196],[33.70308,-14.55194],[33.70312,-14.55193],[33.70316,-14.55191],[33.70321,-14.55191],[33.70326,-14.55188],[33.70331,-14.55185],[33.70332,-14.55182],[33.70337,-14.55173],[33.70342,-14.55168],[33.70346,-14.55164],[33.70355,-14.55161],[33.70361,-14.55158],[33.70367,-14.55156],[33.70371,-14.55153],[33.70376,-14.5515],[33.70382,-14.55149],[33.70387,-14.55146],[33.70392,-14.55141],[33.70395,-14.55137],[33.70396,-14.55134],[33.70399,-14.55131],[33.70406,-14.55124],[33.70408,-14.55119],[33.7041,-14.55114],[33.70413,-14.55111],[33.70416,-14.5511],[33.7042,-14.55109],[33.70424,-14.55107],[33.70428,-14.55103],[33.70434,-14.55099],[33.70438,-14.55095],[33.70448,-14.5509],[33.70454,-14.55085],[33.70458,-14.55082],[33.70464,-14.55079],[33.7047,-14.55076],[33.70478,-14.55067],[33.70484,-14.55063],[33.70489,-14.55058],[33.7049,-14.55055],[33.70494,-14.55048],[33.70497,-14.5504],[33.70498,-14.55035],[33.70499,-14.55032],[33.70497,-14.55028],[33.70496,-14.55024],[33.70496,-14.55018],[33.70498,-14.55012],[33.70499,-14.55006],[33.70498,-14.55003],[33.705,-14.54999],[33.70502,-14.54993],[33.70504,-14.54987],[33.70505,-14.54981],[33.70505,-14.54977],[33.70508,-14.54975],[33.70512,-14.54972],[33.70517,-14.54966],[33.70521,-14.5496],[33.70522,-14.54957],[33.70525,-14.54955],[33.70529,-14.54952],[33.70533,-14.54948],[33.70538,-14.54941],[33.70545,-14.54934],[33.70551,-14.54925],[33.70555,-14.54916],[33.7056,-14.54907],[33.70563,-14.54901],[33.70566,-14.54895]]},"properties":{"id":1183702306,"cls":"path","hw":"path","tg":"na","name":"","ref":"","surface":"","sc":"unknown","speed":null,"lit":"unk","km":0.488}},
{"type":"Feature","geometry":{"type":"LineString","coordinates":[[33.70191,-14.55424],[33.70195,-14.55415],[33.70201,-14.5541],[33.70206,-14.55407],[33.70209,-14.55406],[33.70217,-14.55406],[33.70222,-14.55405],[33.70229,-14.55401],[33.70236,-14.55393],[33.70243,-14.55388],[33.70254,-14.55384],[33.70264,-14.5538],[33.70268,-14.55378],[33.70279,-14.55377],[33.70286,-14.55375],[33.70293,-14.55373],[33.70298,-14.55373],[33.70307,-14.55376],[33.70317,-14.55383],[33.70328,-14.55387],[33.70333,-14.55388],[33.70339,-14.55388],[33.70344,-14.55386],[33.70351,-14.55385],[33.70356,-14.55383],[33.7036,-14.55381],[33.70363,-14.55379],[33.70366,-14.55377],[33.70369,-14.55376],[33.70372,-14.55374],[33.70376,-14.55374],[33.70379,-14.55377],[33.70384,-14.55377],[33.7039,-14.55376],[33.70394,-14.55375],[33.70402,-14.55373],[33.70407,-14.5537],[33.70413,-14.55368],[33.70415,-14.55365],[33.70416,-14.5536],[33.70415,-14.55355],[33.70413,-14.55349],[33.7041,-14.55344],[33.704,-14.55337],[33.70395,-14.55334],[33.7039,-14.55331],[33.70385,-14.55329],[33.7038,-14.55321],[33.70375,-14.55318],[33.70373,-14.55316],[33.7037,-14.55312],[33.70364,-14.55308],[33.70361,-14.55304],[33.70358,-14.55299],[33.70356,-14.55294],[33.70351,-14.55288],[33.70347,-14.55283],[33.70341,-14.55277],[33.70337,-14.55273],[33.70333,-14.5527],[33.70331,-14.55267],[33.70323,-14.55259],[33.70321,-14.55255],[33.70318,-14.55248],[33.70314,-14.55241],[33.7031,-14.55235],[33.70307,-14.5523],[33.70304,-14.55228],[33.70301,-14.55225],[33.70298,-14.5522],[33.70294,-14.55212],[33.70291,-14.55207],[33.70289,-14.55204],[33.70287,-14.55201],[33.70285,-14.55199],[33.70283,-14.55197],[33.70281,-14.55195],[33.70279,-14.55194],[33.70278,-14.55191],[33.70279,-14.55189],[33.70279,-14.55185],[33.70279,-14.55182],[33.70277,-14.55179],[33.70275,-14.55177],[33.7027,-14.55174],[33.70268,-14.55171],[33.70266,-14.55168],[33.70264,-14.55165],[33.70262,-14.55157],[33.7026,-14.55149],[33.70258,-14.55138],[33.70257,-14.55131],[33.70255,-14.55125],[33.70254,-14.55114],[33.70252,-14.55104],[33.70251,-14.55099],[33.70253,-14.55093],[33.70255,-14.55088],[33.70258,-14.55086],[33.70261,-14.55083],[33.70265,-14.55077],[33.70268,-14.55073],[33.70273,-14.5507],[33.70278,-14.55067],[33.70282,-14.55062],[33.70284,-14.55061],[33.70289,-14.55061],[33.70293,-14.55061],[33.70295,-14.5506],[33.70296,-14.55055],[33.70296,-14.55048],[33.70298,-14.5504],[33.70299,-14.55031],[33.70303,-14.55021],[33.70305,-14.55017],[33.70307,-14.55013],[33.70309,-14.55008],[33.7031,-14.55002]]},"properties":{"id":1183702307,"cls":"path","hw":"path","tg":"na","name":"","ref":"","surface":"","sc":"unknown","speed":null,"lit":"unk","km":0.772}},
{"type":"Feature","geometry":{"type":"LineString","coordinates":[[33.70233,-14.55487],[33.70253,-14.55493],[33.70262,-14.55492],[33.70274,-14.55494],[33.70282,-14.55494],[33.70293,-14.55491],[33.70302,-14.55491],[33.70318,-14.55492],[33.70332,-14.55494],[33.70347,-14.55496],[33.70358,-14.55497],[33.70372,-14.55495],[33.7038,-14.55493],[33.70391,-14.55493],[33.70403,-14.55493],[33.70414,-14.55491],[33.70425,-14.55487],[33.70432,-14.55485],[33.70435,-14.5548],[33.7044,-14.55473],[33.70445,-14.55467],[33.70456,-14.5546],[33.70464,-14.55456],[33.70472,-14.55454],[33.70479,-14.55451],[33.70489,-14.55449],[33.70497,-14.55445],[33.70503,-14.55442],[33.70514,-14.55436],[33.70522,-14.5543],[33.70528,-14.55423],[33.70533,-14.55413],[33.70541,-14.554],[33.70546,-14.55391],[33.70551,-14.55385],[33.70559,-14.55376]]},"properties":{"id":1183702308,"cls":"unclassified","hw":"unclassified","tg":"na","name":"","ref":"","surface":"","sc":"unknown","speed":null,"lit":"unk","km":0.408}},
{"type":"Feature","geometry":{"type":"LineString","coordinates":[[33.70416,-14.55773],[33.70419,-14.55766],[33.70424,-14.55762],[33.70432,-14.5576],[33.70445,-14.55759],[33.70458,-14.55755],[33.70473,-14.55746],[33.70486,-14.55737],[33.70495,-14.5573],[33.70507,-14.55726],[33.70522,-14.5572],[33.70537,-14.55711],[33.70543,-14.55707],[33.70547,-14.557],[33.70549,-14.55694],[33.70549,-14.55686],[33.70546,-14.55679],[33.70542,-14.55674],[33.70536,-14.55666],[33.70527,-14.55655],[33.70514,-14.55643],[33.70508,-14.55638],[33.70498,-14.55632],[33.7049,-14.55627],[33.70481,-14.55622],[33.70469,-14.55615],[33.70461,-14.55612],[33.70453,-14.55608],[33.70446,-14.55605],[33.70439,-14.55601],[33.70436,-14.55597],[33.7043,-14.55588],[33.70423,-14.55579],[33.70414,-14.55566],[33.70406,-14.55557],[33.70399,-14.55552],[33.70393,-14.55547],[33.70388,-14.55539],[33.70384,-14.55531],[33.70379,-14.55526],[33.70371,-14.5552],[33.70367,-14.55514],[33.70361,-14.55506],[33.70358,-14.55497]]},"properties":{"id":1183702309,"cls":"unclassified","hw":"unclassified","tg":"na","name":"","ref":"","surface":"","sc":"unknown","speed":null,"lit":"unk","km":0.486}},
{"type":"Feature","geometry":{"type":"LineString","coordinates":[[33.69406,-14.56055],[33.69415,-14.56047],[33.69421,-14.56044],[33.6943,-14.56042],[33.69441,-14.56042],[33.69449,-14.56042],[33.69456,-14.56042],[33.69462,-14.56043],[33.69471,-14.5605],[33.69475,-14.56052],[33.69481,-14.56057],[33.69487,-14.56059],[33.69497,-14.5606],[33.69501,-14.56062],[33.69509,-14.56065],[33.69516,-14.56068],[33.69526,-14.56073],[33.69531,-14.56075],[33.69536,-14.56077],[33.69539,-14.56076],[33.69542,-14.56074],[33.69547,-14.56071],[33.69554,-14.56071],[33.69561,-14.56067],[33.69564,-14.5606],[33.69571,-14.56049],[33.69581,-14.5604],[33.69597,-14.56034],[33.69608,-14.56027],[33.6962,-14.56024],[33.69634,-14.56016],[33.69647,-14.5601],[33.6966,-14.56005],[33.6967,-14.56002],[33.69683,-14.56],[33.69704,-14.56002],[33.69718,-14.56006],[33.69728,-14.56012],[33.69734,-14.56019],[33.69739,-14.56027],[33.69745,-14.56034],[33.69755,-14.56043],[33.69765,-14.56049],[33.69772,-14.56053],[33.69784,-14.56058],[33.69793,-14.56061],[33.69802,-14.56065],[33.69808,-14.5607],[33.69817,-14.56075],[33.69825,-14.56078],[33.69832,-14.56077],[33.6984,-14.56075],[33.69845,-14.56075],[33.69855,-14.56075],[33.69867,-14.56077],[33.69878,-14.5608],[33.69884,-14.56082],[33.6989,-14.56081],[33.69894,-14.56078],[33.69898,-14.56075],[33.69908,-14.56074],[33.69922,-14.56074],[33.69937,-14.56072],[33.69946,-14.56068],[33.69955,-14.56065],[33.69963,-14.56063],[33.69969,-14.56056],[33.69974,-14.56051],[33.69981,-14.56046],[33.69989,-14.56041],[33.69994,-14.56039],[33.70002,-14.56038],[33.70008,-14.56036],[33.70016,-14.5603],[33.70021,-14.56025],[33.70029,-14.56021],[33.70038,-14.56016],[33.70051,-14.56013],[33.70054,-14.56012],[33.70062,-14.56009],[33.70069,-14.56008],[33.70075,-14.56007],[33.70086,-14.56006],[33.70093,-14.56004],[33.70102,-14.55998],[33.7011,-14.55991],[33.70117,-14.55986],[33.7012,-14.55983],[33.70128,-14.55978],[33.70132,-14.55974],[33.70136,-14.55969],[33.7014,-14.55961],[33.70145,-14.55955],[33.70151,-14.55948],[33.70158,-14.55945],[33.70175,-14.55938],[33.70187,-14.55934],[33.70199,-14.55932],[33.70204,-14.5593],[33.70211,-14.55922],[33.70218,-14.55912],[33.7023,-14.55905],[33.7024,-14.559],[33.70246,-14.55896],[33.70267,-14.55882],[33.70279,-14.55874],[33.70283,-14.5587],[33.70287,-14.55861],[33.70293,-14.55851],[33.70298,-14.55846],[33.70305,-14.55836],[33.70312,-14.5583],[33.70319,-14.55825],[33.70326,-14.5582],[33.70335,-14.55814],[33.70342,-14.5581],[33.7035,-14.55806],[33.70353,-14.55805],[33.70363,-14.55804],[33.70374,-14.55804],[33.70382,-14.55804],[33.70391,-14.55803],[33.70398,-14.55804],[33.70418,-14.55805],[33.70433,-14.55808],[33.7044,-14.55804],[33.70453,-14.55803],[33.70462,-14.55802],[33.70476,-14.55801],[33.70487,-14.55801],[33.70493,-14.55801],[33.70501,-14.55801],[33.70509,-14.558],[33.70516,-14.55798],[33.7052,-14.55798],[33.70525,-14.55798],[33.70533,-14.558],[33.70538,-14.55802],[33.70542,-14.55806],[33.70549,-14.55811],[33.70554,-14.55817],[33.70558,-14.55822],[33.70562,-14.55825],[33.7057,-14.55829],[33.70575,-14.55829],[33.70582,-14.5583],[33.7059,-14.5583],[33.70595,-14.5583],[33.706,-14.55832],[33.70604,-14.55833],[33.70608,-14.55832],[33.70627,-14.55836],[33.70638,-14.55837],[33.70653,-14.55835],[33.70666,-14.55834],[33.70677,-14.55835],[33.70692,-14.55838],[33.70708,-14.5584],[33.70724,-14.55841],[33.70736,-14.55841],[33.70745,-14.55838],[33.70754,-14.5584],[33.7077,-14.55845],[33.70787,-14.55858],[33.70791,-14.55863],[33.70801,-14.55868],[33.70811,-14.5587],[33.7082,-14.55868],[33.70833,-14.55863],[33.7085,-14.55859],[33.70866,-14.55856],[33.70877,-14.55851],[33.70887,-14.55843],[33.70906,-14.5582],[33.70931,-14.55791]]},"properties":{"id":1183702310,"cls":"unclassified","hw":"unclassified","tg":"na","name":"","ref":"","surface":"","sc":"unknown","speed":null,"lit":"unk","km":1.888}},
{"type":"Feature","geometry":{"type":"LineString","coordinates":[[33.66442,-14.61609],[33.66431,-14.61606],[33.66415,-14.61605],[33.66406,-14.61606],[33.66396,-14.61608],[33.6638,-14.61607],[33.66368,-14.61606],[33.66358,-14.61604],[33.66345,-14.61602],[33.66337,-14.61602],[33.66333,-14.61603],[33.66325,-14.61605],[33.66314,-14.61612],[33.66289,-14.61627],[33.66272,-14.61637],[33.66259,-14.61645],[33.66245,-14.61651],[33.66229,-14.61659],[33.66213,-14.61667],[33.66207,-14.61671]]},"properties":{"id":1185600441,"cls":"track","hw":"track","tg":"none","name":"","ref":"","surface":"","sc":"unknown","speed":null,"lit":"unk","km":0.274}},
{"type":"Feature","geometry":{"type":"LineString","coordinates":[[33.66584,-14.61474],[33.66586,-14.61483],[33.66584,-14.61511],[33.66586,-14.61532],[33.66604,-14.61548],[33.66608,-14.61553],[33.66613,-14.61575]]},"properties":{"id":1185600444,"cls":"unclassified","hw":"unclassified","tg":"na","name":"","ref":"","surface":"","sc":"unknown","speed":null,"lit":"unk","km":0.123}},
{"type":"Feature","geometry":{"type":"LineString","coordinates":[[33.66544,-14.61497],[33.66554,-14.61511],[33.66567,-14.6152],[33.66586,-14.61532]]},"properties":{"id":1185600445,"cls":"unclassified","hw":"unclassified","tg":"na","name":"","ref":"","surface":"","sc":"unknown","speed":null,"lit":"unk","km":0.061}},
{"type":"Feature","geometry":{"type":"LineString","coordinates":[[33.66559,-14.61559],[33.66562,-14.61557],[33.66567,-14.61555],[33.66573,-14.61552],[33.66589,-14.61552],[33.66608,-14.61553],[33.66611,-14.61556],[33.66618,-14.61558],[33.66624,-14.6156],[33.66645,-14.61562],[33.66674,-14.6157],[33.66696,-14.61574],[33.66698,-14.61577],[33.66706,-14.6158],[33.66698,-14.61591]]},"properties":{"id":1185601684,"cls":"unclassified","hw":"unclassified","tg":"na","name":"","ref":"","surface":"","sc":"unknown","speed":null,"lit":"unk","km":0.181}},
{"type":"Feature","geometry":{"type":"LineString","coordinates":[[33.66706,-14.6158],[33.66711,-14.61578],[33.66733,-14.61586]]},"properties":{"id":1185601685,"cls":"unclassified","hw":"unclassified","tg":"na","name":"","ref":"","surface":"","sc":"unknown","speed":null,"lit":"unk","km":0.031}},
{"type":"Feature","geometry":{"type":"LineString","coordinates":[[33.66839,-14.61601],[33.66838,-14.61618],[33.66839,-14.61623],[33.66844,-14.61633],[33.66845,-14.61653],[33.66847,-14.61665],[33.66845,-14.61677],[33.66849,-14.61705],[33.66852,-14.61719],[33.66851,-14.61727],[33.66845,-14.61731],[33.66845,-14.61739],[33.6682,-14.61764],[33.66821,-14.61777],[33.66817,-14.61783],[33.66808,-14.61802],[33.66801,-14.61817],[33.66811,-14.61837]]},"properties":{"id":1185601686,"cls":"unclassified","hw":"unclassified","tg":"na","name":"","ref":"","surface":"","sc":"unknown","speed":null,"lit":"unk","km":0.287}},
{"type":"Feature","geometry":{"type":"LineString","coordinates":[[33.66943,-14.61634],[33.66936,-14.61645],[33.66934,-14.61649],[33.66928,-14.61658],[33.66904,-14.61679],[33.66875,-14.6171],[33.66845,-14.61739]]},"properties":{"id":1185601687,"cls":"unclassified","hw":"unclassified","tg":"na","name":"","ref":"","surface":"","sc":"unknown","speed":null,"lit":"unk","km":0.158}},
{"type":"Feature","geometry":{"type":"LineString","coordinates":[[33.67206,-14.61621],[33.67205,-14.61627],[33.67198,-14.61637],[33.67185,-14.61651],[33.67162,-14.61662],[33.67143,-14.61664],[33.67122,-14.61671],[33.67092,-14.6168],[33.67033,-14.617],[33.67022,-14.61704],[33.66995,-14.61722],[33.66979,-14.61725],[33.66972,-14.61731],[33.66963,-14.61732],[33.66949,-14.61742],[33.6693,-14.61747],[33.66919,-14.61756],[33.66894,-14.6176],[33.66877,-14.61775],[33.66875,-14.61779],[33.66836,-14.61806],[33.66832,-14.61811],[33.66825,-14.61814],[33.66823,-14.61819],[33.66816,-14.6182],[33.66811,-14.61837]]},"properties":{"id":1185601688,"cls":"unclassified","hw":"unclassified","tg":"na","name":"","ref":"","surface":"","sc":"unknown","speed":null,"lit":"unk","km":0.512}},
{"type":"Feature","geometry":{"type":"LineString","coordinates":[[33.66801,-14.61817],[33.66794,-14.61809],[33.66786,-14.61799],[33.66782,-14.61792],[33.66776,-14.61789],[33.66768,-14.6178],[33.66746,-14.61765],[33.66741,-14.61758],[33.66726,-14.61748],[33.66719,-14.61741],[33.66709,-14.61732],[33.66691,-14.61694],[33.66682,-14.61681],[33.66673,-14.61674],[33.6667,-14.61665],[33.66669,-14.6165],[33.66664,-14.61642],[33.66628,-14.61604]]},"properties":{"id":1185601689,"cls":"unclassified","hw":"unclassified","tg":"na","name":"","ref":"","surface":"","sc":"unknown","speed":null,"lit":"unk","km":0.31}},
{"type":"Feature","geometry":{"type":"LineString","coordinates":[[33.66561,-14.61612],[33.66574,-14.61619],[33.6659,-14.61621],[33.66599,-14.61626],[33.66611,-14.61634],[33.66673,-14.61674]]},"properties":{"id":1185601690,"cls":"unclassified","hw":"unclassified","tg":"na","name":"","ref":"","surface":"","sc":"unknown","speed":null,"lit":"unk","km":0.14}},
{"type":"Feature","geometry":{"type":"LineString","coordinates":[[33.66789,-14.61631],[33.66787,-14.61644],[33.66781,-14.61654],[33.66781,-14.61662],[33.6678,-14.61672],[33.66782,-14.61698],[33.66804,-14.6176],[33.6681,-14.61784],[33.66808,-14.61802]]},"properties":{"id":1185601692,"cls":"unclassified","hw":"unclassified","tg":"na","name":"","ref":"","surface":"","sc":"unknown","speed":null,"lit":"unk","km":0.197}},
{"type":"Feature","geometry":{"type":"LineString","coordinates":[[33.66751,-14.61637],[33.66748,-14.61665],[33.66743,-14.6168],[33.6673,-14.61698],[33.66722,-14.61718],[33.66719,-14.61724],[33.66719,-14.61741]]},"properties":{"id":1185601694,"cls":"unclassified","hw":"unclassified","tg":"na","name":"","ref":"","surface":"","sc":"unknown","speed":null,"lit":"unk","km":0.123}},
{"type":"Feature","geometry":{"type":"LineString","coordinates":[[33.66726,-14.61748],[33.66739,-14.61726],[33.66743,-14.61725],[33.66753,-14.61699],[33.66773,-14.61664],[33.66781,-14.61654]]},"properties":{"id":1185601695,"cls":"unclassified","hw":"unclassified","tg":"na","name":"","ref":"","surface":"","sc":"unknown","speed":null,"lit":"unk","km":0.122}},
{"type":"Feature","geometry":{"type":"LineString","coordinates":[[33.66934,-14.61649],[33.66969,-14.61667],[33.66977,-14.61674],[33.67033,-14.617]]},"properties":{"id":1185601696,"cls":"unclassified","hw":"unclassified","tg":"na","name":"","ref":"","surface":"","sc":"unknown","speed":null,"lit":"unk","km":0.121}},
{"type":"Feature","geometry":{"type":"LineString","coordinates":[[33.66811,-14.61837],[33.66818,-14.61845],[33.66834,-14.6188],[33.66847,-14.61914],[33.66865,-14.61942],[33.66888,-14.6196],[33.66903,-14.61993],[33.6692,-14.62024],[33.66929,-14.6205],[33.66939,-14.62069],[33.66958,-14.62087],[33.66981,-14.62125],[33.67016,-14.62168]]},"properties":{"id":1185601697,"cls":"unclassified","hw":"unclassified","tg":"na","name":"","ref":"","surface":"","sc":"unknown","speed":null,"lit":"unk","km":0.435}},
{"type":"Feature","geometry":{"type":"LineString","coordinates":[[33.66811,-14.61837],[33.66797,-14.61855],[33.66782,-14.61878],[33.66763,-14.61904],[33.66747,-14.61931],[33.66742,-14.6194],[33.66737,-14.61947],[33.66728,-14.61958],[33.66716,-14.61973],[33.66707,-14.61985],[33.66695,-14.6201],[33.66692,-14.62017],[33.6668,-14.62038],[33.66674,-14.62046],[33.66668,-14.62049],[33.6666,-14.62051],[33.66643,-14.62055],[33.6661,-14.62058],[33.66601,-14.62062],[33.66592,-14.62067],[33.66584,-14.6207],[33.66567,-14.62075]]},"properties":{"id":1185601698,"cls":"unclassified","hw":"unclassified","tg":"na","name":"","ref":"","surface":"","sc":"unknown","speed":null,"lit":"unk","km":0.397}},
{"type":"Feature","geometry":{"type":"LineString","coordinates":[[33.70067,-14.55224],[33.70059,-14.5523],[33.70041,-14.55245],[33.70027,-14.55263],[33.7001,-14.55279],[33.69998,-14.55291],[33.69992,-14.55296],[33.69978,-14.553],[33.6997,-14.55304],[33.6996,-14.55312],[33.69943,-14.55324],[33.6993,-14.55337],[33.69924,-14.55342],[33.69916,-14.55347],[33.69912,-14.55351],[33.69913,-14.55365],[33.69914,-14.55375],[33.69911,-14.5538],[33.69899,-14.55385],[33.69895,-14.55388],[33.69891,-14.55395],[33.69884,-14.55404],[33.69873,-14.55413],[33.69868,-14.55419],[33.69861,-14.55421],[33.6985,-14.5542],[33.69825,-14.55417],[33.69803,-14.55412],[33.69787,-14.55407],[33.69776,-14.55404],[33.69768,-14.55402],[33.69762,-14.55398],[33.69757,-14.55393],[33.69753,-14.5539],[33.69748,-14.55388],[33.69744,-14.55388],[33.69738,-14.5539],[33.69727,-14.55394],[33.69708,-14.55391],[33.69687,-14.55388],[33.69679,-14.55385],[33.69669,-14.55377],[33.69658,-14.55364],[33.69647,-14.55353],[33.69633,-14.55338],[33.69626,-14.55331],[33.69619,-14.55327],[33.69606,-14.55324],[33.69595,-14.55321],[33.69574,-14.55314],[33.69558,-14.55309],[33.69554,-14.55306],[33.6955,-14.55294],[33.69545,-14.55277],[33.69539,-14.55261],[33.69533,-14.55252],[33.69521,-14.55241],[33.69511,-14.55229],[33.69501,-14.55219],[33.69496,-14.55211],[33.69493,-14.552],[33.69488,-14.55194],[33.69476,-14.55188],[33.69467,-14.55187],[33.69462,-14.5518],[33.69452,-14.55165],[33.69443,-14.55156],[33.69432,-14.5515],[33.69424,-14.55148],[33.6941,-14.55147],[33.69401,-14.55149],[33.69388,-14.55159],[33.69376,-14.55168],[33.69366,-14.55182],[33.69357,-14.55194],[33.69354,-14.55203],[33.69352,-14.55216],[33.6935,-14.55229],[33.69346,-14.55236],[33.69338,-14.55244],[33.69326,-14.55251],[33.6932,-14.55254],[33.69315,-14.55254],[33.69308,-14.55248],[33.69298,-14.55243],[33.69285,-14.55239],[33.69274,-14.55236],[33.69261,-14.55233],[33.69251,-14.55227],[33.69239,-14.55223],[33.69224,-14.55217],[33.69206,-14.5521],[33.69186,-14.552],[33.69171,-14.55193],[33.6915,-14.55185],[33.6913,-14.55176],[33.69115,-14.55171],[33.69102,-14.55162],[33.69087,-14.55152],[33.69078,-14.55143],[33.69057,-14.55123],[33.69044,-14.55107],[33.69034,-14.55094],[33.69018,-14.5507],[33.6901,-14.55057],[33.69001,-14.5504],[33.68992,-14.55028],[33.68987,-14.55023],[33.68983,-14.55008],[33.68981,-14.54994],[33.68975,-14.54978],[33.68969,-14.5496],[33.68963,-14.54946],[33.68954,-14.54935],[33.68945,-14.54923],[33.68935,-14.54918],[33.68918,-14.54911],[33.68901,-14.54906],[33.68885,-14.54903],[33.68869,-14.54903],[33.68857,-14.54903],[33.68846,-14.549],[33.68831,-14.54893],[33.68822,-14.5489],[33.68807,-14.54884]]},"properties":{"id":1186595742,"cls":"path","hw":"path","tg":"na","name":"","ref":"","surface":"","sc":"unknown","speed":null,"lit":"unk","km":1.85}},
{"type":"Feature","geometry":{"type":"LineString","coordinates":[[33.69497,-14.53241],[33.69507,-14.53243],[33.69517,-14.53242],[33.6953,-14.53238],[33.69537,-14.53235],[33.69547,-14.53235],[33.69561,-14.53237],[33.69569,-14.53238],[33.69574,-14.53238],[33.69579,-14.53241],[33.69586,-14.53247],[33.69591,-14.53252],[33.69599,-14.53255],[33.69621,-14.53257],[33.69636,-14.5326],[33.69653,-14.5326],[33.69668,-14.53263],[33.6971,-14.5327],[33.69744,-14.53278]]},"properties":{"id":1186596372,"cls":"unclassified","hw":"unclassified","tg":"na","name":"","ref":"","surface":"","sc":"unknown","speed":null,"lit":"unk","km":0.277}},
{"type":"Feature","geometry":{"type":"LineString","coordinates":[[33.68893,-14.52883],[33.68919,-14.52892],[33.68933,-14.52898],[33.68961,-14.52913],[33.68978,-14.52918],[33.69007,-14.52923],[33.69039,-14.52936],[33.69061,-14.52945],[33.69077,-14.52947],[33.69087,-14.52947],[33.69099,-14.52946],[33.69108,-14.52948],[33.69117,-14.52955],[33.69125,-14.52966],[33.69133,-14.52974],[33.69142,-14.52983],[33.69153,-14.52995],[33.69162,-14.53004],[33.69175,-14.53014],[33.69191,-14.5303],[33.69206,-14.5304],[33.69217,-14.53048],[33.69226,-14.53052],[33.69232,-14.53056],[33.69238,-14.53064],[33.69243,-14.53071],[33.69252,-14.53077],[33.69274,-14.53091],[33.69284,-14.53096],[33.6929,-14.53097],[33.693,-14.53099],[33.69314,-14.53105],[33.69331,-14.53114],[33.6935,-14.53124],[33.69368,-14.53133],[33.69378,-14.53139],[33.69387,-14.53145],[33.69402,-14.53153],[33.69416,-14.53162],[33.69421,-14.53164],[33.69425,-14.53168],[33.69434,-14.53183],[33.69447,-14.53201],[33.69467,-14.53217],[33.69483,-14.53228],[33.69494,-14.53238],[33.69497,-14.53241],[33.69507,-14.53255],[33.69515,-14.53276],[33.69517,-14.53286],[33.69518,-14.5331],[33.69519,-14.53321],[33.69521,-14.53329],[33.69526,-14.53341],[33.69528,-14.5335],[33.69528,-14.53372],[33.69528,-14.53398],[33.69523,-14.5343],[33.69522,-14.53448],[33.69522,-14.53454],[33.69524,-14.53458],[33.69529,-14.53466],[33.69532,-14.53471],[33.69533,-14.53477],[33.69531,-14.53493],[33.69529,-14.53517],[33.6953,-14.53535],[33.69528,-14.53545],[33.69526,-14.53562],[33.69524,-14.53578],[33.69524,-14.53602],[33.69525,-14.53617],[33.6953,-14.53631],[33.69533,-14.53641],[33.69538,-14.53645],[33.69543,-14.53648],[33.69549,-14.5365],[33.69556,-14.53652],[33.69562,-14.53656],[33.69571,-14.53663],[33.69578,-14.53672],[33.6958,-14.53679],[33.69581,-14.53688],[33.69585,-14.53698],[33.69589,-14.53705],[33.69593,-14.53714],[33.69595,-14.53722],[33.69597,-14.53727],[33.69602,-14.53731],[33.6961,-14.53738],[33.69624,-14.53743],[33.69632,-14.53745],[33.69652,-14.53753],[33.69665,-14.53762],[33.69675,-14.53766],[33.69681,-14.53769],[33.69687,-14.53773],[33.69696,-14.53781],[33.6971,-14.53794],[33.6972,-14.53806],[33.69726,-14.53816],[33.6973,-14.53827],[33.69737,-14.53841],[33.69741,-14.5385],[33.69746,-14.53857],[33.69753,-14.53866]]},"properties":{"id":1186596373,"cls":"unclassified","hw":"unclassified","tg":"na","name":"","ref":"","surface":"","sc":"unknown","speed":null,"lit":"unk","km":1.607}},
{"type":"Feature","geometry":{"type":"LineString","coordinates":[[33.66506,-14.61622],[33.66522,-14.6159],[33.6653,-14.61567],[33.66532,-14.61555],[33.66536,-14.61539],[33.66541,-14.6152],[33.66542,-14.61509],[33.66543,-14.61503],[33.66544,-14.61497],[33.66545,-14.61493],[33.66548,-14.61477],[33.6655,-14.61464],[33.66551,-14.61457],[33.66553,-14.61451],[33.66554,-14.61443],[33.66556,-14.61433],[33.66558,-14.61425],[33.66559,-14.61417],[33.6656,-14.61413],[33.66561,-14.61409],[33.66562,-14.61405],[33.66563,-14.61401],[33.66565,-14.61394],[33.66567,-14.61386],[33.66569,-14.61379],[33.66572,-14.61367],[33.66577,-14.61351],[33.66583,-14.6133],[33.66588,-14.61315],[33.66593,-14.61299],[33.66597,-14.61288],[33.66601,-14.61281],[33.66603,-14.61276],[33.66609,-14.61259],[33.66616,-14.61241],[33.66621,-14.61226],[33.66627,-14.6121],[33.66633,-14.61194],[33.66638,-14.61178],[33.66643,-14.61166],[33.66647,-14.61157],[33.66651,-14.61147],[33.66654,-14.6114],[33.66657,-14.6113],[33.6666,-14.61122],[33.66661,-14.61113],[33.66662,-14.61105],[33.66663,-14.61094],[33.66663,-14.61088],[33.66663,-14.61073],[33.66662,-14.61064],[33.66662,-14.61054],[33.66662,-14.61046],[33.66662,-14.61038],[33.66662,-14.61021],[33.66662,-14.61011],[33.66662,-14.61002],[33.66662,-14.60994],[33.66662,-14.60985],[33.66662,-14.60978],[33.66661,-14.60971],[33.66659,-14.60963],[33.66657,-14.60955],[33.66656,-14.60949],[33.66654,-14.60941],[33.66652,-14.60935],[33.66648,-14.60926],[33.66645,-14.60919],[33.66644,-14.60915],[33.66642,-14.6091],[33.66639,-14.60901],[33.66636,-14.60894],[33.66634,-14.60888],[33.66633,-14.60884],[33.66631,-14.60877],[33.66628,-14.60868],[33.66626,-14.60856],[33.66625,-14.60844],[33.66625,-14.60833],[33.66624,-14.6082],[33.66623,-14.60809],[33.66623,-14.60798],[33.66623,-14.60787],[33.66622,-14.60774],[33.66622,-14.60764],[33.66623,-14.60756],[33.66621,-14.60753],[33.66619,-14.60746],[33.66617,-14.60741],[33.66614,-14.60736],[33.66612,-14.60732],[33.66609,-14.6073],[33.66606,-14.60726],[33.66603,-14.60721],[33.66596,-14.60715],[33.66587,-14.60706],[33.66582,-14.60701],[33.66576,-14.60696],[33.66566,-14.60687],[33.66558,-14.60681],[33.66551,-14.60675],[33.66541,-14.60665],[33.66536,-14.6066],[33.66531,-14.60653],[33.66523,-14.60643],[33.66517,-14.60633],[33.66511,-14.60625],[33.66506,-14.60618],[33.66502,-14.60612],[33.66498,-14.60604],[33.66492,-14.60591],[33.66486,-14.6058],[33.66482,-14.60572],[33.66478,-14.60565],[33.66474,-14.60561],[33.66472,-14.60558],[33.66469,-14.60556],[33.66465,-14.60555],[33.6646,-14.60552],[33.66455,-14.60551],[33.66449,-14.60549],[33.66444,-14.60547],[33.66439,-14.60546],[33.66426,-14.60541],[33.66413,-14.60538],[33.66397,-14.60535],[33.6638,-14.60533],[33.66359,-14.60528],[33.6634,-14.60524],[33.66321,-14.6052],[33.66309,-14.60516],[33.66294,-14.6051],[33.66284,-14.60506],[33.66276,-14.60502],[33.66269,-14.60499],[33.66263,-14.60495],[33.66258,-14.60492],[33.66253,-14.60489],[33.66249,-14.60487],[33.66245,-14.60484],[33.66239,-14.60479],[33.66236,-14.60475],[33.66232,-14.6047],[33.66229,-14.60466],[33.66227,-14.60461],[33.66225,-14.60456],[33.66222,-14.60449],[33.66219,-14.60442],[33.66217,-14.60436],[33.66215,-14.6043],[33.66212,-14.60424],[33.66211,-14.60419],[33.66211,-14.60414],[33.66211,-14.60408],[33.66209,-14.604],[33.66207,-14.60394],[33.66204,-14.60389],[33.66198,-14.60381],[33.66192,-14.60373],[33.66188,-14.60368],[33.66183,-14.60363],[33.66177,-14.60358],[33.6617,-14.60351],[33.66162,-14.60345],[33.66152,-14.60338],[33.66146,-14.60334],[33.66138,-14.60331],[33.66136,-14.6033],[33.66131,-14.60327],[33.66123,-14.60323],[33.66109,-14.60319],[33.66076,-14.60308],[33.66056,-14.603],[33.66003,-14.6028],[33.65973,-14.60269],[33.65965,-14.60266],[33.65957,-14.60263],[33.65943,-14.60257],[33.65933,-14.60255],[33.65927,-14.60254],[33.65919,-14.60251],[33.65907,-14.6025],[33.65857,-14.60249],[33.65834,-14.60249],[33.65729,-14.60234],[33.65699,-14.60224],[33.65684,-14.60221],[33.65664,-14.60216],[33.65646,-14.60211],[33.65631,-14.60206],[33.65619,-14.60202],[33.65593,-14.60194],[33.65588,-14.60191],[33.65573,-14.60183],[33.65561,-14.60179],[33.65551,-14.60175],[33.6554,-14.60173],[33.65527,-14.60171],[33.65516,-14.6017],[33.655,-14.60165],[33.65491,-14.6016],[33.65471,-14.60151],[33.65461,-14.60147],[33.65448,-14.60141],[33.65438,-14.60137],[33.65433,-14.60136],[33.65416,-14.60131],[33.65408,-14.6013],[33.65401,-14.60127],[33.65397,-14.60125],[33.6539,-14.60119],[33.65384,-14.60117],[33.65377,-14.60115],[33.65363,-14.60111],[33.65349,-14.60105],[33.65339,-14.60098],[33.6533,-14.60089],[33.65323,-14.60082],[33.65316,-14.60071],[33.6531,-14.60064],[33.65305,-14.60058],[33.65299,-14.6005],[33.65294,-14.60042],[33.65289,-14.60034],[33.65285,-14.60028],[33.65282,-14.60023],[33.65281,-14.60021],[33.6528,-14.60018],[33.65277,-14.60012],[33.65275,-14.60008],[33.65273,-14.60003],[33.65271,-14.59998],[33.6527,-14.59995],[33.65269,-14.59991],[33.65268,-14.59987],[33.65263,-14.59962],[33.65257,-14.59941],[33.65254,-14.59923],[33.65251,-14.59909],[33.65247,-14.59893],[33.65237,-14.59869],[33.6523,-14.59854],[33.65226,-14.59846],[33.65224,-14.59842],[33.65217,-14.59829],[33.65207,-14.59812],[33.65195,-14.59795],[33.65186,-14.59781],[33.6517,-14.5976],[33.65162,-14.59751],[33.65159,-14.59743],[33.65144,-14.59725],[33.65132,-14.59713],[33.65124,-14.59706],[33.65118,-14.59702],[33.65104,-14.5969],[33.65097,-14.59686],[33.6508,-14.59677],[33.65072,-14.59672],[33.65026,-14.59643],[33.65008,-14.5963],[33.65,-14.59625],[33.64991,-14.59623],[33.64988,-14.59622],[33.64973,-14.59619],[33.6494,-14.59611],[33.64897,-14.59605],[33.64867,-14.59602],[33.64841,-14.59601],[33.64817,-14.59597],[33.64795,-14.59593],[33.64782,-14.59586],[33.64764,-14.59581],[33.64716,-14.59558],[33.64706,-14.59549],[33.64691,-14.59537],[33.64685,-14.59529],[33.64675,-14.59514],[33.64662,-14.59497],[33.64653,-14.59482],[33.64623,-14.59447],[33.64604,-14.59423],[33.64589,-14.59409],[33.64577,-14.59396],[33.64563,-14.59385],[33.64514,-14.59343],[33.64493,-14.59329],[33.64466,-14.59306],[33.64433,-14.59281],[33.64408,-14.59261],[33.64384,-14.59243],[33.64337,-14.59212],[33.64321,-14.59199],[33.64308,-14.5919],[33.64287,-14.59175],[33.64266,-14.59161],[33.64247,-14.59148],[33.64234,-14.5914],[33.64227,-14.59135],[33.64212,-14.59128],[33.64201,-14.59122],[33.64173,-14.59112],[33.64147,-14.59103],[33.64117,-14.59094],[33.64087,-14.59089],[33.64063,-14.59085],[33.64049,-14.5908],[33.63974,-14.59067],[33.63935,-14.59056],[33.63901,-14.59049],[33.63869,-14.59039],[33.63839,-14.59025],[33.63807,-14.59011],[33.63776,-14.58998],[33.63752,-14.58986],[33.63738,-14.58979],[33.63718,-14.58964],[33.63694,-14.58943],[33.63681,-14.58928],[33.63671,-14.58919],[33.63669,-14.58915],[33.63653,-14.58901],[33.63629,-14.58875],[33.63609,-14.58856],[33.63593,-14.5884],[33.63569,-14.58817],[33.63553,-14.58801],[33.63515,-14.58763],[33.63483,-14.58728],[33.63471,-14.58713],[33.63456,-14.58695],[33.63447,-14.58681],[33.63434,-14.58661],[33.63426,-14.5865],[33.63422,-14.58635],[33.63414,-14.58612],[33.63393,-14.5856],[33.63388,-14.58547],[33.63386,-14.58541],[33.63384,-14.58536],[33.63382,-14.58531],[33.63379,-14.58525],[33.63377,-14.58519],[33.63376,-14.58515],[33.63372,-14.58508],[33.63368,-14.58499],[33.63367,-14.58495],[33.63366,-14.58494],[33.63365,-14.58489],[33.63364,-14.58486],[33.63363,-14.58482],[33.63361,-14.58477],[33.63356,-14.58467]]},"properties":{"id":1187858094,"cls":"unclassified","hw":"unclassified","tg":"na","name":"","ref":"","surface":"unpaved","sc":"unpaved","speed":null,"lit":"unk","km":5.623}},
{"type":"Feature","geometry":{"type":"LineString","coordinates":[[33.69661,-14.60477],[33.69654,-14.60467],[33.69646,-14.60463],[33.69641,-14.60454],[33.69632,-14.60439],[33.69623,-14.60427],[33.69615,-14.60414],[33.69612,-14.60407],[33.69613,-14.60406],[33.69608,-14.60396],[33.69609,-14.60387],[33.69597,-14.60378],[33.69583,-14.60371],[33.6958,-14.60363],[33.69577,-14.60356],[33.69569,-14.60343],[33.69568,-14.60341],[33.69566,-14.60333],[33.69563,-14.60325],[33.69562,-14.60317],[33.69556,-14.60305],[33.6955,-14.60299],[33.69543,-14.60286],[33.69538,-14.60279],[33.69532,-14.60273],[33.69526,-14.60268],[33.69519,-14.60266],[33.6951,-14.60266],[33.69504,-14.60264],[33.69498,-14.60256],[33.69494,-14.60248],[33.6949,-14.60239],[33.69489,-14.60237],[33.69487,-14.60237],[33.69487,-14.60235],[33.69483,-14.60232],[33.69475,-14.60227],[33.69471,-14.60222],[33.6947,-14.60216],[33.69464,-14.60214],[33.69461,-14.6021],[33.69456,-14.60206],[33.6945,-14.60201],[33.69444,-14.60194],[33.6944,-14.60189],[33.6944,-14.60182],[33.69441,-14.60178],[33.69442,-14.60172],[33.6944,-14.60166],[33.69437,-14.60159],[33.69434,-14.6015],[33.69433,-14.60143],[33.69431,-14.60134],[33.69431,-14.60126],[33.69429,-14.60122],[33.69429,-14.60115],[33.69429,-14.60113],[33.69427,-14.60106],[33.69423,-14.601],[33.69422,-14.60094],[33.69417,-14.6009],[33.69412,-14.60081],[33.69406,-14.6007],[33.694,-14.6006],[33.69397,-14.60054],[33.69388,-14.60049],[33.69381,-14.60043],[33.69376,-14.60036],[33.6937,-14.60031],[33.69363,-14.60022],[33.69359,-14.60015],[33.69355,-14.60006],[33.69352,-14.59998],[33.69343,-14.59982]]},"properties":{"id":1190020460,"cls":"path","hw":"path","tg":"na","name":"","ref":"","surface":"","sc":"unknown","speed":null,"lit":"unk","km":0.686}},
{"type":"Feature","geometry":{"type":"LineString","coordinates":[[33.70292,-14.58475],[33.70294,-14.58486],[33.70297,-14.58499],[33.70298,-14.58508],[33.70299,-14.58512],[33.70302,-14.58521],[33.70303,-14.58526],[33.70305,-14.58532],[33.7031,-14.58538],[33.70316,-14.58547],[33.70319,-14.58554],[33.70321,-14.58563],[33.70323,-14.58572],[33.70326,-14.5858],[33.70328,-14.58587],[33.70329,-14.58594],[33.70331,-14.58602],[33.70334,-14.58611],[33.70338,-14.5862],[33.70342,-14.58631],[33.70347,-14.58641],[33.70352,-14.58644],[33.70371,-14.58643],[33.70389,-14.58654],[33.70406,-14.58667],[33.70414,-14.58691],[33.70426,-14.58703],[33.70442,-14.58714],[33.70448,-14.58718],[33.70458,-14.58728],[33.70472,-14.58741],[33.70482,-14.58751],[33.70482,-14.58755],[33.70482,-14.58761],[33.70477,-14.5877],[33.70476,-14.58774],[33.70478,-14.58782],[33.70478,-14.58785]]},"properties":{"id":1190020461,"cls":"path","hw":"path","tg":"na","name":"","ref":"","surface":"","sc":"unknown","speed":null,"lit":"unk","km":0.436}},
{"type":"Feature","geometry":{"type":"LineString","coordinates":[[33.6929,-14.60126],[33.69289,-14.60124],[33.69286,-14.6012],[33.69285,-14.60115],[33.69282,-14.60109],[33.69284,-14.60103],[33.69291,-14.60092],[33.69296,-14.60082],[33.69309,-14.60062],[33.69313,-14.60054],[33.6932,-14.60037],[33.69326,-14.60024],[33.69333,-14.60008],[33.69337,-14.59998],[33.69338,-14.59988],[33.69343,-14.59982],[33.69347,-14.59975],[33.69348,-14.59972],[33.69352,-14.59963],[33.69354,-14.59953],[33.69354,-14.59944],[33.69356,-14.59937],[33.69361,-14.59931],[33.69361,-14.59919],[33.69364,-14.59906],[33.69367,-14.59891],[33.6937,-14.59874],[33.69372,-14.5986],[33.69376,-14.59849],[33.6938,-14.59838],[33.69386,-14.59824],[33.69395,-14.59802],[33.69403,-14.59782],[33.69407,-14.59774],[33.69409,-14.59748],[33.69412,-14.59742],[33.69417,-14.59728],[33.69423,-14.5971],[33.69424,-14.59704],[33.69429,-14.59689],[33.6943,-14.59675],[33.69434,-14.59672],[33.69435,-14.59652],[33.69434,-14.59637],[33.69436,-14.59626],[33.69439,-14.59609],[33.6944,-14.59599],[33.69443,-14.59583],[33.69445,-14.59568],[33.69446,-14.59551],[33.69446,-14.59536],[33.69446,-14.59521],[33.69446,-14.59515],[33.69446,-14.59514],[33.69447,-14.5951],[33.69445,-14.59506],[33.69445,-14.59499],[33.69446,-14.59483],[33.69447,-14.59467],[33.69447,-14.59456],[33.69446,-14.59442],[33.69447,-14.59427],[33.69452,-14.59398],[33.69453,-14.5938],[33.69453,-14.59375],[33.69455,-14.5937],[33.69455,-14.59361],[33.69458,-14.59356],[33.69457,-14.5935],[33.69465,-14.59334],[33.69469,-14.59332],[33.69479,-14.59313],[33.69481,-14.59312],[33.69486,-14.593],[33.69488,-14.59293],[33.69488,-14.59281],[33.6949,-14.59277],[33.695,-14.59257],[33.69506,-14.59249],[33.69508,-14.59241],[33.69516,-14.59223],[33.69519,-14.59214],[33.69521,-14.59203],[33.69523,-14.59193],[33.69523,-14.59186],[33.69524,-14.59178],[33.69525,-14.59173],[33.69525,-14.59169],[33.69525,-14.59161],[33.69525,-14.59155],[33.69526,-14.59146],[33.69526,-14.59134],[33.69525,-14.59126],[33.69523,-14.59114]]},"properties":{"id":1190020462,"cls":"path","hw":"path","tg":"na","name":"","ref":"","surface":"","sc":"unknown","speed":null,"lit":"unk","km":1.184}},
{"type":"Feature","geometry":{"type":"LineString","coordinates":[[33.70295,-14.58463],[33.70278,-14.5845],[33.70264,-14.58436],[33.70255,-14.5843],[33.70245,-14.58429],[33.70233,-14.58426],[33.70223,-14.5842],[33.70208,-14.58406],[33.70193,-14.58389],[33.70172,-14.58365],[33.70168,-14.58359]]},"properties":{"id":1190020463,"cls":"unclassified","hw":"unclassified","tg":"na","name":"","ref":"","surface":"","sc":"unknown","speed":null,"lit":"unk","km":0.184}},
{"type":"Feature","geometry":{"type":"LineString","coordinates":[[33.69948,-14.58772],[33.6993,-14.58758],[33.69913,-14.58744],[33.699,-14.58733],[33.69889,-14.58723],[33.69883,-14.58716],[33.69878,-14.58709],[33.69873,-14.58702],[33.69867,-14.58697],[33.69856,-14.58691],[33.69849,-14.58682],[33.69843,-14.58674],[33.6984,-14.58664],[33.69838,-14.58655],[33.69836,-14.58644],[33.69837,-14.58634],[33.69833,-14.58624],[33.69827,-14.58612],[33.6982,-14.58604],[33.6982,-14.58595],[33.69817,-14.58585],[33.69813,-14.58576],[33.69803,-14.58567],[33.698,-14.58562],[33.69798,-14.58555],[33.69791,-14.5855],[33.69777,-14.58545],[33.69772,-14.58538],[33.69768,-14.58532],[33.69764,-14.58527],[33.6976,-14.58521],[33.69748,-14.58512],[33.69739,-14.58503]]},"properties":{"id":1190020464,"cls":"path","hw":"path","tg":"na","name":"","ref":"","surface":"","sc":"unknown","speed":null,"lit":"unk","km":0.392}},
{"type":"Feature","geometry":{"type":"LineString","coordinates":[[33.70171,-14.58563],[33.70178,-14.58567],[33.70183,-14.58569],[33.70188,-14.58572],[33.70194,-14.58577],[33.70204,-14.58583],[33.70209,-14.58587],[33.70213,-14.58591],[33.70216,-14.58596],[33.7022,-14.586],[33.70226,-14.58603],[33.70233,-14.58609],[33.70241,-14.58615],[33.70247,-14.58621],[33.70257,-14.58627],[33.70267,-14.58633],[33.70273,-14.58636],[33.7028,-14.58642],[33.70285,-14.58647],[33.7029,-14.58651],[33.70295,-14.58654],[33.70299,-14.58658],[33.70302,-14.58662],[33.70309,-14.5867],[33.70315,-14.58677],[33.7032,-14.58684],[33.70326,-14.5869],[33.70333,-14.58697],[33.70336,-14.58702],[33.7034,-14.58709],[33.70342,-14.58714],[33.70345,-14.5872],[33.70349,-14.58727],[33.70354,-14.58733],[33.70359,-14.58739],[33.70363,-14.58745],[33.70369,-14.58752],[33.70375,-14.58758],[33.70381,-14.58764],[33.70387,-14.58769],[33.70398,-14.58776],[33.70406,-14.58782],[33.70413,-14.58787],[33.70422,-14.58794],[33.70429,-14.58799],[33.70435,-14.58803],[33.7044,-14.58807],[33.70447,-14.58811],[33.70456,-14.58817],[33.70461,-14.58819],[33.70465,-14.5882],[33.7047,-14.58823],[33.70475,-14.58826],[33.70483,-14.5883],[33.70488,-14.58833],[33.70494,-14.58836],[33.70499,-14.58839],[33.70503,-14.58842],[33.70511,-14.58848],[33.70516,-14.58853],[33.70522,-14.58861],[33.70528,-14.58866],[33.7054,-14.58873],[33.70545,-14.58877],[33.7055,-14.58883],[33.70557,-14.58888],[33.70563,-14.58892],[33.70568,-14.58896],[33.70575,-14.58901],[33.70587,-14.58907],[33.70594,-14.58911],[33.70602,-14.58915],[33.70608,-14.58917]]},"properties":{"id":1190020465,"cls":"unclassified","hw":"unclassified","tg":"na","name":"","ref":"","surface":"","sc":"unknown","speed":null,"lit":"unk","km":0.624}},
{"type":"Feature","geometry":{"type":"LineString","coordinates":[[33.68675,-14.59568],[33.68674,-14.59564],[33.68674,-14.5956],[33.68671,-14.59553],[33.68669,-14.59549],[33.68669,-14.59546],[33.6867,-14.59542],[33.68669,-14.59538],[33.68666,-14.59532],[33.68666,-14.59526],[33.68665,-14.59519],[33.68666,-14.59509],[33.68668,-14.59501],[33.68671,-14.59494],[33.68673,-14.5949],[33.68674,-14.59486],[33.68675,-14.5948],[33.68676,-14.59475],[33.68675,-14.59469],[33.68674,-14.59461],[33.68674,-14.59454],[33.68674,-14.59447],[33.68673,-14.59439],[33.68674,-14.59435],[33.68675,-14.59429],[33.68676,-14.59425],[33.68677,-14.5942],[33.68677,-14.59412],[33.68677,-14.59403],[33.68678,-14.59396],[33.68678,-14.59389],[33.68678,-14.59383],[33.68676,-14.59376],[33.68674,-14.59368],[33.68672,-14.59363],[33.68671,-14.59359],[33.68671,-14.59355],[33.68672,-14.5935],[33.68675,-14.59344],[33.68677,-14.59339],[33.68678,-14.59333],[33.68679,-14.59329],[33.6868,-14.59324],[33.6868,-14.59321],[33.68682,-14.59318],[33.68682,-14.59315],[33.6868,-14.59311],[33.68678,-14.59307],[33.68677,-14.59304],[33.68676,-14.59301],[33.68675,-14.59298],[33.68674,-14.59294],[33.68673,-14.5929],[33.68672,-14.59287],[33.68669,-14.59282],[33.68667,-14.5928],[33.68665,-14.59277],[33.68662,-14.59275],[33.68661,-14.59273],[33.6866,-14.59271],[33.68659,-14.59269],[33.68657,-14.59267],[33.68655,-14.59264],[33.68653,-14.59259],[33.68651,-14.59256],[33.6865,-14.59252],[33.6865,-14.59247],[33.68649,-14.59243],[33.68648,-14.59241],[33.68645,-14.59236],[33.68642,-14.5923],[33.68641,-14.59228],[33.6864,-14.59222],[33.68639,-14.59217],[33.68638,-14.59213],[33.68636,-14.59208],[33.68634,-14.59205],[33.68632,-14.59199],[33.68631,-14.59195],[33.68629,-14.5919],[33.68627,-14.59186],[33.68625,-14.59184],[33.68624,-14.59179],[33.68623,-14.59174],[33.68622,-14.59168],[33.68621,-14.59161],[33.6862,-14.59151],[33.68619,-14.59147],[33.68618,-14.59144],[33.68615,-14.59141],[33.68612,-14.59138],[33.6861,-14.59134],[33.68609,-14.5913],[33.68608,-14.59126],[33.68608,-14.59122],[33.68607,-14.59119],[33.68604,-14.59115],[33.68601,-14.59111],[33.686,-14.5911],[33.68599,-14.59107],[33.686,-14.59103],[33.686,-14.591],[33.68599,-14.59098],[33.68598,-14.59096],[33.68595,-14.59094],[33.68592,-14.5909],[33.6859,-14.59086],[33.68586,-14.59083],[33.68582,-14.59081],[33.68579,-14.59078],[33.68574,-14.59075],[33.68568,-14.59072],[33.68565,-14.5907],[33.68563,-14.5907],[33.6856,-14.59068],[33.68558,-14.59065],[33.68556,-14.59063],[33.68554,-14.5906],[33.68553,-14.59057],[33.68552,-14.59054],[33.6855,-14.59053],[33.68546,-14.59051],[33.68543,-14.59049],[33.6854,-14.59047],[33.68537,-14.59046],[33.68534,-14.59045],[33.68532,-14.59043],[33.68529,-14.5904],[33.68525,-14.59036],[33.68523,-14.59032],[33.68521,-14.59029],[33.68519,-14.59026],[33.68516,-14.59022],[33.68513,-14.59019],[33.68509,-14.59016],[33.68506,-14.59013],[33.68503,-14.5901],[33.68499,-14.59005],[33.68496,-14.59],[33.68494,-14.58995],[33.68492,-14.58991],[33.6849,-14.58987],[33.68488,-14.58985],[33.68485,-14.58982],[33.68482,-14.5898],[33.68479,-14.58976],[33.68475,-14.58974],[33.68474,-14.58969],[33.68471,-14.58965],[33.68467,-14.58964],[33.68463,-14.58962],[33.6846,-14.58959],[33.68457,-14.58956],[33.68451,-14.58941]]},"properties":{"id":1190020489,"cls":"path","hw":"path","tg":"na","name":"","ref":"","surface":"","sc":"unknown","speed":null,"lit":"unk","km":0.799}},
{"type":"Feature","geometry":{"type":"LineString","coordinates":[[33.69023,-14.60384],[33.69011,-14.60374],[33.68999,-14.60364],[33.68992,-14.60357],[33.68988,-14.60352],[33.68984,-14.60348],[33.68979,-14.60345],[33.68975,-14.60343],[33.68972,-14.60343],[33.68969,-14.60342],[33.68964,-14.60339],[33.68961,-14.60337],[33.68961,-14.60333],[33.6896,-14.60331],[33.68958,-14.60329],[33.68955,-14.60329],[33.68952,-14.60325],[33.68947,-14.60318],[33.68944,-14.60314],[33.68941,-14.6031],[33.68937,-14.60306],[33.68935,-14.60304],[33.6893,-14.603],[33.68928,-14.60297],[33.68926,-14.60293],[33.68923,-14.60288],[33.6892,-14.60285],[33.68917,-14.60282],[33.68914,-14.60278],[33.68911,-14.60273],[33.68908,-14.60267],[33.68906,-14.60259],[33.68905,-14.60254],[33.68903,-14.60247],[33.68902,-14.60239],[33.68901,-14.60232],[33.68898,-14.60225],[33.68896,-14.60219],[33.68894,-14.60214],[33.68893,-14.6021],[33.68892,-14.60207],[33.6889,-14.60206],[33.68888,-14.60205],[33.68887,-14.60204],[33.68886,-14.60199],[33.68885,-14.60194],[33.68882,-14.6019],[33.6888,-14.60188],[33.68878,-14.60185],[33.68878,-14.6018],[33.68878,-14.60172],[33.68875,-14.60167],[33.68873,-14.60162],[33.6887,-14.60159],[33.68869,-14.60154],[33.68868,-14.60148],[33.68867,-14.60142],[33.68866,-14.60136],[33.68866,-14.60128],[33.68867,-14.60121],[33.68867,-14.60117],[33.68866,-14.60114],[33.68865,-14.6011],[33.68864,-14.60105],[33.68864,-14.60102],[33.68864,-14.60097],[33.68863,-14.60093],[33.68862,-14.60088],[33.68861,-14.60083],[33.68861,-14.60077],[33.68861,-14.6007],[33.68862,-14.60065],[33.68862,-14.60062],[33.6886,-14.60056],[33.68858,-14.60052],[33.68856,-14.60048],[33.68853,-14.60045],[33.68851,-14.6004],[33.6885,-14.60037],[33.68851,-14.60031],[33.68852,-14.60025],[33.68855,-14.60018],[33.68857,-14.60013],[33.68858,-14.60008],[33.68858,-14.60001],[33.68858,-14.59996],[33.68859,-14.59991],[33.6886,-14.59986],[33.68862,-14.59979],[33.68864,-14.59974],[33.68865,-14.59969],[33.68867,-14.59964],[33.68868,-14.59957],[33.68869,-14.59952],[33.6887,-14.59949],[33.68872,-14.59946],[33.68872,-14.59944],[33.68871,-14.59939],[33.68871,-14.59933],[33.68871,-14.5993],[33.68873,-14.59927],[33.68874,-14.59921],[33.68874,-14.59918],[33.68873,-14.59916],[33.68871,-14.59914],[33.68869,-14.59912],[33.68868,-14.59911],[33.68868,-14.59907],[33.68866,-14.59901],[33.68864,-14.59897],[33.68861,-14.59893],[33.68857,-14.59891],[33.68853,-14.59889],[33.6885,-14.59886],[33.68847,-14.59884],[33.68843,-14.59881],[33.68836,-14.59876],[33.68833,-14.59873],[33.68826,-14.59868],[33.68822,-14.59866],[33.68819,-14.59864],[33.68815,-14.59859],[33.68812,-14.59854],[33.68808,-14.59849],[33.68803,-14.59845],[33.688,-14.5984],[33.68797,-14.59835],[33.68793,-14.5983],[33.68791,-14.59826],[33.68789,-14.59824],[33.68786,-14.59822],[33.68783,-14.5982],[33.68782,-14.59819],[33.68779,-14.59815],[33.68775,-14.59809],[33.6877,-14.598],[33.68767,-14.59794],[33.68765,-14.59789],[33.68762,-14.59782],[33.68756,-14.59773],[33.68753,-14.59769],[33.68752,-14.59767],[33.68752,-14.59764],[33.6875,-14.5976],[33.68747,-14.59755],[33.68741,-14.59745],[33.68739,-14.5974],[33.68737,-14.59736],[33.68735,-14.5973],[33.68733,-14.59725],[33.68733,-14.59719],[33.68731,-14.59715],[33.68729,-14.59711],[33.68725,-14.59706],[33.68722,-14.59703],[33.68719,-14.59699],[33.68718,-14.59697],[33.68717,-14.59694],[33.68716,-14.59689],[33.68712,-14.59683],[33.68707,-14.59678],[33.68702,-14.5967],[33.687,-14.59664],[33.68698,-14.59657],[33.68697,-14.59652],[33.68698,-14.59648],[33.68699,-14.59644],[33.68702,-14.5964],[33.68702,-14.59637],[33.68702,-14.59634],[33.68701,-14.59631],[33.68698,-14.59629],[33.68695,-14.59627],[33.68692,-14.59625],[33.68691,-14.59623],[33.68688,-14.59619],[33.68686,-14.59614],[33.68686,-14.59607],[33.68687,-14.59601],[33.68687,-14.59597],[33.68686,-14.59592],[33.68684,-14.59586],[33.68681,-14.59581],[33.68678,-14.59577]]},"properties":{"id":1190020490,"cls":"path","hw":"path","tg":"na","name":"","ref":"","surface":"","sc":"unknown","speed":null,"lit":"unk","km":1.05}},
{"type":"Feature","geometry":{"type":"LineString","coordinates":[[33.68911,-14.60434],[33.68906,-14.60428],[33.68901,-14.60423],[33.68897,-14.6042],[33.68893,-14.60418],[33.68889,-14.60416],[33.68886,-14.60414],[33.68883,-14.6041],[33.68879,-14.60408],[33.68875,-14.60406],[33.68872,-14.60403],[33.68868,-14.60399],[33.68864,-14.60395],[33.68861,-14.60391],[33.68858,-14.60388],[33.68857,-14.60385],[33.68855,-14.60381],[33.68853,-14.60378],[33.6885,-14.60376],[33.68845,-14.60374],[33.68843,-14.60372],[33.68842,-14.60369],[33.68841,-14.60365],[33.68839,-14.60363],[33.68836,-14.60361],[33.68832,-14.60359],[33.68827,-14.60356],[33.68824,-14.60352],[33.6882,-14.60349],[33.68817,-14.60347],[33.68813,-14.60345],[33.68809,-14.60344],[33.68805,-14.60343],[33.68801,-14.60343],[33.68799,-14.60343],[33.68796,-14.60341],[33.68792,-14.60339],[33.6879,-14.60339],[33.68787,-14.60338],[33.68784,-14.60337],[33.68779,-14.60334],[33.68775,-14.60332],[33.68772,-14.6033],[33.68771,-14.60328],[33.68767,-14.60327],[33.68765,-14.60325],[33.68763,-14.60324],[33.68763,-14.60322],[33.68763,-14.6032],[33.68762,-14.60319],[33.68761,-14.60317],[33.68758,-14.60317],[33.68754,-14.60316],[33.68751,-14.60316],[33.68749,-14.60315],[33.68747,-14.60314],[33.68747,-14.60313],[33.68747,-14.60311],[33.68746,-14.60309],[33.68744,-14.60308],[33.68742,-14.60306],[33.6874,-14.60304],[33.68737,-14.603],[33.68734,-14.60296],[33.68732,-14.60293],[33.68729,-14.6029],[33.68726,-14.60284],[33.68723,-14.6028],[33.68721,-14.60275],[33.68719,-14.6027],[33.68716,-14.60267],[33.68715,-14.60264],[33.68713,-14.6026],[33.6871,-14.60255],[33.68707,-14.60252],[33.68706,-14.6025]]},"properties":{"id":1190020491,"cls":"path","hw":"path","tg":"na","name":"","ref":"","surface":"","sc":"unknown","speed":null,"lit":"unk","km":0.319}},
{"type":"Feature","geometry":{"type":"LineString","coordinates":[[33.68809,-14.60497],[33.68809,-14.60487],[33.68808,-14.60478],[33.68807,-14.60468],[33.68806,-14.60462],[33.68804,-14.60455],[33.68802,-14.6045],[33.68797,-14.60442],[33.68792,-14.60437],[33.68787,-14.60433],[33.68783,-14.60429],[33.68778,-14.60423],[33.68773,-14.60417],[33.68769,-14.60411],[33.68765,-14.60402],[33.68758,-14.60392],[33.68752,-14.60384],[33.68746,-14.60376],[33.68741,-14.60368],[33.68738,-14.60361],[33.68736,-14.60355],[33.68734,-14.60349],[33.68733,-14.60341],[33.68733,-14.60336],[33.68731,-14.60331],[33.68726,-14.60325],[33.68723,-14.6032],[33.6872,-14.60314],[33.68716,-14.60308],[33.68713,-14.60302],[33.68711,-14.60295],[33.68708,-14.60287],[33.68708,-14.60283],[33.68707,-14.60276],[33.68707,-14.60269],[33.68707,-14.60263],[33.68704,-14.60257],[33.68706,-14.6025],[33.68706,-14.60243],[33.68706,-14.60233],[33.68706,-14.60228],[33.68705,-14.60222],[33.68706,-14.60218],[33.68704,-14.60215],[33.68702,-14.60211],[33.68699,-14.60208],[33.68697,-14.60204],[33.68695,-14.60199],[33.68693,-14.60196],[33.6869,-14.60192],[33.68685,-14.60187],[33.68682,-14.60183],[33.68678,-14.60179],[33.68675,-14.60177],[33.68669,-14.60174],[33.68663,-14.60169],[33.68657,-14.60164],[33.68653,-14.60161],[33.68645,-14.60156],[33.68639,-14.6015],[33.68635,-14.60146],[33.68633,-14.60144],[33.6863,-14.60139],[33.68627,-14.60136],[33.68625,-14.60133],[33.68621,-14.60129],[33.68615,-14.60124],[33.68611,-14.60118],[33.68609,-14.60116],[33.68606,-14.60114],[33.68602,-14.6011],[33.68596,-14.60106],[33.68594,-14.60105],[33.68591,-14.60103],[33.68589,-14.60102],[33.68583,-14.601],[33.68579,-14.60098],[33.68573,-14.60094],[33.68571,-14.6009],[33.68568,-14.60083],[33.68566,-14.60078],[33.68565,-14.60076],[33.68564,-14.6007],[33.68563,-14.60062],[33.68561,-14.60056],[33.68559,-14.60052],[33.68558,-14.60049],[33.68554,-14.60045],[33.68548,-14.60038],[33.68542,-14.60033],[33.68537,-14.60028],[33.68533,-14.60025],[33.68529,-14.60022],[33.68523,-14.60019],[33.68518,-14.60015],[33.68513,-14.60013],[33.68511,-14.60007],[33.68508,-14.60001],[33.68503,-14.59995],[33.68501,-14.59992],[33.68495,-14.59987],[33.68492,-14.59982],[33.68489,-14.59977],[33.68488,-14.59974],[33.68486,-14.59968],[33.68485,-14.5996],[33.68484,-14.59956],[33.68479,-14.5995],[33.68474,-14.59943],[33.68468,-14.59936],[33.68464,-14.59931],[33.68462,-14.59925],[33.68458,-14.59918],[33.68456,-14.59914],[33.68452,-14.59911],[33.68447,-14.59908],[33.68444,-14.59904],[33.68441,-14.599],[33.68437,-14.59898],[33.68433,-14.59894],[33.68429,-14.59892],[33.68426,-14.59889],[33.68423,-14.59884],[33.6842,-14.59878],[33.68417,-14.5987],[33.68415,-14.59864],[33.68413,-14.5986],[33.6841,-14.59856],[33.68409,-14.59853]]},"properties":{"id":1190020492,"cls":"unclassified","hw":"unclassified","tg":"na","name":"","ref":"","surface":"","sc":"unknown","speed":null,"lit":"unk","km":0.878}},
{"type":"Feature","geometry":{"type":"LineString","coordinates":[[33.68188,-14.61362],[33.68181,-14.61357],[33.68177,-14.61354],[33.68175,-14.61351],[33.68173,-14.61348],[33.6817,-14.61345],[33.68165,-14.61344],[33.68159,-14.61341],[33.68155,-14.61339],[33.68154,-14.61337],[33.68152,-14.61334],[33.68148,-14.61333],[33.68144,-14.61332],[33.6814,-14.6133],[33.68138,-14.61328],[33.68134,-14.61325],[33.6813,-14.61319],[33.68125,-14.61313],[33.6812,-14.6131],[33.68113,-14.61305],[33.68107,-14.613],[33.68104,-14.61297],[33.68099,-14.61288],[33.68093,-14.61276],[33.68089,-14.61266],[33.68084,-14.61258],[33.68078,-14.61246],[33.68074,-14.61235],[33.68069,-14.61228],[33.68064,-14.61221],[33.68062,-14.61215],[33.6806,-14.6121],[33.68057,-14.61204],[33.68055,-14.61199],[33.68051,-14.61194],[33.68048,-14.61189],[33.68046,-14.61185],[33.68046,-14.6118],[33.68046,-14.61175],[33.68046,-14.6117],[33.68045,-14.61165],[33.68044,-14.61161],[33.68044,-14.61156],[33.68043,-14.61153],[33.68042,-14.61148],[33.68042,-14.61146],[33.68041,-14.61143],[33.68039,-14.61139],[33.68037,-14.61136],[33.68035,-14.61133],[33.68032,-14.61129],[33.68028,-14.61124],[33.68026,-14.61122],[33.68025,-14.61117],[33.68023,-14.61112],[33.68022,-14.61108],[33.68021,-14.61105],[33.68018,-14.61101],[33.68016,-14.61097],[33.68014,-14.61092],[33.68013,-14.6109],[33.68013,-14.61086],[33.68012,-14.61082],[33.68011,-14.61078],[33.6801,-14.61075],[33.68008,-14.61071],[33.68006,-14.61065],[33.68005,-14.61061],[33.68004,-14.61057],[33.68003,-14.61053],[33.68002,-14.6105],[33.68002,-14.61046],[33.68003,-14.61042],[33.68005,-14.61037],[33.68005,-14.61032],[33.68006,-14.61027],[33.68007,-14.61025],[33.68008,-14.61022],[33.68009,-14.61018],[33.6801,-14.61015],[33.68012,-14.61013],[33.68012,-14.6101],[33.68013,-14.61006],[33.68016,-14.61001],[33.68017,-14.60996],[33.68017,-14.60992],[33.68016,-14.60988],[33.68016,-14.60983],[33.68016,-14.60978],[33.68016,-14.60974],[33.68017,-14.60968],[33.68017,-14.60964],[33.68015,-14.6096],[33.68012,-14.60957],[33.68011,-14.60955],[33.68011,-14.60954],[33.68012,-14.60952],[33.68013,-14.6095],[33.68014,-14.60948],[33.68014,-14.60945],[33.68014,-14.60941],[33.68013,-14.60937],[33.68012,-14.60934],[33.68012,-14.60932],[33.68013,-14.60929],[33.68013,-14.60927],[33.68014,-14.60924],[33.68015,-14.6092],[33.68017,-14.60917],[33.68019,-14.60915],[33.68026,-14.60909],[33.68033,-14.60902],[33.68042,-14.60895]]},"properties":{"id":1190194229,"cls":"path","hw":"path","tg":"na","name":"","ref":"","surface":"","sc":"unknown","speed":null,"lit":"unk","km":0.612}},
{"type":"Feature","geometry":{"type":"LineString","coordinates":[[33.66764,-14.61484],[33.66746,-14.61473],[33.66732,-14.61463],[33.66721,-14.6145],[33.66711,-14.61438],[33.66699,-14.61424],[33.66684,-14.61408],[33.66671,-14.61393],[33.6666,-14.61384],[33.66652,-14.61376],[33.66642,-14.61364],[33.66633,-14.6135],[33.66629,-14.6134],[33.66625,-14.61325],[33.6662,-14.6131],[33.66616,-14.61298],[33.66614,-14.61287],[33.66612,-14.61272],[33.66609,-14.61259]]},"properties":{"id":1190194259,"cls":"unclassified","hw":"unclassified","tg":"na","name":"","ref":"","surface":"","sc":"unknown","speed":null,"lit":"unk","km":0.312}},
{"type":"Feature","geometry":{"type":"LineString","coordinates":[[33.6666,-14.61122],[33.66661,-14.61131],[33.66662,-14.61146],[33.66661,-14.61159],[33.66659,-14.61177],[33.66658,-14.6119],[33.66655,-14.61203],[33.66654,-14.61216],[33.66651,-14.6123],[33.66649,-14.61245],[33.66649,-14.61253],[33.66648,-14.61266],[33.66649,-14.61285],[33.66649,-14.61301],[33.66649,-14.61314],[33.6665,-14.61325],[33.66651,-14.61339],[33.66655,-14.61352],[33.66658,-14.61365],[33.66661,-14.61373],[33.66667,-14.6138],[33.66674,-14.61385],[33.6668,-14.61389],[33.66689,-14.61397],[33.667,-14.61408],[33.66709,-14.61417],[33.66721,-14.61432],[33.66729,-14.61443],[33.66738,-14.61455],[33.66745,-14.61463],[33.66757,-14.61475],[33.66764,-14.61484],[33.66774,-14.61494],[33.66795,-14.61506],[33.66808,-14.61514],[33.66826,-14.61524],[33.66842,-14.61532],[33.66853,-14.61536],[33.66867,-14.61539],[33.66881,-14.61546],[33.66899,-14.61556],[33.66909,-14.61564],[33.66921,-14.61572]]},"properties":{"id":1190194260,"cls":"unclassified","hw":"unclassified","tg":"na","name":"","ref":"","surface":"","sc":"unknown","speed":null,"lit":"unk","km":0.646}},
{"type":"Feature","geometry":{"type":"LineString","coordinates":[[33.67274,-14.60603],[33.67281,-14.60603],[33.67286,-14.60605],[33.67292,-14.60609],[33.67296,-14.60614],[33.67301,-14.60621],[33.67307,-14.60631],[33.67311,-14.60637],[33.6732,-14.60649],[33.67323,-14.60656],[33.67327,-14.60663],[33.67329,-14.60665],[33.67331,-14.60673],[33.67333,-14.60678],[33.67335,-14.60687],[33.67336,-14.60693],[33.67337,-14.60696],[33.67339,-14.60698],[33.67341,-14.60699],[33.67345,-14.60701],[33.67349,-14.60706],[33.67353,-14.60714],[33.67357,-14.60722],[33.6736,-14.60729],[33.67363,-14.60735],[33.67366,-14.60738],[33.67372,-14.60742],[33.67377,-14.60746],[33.67385,-14.60751],[33.67393,-14.60756],[33.674,-14.60759],[33.67409,-14.60761],[33.67418,-14.60761],[33.67422,-14.6076],[33.67433,-14.6076],[33.67441,-14.60761],[33.67451,-14.60762],[33.6746,-14.60762],[33.67467,-14.60762],[33.67478,-14.60761],[33.67489,-14.6076],[33.67505,-14.60757],[33.67509,-14.60757],[33.67519,-14.60755],[33.67528,-14.60752],[33.67535,-14.6075],[33.67541,-14.60749],[33.67548,-14.60749],[33.67556,-14.6075],[33.67567,-14.60754],[33.67577,-14.60758],[33.67587,-14.60764],[33.67593,-14.60766],[33.676,-14.60767],[33.67605,-14.60766],[33.67612,-14.60763],[33.67618,-14.6076],[33.67623,-14.60761],[33.6763,-14.60762],[33.67634,-14.60761],[33.67638,-14.60758],[33.67642,-14.60753],[33.67645,-14.6075],[33.6765,-14.60747],[33.67656,-14.60745],[33.67665,-14.60742],[33.67672,-14.60741],[33.67686,-14.60738],[33.67695,-14.60735],[33.67703,-14.60732],[33.67719,-14.60727],[33.67727,-14.60724],[33.67734,-14.6072],[33.67738,-14.6072],[33.67742,-14.6072],[33.67748,-14.60721],[33.67754,-14.60722],[33.6776,-14.60722],[33.67767,-14.60722],[33.67779,-14.6072],[33.67787,-14.60719],[33.67792,-14.60719],[33.678,-14.60719],[33.67806,-14.60718],[33.67812,-14.60718],[33.67816,-14.60716],[33.67817,-14.60711]]},"properties":{"id":1190232834,"cls":"unclassified","hw":"unclassified","tg":"na","name":"","ref":"","surface":"","sc":"unknown","speed":null,"lit":"unk","km":0.706}},
{"type":"Feature","geometry":{"type":"LineString","coordinates":[[33.66639,-14.60725],[33.66661,-14.60716],[33.66678,-14.60708],[33.66685,-14.60706],[33.66692,-14.60706],[33.66703,-14.60708],[33.66713,-14.60708],[33.66732,-14.60706],[33.66748,-14.60704],[33.66758,-14.60703],[33.66767,-14.60703],[33.66775,-14.60704],[33.66785,-14.60705],[33.66794,-14.60703],[33.66807,-14.60699],[33.66825,-14.60695],[33.66837,-14.60689],[33.66844,-14.60684],[33.66851,-14.60677],[33.66857,-14.60672],[33.66867,-14.60667],[33.66873,-14.60664],[33.6688,-14.60662],[33.66884,-14.60661],[33.66889,-14.60661],[33.66896,-14.60663],[33.66902,-14.60663],[33.66908,-14.60662],[33.6692,-14.60659],[33.66927,-14.60658],[33.66933,-14.60656],[33.66941,-14.6065],[33.66951,-14.60643],[33.66954,-14.60635],[33.66968,-14.60635],[33.66984,-14.60634],[33.66993,-14.60636],[33.67001,-14.60638],[33.67009,-14.60638],[33.67023,-14.60638],[33.67033,-14.60639],[33.67039,-14.60637],[33.67042,-14.60634],[33.67048,-14.60629],[33.67054,-14.60621],[33.67059,-14.60617],[33.67063,-14.60612],[33.67069,-14.60603],[33.67072,-14.60599],[33.67077,-14.60594],[33.6708,-14.60592],[33.67082,-14.60592],[33.67089,-14.60591],[33.67098,-14.60591],[33.67115,-14.60591],[33.67128,-14.60591],[33.67136,-14.60591],[33.67142,-14.6059],[33.67148,-14.60589],[33.67155,-14.60588],[33.67164,-14.60588],[33.67182,-14.60592],[33.67195,-14.60596],[33.67205,-14.60597],[33.67216,-14.60599],[33.6722,-14.606],[33.67228,-14.60602],[33.67235,-14.60605],[33.67242,-14.60606],[33.67253,-14.60607],[33.6726,-14.60609],[33.67265,-14.60608],[33.67274,-14.60603],[33.67283,-14.60594],[33.67291,-14.60586],[33.67298,-14.60578],[33.67299,-14.60572],[33.67298,-14.60567],[33.67293,-14.60559],[33.67291,-14.60549],[33.67289,-14.60536],[33.67288,-14.60526],[33.67288,-14.60516],[33.67289,-14.6051],[33.67293,-14.60503],[33.67295,-14.60496],[33.67297,-14.60489]]},"properties":{"id":1190232835,"cls":"unclassified","hw":"unclassified","tg":"na","name":"","ref":"","surface":"","sc":"unknown","speed":null,"lit":"unk","km":0.883}},
{"type":"Feature","geometry":{"type":"LineString","coordinates":[[33.66623,-14.60756],[33.66632,-14.6074],[33.66639,-14.60725],[33.66645,-14.60708],[33.66649,-14.60688],[33.66652,-14.60676],[33.66655,-14.60664],[33.66658,-14.60655],[33.66658,-14.6065],[33.66657,-14.60642],[33.66656,-14.60634],[33.66658,-14.60625],[33.66661,-14.60616],[33.66669,-14.60604],[33.66676,-14.60593],[33.66677,-14.60586],[33.6668,-14.60575],[33.66681,-14.60556],[33.6668,-14.60544],[33.66678,-14.60535],[33.66677,-14.60529],[33.66677,-14.60523],[33.66678,-14.60516],[33.66681,-14.60509],[33.66683,-14.60499]]},"properties":{"id":1190232836,"cls":"unclassified","hw":"unclassified","tg":"na","name":"","ref":"","surface":"","sc":"unknown","speed":null,"lit":"unk","km":0.3}},
{"type":"Feature","geometry":{"type":"LineString","coordinates":[[33.66439,-14.61944],[33.66425,-14.61944],[33.66416,-14.61942],[33.66402,-14.61938],[33.66389,-14.61936],[33.66371,-14.61933],[33.66357,-14.6193],[33.66346,-14.61927],[33.66326,-14.61924],[33.66311,-14.61923],[33.66299,-14.6192],[33.66287,-14.61917]]},"properties":{"id":1190232838,"cls":"path","hw":"path","tg":"na","name":"","ref":"","surface":"","sc":"unknown","speed":null,"lit":"unk","km":0.167}},
{"type":"Feature","geometry":{"type":"LineString","coordinates":[[33.66481,-14.61957],[33.66474,-14.61956],[33.6647,-14.61954],[33.66464,-14.61952],[33.66459,-14.6195],[33.66452,-14.61949],[33.66449,-14.61948],[33.66444,-14.61947],[33.66439,-14.61944],[33.66434,-14.61939],[33.66429,-14.61935],[33.66424,-14.61931],[33.66416,-14.61926],[33.66401,-14.61917],[33.66388,-14.61908],[33.66381,-14.61903],[33.66376,-14.61898],[33.66372,-14.61895],[33.66369,-14.61891]]},"properties":{"id":1190232839,"cls":"path","hw":"path","tg":"na","name":"","ref":"","surface":"","sc":"unknown","speed":null,"lit":"unk","km":0.144}},
{"type":"Feature","geometry":{"type":"LineString","coordinates":[[33.69327,-14.60687],[33.69326,-14.6068],[33.6932,-14.60667],[33.69316,-14.60653],[33.69312,-14.60645],[33.69307,-14.60633],[33.69302,-14.60618],[33.693,-14.60608],[33.69299,-14.60601],[33.69299,-14.60592],[33.69297,-14.60587],[33.69297,-14.6058],[33.69298,-14.60575],[33.693,-14.60567],[33.69301,-14.60556],[33.69301,-14.60539],[33.69302,-14.6053],[33.69304,-14.60521],[33.69306,-14.6051],[33.69308,-14.60501],[33.69308,-14.60493],[33.69307,-14.60483]]},"properties":{"id":1190274774,"cls":"path","hw":"path","tg":"na","name":"","ref":"","surface":"","sc":"unknown","speed":null,"lit":"unk","km":0.234}},
{"type":"Feature","geometry":{"type":"LineString","coordinates":[[33.71757,-14.57293],[33.71766,-14.57296],[33.71771,-14.57295],[33.7178,-14.57292],[33.71793,-14.5729],[33.71808,-14.57295],[33.71832,-14.57303],[33.71848,-14.5731],[33.71865,-14.57319],[33.71874,-14.57327],[33.71881,-14.57337],[33.71894,-14.57353],[33.71906,-14.5737],[33.71918,-14.57386],[33.71929,-14.57403],[33.71936,-14.57415],[33.71942,-14.57423],[33.71949,-14.57429],[33.7196,-14.57439],[33.71968,-14.57447],[33.71979,-14.57458],[33.71984,-14.57467],[33.7199,-14.5748],[33.71995,-14.57493],[33.72,-14.57501],[33.72007,-14.57507],[33.72014,-14.57515],[33.7202,-14.5752],[33.72025,-14.57527],[33.7203,-14.57534],[33.72032,-14.5754],[33.72035,-14.57543],[33.72037,-14.57546],[33.7204,-14.57552],[33.72044,-14.57557],[33.72046,-14.57562],[33.72047,-14.57564],[33.7205,-14.57567],[33.72055,-14.57572],[33.7206,-14.57582],[33.72063,-14.5759],[33.72068,-14.57599],[33.72071,-14.57611],[33.72078,-14.57626],[33.72081,-14.57641],[33.72084,-14.5765],[33.72088,-14.5767],[33.72093,-14.57687],[33.72096,-14.57701],[33.72099,-14.5771],[33.72101,-14.57722],[33.72102,-14.57735],[33.72105,-14.5775],[33.72105,-14.5776],[33.72105,-14.57767],[33.72107,-14.57771],[33.7211,-14.57774],[33.72112,-14.57779],[33.72113,-14.57785],[33.72112,-14.57795],[33.72114,-14.57802],[33.72117,-14.57809],[33.72123,-14.57818],[33.72133,-14.57824],[33.7214,-14.5783],[33.72146,-14.57833],[33.72146,-14.5784],[33.72147,-14.57857],[33.72144,-14.57877],[33.72144,-14.57893]]},"properties":{"id":1190490901,"cls":"unclassified","hw":"unclassified","tg":"na","name":"","ref":"","surface":"","sc":"unknown","speed":null,"lit":"unk","km":0.86}},
{"type":"Feature","geometry":{"type":"LineString","coordinates":[[33.70626,-14.56507],[33.70644,-14.56509],[33.70662,-14.56504],[33.70685,-14.56501],[33.70702,-14.56502],[33.7071,-14.565],[33.70722,-14.56493],[33.70732,-14.56491],[33.70741,-14.56491],[33.70758,-14.56496],[33.70776,-14.565],[33.708,-14.56504],[33.70812,-14.56509],[33.70828,-14.56521],[33.70837,-14.56526],[33.70844,-14.56529],[33.70852,-14.56531],[33.70862,-14.56532],[33.70868,-14.56533],[33.70874,-14.56536],[33.70878,-14.56537],[33.70884,-14.56537],[33.70889,-14.56536],[33.70896,-14.56535],[33.70901,-14.56533],[33.70911,-14.56532],[33.7092,-14.56529],[33.70927,-14.56528],[33.70937,-14.56527],[33.70943,-14.56528],[33.70949,-14.56525],[33.70956,-14.56525],[33.70968,-14.56525],[33.70975,-14.56526],[33.70983,-14.56524],[33.70988,-14.5652],[33.70995,-14.56516],[33.71002,-14.5651],[33.71009,-14.56505],[33.71015,-14.56503],[33.71018,-14.56503],[33.71024,-14.56505],[33.71029,-14.56509],[33.71036,-14.56512],[33.71043,-14.56512],[33.7105,-14.5651],[33.71056,-14.56506],[33.71062,-14.56502],[33.71066,-14.56497],[33.7107,-14.56493],[33.71073,-14.56488],[33.71078,-14.56486],[33.71085,-14.56486],[33.71092,-14.56488],[33.711,-14.5649],[33.71109,-14.5649],[33.71115,-14.56487],[33.71121,-14.56486],[33.7113,-14.56484],[33.71137,-14.56481],[33.71141,-14.56477],[33.71146,-14.56471],[33.71154,-14.56464],[33.71159,-14.56458],[33.71163,-14.56456],[33.71167,-14.5645],[33.71171,-14.56447],[33.71175,-14.56444],[33.71179,-14.5644],[33.71185,-14.56438],[33.7119,-14.56432],[33.71192,-14.5643],[33.71198,-14.56427],[33.71201,-14.56425],[33.71208,-14.56425],[33.71211,-14.56422],[33.71216,-14.56417],[33.71221,-14.56411],[33.71224,-14.56407]]},"properties":{"id":1190490905,"cls":"path","hw":"path","tg":"na","name":"","ref":"","surface":"","sc":"unknown","speed":null,"lit":"unk","km":0.72}},
{"type":"Feature","geometry":{"type":"LineString","coordinates":[[33.71863,-14.56417],[33.71868,-14.56411],[33.71876,-14.56401],[33.71881,-14.56394],[33.71887,-14.56389],[33.71891,-14.56385],[33.71897,-14.56377],[33.71898,-14.56371],[33.71901,-14.56364],[33.71907,-14.56358],[33.71911,-14.56352],[33.71914,-14.56345],[33.7192,-14.56343],[33.71928,-14.5634],[33.71939,-14.56337],[33.71944,-14.56335],[33.71954,-14.56333],[33.7196,-14.56331],[33.71965,-14.56328],[33.71972,-14.56322],[33.71979,-14.56315],[33.71986,-14.56312],[33.71996,-14.5631],[33.72007,-14.56308],[33.7202,-14.56307],[33.72034,-14.56303],[33.72045,-14.56302],[33.72063,-14.563],[33.72081,-14.56299],[33.7209,-14.56298],[33.72112,-14.56296],[33.72129,-14.56292],[33.72145,-14.56287],[33.72159,-14.56284],[33.72178,-14.56281],[33.72191,-14.56277],[33.722,-14.56275],[33.72207,-14.56276],[33.72212,-14.56276],[33.7222,-14.56273],[33.72229,-14.56272],[33.72235,-14.56271],[33.7224,-14.56268],[33.72244,-14.56265],[33.72248,-14.56263],[33.72254,-14.56262],[33.7226,-14.56261]]},"properties":{"id":1190490906,"cls":"path","hw":"path","tg":"na","name":"","ref":"","surface":"","sc":"unknown","speed":null,"lit":"unk","km":0.489}},
{"type":"Feature","geometry":{"type":"LineString","coordinates":[[33.71477,-14.56649],[33.71471,-14.56642],[33.71469,-14.56637],[33.71469,-14.56634],[33.71476,-14.56623],[33.71484,-14.56612],[33.71498,-14.56599],[33.71512,-14.5659],[33.71527,-14.56581],[33.71534,-14.56574],[33.71542,-14.56566],[33.71549,-14.56562],[33.7157,-14.56556],[33.71585,-14.5655],[33.71598,-14.56543],[33.7162,-14.56535],[33.71636,-14.56528],[33.71649,-14.56521],[33.71662,-14.56518],[33.71668,-14.56515],[33.7168,-14.565],[33.71691,-14.56487],[33.71699,-14.56475],[33.71703,-14.56464],[33.71707,-14.56448],[33.71711,-14.56437],[33.71716,-14.56429],[33.71726,-14.5642],[33.71738,-14.56417],[33.71758,-14.56416],[33.71766,-14.56416]]},"properties":{"id":1190490907,"cls":"unclassified","hw":"unclassified","tg":"na","name":"","ref":"","surface":"","sc":"unknown","speed":null,"lit":"unk","km":0.446}},
{"type":"Feature","geometry":{"type":"LineString","coordinates":[[33.71433,-14.57066],[33.71416,-14.57075],[33.71409,-14.57081],[33.71403,-14.57085],[33.71397,-14.57093],[33.71393,-14.57099],[33.71392,-14.57106],[33.71391,-14.57115],[33.7139,-14.57118],[33.71387,-14.57121],[33.71384,-14.57126],[33.71382,-14.57131],[33.71381,-14.57136],[33.7138,-14.5714],[33.71376,-14.57143],[33.71371,-14.57146],[33.71364,-14.57151],[33.71357,-14.57154],[33.7135,-14.57162],[33.71343,-14.57168],[33.71336,-14.57173],[33.7133,-14.57177],[33.71319,-14.57183],[33.71312,-14.57188],[33.71304,-14.57194],[33.71294,-14.57201],[33.71284,-14.57207],[33.71272,-14.57213],[33.71261,-14.57217],[33.71251,-14.57219],[33.71242,-14.57221],[33.7123,-14.57224],[33.7122,-14.57225],[33.71208,-14.57226],[33.7119,-14.57228],[33.71178,-14.57228],[33.71161,-14.57227],[33.71153,-14.57224],[33.71146,-14.57222],[33.71139,-14.5722],[33.7113,-14.5722],[33.71117,-14.57222],[33.71105,-14.57222],[33.71092,-14.57221],[33.71075,-14.5722],[33.71065,-14.57222],[33.71055,-14.57222],[33.71045,-14.57221],[33.71038,-14.57219],[33.71034,-14.57217],[33.71031,-14.57213],[33.71025,-14.57211],[33.71019,-14.57213],[33.71012,-14.57213],[33.71008,-14.57211],[33.71002,-14.57204],[33.7099,-14.572],[33.70974,-14.57197],[33.70958,-14.57197],[33.70942,-14.57195],[33.70921,-14.5719],[33.70906,-14.57185],[33.70895,-14.5718],[33.7089,-14.57172],[33.70884,-14.57163]]},"properties":{"id":1190490908,"cls":"path","hw":"path","tg":"na","name":"","ref":"","surface":"","sc":"unknown","speed":null,"lit":"unk","km":0.693}},
{"type":"Feature","geometry":{"type":"LineString","coordinates":[[33.71687,-14.57143],[33.71679,-14.57142],[33.7167,-14.57141],[33.71663,-14.57138],[33.71659,-14.57136],[33.71655,-14.57136],[33.7165,-14.57137],[33.71644,-14.57135],[33.71637,-14.57133],[33.71632,-14.57133],[33.71628,-14.57132],[33.71613,-14.57131],[33.71598,-14.57129],[33.71588,-14.57127],[33.71576,-14.57124],[33.71569,-14.57119],[33.71562,-14.57116],[33.71555,-14.57111],[33.71545,-14.57104],[33.71542,-14.57102],[33.71538,-14.571],[33.71535,-14.57096],[33.7153,-14.57095],[33.71524,-14.57093],[33.71521,-14.57093],[33.71518,-14.57095],[33.71514,-14.57096],[33.7151,-14.57098],[33.71504,-14.57099],[33.71498,-14.57099],[33.71494,-14.57098],[33.71491,-14.57098],[33.71487,-14.57093],[33.71483,-14.57091],[33.71478,-14.57086],[33.71472,-14.57085],[33.71468,-14.57085],[33.71463,-14.57085],[33.71457,-14.57081],[33.71453,-14.57078],[33.71445,-14.57077],[33.7144,-14.57075],[33.71435,-14.57071],[33.71433,-14.57066],[33.71429,-14.5706],[33.7142,-14.57056],[33.71412,-14.57055],[33.71401,-14.57055],[33.71395,-14.57052],[33.71386,-14.5705],[33.71381,-14.57048],[33.71376,-14.57048],[33.71372,-14.57047],[33.71369,-14.57044],[33.71366,-14.57041],[33.71363,-14.57041],[33.7136,-14.57041],[33.71358,-14.5704],[33.71355,-14.57037],[33.71354,-14.57038],[33.71351,-14.57038],[33.71346,-14.57039]]},"properties":{"id":1190490909,"cls":"path","hw":"path","tg":"na","name":"","ref":"","surface":"","sc":"unknown","speed":null,"lit":"unk","km":0.408}},
{"type":"Feature","geometry":{"type":"LineString","coordinates":[[33.71089,-14.57807],[33.71083,-14.57799],[33.71077,-14.57792],[33.71073,-14.57785],[33.71065,-14.57777],[33.71056,-14.5777],[33.71045,-14.57763],[33.71036,-14.57757],[33.71025,-14.5775],[33.71017,-14.57744],[33.7101,-14.57739],[33.71003,-14.57735],[33.70998,-14.57734],[33.70991,-14.5773],[33.70987,-14.57728],[33.70981,-14.57723],[33.70976,-14.57717],[33.70971,-14.57715],[33.70967,-14.57712],[33.7096,-14.57706],[33.70952,-14.57701],[33.70944,-14.57697],[33.70939,-14.57697],[33.70931,-14.57697],[33.70928,-14.57697],[33.70924,-14.57694],[33.70921,-14.57692],[33.70918,-14.5769],[33.70918,-14.57687],[33.70918,-14.57684],[33.70917,-14.57682],[33.70912,-14.57678],[33.70908,-14.57676],[33.70905,-14.57673],[33.70903,-14.57667],[33.70903,-14.5766],[33.70901,-14.57657],[33.70894,-14.5765],[33.70889,-14.57644],[33.70887,-14.57639],[33.70886,-14.57635],[33.70882,-14.57632],[33.70878,-14.57628],[33.70874,-14.57621],[33.7087,-14.57612],[33.70861,-14.57605],[33.70856,-14.57604],[33.70853,-14.57606],[33.7085,-14.57605],[33.70846,-14.576],[33.7084,-14.57599],[33.70836,-14.57595],[33.70831,-14.57588],[33.70819,-14.57573],[33.70812,-14.57564],[33.70801,-14.57553],[33.70793,-14.57543],[33.70783,-14.57534],[33.70779,-14.57529],[33.70772,-14.57525],[33.70762,-14.57519],[33.70752,-14.57511],[33.70743,-14.57504],[33.70731,-14.57496],[33.7072,-14.57487],[33.70711,-14.57479],[33.70705,-14.57473],[33.70703,-14.57468],[33.70701,-14.57463],[33.70697,-14.57458],[33.70687,-14.57448],[33.70679,-14.57443],[33.70667,-14.57437],[33.70658,-14.57435],[33.70651,-14.57436],[33.70643,-14.57438],[33.70634,-14.5744],[33.7063,-14.57439],[33.70626,-14.57434],[33.70623,-14.57429],[33.70615,-14.57424],[33.70607,-14.5742]]},"properties":{"id":1190490910,"cls":"unclassified","hw":"unclassified","tg":"na","name":"","ref":"","surface":"","sc":"unknown","speed":null,"lit":"unk","km":0.713}},
{"type":"Feature","geometry":{"type":"LineString","coordinates":[[33.69979,-14.54846],[33.69969,-14.54852],[33.6996,-14.54855],[33.69949,-14.5486],[33.69937,-14.54862],[33.69928,-14.54861],[33.69914,-14.54859],[33.69908,-14.54861],[33.69903,-14.54864],[33.69894,-14.54867],[33.69887,-14.54868],[33.69879,-14.54866],[33.69869,-14.54865],[33.6986,-14.54866],[33.69851,-14.54866],[33.69841,-14.54865],[33.69829,-14.54861],[33.69819,-14.54859],[33.69802,-14.54859],[33.69791,-14.54858],[33.69771,-14.54856],[33.69754,-14.54855],[33.6974,-14.54855],[33.69727,-14.54855],[33.69718,-14.54854],[33.69706,-14.54852],[33.69698,-14.5485],[33.69691,-14.54844],[33.69685,-14.54841],[33.69678,-14.54837],[33.69669,-14.54835],[33.69659,-14.54833],[33.6965,-14.54832],[33.69639,-14.54832],[33.6963,-14.54832],[33.6962,-14.5483],[33.69612,-14.54828],[33.69602,-14.54824],[33.69598,-14.54824],[33.69594,-14.54827],[33.6959,-14.54831],[33.69586,-14.54834],[33.69583,-14.54837],[33.69577,-14.54838],[33.69572,-14.54839],[33.69567,-14.54842],[33.69559,-14.54845],[33.69552,-14.54845],[33.69543,-14.54846],[33.6953,-14.54844],[33.69519,-14.54844],[33.69511,-14.54844],[33.69493,-14.54843],[33.69479,-14.54842],[33.69465,-14.54841],[33.69453,-14.54837],[33.69438,-14.54838],[33.69425,-14.54834],[33.694,-14.54824],[33.69386,-14.54817],[33.6937,-14.54809],[33.69361,-14.54801],[33.69352,-14.54796],[33.69335,-14.54789],[33.69328,-14.54781],[33.69319,-14.54774],[33.69306,-14.54766],[33.69294,-14.54758],[33.69286,-14.5475],[33.69283,-14.54744],[33.69278,-14.5474],[33.69269,-14.54737],[33.69261,-14.54733],[33.69251,-14.54729],[33.6924,-14.54724],[33.6923,-14.54718],[33.69221,-14.54713],[33.69201,-14.54701],[33.69181,-14.54693],[33.69161,-14.54685],[33.69143,-14.54676],[33.69131,-14.5467],[33.69123,-14.54666],[33.69114,-14.54664],[33.69106,-14.54662],[33.69086,-14.54655],[33.69072,-14.54651],[33.69056,-14.54645],[33.69047,-14.54642],[33.69036,-14.5464],[33.69022,-14.54638],[33.69012,-14.54637],[33.69003,-14.54639],[33.6899,-14.54641],[33.68982,-14.54642],[33.68973,-14.54646],[33.68965,-14.54648],[33.68954,-14.54648],[33.68945,-14.54647],[33.68936,-14.54649],[33.68928,-14.54646],[33.68916,-14.54643],[33.68905,-14.54643],[33.68898,-14.54645],[33.68891,-14.54648],[33.68885,-14.54652],[33.6888,-14.54655]]},"properties":{"id":1190492223,"cls":"path","hw":"path","tg":"na","name":"","ref":"","surface":"","sc":"unknown","speed":null,"lit":"unk","km":1.272}},
{"type":"Feature","geometry":{"type":"LineString","coordinates":[[33.69873,-14.54825],[33.6988,-14.54816],[33.69884,-14.54801],[33.69882,-14.54793],[33.69875,-14.54782],[33.69869,-14.54764],[33.69869,-14.54741],[33.69867,-14.54717],[33.69866,-14.54693],[33.69865,-14.5468],[33.6987,-14.54662],[33.69878,-14.54648],[33.69886,-14.5464],[33.69899,-14.54636],[33.69909,-14.54635],[33.69914,-14.54631],[33.6992,-14.54624]]},"properties":{"id":1190492224,"cls":"unclassified","hw":"unclassified","tg":"na","name":"","ref":"","surface":"","sc":"unknown","speed":null,"lit":"unk","km":0.261}},
{"type":"Feature","geometry":{"type":"LineString","coordinates":[[33.70036,-14.5495],[33.70055,-14.5494],[33.70073,-14.54929],[33.70082,-14.54923],[33.7009,-14.54921],[33.70096,-14.54913],[33.70098,-14.54898],[33.70104,-14.54873],[33.70102,-14.54868],[33.70094,-14.54863],[33.70084,-14.54854],[33.70071,-14.5485],[33.70054,-14.54843],[33.70036,-14.54836],[33.70026,-14.5483],[33.70019,-14.5483],[33.70012,-14.54832],[33.70002,-14.54839],[33.69996,-14.54843],[33.69986,-14.54846],[33.69979,-14.54846],[33.69968,-14.54842],[33.69959,-14.54836],[33.69946,-14.54832],[33.6993,-14.54835],[33.69916,-14.54833],[33.69905,-14.54829],[33.69896,-14.54826],[33.6988,-14.54825],[33.69873,-14.54825],[33.69867,-14.54826],[33.69848,-14.54825],[33.69829,-14.54825],[33.69818,-14.54821],[33.69811,-14.54814],[33.69803,-14.548],[33.69792,-14.54787],[33.69779,-14.54776],[33.69759,-14.54769],[33.69742,-14.54765],[33.69728,-14.54763],[33.69717,-14.54767],[33.6971,-14.54768],[33.697,-14.54768],[33.6969,-14.54765],[33.69679,-14.54768],[33.6966,-14.5477],[33.69647,-14.5477]]},"properties":{"id":1190492225,"cls":"unclassified","hw":"unclassified","tg":"na","name":"","ref":"","surface":"","sc":"unknown","speed":null,"lit":"unk","km":0.669}},
{"type":"Feature","geometry":{"type":"LineString","coordinates":[[33.68643,-14.54292],[33.68656,-14.54315],[33.68662,-14.54323],[33.68671,-14.54333],[33.68679,-14.54341],[33.68688,-14.54348],[33.68693,-14.54356],[33.68697,-14.54365],[33.68701,-14.54374],[33.6871,-14.54386],[33.68719,-14.54404],[33.6873,-14.5442],[33.68733,-14.5443],[33.68739,-14.54438],[33.68746,-14.54445],[33.68748,-14.54453],[33.68758,-14.5447],[33.68763,-14.54479],[33.6877,-14.54492],[33.6878,-14.54504],[33.68793,-14.54517],[33.68803,-14.54526],[33.68808,-14.54534],[33.68815,-14.54542],[33.68817,-14.54549],[33.68821,-14.54558],[33.68827,-14.54567],[33.68833,-14.54575],[33.6884,-14.54589],[33.68844,-14.54597],[33.68849,-14.54604],[33.68857,-14.5461],[33.68862,-14.54617],[33.68871,-14.54629],[33.68875,-14.54643],[33.68876,-14.5465],[33.6888,-14.54655],[33.68881,-14.54658],[33.68884,-14.54666],[33.68895,-14.54679]]},"properties":{"id":1190492226,"cls":"path","hw":"path","tg":"na","name":"","ref":"","surface":"","sc":"unknown","speed":null,"lit":"unk","km":0.516}},
{"type":"Feature","geometry":{"type":"LineString","coordinates":[[33.68852,-14.54106],[33.68848,-14.541],[33.68841,-14.54092],[33.6883,-14.54083],[33.6882,-14.54073],[33.68814,-14.54065],[33.6881,-14.54061],[33.68806,-14.54052],[33.68801,-14.54044],[33.68791,-14.54036],[33.68782,-14.54023],[33.68778,-14.54016],[33.68775,-14.5401],[33.68773,-14.54004],[33.68769,-14.53999],[33.68762,-14.53992],[33.68754,-14.53984],[33.68747,-14.53975],[33.68743,-14.53967],[33.68741,-14.53962]]},"properties":{"id":1190492630,"cls":"path","hw":"path","tg":"na","name":"","ref":"","surface":"","sc":"unknown","speed":null,"lit":"unk","km":0.202}},
{"type":"Feature","geometry":{"type":"LineString","coordinates":[[33.71386,-14.55033],[33.71372,-14.55041],[33.71358,-14.55054],[33.71345,-14.55067],[33.71334,-14.55078],[33.71322,-14.5509],[33.71312,-14.55102],[33.71304,-14.55115],[33.71297,-14.55121],[33.71286,-14.55125],[33.71277,-14.55121],[33.71268,-14.55118],[33.71263,-14.55108],[33.71259,-14.55086],[33.71254,-14.55056],[33.71249,-14.5504],[33.71241,-14.55023],[33.71232,-14.55005],[33.71216,-14.54981],[33.71205,-14.54958],[33.71191,-14.54935],[33.71182,-14.54925],[33.71175,-14.54919],[33.71167,-14.54912],[33.7116,-14.54902],[33.71153,-14.54893],[33.71141,-14.54882],[33.71133,-14.54873],[33.71124,-14.54864],[33.71114,-14.54853],[33.71099,-14.54835],[33.71087,-14.54823],[33.71075,-14.54811],[33.71063,-14.54802],[33.71052,-14.54796],[33.71046,-14.54791],[33.71036,-14.54782],[33.71027,-14.54777],[33.71012,-14.54769],[33.7099,-14.54767],[33.70966,-14.54759],[33.70946,-14.54755],[33.70923,-14.54753],[33.70902,-14.5475],[33.70882,-14.54747],[33.70862,-14.54748],[33.70834,-14.54753],[33.70806,-14.54757],[33.70785,-14.5476],[33.70761,-14.54761],[33.70742,-14.54761],[33.70721,-14.54765],[33.70697,-14.5477],[33.70665,-14.5478],[33.70646,-14.54786],[33.70629,-14.54791],[33.70619,-14.54793],[33.70603,-14.54798]]},"properties":{"id":1190928496,"cls":"unclassified","hw":"unclassified","tg":"na","name":"","ref":"","surface":"","sc":"unknown","speed":30,"lit":"unk","km":1.113}},
{"type":"Feature","geometry":{"type":"LineString","coordinates":[[33.71781,-14.55021],[33.71766,-14.55021],[33.71746,-14.55019],[33.71727,-14.55022],[33.71705,-14.55025],[33.71679,-14.55031],[33.71667,-14.55032],[33.71653,-14.55033],[33.71639,-14.55036],[33.71633,-14.55039],[33.71623,-14.55038],[33.71615,-14.55037],[33.71605,-14.5504],[33.71593,-14.55044],[33.71582,-14.55044],[33.7157,-14.55042],[33.71562,-14.55041],[33.71551,-14.55042],[33.71543,-14.55043],[33.71524,-14.55042],[33.7151,-14.5504],[33.715,-14.55039],[33.71491,-14.55037],[33.71485,-14.55037],[33.7147,-14.55039],[33.71455,-14.55041],[33.71436,-14.55044],[33.71425,-14.55044],[33.71406,-14.55038],[33.71386,-14.55033],[33.71376,-14.5503],[33.71367,-14.55029],[33.71362,-14.55027],[33.71353,-14.55025],[33.71351,-14.55024],[33.71347,-14.55021],[33.71343,-14.55018]]},"properties":{"id":1190928497,"cls":"unclassified","hw":"unclassified","tg":"na","name":"","ref":"","surface":"","sc":"unknown","speed":30,"lit":"unk","km":0.483}},
{"type":"Feature","geometry":{"type":"LineString","coordinates":[[33.71698,-14.54672],[33.71694,-14.54675],[33.7169,-14.54676],[33.71689,-14.54676],[33.71688,-14.54678],[33.71687,-14.5468],[33.71685,-14.54681],[33.71682,-14.54682],[33.7168,-14.54684],[33.71678,-14.54687],[33.71674,-14.5469],[33.71671,-14.54691],[33.71668,-14.54693],[33.71666,-14.54696],[33.71664,-14.54697],[33.71659,-14.54697],[33.71653,-14.54697],[33.71648,-14.54697],[33.71645,-14.54699],[33.71641,-14.54701],[33.71638,-14.54704],[33.71635,-14.54705],[33.71632,-14.54705],[33.71625,-14.54704],[33.7162,-14.54704],[33.71618,-14.54705],[33.71615,-14.54706],[33.71611,-14.54706],[33.71608,-14.54706],[33.71605,-14.54707],[33.71601,-14.54708],[33.71599,-14.54709],[33.71596,-14.54709],[33.71592,-14.54708],[33.71588,-14.54706],[33.71584,-14.54703],[33.7158,-14.54702],[33.71575,-14.54701],[33.71565,-14.54702],[33.7156,-14.54701],[33.71557,-14.54697],[33.71553,-14.54694],[33.71548,-14.54691],[33.71542,-14.54687],[33.71538,-14.54684],[33.71535,-14.54684],[33.7153,-14.54686],[33.71526,-14.54686],[33.71519,-14.54685],[33.71514,-14.54683],[33.71505,-14.54676],[33.71498,-14.54671],[33.71491,-14.54668],[33.71484,-14.54664],[33.71479,-14.54661],[33.71472,-14.54659],[33.71466,-14.54657],[33.7146,-14.54654],[33.71456,-14.54652],[33.71454,-14.54648],[33.71452,-14.54641],[33.7145,-14.54638],[33.71444,-14.54636],[33.71438,-14.54631],[33.71432,-14.54626],[33.71426,-14.54622],[33.71421,-14.54619],[33.71414,-14.54618],[33.71408,-14.54618],[33.71405,-14.54618],[33.71404,-14.54616],[33.71402,-14.54614],[33.71396,-14.54614],[33.71392,-14.54615],[33.71388,-14.54618],[33.71384,-14.54621],[33.71377,-14.54623],[33.71373,-14.54624],[33.71367,-14.54626],[33.7136,-14.54627],[33.71357,-14.54626],[33.71354,-14.54625],[33.71352,-14.54626],[33.71348,-14.54625],[33.71343,-14.54625],[33.71337,-14.54625],[33.71331,-14.54624],[33.71323,-14.54623],[33.71312,-14.54622],[33.71305,-14.54619],[33.71296,-14.54616],[33.71291,-14.54615],[33.71287,-14.54614],[33.71284,-14.54614],[33.71282,-14.54614],[33.7128,-14.54613],[33.71277,-14.54611],[33.71272,-14.54609],[33.71267,-14.54607],[33.71261,-14.54605],[33.71255,-14.54602],[33.71252,-14.546],[33.7125,-14.54597],[33.71247,-14.54594],[33.71244,-14.54592],[33.7124,-14.5459],[33.71235,-14.54588],[33.7123,-14.54584],[33.71226,-14.5458],[33.71222,-14.54577],[33.71219,-14.54576],[33.71216,-14.54576],[33.7121,-14.54576],[33.71205,-14.54576],[33.71198,-14.54577],[33.71193,-14.54577],[33.71191,-14.54578],[33.71188,-14.54579],[33.71182,-14.5458],[33.71175,-14.54581],[33.71168,-14.54582],[33.7116,-14.54581],[33.71153,-14.5458],[33.71149,-14.54578],[33.7114,-14.54575],[33.71127,-14.54571],[33.71109,-14.54563],[33.71092,-14.5455],[33.71081,-14.54544],[33.71068,-14.54538],[33.7106,-14.54535],[33.71058,-14.5453],[33.71054,-14.54522],[33.7105,-14.54513],[33.71043,-14.54507],[33.71035,-14.54498],[33.7103,-14.54491],[33.71025,-14.54485],[33.71019,-14.54482],[33.71015,-14.5448],[33.7101,-14.54474],[33.71008,-14.54465],[33.71005,-14.54459],[33.70999,-14.54453],[33.70988,-14.54442],[33.70978,-14.54437],[33.7097,-14.54432],[33.70964,-14.54425],[33.70957,-14.54422],[33.70947,-14.54419],[33.70939,-14.54415],[33.70933,-14.54408],[33.70926,-14.54402],[33.70923,-14.54398],[33.70921,-14.54391],[33.70919,-14.54389],[33.70914,-14.54379],[33.70908,-14.54365],[33.70906,-14.54356],[33.70898,-14.54352],[33.70891,-14.54347],[33.7088,-14.54342],[33.70872,-14.54339],[33.70862,-14.54336],[33.7085,-14.54337],[33.70842,-14.54335],[33.70833,-14.54331],[33.70825,-14.54328],[33.70819,-14.54325],[33.70812,-14.54328],[33.70806,-14.5433],[33.70803,-14.5433],[33.70799,-14.54328],[33.70793,-14.54328],[33.70787,-14.54328],[33.70782,-14.54327],[33.70777,-14.54324],[33.70773,-14.54322],[33.70767,-14.54322],[33.70764,-14.54321],[33.7076,-14.5432],[33.70754,-14.54319],[33.7075,-14.54317],[33.70746,-14.54312],[33.70742,-14.54308],[33.7074,-14.54305],[33.70737,-14.54303],[33.70733,-14.54298],[33.70727,-14.54297],[33.70721,-14.54296],[33.70713,-14.54294],[33.70706,-14.54292],[33.70701,-14.54291],[33.70694,-14.54291],[33.70691,-14.54289],[33.70687,-14.54288],[33.70683,-14.54285],[33.70682,-14.54283],[33.70675,-14.5428],[33.70672,-14.54278],[33.70668,-14.54276],[33.7066,-14.54274],[33.70653,-14.54273],[33.70649,-14.54271],[33.70647,-14.54268],[33.70646,-14.54266],[33.70645,-14.54263],[33.7064,-14.54263],[33.70635,-14.54263],[33.70625,-14.54264],[33.70621,-14.54265],[33.70616,-14.54266],[33.70612,-14.54268],[33.70609,-14.54269],[33.70609,-14.54271],[33.70607,-14.54272],[33.70604,-14.54274]]},"properties":{"id":1190928498,"cls":"path","hw":"path","tg":"na","name":"","ref":"","surface":"","sc":"unknown","speed":30,"lit":"unk","km":1.409}},
{"type":"Feature","geometry":{"type":"LineString","coordinates":[[33.71737,-14.55152],[33.71747,-14.55163],[33.71762,-14.55178],[33.71777,-14.5519],[33.71793,-14.55202],[33.71804,-14.55209],[33.71809,-14.55214],[33.7181,-14.55218],[33.71811,-14.55221],[33.71815,-14.55225],[33.71826,-14.55231],[33.71833,-14.55238],[33.71838,-14.55243],[33.7184,-14.55245],[33.71843,-14.55247],[33.71848,-14.55254],[33.71854,-14.5526],[33.71864,-14.5527],[33.71867,-14.55273],[33.71869,-14.55276],[33.71871,-14.5528],[33.71875,-14.55283],[33.71879,-14.55285],[33.71882,-14.55287],[33.71883,-14.55289],[33.71886,-14.55293],[33.7189,-14.55299],[33.71895,-14.55306],[33.71899,-14.55312],[33.71903,-14.55319],[33.71906,-14.55322],[33.71913,-14.5533],[33.71921,-14.55335],[33.71932,-14.55342],[33.71938,-14.55346],[33.71942,-14.5535],[33.71947,-14.55356],[33.71955,-14.55364],[33.71959,-14.55366],[33.7197,-14.55375],[33.71976,-14.55379],[33.71985,-14.55387],[33.71997,-14.55397],[33.72012,-14.5541],[33.72025,-14.55419],[33.72034,-14.55427],[33.72046,-14.55434],[33.72056,-14.55439],[33.7206,-14.55441],[33.72065,-14.55443],[33.72068,-14.55444],[33.72072,-14.55446],[33.72075,-14.55448],[33.72078,-14.55451],[33.72084,-14.55453],[33.72089,-14.55455],[33.72092,-14.55457],[33.72096,-14.5546],[33.721,-14.55464],[33.72103,-14.55467],[33.7211,-14.55471],[33.72118,-14.55475],[33.72129,-14.55479],[33.72139,-14.55481],[33.72149,-14.55484],[33.72157,-14.55486],[33.72164,-14.55487],[33.72169,-14.55485],[33.72172,-14.55484],[33.72177,-14.55486],[33.72182,-14.55486],[33.72187,-14.55486],[33.72196,-14.55483],[33.72212,-14.55475],[33.72227,-14.55467],[33.72242,-14.55457],[33.72253,-14.55452],[33.7226,-14.55448],[33.72263,-14.55444]]},"properties":{"id":1190928499,"cls":"path","hw":"path","tg":"na","name":"","ref":"","surface":"","sc":"unknown","speed":30,"lit":"unk","km":0.726}},
{"type":"Feature","geometry":{"type":"LineString","coordinates":[[33.71717,-14.54698],[33.71725,-14.54692],[33.7174,-14.54686],[33.71751,-14.5468],[33.71759,-14.54676],[33.71763,-14.54671],[33.71768,-14.54662],[33.71774,-14.54656],[33.71779,-14.54648],[33.71783,-14.54637],[33.71784,-14.54619],[33.71785,-14.54608],[33.71789,-14.54596],[33.71792,-14.54582],[33.71792,-14.54568],[33.71792,-14.54552],[33.71791,-14.54539],[33.71788,-14.54524],[33.71785,-14.5452],[33.71781,-14.54517],[33.71779,-14.54511],[33.71777,-14.54504],[33.71774,-14.54497],[33.71772,-14.5449],[33.71772,-14.54476],[33.71775,-14.54461],[33.71781,-14.54436],[33.71782,-14.54429],[33.71788,-14.54421],[33.71794,-14.54411],[33.71799,-14.54397],[33.71801,-14.54382],[33.71802,-14.54374],[33.71801,-14.54369],[33.71803,-14.54363],[33.71807,-14.54353],[33.71806,-14.54343],[33.71804,-14.54324],[33.71805,-14.5431],[33.71814,-14.54288],[33.71824,-14.54268],[33.71834,-14.54256],[33.7184,-14.54243],[33.71845,-14.54225],[33.71849,-14.5421],[33.71851,-14.54198],[33.7186,-14.54181],[33.71865,-14.54167],[33.71874,-14.54153],[33.7188,-14.54145],[33.71884,-14.54135],[33.71887,-14.54129],[33.71892,-14.54124],[33.71898,-14.5412],[33.71905,-14.54111],[33.71913,-14.54102],[33.71922,-14.54088],[33.71925,-14.54083],[33.71931,-14.54078],[33.71936,-14.54074],[33.7194,-14.54074],[33.71943,-14.54074],[33.71946,-14.54075],[33.71948,-14.54075],[33.71952,-14.54075],[33.71956,-14.54074],[33.71958,-14.54072],[33.71962,-14.54072],[33.71966,-14.54074],[33.71971,-14.54072],[33.71975,-14.54075],[33.71982,-14.54075],[33.71988,-14.54076],[33.71995,-14.54076],[33.72006,-14.54074],[33.7201,-14.54075],[33.7202,-14.54076],[33.72033,-14.54076],[33.72043,-14.54076],[33.72048,-14.54074],[33.72051,-14.5407],[33.72056,-14.5406],[33.72058,-14.54051],[33.72064,-14.54037],[33.72068,-14.54026],[33.72073,-14.54016],[33.72075,-14.54],[33.72075,-14.53979],[33.72074,-14.53967],[33.72071,-14.5395],[33.72066,-14.53941],[33.72065,-14.53935],[33.72064,-14.53925],[33.72065,-14.5392],[33.72062,-14.53913],[33.72061,-14.53907],[33.72061,-14.53896],[33.72059,-14.53882],[33.72057,-14.53865],[33.72056,-14.5386],[33.7206,-14.53854],[33.7206,-14.53848],[33.72058,-14.53843],[33.7206,-14.53833],[33.7206,-14.53825],[33.72058,-14.53811],[33.72055,-14.53802],[33.72051,-14.53787],[33.72045,-14.53771],[33.72041,-14.53761],[33.72042,-14.53752],[33.72042,-14.53739],[33.72047,-14.53733],[33.72055,-14.53723],[33.72059,-14.53712]]},"properties":{"id":1190928502,"cls":"path","hw":"path","tg":"na","name":"","ref":"","surface":"","sc":"unknown","speed":30,"lit":"unk","km":1.33}},
{"type":"Feature","geometry":{"type":"LineString","coordinates":[[33.71583,-14.54415],[33.71588,-14.54407],[33.7159,-14.544],[33.7159,-14.5439],[33.7159,-14.54382],[33.71589,-14.54374],[33.71587,-14.54369],[33.71586,-14.54365],[33.71585,-14.54361],[33.71585,-14.54358],[33.71588,-14.54352],[33.71588,-14.54347],[33.71588,-14.54344],[33.71588,-14.54342],[33.71586,-14.54339],[33.71586,-14.54332],[33.71585,-14.54325],[33.71584,-14.54317],[33.71583,-14.54313],[33.71584,-14.54307],[33.71584,-14.54294],[33.71585,-14.54288],[33.71586,-14.54283],[33.71587,-14.54279],[33.71587,-14.54273],[33.71588,-14.54268],[33.71591,-14.54262],[33.71591,-14.54256],[33.71592,-14.54254],[33.71593,-14.5425],[33.71594,-14.54245],[33.71597,-14.54235],[33.71599,-14.54227],[33.71602,-14.54217],[33.71603,-14.54209],[33.71602,-14.54197],[33.71601,-14.54187],[33.71602,-14.54182],[33.71603,-14.54174],[33.71604,-14.54165],[33.71605,-14.54161],[33.71605,-14.54158],[33.71605,-14.54156],[33.71603,-14.54154],[33.71603,-14.54152],[33.71604,-14.5415],[33.71606,-14.54148],[33.71606,-14.54146],[33.71606,-14.5414],[33.71607,-14.54131],[33.71609,-14.54122],[33.71611,-14.54114],[33.71612,-14.54108],[33.71613,-14.54106],[33.71614,-14.54104]]},"properties":{"id":1190928503,"cls":"path","hw":"path","tg":"na","name":"","ref":"","surface":"","sc":"unknown","speed":30,"lit":"unk","km":0.357}},
{"type":"Feature","geometry":{"type":"LineString","coordinates":[[33.71039,-14.52584],[33.71032,-14.52575],[33.71027,-14.52571],[33.71024,-14.52565],[33.71018,-14.52555],[33.71016,-14.52546],[33.71013,-14.52537],[33.71008,-14.52528],[33.71002,-14.52521],[33.71,-14.52516],[33.70998,-14.52508],[33.70998,-14.52502],[33.70996,-14.52494]]},"properties":{"id":1191302175,"cls":"path","hw":"path","tg":"na","name":"","ref":"","surface":"","sc":"unknown","speed":null,"lit":"unk","km":0.113}},
{"type":"Feature","geometry":{"type":"LineString","coordinates":[[33.70998,-14.52089],[33.70998,-14.52108],[33.70997,-14.52121],[33.70999,-14.52132],[33.71001,-14.52149],[33.71001,-14.52155],[33.71004,-14.52159],[33.71006,-14.52175],[33.71007,-14.52192],[33.71006,-14.52199],[33.7101,-14.52207],[33.71011,-14.52214],[33.71013,-14.5222],[33.71016,-14.5223],[33.71021,-14.5224],[33.71023,-14.52249],[33.71023,-14.52264],[33.71023,-14.5228],[33.71023,-14.52286],[33.71025,-14.52289],[33.71027,-14.52292],[33.71034,-14.52312],[33.71035,-14.52323],[33.71034,-14.5233],[33.71032,-14.52344],[33.71032,-14.52352],[33.71032,-14.5236],[33.71031,-14.52367],[33.71027,-14.52377],[33.71025,-14.52387],[33.71023,-14.524],[33.71015,-14.52418],[33.71011,-14.52433],[33.71009,-14.52441],[33.71005,-14.52446],[33.71002,-14.52455],[33.71,-14.52469],[33.70998,-14.52478],[33.70999,-14.52481],[33.71001,-14.52484],[33.71,-14.52486],[33.70996,-14.52491],[33.70996,-14.52494],[33.70993,-14.52502],[33.70991,-14.52513],[33.70989,-14.52517],[33.70986,-14.52521],[33.70982,-14.52537],[33.70977,-14.52562],[33.70973,-14.52576],[33.70972,-14.5258],[33.70971,-14.52588],[33.70969,-14.52598],[33.70969,-14.52608],[33.70968,-14.52614],[33.70965,-14.5262],[33.70966,-14.52624],[33.70965,-14.5263],[33.70962,-14.52641],[33.70958,-14.52658],[33.70953,-14.52674],[33.7095,-14.52686],[33.70949,-14.52692],[33.70947,-14.52698],[33.70943,-14.527],[33.70942,-14.52709],[33.70941,-14.52714],[33.70939,-14.52716],[33.70939,-14.5272]]},"properties":{"id":1191302176,"cls":"path","hw":"path","tg":"na","name":"","ref":"","surface":"","sc":"unknown","speed":null,"lit":"unk","km":0.73}},
{"type":"Feature","geometry":{"type":"LineString","coordinates":[[33.70806,-14.53072],[33.7083,-14.5304],[33.70861,-14.53013],[33.70879,-14.52994],[33.70892,-14.52979],[33.70901,-14.52959],[33.7091,-14.52941],[33.70919,-14.52926],[33.70935,-14.52908],[33.70961,-14.52879],[33.70967,-14.52872]]},"properties":{"id":1191302177,"cls":"unclassified","hw":"unclassified","tg":"na","name":"","ref":"","surface":"","sc":"unknown","speed":null,"lit":"unk","km":0.284}},
{"type":"Feature","geometry":{"type":"LineString","coordinates":[[33.70705,-14.5335],[33.70715,-14.53337],[33.70734,-14.53322],[33.70745,-14.53315],[33.70767,-14.5331],[33.7078,-14.53305],[33.70792,-14.53293],[33.70803,-14.53291],[33.70816,-14.53283],[33.70828,-14.53276],[33.70837,-14.53272],[33.70845,-14.53271],[33.70857,-14.53273],[33.70868,-14.53275],[33.7088,-14.53276],[33.7089,-14.53278],[33.70894,-14.53278],[33.70897,-14.53274],[33.70901,-14.53256],[33.70904,-14.53235],[33.70913,-14.53212],[33.70927,-14.53181],[33.70931,-14.53161],[33.70932,-14.5313],[33.70935,-14.53103],[33.70939,-14.53068],[33.70944,-14.53039]]},"properties":{"id":1191683615,"cls":"unclassified","hw":"unclassified","tg":"na","name":"","ref":"","surface":"","sc":"unknown","speed":null,"lit":"unk","km":0.507}},
{"type":"Feature","geometry":{"type":"LineString","coordinates":[[33.71572,-14.53929],[33.71571,-14.53905],[33.7157,-14.53888],[33.71569,-14.5388],[33.71567,-14.53866],[33.71565,-14.53853],[33.71561,-14.53842],[33.71559,-14.53836],[33.71557,-14.53832],[33.71558,-14.53828],[33.71556,-14.53823],[33.71555,-14.53815],[33.71553,-14.53805],[33.71552,-14.53801],[33.71553,-14.53796],[33.71551,-14.5379],[33.71547,-14.53783],[33.71542,-14.53777],[33.7154,-14.53769],[33.71539,-14.53763],[33.71537,-14.53757],[33.71534,-14.53753],[33.71532,-14.53747],[33.7153,-14.53739],[33.71527,-14.53736],[33.71521,-14.53733],[33.71515,-14.5373],[33.71511,-14.53722],[33.71506,-14.53711],[33.71504,-14.53701],[33.71504,-14.53689],[33.71505,-14.53674],[33.71504,-14.53666],[33.71502,-14.53661],[33.71502,-14.53652],[33.71502,-14.53645],[33.71504,-14.53636],[33.71507,-14.53626],[33.71508,-14.53615],[33.71512,-14.53605],[33.71512,-14.53597],[33.71512,-14.53583],[33.71514,-14.53571],[33.71512,-14.53566],[33.71504,-14.53547],[33.71501,-14.53536],[33.71495,-14.53513],[33.71494,-14.53504],[33.71487,-14.53486],[33.71484,-14.5347],[33.71481,-14.53459],[33.7148,-14.53448],[33.71476,-14.5343],[33.7147,-14.53409],[33.71459,-14.53393],[33.71454,-14.53376],[33.71446,-14.5336],[33.71443,-14.53344],[33.71437,-14.53328],[33.71434,-14.53308],[33.71431,-14.53279],[33.71428,-14.53251],[33.71425,-14.53212]]},"properties":{"id":1191683616,"cls":"path","hw":"path","tg":"na","name":"","ref":"","surface":"","sc":"unknown","speed":null,"lit":"unk","km":0.835}},
{"type":"Feature","geometry":{"type":"LineString","coordinates":[[33.71212,-14.52966],[33.71226,-14.52985],[33.71235,-14.52995],[33.71257,-14.53008],[33.71272,-14.5301],[33.71297,-14.53007],[33.71312,-14.53004],[33.7133,-14.53006],[33.7135,-14.53007],[33.71363,-14.53007],[33.71376,-14.53009],[33.71392,-14.53016],[33.71404,-14.53013],[33.71423,-14.53012],[33.71446,-14.53004],[33.71457,-14.53001],[33.71466,-14.53],[33.71481,-14.52999],[33.7149,-14.52995],[33.71503,-14.52984],[33.71512,-14.52979],[33.71528,-14.52973],[33.71551,-14.52962],[33.71567,-14.52959],[33.71582,-14.52956],[33.71594,-14.52955],[33.71611,-14.52958]]},"properties":{"id":1191683617,"cls":"unclassified","hw":"unclassified","tg":"na","name":"","ref":"","surface":"","sc":"unknown","speed":null,"lit":"unk","km":0.467}},
{"type":"Feature","geometry":{"type":"LineString","coordinates":[[33.71611,-14.52958],[33.71628,-14.52958],[33.71642,-14.52958],[33.71653,-14.52953],[33.71662,-14.52941],[33.71673,-14.52927],[33.71687,-14.52917],[33.71703,-14.52898],[33.71717,-14.52885],[33.71728,-14.52883],[33.71745,-14.52885],[33.71763,-14.52888],[33.71777,-14.5289],[33.71794,-14.52895],[33.71811,-14.52901],[33.71829,-14.52904],[33.71852,-14.52907],[33.71869,-14.52909],[33.71883,-14.52903],[33.71897,-14.52893],[33.7191,-14.52884],[33.71923,-14.52878],[33.71931,-14.52876],[33.71943,-14.52877],[33.71954,-14.5288],[33.71963,-14.52885],[33.71973,-14.52892],[33.7198,-14.52898],[33.71991,-14.52902],[33.72007,-14.52909],[33.72028,-14.52918],[33.7204,-14.52924],[33.72048,-14.52929],[33.7206,-14.52936],[33.72075,-14.52941],[33.72094,-14.52944],[33.72114,-14.52948],[33.72138,-14.52952],[33.72152,-14.52953],[33.72165,-14.52959],[33.72178,-14.52964],[33.72187,-14.5297],[33.72199,-14.52979],[33.72207,-14.52986],[33.72213,-14.52992],[33.72218,-14.52997],[33.72224,-14.53],[33.7223,-14.53003],[33.72238,-14.53006],[33.72243,-14.5301],[33.72248,-14.53014],[33.72256,-14.53015],[33.72264,-14.53016],[33.72274,-14.5302],[33.72283,-14.53025],[33.72288,-14.53025],[33.72297,-14.5303],[33.72305,-14.53034],[33.72314,-14.53039],[33.72322,-14.53046],[33.72333,-14.53056],[33.7234,-14.53061],[33.72345,-14.53065],[33.72353,-14.5307],[33.72361,-14.53074],[33.72376,-14.53087],[33.72385,-14.53096],[33.72396,-14.53105],[33.72401,-14.5311],[33.72407,-14.53114],[33.72411,-14.53118],[33.72415,-14.53123],[33.7242,-14.53129],[33.72425,-14.53136],[33.72431,-14.53143],[33.72435,-14.53147],[33.72443,-14.53149],[33.72451,-14.53152],[33.72462,-14.53157],[33.7247,-14.53163],[33.7248,-14.53169],[33.72489,-14.53175],[33.72503,-14.53187],[33.72522,-14.53205],[33.72538,-14.53219],[33.72558,-14.53232],[33.72572,-14.53239],[33.72582,-14.53242],[33.72591,-14.53246],[33.72598,-14.53249],[33.72602,-14.53252],[33.72613,-14.53256],[33.72625,-14.5326],[33.72636,-14.53267],[33.72642,-14.53269],[33.7265,-14.53272],[33.72658,-14.53274],[33.7267,-14.53278],[33.72679,-14.53281],[33.72688,-14.53286],[33.727,-14.53293],[33.72713,-14.53297],[33.72719,-14.53301],[33.72726,-14.53304],[33.72732,-14.53308],[33.72736,-14.53313],[33.72749,-14.5332],[33.72756,-14.53322],[33.72762,-14.53328],[33.72771,-14.53335],[33.7278,-14.5334],[33.7279,-14.5334],[33.72806,-14.53341]]},"properties":{"id":1191683618,"cls":"unclassified","hw":"unclassified","tg":"na","name":"","ref":"","surface":"","sc":"unknown","speed":null,"lit":"unk","km":1.494}},
{"type":"Feature","geometry":{"type":"LineString","coordinates":[[33.70388,-14.52216],[33.70395,-14.52208],[33.70401,-14.52194],[33.70414,-14.52172],[33.70427,-14.5215],[33.70428,-14.52135],[33.70428,-14.52114],[33.70436,-14.52105],[33.70438,-14.52094],[33.70438,-14.52077],[33.70444,-14.52065],[33.7045,-14.5205],[33.70451,-14.52036],[33.70451,-14.52017],[33.7045,-14.51997],[33.70449,-14.51967],[33.70453,-14.51944],[33.70454,-14.5192],[33.70455,-14.51907],[33.70457,-14.51889],[33.70462,-14.5187],[33.70466,-14.5185],[33.70467,-14.51838],[33.70466,-14.51818],[33.70467,-14.518],[33.70473,-14.51781],[33.70482,-14.51757],[33.70487,-14.51735],[33.70494,-14.51715],[33.705,-14.51697],[33.705,-14.51686],[33.70497,-14.51678],[33.70497,-14.5167],[33.705,-14.51664],[33.70507,-14.51651],[33.70509,-14.51643],[33.70515,-14.51631],[33.70523,-14.51612],[33.70529,-14.51596],[33.70538,-14.51572],[33.70543,-14.51553],[33.70551,-14.51524]]},"properties":{"id":1191685727,"cls":"path","hw":"path","tg":"na","name":"","ref":"","surface":"","sc":"unknown","speed":null,"lit":"unk","km":0.806}},
{"type":"Feature","geometry":{"type":"LineString","coordinates":[[33.68809,-14.53634],[33.6883,-14.53639],[33.68845,-14.53641],[33.68864,-14.53646],[33.68882,-14.53652],[33.68896,-14.53656],[33.6891,-14.53653],[33.68924,-14.53656],[33.68932,-14.5366],[33.68945,-14.53671],[33.68955,-14.53681],[33.68968,-14.53685],[33.68979,-14.53685],[33.68996,-14.53681],[33.69007,-14.5368],[33.69012,-14.53681],[33.69021,-14.53689],[33.6903,-14.53706],[33.69036,-14.53724],[33.69041,-14.53732],[33.69045,-14.53743],[33.6905,-14.53752],[33.69054,-14.5376],[33.69055,-14.53773],[33.69055,-14.5378],[33.69058,-14.53792],[33.69057,-14.53803],[33.69062,-14.53821],[33.6907,-14.53834],[33.69077,-14.53845],[33.69081,-14.53858],[33.69081,-14.53871],[33.69078,-14.53888],[33.6908,-14.53898],[33.69088,-14.53914],[33.69098,-14.5393],[33.69101,-14.53942],[33.69102,-14.53959],[33.69102,-14.53972],[33.69104,-14.53992],[33.69106,-14.54006],[33.69109,-14.54018],[33.6912,-14.54029],[33.69129,-14.54044],[33.69143,-14.5406],[33.69154,-14.54071],[33.69164,-14.5408],[33.69188,-14.54091],[33.69212,-14.54098],[33.69242,-14.54106],[33.69259,-14.54111],[33.69269,-14.5412],[33.6929,-14.54118],[33.69308,-14.54117],[33.6932,-14.54114],[33.69335,-14.54103],[33.69354,-14.54097],[33.69369,-14.54094],[33.69386,-14.54087],[33.69408,-14.5408],[33.69429,-14.54078],[33.69451,-14.54073],[33.6947,-14.54062],[33.69481,-14.54052],[33.69488,-14.54049],[33.69503,-14.54047],[33.69512,-14.54042],[33.69521,-14.54032],[33.69532,-14.54022],[33.69541,-14.54014],[33.69553,-14.54003],[33.69572,-14.54],[33.69586,-14.53991],[33.69607,-14.53976],[33.69619,-14.53963],[33.69628,-14.53956],[33.69635,-14.53948],[33.69642,-14.53944],[33.69652,-14.53944],[33.69662,-14.53946],[33.69668,-14.53949],[33.69674,-14.53947],[33.69677,-14.53945],[33.69684,-14.53947],[33.6969,-14.53948],[33.69698,-14.53947],[33.69705,-14.53945],[33.69712,-14.53945],[33.69724,-14.53948],[33.69733,-14.5395],[33.6974,-14.53952],[33.69746,-14.53953],[33.6975,-14.53956],[33.69754,-14.53956]]},"properties":{"id":1191685728,"cls":"unclassified","hw":"unclassified","tg":"na","name":"","ref":"","surface":"","sc":"unknown","speed":null,"lit":"unk","km":1.436}},
{"type":"Feature","geometry":{"type":"LineString","coordinates":[[33.69754,-14.53956],[33.69762,-14.53962],[33.6977,-14.53962],[33.69782,-14.53962],[33.69789,-14.53962],[33.69793,-14.53961],[33.69798,-14.53961],[33.69806,-14.53963],[33.69812,-14.53962],[33.69818,-14.53959],[33.69828,-14.53957],[33.69837,-14.53952],[33.69842,-14.53949],[33.69849,-14.53949],[33.69855,-14.53947],[33.6986,-14.53943],[33.69868,-14.53939],[33.69874,-14.53938],[33.6988,-14.53935],[33.69882,-14.53932]]},"properties":{"id":1191685729,"cls":"path","hw":"path","tg":"na","name":"","ref":"","surface":"","sc":"unknown","speed":null,"lit":"unk","km":0.15}},
{"type":"Feature","geometry":{"type":"LineString","coordinates":[[33.70292,-14.53819],[33.70288,-14.53822],[33.70284,-14.53825],[33.70277,-14.53828],[33.70271,-14.53826],[33.70266,-14.53827],[33.7026,-14.53828],[33.70256,-14.53831],[33.70254,-14.53832],[33.70248,-14.53831],[33.70246,-14.53834],[33.70241,-14.53835],[33.70236,-14.53839],[33.70228,-14.53841],[33.70223,-14.53844],[33.70219,-14.53845],[33.70212,-14.53845],[33.70201,-14.53845],[33.70192,-14.53846],[33.70189,-14.53848],[33.70185,-14.53851],[33.70181,-14.53853],[33.70176,-14.53853],[33.70168,-14.53852],[33.70161,-14.53852],[33.70155,-14.53855],[33.70146,-14.53859],[33.70138,-14.53859],[33.70129,-14.53858],[33.7012,-14.53855],[33.70114,-14.53852],[33.70107,-14.53854],[33.70103,-14.53855],[33.70096,-14.53857],[33.70081,-14.53864],[33.70074,-14.53863],[33.70064,-14.53858],[33.70058,-14.53856],[33.70048,-14.53851],[33.70041,-14.5385],[33.70033,-14.5385],[33.70027,-14.53851],[33.70021,-14.53854],[33.70016,-14.53856],[33.70009,-14.53858],[33.70002,-14.53858],[33.69996,-14.5386],[33.69984,-14.53863],[33.69972,-14.53867],[33.69965,-14.5387],[33.69957,-14.53873],[33.69952,-14.53875],[33.69946,-14.53877],[33.69943,-14.53881],[33.6994,-14.53887],[33.69937,-14.53893],[33.69933,-14.53897],[33.69928,-14.539],[33.69919,-14.53903],[33.69907,-14.53911],[33.69892,-14.53917],[33.69882,-14.53932]]},"properties":{"id":1191685730,"cls":"path","hw":"path","tg":"na","name":"","ref":"","surface":"","sc":"unknown","speed":null,"lit":"unk","km":0.495}},
{"type":"Feature","geometry":{"type":"LineString","coordinates":[[33.70311,-14.53847],[33.70297,-14.53833],[33.70292,-14.53819],[33.70286,-14.53806],[33.70281,-14.53798],[33.70275,-14.53783],[33.70253,-14.53741],[33.70253,-14.53733],[33.70252,-14.53726],[33.70249,-14.53717],[33.70242,-14.53703],[33.70241,-14.53694],[33.70239,-14.53684],[33.70233,-14.53671],[33.70231,-14.53662],[33.70228,-14.53655],[33.70227,-14.53639],[33.70223,-14.53626],[33.7022,-14.53617],[33.70216,-14.53614],[33.70206,-14.53607],[33.70198,-14.53602],[33.70194,-14.53597],[33.70188,-14.53592],[33.70174,-14.53587],[33.70152,-14.53581],[33.70141,-14.53577],[33.70134,-14.5357],[33.7012,-14.53557],[33.70107,-14.53542],[33.70093,-14.53526],[33.70081,-14.53511],[33.70074,-14.53497],[33.70076,-14.53483],[33.70076,-14.53475],[33.70074,-14.53466],[33.70076,-14.5345],[33.70079,-14.53436],[33.70075,-14.53427],[33.70073,-14.53413],[33.70069,-14.53397],[33.70067,-14.53386],[33.70069,-14.53375],[33.70068,-14.5336],[33.70065,-14.53347],[33.70064,-14.53331],[33.70063,-14.53315],[33.70059,-14.53299],[33.70058,-14.53286],[33.7006,-14.53273],[33.70062,-14.53262],[33.70063,-14.53248],[33.70062,-14.53241],[33.70057,-14.5323],[33.70053,-14.53219],[33.7005,-14.53209],[33.70048,-14.53198],[33.70044,-14.53185],[33.70035,-14.53171],[33.70033,-14.53157],[33.70033,-14.53144],[33.70029,-14.53131],[33.70023,-14.53116],[33.70021,-14.53104],[33.70018,-14.53094],[33.70014,-14.53087],[33.70014,-14.53075],[33.70012,-14.53068],[33.70009,-14.53053],[33.70005,-14.53036],[33.70002,-14.53025],[33.7,-14.53017],[33.7,-14.53013],[33.70001,-14.53008],[33.70001,-14.52999],[33.69999,-14.52987],[33.69997,-14.52972],[33.6999,-14.5296],[33.69988,-14.5295],[33.69989,-14.52943],[33.69994,-14.52938],[33.69995,-14.5293],[33.69996,-14.52918],[33.7,-14.52901],[33.7,-14.52886],[33.69995,-14.52868],[33.69992,-14.52845],[33.69993,-14.52829],[33.69995,-14.52819],[33.70002,-14.52804]]},"properties":{"id":1191685731,"cls":"path","hw":"path","tg":"na","name":"","ref":"","surface":"","sc":"unknown","speed":null,"lit":"unk","km":1.286}},
{"type":"Feature","geometry":{"type":"LineString","coordinates":[[33.70405,-14.53674],[33.70402,-14.53667],[33.70402,-14.53664],[33.70404,-14.5366],[33.70405,-14.53654],[33.70408,-14.53644],[33.70413,-14.53632],[33.70414,-14.53626],[33.70417,-14.53616],[33.70423,-14.53604],[33.70425,-14.53594],[33.70429,-14.53585],[33.70436,-14.53575],[33.70451,-14.53551],[33.7046,-14.53535],[33.70462,-14.53529],[33.70465,-14.53524],[33.70471,-14.53513],[33.70477,-14.53509],[33.70482,-14.53496],[33.70488,-14.5348],[33.70492,-14.53473],[33.70497,-14.53469],[33.70497,-14.53464],[33.70495,-14.53459],[33.70489,-14.53453],[33.70485,-14.53448],[33.70478,-14.53441],[33.70471,-14.53437],[33.70466,-14.53432],[33.70459,-14.53422],[33.70456,-14.53416],[33.70448,-14.53411],[33.70444,-14.53403],[33.70435,-14.53394],[33.7043,-14.53384],[33.70422,-14.53373],[33.70413,-14.53361],[33.70406,-14.53352],[33.70403,-14.53344],[33.70402,-14.53338],[33.70405,-14.53332],[33.70405,-14.53318],[33.70405,-14.53308],[33.70403,-14.53301],[33.70402,-14.53296],[33.70403,-14.53291],[33.70403,-14.53281],[33.70401,-14.53275],[33.70397,-14.53263],[33.70391,-14.53252],[33.70388,-14.53239]]},"properties":{"id":1191685732,"cls":"path","hw":"path","tg":"na","name":"","ref":"","surface":"","sc":"unknown","speed":null,"lit":"unk","km":0.552}},
{"type":"Feature","geometry":{"type":"LineString","coordinates":[[33.69726,-14.52351],[33.69737,-14.52338],[33.69757,-14.52327],[33.69773,-14.52321],[33.69783,-14.52316],[33.69801,-14.52319],[33.69821,-14.52327],[33.69845,-14.52327],[33.69859,-14.52323],[33.69874,-14.52322],[33.69882,-14.52319],[33.69893,-14.52319],[33.6991,-14.5231],[33.69924,-14.523],[33.6994,-14.5229],[33.69952,-14.52275],[33.69957,-14.52262],[33.69961,-14.52257],[33.6997,-14.52258],[33.69974,-14.52264],[33.69984,-14.52267],[33.69999,-14.52264],[33.70012,-14.52268],[33.70025,-14.52273],[33.70032,-14.52281],[33.70038,-14.5229],[33.70047,-14.52301],[33.70052,-14.52307],[33.70065,-14.52316],[33.70077,-14.52317],[33.70092,-14.52324],[33.70109,-14.52334],[33.70121,-14.52342],[33.70131,-14.52355],[33.70141,-14.52363],[33.70151,-14.52365],[33.70163,-14.52364],[33.7018,-14.52358],[33.70193,-14.52349],[33.70199,-14.52347],[33.70207,-14.5234],[33.7022,-14.52335],[33.70231,-14.52324],[33.70244,-14.52308],[33.70253,-14.52298],[33.70267,-14.5229],[33.70279,-14.52283],[33.70291,-14.5227],[33.70295,-14.52266],[33.703,-14.52268],[33.70304,-14.52269],[33.70309,-14.52264],[33.70314,-14.52258],[33.70333,-14.52254],[33.70342,-14.52248],[33.70347,-14.52233],[33.70357,-14.5222],[33.70367,-14.52211],[33.70388,-14.52216],[33.70403,-14.52226],[33.70423,-14.52232],[33.70434,-14.52229],[33.70441,-14.52221],[33.70454,-14.52214],[33.70466,-14.52214],[33.70484,-14.52226],[33.70497,-14.52237],[33.70526,-14.52237],[33.70545,-14.52237],[33.70566,-14.52241],[33.70603,-14.52256]]},"properties":{"id":1191685733,"cls":"path","hw":"path","tg":"na","name":"","ref":"","surface":"","sc":"unknown","speed":null,"lit":"unk","km":1.134}},
{"type":"Feature","geometry":{"type":"LineString","coordinates":[[33.68897,-14.52838],[33.68936,-14.52804],[33.68976,-14.52757],[33.69008,-14.52713],[33.69028,-14.52669],[33.69052,-14.52644],[33.69098,-14.52589],[33.69135,-14.52548],[33.69161,-14.52512],[33.69168,-14.52501],[33.69203,-14.5246],[33.69239,-14.52421],[33.69249,-14.52415],[33.69267,-14.52399],[33.69279,-14.52383],[33.69317,-14.52331],[33.69348,-14.52291],[33.69375,-14.52242],[33.69412,-14.52195],[33.69429,-14.52163],[33.6945,-14.52115],[33.69459,-14.5208],[33.6946,-14.52033],[33.69464,-14.51965],[33.69463,-14.51904],[33.6946,-14.51857],[33.69452,-14.51813]]},"properties":{"id":1191685734,"cls":"path","hw":"path","tg":"na","name":"","ref":"","surface":"","sc":"unknown","speed":null,"lit":"unk","km":1.346}},
{"type":"Feature","geometry":{"type":"LineString","coordinates":[[33.69494,-14.53238],[33.6949,-14.53219],[33.69486,-14.53209],[33.69486,-14.53199],[33.69482,-14.53187],[33.69475,-14.53178],[33.69469,-14.53163],[33.69465,-14.5315],[33.69459,-14.53137],[33.69453,-14.53119],[33.69447,-14.53108],[33.69445,-14.53099],[33.69437,-14.53085],[33.69426,-14.5307],[33.69419,-14.5306],[33.69416,-14.53045],[33.69413,-14.53033],[33.69411,-14.53022],[33.69415,-14.53015],[33.69413,-14.53005],[33.69412,-14.52998],[33.69412,-14.52986],[33.69409,-14.52977],[33.69404,-14.52964],[33.69401,-14.52949],[33.69395,-14.5294],[33.6939,-14.52933],[33.69385,-14.5292],[33.6938,-14.52908],[33.69374,-14.52898],[33.6937,-14.52888],[33.69363,-14.52874],[33.69354,-14.52859],[33.69349,-14.52846],[33.69341,-14.52829],[33.69336,-14.52817],[33.69331,-14.52807],[33.69327,-14.52795],[33.69316,-14.52784],[33.69311,-14.52773],[33.69304,-14.52754],[33.69288,-14.52731],[33.69274,-14.5271],[33.69268,-14.52698],[33.69262,-14.52687],[33.69259,-14.52679],[33.69258,-14.5267],[33.69255,-14.52662],[33.6925,-14.52656],[33.69248,-14.52644],[33.69242,-14.52629],[33.69236,-14.52625],[33.69223,-14.52615],[33.69213,-14.52601],[33.69205,-14.52588],[33.69197,-14.5257],[33.69195,-14.52565],[33.69191,-14.52558],[33.69187,-14.52546],[33.69183,-14.5254],[33.69178,-14.52534],[33.69175,-14.52527],[33.69171,-14.52508],[33.69168,-14.52501],[33.69165,-14.52492],[33.6916,-14.52485],[33.69159,-14.5248],[33.69156,-14.5247],[33.69148,-14.52457],[33.69145,-14.52452],[33.69143,-14.52441],[33.6914,-14.52432],[33.69133,-14.52423],[33.69127,-14.52412],[33.69121,-14.52399],[33.69111,-14.52385],[33.69107,-14.52377],[33.69099,-14.52372],[33.69098,-14.52367],[33.69089,-14.5236],[33.69086,-14.52347],[33.69085,-14.52339],[33.69078,-14.52329],[33.69078,-14.52322],[33.69078,-14.52317],[33.69077,-14.52312],[33.69074,-14.52308],[33.69074,-14.52303],[33.6907,-14.52297],[33.69068,-14.52286],[33.69063,-14.52276],[33.69062,-14.52268],[33.69063,-14.52263],[33.69064,-14.5226],[33.69062,-14.52254],[33.69061,-14.52249],[33.69061,-14.52242],[33.69061,-14.52236],[33.69059,-14.52231],[33.6906,-14.52221],[33.69062,-14.52213],[33.69062,-14.52204],[33.69061,-14.52197],[33.69063,-14.52189],[33.69065,-14.52181],[33.69067,-14.5217],[33.69066,-14.52163],[33.69067,-14.52156],[33.69066,-14.52149],[33.69059,-14.52131],[33.69057,-14.52122],[33.69055,-14.52112],[33.69056,-14.52105],[33.69055,-14.52096],[33.69052,-14.52091],[33.69046,-14.52089],[33.69043,-14.52085],[33.69037,-14.52071],[33.6903,-14.52058],[33.6903,-14.52049],[33.69029,-14.52043],[33.69023,-14.52033],[33.69019,-14.52026],[33.69016,-14.52016],[33.69013,-14.52009],[33.69008,-14.51991],[33.69003,-14.51979],[33.69,-14.51969],[33.68995,-14.51951]]},"properties":{"id":1191685735,"cls":"path","hw":"path","tg":"na","name":"","ref":"","surface":"","sc":"unknown","speed":null,"lit":"unk","km":1.575}},
{"type":"Feature","geometry":{"type":"LineString","coordinates":[[33.68502,-14.50528],[33.68514,-14.50517],[33.68522,-14.50505],[33.68531,-14.50499],[33.68537,-14.50489],[33.68546,-14.50481],[33.68555,-14.50471],[33.68564,-14.50461],[33.68576,-14.50449],[33.68585,-14.50437],[33.68593,-14.5043],[33.68608,-14.50423],[33.68617,-14.50421],[33.68624,-14.5042],[33.68629,-14.50415],[33.68641,-14.50408],[33.68654,-14.50398],[33.68666,-14.50392],[33.68682,-14.50384],[33.68698,-14.50376],[33.68713,-14.50373],[33.68721,-14.50368],[33.68733,-14.50362],[33.68746,-14.50358],[33.68757,-14.50351],[33.6877,-14.50341],[33.68778,-14.50331],[33.68785,-14.50321],[33.68789,-14.5031],[33.68792,-14.50303],[33.68797,-14.50299],[33.68824,-14.50286],[33.68835,-14.50278],[33.68849,-14.50271],[33.68855,-14.50268],[33.68865,-14.50264],[33.6887,-14.50262],[33.68878,-14.50256],[33.68891,-14.50248],[33.68909,-14.50236],[33.68918,-14.50229],[33.68933,-14.50213],[33.68949,-14.50197],[33.68954,-14.50192],[33.6896,-14.50186],[33.68968,-14.50179],[33.68981,-14.50164],[33.68995,-14.50154],[33.69002,-14.5015],[33.69007,-14.50146],[33.69013,-14.50144],[33.69015,-14.50142],[33.69016,-14.50141],[33.69016,-14.50139],[33.69015,-14.50136],[33.69016,-14.50134],[33.69023,-14.50125],[33.69031,-14.50113],[33.69032,-14.50111]]},"properties":{"id":1191690605,"cls":"path","hw":"path","tg":"na","name":"","ref":"","surface":"","sc":"unknown","speed":null,"lit":"unk","km":0.758}},
{"type":"Feature","geometry":{"type":"LineString","coordinates":[[33.68572,-14.5103],[33.68557,-14.51013],[33.68541,-14.51001],[33.6852,-14.50988],[33.68502,-14.50976],[33.68485,-14.50969],[33.68474,-14.50968],[33.68463,-14.50969],[33.68454,-14.50967],[33.68444,-14.50963],[33.68431,-14.50954],[33.68421,-14.5095],[33.68414,-14.50947],[33.68402,-14.50939]]},"properties":{"id":1191690606,"cls":"unclassified","hw":"unclassified","tg":"na","name":"","ref":"","surface":"","sc":"unknown","speed":null,"lit":"unk","km":0.215}},
{"type":"Feature","geometry":{"type":"LineString","coordinates":[[33.68441,-14.51674],[33.68448,-14.51667],[33.68455,-14.51663],[33.68468,-14.51663],[33.6849,-14.51662],[33.68518,-14.51661],[33.68531,-14.51663],[33.68542,-14.51663],[33.68553,-14.51659],[33.68574,-14.51648],[33.68585,-14.51643],[33.68598,-14.51633],[33.68612,-14.51623],[33.68623,-14.51616],[33.68632,-14.51608],[33.68645,-14.51599],[33.68658,-14.5159],[33.68665,-14.51583],[33.68675,-14.51574],[33.68687,-14.51554],[33.68699,-14.5154],[33.68711,-14.51525],[33.6873,-14.51499],[33.68747,-14.51479],[33.68755,-14.51469],[33.68763,-14.51464],[33.68794,-14.5144],[33.68808,-14.51426],[33.68815,-14.51413],[33.68823,-14.51404],[33.68832,-14.51397],[33.6885,-14.514],[33.68863,-14.51399]]},"properties":{"id":1191690607,"cls":"unclassified","hw":"unclassified","tg":"na","name":"","ref":"","surface":"unpaved","sc":"unpaved","speed":null,"lit":"unk","km":0.584}},
{"type":"Feature","geometry":{"type":"LineString","coordinates":[[33.68399,-14.51683],[33.68411,-14.51677],[33.68421,-14.5167],[33.68428,-14.51659],[33.68437,-14.5165]]},"properties":{"id":1191690608,"cls":"unclassified","hw":"unclassified","tg":"na","name":"","ref":"","surface":"unpaved","sc":"unpaved","speed":null,"lit":"unk","km":0.056}},
{"type":"Feature","geometry":{"type":"LineString","coordinates":[[33.69461,-14.51828],[33.69479,-14.51831],[33.69486,-14.51837],[33.69492,-14.5184],[33.69501,-14.51841],[33.69507,-14.51841],[33.69512,-14.51842],[33.69521,-14.51844],[33.69529,-14.51846],[33.69545,-14.51847],[33.69559,-14.51849],[33.69572,-14.51851],[33.69592,-14.51855],[33.69605,-14.51859],[33.69618,-14.51863],[33.69628,-14.51865],[33.69636,-14.51873],[33.69643,-14.51879],[33.69648,-14.51883],[33.69653,-14.51886],[33.69657,-14.51887],[33.69658,-14.5189],[33.69658,-14.51894],[33.6966,-14.51898],[33.69666,-14.51902],[33.6967,-14.51905],[33.69677,-14.51909],[33.69684,-14.51914],[33.69689,-14.5192],[33.69696,-14.51923],[33.69703,-14.51925],[33.6971,-14.51924],[33.69717,-14.51926],[33.69725,-14.5193],[33.69732,-14.5193],[33.69745,-14.51934],[33.69758,-14.51936],[33.69766,-14.51938],[33.6977,-14.5194],[33.69777,-14.51945],[33.69782,-14.51949],[33.69792,-14.51951],[33.69804,-14.51957],[33.69813,-14.51959],[33.69821,-14.51962],[33.6983,-14.51964],[33.69836,-14.51965],[33.69842,-14.51963],[33.69848,-14.51962],[33.69854,-14.51963],[33.69863,-14.51965],[33.69871,-14.51968],[33.6988,-14.51968],[33.69886,-14.51969],[33.69894,-14.51972],[33.69902,-14.51974],[33.69911,-14.51975],[33.69921,-14.51981]]},"properties":{"id":1191690609,"cls":"path","hw":"path","tg":"na","name":"","ref":"","surface":"","sc":"unknown","speed":null,"lit":"unk","km":0.544}},
{"type":"Feature","geometry":{"type":"LineString","coordinates":[[33.70206,-14.51984],[33.70189,-14.51973],[33.70171,-14.51965],[33.70149,-14.51959],[33.70127,-14.51956],[33.70101,-14.51954],[33.70092,-14.51952],[33.70082,-14.51945],[33.70072,-14.51936],[33.70067,-14.51926],[33.70056,-14.51912],[33.7005,-14.51898],[33.70034,-14.51885],[33.70011,-14.51861],[33.69991,-14.5184],[33.69979,-14.51832],[33.6996,-14.5182],[33.69946,-14.51807],[33.69924,-14.51791],[33.69915,-14.51781],[33.69906,-14.51777],[33.69887,-14.51771],[33.6987,-14.5177],[33.69853,-14.51771],[33.6984,-14.51769],[33.69826,-14.5176],[33.69814,-14.51747],[33.69808,-14.51732],[33.69799,-14.51714],[33.69786,-14.51694],[33.69772,-14.51676],[33.69757,-14.51651],[33.69746,-14.51631],[33.69741,-14.51615],[33.69741,-14.51605],[33.69746,-14.51593],[33.69753,-14.51577],[33.69757,-14.5156],[33.69762,-14.5155],[33.69767,-14.5154],[33.69772,-14.51526]]},"properties":{"id":1191690610,"cls":"unclassified","hw":"unclassified","tg":"na","name":"","ref":"","surface":"","sc":"unknown","speed":null,"lit":"unk","km":0.796}},
{"type":"Feature","geometry":{"type":"LineString","coordinates":[[33.69525,-14.51075],[33.69517,-14.51074],[33.69512,-14.51072],[33.69507,-14.51067],[33.69498,-14.51063],[33.69491,-14.51061],[33.69481,-14.51056],[33.6947,-14.5105],[33.6946,-14.51046],[33.69449,-14.51037],[33.69446,-14.51034],[33.6944,-14.51031],[33.69432,-14.51026],[33.69426,-14.51021],[33.69423,-14.51018],[33.69418,-14.51016],[33.69412,-14.51011],[33.69397,-14.51012],[33.69393,-14.51008],[33.6939,-14.51001],[33.69385,-14.51],[33.69377,-14.51001],[33.69336,-14.51002],[33.69315,-14.51002],[33.69299,-14.51],[33.69286,-14.50999],[33.69269,-14.50998],[33.69253,-14.50998],[33.69235,-14.50994],[33.69214,-14.50993]]},"properties":{"id":1191690611,"cls":"unclassified","hw":"unclassified","tg":"na","name":"","ref":"","surface":"","sc":"unknown","speed":null,"lit":"unk","km":0.365}},
{"type":"Feature","geometry":{"type":"LineString","coordinates":[[33.70473,-14.51483],[33.7046,-14.5147],[33.70438,-14.51454],[33.70415,-14.51451],[33.70399,-14.51447],[33.70387,-14.51441],[33.70373,-14.51442],[33.70362,-14.51441],[33.70334,-14.51434],[33.70313,-14.51425],[33.70286,-14.51419],[33.70271,-14.51412],[33.70252,-14.51408],[33.70234,-14.51403],[33.70214,-14.51396],[33.70191,-14.51394],[33.70174,-14.51394],[33.70159,-14.51396],[33.70152,-14.51396],[33.70143,-14.51392],[33.70128,-14.5139],[33.70114,-14.51389],[33.70105,-14.51385],[33.70099,-14.51376],[33.7009,-14.51372],[33.70067,-14.51361],[33.70054,-14.51355],[33.70045,-14.51351],[33.70034,-14.51345],[33.70027,-14.51341],[33.70019,-14.51332],[33.7001,-14.51324],[33.70004,-14.51315],[33.69995,-14.5131],[33.69984,-14.51304],[33.69971,-14.51295],[33.69957,-14.51287],[33.69938,-14.51278],[33.6991,-14.51271],[33.69895,-14.51267],[33.69882,-14.51262],[33.69868,-14.51254],[33.69856,-14.51254],[33.69839,-14.51244],[33.69828,-14.51235],[33.6982,-14.51229],[33.69811,-14.51224],[33.69795,-14.51222],[33.69781,-14.51219],[33.6976,-14.51215],[33.69744,-14.51214],[33.69729,-14.51213],[33.69714,-14.51214],[33.69704,-14.51213],[33.69691,-14.51207],[33.69684,-14.512],[33.69672,-14.51192],[33.69657,-14.51183],[33.69642,-14.51172],[33.69635,-14.51162],[33.6963,-14.51152],[33.69623,-14.51147],[33.6961,-14.51137],[33.69599,-14.51129],[33.69592,-14.51122],[33.69582,-14.51119],[33.69572,-14.51115],[33.69561,-14.51108],[33.69555,-14.51102],[33.69551,-14.51096],[33.69547,-14.51091],[33.6954,-14.51087],[33.69532,-14.51084],[33.69525,-14.51075],[33.69521,-14.51069],[33.69514,-14.51057],[33.69501,-14.51041],[33.69494,-14.51024],[33.6949,-14.51003],[33.69488,-14.50992],[33.69482,-14.50977],[33.69479,-14.50966],[33.69479,-14.50949],[33.69476,-14.50935],[33.69471,-14.50929],[33.69454,-14.50913],[33.6943,-14.509],[33.6939,-14.50873],[33.69367,-14.50858],[33.69317,-14.50823],[33.6928,-14.50796],[33.69249,-14.50775],[33.69233,-14.50767]]},"properties":{"id":1191690612,"cls":"unclassified","hw":"unclassified","tg":"na","name":"","ref":"","surface":"unpaved","sc":"unpaved","speed":null,"lit":"unk","km":1.651}},
{"type":"Feature","geometry":{"type":"LineString","coordinates":[[33.70099,-14.50988],[33.701,-14.5098],[33.70109,-14.50968],[33.7012,-14.50951],[33.70124,-14.50944],[33.70133,-14.50932],[33.70139,-14.50919],[33.7014,-14.5091],[33.70144,-14.50904],[33.70148,-14.50892],[33.70157,-14.50876],[33.70164,-14.50859],[33.70172,-14.50839],[33.70181,-14.50815],[33.70191,-14.50799],[33.70199,-14.50791],[33.70207,-14.50775],[33.70215,-14.50759],[33.7022,-14.50746],[33.70233,-14.50729],[33.70237,-14.50711],[33.70237,-14.50687],[33.70236,-14.50658],[33.70234,-14.50641],[33.70234,-14.50615],[33.70239,-14.50589],[33.7024,-14.50565],[33.70242,-14.50549],[33.70249,-14.50534],[33.7025,-14.50516],[33.70252,-14.50495],[33.70254,-14.50481],[33.70256,-14.50469]]},"properties":{"id":1191690613,"cls":"unclassified","hw":"unclassified","tg":"na","name":"","ref":"","surface":"","sc":"unknown","speed":null,"lit":"unk","km":0.618}},
{"type":"Feature","geometry":{"type":"LineString","coordinates":[[33.70229,-14.50907],[33.70234,-14.50889],[33.7024,-14.50881],[33.70245,-14.50869],[33.70258,-14.5086],[33.70263,-14.50845],[33.70267,-14.50839],[33.70279,-14.50832],[33.70294,-14.50819],[33.70313,-14.50802],[33.70324,-14.50792],[33.70333,-14.50783],[33.70339,-14.50769],[33.70343,-14.50749],[33.70351,-14.50731],[33.70363,-14.50707],[33.70365,-14.50691],[33.70372,-14.50682],[33.7039,-14.50659],[33.70399,-14.50645],[33.70406,-14.50634],[33.70412,-14.50625],[33.7042,-14.5062],[33.70431,-14.50608],[33.70441,-14.50597],[33.70449,-14.50586],[33.70459,-14.50575],[33.70463,-14.50565],[33.70464,-14.50552],[33.70466,-14.50529],[33.70465,-14.50498],[33.70467,-14.50474],[33.70473,-14.50443],[33.70482,-14.50421],[33.70486,-14.504],[33.70492,-14.50378],[33.70507,-14.50348],[33.70523,-14.50323],[33.70544,-14.50296],[33.70566,-14.5027],[33.70587,-14.50248],[33.70602,-14.50234],[33.70623,-14.50221],[33.70643,-14.50214],[33.70664,-14.50205],[33.70681,-14.50197],[33.70692,-14.50193],[33.70706,-14.50185],[33.70716,-14.50179],[33.70728,-14.50169],[33.70742,-14.50155],[33.70762,-14.50136],[33.70777,-14.50118]]},"properties":{"id":1191690614,"cls":"unclassified","hw":"unclassified","tg":"na","name":"","ref":"","surface":"","sc":"unknown","speed":null,"lit":"unk","km":1.114}},
{"type":"Feature","geometry":{"type":"LineString","coordinates":[[33.70531,-14.50058],[33.70546,-14.50067],[33.70558,-14.50074],[33.70568,-14.50079],[33.70575,-14.50084],[33.70583,-14.50088],[33.70602,-14.50098],[33.70609,-14.50102],[33.70619,-14.50107],[33.70636,-14.50115],[33.70653,-14.50121],[33.70669,-14.50126],[33.70684,-14.5013],[33.7069,-14.50132],[33.70694,-14.50135],[33.70701,-14.50142],[33.70709,-14.50146],[33.70718,-14.50147],[33.70727,-14.50143],[33.70741,-14.50134],[33.70754,-14.50129],[33.70762,-14.50125],[33.70777,-14.50118],[33.70798,-14.50108],[33.70815,-14.50099],[33.7082,-14.50097],[33.70827,-14.50096],[33.70833,-14.50096]]},"properties":{"id":1191690615,"cls":"unclassified","hw":"unclassified","tg":"na","name":"","ref":"","surface":"","sc":"unknown","speed":null,"lit":"unk","km":0.364}},
{"type":"Feature","geometry":{"type":"LineString","coordinates":[[33.70594,-14.51544],[33.70582,-14.51528],[33.70569,-14.51498],[33.70561,-14.51481],[33.70557,-14.51461],[33.70548,-14.51439],[33.70545,-14.51423],[33.70545,-14.51413],[33.7055,-14.51402],[33.7055,-14.51391],[33.70545,-14.51374],[33.70542,-14.51364],[33.70536,-14.51344],[33.70534,-14.51329],[33.7053,-14.51315],[33.70521,-14.51297],[33.70518,-14.51276],[33.70519,-14.51265],[33.70513,-14.51252],[33.70508,-14.51239],[33.70506,-14.51222],[33.70501,-14.51204],[33.70495,-14.51186],[33.70491,-14.51169],[33.70482,-14.51148],[33.70476,-14.51132],[33.7047,-14.51115],[33.70461,-14.51098],[33.7045,-14.51079],[33.70446,-14.51061],[33.70447,-14.51049],[33.7045,-14.51028],[33.70453,-14.51018],[33.70451,-14.51001],[33.70449,-14.50982],[33.70448,-14.50969],[33.70445,-14.50955],[33.70444,-14.50939],[33.70439,-14.50928],[33.70438,-14.50915],[33.70438,-14.50897],[33.70439,-14.50882],[33.70436,-14.50866],[33.70432,-14.50851],[33.70428,-14.50839],[33.70417,-14.5083],[33.70409,-14.5082],[33.70402,-14.5081],[33.70397,-14.50793],[33.70393,-14.50773],[33.70388,-14.50756],[33.70385,-14.50744],[33.7038,-14.5073],[33.70379,-14.50717],[33.70374,-14.50705],[33.70365,-14.50691],[33.70353,-14.50678],[33.70341,-14.50661],[33.70328,-14.50644],[33.70324,-14.50633],[33.7032,-14.50622],[33.70315,-14.50609],[33.7031,-14.50596],[33.70305,-14.50586],[33.70294,-14.50569],[33.70284,-14.50554],[33.70276,-14.50537],[33.7027,-14.5052],[33.70265,-14.50496],[33.7026,-14.50478],[33.70256,-14.50469],[33.70251,-14.50456],[33.70245,-14.50435],[33.70245,-14.50422],[33.70243,-14.50404],[33.70241,-14.50386],[33.70237,-14.50375],[33.70236,-14.50364],[33.70236,-14.50344],[33.70237,-14.50326],[33.70239,-14.50295],[33.7024,-14.50269],[33.70241,-14.50257],[33.70246,-14.50236],[33.70252,-14.50214],[33.70258,-14.502],[33.70265,-14.50192],[33.70271,-14.50181],[33.70275,-14.50163],[33.70281,-14.50152],[33.70286,-14.5014],[33.70283,-14.50126],[33.70282,-14.50103],[33.7028,-14.50081],[33.70276,-14.50059],[33.70266,-14.50037],[33.70258,-14.50016],[33.70247,-14.49989],[33.70242,-14.49968],[33.70243,-14.49953],[33.70244,-14.49929],[33.70244,-14.49905],[33.70245,-14.49886],[33.70244,-14.49874],[33.70239,-14.49861],[33.70228,-14.49847],[33.70215,-14.49832],[33.70207,-14.4982],[33.70204,-14.49809],[33.70202,-14.49795],[33.70199,-14.49778],[33.70194,-14.49766],[33.70184,-14.49759],[33.70175,-14.49753],[33.70172,-14.49744],[33.70169,-14.49728]]},"properties":{"id":1191690617,"cls":"unclassified","hw":"unclassified","tg":"na","name":"","ref":"","surface":"unpaved","sc":"unpaved","speed":null,"lit":"unk","km":2.15}},
{"type":"Feature","geometry":{"type":"LineString","coordinates":[[33.72663,-14.50489],[33.72644,-14.5048],[33.72621,-14.50469],[33.72606,-14.50462],[33.72591,-14.50456],[33.72579,-14.50447],[33.72566,-14.5044],[33.72551,-14.5043],[33.72529,-14.50421],[33.72507,-14.50411],[33.72491,-14.50402],[33.72475,-14.50393],[33.72461,-14.50384],[33.72451,-14.50376],[33.72444,-14.50368],[33.72432,-14.50359],[33.72423,-14.50356],[33.72395,-14.50349],[33.72372,-14.50342],[33.7236,-14.50335],[33.72348,-14.50329],[33.72331,-14.50324],[33.72313,-14.50324],[33.72297,-14.50322],[33.7228,-14.50318],[33.72256,-14.50313],[33.7223,-14.50303],[33.72206,-14.50297],[33.7218,-14.50291],[33.72171,-14.50288],[33.72156,-14.50276],[33.72136,-14.50267],[33.72114,-14.50254],[33.72085,-14.50241],[33.72053,-14.50223],[33.72027,-14.50208],[33.72007,-14.50194],[33.71996,-14.50187],[33.7198,-14.50183],[33.71961,-14.50176],[33.71944,-14.50167],[33.71933,-14.50162],[33.71925,-14.5016],[33.71917,-14.5016],[33.71913,-14.50157],[33.71902,-14.5015]]},"properties":{"id":1191694866,"cls":"unclassified","hw":"unclassified","tg":"na","name":"","ref":"","surface":"","sc":"unknown","speed":null,"lit":"unk","km":0.914}},
{"type":"Feature","geometry":{"type":"LineString","coordinates":[[33.72459,-14.50028],[33.72451,-14.50024],[33.72442,-14.50013],[33.72434,-14.50006],[33.72423,-14.5],[33.72415,-14.49991],[33.7241,-14.49983],[33.724,-14.49973],[33.72391,-14.49966],[33.72382,-14.49957],[33.72375,-14.49952],[33.7237,-14.49946],[33.72366,-14.49939],[33.72363,-14.49936],[33.72359,-14.49932],[33.72357,-14.49926],[33.7235,-14.49919],[33.72343,-14.49911],[33.72332,-14.49895],[33.72323,-14.49881],[33.72317,-14.49866],[33.72305,-14.49845],[33.72301,-14.49839],[33.723,-14.49832],[33.72299,-14.49815],[33.72295,-14.49801],[33.72288,-14.4978],[33.72283,-14.49764],[33.72276,-14.49746],[33.7227,-14.49732],[33.72263,-14.49714],[33.72257,-14.49702],[33.72252,-14.49688],[33.72253,-14.49678],[33.7225,-14.49662],[33.72247,-14.49646],[33.72243,-14.49626],[33.72236,-14.49613],[33.72229,-14.49602],[33.72227,-14.49593],[33.72229,-14.49576],[33.72228,-14.49558],[33.72228,-14.49549],[33.72225,-14.49539],[33.7222,-14.4953],[33.72219,-14.49522],[33.72221,-14.49518],[33.72225,-14.49508],[33.72228,-14.49495],[33.72227,-14.49483],[33.72221,-14.49469],[33.72215,-14.49448],[33.7221,-14.49431],[33.7221,-14.49417],[33.72208,-14.49395],[33.72204,-14.49379],[33.72196,-14.49357],[33.72191,-14.49345],[33.72184,-14.49333],[33.72177,-14.49324],[33.72171,-14.4931],[33.72165,-14.49295],[33.72163,-14.49285],[33.72161,-14.4927],[33.72153,-14.4925],[33.72144,-14.49227],[33.72138,-14.4921],[33.72132,-14.49188],[33.7213,-14.49173],[33.7213,-14.4916],[33.72126,-14.49148],[33.72124,-14.49138],[33.72122,-14.49119],[33.7212,-14.49102],[33.72115,-14.49086],[33.72108,-14.49066],[33.72106,-14.49056],[33.72106,-14.49037],[33.72106,-14.49016],[33.72105,-14.48998],[33.72101,-14.48972],[33.72095,-14.48947],[33.7209,-14.48932],[33.7208,-14.4891],[33.72071,-14.48895],[33.72067,-14.48874],[33.72064,-14.48852],[33.72061,-14.48832],[33.72055,-14.48812],[33.72048,-14.48796],[33.7204,-14.48777],[33.72033,-14.48769],[33.72022,-14.48761],[33.72013,-14.48749],[33.72004,-14.48739],[33.71995,-14.48728],[33.71988,-14.48715],[33.71983,-14.48706],[33.71963,-14.48689],[33.71958,-14.48677],[33.71952,-14.48664],[33.71943,-14.48652],[33.71937,-14.48641],[33.71931,-14.48629],[33.71928,-14.48621],[33.7193,-14.48611]]},"properties":{"id":1191694867,"cls":"path","hw":"path","tg":"na","name":"","ref":"","surface":"","sc":"unknown","speed":null,"lit":"unk","km":1.734}},
{"type":"Feature","geometry":{"type":"LineString","coordinates":[[33.71545,-14.50186],[33.71536,-14.50185],[33.71524,-14.50184],[33.71517,-14.50186],[33.71509,-14.50189],[33.71503,-14.50193],[33.71497,-14.50195],[33.71491,-14.50199],[33.71483,-14.50201],[33.71475,-14.50203],[33.71466,-14.50201],[33.71461,-14.50202],[33.71457,-14.50204],[33.71454,-14.50207],[33.71451,-14.50211],[33.71449,-14.50215],[33.71444,-14.50217],[33.71438,-14.5022],[33.71434,-14.50221],[33.71429,-14.50219],[33.71421,-14.50216],[33.71415,-14.50216],[33.71408,-14.50217],[33.71403,-14.50217],[33.71398,-14.50215],[33.71394,-14.50213],[33.71389,-14.5021],[33.71383,-14.50208],[33.71374,-14.50205],[33.71366,-14.50206],[33.71361,-14.50203],[33.71355,-14.502],[33.71349,-14.502],[33.71344,-14.502],[33.71334,-14.50198],[33.71323,-14.50196],[33.71315,-14.50194],[33.71303,-14.5019],[33.71298,-14.50187],[33.71294,-14.50181],[33.71289,-14.50178],[33.71285,-14.50178],[33.71279,-14.50176],[33.71269,-14.50165],[33.71263,-14.50154],[33.71259,-14.50144],[33.71255,-14.50138],[33.71253,-14.50133],[33.71247,-14.50124],[33.71242,-14.50119],[33.71232,-14.50109],[33.71225,-14.50106],[33.71212,-14.50103],[33.71204,-14.50103],[33.71199,-14.50101],[33.71188,-14.50092],[33.71178,-14.50076],[33.71168,-14.50067],[33.71158,-14.50062],[33.71145,-14.50058],[33.71136,-14.50052],[33.71129,-14.50043],[33.71126,-14.50039],[33.7112,-14.50036],[33.71107,-14.50033],[33.7109,-14.50028],[33.71071,-14.50025],[33.7105,-14.5002],[33.71034,-14.50016]]},"properties":{"id":1191694869,"cls":"path","hw":"path","tg":"na","name":"","ref":"","surface":"","sc":"unknown","speed":null,"lit":"unk","km":0.651}},
{"type":"Feature","geometry":{"type":"LineString","coordinates":[[33.70597,-14.50389],[33.70612,-14.50372],[33.70626,-14.50359],[33.70634,-14.50345],[33.70638,-14.5033]]},"properties":{"id":1191694870,"cls":"unclassified","hw":"unclassified","tg":"na","name":"","ref":"","surface":"","sc":"unknown","speed":null,"lit":"unk","km":0.081}},
{"type":"Feature","geometry":{"type":"LineString","coordinates":[[33.71016,-14.50868],[33.71007,-14.50854],[33.71,-14.5085],[33.70994,-14.50845],[33.70988,-14.50843],[33.70982,-14.50841],[33.70974,-14.50837],[33.70964,-14.50834],[33.70955,-14.50825],[33.70948,-14.50814],[33.70944,-14.50807],[33.70938,-14.50792],[33.70934,-14.50782],[33.70927,-14.50765],[33.70924,-14.50752],[33.7092,-14.50743],[33.70914,-14.50729],[33.7091,-14.50722],[33.70904,-14.50717],[33.70897,-14.50712],[33.70891,-14.50707],[33.70885,-14.50696],[33.7088,-14.50687],[33.70874,-14.50678],[33.70868,-14.50675],[33.70861,-14.50672],[33.70857,-14.50669],[33.70855,-14.50661],[33.70849,-14.50655],[33.7084,-14.50648],[33.70829,-14.50644],[33.70824,-14.50636],[33.70819,-14.50627],[33.70818,-14.50619],[33.70817,-14.50612],[33.70812,-14.50604],[33.70805,-14.50597],[33.70796,-14.50591],[33.70789,-14.50586],[33.70787,-14.50582],[33.70781,-14.50577],[33.70775,-14.50575],[33.7077,-14.5057],[33.70763,-14.50562],[33.70758,-14.50555],[33.70755,-14.50556],[33.70751,-14.50559],[33.70745,-14.50559],[33.7074,-14.50556],[33.70734,-14.5055],[33.70729,-14.50534],[33.70725,-14.50517],[33.70714,-14.50489],[33.7071,-14.5047],[33.70703,-14.50452],[33.70699,-14.50444],[33.70691,-14.50435],[33.70685,-14.50421],[33.70674,-14.5041],[33.70666,-14.50391],[33.70649,-14.50361],[33.70641,-14.50344],[33.70638,-14.5033],[33.70635,-14.50314],[33.70638,-14.50298],[33.70645,-14.50284]]},"properties":{"id":1191694871,"cls":"unclassified","hw":"unclassified","tg":"na","name":"","ref":"","surface":"","sc":"unknown","speed":null,"lit":"unk","km":0.82}},
{"type":"Feature","geometry":{"type":"LineString","coordinates":[[33.70597,-14.51366],[33.70608,-14.51364],[33.70613,-14.5136],[33.70616,-14.51357],[33.70616,-14.51352],[33.70618,-14.5135],[33.70623,-14.51349],[33.70628,-14.51347],[33.70634,-14.51345],[33.70643,-14.51341],[33.7065,-14.51333],[33.70656,-14.51324],[33.7066,-14.51316],[33.70663,-14.51313],[33.70672,-14.51308],[33.70679,-14.51306],[33.70683,-14.51303],[33.70688,-14.513],[33.70693,-14.51293],[33.70699,-14.51288],[33.70705,-14.51282],[33.70707,-14.51277],[33.70709,-14.51273],[33.70714,-14.51269],[33.70725,-14.51265],[33.70736,-14.5126],[33.70742,-14.51255],[33.70746,-14.51252],[33.7075,-14.51252],[33.70753,-14.51253],[33.70757,-14.5125],[33.70764,-14.51245],[33.70767,-14.51241],[33.70769,-14.51237],[33.70772,-14.51235],[33.70777,-14.51233],[33.70781,-14.51229],[33.70784,-14.51227],[33.7079,-14.51226],[33.70794,-14.51225],[33.70801,-14.5122],[33.70805,-14.51217],[33.7081,-14.51216],[33.70816,-14.51209],[33.70824,-14.51205],[33.70835,-14.51201],[33.70842,-14.51198],[33.7085,-14.51196],[33.70858,-14.51194],[33.70863,-14.5119],[33.70869,-14.51187],[33.70875,-14.51185],[33.70879,-14.51182],[33.70883,-14.51182],[33.70889,-14.51179],[33.70895,-14.51177],[33.709,-14.51173],[33.70903,-14.51171],[33.70907,-14.51171],[33.70912,-14.51169],[33.70916,-14.51166],[33.70921,-14.51162],[33.70929,-14.51157]]},"properties":{"id":1191694916,"cls":"path","hw":"path","tg":"na","name":"","ref":"","surface":"","sc":"unknown","speed":null,"lit":"unk","km":0.446}},
{"type":"Feature","geometry":{"type":"LineString","coordinates":[[33.70866,-14.51752],[33.70878,-14.51755],[33.7089,-14.51754],[33.70898,-14.51757],[33.70906,-14.51758],[33.70912,-14.51757],[33.7092,-14.51757],[33.70928,-14.51754],[33.70936,-14.51749],[33.70947,-14.51743],[33.70961,-14.5174],[33.70968,-14.5174],[33.70974,-14.51737],[33.7098,-14.51733],[33.70986,-14.5173],[33.70996,-14.51729],[33.71007,-14.51728],[33.71013,-14.51727],[33.71026,-14.5172],[33.71036,-14.51715],[33.71042,-14.51711],[33.71045,-14.5171],[33.71049,-14.51709],[33.71054,-14.51708],[33.71063,-14.51704]]},"properties":{"id":1191694917,"cls":"unclassified","hw":"unclassified","tg":"na","name":"","ref":"","surface":"","sc":"unknown","speed":null,"lit":"unk","km":0.227}},
{"type":"Feature","geometry":{"type":"LineString","coordinates":[[33.71225,-14.50532],[33.71221,-14.50522],[33.71219,-14.50505],[33.71217,-14.50484],[33.71215,-14.50465],[33.71207,-14.50443],[33.71194,-14.50414],[33.7119,-14.50398],[33.71187,-14.50388],[33.71176,-14.50374],[33.7117,-14.50357],[33.71167,-14.50347],[33.71163,-14.50339],[33.71157,-14.50333],[33.71152,-14.50324],[33.71147,-14.5031],[33.7114,-14.50295],[33.71135,-14.50282],[33.71131,-14.50266],[33.71127,-14.50243],[33.71127,-14.50225],[33.71125,-14.50211],[33.71121,-14.50196],[33.71117,-14.50186],[33.71111,-14.50176],[33.71106,-14.50162],[33.71103,-14.50146],[33.711,-14.50134],[33.71095,-14.50125],[33.71089,-14.50119],[33.71086,-14.50111],[33.71084,-14.50097],[33.71081,-14.50088],[33.71076,-14.5008],[33.71072,-14.50071],[33.71065,-14.50061],[33.71056,-14.50049],[33.71048,-14.50035],[33.71041,-14.50025],[33.71034,-14.50016],[33.71027,-14.50011],[33.71018,-14.50002],[33.71006,-14.49992],[33.70994,-14.49983],[33.70982,-14.49971],[33.70978,-14.49962]]},"properties":{"id":1191694918,"cls":"unclassified","hw":"unclassified","tg":"na","name":"","ref":"","surface":"","sc":"unknown","speed":null,"lit":"unk","km":0.706}},
{"type":"Feature","geometry":{"type":"LineString","coordinates":[[33.71526,-14.50085],[33.7153,-14.50075],[33.71534,-14.50065],[33.71535,-14.50057],[33.71532,-14.50048],[33.71528,-14.50034],[33.71528,-14.50026]]},"properties":{"id":1191694920,"cls":"unclassified","hw":"unclassified","tg":"na","name":"","ref":"","surface":"","sc":"unknown","speed":null,"lit":"unk","km":0.068}},
{"type":"Feature","geometry":{"type":"LineString","coordinates":[[33.71616,-14.50177],[33.71612,-14.50161],[33.71601,-14.50136],[33.71591,-14.50118],[33.71585,-14.50102],[33.71578,-14.50071],[33.7157,-14.50058],[33.71558,-14.50042],[33.71542,-14.50033],[33.71528,-14.50026],[33.71524,-14.50018],[33.71521,-14.50003],[33.71523,-14.49982],[33.71522,-14.49952],[33.71519,-14.49933],[33.71519,-14.49919],[33.71522,-14.49897],[33.71522,-14.49878],[33.71523,-14.49868],[33.71527,-14.4986],[33.71532,-14.49844],[33.7154,-14.49825],[33.71545,-14.49803],[33.71553,-14.49779],[33.71556,-14.49763],[33.71558,-14.49749],[33.71564,-14.49737],[33.71573,-14.49724],[33.7158,-14.49716],[33.71584,-14.4971],[33.71586,-14.49704],[33.71589,-14.49692],[33.71592,-14.49676],[33.71595,-14.49668],[33.71599,-14.49658],[33.71603,-14.49644],[33.71607,-14.49636],[33.71614,-14.49625],[33.71615,-14.49618],[33.71617,-14.49603],[33.71616,-14.4959],[33.71616,-14.49581],[33.71613,-14.49571],[33.71611,-14.49561],[33.7161,-14.49551],[33.71611,-14.49544],[33.71614,-14.49533],[33.71616,-14.49524],[33.71614,-14.49515],[33.71609,-14.49509],[33.71599,-14.49503],[33.71593,-14.49499],[33.71586,-14.49496],[33.71579,-14.49494],[33.71573,-14.49495],[33.71566,-14.49494],[33.71556,-14.49492],[33.71547,-14.49491],[33.71539,-14.49489],[33.71532,-14.49485],[33.71528,-14.49482],[33.71526,-14.49475]]},"properties":{"id":1191694922,"cls":"unclassified","hw":"unclassified","tg":"na","name":"","ref":"","surface":"","sc":"unknown","speed":null,"lit":"unk","km":0.905}},
{"type":"Feature","geometry":{"type":"LineString","coordinates":[[33.71748,-14.52785],[33.71731,-14.52781],[33.71714,-14.52777],[33.71685,-14.52769],[33.71651,-14.52761],[33.71589,-14.52738],[33.71578,-14.52733],[33.71569,-14.52728],[33.7156,-14.52722],[33.71552,-14.52718],[33.7154,-14.52712],[33.71514,-14.527],[33.71502,-14.52696],[33.71494,-14.52692],[33.71483,-14.52688],[33.71454,-14.52674],[33.71425,-14.52661],[33.71399,-14.5265],[33.71368,-14.52639],[33.71336,-14.5263],[33.71326,-14.52628],[33.71314,-14.52627],[33.71303,-14.52624],[33.7129,-14.5262],[33.71231,-14.52593],[33.71227,-14.52592],[33.71175,-14.5257],[33.71143,-14.52553],[33.71121,-14.52541],[33.71078,-14.52516]]},"properties":{"id":1191716057,"cls":"unclassified","hw":"unclassified","tg":"na","name":"","ref":"","surface":"","sc":"unknown","speed":null,"lit":"unk","km":0.785}},
{"type":"Feature","geometry":{"type":"LineString","coordinates":[[33.84349,-14.5394],[33.84351,-14.5393],[33.84352,-14.53922],[33.84352,-14.53916],[33.84353,-14.53913],[33.84353,-14.53907],[33.84354,-14.53902],[33.84355,-14.539],[33.84357,-14.53899],[33.84358,-14.53897],[33.84358,-14.53894],[33.84358,-14.53892],[33.84358,-14.53888],[33.84357,-14.5388],[33.84357,-14.53874],[33.84355,-14.5387],[33.84352,-14.53862],[33.8435,-14.53855],[33.84348,-14.53845],[33.84347,-14.53841],[33.84345,-14.53835],[33.84343,-14.53829],[33.8434,-14.53823],[33.84338,-14.53818],[33.84335,-14.53813],[33.84331,-14.53807],[33.84327,-14.538],[33.84325,-14.53794],[33.84322,-14.53788],[33.84319,-14.53784],[33.84315,-14.53781],[33.84309,-14.53774],[33.84306,-14.5377],[33.84302,-14.53764],[33.84296,-14.53754],[33.84291,-14.53744],[33.84283,-14.5373],[33.84278,-14.53721],[33.84272,-14.53712],[33.84268,-14.53708],[33.84263,-14.53704],[33.84258,-14.53701],[33.84254,-14.537],[33.84247,-14.53697],[33.84238,-14.5369],[33.84231,-14.53686],[33.84225,-14.53681],[33.84218,-14.53679],[33.84208,-14.53674],[33.84201,-14.53669],[33.84195,-14.53667],[33.84185,-14.53662],[33.84175,-14.53657],[33.84168,-14.53653],[33.84161,-14.53645],[33.84158,-14.53639],[33.84155,-14.53634],[33.84153,-14.53628],[33.84152,-14.53624],[33.84151,-14.53621],[33.84149,-14.53617],[33.84147,-14.53612],[33.84144,-14.53604],[33.8414,-14.53597],[33.84136,-14.53593],[33.84131,-14.53589],[33.84124,-14.53586],[33.84116,-14.53582],[33.84108,-14.53577],[33.84103,-14.53572],[33.84098,-14.53567],[33.84094,-14.53562],[33.84089,-14.53556],[33.84085,-14.53552],[33.84077,-14.53545],[33.84071,-14.5354],[33.84064,-14.53534],[33.84057,-14.53525],[33.84052,-14.53517],[33.84047,-14.53509],[33.84043,-14.53502],[33.84037,-14.53496],[33.84031,-14.53488],[33.84026,-14.53481],[33.8402,-14.53475],[33.84015,-14.53469],[33.84011,-14.53464],[33.84007,-14.53457],[33.84001,-14.53451],[33.83997,-14.53447],[33.83989,-14.53439],[33.83982,-14.53433],[33.83977,-14.5343],[33.8397,-14.53429],[33.83965,-14.53429],[33.83962,-14.5343],[33.83957,-14.53432],[33.83952,-14.53434],[33.83945,-14.53435],[33.83937,-14.53435],[33.83932,-14.53434],[33.83925,-14.53431],[33.83913,-14.53426],[33.839,-14.5342],[33.83893,-14.53417],[33.83886,-14.53417],[33.83875,-14.53416],[33.83864,-14.53414],[33.83856,-14.5341],[33.83846,-14.53402],[33.8384,-14.53397],[33.83829,-14.5339],[33.83819,-14.53383],[33.83808,-14.53374],[33.83795,-14.53365],[33.83777,-14.5335],[33.83764,-14.53333],[33.83754,-14.53313],[33.83749,-14.53301]]},"properties":{"id":1191742226,"cls":"unclassified","hw":"unclassified","tg":"na","name":"","ref":"","surface":"","sc":"unknown","speed":null,"lit":"unk","km":1.048}},
{"type":"Feature","geometry":{"type":"LineString","coordinates":[[33.82244,-14.5264],[33.82245,-14.52625],[33.82245,-14.52612],[33.82251,-14.52596],[33.82259,-14.52575],[33.82261,-14.52562],[33.82263,-14.52549],[33.82271,-14.52534],[33.82275,-14.52517],[33.8228,-14.52506],[33.82284,-14.52492],[33.82289,-14.52475],[33.82292,-14.5246],[33.82293,-14.52444],[33.82292,-14.52429],[33.82292,-14.52408],[33.82292,-14.52397],[33.82289,-14.52384],[33.8229,-14.52376],[33.8229,-14.52357],[33.82293,-14.52326],[33.82293,-14.52308],[33.82289,-14.52292],[33.82283,-14.52272],[33.82275,-14.52251],[33.82269,-14.52235],[33.82262,-14.52224],[33.82256,-14.52209],[33.82249,-14.52189],[33.82241,-14.52167],[33.82237,-14.52151],[33.82232,-14.52131],[33.82229,-14.52098],[33.8223,-14.52082],[33.8223,-14.52072],[33.82227,-14.52061],[33.82221,-14.52051],[33.82209,-14.52032],[33.822,-14.52013],[33.82196,-14.52002],[33.82191,-14.51987],[33.82189,-14.51974]]},"properties":{"id":1191742322,"cls":"path","hw":"path","tg":"na","name":"","ref":"","surface":"","sc":"unknown","speed":null,"lit":"unk","km":0.771}},
{"type":"Feature","geometry":{"type":"LineString","coordinates":[[33.8348,-14.5242],[33.83454,-14.52408],[33.83426,-14.52398],[33.83406,-14.52389],[33.83388,-14.52375],[33.83379,-14.52364],[33.83368,-14.52357],[33.83354,-14.52343],[33.83343,-14.52333],[33.83337,-14.52331],[33.83329,-14.52332],[33.83315,-14.52337],[33.83301,-14.52343],[33.83287,-14.52349],[33.83275,-14.52355],[33.83271,-14.52356],[33.83261,-14.52353],[33.83252,-14.52351],[33.83242,-14.52349],[33.83225,-14.52342],[33.83209,-14.52335],[33.83189,-14.52322],[33.83169,-14.52309],[33.83152,-14.52291],[33.83138,-14.52274],[33.8313,-14.52267],[33.83114,-14.52263],[33.83105,-14.5226],[33.83099,-14.52255],[33.83091,-14.52245],[33.83087,-14.52244],[33.8308,-14.52246],[33.83069,-14.5225],[33.83055,-14.52251],[33.8304,-14.52254],[33.83021,-14.52254],[33.83003,-14.52256],[33.82982,-14.52258],[33.82965,-14.52261],[33.82947,-14.52265],[33.82926,-14.52268],[33.82911,-14.52272],[33.82896,-14.52273],[33.82879,-14.52274],[33.82862,-14.52276],[33.82853,-14.52276],[33.82834,-14.5228],[33.82824,-14.52284],[33.82812,-14.52286],[33.828,-14.52288],[33.82777,-14.52291],[33.82739,-14.52293],[33.82718,-14.5229],[33.82693,-14.52288],[33.8266,-14.52285],[33.82632,-14.52288],[33.82608,-14.52291],[33.82592,-14.52296],[33.82582,-14.52299],[33.82565,-14.52301],[33.82544,-14.52302],[33.82516,-14.52307],[33.82502,-14.52311],[33.82486,-14.52316],[33.82464,-14.52319],[33.82442,-14.52319],[33.82422,-14.52322],[33.82405,-14.52318],[33.82383,-14.52312],[33.82371,-14.52312],[33.82367,-14.52319],[33.82357,-14.52329],[33.8235,-14.52339],[33.82346,-14.52352],[33.82339,-14.52363],[33.82329,-14.52369],[33.82318,-14.52373]]},"properties":{"id":1191742323,"cls":"path","hw":"path","tg":"na","name":"","ref":"","surface":"","sc":"unknown","speed":null,"lit":"unk","km":1.379}},
{"type":"Feature","geometry":{"type":"LineString","coordinates":[[33.81589,-14.52482],[33.81601,-14.52494],[33.81617,-14.52512],[33.81633,-14.52533],[33.81643,-14.52549],[33.81652,-14.52555],[33.81662,-14.5256],[33.81673,-14.52569],[33.81684,-14.52576],[33.81696,-14.52578],[33.81708,-14.52574],[33.81721,-14.52569],[33.81728,-14.52566],[33.81734,-14.52565],[33.81743,-14.52566],[33.81753,-14.5257],[33.81764,-14.52575],[33.81776,-14.52575],[33.81785,-14.52572],[33.81793,-14.52573],[33.81802,-14.52577],[33.8181,-14.5258],[33.81819,-14.52579],[33.8183,-14.52573],[33.81842,-14.52564],[33.81854,-14.52559],[33.81866,-14.52557],[33.81876,-14.52559],[33.81883,-14.52558],[33.8189,-14.52552],[33.81899,-14.52538],[33.81909,-14.5253],[33.81923,-14.52524],[33.81934,-14.52522],[33.81945,-14.52521],[33.81954,-14.52519],[33.81963,-14.52511],[33.81972,-14.52511],[33.81987,-14.52508],[33.82001,-14.52502],[33.82017,-14.52497],[33.82031,-14.52491]]},"properties":{"id":1191742324,"cls":"unclassified","hw":"unclassified","tg":"na","name":"","ref":"","surface":"","sc":"unknown","speed":null,"lit":"unk","km":0.56}},
{"type":"Feature","geometry":{"type":"LineString","coordinates":[[33.81588,-14.52858],[33.81594,-14.52855],[33.81604,-14.52854],[33.81612,-14.52852],[33.81621,-14.5285],[33.81628,-14.52848],[33.81637,-14.52848],[33.81643,-14.52846],[33.81653,-14.52847],[33.81663,-14.52844],[33.81669,-14.52838],[33.81677,-14.52834],[33.81681,-14.52833],[33.81689,-14.52831],[33.81695,-14.52827],[33.81701,-14.52823],[33.81712,-14.52819],[33.8172,-14.52816],[33.81729,-14.52816],[33.8174,-14.52815],[33.81753,-14.52812],[33.81763,-14.52807],[33.8177,-14.52804],[33.81778,-14.52804],[33.81787,-14.52805],[33.81797,-14.52801],[33.81807,-14.52796],[33.81818,-14.5279],[33.81828,-14.52786],[33.81845,-14.52782],[33.81858,-14.52777],[33.81871,-14.52771],[33.81887,-14.52766],[33.81904,-14.5276],[33.8192,-14.52756],[33.81936,-14.52749],[33.81943,-14.52743],[33.81949,-14.5274],[33.81958,-14.5274],[33.81966,-14.52737],[33.81976,-14.52729],[33.81987,-14.52718],[33.82001,-14.52704],[33.82018,-14.52689],[33.82038,-14.52674],[33.82056,-14.52663],[33.82061,-14.52657],[33.82065,-14.52655],[33.82068,-14.52655],[33.82074,-14.52657],[33.8208,-14.52661],[33.82086,-14.52661],[33.82092,-14.52662],[33.82096,-14.52662],[33.82101,-14.52667],[33.82105,-14.52668],[33.82111,-14.52668],[33.82118,-14.52667],[33.82124,-14.52669],[33.82128,-14.52672],[33.82132,-14.52673],[33.82137,-14.52672],[33.82145,-14.52671],[33.82153,-14.52668],[33.82162,-14.52663],[33.82168,-14.52661],[33.82174,-14.52659],[33.8218,-14.5266],[33.82188,-14.5266],[33.82192,-14.52659],[33.82197,-14.52659],[33.82203,-14.5266],[33.82206,-14.52662],[33.8221,-14.52662],[33.82216,-14.52661],[33.82226,-14.52658],[33.82236,-14.52658],[33.82244,-14.52658],[33.82259,-14.52661]]},"properties":{"id":1191742325,"cls":"path","hw":"path","tg":"na","name":"","ref":"","surface":"","sc":"unknown","speed":null,"lit":"unk","km":0.798}},
{"type":"Feature","geometry":{"type":"LineString","coordinates":[[33.82991,-14.54158],[33.82978,-14.54126],[33.82971,-14.54109],[33.82967,-14.54097],[33.8296,-14.54078],[33.82955,-14.54061],[33.82951,-14.54049],[33.82946,-14.54043],[33.82939,-14.54041],[33.82931,-14.54035],[33.8292,-14.54016],[33.82914,-14.54007],[33.8291,-14.53995],[33.82907,-14.53985],[33.82904,-14.53977]]},"properties":{"id":1191742326,"cls":"unclassified","hw":"unclassified","tg":"na","name":"","ref":"","surface":"","sc":"unknown","speed":null,"lit":"unk","km":0.227}},
{"type":"Feature","geometry":{"type":"LineString","coordinates":[[33.83349,-14.54494],[33.83352,-14.54491],[33.83355,-14.54483],[33.83358,-14.54478],[33.8336,-14.54475],[33.83364,-14.54471],[33.83366,-14.54466],[33.83367,-14.54462],[33.8337,-14.54457],[33.83372,-14.54453],[33.83373,-14.54449],[33.83374,-14.54443],[33.83374,-14.5444],[33.83374,-14.54435],[33.83374,-14.54425],[33.83375,-14.54415],[33.83377,-14.5441],[33.83381,-14.54405],[33.83385,-14.54402],[33.83387,-14.54398],[33.83386,-14.54393],[33.83382,-14.54388],[33.83383,-14.54383],[33.83383,-14.54374],[33.83381,-14.54367],[33.83378,-14.54359],[33.83377,-14.54353],[33.83378,-14.54347],[33.8338,-14.5434],[33.83382,-14.54332],[33.83383,-14.54323],[33.83383,-14.54314],[33.83381,-14.54307],[33.83378,-14.54301],[33.83372,-14.54283],[33.83369,-14.54275],[33.83366,-14.54269],[33.83362,-14.54263],[33.83359,-14.54254],[33.83357,-14.54248],[33.83355,-14.54245],[33.83352,-14.54236],[33.83348,-14.54224],[33.83346,-14.54215],[33.83345,-14.5421],[33.83346,-14.54201],[33.83348,-14.54194],[33.8335,-14.54189],[33.83351,-14.54185],[33.83353,-14.54183],[33.83354,-14.54181],[33.83355,-14.54179],[33.83355,-14.54173],[33.83356,-14.54167],[33.83357,-14.54157],[33.83357,-14.54151],[33.83359,-14.54146],[33.83361,-14.5414],[33.83363,-14.54133],[33.83362,-14.54124],[33.83361,-14.54113],[33.83364,-14.54104],[33.83365,-14.54101],[33.83366,-14.54094],[33.83366,-14.54084],[33.83366,-14.54077],[33.83367,-14.54071],[33.83366,-14.54064],[33.83366,-14.54058],[33.83367,-14.54054],[33.83369,-14.54046],[33.8337,-14.54032],[33.83371,-14.54014],[33.83372,-14.54002],[33.83372,-14.53992],[33.83372,-14.53985],[33.83375,-14.53979],[33.83377,-14.53972],[33.83378,-14.53962],[33.8338,-14.53946]]},"properties":{"id":1191742327,"cls":"path","hw":"path","tg":"na","name":"","ref":"","surface":"","sc":"unknown","speed":null,"lit":"unk","km":0.638}},
{"type":"Feature","geometry":{"type":"LineString","coordinates":[[33.83436,-14.54024],[33.83451,-14.54016],[33.83467,-14.54008],[33.83475,-14.54003],[33.83475,-14.54],[33.83476,-14.53994],[33.83477,-14.53984],[33.8348,-14.53979],[33.83483,-14.53974],[33.83487,-14.53963],[33.83486,-14.53955],[33.83488,-14.53951],[33.83492,-14.53948],[33.83504,-14.53948],[33.83517,-14.53952],[33.83533,-14.53956],[33.83546,-14.53952],[33.83578,-14.53943],[33.83617,-14.53931],[33.83635,-14.53925],[33.83656,-14.53911],[33.83678,-14.5389],[33.83692,-14.53877],[33.83706,-14.53866],[33.83718,-14.53859],[33.83735,-14.5385],[33.83749,-14.53847],[33.83758,-14.53841],[33.83772,-14.53829],[33.83797,-14.53818]]},"properties":{"id":1191742328,"cls":"path","hw":"path","tg":"na","name":"","ref":"","surface":"","sc":"unknown","speed":null,"lit":"unk","km":0.489}},
{"type":"Feature","geometry":{"type":"LineString","coordinates":[[33.83426,-14.53506],[33.83438,-14.53513],[33.83448,-14.53515],[33.8346,-14.53517],[33.83471,-14.53516],[33.83483,-14.53515],[33.83495,-14.53516],[33.83505,-14.53516],[33.83514,-14.53518],[33.83525,-14.53521],[33.83536,-14.53523],[33.83553,-14.53525],[33.83569,-14.53527],[33.83576,-14.53527],[33.83581,-14.5353],[33.83587,-14.53531],[33.83593,-14.53531],[33.83599,-14.53531],[33.83605,-14.53533],[33.83612,-14.53538],[33.83617,-14.53539],[33.83623,-14.53541],[33.8363,-14.5354],[33.83635,-14.53541],[33.83642,-14.5354],[33.83649,-14.53539],[33.83655,-14.53539],[33.8366,-14.53542],[33.83666,-14.53544],[33.83672,-14.53544],[33.83678,-14.53546],[33.83686,-14.5355],[33.83691,-14.53552],[33.83697,-14.53556],[33.83704,-14.5356],[33.83708,-14.53564],[33.83717,-14.53567],[33.83725,-14.53572],[33.83732,-14.53575],[33.83739,-14.53576],[33.8375,-14.53578],[33.83761,-14.53581],[33.83769,-14.53584],[33.83779,-14.53589],[33.83793,-14.53592]]},"properties":{"id":1191742329,"cls":"path","hw":"path","tg":"na","name":"","ref":"","surface":"","sc":"unknown","speed":null,"lit":"unk","km":0.417}},
{"type":"Feature","geometry":{"type":"LineString","coordinates":[[33.83299,-14.53518],[33.83317,-14.53525],[33.83331,-14.53528],[33.83343,-14.53528],[33.83353,-14.5353],[33.83362,-14.53533],[33.83371,-14.53537],[33.83388,-14.53536],[33.83398,-14.53532],[33.83408,-14.53528],[33.83412,-14.53523],[33.83419,-14.53513],[33.83426,-14.53506],[33.83434,-14.53501],[33.83438,-14.53496],[33.83444,-14.53487],[33.83449,-14.53484],[33.83454,-14.53481],[33.83462,-14.53474],[33.83467,-14.53467],[33.8347,-14.5346],[33.83474,-14.53452],[33.83479,-14.53447],[33.83482,-14.53441],[33.83487,-14.53436],[33.83499,-14.53419],[33.83511,-14.53404],[33.83521,-14.53391],[33.83528,-14.53385],[33.83534,-14.53381],[33.83542,-14.53372],[33.83552,-14.53364],[33.83573,-14.53348],[33.83596,-14.5334],[33.83618,-14.53334],[33.83649,-14.53327],[33.8367,-14.53317],[33.8369,-14.53314],[33.83714,-14.53309],[33.83728,-14.53307],[33.83737,-14.53306],[33.83744,-14.53303],[33.83749,-14.53301],[33.83755,-14.53298],[33.83763,-14.53294],[33.83775,-14.53294],[33.8379,-14.53297]]},"properties":{"id":1191742330,"cls":"unclassified","hw":"unclassified","tg":"na","name":"","ref":"","surface":"","sc":"unknown","speed":null,"lit":"unk","km":0.638}},
{"type":"Feature","geometry":{"type":"LineString","coordinates":[[33.82983,-14.53929],[33.82971,-14.53929],[33.8296,-14.53929],[33.82948,-14.53929],[33.82937,-14.53929],[33.82929,-14.5393],[33.82921,-14.53928],[33.82911,-14.5392],[33.82903,-14.53914],[33.82891,-14.53909],[33.82885,-14.53903],[33.82878,-14.53896],[33.82871,-14.53892],[33.82861,-14.53887],[33.82849,-14.53882],[33.82838,-14.53878],[33.82827,-14.5387],[33.82815,-14.53864],[33.82809,-14.53858],[33.82801,-14.53854],[33.82791,-14.53852],[33.82781,-14.53849],[33.82767,-14.53846],[33.82756,-14.53841],[33.82746,-14.53837],[33.82737,-14.53836],[33.82729,-14.53838],[33.82716,-14.53841],[33.82701,-14.53844],[33.82688,-14.53846],[33.82677,-14.53844],[33.82667,-14.53838],[33.82656,-14.53832],[33.82642,-14.53828],[33.82632,-14.53828],[33.82621,-14.53829],[33.82609,-14.53832],[33.82597,-14.53833],[33.82583,-14.53834],[33.82573,-14.53833],[33.82561,-14.53833],[33.82552,-14.53835],[33.82544,-14.53837],[33.82536,-14.53841],[33.82531,-14.53843],[33.82525,-14.53844],[33.82518,-14.53846],[33.82508,-14.53843],[33.82495,-14.53838],[33.82485,-14.5383],[33.82479,-14.53826],[33.82464,-14.53817],[33.82455,-14.53816],[33.82445,-14.53817],[33.82436,-14.53816],[33.82426,-14.53813],[33.82413,-14.53811],[33.82401,-14.53811],[33.82391,-14.53809],[33.82384,-14.53808],[33.82374,-14.53806],[33.82362,-14.53804],[33.82352,-14.53798],[33.82339,-14.53794],[33.82325,-14.53792],[33.82316,-14.5379],[33.82307,-14.53791],[33.82297,-14.53792],[33.82288,-14.53792],[33.82278,-14.53791],[33.82267,-14.53791],[33.8226,-14.5379],[33.8225,-14.53785],[33.82238,-14.53779],[33.82229,-14.5377],[33.82223,-14.53763],[33.82215,-14.53757],[33.82209,-14.53754],[33.82198,-14.53755],[33.82184,-14.53753],[33.82168,-14.53748],[33.82155,-14.53743],[33.82143,-14.53743],[33.8213,-14.53743],[33.82119,-14.53743],[33.82106,-14.53742],[33.8209,-14.53742],[33.82069,-14.5374],[33.82045,-14.53742],[33.8202,-14.53745],[33.82002,-14.53746],[33.81993,-14.53746],[33.81984,-14.53744],[33.8197,-14.5374],[33.81958,-14.5374],[33.81946,-14.53743],[33.81924,-14.53746],[33.81911,-14.53748],[33.81894,-14.53751],[33.81885,-14.53748],[33.81874,-14.53744],[33.81862,-14.53744],[33.81848,-14.53745],[33.81832,-14.53747],[33.81822,-14.53749],[33.81811,-14.53748],[33.818,-14.53744],[33.81787,-14.53739],[33.81773,-14.53737],[33.81761,-14.53734],[33.81748,-14.5373],[33.8174,-14.5373],[33.8173,-14.53734],[33.81719,-14.53739],[33.81704,-14.53745],[33.81689,-14.5375],[33.81682,-14.53753],[33.81671,-14.53754],[33.81662,-14.53756],[33.81653,-14.53758],[33.81647,-14.53759],[33.81644,-14.53763],[33.81641,-14.5377],[33.81638,-14.53776],[33.81635,-14.53781],[33.81629,-14.53785],[33.81618,-14.53791],[33.81605,-14.53799],[33.8159,-14.5381],[33.81583,-14.53812],[33.81575,-14.53813],[33.81571,-14.53813],[33.81566,-14.53815],[33.8156,-14.5382],[33.81552,-14.53823],[33.81546,-14.53828],[33.81541,-14.53834],[33.81537,-14.53837],[33.81532,-14.53841],[33.81526,-14.53844],[33.81519,-14.53846],[33.81515,-14.53847],[33.8151,-14.53849],[33.81506,-14.5385],[33.81498,-14.53856],[33.81492,-14.5386],[33.81484,-14.53866],[33.8147,-14.53878],[33.81461,-14.53889],[33.81452,-14.53896],[33.81439,-14.53906],[33.81429,-14.53912],[33.81419,-14.53917],[33.81407,-14.53927],[33.81396,-14.53934],[33.81388,-14.5394],[33.81377,-14.53945],[33.81371,-14.53948],[33.81361,-14.53956],[33.81351,-14.53964],[33.81343,-14.53971],[33.81332,-14.53986],[33.81327,-14.53997],[33.81318,-14.54005],[33.81308,-14.54019],[33.81298,-14.54033],[33.81288,-14.54043],[33.8128,-14.54054],[33.81269,-14.54067],[33.81263,-14.54075],[33.81256,-14.54081],[33.81249,-14.54085],[33.81242,-14.5409],[33.81237,-14.54095],[33.81235,-14.54098],[33.81234,-14.54102],[33.81233,-14.54109]]},"properties":{"id":1191742331,"cls":"path","hw":"path","tg":"na","name":"","ref":"","surface":"","sc":"unknown","speed":null,"lit":"unk","km":2.129}},
{"type":"Feature","geometry":{"type":"LineString","coordinates":[[33.83293,-14.53525],[33.83278,-14.53509],[33.83271,-14.53496],[33.83256,-14.53483],[33.83247,-14.53475],[33.83239,-14.53464],[33.83232,-14.53459],[33.83223,-14.53456],[33.83217,-14.53454],[33.83209,-14.53454],[33.83201,-14.5345],[33.83194,-14.53444],[33.83186,-14.53443],[33.83179,-14.53443],[33.83168,-14.53441],[33.83161,-14.53435],[33.83154,-14.53431],[33.83145,-14.5343],[33.83135,-14.5343],[33.83127,-14.53431],[33.83123,-14.53433],[33.83117,-14.53434],[33.83109,-14.53435],[33.83104,-14.53437],[33.83098,-14.53439],[33.83093,-14.53438],[33.83088,-14.53436],[33.83084,-14.53432],[33.83077,-14.53428],[33.83066,-14.53426],[33.83058,-14.53426],[33.83052,-14.53426],[33.83046,-14.53427],[33.8304,-14.53429],[33.83034,-14.53429],[33.83029,-14.5343],[33.83024,-14.53431],[33.83019,-14.53436],[33.83013,-14.53438],[33.83003,-14.53441],[33.82996,-14.53442],[33.82988,-14.53441],[33.82983,-14.5344],[33.82979,-14.5344],[33.82973,-14.53441],[33.82968,-14.53442],[33.82959,-14.53442],[33.82952,-14.53447],[33.82945,-14.53446],[33.82939,-14.53447],[33.8293,-14.53445],[33.82922,-14.53444],[33.82914,-14.53444],[33.82907,-14.53443],[33.829,-14.53443],[33.82896,-14.53446],[33.82892,-14.5345],[33.8289,-14.53452],[33.82887,-14.53454],[33.82883,-14.53456],[33.82877,-14.53458],[33.8287,-14.53461],[33.82864,-14.53462],[33.82858,-14.53462],[33.82852,-14.53462],[33.82843,-14.53461],[33.82837,-14.53461],[33.82832,-14.53462],[33.82827,-14.53461],[33.82818,-14.5346],[33.82811,-14.53462],[33.82802,-14.53462],[33.82794,-14.53463],[33.82781,-14.53463],[33.82771,-14.53463],[33.8276,-14.53465],[33.82753,-14.53467],[33.82745,-14.53465],[33.82738,-14.53461],[33.82729,-14.53461],[33.82719,-14.53465],[33.82709,-14.53466],[33.827,-14.53466],[33.82692,-14.53463],[33.82681,-14.53461],[33.82664,-14.5346],[33.82652,-14.53461],[33.82644,-14.53461],[33.82636,-14.53465],[33.82626,-14.53466],[33.8261,-14.53466],[33.82596,-14.53467],[33.82583,-14.53468],[33.82572,-14.53468],[33.82562,-14.53471],[33.8255,-14.53471],[33.82538,-14.53467],[33.82529,-14.53465],[33.82521,-14.53463],[33.82518,-14.5346],[33.82514,-14.53453],[33.82508,-14.53446],[33.82501,-14.5344],[33.82495,-14.53435],[33.82483,-14.53426],[33.82472,-14.53419],[33.82459,-14.53414],[33.82451,-14.53408],[33.82437,-14.53401],[33.8243,-14.53394],[33.82423,-14.53388],[33.82419,-14.5338],[33.82412,-14.53373],[33.82406,-14.53369],[33.82397,-14.53363],[33.82384,-14.53361],[33.82373,-14.53358],[33.82366,-14.53354],[33.82358,-14.53348]]},"properties":{"id":1191742332,"cls":"path","hw":"path","tg":"na","name":"","ref":"","surface":"","sc":"unknown","speed":null,"lit":"unk","km":1.123}},
{"type":"Feature","geometry":{"type":"LineString","coordinates":[[33.8316,-14.53776],[33.83147,-14.5377],[33.83134,-14.53765],[33.8312,-14.5376],[33.83103,-14.53755],[33.83084,-14.53753],[33.83068,-14.53753],[33.83056,-14.53755],[33.83041,-14.53757],[33.83029,-14.53757],[33.83014,-14.5375],[33.83004,-14.53744],[33.82995,-14.53735],[33.82985,-14.53729],[33.82974,-14.53722],[33.8296,-14.5371],[33.82947,-14.53692],[33.82934,-14.53679],[33.82914,-14.53658],[33.82898,-14.53644],[33.82888,-14.53633],[33.82869,-14.53619],[33.82852,-14.53604],[33.8284,-14.53594],[33.82831,-14.53585],[33.82822,-14.53574],[33.82814,-14.53559],[33.82807,-14.53549],[33.82794,-14.53534],[33.82784,-14.5352],[33.82777,-14.53509],[33.82769,-14.53497],[33.82762,-14.53489],[33.82756,-14.53478],[33.82753,-14.53467],[33.82752,-14.53454],[33.8275,-14.53436],[33.82746,-14.53423],[33.82741,-14.53409],[33.82737,-14.53393],[33.82735,-14.53381],[33.82731,-14.53367],[33.82731,-14.5335],[33.82731,-14.53332],[33.82727,-14.53322],[33.82722,-14.53303],[33.82715,-14.53287],[33.82707,-14.53271],[33.82701,-14.53257]]},"properties":{"id":1191742333,"cls":"path","hw":"path","tg":"na","name":"","ref":"","surface":"","sc":"unknown","speed":null,"lit":"unk","km":0.834}},
{"type":"Feature","geometry":{"type":"LineString","coordinates":[[33.83415,-14.53326],[33.83404,-14.53318],[33.83388,-14.53306],[33.83376,-14.53305],[33.83359,-14.53305],[33.8334,-14.53302],[33.83336,-14.53299],[33.83323,-14.53296],[33.83312,-14.53296],[33.83302,-14.53294],[33.83289,-14.53288],[33.83278,-14.53281],[33.83261,-14.53275],[33.8325,-14.53267],[33.83243,-14.53258],[33.83232,-14.53252],[33.8322,-14.53246],[33.83205,-14.53238],[33.83191,-14.5323],[33.8318,-14.53222],[33.83173,-14.53217],[33.83162,-14.53213],[33.83148,-14.53211],[33.83138,-14.53205],[33.83132,-14.53202],[33.83125,-14.53195],[33.83119,-14.53192],[33.83112,-14.5319],[33.83103,-14.53185],[33.83096,-14.53179],[33.83092,-14.53174],[33.83087,-14.53172],[33.83075,-14.53171],[33.83066,-14.5317],[33.83056,-14.53166],[33.83048,-14.5316],[33.83038,-14.53157],[33.83027,-14.53156],[33.8302,-14.53156],[33.83016,-14.53153],[33.83009,-14.53151],[33.82999,-14.53148],[33.82989,-14.53145],[33.82979,-14.5314],[33.82969,-14.53137],[33.82959,-14.53134],[33.82951,-14.53128],[33.82946,-14.53123],[33.82937,-14.53119],[33.82929,-14.53115],[33.82921,-14.53112],[33.8291,-14.53105],[33.82898,-14.53099],[33.82891,-14.53096],[33.82883,-14.53095],[33.82876,-14.53095],[33.82871,-14.53093],[33.82865,-14.53086],[33.82858,-14.53083],[33.82848,-14.5308],[33.82832,-14.53076],[33.8282,-14.53071],[33.82809,-14.53064],[33.828,-14.53057],[33.82786,-14.53051],[33.82775,-14.53043],[33.82764,-14.53036],[33.82755,-14.53026],[33.82749,-14.53021],[33.82737,-14.53017],[33.82729,-14.53017],[33.82712,-14.53017],[33.82701,-14.53018],[33.82695,-14.53019],[33.82684,-14.53016],[33.82678,-14.53009],[33.8267,-14.53003],[33.8266,-14.52996],[33.82651,-14.5299],[33.82642,-14.52987],[33.82636,-14.52982]]},"properties":{"id":1191742334,"cls":"path","hw":"path","tg":"na","name":"","ref":"","surface":"","sc":"unknown","speed":null,"lit":"unk","km":0.95}},
{"type":"Feature","geometry":{"type":"LineString","coordinates":[[33.83707,-14.53055],[33.83691,-14.53043],[33.83673,-14.53034],[33.8366,-14.5302],[33.83649,-14.53011],[33.83635,-14.53],[33.83615,-14.52992],[33.83595,-14.52985],[33.83581,-14.52983],[33.83565,-14.52988],[33.8355,-14.52989],[33.83535,-14.52988],[33.83518,-14.52988],[33.83499,-14.52994],[33.83476,-14.52995],[33.83456,-14.52991],[33.83436,-14.52989],[33.83411,-14.52989],[33.83398,-14.52989],[33.8338,-14.52989],[33.83368,-14.5299],[33.8335,-14.52995],[33.83336,-14.52997],[33.83324,-14.52996],[33.83301,-14.52995],[33.83282,-14.52994],[33.83267,-14.52992],[33.83257,-14.52989],[33.83241,-14.52987],[33.83225,-14.52984],[33.83204,-14.52982],[33.83181,-14.52978],[33.83158,-14.5297],[33.83129,-14.52961],[33.83101,-14.52953],[33.8308,-14.52948],[33.83054,-14.52942],[33.8302,-14.52934],[33.82985,-14.52924],[33.8296,-14.52912],[33.82932,-14.52901],[33.82906,-14.52894],[33.82878,-14.52887],[33.82851,-14.52885],[33.82834,-14.52887],[33.82813,-14.52894],[33.82795,-14.529],[33.82783,-14.52903],[33.82769,-14.52904],[33.82749,-14.52898],[33.82729,-14.5289],[33.82715,-14.52885],[33.82703,-14.52877],[33.82694,-14.52867],[33.82681,-14.52862],[33.82664,-14.52864],[33.82649,-14.52863],[33.82638,-14.52863],[33.82628,-14.52856],[33.82615,-14.52849],[33.826,-14.52844],[33.82587,-14.52842],[33.82569,-14.52842],[33.82553,-14.52844],[33.82539,-14.52848],[33.82527,-14.52848],[33.82505,-14.52842],[33.82489,-14.52837],[33.82473,-14.52828],[33.82443,-14.52805],[33.82428,-14.52797],[33.82408,-14.52784],[33.82393,-14.52772],[33.82383,-14.52764],[33.82367,-14.5276],[33.82348,-14.52749],[33.82328,-14.52734],[33.82311,-14.52718],[33.82295,-14.52697],[33.82275,-14.52684],[33.82268,-14.52676],[33.82259,-14.52661],[33.82256,-14.52656],[33.82244,-14.5264],[33.82226,-14.52621],[33.82209,-14.5261],[33.82198,-14.52601],[33.82188,-14.52587],[33.82178,-14.52579],[33.82166,-14.52572],[33.82156,-14.52566],[33.82147,-14.52561],[33.8214,-14.52553],[33.82135,-14.52544],[33.82126,-14.52538],[33.82114,-14.52531],[33.821,-14.52528],[33.82086,-14.52524],[33.8207,-14.52515],[33.82057,-14.5251],[33.82049,-14.52503],[33.82041,-14.52495],[33.82031,-14.52491],[33.82026,-14.52488],[33.82013,-14.5248],[33.82006,-14.52472],[33.82002,-14.5246],[33.81997,-14.52448],[33.81987,-14.52439],[33.81975,-14.52432],[33.81961,-14.52425],[33.81947,-14.52418],[33.81939,-14.5241],[33.81928,-14.524],[33.81919,-14.52395],[33.81911,-14.52393],[33.81902,-14.52394],[33.81892,-14.52393],[33.81878,-14.52387],[33.81863,-14.5238],[33.81851,-14.52371],[33.81834,-14.52364],[33.81818,-14.52359],[33.81801,-14.52355],[33.81781,-14.5235],[33.81764,-14.52346],[33.81752,-14.5234],[33.81739,-14.5233],[33.81727,-14.52321],[33.81717,-14.52309],[33.81701,-14.52293],[33.81688,-14.52282],[33.81676,-14.52264],[33.81667,-14.52249],[33.81656,-14.52239],[33.81637,-14.52223],[33.81624,-14.52211],[33.81614,-14.52203],[33.81597,-14.52196],[33.81583,-14.52185],[33.81569,-14.5218],[33.81555,-14.52176],[33.81546,-14.52172],[33.81535,-14.52172],[33.81519,-14.52173],[33.8151,-14.52173],[33.81505,-14.52171],[33.81497,-14.52165],[33.81492,-14.52158],[33.81481,-14.52154],[33.81466,-14.52151],[33.81461,-14.52154],[33.81452,-14.52157],[33.81443,-14.52159],[33.81432,-14.52158],[33.81418,-14.52155],[33.81407,-14.52149],[33.81397,-14.52145],[33.81386,-14.52137],[33.81374,-14.52129],[33.81363,-14.52123],[33.81347,-14.52118],[33.81336,-14.52117],[33.81321,-14.52117],[33.81309,-14.52115],[33.81299,-14.5211],[33.81289,-14.521],[33.81276,-14.52092],[33.81269,-14.52084],[33.81253,-14.52074],[33.81236,-14.52065],[33.81224,-14.52061],[33.81218,-14.5206],[33.81211,-14.52061],[33.81205,-14.52064],[33.81197,-14.52066],[33.81188,-14.52067],[33.81179,-14.52066],[33.81174,-14.52066],[33.81169,-14.52063],[33.81167,-14.52061],[33.81163,-14.5206],[33.81158,-14.52062],[33.81152,-14.52065],[33.81147,-14.52067],[33.81143,-14.52068],[33.8114,-14.52067],[33.81136,-14.52064],[33.81133,-14.52056],[33.81128,-14.5205],[33.81114,-14.5204],[33.81097,-14.52033],[33.81086,-14.52029],[33.81072,-14.52024],[33.81058,-14.52018],[33.81036,-14.52012],[33.81018,-14.52006],[33.81008,-14.52003],[33.80989,-14.51999],[33.80975,-14.51997],[33.80961,-14.51993],[33.80955,-14.5199],[33.80949,-14.51982],[33.80944,-14.51975]]},"properties":{"id":1191742335,"cls":"unclassified","hw":"unclassified","tg":"na","name":"","ref":"","surface":"","sc":"unknown","speed":null,"lit":"unk","km":3.402}},
{"type":"Feature","geometry":{"type":"LineString","coordinates":[[33.83449,-14.52228],[33.83449,-14.52218],[33.8345,-14.52205],[33.83453,-14.52192],[33.83451,-14.52176],[33.83445,-14.52162],[33.83434,-14.52141],[33.83431,-14.52134],[33.83427,-14.52123],[33.8342,-14.52116],[33.8341,-14.5211],[33.83397,-14.52108],[33.8339,-14.52106],[33.83385,-14.52101],[33.83381,-14.52094],[33.83375,-14.52083],[33.83368,-14.52073],[33.83362,-14.5206],[33.8336,-14.52051],[33.83353,-14.52038],[33.83348,-14.52032],[33.83341,-14.52022],[33.83335,-14.52012],[33.83331,-14.52004],[33.83327,-14.51992],[33.83324,-14.51982],[33.83319,-14.51972]]},"properties":{"id":1191742336,"cls":"path","hw":"path","tg":"na","name":"","ref":"","surface":"","sc":"unknown","speed":null,"lit":"unk","km":0.337}},
{"type":"Feature","geometry":{"type":"LineString","coordinates":[[33.83815,-14.52788],[33.83809,-14.52775],[33.83799,-14.52761],[33.83787,-14.52751],[33.83779,-14.52745],[33.83772,-14.52737],[33.83764,-14.52721],[33.83763,-14.52719],[33.83757,-14.52709],[33.83745,-14.52698],[33.83735,-14.52692],[33.83721,-14.52688],[33.83708,-14.52684],[33.83693,-14.5268],[33.83682,-14.52678],[33.83671,-14.52673],[33.8366,-14.52666],[33.83652,-14.52657],[33.83635,-14.52648],[33.83627,-14.52641],[33.83616,-14.52632],[33.83609,-14.52624],[33.836,-14.52614],[33.83595,-14.52606],[33.83591,-14.52598],[33.83587,-14.52588],[33.83583,-14.52583],[33.83574,-14.52579],[33.83566,-14.52575],[33.83554,-14.5257],[33.83547,-14.52566],[33.83543,-14.5256],[33.83535,-14.52552],[33.83528,-14.52544],[33.8352,-14.52534],[33.83513,-14.52522],[33.83507,-14.5251],[33.83505,-14.52499],[33.83505,-14.52489],[33.83504,-14.52477],[33.835,-14.52464],[33.83495,-14.52454],[33.83488,-14.52443],[33.83484,-14.52434],[33.8348,-14.5242],[33.83476,-14.52411],[33.83471,-14.52404],[33.83469,-14.52397],[33.8347,-14.52386],[33.83471,-14.52369],[33.83472,-14.52357],[33.83471,-14.52345],[33.83469,-14.52332],[33.83467,-14.52321],[33.83465,-14.52312],[33.83466,-14.52302],[33.83466,-14.52293],[33.83464,-14.52285],[33.8346,-14.52275],[33.83456,-14.52267],[33.83454,-14.52254],[33.83453,-14.52241],[33.83449,-14.52228],[33.83444,-14.52218],[33.83434,-14.52213],[33.83424,-14.52207],[33.83409,-14.52188],[33.83398,-14.5217],[33.83391,-14.52155],[33.83384,-14.52144],[33.83381,-14.52139],[33.8338,-14.52133],[33.83379,-14.52125],[33.83377,-14.52116],[33.8337,-14.5211],[33.8336,-14.52095],[33.83354,-14.52088],[33.83344,-14.52081],[33.83333,-14.52074],[33.83325,-14.52067],[33.83307,-14.52053],[33.83299,-14.52049],[33.83288,-14.52039],[33.83279,-14.52029],[33.83272,-14.52022],[33.83263,-14.52014],[33.83252,-14.52008],[33.83238,-14.51998],[33.83227,-14.51992],[33.83214,-14.51985],[33.83206,-14.5198],[33.83202,-14.51979]]},"properties":{"id":1191742337,"cls":"unclassified","hw":"unclassified","tg":"na","name":"","ref":"","surface":"","sc":"unknown","speed":null,"lit":"unk","km":1.196}},
{"type":"Feature","geometry":{"type":"LineString","coordinates":[[33.82642,-14.54112],[33.82651,-14.54089],[33.8266,-14.54069],[33.82672,-14.54049],[33.82686,-14.54037],[33.82697,-14.54025],[33.82703,-14.54016],[33.82708,-14.5401],[33.82718,-14.54003],[33.82738,-14.5399],[33.82751,-14.53977],[33.82767,-14.53964],[33.82788,-14.53952],[33.82808,-14.53939],[33.82827,-14.53928],[33.82841,-14.5392],[33.82861,-14.53907],[33.82872,-14.53899],[33.82878,-14.53896],[33.82889,-14.5389],[33.829,-14.53883],[33.82919,-14.5387],[33.82931,-14.53862],[33.82949,-14.53852],[33.82959,-14.53845],[33.82973,-14.53838],[33.82982,-14.53832],[33.8299,-14.53826],[33.82997,-14.53817],[33.83007,-14.53805],[33.83022,-14.53791],[33.83039,-14.53775],[33.83049,-14.53764],[33.83056,-14.53755],[33.83059,-14.53752],[33.83067,-14.53742],[33.83077,-14.53736],[33.83084,-14.53727],[33.83095,-14.53714],[33.83103,-14.53701],[33.83114,-14.53675],[33.83122,-14.53656],[33.83129,-14.5364],[33.83133,-14.53626],[33.8314,-14.53604],[33.83146,-14.53584],[33.83156,-14.53565],[33.83161,-14.53558],[33.83176,-14.53538],[33.83188,-14.53522],[33.83201,-14.53505],[33.83216,-14.53486],[33.83231,-14.53473],[33.83237,-14.53467],[33.83239,-14.53464],[33.83245,-14.53454],[33.83253,-14.53442],[33.83264,-14.53432],[33.83269,-14.53425],[33.8328,-14.53406],[33.8329,-14.53391],[33.83297,-14.53382],[33.83304,-14.53368],[33.83313,-14.53349],[33.83318,-14.53337],[33.83328,-14.53315],[33.83336,-14.53299],[33.83338,-14.53295],[33.83348,-14.53283],[33.83356,-14.53272],[33.8336,-14.53264],[33.83366,-14.53256],[33.83381,-14.53243],[33.8339,-14.53237],[33.834,-14.5323],[33.83408,-14.5322],[33.83411,-14.53215],[33.83421,-14.53209],[33.83425,-14.53205],[33.83434,-14.53195],[33.83448,-14.53185],[33.83459,-14.53178],[33.83468,-14.53174],[33.83478,-14.53168],[33.83484,-14.53163],[33.83495,-14.53148],[33.83505,-14.53134],[33.83513,-14.53125],[33.83528,-14.53113],[33.83539,-14.53103],[33.83546,-14.53094],[33.83553,-14.53089],[33.83559,-14.53084],[33.83563,-14.53079],[33.83566,-14.53074],[33.83569,-14.53069],[33.83579,-14.53061],[33.83589,-14.53054],[33.836,-14.53044],[33.83611,-14.53033],[33.83618,-14.53023],[33.83629,-14.53008],[33.83635,-14.53],[33.83638,-14.52995],[33.83648,-14.52983],[33.83656,-14.52971],[33.83661,-14.52963],[33.83668,-14.52945],[33.83681,-14.52918],[33.83686,-14.52905],[33.8369,-14.52893],[33.83696,-14.52878],[33.83705,-14.52862],[33.83708,-14.52853],[33.83709,-14.52845],[33.8371,-14.52837],[33.83713,-14.52829],[33.83716,-14.52818],[33.83716,-14.52805],[33.83718,-14.52796],[33.83724,-14.52783],[33.83732,-14.52768],[33.83738,-14.52758],[33.83748,-14.52744],[33.83756,-14.5273],[33.83763,-14.52719],[33.83768,-14.52705],[33.83774,-14.5269],[33.8378,-14.5268],[33.83791,-14.52663],[33.83794,-14.52655],[33.83799,-14.52648],[33.83807,-14.52642],[33.83815,-14.52637],[33.83821,-14.52629],[33.83824,-14.52624],[33.83828,-14.52614],[33.83834,-14.52603],[33.83837,-14.52598],[33.83841,-14.52592],[33.83848,-14.52583],[33.83861,-14.52571],[33.83872,-14.52561],[33.83884,-14.52551],[33.83894,-14.52541],[33.83909,-14.5253],[33.83912,-14.52527],[33.8392,-14.5252],[33.83923,-14.52518],[33.83939,-14.52504],[33.83954,-14.52494],[33.8396,-14.5249],[33.83971,-14.5248],[33.83985,-14.5247],[33.83994,-14.52462],[33.83999,-14.52459],[33.84004,-14.52457],[33.84011,-14.52452],[33.84016,-14.52446],[33.84024,-14.52437],[33.84035,-14.52429],[33.84042,-14.52422],[33.84052,-14.52413],[33.84057,-14.52408],[33.84065,-14.52402],[33.84073,-14.52395],[33.84078,-14.52391],[33.84086,-14.52387],[33.84097,-14.52382],[33.84104,-14.52376],[33.84111,-14.52373],[33.84122,-14.52366],[33.84129,-14.52363],[33.84135,-14.52358],[33.84142,-14.52354],[33.84151,-14.52349],[33.84156,-14.52348],[33.84161,-14.52346],[33.84166,-14.52344],[33.84169,-14.52339],[33.84178,-14.52333],[33.8419,-14.52327],[33.84201,-14.52322],[33.84212,-14.52316],[33.84217,-14.52314],[33.84228,-14.5231],[33.84237,-14.52307],[33.84248,-14.52303],[33.84255,-14.52301],[33.84262,-14.52298],[33.84267,-14.52297],[33.84278,-14.52293],[33.84292,-14.52289],[33.84303,-14.52286],[33.84313,-14.52283],[33.84327,-14.52279],[33.84336,-14.52276],[33.84349,-14.52272],[33.84358,-14.52267],[33.84367,-14.52263],[33.84372,-14.52259],[33.84377,-14.52259],[33.84388,-14.52254],[33.84398,-14.52249],[33.84414,-14.52244],[33.84422,-14.52242],[33.84434,-14.52237],[33.84448,-14.52231],[33.84459,-14.52227],[33.84467,-14.52222],[33.84475,-14.52215],[33.84487,-14.52204],[33.84497,-14.52195],[33.84511,-14.52182],[33.84522,-14.52171],[33.84533,-14.52163],[33.84543,-14.52157],[33.84553,-14.52147],[33.84558,-14.52141],[33.84563,-14.52133],[33.84568,-14.52125],[33.84576,-14.52111],[33.84589,-14.52094],[33.84603,-14.52074],[33.84613,-14.5206],[33.84624,-14.52046],[33.84631,-14.52037],[33.84638,-14.52027],[33.84646,-14.52018],[33.84665,-14.52008],[33.84675,-14.52002],[33.84684,-14.51994],[33.84694,-14.51987],[33.84701,-14.51982],[33.84707,-14.51976]]},"properties":{"id":1191742338,"cls":"path","hw":"path","tg":"na","name":"","ref":"","surface":"","sc":"unknown","speed":null,"lit":"unk","km":3.375}},
{"type":"Feature","geometry":{"type":"LineString","coordinates":[[33.8159,-14.54816],[33.8161,-14.54808],[33.81622,-14.54802],[33.81635,-14.54797],[33.81643,-14.54794],[33.81654,-14.54792],[33.81662,-14.54787],[33.81664,-14.54786],[33.81671,-14.54783],[33.81679,-14.54777],[33.81687,-14.54776],[33.81692,-14.54774],[33.81701,-14.54771],[33.81712,-14.54766],[33.81722,-14.54759],[33.81731,-14.54754],[33.81743,-14.54745],[33.81749,-14.54744],[33.81755,-14.54742],[33.81762,-14.54739],[33.81769,-14.54736],[33.81774,-14.54734],[33.81779,-14.54733],[33.81783,-14.54734],[33.81787,-14.54735],[33.818,-14.5473],[33.81813,-14.54725],[33.81826,-14.54717],[33.81837,-14.54712],[33.81847,-14.54707],[33.81857,-14.54704],[33.81869,-14.547],[33.81877,-14.547],[33.81882,-14.54699],[33.81887,-14.54696],[33.81894,-14.54695],[33.81898,-14.54695],[33.81906,-14.54691],[33.81924,-14.54683],[33.81937,-14.54678],[33.81949,-14.54674],[33.81958,-14.54671],[33.81964,-14.54667],[33.81971,-14.54664],[33.8198,-14.5466],[33.81989,-14.54654],[33.82002,-14.54651],[33.82017,-14.54646],[33.82033,-14.5464],[33.82041,-14.54636],[33.8205,-14.54631],[33.82061,-14.54627],[33.8207,-14.54623],[33.82076,-14.5462],[33.82081,-14.54618],[33.82084,-14.54616],[33.8209,-14.54616],[33.82096,-14.54615],[33.82104,-14.54612],[33.82115,-14.54609],[33.82125,-14.54605],[33.82135,-14.54602],[33.8214,-14.54601],[33.82144,-14.54599],[33.82152,-14.54596],[33.82169,-14.54591],[33.82184,-14.54586],[33.82197,-14.5458],[33.82214,-14.54575],[33.82223,-14.54572],[33.82232,-14.54567],[33.82241,-14.54564],[33.82249,-14.5456],[33.82261,-14.54557],[33.82276,-14.54553],[33.82287,-14.54549],[33.823,-14.54545],[33.8231,-14.54541],[33.82318,-14.54537],[33.82329,-14.54532],[33.82342,-14.54528],[33.82349,-14.54525],[33.82361,-14.54521],[33.82372,-14.54517],[33.82379,-14.54515],[33.82387,-14.54514]]},"properties":{"id":1191805079,"cls":"path","hw":"path","tg":"na","name":"","ref":"","surface":"","sc":"unknown","speed":null,"lit":"unk","km":0.93}},
{"type":"Feature","geometry":{"type":"LineString","coordinates":[[33.82545,-14.54473],[33.82542,-14.5447],[33.8254,-14.54467],[33.82539,-14.54464],[33.82537,-14.54461],[33.82537,-14.54456],[33.82534,-14.54452],[33.8253,-14.54446],[33.82528,-14.54442],[33.82527,-14.54438],[33.82527,-14.54434],[33.82526,-14.5443],[33.82524,-14.54425],[33.82521,-14.54417],[33.82517,-14.54411],[33.82514,-14.54404],[33.82512,-14.54398],[33.82512,-14.54391],[33.82514,-14.54383],[33.82518,-14.5437]]},"properties":{"id":1191805080,"cls":"path","hw":"path","tg":"na","name":"","ref":"","surface":"","sc":"unknown","speed":null,"lit":"unk","km":0.124}},
{"type":"Feature","geometry":{"type":"LineString","coordinates":[[33.8237,-14.5462],[33.82373,-14.54611],[33.82373,-14.54603],[33.82373,-14.54594],[33.82375,-14.54588],[33.8238,-14.54576],[33.82382,-14.54569],[33.82383,-14.54562],[33.82383,-14.54554],[33.82382,-14.54549],[33.8238,-14.54544],[33.8238,-14.54541],[33.82381,-14.54537],[33.82381,-14.54533],[33.82379,-14.5453],[33.82382,-14.54524],[33.82383,-14.54518],[33.82387,-14.54514],[33.82391,-14.54511],[33.824,-14.54508],[33.82407,-14.54504],[33.82412,-14.54503],[33.82415,-14.54501],[33.82418,-14.54497],[33.82422,-14.54487],[33.82429,-14.54478],[33.82433,-14.54474],[33.82436,-14.54471],[33.82439,-14.54466],[33.82442,-14.54459],[33.82446,-14.54456],[33.8245,-14.54449],[33.82454,-14.54443]]},"properties":{"id":1191805081,"cls":"path","hw":"path","tg":"na","name":"","ref":"","surface":"","sc":"unknown","speed":null,"lit":"unk","km":0.236}},
{"type":"Feature","geometry":{"type":"LineString","coordinates":[[33.82591,-14.54204],[33.82576,-14.54202],[33.82567,-14.54203],[33.82554,-14.54201],[33.82543,-14.54199],[33.82534,-14.54199],[33.8253,-14.54198],[33.82525,-14.54198],[33.8252,-14.54198],[33.82511,-14.542],[33.82501,-14.54202],[33.82493,-14.54206],[33.82482,-14.54209],[33.82475,-14.54209],[33.82463,-14.5421],[33.82451,-14.54209],[33.82438,-14.54208],[33.82424,-14.54208],[33.8241,-14.54208],[33.82401,-14.54206],[33.82394,-14.54207],[33.82383,-14.54208],[33.82368,-14.54209],[33.82358,-14.54211],[33.82344,-14.5421],[33.82333,-14.5421],[33.82316,-14.54211],[33.82305,-14.5421],[33.82298,-14.54207],[33.82289,-14.54205],[33.82277,-14.54207],[33.82264,-14.54208],[33.82253,-14.54209],[33.82246,-14.54212],[33.82242,-14.54215],[33.82237,-14.54218],[33.8223,-14.54224],[33.82225,-14.54227],[33.8222,-14.5423],[33.82216,-14.54231],[33.82209,-14.54228],[33.82202,-14.54225],[33.82192,-14.5422],[33.82181,-14.54211]]},"properties":{"id":1191805082,"cls":"path","hw":"path","tg":"na","name":"","ref":"","surface":"","sc":"unknown","speed":null,"lit":"unk","km":0.46}},
{"type":"Feature","geometry":{"type":"LineString","coordinates":[[33.81696,-14.54613],[33.81698,-14.54602],[33.81703,-14.54592],[33.81709,-14.54585],[33.81715,-14.54577],[33.81726,-14.54569],[33.81743,-14.54558],[33.81749,-14.54553],[33.81752,-14.54547],[33.81755,-14.54541],[33.81756,-14.5453],[33.8176,-14.54517],[33.81769,-14.54507],[33.81776,-14.545],[33.81781,-14.54492],[33.81789,-14.54484],[33.81797,-14.54475],[33.81804,-14.54471],[33.81812,-14.54472],[33.81824,-14.54474],[33.81832,-14.54475],[33.81838,-14.54474],[33.81845,-14.5447],[33.81849,-14.54467],[33.81857,-14.54461],[33.81864,-14.54458],[33.81872,-14.54454],[33.8188,-14.54449],[33.81887,-14.54446],[33.81894,-14.54444],[33.81904,-14.54443],[33.81909,-14.54441],[33.81917,-14.54439],[33.81929,-14.54436],[33.81949,-14.54431],[33.8196,-14.54429],[33.8197,-14.54427],[33.81982,-14.54427],[33.81991,-14.54425],[33.82001,-14.54422],[33.82008,-14.5442],[33.82015,-14.5442],[33.8202,-14.54422],[33.82034,-14.54425],[33.82048,-14.54428],[33.82055,-14.54431],[33.82064,-14.54435],[33.8207,-14.5444],[33.82076,-14.54444],[33.82082,-14.54444],[33.82089,-14.54439],[33.82098,-14.54433],[33.82103,-14.54431],[33.82113,-14.54429],[33.82121,-14.54426],[33.82128,-14.54421],[33.82134,-14.54418],[33.82139,-14.54416],[33.82147,-14.54415],[33.82155,-14.54414],[33.82162,-14.54413],[33.82168,-14.54413],[33.82173,-14.54413],[33.82178,-14.54415],[33.82185,-14.54417],[33.82194,-14.54418],[33.82201,-14.54417],[33.82212,-14.54415],[33.82222,-14.54411],[33.82239,-14.54401],[33.82252,-14.54396],[33.82264,-14.54391],[33.82272,-14.54386],[33.82278,-14.54384],[33.82282,-14.54383],[33.82286,-14.54384],[33.8229,-14.54386],[33.82295,-14.5439],[33.823,-14.54394],[33.82302,-14.544],[33.82305,-14.54407],[33.82308,-14.54413],[33.82311,-14.54416],[33.82316,-14.54418],[33.82327,-14.5442],[33.8234,-14.54423],[33.82352,-14.54426],[33.82362,-14.54426],[33.8237,-14.54427],[33.82376,-14.54431],[33.82382,-14.54433],[33.82388,-14.54437],[33.82396,-14.54442],[33.82401,-14.54445],[33.82407,-14.5445],[33.82413,-14.54453],[33.82418,-14.54455],[33.82424,-14.54455],[33.8243,-14.54455],[33.82436,-14.54452],[33.8244,-14.54448],[33.82447,-14.54446],[33.82454,-14.54443],[33.82461,-14.54435],[33.82468,-14.54428],[33.82477,-14.54417],[33.82485,-14.54406],[33.82492,-14.54397],[33.82504,-14.54382],[33.82509,-14.54377],[33.82518,-14.5437],[33.82526,-14.54361],[33.82535,-14.5435],[33.82544,-14.54333],[33.82549,-14.54318],[33.82554,-14.54306],[33.82556,-14.54295],[33.82562,-14.54284],[33.82567,-14.5427],[33.82575,-14.54248],[33.82581,-14.5423],[33.82591,-14.54204],[33.82595,-14.54192],[33.826,-14.54179],[33.82606,-14.54171],[33.82616,-14.54152],[33.82623,-14.54142],[33.82629,-14.54137],[33.82634,-14.5413],[33.82637,-14.54121],[33.82642,-14.54112]]},"properties":{"id":1191805083,"cls":"path","hw":"path","tg":"na","name":"","ref":"","surface":"","sc":"unknown","speed":null,"lit":"unk","km":1.401}},
{"type":"Feature","geometry":{"type":"LineString","coordinates":[[33.81673,-14.54876],[33.81671,-14.54866],[33.81667,-14.54848],[33.81666,-14.54831],[33.81664,-14.5481],[33.81664,-14.54786],[33.81664,-14.54783],[33.81666,-14.54763],[33.8167,-14.54738],[33.81673,-14.54728],[33.81683,-14.54712],[33.8169,-14.54698],[33.81695,-14.5468],[33.81703,-14.5467],[33.81707,-14.54656],[33.81704,-14.54635],[33.81699,-14.54617],[33.81696,-14.54613],[33.8169,-14.54602],[33.81678,-14.54578],[33.8167,-14.54563],[33.81661,-14.54552],[33.81653,-14.54548],[33.81649,-14.54541],[33.81644,-14.5453],[33.81637,-14.5452],[33.81626,-14.54514],[33.81615,-14.54506],[33.81606,-14.54493],[33.81598,-14.54479],[33.81588,-14.54465]]},"properties":{"id":1191805084,"cls":"unclassified","hw":"unclassified","tg":"na","name":"","ref":"","surface":"","sc":"unknown","speed":null,"lit":"unk","km":0.511}},
{"type":"Feature","geometry":{"type":"LineString","coordinates":[[33.83516,-14.5415],[33.83507,-14.54157],[33.83495,-14.54165],[33.83485,-14.54171],[33.83474,-14.54177],[33.83461,-14.54182],[33.83448,-14.54186],[33.83432,-14.54188],[33.83418,-14.54188],[33.83408,-14.54189],[33.834,-14.54192],[33.83389,-14.54197],[33.8338,-14.54198],[33.83368,-14.54199],[33.83362,-14.54201],[33.83354,-14.54206],[33.83346,-14.54215],[33.83337,-14.54221],[33.83329,-14.54231],[33.83326,-14.54239],[33.83324,-14.54245],[33.83322,-14.54255],[33.8332,-14.54262],[33.83318,-14.54266],[33.83313,-14.54274],[33.83308,-14.54281],[33.83304,-14.54288],[33.83301,-14.54292],[33.83298,-14.54297],[33.83298,-14.54302],[33.83297,-14.54307],[33.83296,-14.54309],[33.83293,-14.54313],[33.83289,-14.54317],[33.83287,-14.54321],[33.83285,-14.54328],[33.83283,-14.54336],[33.8328,-14.54343],[33.83273,-14.5435],[33.83268,-14.54356],[33.83262,-14.54359],[33.83256,-14.54364],[33.83252,-14.5437],[33.83247,-14.54374],[33.83242,-14.54379],[33.8324,-14.54382],[33.83236,-14.54385],[33.8323,-14.5439],[33.83226,-14.54394],[33.83221,-14.54397],[33.83215,-14.544],[33.8321,-14.54403],[33.83206,-14.54405],[33.832,-14.54405],[33.83195,-14.54403],[33.83193,-14.54401],[33.8319,-14.54402],[33.83187,-14.54402],[33.83185,-14.54401],[33.83183,-14.54403],[33.83179,-14.54407],[33.83177,-14.54412],[33.83174,-14.54418],[33.83171,-14.54421],[33.83163,-14.54433],[33.83158,-14.54441],[33.83153,-14.54447],[33.83149,-14.54454],[33.83144,-14.54465],[33.83142,-14.54474],[33.83142,-14.54486],[33.83139,-14.54496],[33.83138,-14.54509],[33.83139,-14.54519],[33.83137,-14.54535],[33.83135,-14.54546],[33.83136,-14.54558],[33.83134,-14.54569],[33.83132,-14.54579],[33.83128,-14.54587],[33.8312,-14.54594],[33.83114,-14.54598],[33.83105,-14.54599],[33.83095,-14.54601],[33.83089,-14.54605],[33.83085,-14.54608],[33.83083,-14.54611],[33.83081,-14.54616],[33.83081,-14.54624],[33.83078,-14.54636],[33.83075,-14.54647],[33.83069,-14.54659]]},"properties":{"id":1191805088,"cls":"path","hw":"path","tg":"na","name":"","ref":"","surface":"","sc":"unknown","speed":null,"lit":"unk","km":0.833}},
{"type":"Feature","geometry":{"type":"LineString","coordinates":[[33.84128,-14.52459],[33.8412,-14.52448],[33.84114,-14.52441],[33.84108,-14.52433],[33.84101,-14.52429],[33.84093,-14.52427],[33.84086,-14.52426],[33.84074,-14.52418],[33.84059,-14.52409],[33.84057,-14.52408],[33.84052,-14.52406],[33.84038,-14.52398],[33.84028,-14.52391],[33.84017,-14.52385],[33.84005,-14.52383],[33.83997,-14.52384],[33.83992,-14.52383],[33.83983,-14.5238],[33.83974,-14.52376],[33.83965,-14.52374],[33.83949,-14.52372],[33.83939,-14.52371],[33.8393,-14.52367],[33.83925,-14.52363],[33.83918,-14.52355],[33.83915,-14.52343],[33.83915,-14.52329],[33.83912,-14.52315],[33.83907,-14.52302],[33.83897,-14.52289],[33.83886,-14.52275],[33.83879,-14.52264],[33.83876,-14.52252],[33.83871,-14.52243],[33.83864,-14.52237],[33.83859,-14.52229],[33.83854,-14.52214],[33.83846,-14.52198],[33.83835,-14.52185],[33.83823,-14.52168],[33.83809,-14.52153],[33.83798,-14.52144],[33.83785,-14.5213]]},"properties":{"id":1191940093,"cls":"path","hw":"path","tg":"na","name":"","ref":"","surface":"","sc":"unknown","speed":null,"lit":"unk","km":0.56}},
{"type":"Feature","geometry":{"type":"LineString","coordinates":[[33.85421,-14.51533],[33.85431,-14.51536],[33.85439,-14.51541],[33.85446,-14.5155],[33.85456,-14.51561],[33.85463,-14.51569],[33.85467,-14.51575],[33.85467,-14.51582],[33.85464,-14.51594],[33.85454,-14.5163],[33.85447,-14.51663],[33.85438,-14.51698],[33.85432,-14.51718],[33.85428,-14.51737],[33.8542,-14.51759],[33.85418,-14.51768],[33.85422,-14.51775],[33.85431,-14.51784],[33.85444,-14.51791],[33.85466,-14.51796],[33.85488,-14.51804],[33.855,-14.51813],[33.85512,-14.51826],[33.85513,-14.51827],[33.85523,-14.51836],[33.85535,-14.51844],[33.85551,-14.51854],[33.85563,-14.51871],[33.85574,-14.5189],[33.85582,-14.51902],[33.85596,-14.5191],[33.85616,-14.51913],[33.85639,-14.51914],[33.85658,-14.51916],[33.85677,-14.51916],[33.85696,-14.51921],[33.85707,-14.51927],[33.85721,-14.51938],[33.85733,-14.51952],[33.85745,-14.51959],[33.85763,-14.5197],[33.85771,-14.51977],[33.85778,-14.51983],[33.85789,-14.5199],[33.85799,-14.51993],[33.85809,-14.51993],[33.85824,-14.51993],[33.85839,-14.51995],[33.85862,-14.51999],[33.85879,-14.52004],[33.85892,-14.52015],[33.85902,-14.52024],[33.85911,-14.52032],[33.85921,-14.52039],[33.85927,-14.52045],[33.85934,-14.52048],[33.85939,-14.52051],[33.85945,-14.52058],[33.8595,-14.5207],[33.85953,-14.52077],[33.85956,-14.52088],[33.85958,-14.52098],[33.8596,-14.52102],[33.85964,-14.52109],[33.85968,-14.52113],[33.85972,-14.52116],[33.85977,-14.52115],[33.8598,-14.52115],[33.85983,-14.52116],[33.85987,-14.52118]]},"properties":{"id":1191944563,"cls":"unclassified","hw":"unclassified","tg":"na","name":"","ref":"","surface":"","sc":"unknown","speed":null,"lit":"unk","km":1.066}},
{"type":"Feature","geometry":{"type":"LineString","coordinates":[[33.84641,-14.52161],[33.84648,-14.5216],[33.84659,-14.52161],[33.84667,-14.52163],[33.8468,-14.52168],[33.84687,-14.52173],[33.84694,-14.52183],[33.84701,-14.52195],[33.84707,-14.52203],[33.84716,-14.52214],[33.84724,-14.52225],[33.84731,-14.52232],[33.84739,-14.5224],[33.84747,-14.52247],[33.84758,-14.52255],[33.8477,-14.52261],[33.84779,-14.52264],[33.84789,-14.52269],[33.84803,-14.52274],[33.84816,-14.52281],[33.84835,-14.52289],[33.84845,-14.52294],[33.84853,-14.52296],[33.84863,-14.52298],[33.84872,-14.52298],[33.8488,-14.52297],[33.84885,-14.52293],[33.84893,-14.52286],[33.84899,-14.52282],[33.84905,-14.52278],[33.8491,-14.52277],[33.84917,-14.52277],[33.84924,-14.52278],[33.84933,-14.52281],[33.8494,-14.52285],[33.84948,-14.52288],[33.84956,-14.52291],[33.84965,-14.52294],[33.84973,-14.52295],[33.84983,-14.52295],[33.84993,-14.52298],[33.85001,-14.52302],[33.85013,-14.52308],[33.85024,-14.52313],[33.85032,-14.52316],[33.85041,-14.52318],[33.8505,-14.52316],[33.85059,-14.52315],[33.85064,-14.52316],[33.85075,-14.52321],[33.85086,-14.52326],[33.85092,-14.52329],[33.851,-14.52333],[33.85104,-14.52339],[33.85112,-14.52348],[33.8512,-14.52358],[33.85127,-14.52367],[33.85135,-14.52378],[33.85142,-14.52388],[33.85151,-14.52402],[33.85158,-14.52409],[33.85169,-14.52424],[33.85178,-14.52433],[33.85192,-14.52441],[33.85204,-14.52448],[33.85218,-14.52458],[33.85226,-14.52465],[33.85237,-14.52473],[33.85243,-14.5248],[33.85248,-14.52487],[33.85255,-14.52496],[33.85261,-14.52504],[33.8527,-14.52515],[33.85277,-14.52522],[33.85283,-14.52529],[33.85292,-14.52537],[33.85298,-14.52545],[33.85304,-14.52553],[33.8531,-14.52559],[33.85313,-14.52562],[33.85316,-14.52563],[33.8533,-14.52565],[33.85347,-14.52566],[33.85362,-14.52566],[33.85375,-14.52567],[33.85388,-14.52564],[33.85397,-14.52562],[33.85405,-14.52561],[33.85418,-14.52561],[33.85428,-14.52561],[33.85442,-14.52562],[33.85456,-14.52564],[33.85464,-14.52564],[33.85477,-14.52565],[33.85487,-14.52566],[33.85493,-14.52568],[33.85504,-14.5257],[33.85519,-14.52571],[33.85533,-14.52575],[33.85547,-14.52578],[33.85559,-14.5258],[33.85568,-14.52583],[33.85572,-14.52585],[33.85576,-14.52587],[33.85583,-14.52594],[33.85588,-14.52598],[33.85593,-14.52605],[33.85597,-14.52609],[33.85605,-14.52617],[33.85613,-14.52628],[33.85622,-14.52638],[33.85629,-14.52648],[33.85637,-14.52659],[33.85644,-14.52668],[33.85651,-14.52676],[33.8566,-14.52684],[33.85668,-14.52691],[33.85673,-14.52697],[33.85676,-14.527],[33.85678,-14.52706],[33.85679,-14.5271],[33.8568,-14.52723],[33.8568,-14.52727],[33.8568,-14.5273],[33.85681,-14.52734],[33.85683,-14.52737],[33.85686,-14.5274],[33.85695,-14.52743],[33.85705,-14.52746],[33.85717,-14.5275],[33.85726,-14.52751],[33.85737,-14.52753],[33.85746,-14.52754],[33.85758,-14.52755],[33.8577,-14.52759],[33.85779,-14.52763],[33.85785,-14.52768],[33.8579,-14.52774],[33.85791,-14.52781],[33.85797,-14.52795],[33.85805,-14.5281],[33.85811,-14.52821],[33.85815,-14.52826],[33.85819,-14.52828],[33.85827,-14.52832],[33.85835,-14.52834],[33.85843,-14.52837],[33.85849,-14.52839],[33.85855,-14.52843],[33.85862,-14.52848],[33.85867,-14.52854],[33.85876,-14.5287],[33.85883,-14.52876],[33.85888,-14.52878],[33.85897,-14.52883],[33.85908,-14.52889],[33.85921,-14.52894],[33.85933,-14.52898],[33.85947,-14.52904],[33.8596,-14.52908],[33.85969,-14.5291],[33.85977,-14.52911],[33.85984,-14.52911],[33.85991,-14.52911]]},"properties":{"id":1191944566,"cls":"unclassified","hw":"unclassified","tg":"na","name":"","ref":"","surface":"","sc":"unknown","speed":null,"lit":"unk","km":1.825}},
{"type":"Feature","geometry":{"type":"LineString","coordinates":[[33.84283,-14.52378],[33.8428,-14.52361],[33.84278,-14.5235],[33.84275,-14.52343],[33.8427,-14.52336],[33.84269,-14.52329],[33.84271,-14.52325],[33.84273,-14.52322],[33.84274,-14.52316],[33.84275,-14.52313],[33.84282,-14.52305],[33.84286,-14.52298],[33.84292,-14.52289],[33.84293,-14.5228],[33.84292,-14.52267],[33.84291,-14.52259],[33.84288,-14.5225],[33.84286,-14.52247],[33.84283,-14.52244],[33.84282,-14.52238],[33.84282,-14.52232],[33.84281,-14.52225],[33.84282,-14.52218],[33.84283,-14.52208],[33.84287,-14.52196],[33.84289,-14.5219],[33.84291,-14.52182],[33.84295,-14.5217],[33.84298,-14.52158],[33.84301,-14.52147],[33.84308,-14.52135],[33.84312,-14.52127],[33.84316,-14.52118],[33.84319,-14.52111],[33.84319,-14.52104],[33.84321,-14.52098],[33.84324,-14.52091],[33.84328,-14.52079],[33.84332,-14.52067],[33.8434,-14.52053],[33.84349,-14.52041],[33.84351,-14.52032],[33.84355,-14.52013],[33.84357,-14.52004],[33.84359,-14.51997],[33.84359,-14.51992],[33.84359,-14.51987],[33.8436,-14.51982],[33.8436,-14.51975],[33.84363,-14.51969],[33.84365,-14.51964],[33.84364,-14.51959],[33.84363,-14.51948],[33.84365,-14.51936],[33.84363,-14.51929],[33.84362,-14.51922],[33.84363,-14.51912],[33.84363,-14.51905],[33.84363,-14.51895],[33.84365,-14.5189],[33.84365,-14.51882],[33.84369,-14.51871],[33.84373,-14.51858],[33.84377,-14.51848],[33.84378,-14.51838],[33.84379,-14.51826],[33.8438,-14.51815],[33.84378,-14.51811],[33.8438,-14.51797],[33.84378,-14.51787],[33.8438,-14.51775],[33.8438,-14.51763],[33.84381,-14.51751],[33.84386,-14.51738],[33.84388,-14.51731],[33.84388,-14.51722],[33.84389,-14.51709],[33.84388,-14.51701],[33.84385,-14.51694],[33.84385,-14.51689],[33.84386,-14.51682],[33.84385,-14.51675],[33.84383,-14.51665],[33.8438,-14.51656],[33.84377,-14.51647],[33.84376,-14.51642],[33.84376,-14.51637],[33.84376,-14.51633],[33.84374,-14.51624],[33.84373,-14.51608],[33.8437,-14.51597],[33.84366,-14.51584],[33.84365,-14.51573],[33.84361,-14.51562],[33.84356,-14.51552]]},"properties":{"id":1191944567,"cls":"path","hw":"path","tg":"na","name":"","ref":"","surface":"","sc":"unknown","speed":null,"lit":"unk","km":0.96}},
{"type":"Feature","geometry":{"type":"LineString","coordinates":[[33.84108,-14.52433],[33.84108,-14.52425],[33.84104,-14.52416],[33.84105,-14.52409],[33.84107,-14.52399],[33.84106,-14.52389],[33.84103,-14.52383],[33.84104,-14.52376],[33.84099,-14.52371],[33.84092,-14.52365],[33.84089,-14.52359],[33.84085,-14.52349],[33.84085,-14.52344],[33.84081,-14.52341],[33.84078,-14.52335],[33.84072,-14.52324],[33.84067,-14.52313],[33.84066,-14.52305],[33.84063,-14.52298],[33.84059,-14.52291],[33.84059,-14.52285],[33.8406,-14.52279],[33.84058,-14.52274],[33.84053,-14.52263],[33.8405,-14.52255],[33.84047,-14.52245],[33.84047,-14.52241],[33.8405,-14.52235],[33.84052,-14.52229],[33.84056,-14.52224],[33.8406,-14.52218],[33.84063,-14.52211],[33.84063,-14.52203],[33.84067,-14.52195],[33.84071,-14.5219],[33.84071,-14.52186],[33.8407,-14.52179],[33.84069,-14.52172],[33.84073,-14.52162],[33.84077,-14.52148],[33.8408,-14.52139],[33.8408,-14.52132],[33.84079,-14.52125],[33.84081,-14.52108],[33.84077,-14.52098],[33.84078,-14.52091],[33.84082,-14.52071],[33.84081,-14.52061],[33.84081,-14.52046],[33.84083,-14.52032],[33.84084,-14.52022],[33.84084,-14.52014],[33.8408,-14.52007],[33.84078,-14.51998],[33.84076,-14.51994],[33.84072,-14.51988],[33.84071,-14.51983],[33.84068,-14.51974]]},"properties":{"id":1191944568,"cls":"path","hw":"path","tg":"na","name":"","ref":"","surface":"","sc":"unknown","speed":null,"lit":"unk","km":0.544}},
{"type":"Feature","geometry":{"type":"LineString","coordinates":[[33.83912,-14.52527],[33.83907,-14.52522],[33.83897,-14.52516],[33.83891,-14.52512],[33.83883,-14.52507],[33.83879,-14.525],[33.83874,-14.52494],[33.83869,-14.5249],[33.83862,-14.52486],[33.83859,-14.52483],[33.83853,-14.52479],[33.83846,-14.52476],[33.83841,-14.52475],[33.83835,-14.52475],[33.83827,-14.52477],[33.83821,-14.52479],[33.83814,-14.52481],[33.83807,-14.52481],[33.83796,-14.52484],[33.83787,-14.52484]]},"properties":{"id":1191944569,"cls":"path","hw":"path","tg":"na","name":"","ref":"","surface":"","sc":"unknown","speed":null,"lit":"unk","km":0.157}},
{"type":"Feature","geometry":{"type":"LineString","coordinates":[[33.8392,-14.5252],[33.83922,-14.52511],[33.8392,-14.52504],[33.83919,-14.52495],[33.83919,-14.52485],[33.83919,-14.52469],[33.83916,-14.5246],[33.83912,-14.52448],[33.83909,-14.52437],[33.83907,-14.52424],[33.83904,-14.52407],[33.83903,-14.52393],[33.83901,-14.52384],[33.83901,-14.52377],[33.83902,-14.52372],[33.83903,-14.52366],[33.83904,-14.52357],[33.83906,-14.52349],[33.8391,-14.5234],[33.83915,-14.52329]]},"properties":{"id":1191944570,"cls":"path","hw":"path","tg":"na","name":"","ref":"","surface":"","sc":"unknown","speed":null,"lit":"unk","km":0.218}},
{"type":"Feature","geometry":{"type":"LineString","coordinates":[[33.83879,-14.52667],[33.83874,-14.5265],[33.83867,-14.5264],[33.83858,-14.52633],[33.83852,-14.52625],[33.83845,-14.52611],[33.83839,-14.52602],[33.83837,-14.52598],[33.83832,-14.52592],[33.83825,-14.52586],[33.83818,-14.5258],[33.83813,-14.52576],[33.83809,-14.52572],[33.83807,-14.52567],[33.83801,-14.52558],[33.83797,-14.5255],[33.83791,-14.52534],[33.8379,-14.52527],[33.8379,-14.52521],[33.83788,-14.52516],[33.83785,-14.52512]]},"properties":{"id":1191944571,"cls":"path","hw":"path","tg":"na","name":"","ref":"","surface":"","sc":"unknown","speed":null,"lit":"unk","km":0.205}},
{"type":"Feature","geometry":{"type":"LineString","coordinates":[[33.84219,-14.50369],[33.8419,-14.50354],[33.84167,-14.50343],[33.84145,-14.50343],[33.84118,-14.50344],[33.841,-14.50342],[33.84067,-14.50338],[33.84044,-14.50335],[33.84034,-14.5033],[33.84017,-14.5032],[33.83999,-14.50308],[33.83983,-14.50304],[33.83968,-14.503],[33.83958,-14.503],[33.83936,-14.50303],[33.83922,-14.503],[33.83904,-14.50294],[33.8388,-14.50294],[33.8387,-14.50303],[33.83859,-14.50309],[33.83848,-14.50317],[33.83835,-14.50322],[33.83824,-14.50324],[33.83813,-14.50327],[33.83802,-14.5033],[33.83787,-14.50335]]},"properties":{"id":1191945563,"cls":"unclassified","hw":"unclassified","tg":"na","name":"\\","ref":"","surface":"","sc":"unknown","speed":null,"lit":"unk","km":0.496}},
{"type":"Feature","geometry":{"type":"LineString","coordinates":[[33.85815,-14.51167],[33.85803,-14.51164],[33.85789,-14.51159],[33.85779,-14.51153],[33.85769,-14.51147],[33.85759,-14.51146],[33.85747,-14.51144],[33.85739,-14.5114],[33.8573,-14.51135],[33.85713,-14.5113],[33.85697,-14.51127],[33.85681,-14.51122],[33.85669,-14.51116],[33.85652,-14.51108],[33.85643,-14.51106],[33.85635,-14.51103],[33.85623,-14.51097],[33.85614,-14.51093],[33.85603,-14.5109],[33.85589,-14.51087],[33.85575,-14.51083],[33.85565,-14.5108],[33.85559,-14.51077],[33.85551,-14.51073],[33.85543,-14.51072],[33.85533,-14.5107],[33.85523,-14.51068],[33.85512,-14.51068],[33.85505,-14.51065],[33.855,-14.51062],[33.85491,-14.51052],[33.85483,-14.51043],[33.85476,-14.51037],[33.85468,-14.51033],[33.85455,-14.5103],[33.85444,-14.51021],[33.85434,-14.51014],[33.85426,-14.5101],[33.85417,-14.51008],[33.85412,-14.51005],[33.85407,-14.51003],[33.85404,-14.50996],[33.85397,-14.50984],[33.85388,-14.50972],[33.8538,-14.50964],[33.85373,-14.50959],[33.85365,-14.50958],[33.85356,-14.50958],[33.85349,-14.50956],[33.85342,-14.50952],[33.85336,-14.50946],[33.85328,-14.50937],[33.8532,-14.50926],[33.85313,-14.50918],[33.85306,-14.50913],[33.853,-14.5091],[33.85296,-14.50906],[33.85291,-14.50901],[33.85286,-14.50898],[33.8528,-14.50896],[33.85274,-14.50894],[33.85267,-14.50892],[33.85261,-14.5089],[33.85247,-14.50885],[33.8524,-14.50881],[33.85234,-14.50878],[33.85226,-14.50874],[33.85218,-14.50871]]},"properties":{"id":1191945564,"cls":"unclassified","hw":"unclassified","tg":"na","name":"","ref":"","surface":"","sc":"unknown","speed":null,"lit":"unk","km":0.747}},
{"type":"Feature","geometry":{"type":"LineString","coordinates":[[33.85217,-14.51668],[33.85211,-14.51665],[33.85202,-14.51654],[33.85188,-14.51641],[33.85174,-14.51629],[33.85164,-14.51619],[33.85148,-14.51608],[33.85135,-14.51598],[33.85127,-14.51587],[33.85119,-14.51577],[33.8511,-14.51567],[33.85096,-14.51555],[33.85081,-14.5154],[33.85069,-14.51528],[33.85062,-14.51522],[33.85055,-14.51518],[33.8505,-14.51516],[33.85043,-14.51517],[33.85034,-14.51517],[33.85028,-14.51517],[33.85024,-14.51516],[33.85013,-14.51509],[33.85003,-14.51501],[33.84995,-14.51496],[33.84987,-14.51491],[33.84982,-14.51491],[33.84973,-14.5149],[33.84966,-14.51491],[33.84959,-14.51489],[33.84953,-14.51486],[33.84944,-14.51479],[33.84936,-14.51472],[33.84925,-14.51464],[33.84916,-14.51459],[33.84903,-14.51452],[33.84891,-14.51448],[33.84873,-14.51441],[33.8486,-14.51435],[33.84847,-14.51432],[33.84828,-14.51428],[33.84815,-14.51425],[33.84806,-14.51422],[33.84799,-14.5142],[33.84794,-14.51419]]},"properties":{"id":1191945565,"cls":"unclassified","hw":"unclassified","tg":"na","name":"","ref":"","surface":"","sc":"unknown","speed":null,"lit":"unk","km":0.553}},
{"type":"Feature","geometry":{"type":"LineString","coordinates":[[33.85449,-14.51846],[33.85456,-14.5185],[33.85459,-14.51854],[33.85462,-14.51857],[33.85467,-14.51859],[33.85473,-14.51861],[33.85476,-14.51863],[33.8548,-14.51864],[33.85486,-14.51865],[33.85492,-14.51867],[33.85497,-14.51869],[33.855,-14.51871],[33.85504,-14.51874],[33.85514,-14.51879],[33.85523,-14.5188],[33.8553,-14.51879],[33.85535,-14.5188],[33.85537,-14.51882],[33.85541,-14.51884],[33.85545,-14.51885],[33.85548,-14.51886],[33.85552,-14.51888],[33.85555,-14.51888],[33.85559,-14.5189],[33.85564,-14.51891],[33.85569,-14.5189],[33.85574,-14.5189]]},"properties":{"id":1191945566,"cls":"unclassified","hw":"unclassified","tg":"na","name":"","ref":"","surface":"","sc":"unknown","speed":null,"lit":"unk","km":0.149}},
{"type":"Feature","geometry":{"type":"LineString","coordinates":[[33.85219,-14.5198],[33.85226,-14.51972],[33.85232,-14.51963],[33.85238,-14.51954],[33.85247,-14.51946],[33.85257,-14.51939],[33.85267,-14.51932],[33.85277,-14.51925],[33.85282,-14.51921],[33.85284,-14.51919],[33.85292,-14.51912],[33.85296,-14.51909],[33.85307,-14.519],[33.85319,-14.51891],[33.8533,-14.51885],[33.85335,-14.51882],[33.85337,-14.51882],[33.8534,-14.51881],[33.85346,-14.51879],[33.85357,-14.51871],[33.85367,-14.51861],[33.8537,-14.51859],[33.85374,-14.51859],[33.85379,-14.5186],[33.85383,-14.51862],[33.85388,-14.51864],[33.85392,-14.51865],[33.85396,-14.51864],[33.85401,-14.51863],[33.85406,-14.51863],[33.8541,-14.51862],[33.85416,-14.5186],[33.8542,-14.51858],[33.85424,-14.51855],[33.8543,-14.51852],[33.85435,-14.51849],[33.85441,-14.51848],[33.85449,-14.51846],[33.85459,-14.5184],[33.85466,-14.51836],[33.85473,-14.51832],[33.85478,-14.5183],[33.85485,-14.51828],[33.85489,-14.51828],[33.85494,-14.51827],[33.855,-14.51827],[33.85507,-14.51827],[33.85512,-14.51826],[33.85518,-14.51824],[33.85528,-14.51822],[33.85534,-14.51821],[33.85548,-14.51821],[33.85559,-14.51817],[33.85565,-14.51815],[33.85578,-14.51813],[33.85592,-14.5181],[33.85603,-14.51804],[33.8562,-14.51798],[33.85634,-14.51793],[33.85654,-14.51786],[33.85662,-14.51781],[33.85673,-14.51778],[33.85683,-14.51775],[33.85691,-14.51775],[33.85708,-14.51778],[33.85718,-14.51779],[33.85727,-14.51779],[33.85738,-14.51781],[33.85753,-14.51783],[33.85764,-14.51784],[33.85771,-14.51787],[33.85773,-14.51788],[33.85778,-14.51787],[33.85783,-14.51789],[33.85786,-14.51791],[33.8579,-14.51793],[33.85796,-14.51793],[33.85801,-14.51794],[33.85805,-14.51795],[33.85809,-14.51796],[33.85814,-14.51795],[33.85819,-14.51795],[33.85822,-14.51794],[33.85825,-14.51793],[33.85827,-14.51793],[33.85829,-14.51795],[33.85832,-14.51798],[33.85834,-14.518],[33.85837,-14.51802],[33.8584,-14.51803],[33.85847,-14.51807],[33.85854,-14.51813],[33.85859,-14.51818],[33.85863,-14.51823],[33.85867,-14.51827],[33.85873,-14.51831],[33.85877,-14.51834],[33.85879,-14.51836],[33.85881,-14.51835],[33.85884,-14.51834]]},"properties":{"id":1191945567,"cls":"unclassified","hw":"unclassified","tg":"na","name":"","ref":"","surface":"","sc":"unknown","speed":null,"lit":"unk","km":0.812}},
{"type":"Feature","geometry":{"type":"LineString","coordinates":[[33.8494,-14.51907],[33.84948,-14.51913],[33.84953,-14.51917],[33.84957,-14.51918],[33.84962,-14.51917],[33.84966,-14.51916],[33.84969,-14.51916],[33.84974,-14.51916],[33.84978,-14.51918],[33.84984,-14.51919],[33.8499,-14.5192],[33.84996,-14.5192],[33.85003,-14.5192],[33.85008,-14.5192],[33.85015,-14.51919],[33.85022,-14.51917],[33.85028,-14.51915],[33.85034,-14.51914],[33.85039,-14.51915],[33.85045,-14.51917],[33.85051,-14.51918],[33.85058,-14.51918],[33.85064,-14.51918],[33.85072,-14.51918],[33.85077,-14.51916],[33.85083,-14.51915],[33.85089,-14.51915],[33.85094,-14.51915],[33.85101,-14.51915],[33.85108,-14.51916],[33.85116,-14.51917],[33.85124,-14.51918],[33.85131,-14.51918],[33.85138,-14.51917],[33.85143,-14.51917],[33.85148,-14.51916],[33.85155,-14.51914],[33.85162,-14.51913],[33.85171,-14.51912],[33.85178,-14.51912],[33.85187,-14.51912],[33.85191,-14.51912],[33.85195,-14.51909],[33.852,-14.51908],[33.85208,-14.51908],[33.85218,-14.51909],[33.8523,-14.51912],[33.85237,-14.51914],[33.8525,-14.51917],[33.85256,-14.51919],[33.85262,-14.5192],[33.8527,-14.5192],[33.85279,-14.5192],[33.85284,-14.51919]]},"properties":{"id":1191945568,"cls":"path","hw":"path","tg":"na","name":"","ref":"","surface":"","sc":"unknown","speed":null,"lit":"unk","km":0.381}},
{"type":"Feature","geometry":{"type":"LineString","coordinates":[[33.85181,-14.51983],[33.85181,-14.51973],[33.85183,-14.51964],[33.85184,-14.51957],[33.85185,-14.51949],[33.85184,-14.51944],[33.85186,-14.51936],[33.85188,-14.51929],[33.85193,-14.51915],[33.85195,-14.51909],[33.85199,-14.51902],[33.85204,-14.51891],[33.85206,-14.51886],[33.85209,-14.51882],[33.85211,-14.51877],[33.85218,-14.51866],[33.85227,-14.5185],[33.85234,-14.51841],[33.85238,-14.5183],[33.85242,-14.51819],[33.85253,-14.51808],[33.85261,-14.518],[33.85263,-14.5179],[33.85267,-14.51783],[33.85272,-14.51765],[33.85272,-14.51754],[33.8527,-14.51735],[33.85265,-14.51719],[33.85258,-14.51709],[33.8525,-14.51703],[33.85242,-14.51697],[33.85232,-14.51693],[33.85222,-14.51688],[33.85215,-14.51685],[33.85212,-14.51682],[33.8521,-14.51674]]},"properties":{"id":1191945569,"cls":"unclassified","hw":"unclassified","tg":"na","name":"","ref":"","surface":"","sc":"unknown","speed":null,"lit":"unk","km":0.401}},
{"type":"Feature","geometry":{"type":"LineString","coordinates":[[33.83789,-14.51704],[33.838,-14.51693],[33.83811,-14.51686],[33.83821,-14.51682],[33.83827,-14.51677],[33.83841,-14.5167],[33.8386,-14.51663],[33.83873,-14.51654],[33.83891,-14.51639],[33.83909,-14.51625],[33.83924,-14.51614],[33.83946,-14.51603],[33.83956,-14.51595],[33.83967,-14.51584],[33.83986,-14.51568],[33.83997,-14.51557],[33.84006,-14.51544],[33.84021,-14.51527],[33.84041,-14.51512],[33.84051,-14.51506],[33.84057,-14.515],[33.84061,-14.51495],[33.84073,-14.51481],[33.84081,-14.51478],[33.84087,-14.51476],[33.84093,-14.51475],[33.84098,-14.51471],[33.84109,-14.51465],[33.84126,-14.51454],[33.84135,-14.51449],[33.84139,-14.51447],[33.84142,-14.51446],[33.84152,-14.51441],[33.84157,-14.51437],[33.84162,-14.51433],[33.84174,-14.51428],[33.8418,-14.51426]]},"properties":{"id":1191945570,"cls":"path","hw":"path","tg":"na","name":"","ref":"","surface":"","sc":"unknown","speed":null,"lit":"unk","km":0.53}},
{"type":"Feature","geometry":{"type":"LineString","coordinates":[[33.7454,-14.51381],[33.74539,-14.51394],[33.74536,-14.51409],[33.74532,-14.51426],[33.7453,-14.51436],[33.7453,-14.51448],[33.7453,-14.51454],[33.74529,-14.51456],[33.7453,-14.51459],[33.74533,-14.51462],[33.74535,-14.5147],[33.74535,-14.51476],[33.74535,-14.51479],[33.74535,-14.51482],[33.74536,-14.51483],[33.74539,-14.51486],[33.7454,-14.51487],[33.74541,-14.5149],[33.74541,-14.51492],[33.74542,-14.51493],[33.74544,-14.51496],[33.74547,-14.51499],[33.74549,-14.51501],[33.74551,-14.51505],[33.7455,-14.5151],[33.74549,-14.51517],[33.74549,-14.51523],[33.74547,-14.51531],[33.74546,-14.51542],[33.74545,-14.51551],[33.74545,-14.51564],[33.74546,-14.51578],[33.74546,-14.51585],[33.74546,-14.51593],[33.74546,-14.516],[33.74545,-14.51603],[33.74545,-14.51606],[33.74545,-14.51609],[33.74548,-14.51612],[33.74551,-14.51617],[33.74553,-14.51622],[33.74555,-14.51625],[33.74556,-14.51629],[33.74556,-14.51633],[33.74557,-14.51636],[33.74557,-14.5164],[33.74558,-14.51649],[33.7456,-14.51662],[33.74562,-14.51673],[33.74564,-14.51683],[33.74567,-14.51695],[33.7457,-14.51709],[33.74571,-14.51717],[33.74572,-14.51723],[33.74573,-14.51729],[33.74574,-14.51734],[33.74576,-14.51742],[33.74578,-14.5175],[33.74579,-14.51758],[33.7458,-14.51765],[33.7458,-14.51772],[33.74583,-14.51781],[33.74584,-14.51785],[33.74585,-14.51789],[33.74586,-14.51793],[33.74587,-14.51795],[33.74589,-14.51798],[33.7459,-14.518],[33.74591,-14.51803],[33.74591,-14.51807],[33.74591,-14.51812],[33.74591,-14.51817],[33.74591,-14.5182],[33.74593,-14.51825],[33.74596,-14.51834],[33.74597,-14.51839],[33.74598,-14.51842],[33.74598,-14.51848],[33.74597,-14.51853],[33.74594,-14.51858],[33.74593,-14.51864],[33.74591,-14.51866],[33.7459,-14.5187],[33.74589,-14.51876],[33.74588,-14.5188],[33.74586,-14.51885],[33.74586,-14.51889],[33.74584,-14.51894],[33.7458,-14.51902],[33.74576,-14.51908],[33.74572,-14.51918],[33.7457,-14.51921]]},"properties":{"id":1192026133,"cls":"path","hw":"path","tg":"na","name":"","ref":"","surface":"","sc":"unknown","speed":null,"lit":"unk","km":0.626}},
{"type":"Feature","geometry":{"type":"LineString","coordinates":[[33.73441,-14.50104],[33.73432,-14.50095],[33.73428,-14.50083],[33.73418,-14.5007],[33.73407,-14.50058],[33.73396,-14.50038],[33.73386,-14.50023],[33.73375,-14.50012],[33.73362,-14.50002],[33.73356,-14.49992],[33.73347,-14.49985],[33.73333,-14.49974],[33.73325,-14.49963],[33.73319,-14.49952],[33.7331,-14.49939],[33.73308,-14.4993],[33.73299,-14.49919]]},"properties":{"id":1192026147,"cls":"path","hw":"path","tg":"na","name":"","ref":"","surface":"","sc":"unknown","speed":null,"lit":"unk","km":0.26}},
{"type":"Feature","geometry":{"type":"LineString","coordinates":[[33.73833,-14.50067],[33.73832,-14.50061],[33.73834,-14.50056],[33.73835,-14.50051],[33.73835,-14.50047],[33.73837,-14.50044],[33.73839,-14.50039],[33.7384,-14.50034],[33.73844,-14.5003],[33.73846,-14.50026],[33.73849,-14.50019],[33.73851,-14.50016],[33.73853,-14.50011],[33.73855,-14.50006],[33.73856,-14.49998],[33.73854,-14.49991],[33.73853,-14.49985],[33.73853,-14.49977],[33.73852,-14.49973],[33.73853,-14.4997],[33.73856,-14.49964],[33.73857,-14.4996],[33.73859,-14.49958],[33.73861,-14.49953],[33.73864,-14.49949],[33.73867,-14.49946],[33.73871,-14.49944],[33.73875,-14.49943],[33.73879,-14.49941],[33.73883,-14.49939],[33.73886,-14.49935],[33.73889,-14.4993],[33.73894,-14.49926],[33.73903,-14.49921],[33.7391,-14.49917],[33.73915,-14.49913],[33.73921,-14.49908],[33.73923,-14.49902],[33.73926,-14.49897],[33.73932,-14.49892],[33.73937,-14.49892],[33.73941,-14.49891],[33.73945,-14.49892],[33.7395,-14.49892],[33.73955,-14.49891],[33.7396,-14.49888],[33.73963,-14.49888],[33.73968,-14.49889],[33.73972,-14.49888],[33.73979,-14.49886],[33.73988,-14.49881],[33.73995,-14.49878],[33.74003,-14.49875],[33.74006,-14.49873],[33.74009,-14.49874],[33.74014,-14.49875],[33.74018,-14.49876],[33.74031,-14.49875]]},"properties":{"id":1192026148,"cls":"path","hw":"path","tg":"na","name":"","ref":"","surface":"","sc":"unknown","speed":null,"lit":"unk","km":0.354}},
{"type":"Feature","geometry":{"type":"LineString","coordinates":[[33.7394,-14.50159],[33.73961,-14.50153],[33.7398,-14.50142],[33.73993,-14.5013],[33.73997,-14.50126],[33.74003,-14.50124],[33.74009,-14.50123],[33.74017,-14.50124],[33.74023,-14.50122],[33.74028,-14.50117],[33.7404,-14.50107],[33.74049,-14.50097],[33.74053,-14.50092],[33.7406,-14.50089],[33.74067,-14.50085],[33.74076,-14.50082],[33.74085,-14.50077],[33.74096,-14.50071],[33.74117,-14.50064],[33.74138,-14.50053],[33.74158,-14.50044],[33.74166,-14.50041],[33.74171,-14.50038],[33.74177,-14.50035],[33.7418,-14.50033],[33.74184,-14.50033],[33.7419,-14.50033],[33.74196,-14.50031],[33.742,-14.50028],[33.74204,-14.50022],[33.74208,-14.50016],[33.74211,-14.50011],[33.74216,-14.50005],[33.74222,-14.5],[33.74226,-14.49996],[33.74227,-14.4999],[33.74232,-14.49982],[33.74237,-14.49976],[33.74241,-14.49969],[33.74243,-14.49965],[33.74248,-14.49958],[33.74252,-14.4995],[33.74259,-14.49937],[33.74265,-14.49927],[33.74269,-14.49919],[33.74272,-14.49912],[33.74274,-14.49908],[33.74274,-14.49902],[33.74276,-14.49896],[33.74277,-14.49889],[33.74279,-14.49883],[33.74288,-14.49873],[33.74297,-14.49864],[33.74311,-14.49855],[33.74324,-14.49844],[33.7434,-14.49835],[33.74352,-14.49823],[33.74367,-14.49809],[33.74376,-14.49806],[33.74383,-14.49803],[33.74388,-14.49794],[33.74399,-14.49788],[33.74409,-14.49781],[33.74423,-14.49771],[33.74437,-14.49761],[33.74439,-14.4976],[33.74447,-14.49754],[33.74454,-14.49748],[33.7446,-14.4974],[33.74465,-14.49732],[33.74475,-14.49724],[33.74484,-14.49717],[33.74491,-14.49706],[33.74496,-14.49693],[33.74501,-14.49678],[33.74508,-14.49666],[33.74519,-14.49654],[33.74531,-14.4965],[33.74544,-14.49643],[33.74557,-14.49632],[33.74563,-14.49625],[33.74573,-14.49619],[33.74585,-14.49615],[33.74598,-14.49611],[33.74616,-14.49605],[33.74628,-14.496],[33.74637,-14.49594],[33.74642,-14.49586],[33.74651,-14.49572],[33.74659,-14.49565],[33.74665,-14.49562],[33.74671,-14.4956],[33.74676,-14.49558],[33.74686,-14.49555],[33.74701,-14.49549],[33.74712,-14.49547],[33.74723,-14.49546],[33.74727,-14.49547],[33.74731,-14.49551],[33.74735,-14.49552],[33.7474,-14.49551],[33.74744,-14.49549],[33.74749,-14.49549],[33.74754,-14.49546],[33.74761,-14.49543],[33.7477,-14.49539],[33.74776,-14.49537],[33.7478,-14.49534],[33.74785,-14.49529],[33.74792,-14.49525],[33.74796,-14.4952],[33.74803,-14.49511],[33.7481,-14.49506],[33.74818,-14.49501],[33.74824,-14.49496],[33.74826,-14.49489],[33.74828,-14.49482],[33.74836,-14.49474],[33.74842,-14.4947],[33.74851,-14.49466],[33.74858,-14.49459],[33.74864,-14.4945],[33.7487,-14.49443],[33.74873,-14.49436],[33.74879,-14.49429],[33.74889,-14.49424],[33.74901,-14.49417],[33.7491,-14.49413],[33.74916,-14.49413],[33.74923,-14.49415],[33.74926,-14.49413],[33.7493,-14.49412],[33.74936,-14.49412],[33.74943,-14.49413],[33.74948,-14.49412],[33.74957,-14.49417],[33.74962,-14.49417],[33.74966,-14.49412],[33.74969,-14.49411],[33.74975,-14.49409],[33.74983,-14.49408],[33.74998,-14.49408],[33.75012,-14.49407]]},"properties":{"id":1192026149,"cls":"path","hw":"path","tg":"na","name":"","ref":"","surface":"","sc":"unknown","speed":null,"lit":"unk","km":1.525}},
{"type":"Feature","geometry":{"type":"LineString","coordinates":[[33.75002,-14.50092],[33.74992,-14.5008],[33.74983,-14.50068],[33.7497,-14.50056],[33.74966,-14.50052],[33.74963,-14.50049],[33.74962,-14.50045],[33.74957,-14.5004],[33.74947,-14.50032],[33.74938,-14.5003],[33.7493,-14.5002],[33.74924,-14.5002],[33.74918,-14.50018],[33.74914,-14.50015],[33.74905,-14.50009],[33.74901,-14.50006],[33.74898,-14.49999],[33.74892,-14.49994],[33.74883,-14.49991],[33.74871,-14.49983],[33.74862,-14.49979],[33.74853,-14.49972],[33.74844,-14.49965],[33.74838,-14.49961],[33.74832,-14.49958],[33.74828,-14.49954],[33.74824,-14.49948],[33.7482,-14.49944],[33.74812,-14.49939],[33.74805,-14.49934],[33.74801,-14.49932],[33.74798,-14.49927],[33.74795,-14.49921],[33.74794,-14.49916],[33.74788,-14.49911],[33.74784,-14.49907],[33.74781,-14.49903],[33.74776,-14.49902],[33.74771,-14.499],[33.74766,-14.49896],[33.7476,-14.49895],[33.74754,-14.49891],[33.74749,-14.49887],[33.7474,-14.49883],[33.74732,-14.4988],[33.74727,-14.49877],[33.74722,-14.49875],[33.74717,-14.49873],[33.74714,-14.49872],[33.7471,-14.49868],[33.74708,-14.49864],[33.74703,-14.49861],[33.74697,-14.49857],[33.7469,-14.49849],[33.74679,-14.49842],[33.74668,-14.49831],[33.74658,-14.49822],[33.74649,-14.49817],[33.74639,-14.49814],[33.74626,-14.4981],[33.74618,-14.49807],[33.74611,-14.49804],[33.74599,-14.49794],[33.74586,-14.49789],[33.74568,-14.49785],[33.74558,-14.49783],[33.74546,-14.4978],[33.74535,-14.49776],[33.74526,-14.49777],[33.74512,-14.49772],[33.74497,-14.4977],[33.74488,-14.49771],[33.74475,-14.49766],[33.74459,-14.49762],[33.74444,-14.4976],[33.74439,-14.4976],[33.74428,-14.49757],[33.74415,-14.49748],[33.74411,-14.49742],[33.74405,-14.49742],[33.74397,-14.49743],[33.74394,-14.49745],[33.74389,-14.49742],[33.74387,-14.4974],[33.74381,-14.49736],[33.74373,-14.49736],[33.74367,-14.49733],[33.74362,-14.49732],[33.74355,-14.49731],[33.74342,-14.49731],[33.74332,-14.4973],[33.74327,-14.49728],[33.74321,-14.49723],[33.74312,-14.49721],[33.743,-14.49719],[33.74287,-14.49716],[33.74272,-14.49713],[33.74258,-14.4971],[33.74249,-14.49706],[33.74242,-14.49705],[33.74232,-14.497],[33.74225,-14.49698],[33.74214,-14.49694],[33.74207,-14.49692],[33.74201,-14.49689],[33.7419,-14.49683]]},"properties":{"id":1192026150,"cls":"path","hw":"path","tg":"na","name":"","ref":"","surface":"","sc":"unknown","speed":null,"lit":"unk","km":1.033}},
{"type":"Feature","geometry":{"type":"LineString","coordinates":[[33.74519,-14.50994],[33.74532,-14.50984],[33.74549,-14.50974],[33.74559,-14.5097],[33.74566,-14.5097],[33.74576,-14.50972],[33.74594,-14.50978],[33.74606,-14.5098],[33.74626,-14.50978],[33.74638,-14.50976],[33.74665,-14.50978],[33.74673,-14.50973],[33.74677,-14.50972],[33.74689,-14.50976],[33.74694,-14.50977],[33.74698,-14.50979],[33.74701,-14.50979],[33.74704,-14.50979],[33.74709,-14.5098],[33.74715,-14.50983],[33.74719,-14.50985],[33.74724,-14.50986],[33.7473,-14.50985],[33.74736,-14.50984],[33.74744,-14.5098],[33.74748,-14.50976],[33.74752,-14.50974],[33.74757,-14.50973],[33.74762,-14.50974],[33.7477,-14.50977],[33.74776,-14.50979],[33.74782,-14.50979],[33.74794,-14.50977],[33.74803,-14.50975],[33.74811,-14.50973],[33.74818,-14.50972],[33.74824,-14.50972],[33.74829,-14.50972],[33.74834,-14.50972],[33.74839,-14.5097],[33.74843,-14.50968],[33.74848,-14.50966],[33.74852,-14.50966],[33.74855,-14.50968],[33.74859,-14.50969],[33.74862,-14.50968],[33.74864,-14.50967],[33.74868,-14.50967],[33.74872,-14.50968],[33.74877,-14.50968],[33.74883,-14.50967],[33.74889,-14.50967],[33.74896,-14.50966],[33.74901,-14.50966],[33.74903,-14.50965],[33.74909,-14.50964],[33.74912,-14.50963],[33.74915,-14.50963],[33.7492,-14.50964],[33.74926,-14.50964],[33.74931,-14.50964],[33.74938,-14.50963],[33.74945,-14.50962],[33.74953,-14.5096],[33.74963,-14.50955],[33.74973,-14.50949],[33.74982,-14.50945],[33.7499,-14.50943],[33.74995,-14.50942],[33.75006,-14.50935],[33.75015,-14.50931],[33.75025,-14.50928],[33.75038,-14.50927],[33.75049,-14.50926],[33.7506,-14.50926],[33.75071,-14.50927],[33.75082,-14.50931],[33.75093,-14.50936],[33.75102,-14.50942],[33.75108,-14.50945],[33.75113,-14.50947],[33.75118,-14.50947],[33.75123,-14.50949],[33.75129,-14.50951],[33.75137,-14.50952],[33.75142,-14.50953],[33.75148,-14.50956],[33.75157,-14.50957],[33.75171,-14.50957],[33.75178,-14.50959],[33.75182,-14.5096],[33.75186,-14.50961],[33.75189,-14.50959],[33.75194,-14.50959],[33.75199,-14.50959],[33.75204,-14.50958],[33.7521,-14.50959],[33.75216,-14.50959],[33.75222,-14.50958],[33.75234,-14.50954],[33.75248,-14.50949],[33.75261,-14.50947],[33.75273,-14.50946],[33.75285,-14.50945],[33.75299,-14.50939],[33.75315,-14.50933],[33.75319,-14.50931],[33.75325,-14.50928],[33.75333,-14.50924],[33.75342,-14.50913],[33.75348,-14.50908],[33.75355,-14.50904],[33.75358,-14.50901],[33.75361,-14.509],[33.75367,-14.50899],[33.75374,-14.50897],[33.75382,-14.50891],[33.75392,-14.50886],[33.754,-14.50883],[33.75406,-14.50878],[33.75411,-14.50875],[33.75422,-14.5087],[33.75428,-14.50866],[33.75437,-14.50864],[33.75452,-14.5086],[33.7546,-14.50854],[33.75467,-14.50847],[33.7548,-14.50838],[33.75484,-14.50834],[33.75488,-14.50827],[33.75491,-14.50824],[33.75494,-14.50819],[33.75498,-14.50813],[33.75505,-14.5081],[33.75516,-14.50802],[33.75521,-14.50798],[33.75525,-14.50791],[33.7553,-14.5078],[33.75536,-14.50771],[33.75541,-14.50764],[33.75543,-14.50758],[33.75545,-14.5075],[33.75549,-14.50739],[33.75553,-14.50731],[33.7556,-14.50723],[33.75568,-14.50712],[33.75573,-14.50704],[33.75577,-14.50695],[33.75586,-14.50686],[33.75591,-14.50677],[33.75597,-14.50665],[33.75603,-14.50661],[33.75612,-14.50656],[33.75623,-14.50647],[33.75627,-14.50639],[33.75632,-14.50628],[33.75635,-14.5062],[33.75637,-14.50612],[33.75637,-14.50606],[33.75635,-14.50604],[33.75634,-14.506],[33.75638,-14.50596],[33.75645,-14.50586],[33.75653,-14.50572],[33.7566,-14.50563],[33.75669,-14.50552],[33.75674,-14.50538],[33.75683,-14.5052],[33.75691,-14.50504],[33.75699,-14.50489],[33.75707,-14.50479],[33.7572,-14.5047],[33.75731,-14.50461],[33.75735,-14.50456],[33.75737,-14.50451],[33.75745,-14.50446],[33.7575,-14.5044],[33.75753,-14.50434],[33.75755,-14.50425],[33.75761,-14.50412],[33.75765,-14.50401],[33.75771,-14.50387],[33.75777,-14.50371],[33.7578,-14.5036],[33.7578,-14.50353],[33.75782,-14.50342],[33.75791,-14.50327],[33.75801,-14.50315],[33.75811,-14.50302],[33.75819,-14.5029],[33.75827,-14.50274],[33.75833,-14.50261],[33.7584,-14.50243],[33.75844,-14.50232],[33.75852,-14.50221],[33.75854,-14.50216],[33.7586,-14.5021],[33.7587,-14.50201],[33.75883,-14.50186],[33.75893,-14.50177],[33.7591,-14.50164],[33.75923,-14.50148],[33.75938,-14.50134],[33.7595,-14.50126],[33.75958,-14.50119],[33.75965,-14.50113],[33.75969,-14.50108],[33.7598,-14.50092],[33.75988,-14.50082],[33.76002,-14.50072],[33.76013,-14.50063],[33.76017,-14.50059],[33.76027,-14.50047],[33.76033,-14.50039],[33.76041,-14.5003],[33.76054,-14.50018],[33.76065,-14.50009],[33.76079,-14.50001],[33.76094,-14.49993],[33.76112,-14.4998],[33.76118,-14.49975],[33.76133,-14.49967],[33.76151,-14.49958],[33.7616,-14.49951],[33.76169,-14.49945],[33.76182,-14.49938],[33.76191,-14.49933],[33.762,-14.49929],[33.76205,-14.49924],[33.76207,-14.49922],[33.76218,-14.49921],[33.76227,-14.49916],[33.7624,-14.49909],[33.76255,-14.49903],[33.76264,-14.49898],[33.7628,-14.49892],[33.76287,-14.49889],[33.76298,-14.49885],[33.76311,-14.49882],[33.76325,-14.49878],[33.76335,-14.49876],[33.76339,-14.49874]]},"properties":{"id":1192026151,"cls":"path","hw":"path","tg":"na","name":"","ref":"","surface":"","sc":"unknown","speed":null,"lit":"unk","km":2.597}},
{"type":"Feature","geometry":{"type":"LineString","coordinates":[[33.74123,-14.50471],[33.74134,-14.50466],[33.74141,-14.50463],[33.74148,-14.50462],[33.74158,-14.50461],[33.74166,-14.50458],[33.74176,-14.50451],[33.74185,-14.50444],[33.7419,-14.50438],[33.74194,-14.50429],[33.74199,-14.50426],[33.7421,-14.50419],[33.74221,-14.50412],[33.74231,-14.50404],[33.74235,-14.504],[33.74238,-14.50398],[33.74244,-14.50395],[33.7425,-14.50389],[33.74256,-14.50384],[33.74262,-14.50383],[33.74267,-14.50378],[33.74275,-14.50369],[33.74289,-14.50357],[33.74304,-14.50344],[33.74316,-14.50334],[33.74321,-14.5033],[33.74326,-14.50329],[33.74335,-14.50328],[33.74342,-14.50324],[33.74357,-14.50313],[33.74372,-14.50302],[33.74383,-14.50296],[33.7439,-14.50289],[33.74395,-14.50282],[33.744,-14.5027],[33.74402,-14.50259],[33.74403,-14.50256],[33.74407,-14.50249],[33.74411,-14.50245],[33.74415,-14.50243],[33.74419,-14.50241],[33.74423,-14.50235],[33.74428,-14.50228],[33.74437,-14.50219],[33.74441,-14.50214],[33.74448,-14.5021],[33.74454,-14.50206],[33.74469,-14.50194],[33.7448,-14.50185],[33.74486,-14.5018],[33.74491,-14.50173],[33.74495,-14.50167],[33.74502,-14.5016],[33.74507,-14.50157],[33.74511,-14.50155],[33.74517,-14.50154],[33.74521,-14.50151],[33.74523,-14.50145],[33.74526,-14.50139],[33.7453,-14.5013],[33.74534,-14.50119],[33.74539,-14.50108],[33.74541,-14.50104],[33.74546,-14.501],[33.74551,-14.50097],[33.74555,-14.50094]]},"properties":{"id":1192026154,"cls":"path","hw":"path","tg":"na","name":"","ref":"","surface":"","sc":"unknown","speed":null,"lit":"unk","km":0.652}},
{"type":"Feature","geometry":{"type":"LineString","coordinates":[[33.74651,-14.50079],[33.74658,-14.50075],[33.74667,-14.50069],[33.74675,-14.50062],[33.74679,-14.50057],[33.74683,-14.50049],[33.74688,-14.50042],[33.74698,-14.50033],[33.74711,-14.5002],[33.74722,-14.50007],[33.74732,-14.49998],[33.74736,-14.49993],[33.74742,-14.4999],[33.74747,-14.49983],[33.7475,-14.49978],[33.74758,-14.49972],[33.74764,-14.49967],[33.74773,-14.49957],[33.74781,-14.49947],[33.74784,-14.49942],[33.74787,-14.49938],[33.74793,-14.49934],[33.74797,-14.49929],[33.74798,-14.49927],[33.74801,-14.49923],[33.74812,-14.49913],[33.74819,-14.49903],[33.74826,-14.49892],[33.74831,-14.49884],[33.74834,-14.49877],[33.74837,-14.49873],[33.7484,-14.4987],[33.74844,-14.49869],[33.7485,-14.49867],[33.74854,-14.49866],[33.74857,-14.49863],[33.74861,-14.49858],[33.74865,-14.49854],[33.74869,-14.4985],[33.74876,-14.49843],[33.74882,-14.49834],[33.74887,-14.49824],[33.7489,-14.49816],[33.74896,-14.49808],[33.74901,-14.498],[33.74909,-14.49788],[33.74912,-14.49781],[33.74916,-14.49774],[33.74919,-14.4977],[33.74924,-14.49769],[33.7493,-14.49767],[33.74939,-14.49767],[33.74948,-14.49764],[33.74956,-14.49759],[33.74964,-14.49751],[33.74971,-14.49746],[33.74977,-14.49743],[33.74984,-14.49742],[33.74988,-14.49739],[33.74991,-14.49735],[33.74991,-14.49732],[33.74994,-14.49729],[33.74998,-14.49727],[33.75002,-14.49726]]},"properties":{"id":1192026155,"cls":"path","hw":"path","tg":"na","name":"","ref":"","surface":"","sc":"unknown","speed":null,"lit":"unk","km":0.565}},
{"type":"Feature","geometry":{"type":"LineString","coordinates":[[33.73963,-14.50217],[33.73976,-14.50218],[33.73982,-14.50218],[33.73987,-14.50218],[33.73994,-14.50219],[33.73998,-14.50221],[33.74004,-14.50222],[33.74009,-14.50223],[33.74015,-14.50224],[33.7402,-14.50226],[33.74024,-14.50226],[33.74028,-14.50226],[33.74032,-14.50224],[33.74035,-14.50224],[33.74039,-14.50226],[33.74042,-14.50227],[33.74048,-14.50227],[33.74051,-14.50228],[33.74056,-14.50232],[33.74062,-14.50236],[33.74069,-14.5024],[33.74079,-14.5024],[33.7409,-14.5024],[33.74099,-14.50237],[33.74118,-14.50232],[33.74135,-14.50227],[33.74142,-14.50226],[33.74153,-14.50223],[33.74161,-14.50221],[33.74169,-14.50217],[33.7418,-14.50211],[33.74194,-14.50205],[33.74202,-14.50199],[33.74219,-14.50194],[33.74234,-14.50187],[33.7426,-14.50179],[33.74275,-14.50174],[33.74281,-14.50171],[33.74286,-14.50166],[33.74291,-14.50162],[33.74298,-14.50157],[33.7431,-14.50149],[33.74318,-14.50143],[33.74324,-14.5014],[33.74328,-14.50138],[33.74333,-14.50134],[33.74338,-14.5013],[33.74344,-14.50126],[33.74355,-14.50123],[33.74359,-14.5012],[33.74373,-14.50115],[33.74384,-14.5011],[33.74391,-14.50108],[33.74397,-14.50108],[33.74401,-14.50109],[33.74404,-14.50109],[33.74407,-14.50109],[33.7441,-14.50111],[33.74413,-14.50111],[33.74415,-14.50111],[33.7442,-14.5011],[33.74425,-14.50109],[33.74429,-14.50107],[33.74435,-14.50105],[33.74445,-14.50103],[33.7445,-14.50101],[33.74456,-14.501],[33.74461,-14.50099],[33.74468,-14.501],[33.74471,-14.50101],[33.74475,-14.50101],[33.74477,-14.501],[33.74485,-14.50097],[33.74489,-14.50098],[33.74494,-14.50098],[33.74498,-14.50097],[33.74502,-14.50096],[33.74505,-14.50096],[33.74508,-14.50096],[33.74512,-14.50095],[33.74515,-14.50095],[33.74518,-14.50095],[33.7452,-14.50095],[33.74523,-14.50093],[33.74526,-14.50094],[33.7453,-14.50095],[33.74535,-14.50094],[33.74539,-14.50094],[33.74544,-14.50094],[33.74551,-14.50094],[33.74555,-14.50094],[33.74559,-14.50094],[33.74565,-14.50094],[33.74569,-14.50093],[33.74575,-14.50091],[33.74579,-14.50088],[33.74586,-14.50085],[33.74593,-14.50081],[33.74606,-14.50079],[33.74613,-14.50079],[33.74617,-14.50079],[33.7462,-14.5008],[33.74624,-14.50081],[33.74631,-14.50081],[33.74638,-14.50081],[33.74643,-14.5008],[33.74651,-14.50079],[33.74661,-14.50078],[33.74672,-14.50076],[33.74681,-14.50073],[33.74688,-14.50071],[33.74694,-14.50068],[33.74702,-14.50066],[33.74707,-14.50064],[33.74715,-14.50063],[33.74724,-14.50058],[33.74736,-14.50057],[33.74743,-14.50056],[33.74755,-14.50055],[33.74764,-14.50055],[33.7477,-14.50055],[33.74776,-14.50053],[33.74779,-14.50052],[33.74783,-14.50052],[33.74785,-14.50052],[33.74787,-14.50053],[33.74789,-14.50055],[33.74793,-14.50055],[33.74797,-14.50054],[33.74802,-14.50052],[33.74808,-14.5005],[33.74816,-14.50049],[33.7482,-14.50049],[33.74831,-14.5005],[33.7484,-14.5005],[33.74845,-14.5005],[33.74851,-14.50048],[33.74854,-14.50049],[33.74857,-14.50049],[33.74864,-14.50048],[33.7487,-14.50049],[33.74876,-14.50049],[33.74883,-14.50048],[33.7489,-14.50046],[33.74899,-14.50043],[33.74911,-14.5004],[33.74926,-14.50037],[33.74941,-14.50034],[33.74947,-14.50032],[33.74949,-14.50032],[33.74958,-14.50029],[33.74964,-14.50028],[33.74967,-14.50026],[33.74975,-14.50022],[33.74988,-14.50018],[33.75004,-14.5001],[33.75019,-14.50001],[33.75031,-14.49992],[33.75044,-14.49988],[33.75065,-14.49981],[33.75076,-14.49981],[33.75084,-14.49982],[33.75094,-14.49978],[33.75104,-14.49979],[33.7512,-14.49972],[33.75148,-14.49959],[33.75161,-14.49949],[33.75177,-14.49932],[33.75188,-14.49919],[33.75203,-14.49911],[33.75213,-14.49901],[33.75222,-14.49894],[33.75227,-14.49889],[33.75229,-14.49885],[33.75234,-14.49882],[33.75235,-14.49879],[33.75236,-14.49875],[33.75239,-14.49871],[33.75243,-14.49867],[33.75247,-14.4986],[33.75257,-14.49847],[33.7527,-14.49841],[33.75278,-14.49826],[33.75284,-14.4981],[33.75298,-14.49797],[33.75314,-14.49788],[33.75338,-14.49784],[33.7535,-14.4978],[33.75368,-14.49776],[33.75383,-14.49774],[33.75403,-14.49774],[33.75425,-14.49772],[33.75451,-14.4977],[33.75481,-14.49771],[33.75503,-14.49772],[33.7556,-14.49766],[33.75612,-14.4976],[33.75642,-14.49751],[33.7568,-14.49742],[33.75697,-14.49735],[33.75722,-14.49724],[33.75736,-14.49714],[33.7577,-14.49694],[33.75809,-14.49659],[33.75834,-14.49621],[33.75864,-14.4958],[33.75906,-14.49539],[33.75946,-14.49511],[33.75997,-14.49483],[33.76024,-14.49475],[33.76057,-14.49462],[33.76101,-14.49425],[33.76134,-14.49398],[33.76156,-14.49386],[33.76164,-14.49372],[33.76178,-14.4936],[33.76191,-14.49353],[33.76208,-14.49347],[33.7622,-14.49338],[33.76231,-14.49324],[33.76245,-14.49308],[33.76266,-14.49282],[33.76281,-14.49256],[33.76292,-14.49234],[33.76302,-14.49217],[33.76318,-14.49188],[33.76327,-14.49171],[33.76336,-14.49155],[33.76341,-14.49142],[33.76351,-14.49125],[33.76357,-14.49107],[33.76358,-14.49093],[33.76358,-14.49081],[33.76363,-14.4907],[33.76364,-14.49059],[33.76366,-14.49048],[33.7637,-14.4903],[33.76373,-14.4901],[33.76371,-14.49002],[33.76372,-14.48991],[33.76374,-14.48983],[33.76375,-14.48976],[33.76377,-14.4897],[33.76377,-14.48962],[33.76381,-14.48954],[33.76386,-14.48942],[33.76391,-14.48927],[33.76392,-14.48914],[33.76395,-14.48904],[33.76403,-14.48889],[33.76405,-14.48882],[33.76405,-14.48874],[33.76406,-14.48865],[33.76411,-14.4885],[33.76417,-14.48835],[33.76418,-14.48826],[33.76426,-14.48809],[33.76429,-14.48793],[33.76434,-14.48781],[33.76442,-14.48767],[33.76448,-14.48756],[33.7646,-14.48735],[33.76463,-14.48716],[33.76465,-14.48697],[33.76467,-14.48682],[33.76468,-14.48665],[33.76469,-14.48652],[33.76466,-14.48641],[33.76467,-14.48626],[33.76469,-14.48613],[33.76467,-14.48602],[33.76463,-14.4859],[33.76463,-14.48582],[33.76464,-14.48572],[33.76464,-14.48558],[33.76469,-14.48542],[33.76469,-14.4853],[33.76468,-14.4852],[33.76469,-14.4851],[33.76472,-14.48505],[33.76478,-14.48499],[33.76489,-14.48492],[33.76499,-14.48484],[33.76512,-14.4848],[33.76529,-14.48476],[33.76549,-14.48472],[33.76566,-14.48474],[33.76576,-14.48473],[33.76596,-14.48473],[33.7661,-14.48469],[33.76637,-14.48463]]},"properties":{"id":1192026156,"cls":"path","hw":"path","tg":"na","name":"","ref":"","surface":"","sc":"unknown","speed":null,"lit":"unk","km":3.958}},
{"type":"Feature","geometry":{"type":"LineString","coordinates":[[33.74803,-14.5119],[33.74807,-14.512],[33.74813,-14.51211],[33.74823,-14.51222],[33.74827,-14.51231],[33.7483,-14.5124],[33.74831,-14.51253],[33.74832,-14.5127],[33.74832,-14.51288],[33.74832,-14.51304],[33.74832,-14.51324],[33.74831,-14.51335],[33.74827,-14.51351],[33.74825,-14.51364],[33.74825,-14.51384],[33.74825,-14.51398],[33.74824,-14.51421],[33.74822,-14.51439],[33.7482,-14.5145],[33.74818,-14.51456],[33.74814,-14.51464],[33.7481,-14.51469],[33.74807,-14.51475],[33.74806,-14.51478],[33.74805,-14.51483],[33.74803,-14.5149],[33.74801,-14.515],[33.74801,-14.51506],[33.748,-14.51519],[33.74799,-14.51523],[33.74798,-14.51525],[33.74797,-14.51527],[33.74795,-14.51528],[33.74793,-14.51528],[33.7479,-14.51526],[33.74786,-14.51527],[33.74775,-14.51528],[33.7476,-14.51527],[33.74748,-14.51526],[33.7474,-14.51523]]},"properties":{"id":1192026157,"cls":"unclassified","hw":"unclassified","tg":"na","name":"","ref":"","surface":"","sc":"unknown","speed":null,"lit":"unk","km":0.452}},
{"type":"Feature","geometry":{"type":"LineString","coordinates":[[33.75286,-14.52522],[33.75281,-14.52522],[33.75277,-14.52518],[33.75272,-14.52513],[33.7527,-14.52508],[33.75269,-14.525],[33.75269,-14.52492],[33.7527,-14.52488],[33.75273,-14.52482],[33.75274,-14.52477],[33.75274,-14.52472],[33.75273,-14.52459],[33.75274,-14.52452],[33.75275,-14.52443],[33.75275,-14.52433],[33.75275,-14.52428],[33.75276,-14.52422],[33.75278,-14.52419],[33.75277,-14.52415],[33.75275,-14.52412],[33.75271,-14.52403],[33.7527,-14.52397],[33.75269,-14.5239],[33.75269,-14.52384],[33.75271,-14.52376],[33.75273,-14.52366],[33.75274,-14.52352],[33.75274,-14.52343],[33.75274,-14.52336],[33.75271,-14.52326],[33.75268,-14.52317],[33.75267,-14.52312],[33.75269,-14.52307],[33.75268,-14.52302],[33.75265,-14.52295],[33.75263,-14.52285],[33.75262,-14.52279],[33.7526,-14.52273],[33.75258,-14.52268],[33.75258,-14.52254],[33.75258,-14.52246],[33.75257,-14.52239],[33.75255,-14.52229],[33.75256,-14.52222],[33.75256,-14.52215],[33.75255,-14.5221],[33.75253,-14.52205],[33.75254,-14.52199],[33.75254,-14.52193],[33.75255,-14.52185],[33.75256,-14.52178],[33.75256,-14.52171],[33.75256,-14.52164],[33.75254,-14.52161],[33.75253,-14.52157],[33.75255,-14.52151],[33.75256,-14.52143],[33.75255,-14.52134],[33.75253,-14.52126],[33.75251,-14.5212],[33.75248,-14.52116],[33.75248,-14.52111],[33.75248,-14.52105],[33.75248,-14.52098],[33.75249,-14.52089],[33.75248,-14.52084],[33.75246,-14.52079],[33.75244,-14.52076],[33.75242,-14.5207],[33.75242,-14.52061],[33.75241,-14.52054],[33.75238,-14.52046],[33.75237,-14.52034],[33.75236,-14.52027],[33.75237,-14.5202],[33.75236,-14.52008],[33.75233,-14.51996],[33.75229,-14.51982],[33.75225,-14.51974],[33.75221,-14.51966],[33.75217,-14.51954],[33.75214,-14.51947],[33.7521,-14.51942],[33.75208,-14.51936],[33.75206,-14.51931],[33.75203,-14.5192],[33.75199,-14.5191],[33.75197,-14.51905],[33.75197,-14.519],[33.75197,-14.51895],[33.75194,-14.51889],[33.75193,-14.5188],[33.75194,-14.51872],[33.75192,-14.51863],[33.7519,-14.51853],[33.75191,-14.51847],[33.75192,-14.51838],[33.75189,-14.51831],[33.75188,-14.51818],[33.75191,-14.51809],[33.75192,-14.51799],[33.75193,-14.51794],[33.75192,-14.51785],[33.75192,-14.51774],[33.75193,-14.51761],[33.75194,-14.51751],[33.75193,-14.5174],[33.75192,-14.5173],[33.75188,-14.51717],[33.75186,-14.51711],[33.75186,-14.51698],[33.75186,-14.51685],[33.75184,-14.51669],[33.75181,-14.51648],[33.75178,-14.51628],[33.75175,-14.51621],[33.7517,-14.51613],[33.7517,-14.51601],[33.75167,-14.51587],[33.75166,-14.51574],[33.75164,-14.51565],[33.75164,-14.51558],[33.75167,-14.51555],[33.75172,-14.51549],[33.75174,-14.51543],[33.75176,-14.51532]]},"properties":{"id":1192213275,"cls":"path","hw":"path","tg":"na","name":"","ref":"","surface":"","sc":"unknown","speed":null,"lit":"unk","km":1.144}},
{"type":"Feature","geometry":{"type":"LineString","coordinates":[[33.74998,-14.51732],[33.75015,-14.51736],[33.75045,-14.51743],[33.75075,-14.51748],[33.75099,-14.51744],[33.75116,-14.51745],[33.75131,-14.51748],[33.75153,-14.5175],[33.75183,-14.51751],[33.75194,-14.51751],[33.75202,-14.51752],[33.75222,-14.51757],[33.75233,-14.51761],[33.75241,-14.51761],[33.75247,-14.51757],[33.75263,-14.51749],[33.75276,-14.51745],[33.75285,-14.51744],[33.75292,-14.51745],[33.753,-14.51745],[33.75304,-14.51745],[33.75312,-14.51748],[33.75321,-14.51753]]},"properties":{"id":1192213298,"cls":"unclassified","hw":"unclassified","tg":"na","name":"","ref":"","surface":"","sc":"unknown","speed":null,"lit":"unk","km":0.359}},
{"type":"Feature","geometry":{"type":"LineString","coordinates":[[33.7621,-14.51835],[33.76206,-14.51829],[33.76202,-14.51826],[33.76199,-14.51821],[33.76195,-14.51815],[33.76189,-14.51807],[33.76184,-14.51801],[33.76182,-14.51797],[33.76179,-14.5179],[33.76176,-14.51783],[33.76171,-14.51779],[33.76168,-14.51773],[33.76164,-14.51765],[33.76158,-14.51758],[33.76152,-14.51752],[33.76145,-14.51749],[33.76137,-14.51747],[33.76127,-14.51742],[33.76121,-14.51738],[33.76114,-14.51736],[33.76109,-14.51735],[33.76104,-14.51735],[33.76101,-14.51734],[33.76095,-14.5173],[33.76091,-14.51726],[33.76085,-14.51722],[33.76078,-14.5172],[33.76069,-14.51719],[33.76064,-14.51717],[33.76057,-14.51716],[33.76052,-14.51713],[33.76042,-14.51708],[33.76035,-14.51704],[33.76029,-14.51699],[33.76022,-14.51695],[33.76017,-14.51693],[33.76015,-14.51691],[33.76012,-14.51687],[33.76007,-14.51686],[33.75999,-14.51682],[33.75993,-14.51678],[33.75987,-14.51672],[33.75981,-14.51663],[33.75975,-14.5166],[33.75967,-14.51656],[33.75959,-14.51654],[33.75954,-14.51651],[33.75948,-14.51646],[33.75942,-14.5164],[33.75938,-14.51636],[33.75936,-14.51631],[33.75933,-14.51624],[33.75928,-14.5162],[33.75923,-14.51617],[33.75918,-14.51616],[33.75913,-14.51613],[33.75907,-14.51609],[33.759,-14.51606],[33.75891,-14.51602],[33.75885,-14.51598],[33.75877,-14.51597],[33.75868,-14.51595],[33.75856,-14.51593],[33.75844,-14.5159],[33.75835,-14.51588],[33.75829,-14.51586],[33.7582,-14.51586],[33.75815,-14.51582],[33.75809,-14.51576],[33.758,-14.51571],[33.75794,-14.51567],[33.75788,-14.51563],[33.75781,-14.51561],[33.75773,-14.51557],[33.75762,-14.51553],[33.75755,-14.51547],[33.75749,-14.51544],[33.75741,-14.5154],[33.75732,-14.51538],[33.75723,-14.51538],[33.75715,-14.5154],[33.75711,-14.5154],[33.75705,-14.5154],[33.757,-14.51537],[33.75693,-14.51533],[33.75686,-14.51529],[33.75679,-14.5153],[33.7567,-14.51532],[33.75662,-14.51532],[33.75652,-14.5153],[33.75643,-14.51528],[33.75634,-14.51525],[33.75623,-14.51523],[33.75611,-14.51523],[33.75601,-14.51523],[33.75594,-14.51522],[33.75583,-14.51523],[33.75577,-14.51522],[33.75572,-14.51519],[33.75566,-14.51517],[33.75559,-14.51516],[33.75553,-14.51514],[33.75546,-14.51512],[33.75537,-14.51511],[33.75529,-14.51509],[33.75522,-14.51506],[33.75514,-14.51501],[33.75509,-14.51497],[33.75499,-14.51492],[33.75493,-14.5149],[33.75479,-14.51486],[33.75472,-14.51482],[33.75466,-14.51478],[33.75458,-14.51473],[33.75448,-14.51468],[33.75439,-14.51462],[33.75431,-14.51457],[33.7542,-14.51451],[33.75409,-14.51444],[33.75398,-14.51436],[33.75387,-14.51427],[33.75378,-14.5142],[33.75369,-14.5141],[33.7536,-14.51403],[33.75349,-14.51393],[33.75336,-14.51385],[33.75319,-14.51377],[33.7531,-14.51373],[33.75304,-14.51368],[33.75297,-14.51363],[33.75288,-14.51358],[33.75281,-14.51355],[33.75276,-14.51355],[33.7527,-14.51355],[33.75266,-14.51356],[33.7526,-14.51356],[33.75255,-14.51355],[33.75251,-14.51355],[33.75246,-14.51357],[33.75242,-14.5136],[33.75238,-14.51362],[33.75233,-14.51363],[33.75228,-14.51364],[33.75224,-14.51365]]},"properties":{"id":1192213299,"cls":"path","hw":"path","tg":"na","name":"","ref":"","surface":"","sc":"unknown","speed":null,"lit":"unk","km":1.251}},
{"type":"Feature","geometry":{"type":"LineString","coordinates":[[33.75733,-14.517],[33.75735,-14.51685],[33.75737,-14.51673],[33.75742,-14.51666],[33.7575,-14.51658],[33.75757,-14.51651],[33.75762,-14.51641],[33.75764,-14.51624],[33.75768,-14.51607],[33.75769,-14.5159],[33.75774,-14.51578],[33.7578,-14.51569],[33.75788,-14.51563],[33.75794,-14.51556],[33.75795,-14.5155],[33.75797,-14.51536],[33.75799,-14.5153],[33.75804,-14.5152],[33.75808,-14.51512],[33.75812,-14.51502],[33.75817,-14.51496],[33.75822,-14.51485],[33.75826,-14.51471],[33.75828,-14.51457],[33.7583,-14.51439],[33.75831,-14.51425],[33.75833,-14.51419],[33.75836,-14.5141],[33.75844,-14.51402],[33.75857,-14.51387],[33.75864,-14.5138],[33.75868,-14.51371],[33.75875,-14.51355],[33.7588,-14.51343],[33.75883,-14.51336],[33.7589,-14.51327],[33.75899,-14.51319],[33.75901,-14.51312],[33.75907,-14.51304],[33.75918,-14.5129],[33.75924,-14.51276],[33.75934,-14.5126],[33.75944,-14.51245],[33.75954,-14.51227],[33.75961,-14.51215],[33.75965,-14.51208],[33.75971,-14.512],[33.75978,-14.51191],[33.75981,-14.51181],[33.75985,-14.51174],[33.7599,-14.51169],[33.75996,-14.51164],[33.76003,-14.51162],[33.76013,-14.51161],[33.76021,-14.51159],[33.7603,-14.51153],[33.76037,-14.51149],[33.76043,-14.51144],[33.76058,-14.51136],[33.76074,-14.51131],[33.76092,-14.51127],[33.76107,-14.51125],[33.76119,-14.51123],[33.76128,-14.5112],[33.76139,-14.51115],[33.76146,-14.51108],[33.76149,-14.51103],[33.7615,-14.51094],[33.76149,-14.51077],[33.7615,-14.51068],[33.76149,-14.5106],[33.76147,-14.51049],[33.76146,-14.51041],[33.76147,-14.51031],[33.76147,-14.5102],[33.76148,-14.51011],[33.76151,-14.50999],[33.76152,-14.50992],[33.76153,-14.50983],[33.76154,-14.50972],[33.76154,-14.50961],[33.76153,-14.50953],[33.76151,-14.50946],[33.76146,-14.50933],[33.76146,-14.50929],[33.76147,-14.50923],[33.7615,-14.50915],[33.76153,-14.50907],[33.76154,-14.50903],[33.76154,-14.50896],[33.76152,-14.50891],[33.76152,-14.50887],[33.76155,-14.50876],[33.76156,-14.50871],[33.76155,-14.50861],[33.76154,-14.50853],[33.76154,-14.50847],[33.76152,-14.50842],[33.76152,-14.50835],[33.76152,-14.50827],[33.76151,-14.50821],[33.76146,-14.50812],[33.76145,-14.50808],[33.76145,-14.50804],[33.76147,-14.50799],[33.7615,-14.50793],[33.7615,-14.50787],[33.7615,-14.50782],[33.76147,-14.50777],[33.76147,-14.50772],[33.76147,-14.50767],[33.76147,-14.50759],[33.76145,-14.50748],[33.76142,-14.50739],[33.76139,-14.50732],[33.7614,-14.50725],[33.76144,-14.50719],[33.76149,-14.50715],[33.76151,-14.50711],[33.76151,-14.50707],[33.76152,-14.50703],[33.76154,-14.50699],[33.76154,-14.50694],[33.76155,-14.50686],[33.76156,-14.5067],[33.76156,-14.50659],[33.76156,-14.50653],[33.76153,-14.50647],[33.76153,-14.50642],[33.76154,-14.50639],[33.76158,-14.50634],[33.76158,-14.50627],[33.76161,-14.50618],[33.76163,-14.50612],[33.76163,-14.50607],[33.76167,-14.50602],[33.76167,-14.50596],[33.76168,-14.50589],[33.76173,-14.50579],[33.76176,-14.50568],[33.76178,-14.5056],[33.7618,-14.50553],[33.76182,-14.50546],[33.76183,-14.50542],[33.76183,-14.5054],[33.7618,-14.50536],[33.7618,-14.50532],[33.76183,-14.50529],[33.76187,-14.50527],[33.7619,-14.50524],[33.76193,-14.50521],[33.76194,-14.50518],[33.76195,-14.5051],[33.76195,-14.50504],[33.76194,-14.50498],[33.76192,-14.50494],[33.76191,-14.5049],[33.76191,-14.5048],[33.7619,-14.50473],[33.76191,-14.50469],[33.76195,-14.50465],[33.76197,-14.50462],[33.76197,-14.50459],[33.76195,-14.50452],[33.76196,-14.50448],[33.76202,-14.5044],[33.76208,-14.5043],[33.76212,-14.50421],[33.76215,-14.50412],[33.76216,-14.50399],[33.7622,-14.50391],[33.76226,-14.50386],[33.76229,-14.50381],[33.76231,-14.50373],[33.76232,-14.50362],[33.76232,-14.50344],[33.76228,-14.50326],[33.76227,-14.50321],[33.76226,-14.50315],[33.76225,-14.50313],[33.76222,-14.50307],[33.76222,-14.50301],[33.76222,-14.50296],[33.76224,-14.50292],[33.76226,-14.50286],[33.76228,-14.50278],[33.76228,-14.50273],[33.76226,-14.50269],[33.76225,-14.50264],[33.76226,-14.50257],[33.76225,-14.50252],[33.76226,-14.50246],[33.76226,-14.5024],[33.76224,-14.50236],[33.76222,-14.50232],[33.7622,-14.50227],[33.76217,-14.50221],[33.76209,-14.50211],[33.76206,-14.50206],[33.76202,-14.50196],[33.76199,-14.50185],[33.76194,-14.50175],[33.76189,-14.50166],[33.76186,-14.50156],[33.7618,-14.50147],[33.76175,-14.50136],[33.76171,-14.50128],[33.76167,-14.50122]]},"properties":{"id":1192213300,"cls":"path","hw":"path","tg":"na","name":"","ref":"","surface":"","sc":"unknown","speed":null,"lit":"unk","km":2.015}},
{"type":"Feature","geometry":{"type":"LineString","coordinates":[[33.76177,-14.50097],[33.76175,-14.50077],[33.76171,-14.50067],[33.76159,-14.50049],[33.76153,-14.50039],[33.76145,-14.50026],[33.7614,-14.50018],[33.76136,-14.50007],[33.76133,-14.49998],[33.76125,-14.49984],[33.76118,-14.49975]]},"properties":{"id":1192213301,"cls":"path","hw":"path","tg":"na","name":"","ref":"","surface":"","sc":"unknown","speed":null,"lit":"unk","km":0.152}},
{"type":"Feature","geometry":{"type":"LineString","coordinates":[[33.75121,-14.51341],[33.75129,-14.51346],[33.75135,-14.51349],[33.75139,-14.51349],[33.75147,-14.51351],[33.75152,-14.51353],[33.75159,-14.51357],[33.75166,-14.51362],[33.75175,-14.51366],[33.75182,-14.51368],[33.75189,-14.51368],[33.75199,-14.51366],[33.75209,-14.51364],[33.75213,-14.51363],[33.7522,-14.51364],[33.75224,-14.51365]]},"properties":{"id":1192213302,"cls":"unclassified","hw":"unclassified","tg":"na","name":"","ref":"","surface":"","sc":"unknown","speed":null,"lit":"unk","km":0.119}},
{"type":"Feature","geometry":{"type":"LineString","coordinates":[[33.76414,-14.5198],[33.76409,-14.51972],[33.76402,-14.51963],[33.7639,-14.51952],[33.76378,-14.51942],[33.76368,-14.51934],[33.7636,-14.51923],[33.76351,-14.5191],[33.76346,-14.51903],[33.76337,-14.51893],[33.76325,-14.51888],[33.76311,-14.51881],[33.76297,-14.51876],[33.76278,-14.51868],[33.7626,-14.51861],[33.76244,-14.51853],[33.76229,-14.51843],[33.76217,-14.51838],[33.7621,-14.51835],[33.76199,-14.51834],[33.76184,-14.51834],[33.76179,-14.51834],[33.76166,-14.51836],[33.76158,-14.51836],[33.76149,-14.51839],[33.76136,-14.51843],[33.76122,-14.51844],[33.7611,-14.51844],[33.76098,-14.51844],[33.76088,-14.51846],[33.76077,-14.5185],[33.76069,-14.51854],[33.76058,-14.51863],[33.76051,-14.51871],[33.76045,-14.51879],[33.76037,-14.5189],[33.7603,-14.51898],[33.76022,-14.51906],[33.76013,-14.51914],[33.76001,-14.51922],[33.75995,-14.51925],[33.75987,-14.5193],[33.75976,-14.51938],[33.75965,-14.51943],[33.75954,-14.51947],[33.75947,-14.51948],[33.75935,-14.51948],[33.75928,-14.51947],[33.75918,-14.51945],[33.75905,-14.51942],[33.75892,-14.5194],[33.75877,-14.51936],[33.75869,-14.51934],[33.75864,-14.51932],[33.75858,-14.51929],[33.75852,-14.51929],[33.75848,-14.51928],[33.7584,-14.51924],[33.75836,-14.51923],[33.75831,-14.51921],[33.75824,-14.51923],[33.75818,-14.51925],[33.75808,-14.51927],[33.75795,-14.51929],[33.75777,-14.51929],[33.75766,-14.51929],[33.75753,-14.5193],[33.75738,-14.5193],[33.75719,-14.5193],[33.75704,-14.5193],[33.75684,-14.51928],[33.75668,-14.51927],[33.75654,-14.51925],[33.75643,-14.51922],[33.75634,-14.51918],[33.75621,-14.51914],[33.75602,-14.51908],[33.75594,-14.51905],[33.75588,-14.51902],[33.75578,-14.51895],[33.75563,-14.51879],[33.75553,-14.51864],[33.75542,-14.51848],[33.75531,-14.51835],[33.75516,-14.51822],[33.75504,-14.51809],[33.75495,-14.51797],[33.75482,-14.51787],[33.7547,-14.51776],[33.75457,-14.51765],[33.75439,-14.51749],[33.75423,-14.51732],[33.75413,-14.5172],[33.75396,-14.517],[33.75382,-14.51682],[33.75368,-14.51665],[33.75359,-14.51647],[33.75349,-14.5163],[33.75341,-14.51619],[33.75338,-14.51616],[33.75331,-14.51609],[33.75325,-14.51601],[33.75317,-14.51588],[33.75308,-14.51575],[33.75301,-14.51567],[33.75294,-14.51557],[33.75288,-14.51544],[33.75282,-14.51534],[33.75278,-14.51529],[33.75274,-14.5152],[33.75268,-14.51509],[33.75262,-14.51498],[33.75259,-14.51491],[33.75254,-14.51478],[33.7525,-14.51463],[33.75246,-14.51452],[33.75242,-14.51437],[33.75238,-14.51424],[33.75237,-14.51412],[33.75236,-14.51406],[33.75233,-14.51399],[33.7523,-14.51395],[33.75231,-14.51391],[33.7523,-14.51387],[33.75228,-14.51381],[33.75226,-14.51372],[33.75224,-14.51365],[33.75222,-14.51348],[33.75219,-14.51332],[33.75216,-14.5132],[33.75216,-14.5131],[33.75213,-14.51301],[33.75208,-14.51293],[33.75201,-14.51288],[33.7519,-14.51281],[33.75177,-14.51273],[33.75152,-14.51257],[33.75137,-14.51245],[33.75119,-14.51234],[33.75098,-14.5122],[33.75086,-14.51209],[33.75076,-14.51198],[33.75062,-14.51187],[33.75049,-14.51177],[33.75037,-14.51174],[33.75027,-14.5117],[33.75019,-14.51167],[33.75008,-14.51165],[33.75002,-14.51162],[33.74996,-14.51159]]},"properties":{"id":1192213303,"cls":"path","hw":"path","tg":"na","name":"","ref":"","surface":"","sc":"unknown","speed":null,"lit":"unk","km":2.093}},
{"type":"Feature","geometry":{"type":"LineString","coordinates":[[33.76301,-14.51901],[33.76326,-14.51896],[33.76337,-14.51893],[33.76346,-14.51891],[33.76367,-14.51889],[33.76385,-14.51887],[33.76404,-14.51882],[33.76429,-14.51871],[33.76448,-14.51862],[33.76462,-14.51854],[33.76482,-14.51846],[33.76498,-14.51839],[33.76509,-14.51838],[33.76529,-14.51837],[33.76543,-14.51833],[33.7656,-14.51829],[33.76573,-14.51826],[33.76582,-14.51821],[33.76591,-14.51813],[33.76604,-14.51803],[33.76613,-14.51792],[33.76625,-14.51779],[33.76641,-14.51766],[33.76655,-14.51753],[33.76665,-14.51743],[33.76686,-14.51724],[33.76701,-14.5171],[33.76715,-14.51698],[33.76732,-14.51685],[33.76752,-14.51676],[33.76771,-14.51665],[33.76794,-14.51654],[33.76812,-14.51643],[33.76831,-14.51636],[33.76849,-14.51625],[33.76861,-14.51614],[33.76872,-14.51606],[33.76882,-14.51601],[33.76896,-14.51597],[33.76905,-14.51594],[33.76924,-14.51584],[33.7694,-14.51575],[33.76953,-14.51567],[33.76963,-14.51562],[33.76974,-14.51559],[33.76982,-14.51557],[33.76991,-14.51552],[33.77003,-14.5154],[33.7701,-14.51529],[33.77014,-14.51519],[33.77023,-14.51511],[33.77031,-14.51502],[33.77044,-14.51488],[33.77053,-14.51478],[33.77059,-14.51475],[33.77075,-14.51464],[33.77091,-14.51456],[33.77103,-14.51448],[33.77109,-14.51441],[33.77112,-14.51433],[33.77115,-14.51416],[33.77118,-14.51403],[33.77125,-14.51391],[33.77138,-14.51365],[33.77146,-14.51348],[33.77152,-14.51334],[33.77165,-14.51323],[33.77175,-14.51314],[33.77203,-14.51299],[33.77231,-14.51283],[33.77261,-14.51254],[33.7729,-14.51231],[33.77321,-14.51194],[33.77339,-14.51173],[33.77366,-14.51134],[33.77407,-14.5108],[33.77437,-14.51039],[33.77485,-14.50973],[33.77511,-14.50946],[33.77524,-14.50925],[33.77548,-14.50898],[33.77559,-14.50877],[33.77569,-14.50854],[33.77582,-14.50813],[33.77592,-14.5077],[33.77603,-14.50745],[33.7762,-14.50723],[33.77642,-14.5069],[33.7766,-14.50662],[33.77673,-14.50644],[33.77684,-14.50628],[33.77705,-14.50604],[33.77719,-14.50591],[33.77732,-14.5057],[33.7775,-14.50545],[33.7776,-14.50528],[33.77764,-14.50517],[33.7778,-14.50488],[33.77799,-14.50457],[33.77813,-14.50434],[33.7782,-14.50409],[33.77832,-14.50367],[33.77847,-14.50322],[33.77873,-14.50272],[33.77892,-14.50239],[33.77904,-14.50214],[33.77914,-14.50166],[33.7793,-14.50116],[33.77947,-14.50062],[33.77955,-14.50031],[33.77971,-14.49989],[33.77983,-14.49959],[33.7799,-14.49934],[33.77995,-14.49917],[33.78,-14.49893],[33.78001,-14.49878],[33.78005,-14.49864],[33.7801,-14.49849],[33.78013,-14.49826],[33.78012,-14.49811],[33.78011,-14.49797],[33.78011,-14.49778],[33.78012,-14.49766],[33.78015,-14.49754],[33.78019,-14.4974],[33.78024,-14.49729],[33.78027,-14.49703],[33.78034,-14.49688],[33.78038,-14.49672],[33.78039,-14.49654],[33.78035,-14.49633],[33.78033,-14.49616],[33.78029,-14.49598],[33.78029,-14.49574],[33.78037,-14.49555],[33.78042,-14.4954],[33.78055,-14.49528],[33.78063,-14.49512],[33.78077,-14.49478],[33.78089,-14.49451],[33.78106,-14.4942],[33.78111,-14.49407],[33.78116,-14.49383],[33.78127,-14.49359],[33.78129,-14.49349],[33.78129,-14.49337],[33.78128,-14.49325],[33.78134,-14.49312],[33.78142,-14.49299],[33.78147,-14.49281],[33.78163,-14.49267],[33.78176,-14.49251],[33.78193,-14.49227],[33.78207,-14.4921],[33.78213,-14.49196],[33.78222,-14.49177],[33.78232,-14.49155],[33.7824,-14.49127],[33.78246,-14.49111],[33.78256,-14.49097],[33.78254,-14.49088],[33.78251,-14.49075],[33.7825,-14.4907]]},"properties":{"id":1192213304,"cls":"unclassified","hw":"unclassified","tg":"na","name":"","ref":"","surface":"","sc":"unknown","speed":null,"lit":"unk","km":4.039}},
{"type":"Feature","geometry":{"type":"LineString","coordinates":[[33.76215,-14.51931],[33.76231,-14.51926],[33.76257,-14.51917],[33.76277,-14.51908],[33.76292,-14.51905],[33.76301,-14.51901],[33.76308,-14.51889],[33.76311,-14.51881],[33.76313,-14.51877],[33.76319,-14.51867],[33.76323,-14.51855],[33.76325,-14.51843],[33.76327,-14.51835],[33.76332,-14.51823],[33.76339,-14.51811],[33.76344,-14.51801],[33.76346,-14.51792],[33.76347,-14.5178],[33.7635,-14.51771],[33.76361,-14.51753],[33.7637,-14.51737],[33.76376,-14.51724],[33.76383,-14.51708],[33.76387,-14.51695],[33.76389,-14.51682],[33.76391,-14.5167],[33.76392,-14.51657],[33.76393,-14.51646],[33.76401,-14.51626],[33.76405,-14.51618],[33.76413,-14.51601],[33.76424,-14.51585],[33.76426,-14.51578],[33.7643,-14.51567],[33.76437,-14.51549],[33.76444,-14.51532],[33.76449,-14.5152],[33.76452,-14.51511],[33.76455,-14.51498],[33.76458,-14.51483],[33.76462,-14.51467],[33.76467,-14.51454],[33.76474,-14.51445],[33.76489,-14.51431],[33.76503,-14.51426],[33.76522,-14.51418],[33.76534,-14.51414],[33.76542,-14.51411],[33.76548,-14.51406],[33.76558,-14.51397],[33.76562,-14.51393],[33.76574,-14.51383],[33.7658,-14.51379],[33.7659,-14.51375],[33.76598,-14.51372],[33.76605,-14.51367],[33.76613,-14.51356],[33.76621,-14.51348],[33.76628,-14.51344],[33.76636,-14.51342],[33.76645,-14.51338],[33.76654,-14.51332],[33.76668,-14.51317],[33.7668,-14.51305],[33.76683,-14.51298],[33.76691,-14.51276],[33.76697,-14.51259],[33.76702,-14.51248],[33.7671,-14.51234],[33.76715,-14.51223],[33.76725,-14.51207],[33.76729,-14.51195],[33.76733,-14.51187],[33.76734,-14.51177],[33.76736,-14.51161],[33.76736,-14.5115],[33.76735,-14.5114],[33.76734,-14.51129],[33.76734,-14.5112],[33.76739,-14.51106],[33.76743,-14.51091],[33.76752,-14.51079],[33.7676,-14.5107],[33.76767,-14.51064],[33.7677,-14.51058],[33.76773,-14.51047],[33.76778,-14.51037],[33.76784,-14.5103],[33.76796,-14.51021],[33.76806,-14.51011],[33.76815,-14.51],[33.76825,-14.5099],[33.7683,-14.50982],[33.76835,-14.50975],[33.76845,-14.50966],[33.76852,-14.50956],[33.76858,-14.50947],[33.76862,-14.50939],[33.76867,-14.50933],[33.76874,-14.5093],[33.76879,-14.50925],[33.76881,-14.50921],[33.76883,-14.50915],[33.76884,-14.50907],[33.76888,-14.50902],[33.76895,-14.50896],[33.76904,-14.50886],[33.76909,-14.5088],[33.76911,-14.50872],[33.76914,-14.50861],[33.76921,-14.50838],[33.76928,-14.50821],[33.76934,-14.50807],[33.7694,-14.50797],[33.76945,-14.50791],[33.76948,-14.50786],[33.7695,-14.50781],[33.76949,-14.50776],[33.76949,-14.5077],[33.76952,-14.50762],[33.76962,-14.50745],[33.76966,-14.50736],[33.76968,-14.50726],[33.76967,-14.50717],[33.76967,-14.50709],[33.76969,-14.507],[33.76972,-14.5069],[33.76976,-14.50685],[33.76984,-14.50669],[33.76991,-14.50655],[33.77,-14.50643],[33.77008,-14.50632],[33.77018,-14.50618],[33.77026,-14.50608],[33.77028,-14.50601],[33.77029,-14.50592],[33.77031,-14.50581],[33.77036,-14.50573],[33.77042,-14.50561],[33.77045,-14.50551],[33.77047,-14.50538],[33.77047,-14.50529],[33.77046,-14.50516],[33.77047,-14.50503],[33.77047,-14.50488],[33.77048,-14.5047],[33.77049,-14.50461],[33.77054,-14.50445],[33.77062,-14.50428],[33.77072,-14.50409],[33.77076,-14.504],[33.77077,-14.50394],[33.77076,-14.50384],[33.77073,-14.50369],[33.77069,-14.50358],[33.77067,-14.50347],[33.77069,-14.50334],[33.77071,-14.50313],[33.77074,-14.50307],[33.77078,-14.50295],[33.77078,-14.50279],[33.77083,-14.50266],[33.77094,-14.5024],[33.77099,-14.50223],[33.77106,-14.50211],[33.77117,-14.50195],[33.77126,-14.50178],[33.77137,-14.50162],[33.77145,-14.50151],[33.77154,-14.50143],[33.77168,-14.50136],[33.77175,-14.50134],[33.77183,-14.50128],[33.7719,-14.5012],[33.77197,-14.50112],[33.77201,-14.50109],[33.7721,-14.50095],[33.77217,-14.50088],[33.77226,-14.50085],[33.77233,-14.50087],[33.77241,-14.50087],[33.77256,-14.50083],[33.77281,-14.50075],[33.77303,-14.50067],[33.77317,-14.5006],[33.77332,-14.50046],[33.77344,-14.50038],[33.77361,-14.50018],[33.77377,-14.5],[33.77402,-14.49968],[33.77416,-14.49956],[33.77421,-14.49951],[33.77426,-14.49945],[33.77443,-14.49928],[33.77462,-14.49911],[33.77473,-14.49906],[33.77481,-14.499],[33.77491,-14.49891],[33.77494,-14.49883],[33.77497,-14.49872],[33.77503,-14.49852],[33.77511,-14.49841]]},"properties":{"id":1192213305,"cls":"unclassified","hw":"unclassified","tg":"na","name":"","ref":"","surface":"","sc":"unknown","speed":null,"lit":"unk","km":2.897}},
{"type":"Feature","geometry":{"type":"LineString","coordinates":[[33.78021,-14.51984],[33.7802,-14.51976],[33.78017,-14.51967],[33.78014,-14.51954],[33.78012,-14.51943],[33.78006,-14.51932],[33.78005,-14.51918],[33.78008,-14.51906],[33.78011,-14.51895],[33.78015,-14.51882],[33.78013,-14.51875],[33.78008,-14.51866],[33.7801,-14.51858],[33.78017,-14.5184],[33.7802,-14.51832],[33.78026,-14.51826],[33.78032,-14.5182],[33.78034,-14.5181],[33.78032,-14.51796],[33.78029,-14.51781],[33.78027,-14.51771],[33.78018,-14.51761],[33.78015,-14.51753],[33.78008,-14.51743],[33.77995,-14.51725],[33.77984,-14.51707],[33.77971,-14.51686],[33.77961,-14.51673],[33.77948,-14.51661],[33.77939,-14.51651],[33.77933,-14.51642],[33.77934,-14.51629],[33.77932,-14.51622],[33.77923,-14.51613],[33.77914,-14.51602],[33.77912,-14.51595],[33.77909,-14.51585],[33.77906,-14.51564],[33.77903,-14.51551],[33.77899,-14.51538],[33.77895,-14.51526],[33.77886,-14.51515],[33.77876,-14.51507],[33.77868,-14.51497],[33.77859,-14.51483],[33.7785,-14.51472],[33.7784,-14.5146],[33.77831,-14.51455],[33.77818,-14.51449],[33.77806,-14.51443],[33.77796,-14.51434],[33.77792,-14.51423],[33.7779,-14.51409],[33.7779,-14.51396],[33.7779,-14.51384]]},"properties":{"id":1192265415,"cls":"path","hw":"path","tg":"na","name":"","ref":"","surface":"","sc":"unknown","speed":null,"lit":"unk","km":0.774}},
{"type":"Feature","geometry":{"type":"LineString","coordinates":[[33.78271,-14.51988],[33.78276,-14.51972],[33.78279,-14.51955],[33.78286,-14.5194],[33.78295,-14.51925],[33.78302,-14.51914],[33.78308,-14.51906],[33.78315,-14.51899],[33.78324,-14.51893],[33.78329,-14.51885],[33.78332,-14.51873],[33.78335,-14.51849],[33.78336,-14.51831],[33.78334,-14.51817],[33.78329,-14.51808],[33.78321,-14.518],[33.78317,-14.51792],[33.78313,-14.51782],[33.78308,-14.51777],[33.783,-14.51772],[33.78295,-14.51762],[33.78294,-14.51747],[33.78297,-14.51733],[33.78298,-14.51721],[33.78299,-14.5171],[33.7831,-14.51698],[33.78321,-14.51693],[33.78329,-14.51691],[33.78336,-14.51685],[33.78346,-14.51678],[33.78352,-14.51672],[33.78354,-14.51664],[33.78353,-14.51654],[33.78348,-14.51645],[33.78343,-14.51638],[33.78339,-14.5163],[33.78335,-14.51616],[33.7833,-14.51599],[33.78326,-14.51584],[33.78326,-14.51575],[33.7833,-14.51569],[33.78337,-14.51553],[33.78344,-14.51538],[33.78352,-14.51518],[33.78363,-14.51499],[33.78377,-14.51478],[33.78388,-14.51463],[33.78395,-14.51453],[33.78401,-14.51448],[33.78412,-14.51447],[33.78423,-14.51444],[33.78439,-14.51439],[33.78465,-14.51426],[33.78486,-14.51414],[33.78505,-14.51396],[33.7852,-14.51381],[33.78535,-14.51369],[33.78552,-14.51355],[33.78569,-14.51333],[33.78582,-14.51308]]},"properties":{"id":1192265416,"cls":"unclassified","hw":"unclassified","tg":"na","name":"","ref":"","surface":"","sc":"unknown","speed":null,"lit":"unk","km":0.953}},
{"type":"Feature","geometry":{"type":"LineString","coordinates":[[33.78805,-14.51984],[33.78829,-14.51985],[33.78842,-14.51985],[33.78859,-14.51984],[33.78883,-14.51985],[33.78903,-14.51985],[33.78918,-14.51986],[33.78931,-14.51985],[33.78938,-14.51983],[33.78944,-14.5198],[33.7895,-14.51972],[33.7896,-14.51951],[33.78975,-14.51932],[33.78988,-14.51919],[33.78996,-14.51907],[33.79004,-14.51893],[33.79012,-14.51876],[33.79016,-14.5186],[33.79022,-14.51851],[33.79034,-14.51839],[33.79041,-14.5183],[33.79047,-14.51822],[33.79055,-14.51812],[33.79058,-14.51805],[33.79062,-14.51787],[33.79066,-14.51776],[33.79072,-14.51766],[33.79081,-14.51755],[33.79091,-14.51741],[33.791,-14.51732],[33.79104,-14.51726],[33.79105,-14.51722],[33.79105,-14.51713],[33.79104,-14.51703],[33.79104,-14.51697],[33.79108,-14.51687],[33.79111,-14.51679],[33.79112,-14.51666],[33.79115,-14.51655],[33.79115,-14.51645],[33.79114,-14.51638],[33.79112,-14.51629],[33.79114,-14.5162],[33.79117,-14.51615],[33.79123,-14.51607],[33.79127,-14.51599],[33.79132,-14.51588],[33.79135,-14.51579],[33.79136,-14.51566],[33.79136,-14.51555],[33.79137,-14.51541],[33.79136,-14.51534],[33.79133,-14.51522],[33.79133,-14.51508],[33.79131,-14.51494],[33.79132,-14.51482],[33.79138,-14.51461],[33.79143,-14.51446],[33.79152,-14.51433],[33.79156,-14.51421],[33.79161,-14.51405],[33.79167,-14.51391],[33.79175,-14.5138],[33.79177,-14.5137],[33.79177,-14.51355],[33.79178,-14.51344],[33.7918,-14.51326],[33.79183,-14.51314],[33.79191,-14.51298],[33.79204,-14.51277],[33.79215,-14.51259],[33.79224,-14.51246],[33.79228,-14.51231],[33.79232,-14.51221],[33.79242,-14.5121],[33.79248,-14.51197],[33.7925,-14.51188],[33.79255,-14.51169],[33.79257,-14.51154],[33.79264,-14.51139],[33.79268,-14.51125],[33.79274,-14.51106],[33.79276,-14.51096],[33.79279,-14.51081],[33.79287,-14.51067],[33.7929,-14.51059],[33.79293,-14.51048],[33.79297,-14.51044],[33.79302,-14.51041],[33.79308,-14.51039],[33.79314,-14.51036],[33.79324,-14.51028],[33.79339,-14.51012],[33.7935,-14.50999],[33.79356,-14.5099],[33.7936,-14.5098],[33.79362,-14.50968],[33.79365,-14.50955],[33.79368,-14.50948],[33.79371,-14.50941],[33.79372,-14.5093],[33.79377,-14.50915],[33.79384,-14.50899],[33.7939,-14.50886],[33.79396,-14.50875],[33.79406,-14.50851],[33.79416,-14.50824],[33.79422,-14.50813],[33.79423,-14.50807],[33.79422,-14.50793],[33.79424,-14.50771],[33.79428,-14.50749],[33.79428,-14.50732],[33.7943,-14.50713],[33.79429,-14.50705],[33.79423,-14.50695],[33.79416,-14.50682],[33.79406,-14.50672],[33.79395,-14.5066],[33.79384,-14.50651],[33.79375,-14.50642],[33.79369,-14.50635],[33.79368,-14.50631],[33.7937,-14.50627],[33.79373,-14.50624],[33.79375,-14.50621],[33.79374,-14.50613],[33.79376,-14.50603],[33.7938,-14.50592],[33.79388,-14.50581],[33.79403,-14.50565],[33.79409,-14.50555],[33.79417,-14.50542],[33.79425,-14.50534],[33.79438,-14.50524],[33.79451,-14.50515],[33.79464,-14.50508],[33.79471,-14.50502],[33.79479,-14.50493],[33.79487,-14.50484],[33.79489,-14.50477],[33.79493,-14.50466],[33.795,-14.50459],[33.79507,-14.50453],[33.79523,-14.50439],[33.79529,-14.50433],[33.79538,-14.50427],[33.79547,-14.50418],[33.79554,-14.50412],[33.79562,-14.50409],[33.79574,-14.50403],[33.79588,-14.50392],[33.79605,-14.50379],[33.79611,-14.50371],[33.79613,-14.50364],[33.79616,-14.50358],[33.79616,-14.50351],[33.79627,-14.50336],[33.79632,-14.50311],[33.79639,-14.50291],[33.79645,-14.50267],[33.79646,-14.50259],[33.79645,-14.50253],[33.79642,-14.50244],[33.79639,-14.50235],[33.79639,-14.50229],[33.79635,-14.50224],[33.79632,-14.50215],[33.79629,-14.50208],[33.79627,-14.50194],[33.79623,-14.50183],[33.79621,-14.50174],[33.79617,-14.50168],[33.79612,-14.50162],[33.79601,-14.50154],[33.79597,-14.50149],[33.79591,-14.50135],[33.79587,-14.50126],[33.79584,-14.50117],[33.79582,-14.50112],[33.79582,-14.50107],[33.79581,-14.50099],[33.79578,-14.50086],[33.79572,-14.50075],[33.79568,-14.50063],[33.79565,-14.50045],[33.79564,-14.50035],[33.79562,-14.50021],[33.7956,-14.50011],[33.79559,-14.49999],[33.79558,-14.49982],[33.79554,-14.49968],[33.79546,-14.49953],[33.79541,-14.49939],[33.79536,-14.49929],[33.79531,-14.49912],[33.79529,-14.49901],[33.7953,-14.49894],[33.79531,-14.49886],[33.79529,-14.49875],[33.79526,-14.49864],[33.79521,-14.49847]]},"properties":{"id":1192265417,"cls":"path","hw":"path","tg":"na","name":"","ref":"","surface":"","sc":"unknown","speed":null,"lit":"unk","km":2.842}},
{"type":"Feature","geometry":{"type":"LineString","coordinates":[[33.78313,-14.50059],[33.78306,-14.50072],[33.78302,-14.50082],[33.783,-14.50091],[33.7829,-14.50107],[33.78283,-14.5012],[33.78278,-14.50128],[33.78276,-14.50135],[33.78273,-14.50148],[33.78271,-14.50155],[33.78267,-14.5016],[33.78257,-14.5017],[33.78245,-14.5018],[33.78237,-14.50189],[33.78226,-14.50197],[33.78216,-14.50202],[33.7821,-14.50206],[33.78201,-14.50214],[33.78196,-14.5022],[33.78189,-14.50227],[33.78179,-14.50237],[33.78175,-14.50241],[33.7817,-14.50249],[33.78163,-14.5026],[33.78159,-14.50268],[33.78158,-14.50278],[33.78158,-14.50283],[33.78158,-14.50294],[33.78158,-14.5031],[33.78157,-14.50326],[33.78159,-14.50339],[33.78158,-14.50348],[33.78162,-14.50358],[33.78167,-14.5037],[33.78174,-14.50381],[33.78178,-14.50387],[33.78181,-14.5039],[33.78182,-14.50393],[33.78184,-14.504],[33.78186,-14.50412],[33.78187,-14.50422],[33.78189,-14.50433],[33.78192,-14.50442],[33.78192,-14.50455],[33.78191,-14.50467],[33.78191,-14.50475],[33.78189,-14.50484],[33.78187,-14.50492],[33.78181,-14.50498],[33.78177,-14.50504],[33.78173,-14.50507],[33.78167,-14.50517],[33.78163,-14.50525],[33.78163,-14.50532]]},"properties":{"id":1192265418,"cls":"path","hw":"path","tg":"na","name":"","ref":"","surface":"","sc":"unknown","speed":null,"lit":"unk","km":0.604}},
{"type":"Feature","geometry":{"type":"LineString","coordinates":[[33.7757,-14.51985],[33.77572,-14.51967],[33.7757,-14.51959],[33.77569,-14.51948],[33.77573,-14.51926],[33.77575,-14.5191],[33.77573,-14.51889],[33.77571,-14.51871],[33.77566,-14.51854],[33.77565,-14.51842],[33.77567,-14.51824],[33.77568,-14.51808],[33.77571,-14.51798],[33.77578,-14.51788],[33.77589,-14.51771],[33.77591,-14.51766],[33.77593,-14.51755],[33.77594,-14.51748],[33.776,-14.5174],[33.77609,-14.51728],[33.77619,-14.51717],[33.77627,-14.51711],[33.77629,-14.51707],[33.77632,-14.51701],[33.77637,-14.51687],[33.77641,-14.5168],[33.77648,-14.51675],[33.77655,-14.51673],[33.77664,-14.5167],[33.77669,-14.51667],[33.77673,-14.51661],[33.77676,-14.51649],[33.77681,-14.51643],[33.77685,-14.51636],[33.77686,-14.51628],[33.77688,-14.51618],[33.77692,-14.51611],[33.77698,-14.51602],[33.777,-14.51598],[33.77706,-14.51592],[33.77711,-14.5158],[33.77713,-14.5157],[33.77716,-14.5156],[33.77715,-14.51552],[33.77712,-14.51541],[33.77709,-14.51532],[33.77708,-14.51524],[33.7771,-14.51514],[33.77715,-14.51496],[33.77725,-14.51478],[33.77738,-14.51463],[33.77748,-14.51448],[33.77758,-14.51434],[33.77763,-14.51422],[33.7777,-14.51411],[33.77782,-14.51395],[33.7779,-14.51384],[33.77794,-14.51376],[33.77798,-14.51368],[33.77803,-14.51349],[33.77806,-14.51332],[33.7781,-14.5131],[33.77817,-14.51291],[33.77827,-14.51279],[33.7783,-14.51272],[33.77835,-14.51257],[33.77844,-14.51249],[33.77853,-14.51234],[33.77862,-14.51218],[33.77868,-14.51204],[33.77877,-14.51185],[33.77883,-14.51165],[33.77887,-14.51149],[33.77891,-14.51127],[33.77899,-14.51106],[33.77905,-14.51086],[33.77909,-14.5107],[33.77913,-14.5106],[33.77915,-14.51053],[33.77914,-14.51048],[33.77912,-14.51043],[33.77907,-14.51038],[33.77901,-14.51028],[33.77897,-14.51015],[33.77898,-14.51002],[33.77898,-14.50996],[33.77895,-14.5099],[33.77894,-14.50984],[33.77892,-14.50974],[33.77892,-14.50965],[33.779,-14.50952],[33.77912,-14.50934],[33.77918,-14.50921],[33.77924,-14.50888],[33.77925,-14.50873],[33.77926,-14.50856],[33.77928,-14.50846],[33.77931,-14.50836],[33.77936,-14.50816],[33.77947,-14.50798],[33.77956,-14.50791],[33.77965,-14.50784],[33.77971,-14.50777],[33.77975,-14.50769],[33.77983,-14.50762],[33.77993,-14.50759],[33.78008,-14.50755],[33.78017,-14.50749],[33.78023,-14.50744],[33.78032,-14.50734],[33.78039,-14.50726],[33.78048,-14.5072],[33.78057,-14.50718],[33.78064,-14.50714],[33.78071,-14.50709],[33.78077,-14.50699],[33.78084,-14.50687],[33.78093,-14.50676],[33.78099,-14.50665]]},"properties":{"id":1192265419,"cls":"path","hw":"path","tg":"na","name":"","ref":"","surface":"","sc":"unknown","speed":null,"lit":"unk","km":1.68}},
{"type":"Feature","geometry":{"type":"LineString","coordinates":[[33.78483,-14.50605],[33.78469,-14.50594],[33.78451,-14.5058],[33.78445,-14.50571],[33.78435,-14.50567],[33.78424,-14.50557],[33.78416,-14.50548],[33.78406,-14.50536],[33.78393,-14.50527],[33.78386,-14.50516],[33.78369,-14.50498],[33.78358,-14.50483],[33.7835,-14.50467],[33.78344,-14.50457],[33.78331,-14.50446],[33.78324,-14.5044],[33.7832,-14.50429],[33.7832,-14.50418],[33.7832,-14.50406],[33.78321,-14.50392],[33.78329,-14.50379],[33.7834,-14.50367],[33.78352,-14.50357],[33.78356,-14.50346],[33.78355,-14.50331],[33.78355,-14.50313],[33.7836,-14.50288],[33.78359,-14.50256],[33.78356,-14.50229],[33.78354,-14.50211],[33.78353,-14.50194],[33.7835,-14.50175],[33.78344,-14.50155],[33.78337,-14.50128],[33.78327,-14.50106],[33.78321,-14.50088],[33.78315,-14.50068],[33.78313,-14.50059],[33.78315,-14.50041],[33.78321,-14.50025],[33.7833,-14.50004],[33.78335,-14.49991],[33.78339,-14.49968],[33.78338,-14.49959],[33.7834,-14.49945],[33.7834,-14.49911],[33.7834,-14.49895],[33.78341,-14.49879],[33.78344,-14.49867],[33.78346,-14.49854],[33.78342,-14.4984],[33.78337,-14.49809],[33.78328,-14.49786],[33.7831,-14.49775],[33.78297,-14.49755],[33.78289,-14.49727],[33.78264,-14.49704],[33.78255,-14.49681],[33.7823,-14.49666],[33.78215,-14.49646],[33.78216,-14.49638],[33.78207,-14.4963],[33.78205,-14.49625],[33.78204,-14.49603],[33.78204,-14.49585],[33.782,-14.49566],[33.78188,-14.49537],[33.78182,-14.49518],[33.78169,-14.495],[33.78162,-14.4949],[33.78152,-14.49477],[33.78138,-14.49463],[33.78131,-14.4945],[33.78123,-14.49432],[33.78115,-14.49415],[33.78111,-14.49407]]},"properties":{"id":1192265420,"cls":"unclassified","hw":"unclassified","tg":"na","name":"","ref":"","surface":"","sc":"unknown","speed":null,"lit":"unk","km":1.514}},
{"type":"Feature","geometry":{"type":"LineString","coordinates":[[33.78794,-14.51997],[33.78805,-14.51984],[33.78809,-14.51975],[33.78807,-14.51967],[33.78795,-14.51947],[33.78784,-14.51927],[33.78776,-14.51907],[33.78766,-14.51888],[33.78758,-14.51874],[33.78747,-14.51862],[33.78737,-14.51851],[33.78726,-14.5184],[33.78723,-14.51832],[33.78722,-14.51821],[33.78721,-14.51811],[33.78717,-14.51801],[33.78713,-14.51782],[33.78708,-14.51765],[33.78701,-14.51755],[33.7869,-14.51743],[33.78686,-14.51734],[33.78682,-14.51723],[33.78678,-14.51712],[33.78673,-14.51702],[33.78665,-14.5169],[33.78657,-14.51681],[33.78653,-14.51668],[33.78648,-14.51663],[33.78645,-14.51656],[33.78645,-14.51646],[33.78643,-14.51638],[33.78635,-14.51619],[33.78632,-14.51611],[33.78627,-14.516],[33.78626,-14.5159],[33.78622,-14.51578],[33.78617,-14.51569],[33.78607,-14.5156],[33.78596,-14.5155],[33.78581,-14.51538],[33.78572,-14.51531],[33.78565,-14.51525],[33.7856,-14.51515],[33.78562,-14.51512],[33.78563,-14.51501],[33.78565,-14.5149],[33.78571,-14.51476],[33.78572,-14.51468],[33.7857,-14.51461],[33.78569,-14.51454],[33.78571,-14.51448],[33.78577,-14.51437],[33.78581,-14.51428],[33.78588,-14.51419],[33.7859,-14.51414],[33.78591,-14.51411],[33.7859,-14.51405],[33.78588,-14.51399],[33.78587,-14.51393],[33.78585,-14.51384],[33.78587,-14.51363],[33.78587,-14.51349],[33.78586,-14.51342],[33.78587,-14.51331],[33.78584,-14.51319],[33.78582,-14.51308],[33.78584,-14.51297],[33.78589,-14.51285],[33.78591,-14.51274],[33.78588,-14.51265],[33.78584,-14.51258],[33.78584,-14.5125],[33.78579,-14.51233],[33.78575,-14.51221],[33.78573,-14.5121],[33.78574,-14.51198],[33.78574,-14.51187],[33.78572,-14.51175],[33.78572,-14.51168],[33.78571,-14.51161],[33.78572,-14.51153],[33.78575,-14.51141],[33.78575,-14.51131],[33.78573,-14.51119],[33.78571,-14.51106],[33.78566,-14.51088],[33.78565,-14.51074],[33.78565,-14.51064],[33.78566,-14.51054],[33.78568,-14.51042],[33.78568,-14.51031],[33.78568,-14.51024],[33.78568,-14.51016],[33.78565,-14.51005],[33.78563,-14.50995],[33.78561,-14.50986],[33.78561,-14.50972],[33.78564,-14.50953],[33.78566,-14.50936],[33.78567,-14.50918],[33.78566,-14.50902],[33.78563,-14.50892],[33.78564,-14.50874],[33.78563,-14.50852],[33.7856,-14.50836],[33.78556,-14.50818],[33.78549,-14.50802],[33.78546,-14.50795],[33.78543,-14.50778],[33.78533,-14.50752],[33.78523,-14.50733],[33.78513,-14.50719],[33.78505,-14.50702],[33.78502,-14.50685],[33.78497,-14.50665],[33.78489,-14.50643],[33.78486,-14.50633],[33.78483,-14.50605],[33.78479,-14.50555],[33.78486,-14.50521],[33.78495,-14.50503],[33.78506,-14.50487],[33.78507,-14.50478],[33.78507,-14.50465],[33.7851,-14.50458],[33.78528,-14.5044],[33.78546,-14.50425],[33.7857,-14.50406],[33.78583,-14.50395],[33.78601,-14.5038]]},"properties":{"id":1192265421,"cls":"unclassified","hw":"unclassified","tg":"na","name":"","ref":"","surface":"","sc":"unknown","speed":null,"lit":"unk","km":1.97}},
{"type":"Feature","geometry":{"type":"LineString","coordinates":[[33.80456,-14.51017],[33.80478,-14.51015],[33.80495,-14.51011],[33.8051,-14.51009],[33.80526,-14.51002],[33.80535,-14.50997],[33.80548,-14.50995],[33.80568,-14.50995],[33.8059,-14.50994],[33.80621,-14.50993],[33.80638,-14.50995],[33.80651,-14.50993],[33.80664,-14.50986],[33.80675,-14.50975],[33.80683,-14.50964],[33.8069,-14.50946],[33.80701,-14.50936],[33.80726,-14.50927],[33.8078,-14.50901],[33.80795,-14.50884],[33.8081,-14.5086],[33.80812,-14.50852],[33.80812,-14.50839],[33.80816,-14.50826],[33.80823,-14.50818],[33.80842,-14.50811],[33.80849,-14.50811],[33.80858,-14.50807],[33.80866,-14.508],[33.80873,-14.50789],[33.8088,-14.50777],[33.80884,-14.50766],[33.80888,-14.5076],[33.80892,-14.50757],[33.80902,-14.50749],[33.80915,-14.50745],[33.80923,-14.50738],[33.8094,-14.50717],[33.8095,-14.50703],[33.8096,-14.50695],[33.80968,-14.50691],[33.80976,-14.50689],[33.80985,-14.5069],[33.80996,-14.50686],[33.81015,-14.50677],[33.81034,-14.50667],[33.81045,-14.5066],[33.81061,-14.50655],[33.81074,-14.50652],[33.81085,-14.50646],[33.81097,-14.50638],[33.81109,-14.50633],[33.81117,-14.50628],[33.81129,-14.50623],[33.81138,-14.50622],[33.81161,-14.50622],[33.81176,-14.50619],[33.8119,-14.50615],[33.81202,-14.50609],[33.81222,-14.50594],[33.81239,-14.50581],[33.81255,-14.50573],[33.81264,-14.50569],[33.81274,-14.50566],[33.81281,-14.50563],[33.81289,-14.50556],[33.81295,-14.50552],[33.81302,-14.5055],[33.81313,-14.50548],[33.81329,-14.50545],[33.81344,-14.50539],[33.81372,-14.50526],[33.8138,-14.50524],[33.81394,-14.5052],[33.81414,-14.50518],[33.81439,-14.50516],[33.81454,-14.50516],[33.81458,-14.50514],[33.81466,-14.50509],[33.81474,-14.50507],[33.81493,-14.50506],[33.81519,-14.50504],[33.81541,-14.50504],[33.81555,-14.50505],[33.81566,-14.50504],[33.81578,-14.50501],[33.81587,-14.50501],[33.81594,-14.50501]]},"properties":{"id":1192297358,"cls":"path","hw":"path","tg":"na","name":"","ref":"","surface":"","sc":"unknown","speed":null,"lit":"unk","km":1.444}},
{"type":"Feature","geometry":{"type":"LineString","coordinates":[[33.81593,-14.50316],[33.81589,-14.50324],[33.81585,-14.50333],[33.81582,-14.50344],[33.8158,-14.50353],[33.81577,-14.50368],[33.81573,-14.50381],[33.8157,-14.5039],[33.81564,-14.50406],[33.81561,-14.50415],[33.81558,-14.50428],[33.81555,-14.5044],[33.81553,-14.50451],[33.81551,-14.50458],[33.81549,-14.50465],[33.81547,-14.50468],[33.81545,-14.50482],[33.81543,-14.50495],[33.81541,-14.50504],[33.81539,-14.50514],[33.81536,-14.50537],[33.81534,-14.50565],[33.81531,-14.5058],[33.81529,-14.50599],[33.81527,-14.5061],[33.81525,-14.50615],[33.81522,-14.50618],[33.81521,-14.50621],[33.8152,-14.50625],[33.81521,-14.50638],[33.81523,-14.50644],[33.81524,-14.50646],[33.81525,-14.50648],[33.81526,-14.5065],[33.81526,-14.50652],[33.81526,-14.50657],[33.81526,-14.50666],[33.81526,-14.50675],[33.81524,-14.50685],[33.81525,-14.50696],[33.81524,-14.5071],[33.8152,-14.50723],[33.81518,-14.50734],[33.81512,-14.50746],[33.81509,-14.50755],[33.81504,-14.50765],[33.81502,-14.50773],[33.81501,-14.50777],[33.81499,-14.50782],[33.81498,-14.50785],[33.815,-14.50787],[33.81499,-14.5079],[33.81495,-14.50796],[33.8149,-14.50811],[33.81484,-14.50827],[33.81478,-14.50848],[33.81474,-14.50859],[33.81473,-14.50866],[33.8147,-14.5088],[33.81467,-14.50886],[33.81464,-14.50894],[33.81459,-14.509],[33.81452,-14.50908],[33.81445,-14.50916],[33.81442,-14.50923],[33.81441,-14.5093],[33.81439,-14.50938],[33.81438,-14.50946],[33.81435,-14.50951],[33.8143,-14.50958],[33.81424,-14.50969],[33.81421,-14.50977],[33.81418,-14.50989],[33.81413,-14.51002],[33.81406,-14.51015],[33.81401,-14.51027],[33.81396,-14.51042],[33.8139,-14.5106],[33.81386,-14.5107],[33.8138,-14.51078],[33.81373,-14.51092],[33.81363,-14.51103],[33.81346,-14.51121],[33.81333,-14.51136],[33.8132,-14.51151],[33.81309,-14.51159],[33.813,-14.51163],[33.81294,-14.5117],[33.81291,-14.5118],[33.81287,-14.51196],[33.81284,-14.51205],[33.81278,-14.51217],[33.81271,-14.5123],[33.81264,-14.51237],[33.81251,-14.51249],[33.81245,-14.51255],[33.81237,-14.51263],[33.81234,-14.51275],[33.8123,-14.51283],[33.81222,-14.51291],[33.81215,-14.513],[33.81208,-14.51307],[33.81202,-14.51314],[33.81197,-14.51322],[33.81191,-14.51334],[33.81183,-14.51349],[33.81175,-14.51364],[33.81171,-14.51376],[33.81167,-14.51385],[33.81159,-14.514],[33.81149,-14.51415],[33.81138,-14.51429],[33.81127,-14.51437],[33.81108,-14.51448],[33.81088,-14.51462],[33.81071,-14.51475],[33.8105,-14.51494],[33.81032,-14.51507],[33.81012,-14.51519],[33.81004,-14.51524],[33.80998,-14.5153],[33.80993,-14.51537],[33.80985,-14.51546],[33.8098,-14.51552],[33.80972,-14.51556],[33.80962,-14.51564],[33.80949,-14.51571],[33.80938,-14.51577],[33.80925,-14.51584],[33.80907,-14.51594],[33.80894,-14.51602],[33.80885,-14.51612],[33.80869,-14.51625],[33.80856,-14.51636],[33.80841,-14.51649],[33.80826,-14.51664],[33.80812,-14.51683],[33.80803,-14.51699],[33.80787,-14.51723],[33.80766,-14.51758],[33.80749,-14.5178],[33.80724,-14.51808],[33.80712,-14.51825],[33.80702,-14.5184],[33.80691,-14.51852],[33.80682,-14.51865],[33.80674,-14.51883],[33.80669,-14.51895],[33.80659,-14.51922],[33.80649,-14.51945],[33.80641,-14.51951],[33.80622,-14.51957],[33.80607,-14.51963],[33.80597,-14.51966],[33.80587,-14.5197],[33.80575,-14.51975],[33.8056,-14.51981]]},"properties":{"id":1192297359,"cls":"unclassified","hw":"unclassified","tg":"na","name":"","ref":"","surface":"","sc":"unknown","speed":null,"lit":"unk","km":2.275}},
{"type":"Feature","geometry":{"type":"LineString","coordinates":[[33.80246,-14.5199],[33.80241,-14.51969],[33.80243,-14.51948],[33.8024,-14.51924],[33.80243,-14.51913],[33.8025,-14.51905],[33.80257,-14.51899],[33.80275,-14.51887],[33.8028,-14.51878],[33.80288,-14.51859],[33.80297,-14.51836],[33.80305,-14.51818],[33.8031,-14.51805],[33.80311,-14.51794],[33.80309,-14.51782],[33.80303,-14.51761],[33.80299,-14.5174],[33.80298,-14.51719],[33.80302,-14.51695],[33.80305,-14.51683],[33.80307,-14.51671],[33.80307,-14.51652],[33.80304,-14.51636],[33.80301,-14.51624],[33.80302,-14.51611],[33.80305,-14.51605],[33.80306,-14.51594],[33.80301,-14.5158],[33.80296,-14.51569],[33.80287,-14.51557],[33.8028,-14.51549],[33.80276,-14.51542],[33.80273,-14.51537],[33.80272,-14.51526],[33.80272,-14.51516],[33.80273,-14.51503],[33.80273,-14.51494],[33.80268,-14.51483],[33.8026,-14.51471],[33.8025,-14.51459],[33.80245,-14.51447],[33.80241,-14.51435],[33.80234,-14.51427],[33.80225,-14.51418],[33.80215,-14.51408],[33.80208,-14.51401],[33.80202,-14.51392],[33.80201,-14.51384],[33.80203,-14.51375],[33.80207,-14.51365],[33.80212,-14.51354],[33.80217,-14.51337],[33.80218,-14.5133],[33.80217,-14.51323],[33.80218,-14.51314],[33.80223,-14.51301],[33.80239,-14.51277],[33.80251,-14.5126],[33.80254,-14.51254],[33.80254,-14.5125],[33.80256,-14.51238],[33.80263,-14.51224],[33.80274,-14.51208],[33.80285,-14.51195],[33.80291,-14.51188],[33.80296,-14.51178],[33.80302,-14.51162],[33.80308,-14.51153],[33.80315,-14.51145],[33.80325,-14.51139],[33.80331,-14.51136],[33.80338,-14.51131],[33.80344,-14.51119],[33.80349,-14.5111],[33.80358,-14.51102],[33.80367,-14.51095],[33.80376,-14.51087],[33.80384,-14.51078],[33.80396,-14.51062],[33.80405,-14.51049],[33.80413,-14.51043],[33.80418,-14.51038],[33.80428,-14.51034],[33.80436,-14.51032],[33.80446,-14.51026],[33.80456,-14.51017],[33.80461,-14.51009],[33.80465,-14.50993],[33.80466,-14.50981],[33.80464,-14.50969],[33.8046,-14.50954],[33.80458,-14.50941],[33.80454,-14.50929],[33.80448,-14.50919],[33.80448,-14.50913],[33.80451,-14.50905],[33.8046,-14.50892],[33.80467,-14.50877],[33.80479,-14.50864],[33.80484,-14.50854],[33.80486,-14.50846],[33.8049,-14.50839],[33.80497,-14.5083],[33.80506,-14.50811],[33.80516,-14.50793],[33.80526,-14.50775],[33.80535,-14.50757],[33.80541,-14.50744],[33.80547,-14.50732],[33.80552,-14.50719],[33.80557,-14.5071],[33.80561,-14.50704],[33.80563,-14.50698],[33.80565,-14.50691],[33.80565,-14.50681],[33.80566,-14.50675],[33.80568,-14.50668],[33.80572,-14.50665],[33.80578,-14.50661],[33.80582,-14.50655],[33.80587,-14.50645],[33.8059,-14.50629],[33.80592,-14.50612],[33.80598,-14.50597],[33.80604,-14.50586],[33.80614,-14.50577],[33.80624,-14.50565],[33.80631,-14.50551],[33.80635,-14.50541],[33.80636,-14.50528],[33.80635,-14.5051],[33.80635,-14.50499],[33.80633,-14.50492],[33.80631,-14.50485],[33.80631,-14.50477],[33.80634,-14.50468],[33.80637,-14.50458],[33.80638,-14.50453],[33.80637,-14.50446],[33.80635,-14.50441],[33.80634,-14.50435],[33.80636,-14.5043],[33.80644,-14.50418],[33.80652,-14.50407],[33.80658,-14.50394],[33.80659,-14.50388],[33.80658,-14.5038],[33.80655,-14.50365],[33.80653,-14.50352],[33.80654,-14.50344],[33.80657,-14.50334],[33.80661,-14.5033],[33.80666,-14.50322],[33.80669,-14.50314],[33.80671,-14.50305],[33.80673,-14.50289],[33.80673,-14.50279],[33.80672,-14.50272],[33.80674,-14.50263],[33.80676,-14.50252],[33.80679,-14.5024],[33.80681,-14.50231],[33.80683,-14.50226],[33.80684,-14.50218],[33.80685,-14.50212],[33.80683,-14.50206],[33.80678,-14.502],[33.80675,-14.50195],[33.80675,-14.50187],[33.80675,-14.50175],[33.80672,-14.50164],[33.80669,-14.50152],[33.80663,-14.50139],[33.80659,-14.50127],[33.80656,-14.50119],[33.80656,-14.50104],[33.80654,-14.50097],[33.80652,-14.50092],[33.8065,-14.50085],[33.80649,-14.50071],[33.80654,-14.50055],[33.80665,-14.50042],[33.80675,-14.5002],[33.80693,-14.4999],[33.80706,-14.49971],[33.8072,-14.49952],[33.80725,-14.4994],[33.8073,-14.49925],[33.80739,-14.49912],[33.80755,-14.49891],[33.80759,-14.49881],[33.80767,-14.49863],[33.80776,-14.49845]]},"properties":{"id":1192297360,"cls":"unclassified","hw":"unclassified","tg":"na","name":"","ref":"","surface":"","sc":"unknown","speed":null,"lit":"unk","km":2.674}},
{"type":"Feature","geometry":{"type":"LineString","coordinates":[[33.79385,-14.53786],[33.79403,-14.53795],[33.79418,-14.53802],[33.79429,-14.53809],[33.79447,-14.53818],[33.79466,-14.53827],[33.79494,-14.53846],[33.79501,-14.53851],[33.79511,-14.53856],[33.79523,-14.53868],[33.79536,-14.53877],[33.79547,-14.53884],[33.79564,-14.53894],[33.79573,-14.53902],[33.79578,-14.53913],[33.79585,-14.53925],[33.7959,-14.53931],[33.79593,-14.53937],[33.79595,-14.53947],[33.79599,-14.53955],[33.79602,-14.53964],[33.79604,-14.5397],[33.79608,-14.53975],[33.79614,-14.53981],[33.79618,-14.5399],[33.79624,-14.53999],[33.79633,-14.54011],[33.7964,-14.5402],[33.79647,-14.54029],[33.79651,-14.54039],[33.79653,-14.54046],[33.79658,-14.54054],[33.79665,-14.54063],[33.79671,-14.54071],[33.79675,-14.54081],[33.79683,-14.54092],[33.79689,-14.54101],[33.79695,-14.54111]]},"properties":{"id":1192335936,"cls":"unclassified","hw":"unclassified","tg":"na","name":"","ref":"","surface":"","sc":"unknown","speed":null,"lit":"unk","km":0.511}},
{"type":"Feature","geometry":{"type":"LineString","coordinates":[[33.80285,-14.54124],[33.80296,-14.54108],[33.80305,-14.54088],[33.80317,-14.54067],[33.80326,-14.54045],[33.80336,-14.54024],[33.80352,-14.54002],[33.80358,-14.53997],[33.80363,-14.53993],[33.80371,-14.53993],[33.80384,-14.53991],[33.80393,-14.53985],[33.80401,-14.53979],[33.80407,-14.53966],[33.80418,-14.53947],[33.80427,-14.53935],[33.80434,-14.53925],[33.8044,-14.53912],[33.80453,-14.53897],[33.8047,-14.53879],[33.80482,-14.53862],[33.80493,-14.5385],[33.80512,-14.53837],[33.80519,-14.53833],[33.80526,-14.53831],[33.80533,-14.53827],[33.80551,-14.53815],[33.80567,-14.53809],[33.80579,-14.53805],[33.80591,-14.53793],[33.80608,-14.53769],[33.8062,-14.53748],[33.80634,-14.53726],[33.80639,-14.53713],[33.8065,-14.53705],[33.80658,-14.53686],[33.80674,-14.53666],[33.8069,-14.53643],[33.80705,-14.53623],[33.80729,-14.53606],[33.80745,-14.53597],[33.80759,-14.53591],[33.80774,-14.53588],[33.8079,-14.53587],[33.80816,-14.53576],[33.80835,-14.53563],[33.80849,-14.53557],[33.80875,-14.53549],[33.8089,-14.53546],[33.80908,-14.53542],[33.8092,-14.53537],[33.80933,-14.5353],[33.80948,-14.53521],[33.80963,-14.53515],[33.80974,-14.5351],[33.80987,-14.53501],[33.80998,-14.53484],[33.81013,-14.53463],[33.81029,-14.53448],[33.81039,-14.53441],[33.8105,-14.5343],[33.8106,-14.53424],[33.81071,-14.5342],[33.81087,-14.53415],[33.81098,-14.53407],[33.81109,-14.534],[33.81116,-14.53396],[33.8112,-14.53395],[33.81125,-14.53395],[33.81133,-14.53394],[33.81143,-14.53389],[33.81154,-14.53379],[33.81161,-14.53376],[33.81169,-14.53374],[33.81179,-14.53368],[33.81188,-14.53358],[33.81192,-14.53346],[33.81193,-14.53337],[33.81193,-14.53322],[33.81187,-14.53309],[33.81185,-14.53301],[33.81182,-14.53295],[33.81184,-14.5329],[33.81187,-14.53273],[33.81188,-14.53264],[33.81193,-14.53252],[33.812,-14.5324],[33.81204,-14.5323],[33.81206,-14.53213],[33.81212,-14.532],[33.81219,-14.53192],[33.81225,-14.53186],[33.81233,-14.53173],[33.81238,-14.53163],[33.81243,-14.53158],[33.81248,-14.53155],[33.81253,-14.53152],[33.81263,-14.53142],[33.81271,-14.53127],[33.81275,-14.53116],[33.81283,-14.53093],[33.8129,-14.53086],[33.81298,-14.53082],[33.81309,-14.53078],[33.81319,-14.53072],[33.81335,-14.53065],[33.81348,-14.53056],[33.81355,-14.53052],[33.8136,-14.5305],[33.81365,-14.5305],[33.81373,-14.53045],[33.81392,-14.5303],[33.81407,-14.5302],[33.81413,-14.53016],[33.81416,-14.53011],[33.81423,-14.52996],[33.8143,-14.52984],[33.81439,-14.52968],[33.81442,-14.52959],[33.81447,-14.52948],[33.81453,-14.52939],[33.81462,-14.52933],[33.81474,-14.52927],[33.81487,-14.52921],[33.81495,-14.52916],[33.81502,-14.52912],[33.81513,-14.52903],[33.8152,-14.52899],[33.81522,-14.529],[33.81525,-14.52901],[33.81533,-14.52889],[33.81544,-14.52883],[33.81556,-14.52872],[33.81572,-14.52865],[33.81588,-14.52858]]},"properties":{"id":1192335937,"cls":"unclassified","hw":"unclassified","tg":"na","name":"","ref":"","surface":"","sc":"unknown","speed":null,"lit":"unk","km":2.124}},
{"type":"Feature","geometry":{"type":"LineString","coordinates":[[33.80543,-14.5323],[33.80549,-14.53209],[33.80552,-14.53198],[33.80553,-14.53184],[33.80557,-14.53166],[33.80558,-14.53143],[33.80561,-14.53117],[33.80568,-14.53092],[33.80577,-14.53077],[33.80583,-14.53053],[33.80586,-14.53031],[33.80587,-14.53004],[33.80585,-14.52983],[33.80587,-14.52958],[33.80588,-14.5294],[33.80587,-14.52914],[33.80588,-14.52889],[33.80592,-14.52869],[33.80599,-14.52858],[33.80601,-14.5285],[33.80599,-14.52835],[33.8059,-14.52817],[33.80589,-14.52799],[33.80589,-14.52785],[33.80593,-14.52748],[33.80596,-14.52718],[33.80596,-14.527],[33.80595,-14.5269],[33.80595,-14.52675],[33.80596,-14.52665],[33.80598,-14.52657],[33.80597,-14.52645],[33.80596,-14.52634],[33.80595,-14.52612],[33.8059,-14.52593],[33.80587,-14.52572],[33.80588,-14.52549],[33.80591,-14.52528],[33.80592,-14.5251],[33.80593,-14.52496],[33.80597,-14.52482],[33.806,-14.52473],[33.806,-14.52467],[33.80598,-14.52459],[33.80597,-14.52445],[33.80597,-14.52425],[33.80599,-14.52417],[33.80603,-14.52398],[33.80602,-14.52377],[33.80602,-14.52357],[33.80597,-14.52331],[33.80597,-14.52308],[33.80599,-14.5228],[33.80597,-14.52255],[33.80599,-14.52236],[33.80601,-14.52209],[33.80602,-14.52178],[33.80601,-14.52157],[33.806,-14.52125],[33.80601,-14.52111],[33.80603,-14.52091],[33.80608,-14.52068],[33.80618,-14.52037],[33.80635,-14.5201],[33.80643,-14.51992],[33.80644,-14.5197],[33.80649,-14.51945]]},"properties":{"id":1192335938,"cls":"unclassified","hw":"unclassified","tg":"na","name":"","ref":"","surface":"","sc":"unknown","speed":null,"lit":"unk","km":1.456}},
{"type":"Feature","geometry":{"type":"LineString","coordinates":[[33.80095,-14.53638],[33.80099,-14.53621],[33.80105,-14.53601],[33.8011,-14.53589],[33.80113,-14.53572],[33.80112,-14.53565],[33.80116,-14.53556],[33.8012,-14.53549],[33.80122,-14.53542],[33.80122,-14.5353],[33.80124,-14.53515],[33.80129,-14.53501],[33.80136,-14.53481],[33.80149,-14.53451],[33.80158,-14.53432],[33.80161,-14.53425],[33.80162,-14.5342],[33.80162,-14.53409],[33.80162,-14.53396],[33.80159,-14.53388],[33.80159,-14.5338],[33.80161,-14.53368],[33.80164,-14.53356],[33.80172,-14.5334],[33.8019,-14.53314],[33.80201,-14.53298],[33.80213,-14.53278],[33.80221,-14.53257],[33.8023,-14.53237],[33.80238,-14.53224],[33.80239,-14.53212],[33.80238,-14.53191],[33.80231,-14.53176],[33.80225,-14.5316],[33.80218,-14.53137],[33.80218,-14.53121],[33.80219,-14.53105]]},"properties":{"id":1192335939,"cls":"path","hw":"path","tg":"na","name":"","ref":"","surface":"","sc":"unknown","speed":null,"lit":"unk","km":0.632}},
{"type":"Feature","geometry":{"type":"LineString","coordinates":[[33.80188,-14.52188],[33.80204,-14.52181],[33.80218,-14.52171],[33.80232,-14.52164],[33.80246,-14.52154],[33.80264,-14.5214],[33.80279,-14.52129],[33.80294,-14.52118],[33.80305,-14.52109],[33.80312,-14.52106],[33.80324,-14.52104],[33.80336,-14.521],[33.80358,-14.52086],[33.80373,-14.52078],[33.80389,-14.52071],[33.80404,-14.52064],[33.80416,-14.52059],[33.80433,-14.52054],[33.80445,-14.52053],[33.80456,-14.52045],[33.80464,-14.52042],[33.80477,-14.52031],[33.80499,-14.5202],[33.8051,-14.5201],[33.80529,-14.52001],[33.80547,-14.51989],[33.8056,-14.51981]]},"properties":{"id":1192335940,"cls":"path","hw":"path","tg":"na","name":"","ref":"","surface":"","sc":"unknown","speed":null,"lit":"unk","km":0.467}},
{"type":"Feature","geometry":{"type":"LineString","coordinates":[[33.79464,-14.53935],[33.79464,-14.53919],[33.79469,-14.53902],[33.79487,-14.53879],[33.79493,-14.53868],[33.79501,-14.53851],[33.79504,-14.53845],[33.79511,-14.5383],[33.7952,-14.53815],[33.79525,-14.53807],[33.79533,-14.53794],[33.79542,-14.53784],[33.79553,-14.53775],[33.79559,-14.53767],[33.79566,-14.53751],[33.79569,-14.53732],[33.79571,-14.53717],[33.79574,-14.537],[33.79575,-14.53688],[33.79575,-14.53678],[33.79579,-14.53661],[33.79585,-14.53652],[33.79592,-14.53641],[33.79601,-14.53634],[33.79614,-14.53627],[33.79619,-14.53621],[33.79626,-14.53611],[33.79634,-14.53598],[33.7964,-14.53587],[33.79645,-14.53575],[33.79652,-14.53559],[33.79661,-14.53539],[33.7967,-14.53516],[33.79676,-14.53501],[33.79684,-14.53483],[33.79692,-14.53463],[33.79696,-14.5345],[33.79699,-14.53435],[33.79705,-14.53427],[33.79708,-14.5342],[33.79715,-14.53413],[33.79725,-14.53404],[33.79731,-14.53396],[33.79741,-14.5338],[33.79748,-14.53363],[33.79754,-14.53346],[33.7976,-14.53326],[33.79763,-14.53307],[33.79763,-14.53289],[33.79767,-14.5328],[33.79772,-14.53273],[33.79785,-14.53261],[33.79797,-14.53245],[33.79807,-14.53234],[33.79821,-14.53222],[33.7983,-14.53212],[33.79833,-14.53202],[33.79838,-14.53195],[33.79857,-14.5318],[33.79868,-14.53172],[33.79883,-14.53158],[33.79894,-14.53145],[33.79898,-14.53134],[33.79905,-14.53119],[33.79915,-14.53099],[33.79929,-14.53077],[33.79941,-14.53063],[33.79951,-14.5304],[33.79951,-14.53029],[33.79949,-14.53017],[33.79949,-14.53006],[33.79952,-14.52994],[33.79951,-14.52986],[33.79948,-14.52963],[33.79951,-14.52951],[33.79959,-14.52937],[33.79962,-14.52929],[33.79963,-14.52909],[33.79961,-14.52884],[33.79956,-14.52863],[33.79953,-14.52851],[33.79952,-14.52841],[33.79952,-14.52832],[33.79955,-14.52825],[33.79956,-14.52818],[33.79956,-14.52814],[33.79953,-14.52808],[33.79944,-14.52797],[33.79938,-14.52782],[33.79934,-14.52768],[33.79933,-14.5276],[33.79937,-14.5273],[33.79941,-14.52718],[33.79946,-14.52696],[33.79957,-14.52673],[33.79973,-14.52646],[33.79984,-14.52629],[33.79993,-14.52608],[33.79996,-14.52588],[33.79999,-14.52568],[33.80002,-14.52552],[33.80007,-14.52539],[33.80016,-14.52528],[33.80026,-14.52517],[33.80043,-14.52506],[33.8005,-14.52503],[33.80061,-14.52492],[33.80083,-14.52479],[33.80093,-14.52468],[33.801,-14.52462],[33.80115,-14.52453],[33.80134,-14.52443],[33.80142,-14.52437],[33.80146,-14.52427],[33.80148,-14.52416],[33.80147,-14.52403],[33.80147,-14.52391],[33.80149,-14.5238],[33.80153,-14.52374],[33.80162,-14.52368],[33.8017,-14.52362],[33.80178,-14.52355],[33.80182,-14.52347],[33.80187,-14.52328],[33.80191,-14.52316],[33.80192,-14.52302],[33.80188,-14.52296],[33.80179,-14.52283],[33.80171,-14.52274],[33.80167,-14.52264],[33.80166,-14.52254],[33.80168,-14.52245],[33.80177,-14.52223],[33.80185,-14.522],[33.80188,-14.52188],[33.80191,-14.52176],[33.80191,-14.52161],[33.80191,-14.52148],[33.80195,-14.52137],[33.80202,-14.52122],[33.80206,-14.5211],[33.80209,-14.52095],[33.80217,-14.52084],[33.80235,-14.52065],[33.80239,-14.52055],[33.80243,-14.52036],[33.80243,-14.52023],[33.80246,-14.52008],[33.80248,-14.51998],[33.80246,-14.5199]]},"properties":{"id":1192335941,"cls":"unclassified","hw":"unclassified","tg":"na","name":"","ref":"","surface":"","sc":"unknown","speed":null,"lit":"unk","km":2.471}},
{"type":"Feature","geometry":{"type":"LineString","coordinates":[[33.79719,-14.54307],[33.79732,-14.5429],[33.79745,-14.54264],[33.79756,-14.54261],[33.79767,-14.54252],[33.79778,-14.54236],[33.79787,-14.54214],[33.79795,-14.54185],[33.798,-14.54164],[33.79806,-14.54154],[33.79809,-14.54143],[33.79812,-14.5412],[33.79822,-14.54106],[33.79833,-14.54089],[33.7984,-14.54073],[33.79854,-14.54064],[33.79865,-14.54054],[33.79875,-14.54033],[33.79889,-14.53995],[33.79894,-14.53978],[33.79903,-14.53947],[33.79908,-14.53929],[33.79911,-14.5392],[33.79922,-14.53908],[33.79932,-14.53901],[33.79938,-14.53894],[33.79943,-14.53884],[33.79949,-14.53867],[33.79962,-14.53847],[33.79973,-14.53838],[33.79987,-14.53829],[33.79995,-14.53818],[33.8,-14.53808],[33.80004,-14.53787],[33.80009,-14.53777],[33.8002,-14.53759],[33.80027,-14.53752],[33.8004,-14.53741],[33.80054,-14.53723],[33.80067,-14.53705],[33.8008,-14.53689],[33.80087,-14.53678],[33.80089,-14.53668],[33.8009,-14.53656],[33.80092,-14.53644],[33.80095,-14.53638],[33.80102,-14.53633],[33.80124,-14.53619],[33.80138,-14.53607],[33.80151,-14.53593],[33.80165,-14.53581],[33.80178,-14.53571],[33.8019,-14.53567],[33.80211,-14.53557],[33.80233,-14.53551],[33.80247,-14.53539],[33.8026,-14.53528],[33.80274,-14.53516],[33.80298,-14.53495],[33.80315,-14.53476],[33.80333,-14.53462],[33.80344,-14.53455],[33.80351,-14.53447],[33.80359,-14.5343],[33.80374,-14.53414],[33.80393,-14.534],[33.80408,-14.53389],[33.80421,-14.53376],[33.8043,-14.53371],[33.80437,-14.53369],[33.80445,-14.53366],[33.80454,-14.53356],[33.80461,-14.5334],[33.80475,-14.53323],[33.80482,-14.53319],[33.80494,-14.53316],[33.805,-14.53312],[33.80505,-14.53304],[33.8051,-14.53288],[33.80519,-14.5327],[33.80528,-14.53256],[33.80543,-14.5323],[33.80553,-14.5322],[33.80568,-14.53208],[33.80579,-14.53196],[33.80586,-14.53176],[33.80597,-14.53157],[33.80603,-14.53129],[33.80604,-14.53113],[33.80609,-14.53106],[33.80619,-14.53096],[33.80622,-14.5309],[33.80622,-14.53075],[33.80624,-14.53059],[33.80628,-14.53046],[33.80635,-14.53034],[33.80641,-14.53023],[33.8065,-14.53004],[33.80661,-14.52982],[33.80668,-14.52968],[33.80677,-14.52952],[33.80689,-14.52938],[33.80695,-14.52926],[33.80697,-14.52913],[33.807,-14.52903],[33.80703,-14.5289],[33.80708,-14.52881],[33.8071,-14.52871],[33.80719,-14.52847],[33.80724,-14.52839],[33.80727,-14.52836],[33.80732,-14.52834],[33.80744,-14.52832],[33.80758,-14.52823],[33.80773,-14.52816],[33.8078,-14.52814],[33.80796,-14.5281],[33.80809,-14.52806],[33.80829,-14.52803],[33.80839,-14.52802],[33.80849,-14.52799],[33.80861,-14.52792],[33.8087,-14.52786],[33.80877,-14.52783],[33.80884,-14.52781],[33.8089,-14.52781],[33.80898,-14.52783],[33.80909,-14.52784],[33.80916,-14.52783],[33.80924,-14.52776],[33.80936,-14.52766],[33.80947,-14.52753],[33.80957,-14.52738],[33.80967,-14.52722],[33.80983,-14.52704],[33.80995,-14.52688],[33.81,-14.52681],[33.81005,-14.52658],[33.81009,-14.5265],[33.81014,-14.52634],[33.81024,-14.52614],[33.81041,-14.526],[33.81055,-14.52588],[33.81075,-14.52574],[33.81096,-14.52565],[33.8111,-14.52562],[33.81123,-14.52562],[33.81137,-14.52563],[33.8115,-14.52559],[33.81163,-14.52557],[33.81177,-14.52559],[33.81191,-14.52557],[33.81214,-14.52554],[33.81237,-14.52552],[33.8127,-14.52548],[33.81288,-14.52547],[33.81298,-14.52544],[33.81312,-14.52543],[33.81321,-14.52539],[33.81335,-14.52533],[33.81347,-14.52527],[33.81356,-14.52521],[33.81362,-14.5252],[33.81369,-14.52519],[33.81376,-14.52521],[33.81386,-14.5252],[33.81398,-14.52513],[33.81408,-14.52509],[33.8142,-14.52501],[33.81428,-14.52495],[33.81445,-14.52487],[33.81454,-14.52484],[33.81472,-14.52477],[33.81479,-14.52468],[33.81492,-14.52464],[33.81503,-14.52468],[33.81519,-14.52466],[33.81536,-14.52468],[33.81553,-14.52471],[33.81568,-14.5247],[33.81589,-14.52482]]},"properties":{"id":1192335942,"cls":"unclassified","hw":"unclassified","tg":"na","name":"","ref":"","surface":"","sc":"unknown","speed":null,"lit":"unk","km":3.15}},
{"type":"Feature","geometry":{"type":"LineString","coordinates":[[33.7758,-14.54109],[33.77586,-14.54093],[33.77592,-14.54079],[33.77596,-14.54071],[33.77597,-14.54063],[33.776,-14.54058],[33.7761,-14.5405],[33.77615,-14.54037],[33.77621,-14.54026],[33.77623,-14.54016],[33.77629,-14.54008],[33.77631,-14.53996],[33.7763,-14.53988],[33.77627,-14.53972],[33.77627,-14.53965],[33.77629,-14.53953],[33.77635,-14.53932],[33.77639,-14.53925],[33.77639,-14.53918],[33.7764,-14.53904],[33.7764,-14.53893],[33.77641,-14.53881],[33.77645,-14.53867],[33.77649,-14.53854],[33.77652,-14.5384],[33.77655,-14.5383]]},"properties":{"id":1192477824,"cls":"path","hw":"path","tg":"na","name":"","ref":"","surface":"","sc":"unknown","speed":null,"lit":"unk","km":0.329}},
{"type":"Feature","geometry":{"type":"LineString","coordinates":[[33.78785,-14.53483],[33.78786,-14.53477],[33.78786,-14.53469],[33.78787,-14.53461],[33.78792,-14.53452],[33.78791,-14.53446],[33.78791,-14.53433],[33.78792,-14.5342],[33.78794,-14.53405],[33.78794,-14.53394],[33.78797,-14.53377],[33.78798,-14.53364],[33.78802,-14.53351],[33.78807,-14.53336],[33.78808,-14.53326],[33.78812,-14.53314],[33.78815,-14.53303],[33.78815,-14.53296],[33.78819,-14.53282],[33.78821,-14.53271],[33.78821,-14.5326],[33.78821,-14.53244],[33.78818,-14.53226],[33.78816,-14.53211],[33.78816,-14.5319],[33.78814,-14.53175],[33.78813,-14.53161],[33.78814,-14.53144],[33.78818,-14.53129],[33.78821,-14.53109],[33.78829,-14.53085],[33.78843,-14.53026],[33.78853,-14.52982],[33.78865,-14.52945],[33.78877,-14.52917],[33.78889,-14.52901],[33.78912,-14.52892],[33.78939,-14.52877],[33.78965,-14.52864],[33.79006,-14.52843],[33.79035,-14.52836],[33.79063,-14.52827],[33.79078,-14.52827],[33.79093,-14.5283],[33.79116,-14.52829],[33.79143,-14.5282],[33.79158,-14.52808],[33.79185,-14.52796],[33.79231,-14.52777],[33.79254,-14.52767],[33.79271,-14.52757],[33.79287,-14.52743],[33.79299,-14.52726],[33.79316,-14.52702],[33.79335,-14.52675],[33.79351,-14.52648],[33.79367,-14.52618],[33.79375,-14.52595],[33.7938,-14.52574],[33.79385,-14.52559],[33.79392,-14.52537],[33.79399,-14.52519]]},"properties":{"id":1192477825,"cls":"path","hw":"path","tg":"na","name":"","ref":"","surface":"","sc":"unknown","speed":null,"lit":"unk","km":1.418}},
{"type":"Feature","geometry":{"type":"LineString","coordinates":[[33.77862,-14.53083],[33.77866,-14.53071],[33.77866,-14.53059],[33.77862,-14.53049],[33.77861,-14.53042],[33.77866,-14.53021],[33.77869,-14.53013],[33.77869,-14.53001],[33.7787,-14.52997],[33.77875,-14.5299],[33.77875,-14.52983],[33.77881,-14.52971],[33.77885,-14.52963],[33.77888,-14.52957],[33.77892,-14.52952],[33.77895,-14.52945],[33.77896,-14.52939],[33.779,-14.52935],[33.77903,-14.52929],[33.77905,-14.52922],[33.77908,-14.52909],[33.77911,-14.52899],[33.77914,-14.52892],[33.77918,-14.52888],[33.77919,-14.5288],[33.77919,-14.52872],[33.77921,-14.52862],[33.77924,-14.52857],[33.77923,-14.52845]]},"properties":{"id":1192477826,"cls":"unclassified","hw":"unclassified","tg":"na","name":"","ref":"","surface":"","sc":"unknown","speed":null,"lit":"unk","km":0.282}},
{"type":"Feature","geometry":{"type":"LineString","coordinates":[[33.77921,-14.52822],[33.77919,-14.52807],[33.77916,-14.52795],[33.77918,-14.52776],[33.77925,-14.52752],[33.77936,-14.52729],[33.77939,-14.52722],[33.77943,-14.52704],[33.77949,-14.52686],[33.7796,-14.52655],[33.77968,-14.52642],[33.77972,-14.52628],[33.77976,-14.52613],[33.77976,-14.52588],[33.77975,-14.52577],[33.77975,-14.52563],[33.77977,-14.52549],[33.77978,-14.52544],[33.77977,-14.5254],[33.77974,-14.52529],[33.77967,-14.52519],[33.77963,-14.52508],[33.77962,-14.52497],[33.77966,-14.5249],[33.77969,-14.52481],[33.77976,-14.52471],[33.77981,-14.52466],[33.77983,-14.52457],[33.77987,-14.52449],[33.77995,-14.52441],[33.77999,-14.52433],[33.78004,-14.5242],[33.78007,-14.52396],[33.78009,-14.52384],[33.78007,-14.52377],[33.78004,-14.52367],[33.78004,-14.52358],[33.78008,-14.52349],[33.78015,-14.52337],[33.78017,-14.52327],[33.7802,-14.52314],[33.78024,-14.52296],[33.78024,-14.5229]]},"properties":{"id":1192477827,"cls":"unclassified","hw":"unclassified","tg":"na","name":"","ref":"","surface":"","sc":"unknown","speed":null,"lit":"unk","km":0.625}},
{"type":"Feature","geometry":{"type":"LineString","coordinates":[[33.77928,-14.53094],[33.77933,-14.53088],[33.77934,-14.53083],[33.77936,-14.53074],[33.77938,-14.53067],[33.77941,-14.53061],[33.77947,-14.53055],[33.77951,-14.53046],[33.77959,-14.53032],[33.77967,-14.53022],[33.77972,-14.53016],[33.77976,-14.53012],[33.77982,-14.53003],[33.77994,-14.52986],[33.78002,-14.52983],[33.78006,-14.52981],[33.7801,-14.52973],[33.78011,-14.52968],[33.78012,-14.52961],[33.78014,-14.52946],[33.78016,-14.52934],[33.78018,-14.52919],[33.7802,-14.52901],[33.78023,-14.52889],[33.78026,-14.52879],[33.78026,-14.52871],[33.78026,-14.52859],[33.7803,-14.5285],[33.78033,-14.52839],[33.78038,-14.52827],[33.7804,-14.52819],[33.78042,-14.52811],[33.78043,-14.52806],[33.78042,-14.52799],[33.7804,-14.52793],[33.7804,-14.52785],[33.7804,-14.52779],[33.78042,-14.52772],[33.78045,-14.52758],[33.78045,-14.52748],[33.78046,-14.52742],[33.78049,-14.52736],[33.78054,-14.52729],[33.78057,-14.52723],[33.7806,-14.52718],[33.78063,-14.52711],[33.78064,-14.52709],[33.78066,-14.52708],[33.7807,-14.52703],[33.78071,-14.52696],[33.78072,-14.52692],[33.78076,-14.52687],[33.78081,-14.52681],[33.78087,-14.52675],[33.7809,-14.52669],[33.7809,-14.52664],[33.78091,-14.52657],[33.78094,-14.52651],[33.78102,-14.52641],[33.78108,-14.52634],[33.78112,-14.52626],[33.78115,-14.52616],[33.78117,-14.52608],[33.78118,-14.52598],[33.7812,-14.52589],[33.78126,-14.52578],[33.78132,-14.52571],[33.7814,-14.52566],[33.78146,-14.52561],[33.78153,-14.52554],[33.78157,-14.52545],[33.78162,-14.52533],[33.78167,-14.52524],[33.78173,-14.52518],[33.78179,-14.5251],[33.78185,-14.52499],[33.78188,-14.52494],[33.78191,-14.52492],[33.78197,-14.52489],[33.78203,-14.52488],[33.78208,-14.52487],[33.78212,-14.52484],[33.78214,-14.5248],[33.78214,-14.52476],[33.78217,-14.5247],[33.78221,-14.52462],[33.78222,-14.52457],[33.78223,-14.52453],[33.78225,-14.52449],[33.78228,-14.52445],[33.78231,-14.5244],[33.78232,-14.52435],[33.78232,-14.52431],[33.78232,-14.5243],[33.78234,-14.52427],[33.78236,-14.52426],[33.78236,-14.52422],[33.78236,-14.52418],[33.7824,-14.52413],[33.78242,-14.52407]]},"properties":{"id":1192477828,"cls":"path","hw":"path","tg":"na","name":"","ref":"","surface":"","sc":"unknown","speed":null,"lit":"unk","km":0.875}},
{"type":"Feature","geometry":{"type":"LineString","coordinates":[[33.78043,-14.53168],[33.78083,-14.53136],[33.78106,-14.53112],[33.78121,-14.53101],[33.78137,-14.53084],[33.78145,-14.53073],[33.7815,-14.53056],[33.78157,-14.53039],[33.78169,-14.53022],[33.78174,-14.53013],[33.78182,-14.52987],[33.78188,-14.52955],[33.78193,-14.52947],[33.78199,-14.5293],[33.78203,-14.52906],[33.78203,-14.52888],[33.78203,-14.52879],[33.78211,-14.52862],[33.7822,-14.52843],[33.78226,-14.52829],[33.78233,-14.52809],[33.78243,-14.52789],[33.78251,-14.52762],[33.78256,-14.52747],[33.78266,-14.52736],[33.78287,-14.5272],[33.78303,-14.5271],[33.78317,-14.527],[33.78336,-14.52688],[33.78356,-14.52678],[33.78386,-14.52664],[33.78404,-14.52652],[33.7842,-14.52642],[33.78424,-14.52639],[33.78431,-14.52636],[33.78439,-14.52635],[33.78447,-14.5263],[33.78464,-14.52612],[33.78475,-14.52601],[33.78499,-14.52583],[33.78519,-14.52569],[33.78535,-14.52558],[33.78547,-14.52546],[33.78561,-14.52533],[33.78572,-14.5252],[33.78584,-14.5251],[33.78593,-14.52497],[33.78601,-14.52487],[33.78607,-14.52475],[33.78611,-14.52464],[33.7862,-14.52451],[33.78631,-14.52435],[33.78635,-14.52426],[33.78636,-14.52417],[33.78639,-14.52411],[33.78648,-14.52398],[33.78654,-14.52388],[33.78658,-14.52376],[33.78662,-14.52372],[33.78676,-14.52366],[33.7869,-14.52358],[33.78706,-14.52345],[33.78719,-14.52332],[33.7873,-14.5232],[33.7874,-14.52313],[33.78749,-14.52308],[33.7876,-14.52305],[33.78774,-14.52297],[33.78784,-14.52285],[33.78785,-14.52269],[33.78785,-14.52254],[33.78785,-14.52244],[33.78782,-14.52237],[33.78777,-14.52225],[33.78773,-14.52217],[33.78771,-14.52212],[33.78771,-14.52199],[33.78771,-14.5218],[33.7877,-14.52169],[33.78771,-14.52158],[33.78775,-14.52148],[33.78778,-14.52136],[33.78775,-14.52121],[33.78771,-14.52104],[33.78768,-14.52087],[33.7877,-14.52072],[33.78773,-14.52061],[33.78778,-14.52047],[33.78779,-14.52038],[33.7878,-14.52025],[33.78781,-14.52015],[33.78783,-14.52008],[33.78789,-14.52001],[33.78794,-14.51997]]},"properties":{"id":1192477829,"cls":"unclassified","hw":"unclassified","tg":"na","name":"","ref":"","surface":"","sc":"unknown","speed":null,"lit":"unk","km":1.659}},
{"type":"Feature","geometry":{"type":"LineString","coordinates":[[33.77194,-14.52572],[33.77207,-14.52561],[33.77217,-14.52547],[33.77225,-14.5253],[33.77226,-14.52523],[33.77232,-14.52513],[33.77241,-14.52506],[33.77261,-14.52496],[33.77273,-14.52488],[33.77282,-14.52477],[33.77294,-14.52465],[33.77311,-14.52453],[33.77322,-14.52439],[33.77327,-14.52427],[33.77331,-14.52415],[33.77332,-14.52407],[33.77331,-14.52396],[33.77331,-14.52379],[33.77332,-14.52362],[33.77335,-14.52347],[33.77338,-14.52326],[33.77342,-14.52314],[33.7735,-14.52307],[33.7736,-14.52299],[33.77366,-14.52289],[33.77374,-14.52279],[33.77377,-14.52273],[33.77377,-14.52269],[33.77376,-14.52261],[33.77373,-14.52247],[33.77373,-14.52237],[33.77376,-14.52231],[33.77379,-14.52225],[33.77385,-14.52219],[33.77395,-14.52215],[33.77402,-14.52211],[33.7741,-14.52205],[33.77419,-14.52195],[33.77427,-14.52179],[33.77432,-14.52173],[33.77441,-14.5217],[33.77454,-14.52164],[33.77463,-14.52155],[33.77481,-14.52141],[33.775,-14.52132],[33.77512,-14.52127],[33.77526,-14.52117],[33.77537,-14.52106],[33.77546,-14.52092],[33.77556,-14.52079],[33.77565,-14.52067],[33.77567,-14.52058],[33.77566,-14.5205],[33.77569,-14.52038],[33.77571,-14.52022],[33.77571,-14.52012],[33.77571,-14.52],[33.7757,-14.51985]]},"properties":{"id":1192477830,"cls":"path","hw":"path","tg":"na","name":"","ref":"","surface":"","sc":"unknown","speed":null,"lit":"unk","km":0.831}},
{"type":"Feature","geometry":{"type":"LineString","coordinates":[[33.77716,-14.52612],[33.77719,-14.52595],[33.77727,-14.52579],[33.77731,-14.52567],[33.77734,-14.52553],[33.77734,-14.52538],[33.7773,-14.52523],[33.77725,-14.52512],[33.77722,-14.525],[33.77714,-14.52485],[33.77709,-14.52477],[33.77705,-14.52472],[33.77701,-14.52464],[33.77699,-14.52452],[33.77697,-14.52442],[33.77695,-14.52428],[33.77688,-14.52406],[33.77681,-14.52389],[33.77672,-14.52374],[33.77669,-14.52358],[33.77667,-14.52343],[33.77664,-14.5233],[33.77659,-14.52314],[33.77653,-14.52296],[33.77645,-14.5228],[33.77637,-14.52267],[33.77636,-14.52261],[33.77637,-14.52254],[33.77639,-14.52247],[33.77638,-14.52238],[33.77634,-14.52231],[33.77627,-14.52211],[33.77621,-14.52196],[33.77616,-14.52181],[33.77609,-14.52171],[33.77605,-14.52165],[33.776,-14.52157],[33.77598,-14.52151],[33.77593,-14.52141],[33.7759,-14.52135],[33.77584,-14.52129],[33.77575,-14.52113],[33.77568,-14.52101],[33.77563,-14.52089],[33.77556,-14.52079],[33.77547,-14.5207],[33.7754,-14.52059],[33.77528,-14.52042],[33.77517,-14.52028],[33.77505,-14.5201],[33.77494,-14.51996],[33.77479,-14.5197]]},"properties":{"id":1192477831,"cls":"path","hw":"path","tg":"na","name":"","ref":"","surface":"","sc":"unknown","speed":null,"lit":"unk","km":0.787}},
{"type":"Feature","geometry":{"type":"LineString","coordinates":[[33.77992,-14.53134],[33.77996,-14.53121],[33.78,-14.53113],[33.78001,-14.53101],[33.77995,-14.53087],[33.77993,-14.53067],[33.77994,-14.53053],[33.77992,-14.53038],[33.77988,-14.53028],[33.77984,-14.53024],[33.77977,-14.53014],[33.77976,-14.53012],[33.77972,-14.53004],[33.77971,-14.52994],[33.77974,-14.52984],[33.77974,-14.52976],[33.77974,-14.52962],[33.77976,-14.52952],[33.77975,-14.52941],[33.77971,-14.5293],[33.77966,-14.5292],[33.77965,-14.52915],[33.77965,-14.52908],[33.77965,-14.52901],[33.77963,-14.52894],[33.77958,-14.52881],[33.77951,-14.52873],[33.77939,-14.52864],[33.7793,-14.52854],[33.77925,-14.52848],[33.77923,-14.52845],[33.77922,-14.52844],[33.77921,-14.52838],[33.77922,-14.52831],[33.77921,-14.52822],[33.77919,-14.52817],[33.77915,-14.52813],[33.77903,-14.52799],[33.77896,-14.52788],[33.77887,-14.52771],[33.77877,-14.52757],[33.77869,-14.52752],[33.7786,-14.52748],[33.77849,-14.52741],[33.77842,-14.52734],[33.77839,-14.52725],[33.77835,-14.52712],[33.77832,-14.52701],[33.77824,-14.52684],[33.77816,-14.52669],[33.77808,-14.52654],[33.77802,-14.52636],[33.778,-14.52619],[33.77797,-14.52601],[33.77798,-14.52588],[33.77797,-14.52582],[33.77799,-14.52566],[33.778,-14.52557]]},"properties":{"id":1192477832,"cls":"unclassified","hw":"unclassified","tg":"na","name":"","ref":"","surface":"","sc":"unknown","speed":null,"lit":"unk","km":0.715}},
{"type":"Feature","geometry":{"type":"LineString","coordinates":[[33.78083,-14.52236],[33.78079,-14.52224],[33.78075,-14.52215],[33.78074,-14.52206],[33.78071,-14.522],[33.78064,-14.52191],[33.78058,-14.52179],[33.78051,-14.52168],[33.78041,-14.52159],[33.78036,-14.5215],[33.78029,-14.52131],[33.78024,-14.5212],[33.78022,-14.52111],[33.78023,-14.521],[33.78024,-14.52081],[33.78027,-14.52058],[33.78029,-14.52049],[33.78029,-14.5204],[33.78026,-14.52034],[33.78021,-14.52022],[33.78019,-14.52015],[33.78018,-14.52007],[33.78018,-14.51998],[33.78019,-14.51991],[33.78021,-14.51984]]},"properties":{"id":1192477833,"cls":"unclassified","hw":"unclassified","tg":"na","name":"","ref":"","surface":"","sc":"unknown","speed":null,"lit":"unk","km":0.3}},
{"type":"Feature","geometry":{"type":"LineString","coordinates":[[33.77765,-14.54112],[33.77759,-14.54096],[33.77751,-14.54083],[33.77744,-14.54071],[33.7774,-14.54056],[33.77736,-14.54049],[33.77729,-14.54038],[33.77721,-14.54021],[33.77711,-14.53994],[33.77709,-14.53981],[33.77702,-14.53964],[33.77697,-14.53953],[33.77688,-14.53939],[33.77681,-14.53919],[33.77673,-14.53893],[33.7767,-14.53876],[33.77663,-14.53855],[33.77655,-14.5383],[33.77653,-14.53819],[33.77652,-14.53791],[33.77651,-14.53771],[33.77652,-14.53758],[33.77653,-14.53736],[33.77656,-14.53715],[33.77659,-14.53698],[33.7766,-14.53683],[33.77662,-14.53657],[33.77667,-14.53638],[33.77677,-14.53617],[33.77687,-14.53598],[33.77692,-14.53587],[33.77693,-14.53571],[33.77695,-14.53545],[33.77695,-14.53516],[33.77695,-14.53488],[33.77693,-14.5345],[33.77692,-14.53429],[33.77696,-14.53401],[33.77701,-14.53392],[33.77715,-14.53378],[33.7773,-14.53367],[33.7774,-14.53354],[33.77748,-14.53339],[33.77757,-14.53317],[33.77764,-14.53292],[33.77769,-14.53273],[33.77775,-14.53258],[33.77783,-14.53224],[33.77782,-14.53209],[33.7778,-14.53195],[33.77782,-14.53184],[33.77781,-14.53171],[33.77778,-14.53157],[33.77771,-14.53145],[33.77766,-14.53134],[33.7776,-14.53123],[33.77753,-14.53112],[33.77751,-14.53106],[33.77747,-14.53099],[33.77741,-14.53078],[33.77742,-14.53061],[33.77743,-14.53043],[33.77742,-14.53031],[33.77743,-14.53019],[33.77743,-14.5301],[33.77743,-14.53005],[33.7774,-14.52979],[33.77739,-14.52961],[33.77738,-14.52949],[33.77737,-14.52938],[33.77735,-14.52929],[33.77736,-14.5292],[33.77735,-14.52912],[33.77733,-14.52905],[33.77728,-14.52897],[33.77724,-14.52888],[33.77724,-14.52879],[33.77722,-14.5287],[33.77718,-14.5286],[33.77712,-14.52845],[33.77707,-14.52834],[33.77699,-14.52824],[33.77695,-14.52817],[33.77693,-14.52808],[33.77689,-14.52798],[33.77689,-14.5279],[33.7769,-14.52783],[33.77692,-14.52775],[33.77696,-14.52768],[33.77696,-14.52758],[33.77695,-14.52747],[33.77695,-14.52735],[33.77696,-14.52722],[33.77695,-14.52712],[33.77695,-14.52705],[33.77698,-14.52693],[33.777,-14.5268],[33.77703,-14.52672],[33.77702,-14.5266],[33.77704,-14.52648],[33.77708,-14.52637],[33.77715,-14.52614],[33.77716,-14.52612],[33.7772,-14.52601],[33.77726,-14.52594],[33.77736,-14.52588],[33.77746,-14.52581],[33.77755,-14.52574],[33.77762,-14.52571],[33.77775,-14.52569],[33.77787,-14.52566],[33.77795,-14.52562],[33.778,-14.52557],[33.77802,-14.52555],[33.77809,-14.52544],[33.77814,-14.52524],[33.77822,-14.52498],[33.77827,-14.52481],[33.77831,-14.52467],[33.77832,-14.52455],[33.77835,-14.52444],[33.7784,-14.52439],[33.77847,-14.52436],[33.77853,-14.5243],[33.77862,-14.52419],[33.77873,-14.52405],[33.77891,-14.52389],[33.77924,-14.52363],[33.77937,-14.52352],[33.7795,-14.52338],[33.77964,-14.52329],[33.7799,-14.52311],[33.77995,-14.52306],[33.78002,-14.52303],[33.78016,-14.52296],[33.78024,-14.5229],[33.78039,-14.5228],[33.78048,-14.52273],[33.78058,-14.52269],[33.7807,-14.52264],[33.78075,-14.52258],[33.78079,-14.52253],[33.78082,-14.5224],[33.78083,-14.52236],[33.78087,-14.52225],[33.78093,-14.52221],[33.78107,-14.52212],[33.78122,-14.52208],[33.78133,-14.52202],[33.78143,-14.52191],[33.78155,-14.5218],[33.78167,-14.52176],[33.78182,-14.52171],[33.78192,-14.52166],[33.78203,-14.52153],[33.78214,-14.52147],[33.78221,-14.52141],[33.78224,-14.52134],[33.78226,-14.52125],[33.78231,-14.52118],[33.78242,-14.52106],[33.78253,-14.52097],[33.78258,-14.52091],[33.78262,-14.52081],[33.78265,-14.52069],[33.78269,-14.5206],[33.78281,-14.52042],[33.78282,-14.52036],[33.78281,-14.52028],[33.78277,-14.52016],[33.78275,-14.52003],[33.78272,-14.51995],[33.78271,-14.51988]]},"properties":{"id":1192477834,"cls":"unclassified","hw":"unclassified","tg":"na","name":"","ref":"","surface":"","sc":"unknown","speed":null,"lit":"unk","km":2.742}},
{"type":"Feature","geometry":{"type":"LineString","coordinates":[[33.77627,-14.53059],[33.77642,-14.53049],[33.77656,-14.53037],[33.77668,-14.53029],[33.7768,-14.53023],[33.77709,-14.53015],[33.77734,-14.53008],[33.77743,-14.53005],[33.77746,-14.53004],[33.77762,-14.53001],[33.77782,-14.53],[33.77793,-14.52998],[33.77813,-14.52996],[33.77825,-14.52995],[33.77842,-14.52997],[33.77862,-14.52998],[33.7787,-14.52997],[33.77882,-14.52996],[33.77905,-14.52993],[33.77918,-14.52991],[33.77925,-14.52992],[33.77933,-14.52995],[33.77952,-14.53004],[33.77961,-14.5301],[33.77972,-14.53016],[33.77979,-14.53021],[33.77984,-14.53024],[33.77992,-14.53028],[33.78016,-14.53038],[33.7803,-14.53046],[33.78056,-14.53064],[33.7808,-14.53077],[33.78095,-14.53085],[33.78121,-14.53101],[33.78149,-14.53117],[33.78173,-14.5313],[33.78191,-14.53138],[33.78202,-14.53146],[33.78212,-14.53148],[33.78219,-14.53151],[33.78227,-14.53157],[33.78233,-14.53162],[33.78247,-14.53168],[33.78263,-14.53176],[33.78276,-14.53183],[33.78288,-14.53189],[33.783,-14.53197],[33.78313,-14.53205],[33.78332,-14.53216],[33.78341,-14.53221],[33.78348,-14.53225],[33.78355,-14.53226],[33.78366,-14.53233],[33.78376,-14.53239],[33.78388,-14.53246],[33.78397,-14.53251],[33.78401,-14.53254],[33.78408,-14.53259],[33.7842,-14.53267],[33.78427,-14.5327],[33.78441,-14.53276],[33.78456,-14.5328],[33.78475,-14.53287],[33.78491,-14.53297],[33.78508,-14.53302],[33.78525,-14.53309],[33.78537,-14.53317],[33.78554,-14.53326],[33.78576,-14.5334],[33.7859,-14.53349],[33.78599,-14.53357],[33.7861,-14.53369],[33.78621,-14.53379],[33.78631,-14.53387],[33.78646,-14.53397],[33.78659,-14.53404],[33.78671,-14.53408],[33.78681,-14.53412],[33.78692,-14.53418],[33.78702,-14.53423],[33.78713,-14.53433],[33.7873,-14.53445],[33.78746,-14.53456],[33.78763,-14.53469],[33.7878,-14.5348],[33.78785,-14.53483],[33.78795,-14.53489],[33.7881,-14.53498],[33.78823,-14.53503],[33.78834,-14.53507],[33.78847,-14.53515],[33.78861,-14.53524],[33.78875,-14.53531],[33.78887,-14.53537],[33.789,-14.53543],[33.78916,-14.53551],[33.78928,-14.53557],[33.78942,-14.53565],[33.78959,-14.53573],[33.78979,-14.53582],[33.78993,-14.53589],[33.79004,-14.53594],[33.79013,-14.53599],[33.79021,-14.536],[33.79028,-14.53601],[33.79034,-14.53603],[33.79038,-14.53605],[33.79048,-14.53614],[33.79057,-14.53619],[33.79068,-14.53623],[33.79081,-14.53629],[33.791,-14.53639],[33.79115,-14.53644],[33.79128,-14.53648],[33.79137,-14.53652],[33.79146,-14.53655],[33.79159,-14.53662],[33.79172,-14.53669],[33.79189,-14.53678],[33.79197,-14.53684],[33.79211,-14.53691],[33.79229,-14.537],[33.79245,-14.53711],[33.79262,-14.5372],[33.79277,-14.53729],[33.79294,-14.53738],[33.79315,-14.53747],[33.79327,-14.53753],[33.79336,-14.53758],[33.79346,-14.53765],[33.79358,-14.5377],[33.79366,-14.53776],[33.79376,-14.53781],[33.79385,-14.53786]]},"properties":{"id":1192477844,"cls":"unclassified","hw":"unclassified","tg":"na","name":"","ref":"","surface":"","sc":"unknown","speed":null,"lit":"unk","km":2.153}},
{"type":"Feature","geometry":{"type":"LineString","coordinates":[[33.77266,-14.53112],[33.77251,-14.53103],[33.77236,-14.53095],[33.77226,-14.53089],[33.77212,-14.5308],[33.772,-14.53075],[33.77191,-14.5307],[33.77172,-14.53054],[33.77146,-14.53029],[33.77131,-14.53005],[33.77111,-14.52974],[33.77104,-14.52964],[33.77095,-14.52946],[33.77085,-14.52932],[33.77075,-14.52914],[33.77073,-14.529],[33.77066,-14.52884],[33.77059,-14.52871],[33.77051,-14.52853],[33.77045,-14.52835],[33.77042,-14.52826],[33.77037,-14.5282],[33.7702,-14.52809],[33.77005,-14.52796],[33.76992,-14.52781],[33.76973,-14.52766],[33.7696,-14.52751],[33.76946,-14.52734],[33.76936,-14.52722],[33.76926,-14.52713],[33.76918,-14.52706],[33.76913,-14.52699],[33.76907,-14.52684],[33.76895,-14.52671],[33.76886,-14.52661],[33.7688,-14.52654],[33.76867,-14.52642],[33.76861,-14.5263],[33.76848,-14.52616],[33.76836,-14.52605],[33.76821,-14.52591],[33.76805,-14.5257],[33.76793,-14.52555],[33.76781,-14.52538],[33.76765,-14.52523],[33.76748,-14.52505],[33.76731,-14.52486],[33.76718,-14.52474],[33.76699,-14.52459],[33.76686,-14.52447],[33.76672,-14.52429],[33.76659,-14.5241],[33.76647,-14.52395],[33.76631,-14.52378],[33.76613,-14.52356],[33.76601,-14.52338],[33.76595,-14.52325],[33.76586,-14.52307],[33.76578,-14.52288],[33.76568,-14.52262],[33.76561,-14.52247],[33.76556,-14.52228],[33.76545,-14.52212],[33.76532,-14.52197],[33.76523,-14.52182],[33.76512,-14.52163],[33.76499,-14.52142],[33.76483,-14.52118],[33.76473,-14.52101],[33.76462,-14.52074],[33.7646,-14.52064],[33.76456,-14.52048],[33.76451,-14.52037],[33.76448,-14.52026],[33.76444,-14.52022],[33.76433,-14.52002],[33.7642,-14.51989],[33.76414,-14.5198]]},"properties":{"id":1192477845,"cls":"path","hw":"path","tg":"na","name":"","ref":"","surface":"","sc":"unknown","speed":null,"lit":"unk","km":1.59}},
{"type":"Feature","geometry":{"type":"LineString","coordinates":[[33.77573,-14.53211],[33.77566,-14.5321],[33.77558,-14.53208],[33.77552,-14.53207],[33.77545,-14.53203],[33.77538,-14.53201],[33.77533,-14.53199],[33.77528,-14.532],[33.77524,-14.532],[33.77518,-14.53198],[33.77512,-14.53198],[33.77506,-14.53198],[33.77502,-14.53198],[33.77498,-14.53198],[33.77496,-14.53196],[33.77494,-14.53193],[33.77491,-14.53192],[33.77487,-14.53188],[33.77485,-14.53185],[33.77481,-14.53184],[33.77478,-14.53185],[33.77474,-14.53183],[33.77466,-14.53181],[33.77454,-14.53177]]},"properties":{"id":1192477846,"cls":"path","hw":"path","tg":"na","name":"","ref":"","surface":"","sc":"unknown","speed":null,"lit":"unk","km":0.14}},
{"type":"Feature","geometry":{"type":"LineString","coordinates":[[33.76925,-14.52836],[33.76947,-14.52838],[33.76971,-14.52844],[33.76987,-14.52849],[33.77002,-14.52852],[33.77017,-14.52856],[33.77046,-14.52867],[33.77059,-14.52871],[33.7707,-14.52874],[33.77088,-14.52882],[33.77103,-14.52893],[33.77119,-14.52901],[33.77142,-14.52913],[33.7717,-14.5292],[33.77185,-14.52925],[33.77202,-14.52931],[33.77214,-14.52935],[33.77232,-14.52937],[33.7725,-14.52939],[33.77265,-14.52943],[33.7728,-14.52946],[33.7729,-14.52945],[33.773,-14.52944],[33.77308,-14.52946],[33.77319,-14.52952],[33.77327,-14.52956],[33.77345,-14.52961],[33.7737,-14.52967],[33.7738,-14.52971],[33.77391,-14.52972],[33.77401,-14.52974],[33.77411,-14.52978],[33.77427,-14.52986],[33.77438,-14.5299],[33.77449,-14.52993],[33.77457,-14.52996],[33.77468,-14.53],[33.77474,-14.53001],[33.77495,-14.53006],[33.7751,-14.53011],[33.77526,-14.53017],[33.77537,-14.53019],[33.77548,-14.53022],[33.77554,-14.53025],[33.77564,-14.53031],[33.77579,-14.53039],[33.77591,-14.53044],[33.77604,-14.5305],[33.77617,-14.53055],[33.77627,-14.53059],[33.77634,-14.53062],[33.77637,-14.53064],[33.7766,-14.53071],[33.77679,-14.53075],[33.77699,-14.53081],[33.77718,-14.53088],[33.77733,-14.53096],[33.77739,-14.53101]]},"properties":{"id":1192477847,"cls":"unclassified","hw":"unclassified","tg":"na","name":"","ref":"","surface":"","sc":"unknown","speed":null,"lit":"unk","km":0.934}},
{"type":"Feature","geometry":{"type":"LineString","coordinates":[[33.7704,-14.53323],[33.77051,-14.53319],[33.77064,-14.53313],[33.77074,-14.53312],[33.77085,-14.53309],[33.77093,-14.53307],[33.771,-14.53308],[33.77107,-14.53309],[33.77121,-14.53308],[33.77134,-14.53306],[33.77143,-14.53305],[33.77152,-14.533],[33.77159,-14.53298],[33.77168,-14.53295],[33.77174,-14.53294],[33.77183,-14.53298],[33.77196,-14.533],[33.77204,-14.533],[33.77215,-14.533],[33.77224,-14.53297],[33.77237,-14.53294],[33.77246,-14.53289],[33.77251,-14.53286],[33.77263,-14.5328],[33.77281,-14.53273],[33.77297,-14.53266],[33.77313,-14.5326],[33.77323,-14.53257],[33.77327,-14.53254],[33.77336,-14.53246],[33.77342,-14.53238],[33.77347,-14.53231],[33.7735,-14.53228],[33.77355,-14.53227],[33.77361,-14.53225],[33.77364,-14.53222],[33.77366,-14.5322],[33.77369,-14.5322],[33.77373,-14.53219],[33.77379,-14.53217],[33.77388,-14.53209],[33.77392,-14.53206],[33.77395,-14.53204],[33.77398,-14.532],[33.774,-14.53197],[33.77403,-14.53195],[33.77407,-14.53194],[33.7741,-14.53192],[33.77413,-14.5319],[33.77417,-14.53186],[33.7742,-14.53182]]},"properties":{"id":1192477848,"cls":"path","hw":"path","tg":"na","name":"","ref":"","surface":"","sc":"unknown","speed":null,"lit":"unk","km":0.46}},
{"type":"Feature","geometry":{"type":"LineString","coordinates":[[33.7715,-14.53154],[33.77175,-14.53153],[33.77185,-14.53151],[33.77193,-14.53145],[33.772,-14.53135],[33.77213,-14.53127],[33.77226,-14.53121],[33.77232,-14.53121],[33.7724,-14.53121],[33.77252,-14.53116],[33.77261,-14.53113],[33.77266,-14.53112],[33.77272,-14.53113],[33.77282,-14.53116],[33.77293,-14.53122],[33.77299,-14.53126],[33.77306,-14.5313],[33.77313,-14.53133],[33.7732,-14.53135],[33.77328,-14.53139],[33.7734,-14.53149],[33.77352,-14.53158],[33.77364,-14.53165],[33.7738,-14.5317],[33.77394,-14.53175],[33.77406,-14.5318],[33.77416,-14.53183],[33.7742,-14.53182],[33.77435,-14.53181],[33.77454,-14.53177],[33.77475,-14.53168],[33.77495,-14.53159],[33.77505,-14.53154],[33.77531,-14.53139],[33.77557,-14.53123],[33.77578,-14.53104],[33.77595,-14.53085],[33.77605,-14.53076],[33.77622,-14.53067],[33.77629,-14.53066],[33.77637,-14.53064]]},"properties":{"id":1192477849,"cls":"unclassified","hw":"unclassified","tg":"na","name":"","ref":"","surface":"","sc":"unknown","speed":null,"lit":"unk","km":0.6}},
{"type":"Feature","geometry":{"type":"LineString","coordinates":[[33.74992,-14.52294],[33.75007,-14.52285],[33.75025,-14.52266],[33.75032,-14.5226],[33.75043,-14.52257],[33.75062,-14.52256],[33.75089,-14.52257],[33.75128,-14.52256],[33.75162,-14.52257],[33.75198,-14.52256],[33.75223,-14.52255],[33.75253,-14.52255],[33.75258,-14.52254],[33.75277,-14.52252],[33.75295,-14.52244],[33.75329,-14.52224],[33.75354,-14.52205],[33.75385,-14.52181],[33.75417,-14.52154],[33.75441,-14.52137],[33.75453,-14.52129],[33.75463,-14.52124],[33.75477,-14.52114],[33.75493,-14.52103],[33.75506,-14.52093]]},"properties":{"id":1193125480,"cls":"unclassified","hw":"unclassified","tg":"na","name":"","ref":"","surface":"","sc":"unknown","speed":null,"lit":"unk","km":0.627}},
{"type":"Feature","geometry":{"type":"LineString","coordinates":[[33.7554,-14.52219],[33.75545,-14.52238],[33.75548,-14.52252],[33.75549,-14.52269],[33.75546,-14.52282],[33.75543,-14.52292],[33.75543,-14.523],[33.75546,-14.52312],[33.7555,-14.52324],[33.75556,-14.52335],[33.7556,-14.52348],[33.75562,-14.5236],[33.75562,-14.52372],[33.75562,-14.52388],[33.75561,-14.52403],[33.75559,-14.52418],[33.75559,-14.52431],[33.7556,-14.52441],[33.75564,-14.52455],[33.75569,-14.52467],[33.75578,-14.52478],[33.75594,-14.52489],[33.75602,-14.52497],[33.75612,-14.52503],[33.75621,-14.52505],[33.75633,-14.52506],[33.75642,-14.52505],[33.75652,-14.52505],[33.75658,-14.52508],[33.75665,-14.52513],[33.75672,-14.52519],[33.75678,-14.52523],[33.75684,-14.52525],[33.75691,-14.52528],[33.75696,-14.52532],[33.75702,-14.5254],[33.75708,-14.52551],[33.75715,-14.52559],[33.75723,-14.52565],[33.75727,-14.52569],[33.7573,-14.52576],[33.75741,-14.52592],[33.75749,-14.52606],[33.75752,-14.52615],[33.75756,-14.52627],[33.75766,-14.52636],[33.75778,-14.52639],[33.75792,-14.52641]]},"properties":{"id":1193125486,"cls":"unclassified","hw":"unclassified","tg":"na","name":"","ref":"","surface":"","sc":"unknown","speed":null,"lit":"unk","km":0.614}},
{"type":"Feature","geometry":{"type":"LineString","coordinates":[[33.79853,-14.546],[33.79887,-14.54563],[33.79905,-14.54533],[33.79918,-14.54516],[33.79935,-14.54506],[33.7994,-14.54496],[33.79944,-14.54468],[33.79945,-14.54446],[33.79946,-14.54434],[33.79952,-14.54423],[33.79959,-14.54408],[33.79969,-14.54393],[33.79979,-14.54375],[33.79984,-14.54362],[33.79987,-14.54349],[33.79991,-14.54341],[33.80001,-14.54327],[33.80012,-14.5432],[33.80034,-14.54306],[33.80044,-14.54303],[33.80058,-14.54302],[33.80065,-14.54302],[33.80081,-14.54294],[33.80096,-14.54286],[33.80106,-14.5428],[33.8012,-14.54264],[33.80131,-14.54253],[33.80146,-14.54246],[33.80158,-14.54237],[33.80174,-14.54225],[33.80193,-14.54208],[33.80213,-14.54194],[33.80221,-14.54188],[33.80234,-14.54171],[33.80244,-14.54157],[33.80259,-14.54148],[33.8027,-14.54141],[33.80285,-14.54124]]},"properties":{"id":1193133701,"cls":"unclassified","hw":"unclassified","tg":"na","name":"","ref":"","surface":"","sc":"unknown","speed":null,"lit":"unk","km":0.743}},
{"type":"Feature","geometry":{"type":"LineString","coordinates":[[33.79968,-14.54665],[33.79963,-14.54641],[33.79958,-14.5463],[33.79953,-14.5461],[33.79945,-14.54585],[33.79939,-14.54563],[33.79929,-14.54544],[33.79918,-14.54516],[33.79915,-14.54495],[33.79911,-14.54487],[33.79903,-14.54475],[33.79897,-14.54458],[33.79896,-14.54445],[33.79891,-14.54428],[33.79882,-14.54403],[33.79873,-14.54381],[33.79864,-14.54362],[33.79855,-14.54346],[33.7984,-14.54321],[33.79826,-14.54299],[33.79808,-14.54274],[33.79793,-14.54253],[33.79778,-14.54236],[33.79769,-14.54222],[33.79747,-14.54189],[33.79728,-14.54164],[33.79712,-14.54137],[33.79701,-14.5412],[33.79695,-14.54111]]},"properties":{"id":1193133702,"cls":"unclassified","hw":"unclassified","tg":"na","name":"","ref":"","surface":"","sc":"unknown","speed":null,"lit":"unk","km":0.691}},
{"type":"Feature","geometry":{"type":"LineString","coordinates":[[33.80024,-14.55274],[33.79998,-14.55267],[33.79971,-14.55249],[33.79953,-14.5524],[33.79951,-14.55234],[33.79953,-14.55224],[33.79952,-14.55211],[33.79945,-14.55195],[33.79941,-14.55188],[33.79941,-14.55172],[33.79947,-14.55136],[33.79954,-14.55093],[33.79958,-14.55057],[33.79961,-14.55015],[33.79968,-14.54976],[33.79976,-14.54931],[33.79978,-14.54906],[33.79983,-14.54878],[33.79984,-14.54844],[33.79984,-14.54812],[33.79984,-14.54792],[33.79987,-14.5477],[33.79986,-14.54749],[33.79984,-14.54723]]},"properties":{"id":1193133703,"cls":"unclassified","hw":"unclassified","tg":"na","name":"","ref":"","surface":"","sc":"unknown","speed":null,"lit":"unk","km":0.668}},
{"type":"Feature","geometry":{"type":"LineString","coordinates":[[33.60451,-14.51334],[33.60443,-14.51323],[33.6043,-14.51311],[33.60417,-14.51302],[33.60402,-14.51292],[33.60394,-14.51285],[33.60387,-14.51275],[33.60378,-14.51263],[33.60366,-14.51245],[33.60353,-14.51227],[33.60344,-14.51209],[33.60338,-14.51198],[33.60335,-14.51188],[33.60327,-14.51179],[33.60319,-14.51169],[33.60312,-14.51163],[33.60305,-14.51157],[33.60296,-14.51149],[33.60285,-14.51139],[33.60273,-14.5113],[33.60265,-14.51122],[33.60256,-14.51113],[33.60249,-14.51106],[33.60243,-14.51095],[33.60235,-14.51085],[33.60226,-14.51076],[33.60219,-14.51069],[33.60211,-14.5106],[33.60207,-14.51054],[33.60203,-14.51038],[33.60201,-14.51029],[33.60195,-14.51019],[33.6019,-14.5101],[33.60184,-14.50997],[33.60178,-14.5098],[33.60172,-14.5097],[33.60165,-14.5096],[33.60158,-14.50947],[33.60152,-14.50936],[33.60152,-14.50925],[33.60145,-14.50907],[33.60137,-14.50892],[33.60136,-14.50883],[33.6013,-14.50871],[33.60128,-14.50848],[33.60126,-14.50832],[33.6013,-14.50814],[33.60131,-14.50785],[33.60133,-14.50762],[33.60131,-14.50733],[33.6013,-14.50712],[33.6013,-14.50697],[33.60132,-14.50684],[33.60138,-14.50671],[33.6014,-14.50651],[33.6014,-14.50628],[33.60141,-14.50607],[33.60138,-14.50591],[33.60136,-14.5057],[33.60135,-14.50551],[33.6014,-14.50536],[33.60141,-14.50519],[33.60143,-14.50506],[33.60145,-14.505],[33.60146,-14.50492],[33.60147,-14.50484],[33.60152,-14.50468],[33.60156,-14.50451],[33.60157,-14.50438],[33.60156,-14.50425],[33.60156,-14.50417],[33.60163,-14.50404],[33.60168,-14.5039],[33.60169,-14.5038],[33.60171,-14.50371],[33.60171,-14.50349],[33.60171,-14.50331],[33.60174,-14.50323],[33.60174,-14.50313],[33.60177,-14.50306],[33.60175,-14.50293],[33.60172,-14.50281],[33.60169,-14.5027],[33.60163,-14.5025],[33.60162,-14.50241],[33.60157,-14.50235],[33.60148,-14.50229],[33.60141,-14.50223],[33.60134,-14.50213],[33.60124,-14.502],[33.60107,-14.50179],[33.60099,-14.50163],[33.60085,-14.50139],[33.60074,-14.50105],[33.60061,-14.50081],[33.60049,-14.50066],[33.60035,-14.50055],[33.60019,-14.50041],[33.60007,-14.50015],[33.59992,-14.49994],[33.59988,-14.49981],[33.59977,-14.49966],[33.59973,-14.49956],[33.59971,-14.49943],[33.59969,-14.49923],[33.59969,-14.49919]]},"properties":{"id":1193136348,"cls":"path","hw":"path","tg":"na","name":"","ref":"","surface":"","sc":"unknown","speed":null,"lit":"unk","km":1.772}},
{"type":"Feature","geometry":{"type":"LineString","coordinates":[[33.61448,-14.50776],[33.61461,-14.50816],[33.61492,-14.50878],[33.6149,-14.50963],[33.61508,-14.51033],[33.6157,-14.51216],[33.61673,-14.51429],[33.61705,-14.51511],[33.61777,-14.51617],[33.61783,-14.51632]]},"properties":{"id":1206659901,"cls":"path","hw":"path","tg":"na","name":"","ref":"","surface":"","sc":"unknown","speed":null,"lit":"unk","km":1.03}}
]}