{"type":"FeatureCollection","features":[
{"type":"Feature","geometry":{"type":"LineString","coordinates":[[34.64758,-10.63606],[34.64829,-10.63693],[34.64852,-10.63718],[34.64867,-10.63736],[34.6488,-10.63755],[34.64896,-10.63786],[34.64911,-10.63824],[34.64922,-10.63865],[34.64936,-10.63956],[34.64938,-10.63997],[34.64942,-10.64058],[34.64944,-10.64101],[34.64943,-10.64122],[34.64942,-10.64147],[34.64934,-10.64171],[34.64885,-10.64308],[34.64873,-10.64328],[34.64862,-10.64346],[34.64822,-10.64401],[34.64786,-10.64439],[34.64669,-10.64576],[34.64661,-10.64586],[34.64652,-10.64603],[34.64643,-10.64621],[34.64635,-10.64649],[34.64617,-10.64682],[34.64572,-10.64751],[34.64541,-10.64802],[34.64527,-10.64827],[34.64512,-10.64867],[34.64507,-10.6489],[34.64498,-10.6491],[34.64485,-10.64935],[34.64465,-10.64963],[34.64453,-10.64975],[34.64439,-10.64988],[34.64421,-10.65005],[34.64414,-10.65013],[34.64407,-10.65023],[34.6438,-10.65074],[34.64374,-10.65093],[34.64373,-10.65105],[34.64377,-10.65173],[34.64381,-10.65222],[34.64382,-10.65235],[34.6438,-10.6525],[34.64367,-10.65292],[34.64338,-10.65378],[34.64335,-10.65389],[34.64333,-10.65403],[34.6433,-10.65463],[34.64329,-10.6547],[34.64326,-10.65478],[34.64322,-10.65483],[34.64318,-10.65488],[34.64315,-10.65494],[34.64316,-10.65501],[34.64321,-10.6551],[34.64361,-10.65546],[34.6439,-10.65571],[34.64397,-10.65575],[34.64407,-10.65577],[34.64419,-10.65577],[34.64429,-10.65576],[34.64437,-10.65572],[34.64443,-10.65567],[34.64448,-10.65559],[34.64462,-10.65537],[34.64467,-10.6553],[34.64474,-10.65527],[34.64482,-10.65527],[34.64488,-10.65529],[34.64498,-10.65533],[34.64514,-10.65541],[34.64538,-10.65554],[34.64552,-10.65564],[34.64562,-10.65573],[34.64574,-10.65587],[34.64598,-10.65632],[34.64602,-10.65639],[34.64605,-10.65648],[34.64608,-10.65661],[34.64608,-10.65675],[34.64609,-10.65686],[34.6461,-10.65697],[34.64613,-10.65706],[34.64617,-10.65717],[34.64625,-10.65727],[34.6466,-10.65761],[34.64666,-10.65768],[34.6467,-10.65775],[34.64672,-10.65782],[34.64674,-10.65794],[34.64676,-10.65813],[34.64673,-10.65872],[34.64673,-10.65889],[34.64673,-10.659],[34.64675,-10.6591],[34.64679,-10.6592],[34.64685,-10.65929],[34.64696,-10.65939],[34.64724,-10.65957],[34.64734,-10.65965],[34.64743,-10.65973],[34.64759,-10.65988],[34.64764,-10.65996],[34.64769,-10.66002],[34.64771,-10.66013],[34.64772,-10.66024],[34.64774,-10.66047],[34.64775,-10.66076],[34.64774,-10.66087],[34.64771,-10.66101],[34.64766,-10.66117],[34.64734,-10.66192],[34.64729,-10.66205],[34.64728,-10.66213],[34.64728,-10.66223],[34.64731,-10.66235],[34.64735,-10.66245],[34.64739,-10.66254],[34.64748,-10.66268],[34.64758,-10.66277],[34.64769,-10.66287],[34.64783,-10.66297],[34.64804,-10.66309],[34.64853,-10.66328],[34.64916,-10.66357],[34.64971,-10.66383],[34.65097,-10.66441],[34.65111,-10.66447],[34.65123,-10.66456],[34.65141,-10.66467],[34.6522,-10.66503],[34.65244,-10.66513],[34.65271,-10.6653],[34.65305,-10.66554],[34.6539,-10.66618],[34.65447,-10.66657],[34.65515,-10.66708],[34.65536,-10.66728],[34.65573,-10.66764],[34.656,-10.66795],[34.6566,-10.66885],[34.65673,-10.66915],[34.65679,-10.66938],[34.65683,-10.6697],[34.65684,-10.66998],[34.65683,-10.67161],[34.65685,-10.67182],[34.65687,-10.672],[34.65694,-10.67218],[34.65733,-10.67304],[34.65741,-10.67332],[34.65744,-10.67362],[34.6575,-10.67468],[34.65754,-10.67492],[34.65759,-10.67514],[34.65786,-10.67592],[34.65834,-10.67702],[34.65849,-10.67744],[34.65867,-10.67811]]},"properties":{"id":376420273,"cls":"secondary","hw":"secondary","tg":"na","name":"","ref":"","surface":"unpaved","sc":"unpaved","speed":null,"lit":"unk","km":5.874}},
{"type":"Feature","geometry":{"type":"LineString","coordinates":[[34.63828,-10.62808],[34.63808,-10.6283],[34.63803,-10.62835],[34.6378,-10.62866],[34.63765,-10.62886],[34.63742,-10.62906],[34.63721,-10.62917],[34.63712,-10.62923],[34.63705,-10.62931],[34.63688,-10.62948],[34.63659,-10.62967],[34.63656,-10.62973],[34.63654,-10.62979],[34.63652,-10.62985],[34.63637,-10.62999],[34.63619,-10.63022],[34.63607,-10.63032],[34.63586,-10.6304]]},"properties":{"id":376425299,"cls":"residential","hw":"residential","tg":"na","name":"","ref":"","surface":"unpaved","sc":"unpaved","speed":null,"lit":"unk","km":0.377}},
{"type":"Feature","geometry":{"type":"LineString","coordinates":[[34.66062,-10.68606],[34.66081,-10.68605],[34.66095,-10.68605],[34.66112,-10.68605],[34.66119,-10.68603],[34.66124,-10.68599],[34.66137,-10.68587],[34.6615,-10.68573],[34.66158,-10.6857],[34.66167,-10.68568],[34.66177,-10.68566],[34.66191,-10.6856],[34.66198,-10.68555],[34.66202,-10.68551],[34.6621,-10.68539],[34.66216,-10.68525],[34.66222,-10.68517],[34.66229,-10.68509],[34.66238,-10.68502],[34.66241,-10.68494],[34.66243,-10.68486]]},"properties":{"id":376425321,"cls":"residential","hw":"residential","tg":"na","name":"","ref":"","surface":"unpaved","sc":"unpaved","speed":null,"lit":"unk","km":0.26}},
{"type":"Feature","geometry":{"type":"LineString","coordinates":[[34.68417,-10.85634],[34.68379,-10.85644],[34.68359,-10.85649],[34.6834,-10.85653],[34.68321,-10.85658],[34.68305,-10.85663],[34.68288,-10.8567],[34.68271,-10.85679],[34.68264,-10.85682],[34.68253,-10.85688],[34.68236,-10.85698],[34.6822,-10.85708],[34.68203,-10.85721],[34.6819,-10.85733],[34.68181,-10.85742],[34.68175,-10.85749],[34.68167,-10.85757],[34.68157,-10.8577],[34.68148,-10.85782],[34.68139,-10.85795],[34.68133,-10.85807],[34.68127,-10.85819],[34.68122,-10.85834],[34.6812,-10.85843],[34.68118,-10.85852],[34.68118,-10.85862],[34.68117,-10.8587],[34.68116,-10.85878],[34.68113,-10.85891],[34.68107,-10.85911],[34.68102,-10.85927],[34.68094,-10.85946],[34.68083,-10.85968],[34.68076,-10.85983],[34.68068,-10.85997],[34.68064,-10.86007],[34.68058,-10.86022],[34.6805,-10.86036],[34.68043,-10.86051],[34.68038,-10.8607],[34.68033,-10.86092],[34.68028,-10.86114],[34.68024,-10.86134],[34.68021,-10.86151],[34.68018,-10.86171],[34.68013,-10.86194],[34.68009,-10.86212],[34.68003,-10.86237],[34.67997,-10.86265],[34.67992,-10.86289],[34.67987,-10.86308],[34.67986,-10.86318],[34.67986,-10.86326],[34.67986,-10.86335],[34.67988,-10.86346],[34.6799,-10.86359],[34.67994,-10.86372],[34.67995,-10.86382],[34.67997,-10.86391],[34.67999,-10.86399],[34.68,-10.86406],[34.67999,-10.86415],[34.67998,-10.86422],[34.67997,-10.86429],[34.67995,-10.86438],[34.67993,-10.86445],[34.67991,-10.86453],[34.67989,-10.8646],[34.67988,-10.86466],[34.67986,-10.86475],[34.67984,-10.8648],[34.67984,-10.86484],[34.67983,-10.8649],[34.67983,-10.86496],[34.67984,-10.865],[34.67984,-10.86505],[34.67984,-10.86529],[34.67983,-10.86556],[34.67984,-10.86582],[34.67985,-10.86595],[34.67987,-10.86602],[34.67987,-10.86609],[34.67988,-10.86618],[34.67989,-10.86626],[34.67989,-10.86633],[34.67991,-10.8664],[34.67992,-10.86647],[34.67994,-10.86656],[34.67997,-10.86665],[34.68002,-10.86674],[34.68013,-10.86696],[34.68032,-10.86744],[34.68044,-10.86777],[34.68057,-10.86813],[34.68066,-10.86837],[34.68081,-10.8688],[34.68092,-10.8691],[34.68102,-10.86944],[34.6811,-10.86974],[34.68121,-10.87015],[34.68131,-10.87055],[34.68142,-10.87095],[34.68146,-10.8711],[34.68149,-10.87125],[34.68152,-10.87139],[34.68154,-10.87153],[34.68159,-10.87177],[34.68162,-10.872],[34.68164,-10.87217],[34.68166,-10.87228],[34.68168,-10.87241],[34.68176,-10.87267],[34.68185,-10.87291],[34.68194,-10.87317],[34.68209,-10.87357],[34.68217,-10.87381],[34.68223,-10.87398],[34.68225,-10.87405],[34.68228,-10.87413],[34.68231,-10.87422],[34.68235,-10.8743],[34.68239,-10.87436],[34.68248,-10.87449],[34.68253,-10.87456],[34.68258,-10.87463],[34.68262,-10.87469],[34.68264,-10.87478],[34.68268,-10.8749],[34.68276,-10.87514],[34.6828,-10.8753],[34.68285,-10.87546],[34.68288,-10.87559],[34.68289,-10.87566],[34.6829,-10.87574],[34.68291,-10.8758],[34.68292,-10.87586],[34.68292,-10.87592],[34.68292,-10.87598],[34.68291,-10.87605],[34.6829,-10.87612],[34.68288,-10.87625],[34.68285,-10.87639],[34.68282,-10.87651],[34.68281,-10.87654],[34.68281,-10.87657],[34.68281,-10.87662],[34.68281,-10.87669],[34.68281,-10.87676],[34.68283,-10.87691],[34.68292,-10.87728],[34.68302,-10.87765],[34.68313,-10.87801],[34.68319,-10.8782],[34.68322,-10.87829],[34.68323,-10.87834],[34.68323,-10.87838],[34.68323,-10.8784],[34.68323,-10.87845],[34.68319,-10.87849],[34.68314,-10.87853],[34.68308,-10.87857],[34.68304,-10.87861],[34.683,-10.87866],[34.68297,-10.87873],[34.68294,-10.87881],[34.68287,-10.87899],[34.68281,-10.87917],[34.68272,-10.87946],[34.68266,-10.87977],[34.6826,-10.88007],[34.68256,-10.88022],[34.68254,-10.88038],[34.68247,-10.88094],[34.6824,-10.88124],[34.68234,-10.88162],[34.68228,-10.88186],[34.68222,-10.88213],[34.68219,-10.88229],[34.68218,-10.88237],[34.68217,-10.88241],[34.68217,-10.88245],[34.68217,-10.88251],[34.68218,-10.88258],[34.68219,-10.88263],[34.68219,-10.8827],[34.68219,-10.88277],[34.68219,-10.88285],[34.68219,-10.88288],[34.68218,-10.88291],[34.68218,-10.88294],[34.68217,-10.88297],[34.68217,-10.88308],[34.68217,-10.88325],[34.68216,-10.88348],[34.68216,-10.88359],[34.68216,-10.8837],[34.68216,-10.88402],[34.68215,-10.88429],[34.68215,-10.8844],[34.68214,-10.88451],[34.68213,-10.8849],[34.68213,-10.88505],[34.68212,-10.88517],[34.68213,-10.88531],[34.68213,-10.88569],[34.68214,-10.88601],[34.68214,-10.88634],[34.68216,-10.88646],[34.68217,-10.88658],[34.68219,-10.88667],[34.68221,-10.88677],[34.68223,-10.88691],[34.68226,-10.88704],[34.6823,-10.88717],[34.68232,-10.88725],[34.68233,-10.88732],[34.68235,-10.88749],[34.68235,-10.88758],[34.68235,-10.88766],[34.68235,-10.88774],[34.68234,-10.88782],[34.68233,-10.88791],[34.68232,-10.88801],[34.68231,-10.88808],[34.68231,-10.88816],[34.6823,-10.88827],[34.68228,-10.88839],[34.68226,-10.88846],[34.68225,-10.88853],[34.68225,-10.88857],[34.68223,-10.88861],[34.68221,-10.88864],[34.68219,-10.88867],[34.68217,-10.88868],[34.68215,-10.88869],[34.68213,-10.8887],[34.68211,-10.8887],[34.68209,-10.8887],[34.68206,-10.8887],[34.68201,-10.88869],[34.68197,-10.88868],[34.68195,-10.88868],[34.68193,-10.88868],[34.68189,-10.88869],[34.68186,-10.8887],[34.68185,-10.88872],[34.68183,-10.88873],[34.68181,-10.88876],[34.68179,-10.88878],[34.68179,-10.88881],[34.68179,-10.88886],[34.68181,-10.88919],[34.68183,-10.88936],[34.68187,-10.88965],[34.68187,-10.88977],[34.68188,-10.88985],[34.68187,-10.88994],[34.68184,-10.89007],[34.68179,-10.89028],[34.68174,-10.8905],[34.68169,-10.89073],[34.68166,-10.89091],[34.68164,-10.8911],[34.68161,-10.89125],[34.68158,-10.89141],[34.68149,-10.89168],[34.68136,-10.89206],[34.68131,-10.89223],[34.68125,-10.89241],[34.6812,-10.8926],[34.68118,-10.89273],[34.68115,-10.89304],[34.68112,-10.89344],[34.6811,-10.89386],[34.68112,-10.89461],[34.68113,-10.89487],[34.68113,-10.89511],[34.68113,-10.89533],[34.68113,-10.89551],[34.68112,-10.89565],[34.68113,-10.89573],[34.68113,-10.8958],[34.68114,-10.89589],[34.68115,-10.89598],[34.68117,-10.89623],[34.68117,-10.89634],[34.68118,-10.89645],[34.68121,-10.89669],[34.68122,-10.89674],[34.68122,-10.89678],[34.68123,-10.89682],[34.68125,-10.8969],[34.68126,-10.89698],[34.68127,-10.89703],[34.68128,-10.89707],[34.68129,-10.89711],[34.68131,-10.89715],[34.68137,-10.89727],[34.68141,-10.89735],[34.68143,-10.89742],[34.68145,-10.89751],[34.68147,-10.8976],[34.68149,-10.89772],[34.6815,-10.89785],[34.68151,-10.89793],[34.68151,-10.89799],[34.68151,-10.89806],[34.6815,-10.89813],[34.68148,-10.89827],[34.68145,-10.89842],[34.68144,-10.89855],[34.68134,-10.89882],[34.68122,-10.8991],[34.68111,-10.89937],[34.68098,-10.89964],[34.68089,-10.89982],[34.68078,-10.90003],[34.68043,-10.90056],[34.67995,-10.90128],[34.67975,-10.90174],[34.67966,-10.90198],[34.67965,-10.90241],[34.67967,-10.90275],[34.67993,-10.9036],[34.67999,-10.90384],[34.68006,-10.90497],[34.68008,-10.90562],[34.68006,-10.90605],[34.68007,-10.90643],[34.68044,-10.90805],[34.68048,-10.90835],[34.68047,-10.90856],[34.68048,-10.90869],[34.68043,-10.90886],[34.68002,-10.90985],[34.67997,-10.91003],[34.67995,-10.91024],[34.68005,-10.91106],[34.6801,-10.91174],[34.68006,-10.9122],[34.67995,-10.91301],[34.67987,-10.91337],[34.67978,-10.91359],[34.67916,-10.91454],[34.67826,-10.91603],[34.67771,-10.91723],[34.67759,-10.91757],[34.67756,-10.9179],[34.67756,-10.91813],[34.67772,-10.91879],[34.67775,-10.91905],[34.67778,-10.91935],[34.67767,-10.92047],[34.67759,-10.92135],[34.67749,-10.92229],[34.67712,-10.92362],[34.67692,-10.92456],[34.67681,-10.92564],[34.67683,-10.92583],[34.6769,-10.92609],[34.67729,-10.92682],[34.6774,-10.92729],[34.67746,-10.92776],[34.67738,-10.92833],[34.67714,-10.92934],[34.67715,-10.92946],[34.67721,-10.92974],[34.67727,-10.92983],[34.67747,-10.92998],[34.67776,-10.93012],[34.6778,-10.93013],[34.67808,-10.93022],[34.67865,-10.93025],[34.67894,-10.93026],[34.67933,-10.93033],[34.68156,-10.93082],[34.68198,-10.93097],[34.68209,-10.93108],[34.68217,-10.93121],[34.68225,-10.93133],[34.68239,-10.93163],[34.68246,-10.93182],[34.68257,-10.9324],[34.6827,-10.93267],[34.68381,-10.93412],[34.68402,-10.93432],[34.68439,-10.93458],[34.68512,-10.93509],[34.68579,-10.9357],[34.68616,-10.93617],[34.68664,-10.93688],[34.68719,-10.93809],[34.68729,-10.93821],[34.6874,-10.93829],[34.68769,-10.93838],[34.68839,-10.93845],[34.68901,-10.93861],[34.68915,-10.93871],[34.68928,-10.93887],[34.68935,-10.93901],[34.68944,-10.93922],[34.68952,-10.93932],[34.68961,-10.93938],[34.6901,-10.93954],[34.69022,-10.93962],[34.69027,-10.93972],[34.6903,-10.93986],[34.69031,-10.94025],[34.69031,-10.94045],[34.69027,-10.94056],[34.69005,-10.94087],[34.69003,-10.94098],[34.69005,-10.94106],[34.69011,-10.94111],[34.69021,-10.94115],[34.69028,-10.94119],[34.69033,-10.94127],[34.69036,-10.94145],[34.69044,-10.94179],[34.69054,-10.94197],[34.69072,-10.94212],[34.69091,-10.94219],[34.69118,-10.94222],[34.69136,-10.94228],[34.69167,-10.94244],[34.69192,-10.94261],[34.69204,-10.94277],[34.69225,-10.94304],[34.69264,-10.94389],[34.6928,-10.94422],[34.69284,-10.94439],[34.69284,-10.94454],[34.69283,-10.94506],[34.69287,-10.94523],[34.69299,-10.94533],[34.69326,-10.94548],[34.69337,-10.94558],[34.69351,-10.94578],[34.69363,-10.94602],[34.69367,-10.94616],[34.69366,-10.94634],[34.69364,-10.94646],[34.69357,-10.94673],[34.69357,-10.9469],[34.6936,-10.94702],[34.69394,-10.94735],[34.69426,-10.94752],[34.6945,-10.9477],[34.69474,-10.94798],[34.69481,-10.94806],[34.69487,-10.94807],[34.69503,-10.94799],[34.69518,-10.94797],[34.69534,-10.94801],[34.69544,-10.9481],[34.69564,-10.94844],[34.69574,-10.94876],[34.696,-10.95104],[34.69605,-10.95144],[34.69601,-10.95213],[34.69597,-10.95238],[34.69584,-10.95257],[34.69558,-10.95275],[34.69501,-10.95298],[34.6948,-10.95299],[34.69414,-10.95288],[34.69357,-10.95278],[34.69237,-10.95256],[34.69075,-10.95237],[34.69035,-10.95235],[34.69011,-10.95238],[34.68985,-10.95248],[34.68958,-10.95268],[34.68899,-10.95335],[34.6887,-10.95355],[34.68838,-10.95367],[34.68792,-10.95387],[34.68738,-10.95414],[34.68683,-10.95453],[34.68671,-10.95458],[34.6866,-10.95459],[34.68637,-10.95456],[34.68632,-10.95456],[34.68629,-10.95457],[34.68627,-10.95465],[34.68609,-10.95521],[34.68608,-10.95528],[34.6861,-10.95538],[34.68614,-10.95546],[34.68657,-10.95586],[34.68668,-10.95601],[34.6867,-10.95614],[34.68666,-10.95634],[34.68658,-10.95649],[34.68633,-10.95673],[34.68625,-10.95686],[34.686,-10.95761],[34.68592,-10.95776],[34.68576,-10.95785],[34.68559,-10.95795],[34.68536,-10.95827],[34.6849,-10.95864],[34.68437,-10.95892],[34.68424,-10.95904],[34.68418,-10.95912],[34.68417,-10.95922],[34.68422,-10.95935],[34.68441,-10.95977],[34.6845,-10.95998],[34.68463,-10.96031],[34.6847,-10.9606],[34.68479,-10.96118],[34.68477,-10.96146],[34.68463,-10.96198],[34.68456,-10.96226],[34.68456,-10.96236],[34.68461,-10.96249],[34.68549,-10.9632],[34.68579,-10.96348],[34.6859,-10.96366],[34.68594,-10.96379],[34.68597,-10.96399],[34.6861,-10.96453],[34.68614,-10.96459],[34.6864,-10.96484],[34.6865,-10.96492],[34.68655,-10.96504],[34.68658,-10.96527],[34.68662,-10.96542],[34.68668,-10.96553],[34.68682,-10.96568],[34.68708,-10.96596],[34.68716,-10.96611],[34.68719,-10.9663],[34.68719,-10.96652],[34.68717,-10.96672],[34.68715,-10.96712],[34.68719,-10.96739],[34.68739,-10.96819],[34.68744,-10.96846],[34.68742,-10.96859],[34.68736,-10.96867],[34.68684,-10.96924],[34.68665,-10.9695],[34.68662,-10.96955],[34.68661,-10.96961],[34.6866,-10.96969],[34.6866,-10.9699],[34.6866,-10.97007],[34.68659,-10.97028],[34.68654,-10.97042],[34.68646,-10.97049],[34.6863,-10.97058],[34.68597,-10.97074],[34.68592,-10.97077],[34.68559,-10.97116],[34.68527,-10.97161],[34.68513,-10.97179],[34.68502,-10.97205],[34.68487,-10.97257],[34.68481,-10.97275],[34.68465,-10.97294],[34.68445,-10.97309],[34.68427,-10.97319],[34.68384,-10.97348],[34.68366,-10.97359],[34.68349,-10.97367],[34.68342,-10.97374],[34.68334,-10.97387],[34.6833,-10.97398],[34.68328,-10.97413],[34.68327,-10.97428],[34.68321,-10.97459],[34.68307,-10.97523],[34.68307,-10.97549],[34.68315,-10.97588],[34.68322,-10.97633],[34.6833,-10.97757],[34.68333,-10.97797],[34.68334,-10.97822],[34.6832,-10.97956],[34.68315,-10.97979],[34.68303,-10.98015],[34.68243,-10.98126],[34.68233,-10.98141],[34.68212,-10.98151],[34.68182,-10.98161],[34.68152,-10.9818],[34.6813,-10.98218],[34.68101,-10.98238],[34.68063,-10.98277],[34.68055,-10.98288],[34.68045,-10.98302],[34.68034,-10.9833],[34.68032,-10.98349],[34.67998,-10.98388],[34.67992,-10.98395],[34.6799,-10.98404],[34.67989,-10.98416],[34.68006,-10.98461],[34.68009,-10.98481],[34.6801,-10.98518],[34.68005,-10.98555],[34.67998,-10.98574],[34.67976,-10.98625],[34.67968,-10.98641],[34.6796,-10.98651],[34.6795,-10.98662],[34.67938,-10.98672],[34.67857,-10.98721],[34.67807,-10.98751],[34.67741,-10.98781],[34.67671,-10.98814],[34.67659,-10.98818],[34.67643,-10.98824],[34.67635,-10.9883],[34.67628,-10.98843],[34.67618,-10.98859],[34.67608,-10.98876],[34.67605,-10.98885],[34.67603,-10.98894],[34.67597,-10.98917],[34.6759,-10.98925],[34.67582,-10.9893],[34.67572,-10.98936],[34.67561,-10.98939],[34.67551,-10.98942],[34.67484,-10.98941],[34.67454,-10.98945],[34.67449,-10.98947],[34.67444,-10.98951],[34.67441,-10.98957],[34.67429,-10.98997],[34.67415,-10.99021],[34.67405,-10.99037],[34.67397,-10.99045],[34.6739,-10.9905],[34.6738,-10.99054],[34.67359,-10.99063],[34.67345,-10.99074],[34.67322,-10.99091],[34.67293,-10.99116],[34.67274,-10.99128],[34.67227,-10.99153],[34.67214,-10.99158],[34.67199,-10.9916],[34.67162,-10.99159],[34.67154,-10.9916],[34.67148,-10.99166],[34.67145,-10.99172],[34.6714,-10.9918],[34.67134,-10.99187],[34.67117,-10.99195],[34.67107,-10.99202],[34.67097,-10.99213],[34.67089,-10.99223],[34.67075,-10.99231],[34.67064,-10.99233],[34.67052,-10.99234],[34.67031,-10.99233],[34.66952,-10.99224],[34.66921,-10.99223],[34.66901,-10.99225],[34.66881,-10.99232],[34.66864,-10.99242],[34.6685,-10.9925],[34.66839,-10.9926],[34.66821,-10.99289],[34.66811,-10.99309],[34.66801,-10.99332],[34.66796,-10.99346],[34.66788,-10.99363],[34.66783,-10.9937],[34.66769,-10.99383],[34.66762,-10.9939],[34.66757,-10.99395],[34.66755,-10.99403],[34.6675,-10.99427],[34.66742,-10.99445],[34.66734,-10.99456],[34.66727,-10.99461],[34.66723,-10.99468],[34.66722,-10.99477],[34.66722,-10.99495],[34.66724,-10.99515],[34.66728,-10.99561],[34.66726,-10.99573],[34.66723,-10.99585],[34.66715,-10.99597],[34.66701,-10.99624],[34.66689,-10.99644],[34.66682,-10.99655],[34.66641,-10.99695],[34.66612,-10.99716],[34.66589,-10.99726],[34.66578,-10.99728],[34.66553,-10.99731],[34.66538,-10.99733],[34.66512,-10.99735],[34.6649,-10.99741],[34.66469,-10.99749],[34.66448,-10.99759],[34.66438,-10.99766],[34.66343,-10.99816],[34.66323,-10.99827],[34.66265,-10.99848],[34.66256,-10.99855],[34.6625,-10.99864],[34.66246,-10.99877],[34.66244,-10.99889],[34.66244,-10.99904],[34.66246,-10.99915],[34.66251,-10.99929],[34.66263,-10.99946],[34.66275,-10.9997],[34.6628,-10.9998],[34.66283,-10.99989],[34.66291,-11.0003],[34.66306,-11.00077],[34.66309,-11.00092],[34.66306,-11.00109],[34.66299,-11.00124],[34.66286,-11.0014],[34.66255,-11.00168],[34.66224,-11.00208],[34.66205,-11.00231],[34.66201,-11.00242],[34.66202,-11.00254],[34.66224,-11.00306],[34.66256,-11.00355],[34.66283,-11.0041],[34.66308,-11.00466],[34.6634,-11.00502],[34.66349,-11.00514],[34.66353,-11.00531],[34.66362,-11.00598],[34.66364,-11.00641],[34.66364,-11.00657],[34.66371,-11.00672],[34.66406,-11.00724],[34.66416,-11.00751],[34.66423,-11.00792],[34.66423,-11.00896],[34.6642,-11.00909],[34.66412,-11.00921],[34.66402,-11.00929],[34.66384,-11.00934],[34.66349,-11.00938],[34.66289,-11.00941],[34.66266,-11.00944],[34.66239,-11.0095],[34.66206,-11.00964],[34.66136,-11.00992],[34.66113,-11.01005],[34.66077,-11.01037],[34.66037,-11.0106],[34.66017,-11.01065],[34.6599,-11.01066],[34.65933,-11.01056],[34.65862,-11.01044],[34.65834,-11.01044],[34.65809,-11.01052],[34.65788,-11.0107],[34.65775,-11.01088],[34.65765,-11.01111],[34.65755,-11.01124],[34.65694,-11.01161],[34.65584,-11.01263],[34.65563,-11.01283],[34.65544,-11.01309],[34.65513,-11.01385],[34.65499,-11.01407],[34.65478,-11.01434],[34.65446,-11.01465],[34.65377,-11.01523],[34.65312,-11.01586],[34.65226,-11.01647],[34.65011,-11.01749],[34.64864,-11.0181],[34.64848,-11.01819],[34.64837,-11.01829],[34.64831,-11.01837],[34.64785,-11.01944],[34.64779,-11.01955],[34.64756,-11.01998],[34.64728,-11.02029],[34.64707,-11.02051]]},"properties":{"id":476703800,"cls":"secondary","hw":"secondary","tg":"na","name":"","ref":"","surface":"unpaved","sc":"unpaved","speed":null,"lit":"unk","km":23.946}},
{"type":"Feature","geometry":{"type":"LineString","coordinates":[[34.67437,-10.7298],[34.67415,-10.72996]]},"properties":{"id":476703801,"cls":"secondary","hw":"secondary","tg":"na","name":"","ref":"","surface":"unpaved","sc":"unpaved","speed":null,"lit":"unk","km":0.03}},
{"type":"Feature","geometry":{"type":"LineString","coordinates":[[34.65867,-10.67811],[34.65869,-10.67823]]},"properties":{"id":646702871,"cls":"secondary","hw":"secondary","tg":"na","name":"","ref":"","surface":"unpaved","sc":"unpaved","speed":null,"lit":"unk","km":0.014}},
{"type":"Feature","geometry":{"type":"LineString","coordinates":[[34.65869,-10.67823],[34.65878,-10.67874],[34.65883,-10.67891],[34.65891,-10.67906],[34.65917,-10.67948],[34.65945,-10.67997],[34.65955,-10.68021],[34.65963,-10.68055],[34.66001,-10.68276],[34.66018,-10.68387],[34.66026,-10.68431],[34.66036,-10.68476],[34.66038,-10.68496],[34.66038,-10.68509],[34.66039,-10.68525],[34.66044,-10.68541],[34.66051,-10.68563],[34.66059,-10.68596],[34.66062,-10.68606],[34.66075,-10.68634],[34.66084,-10.68669],[34.66084,-10.68696],[34.66084,-10.68744],[34.66074,-10.68803],[34.66043,-10.69007],[34.6603,-10.69093],[34.66026,-10.69114],[34.66025,-10.69136],[34.66031,-10.69158],[34.6604,-10.69175],[34.66051,-10.69194],[34.66064,-10.6921],[34.66099,-10.69243],[34.66121,-10.69268],[34.66128,-10.69277],[34.6613,-10.69282],[34.6613,-10.69288],[34.66125,-10.69292],[34.66116,-10.69295],[34.66104,-10.69294],[34.66092,-10.69293],[34.6608,-10.69283],[34.66072,-10.69274],[34.66064,-10.69267],[34.66056,-10.69262],[34.66045,-10.69262],[34.66037,-10.69265],[34.66031,-10.69273],[34.66025,-10.69289],[34.66026,-10.69308],[34.66026,-10.69313],[34.66021,-10.69318],[34.66013,-10.69317],[34.66003,-10.69308],[34.65972,-10.69285],[34.65962,-10.69283],[34.6595,-10.69285],[34.65941,-10.69293],[34.65938,-10.693],[34.65936,-10.69307],[34.65939,-10.69318],[34.65946,-10.6933],[34.65952,-10.6934],[34.65953,-10.69348],[34.65947,-10.69359],[34.65912,-10.69408],[34.65901,-10.69423],[34.65893,-10.6944],[34.65891,-10.69457],[34.65893,-10.6948],[34.65902,-10.69534],[34.65918,-10.69599],[34.65931,-10.6964],[34.65941,-10.6966],[34.65955,-10.69687],[34.65957,-10.69699],[34.65957,-10.69715],[34.65951,-10.69727],[34.65942,-10.69746],[34.65938,-10.69764],[34.65927,-10.69839],[34.65925,-10.69884],[34.65925,-10.69895],[34.65926,-10.69903],[34.65931,-10.69927],[34.65941,-10.69957],[34.65942,-10.69967],[34.65944,-10.70004],[34.65946,-10.70013],[34.65949,-10.7002],[34.65994,-10.70079],[34.65998,-10.70087],[34.66043,-10.70184],[34.66057,-10.70206],[34.66114,-10.7027],[34.66119,-10.70279],[34.66138,-10.70327],[34.66158,-10.70375],[34.66177,-10.70423],[34.66203,-10.70512],[34.66209,-10.70524],[34.66246,-10.70571],[34.66252,-10.70586],[34.66253,-10.70604],[34.66249,-10.7062],[34.66234,-10.70662],[34.66217,-10.70759],[34.66202,-10.70832],[34.66184,-10.70864],[34.66152,-10.70912],[34.66123,-10.70967],[34.66073,-10.71043],[34.66066,-10.71065],[34.66064,-10.71082],[34.66063,-10.71101],[34.66064,-10.71125],[34.66069,-10.71135],[34.661,-10.71186],[34.6614,-10.71255],[34.66145,-10.71273],[34.66148,-10.71293],[34.66152,-10.71315],[34.66211,-10.71484],[34.66228,-10.71523],[34.66245,-10.71559],[34.66264,-10.71587],[34.66373,-10.7172],[34.66417,-10.71779],[34.66514,-10.71915],[34.66539,-10.71937],[34.66565,-10.71954],[34.66593,-10.71961],[34.66747,-10.71973],[34.66761,-10.71975],[34.66802,-10.71983],[34.66816,-10.71987],[34.66883,-10.72009],[34.66893,-10.72014],[34.66901,-10.72022],[34.66908,-10.72034],[34.66945,-10.72112],[34.6697,-10.72165],[34.66986,-10.72208],[34.66995,-10.72237],[34.67,-10.72251],[34.67008,-10.7226],[34.67035,-10.72291],[34.6704,-10.72296],[34.67044,-10.72306],[34.67044,-10.7232],[34.67036,-10.7236],[34.67035,-10.72371],[34.67036,-10.72387],[34.6704,-10.72402],[34.67056,-10.72432],[34.67082,-10.72468],[34.67085,-10.72476],[34.67087,-10.72485],[34.67086,-10.72499],[34.67073,-10.72527],[34.67071,-10.72534],[34.67072,-10.7254],[34.67075,-10.72545],[34.67081,-10.72549],[34.67116,-10.72568],[34.67126,-10.72574],[34.67132,-10.72576],[34.67145,-10.72577],[34.67186,-10.7257],[34.67193,-10.7257],[34.67203,-10.72572],[34.67216,-10.72578],[34.67326,-10.72683],[34.67353,-10.72707],[34.67361,-10.72716],[34.67364,-10.7272],[34.67372,-10.72734],[34.67383,-10.72779],[34.67386,-10.72788],[34.6743,-10.72875],[34.67433,-10.72887],[34.67434,-10.72937],[34.6744,-10.72969],[34.67441,-10.72974],[34.6744,-10.72978],[34.67437,-10.7298]]},"properties":{"id":646702872,"cls":"secondary","hw":"secondary","tg":"na","name":"","ref":"","surface":"unpaved","sc":"unpaved","speed":null,"lit":"unk","km":7.025}},
{"type":"Feature","geometry":{"type":"LineString","coordinates":[[34.6833,-10.76826],[34.68319,-10.7685]]},"properties":{"id":646702873,"cls":"secondary","hw":"secondary","tg":"na","name":"","ref":"","surface":"unpaved","sc":"unpaved","speed":null,"lit":"unk","km":0.029}},
{"type":"Feature","geometry":{"type":"LineString","coordinates":[[34.67415,-10.72996],[34.67388,-10.73015],[34.67373,-10.73035],[34.67361,-10.73058],[34.67357,-10.7307],[34.67358,-10.73086],[34.67379,-10.73142],[34.67384,-10.73151],[34.6739,-10.73157],[34.67398,-10.73159],[34.67413,-10.73159],[34.67428,-10.73159],[34.67439,-10.73161],[34.67451,-10.73169],[34.67461,-10.73179],[34.67474,-10.73196],[34.67499,-10.73228],[34.6751,-10.73245],[34.67519,-10.7327],[34.67551,-10.73356],[34.67556,-10.73372],[34.67554,-10.73386],[34.67544,-10.7342],[34.67543,-10.73435],[34.67545,-10.73454],[34.67596,-10.73604],[34.67628,-10.73665],[34.67645,-10.73703],[34.67646,-10.73711],[34.67646,-10.73771],[34.67648,-10.73782],[34.67689,-10.73913],[34.67689,-10.73928],[34.67686,-10.73936],[34.67671,-10.73945],[34.67664,-10.73955],[34.6766,-10.73974],[34.67654,-10.74041],[34.67652,-10.74101],[34.67656,-10.74146],[34.67661,-10.74159],[34.6767,-10.7417],[34.67683,-10.74181],[34.67688,-10.74187],[34.6769,-10.74196],[34.67692,-10.74217],[34.67704,-10.74249],[34.67723,-10.74279],[34.67753,-10.74309],[34.67766,-10.74322],[34.67767,-10.74328],[34.67766,-10.74332],[34.67751,-10.74344],[34.67747,-10.7435],[34.67743,-10.7436],[34.67741,-10.74373],[34.67741,-10.74425],[34.67745,-10.74437],[34.67751,-10.74444],[34.6776,-10.74456],[34.67776,-10.74467],[34.67795,-10.74474],[34.67825,-10.74477],[34.6785,-10.74479],[34.67868,-10.74483],[34.67898,-10.74495],[34.67924,-10.7451],[34.67962,-10.74537],[34.67969,-10.74546],[34.68003,-10.74608],[34.6803,-10.74647],[34.68046,-10.74672],[34.68052,-10.74681],[34.68081,-10.74772],[34.68084,-10.74778],[34.68088,-10.74782],[34.68097,-10.74787],[34.68121,-10.74793],[34.68126,-10.74797],[34.6813,-10.74801],[34.68131,-10.74808],[34.68129,-10.74815],[34.68124,-10.74823],[34.68115,-10.74843],[34.68113,-10.74853],[34.68118,-10.74889],[34.68122,-10.74922],[34.68131,-10.74946],[34.68181,-10.75036],[34.68184,-10.75048],[34.68184,-10.75066],[34.68188,-10.75078],[34.68196,-10.75094],[34.68206,-10.75114],[34.68213,-10.75143],[34.68225,-10.75184],[34.68245,-10.7531],[34.68248,-10.75353],[34.6825,-10.75365],[34.68259,-10.75384],[34.68263,-10.75393],[34.68263,-10.75401],[34.68257,-10.75428],[34.68253,-10.75435],[34.68232,-10.75461],[34.68226,-10.75472],[34.68204,-10.75541],[34.68203,-10.7555],[34.68207,-10.75558],[34.68261,-10.75636],[34.68269,-10.75644],[34.6829,-10.75661],[34.68328,-10.7568],[34.68366,-10.75694],[34.68382,-10.75703],[34.68396,-10.75717],[34.68413,-10.75742],[34.68452,-10.75837],[34.68489,-10.75928],[34.68528,-10.76084],[34.68529,-10.76102],[34.68529,-10.76128],[34.68526,-10.76185],[34.68521,-10.76244],[34.68519,-10.76269],[34.68509,-10.7631],[34.68466,-10.76484],[34.6843,-10.76575],[34.6841,-10.76625],[34.6833,-10.76826]]},"properties":{"id":646702874,"cls":"secondary","hw":"secondary","tg":"na","name":"","ref":"","surface":"unpaved","sc":"unpaved","speed":null,"lit":"unk","km":4.914}},
{"type":"Feature","geometry":{"type":"LineString","coordinates":[[34.68441,-10.85629],[34.68417,-10.85634]]},"properties":{"id":646702875,"cls":"secondary","hw":"secondary","tg":"na","name":"","ref":"","surface":"unpaved","sc":"unpaved","speed":null,"lit":"unk","km":0.027}},
{"type":"Feature","geometry":{"type":"LineString","coordinates":[[34.68319,-10.7685],[34.68253,-10.77012],[34.68179,-10.77235],[34.68172,-10.77257],[34.681,-10.77422],[34.68043,-10.77544],[34.68018,-10.77621],[34.68012,-10.77644],[34.67975,-10.77785],[34.67967,-10.7781],[34.6795,-10.77852],[34.67924,-10.77902],[34.67893,-10.77942],[34.67772,-10.78094],[34.67697,-10.78195],[34.67683,-10.78219],[34.67677,-10.78233],[34.67666,-10.78258],[34.67631,-10.78358],[34.67604,-10.78427],[34.67556,-10.78524],[34.67548,-10.78548],[34.67545,-10.78568],[34.67543,-10.78599],[34.67543,-10.78606],[34.6754,-10.78613],[34.67522,-10.78636],[34.6752,-10.78645],[34.67522,-10.78655],[34.67532,-10.78673],[34.67538,-10.78687],[34.67542,-10.78705],[34.67546,-10.78729],[34.67556,-10.78807],[34.67555,-10.78825],[34.67533,-10.78936],[34.67495,-10.79028],[34.67489,-10.79052],[34.67486,-10.79082],[34.67485,-10.79101],[34.6749,-10.79117],[34.675,-10.79133],[34.67698,-10.79272],[34.67718,-10.79293],[34.67735,-10.79322],[34.67756,-10.79364],[34.67812,-10.79538],[34.6785,-10.79622],[34.67872,-10.79688],[34.67907,-10.79752],[34.67927,-10.79804],[34.67931,-10.79857],[34.67935,-10.79886],[34.67943,-10.79916],[34.67964,-10.80002],[34.67966,-10.80015],[34.67969,-10.80028],[34.67975,-10.80044],[34.67979,-10.80056],[34.67982,-10.80067],[34.67984,-10.80074],[34.67986,-10.80082],[34.67986,-10.8009],[34.67984,-10.80099],[34.67981,-10.8011],[34.67977,-10.80119],[34.67972,-10.80133],[34.67969,-10.80143],[34.67966,-10.80153],[34.67965,-10.80159],[34.67966,-10.80162],[34.67967,-10.80166],[34.67967,-10.80169],[34.67967,-10.80173],[34.67967,-10.80177],[34.67967,-10.80186],[34.67967,-10.80192],[34.67967,-10.80196],[34.67967,-10.80201],[34.67967,-10.80206],[34.67967,-10.80212],[34.67966,-10.80219],[34.67964,-10.80227],[34.67961,-10.80237],[34.67957,-10.80249],[34.67952,-10.80263],[34.67947,-10.8028],[34.67944,-10.80291],[34.67942,-10.80296],[34.67942,-10.80301],[34.67941,-10.80308],[34.6794,-10.80317],[34.6794,-10.80326],[34.67941,-10.80335],[34.67943,-10.80343],[34.67948,-10.80355],[34.67953,-10.80367],[34.67956,-10.80377],[34.67959,-10.80384],[34.67959,-10.8039],[34.6796,-10.80397],[34.6796,-10.80404],[34.6796,-10.80411],[34.67958,-10.80416],[34.67958,-10.80421],[34.67958,-10.80428],[34.67959,-10.80435],[34.6796,-10.80444],[34.67962,-10.80453],[34.67964,-10.8046],[34.67965,-10.80469],[34.67968,-10.80474],[34.67969,-10.8048],[34.6797,-10.80486],[34.67971,-10.80494],[34.67971,-10.805],[34.6797,-10.80507],[34.67969,-10.80513],[34.67968,-10.80521],[34.67966,-10.8053],[34.67963,-10.80539],[34.67962,-10.80546],[34.6796,-10.80555],[34.67957,-10.80566],[34.67955,-10.80575],[34.67952,-10.80583],[34.67949,-10.80589],[34.67947,-10.80596],[34.67943,-10.80604],[34.6794,-10.80613],[34.67937,-10.8062],[34.67936,-10.80626],[34.67935,-10.80632],[34.67934,-10.80639],[34.67935,-10.80646],[34.67935,-10.80657],[34.67936,-10.80668],[34.67937,-10.80679],[34.67938,-10.80688],[34.67938,-10.80694],[34.67939,-10.80701],[34.6794,-10.80708],[34.67941,-10.80714],[34.67945,-10.80726],[34.67951,-10.80736],[34.67957,-10.8075],[34.67965,-10.80765],[34.67972,-10.80778],[34.6798,-10.80792],[34.67987,-10.80806],[34.67992,-10.80814],[34.68,-10.80825],[34.68008,-10.80836],[34.68019,-10.80849],[34.68028,-10.80859],[34.68037,-10.80868],[34.68046,-10.80876],[34.68051,-10.80882],[34.68057,-10.8089],[34.68063,-10.80894],[34.68067,-10.80901],[34.68069,-10.80904],[34.6807,-10.80909],[34.6807,-10.80915],[34.68071,-10.80923],[34.68072,-10.80928],[34.68075,-10.80938],[34.68078,-10.80953],[34.68082,-10.80968],[34.68085,-10.80983],[34.68089,-10.80996],[34.68091,-10.81004],[34.68094,-10.81012],[34.681,-10.81027],[34.68105,-10.81041],[34.6811,-10.81055],[34.68115,-10.81065],[34.68119,-10.81075],[34.68123,-10.81083],[34.68128,-10.8109],[34.68132,-10.81097],[34.68134,-10.81105],[34.68136,-10.8111],[34.68138,-10.81116],[34.6814,-10.81128],[34.68141,-10.81134],[34.6814,-10.81144],[34.68138,-10.81154],[34.68133,-10.81162],[34.68128,-10.8117],[34.68125,-10.81175],[34.68123,-10.81178],[34.68123,-10.8118],[34.68123,-10.81186],[34.68125,-10.81192],[34.68126,-10.81198],[34.68127,-10.81207],[34.68128,-10.81214],[34.68128,-10.81224],[34.68129,-10.81233],[34.68128,-10.8124],[34.68126,-10.81248],[34.68125,-10.81255],[34.68123,-10.81263],[34.68122,-10.8127],[34.68122,-10.81278],[34.68122,-10.81287],[34.68122,-10.81295],[34.68124,-10.81307],[34.68125,-10.81318],[34.68127,-10.81329],[34.68128,-10.81339],[34.68133,-10.81355],[34.68137,-10.81367],[34.68141,-10.81378],[34.68144,-10.81389],[34.68146,-10.81398],[34.6815,-10.81412],[34.68154,-10.81427],[34.68157,-10.81439],[34.6816,-10.81451],[34.68163,-10.81461],[34.68166,-10.81473],[34.68167,-10.8148],[34.68169,-10.81488],[34.6817,-10.815],[34.68171,-10.81509],[34.68173,-10.81519],[34.68175,-10.8153],[34.68177,-10.81539],[34.68178,-10.81546],[34.68182,-10.81555],[34.68187,-10.81563],[34.68192,-10.81572],[34.68196,-10.81582],[34.682,-10.81594],[34.68203,-10.81602],[34.68205,-10.81612],[34.68207,-10.8162],[34.68208,-10.81631],[34.68208,-10.81641],[34.68209,-10.81654],[34.68209,-10.81661],[34.68209,-10.81669],[34.68208,-10.81678],[34.68207,-10.81687],[34.68206,-10.81695],[34.68202,-10.81703],[34.682,-10.81709],[34.68198,-10.81715],[34.68197,-10.8172],[34.68196,-10.81727],[34.68196,-10.81733],[34.68197,-10.81738],[34.68198,-10.81745],[34.682,-10.81752],[34.68202,-10.81762],[34.68206,-10.81774],[34.6821,-10.81785],[34.68215,-10.81796],[34.68219,-10.81806],[34.68224,-10.81814],[34.68228,-10.81822],[34.68231,-10.81831],[34.68234,-10.81842],[34.68237,-10.81853],[34.68241,-10.81866],[34.68247,-10.81881],[34.68255,-10.81901],[34.6826,-10.81917],[34.68264,-10.81932],[34.68269,-10.8195],[34.68272,-10.81966],[34.68277,-10.8198],[34.68281,-10.81992],[34.68284,-10.82001],[34.68288,-10.82005],[34.68292,-10.82013],[34.68302,-10.82028],[34.68314,-10.82044],[34.68328,-10.82065],[34.68341,-10.82084],[34.68354,-10.82101],[34.68366,-10.82119],[34.68375,-10.82131],[34.6838,-10.82138],[34.68386,-10.82147],[34.6839,-10.82153],[34.68394,-10.82162],[34.68397,-10.82171],[34.684,-10.82183],[34.68402,-10.82193],[34.68404,-10.82201],[34.68405,-10.82209],[34.68405,-10.82216],[34.68406,-10.82226],[34.68406,-10.82234],[34.68408,-10.82246],[34.68407,-10.82259],[34.68408,-10.82274],[34.68409,-10.8229],[34.68409,-10.82308],[34.6841,-10.82326],[34.6841,-10.82344],[34.68412,-10.82361],[34.68413,-10.82385],[34.68415,-10.82401],[34.68418,-10.82418],[34.68425,-10.82439],[34.68431,-10.82456],[34.68435,-10.82474],[34.68447,-10.82507],[34.68473,-10.82576],[34.68479,-10.82596],[34.68481,-10.82613],[34.6848,-10.82626],[34.68474,-10.82647],[34.68469,-10.82664],[34.68464,-10.82679],[34.68456,-10.82699],[34.68444,-10.82728],[34.68438,-10.82744],[34.68433,-10.82758],[34.68425,-10.82777],[34.68414,-10.82798],[34.68408,-10.82819],[34.684,-10.82846],[34.68395,-10.82869],[34.68388,-10.82903],[34.68379,-10.82937],[34.68369,-10.82974],[34.68356,-10.83012],[34.68347,-10.83045],[34.68335,-10.83085],[34.68325,-10.83108],[34.68313,-10.83137],[34.68305,-10.83158],[34.68301,-10.83171],[34.68298,-10.83181],[34.68295,-10.83196],[34.68293,-10.8321],[34.68286,-10.83245],[34.68277,-10.83284],[34.68269,-10.83318],[34.68263,-10.83343],[34.68256,-10.83372],[34.68248,-10.83396],[34.68243,-10.83411],[34.6824,-10.83421],[34.68238,-10.83429],[34.68238,-10.83437],[34.68238,-10.83448],[34.68237,-10.83512],[34.68234,-10.83572],[34.68231,-10.83695],[34.6823,-10.83734],[34.68228,-10.83773],[34.68223,-10.83854],[34.6822,-10.83899],[34.68217,-10.83941],[34.68217,-10.83963],[34.68216,-10.83982],[34.68217,-10.8401],[34.68216,-10.8404],[34.68217,-10.84075],[34.6822,-10.84111],[34.68221,-10.84148],[34.68222,-10.84177],[34.68222,-10.84183],[34.68225,-10.84208],[34.68226,-10.84227],[34.68227,-10.84251],[34.68227,-10.8427],[34.68227,-10.84345],[34.68227,-10.84407],[34.68227,-10.84454],[34.68227,-10.84478],[34.68227,-10.84499],[34.68224,-10.84543],[34.68222,-10.8456],[34.6822,-10.84587],[34.68217,-10.84622],[34.68215,-10.84648],[34.68208,-10.84734],[34.68205,-10.84777],[34.68202,-10.84818],[34.68198,-10.84866],[34.68197,-10.84891],[34.68195,-10.84919],[34.68193,-10.84945],[34.68191,-10.84968],[34.68191,-10.84993],[34.6819,-10.85023],[34.68187,-10.85066],[34.68185,-10.85124],[34.68183,-10.85154],[34.68184,-10.85169],[34.68186,-10.85185],[34.68197,-10.8521],[34.68215,-10.85243],[34.68225,-10.85259],[34.68237,-10.85275],[34.68253,-10.85288],[34.68301,-10.85303],[34.68356,-10.8532],[34.68367,-10.85325],[34.68382,-10.85339],[34.68422,-10.85393],[34.68441,-10.85418],[34.68464,-10.85443],[34.68499,-10.85468],[34.68512,-10.85481],[34.68517,-10.85493],[34.68514,-10.85519],[34.68503,-10.85577],[34.68496,-10.85597],[34.68485,-10.85612],[34.68469,-10.85622],[34.68441,-10.85629]]},"properties":{"id":646702876,"cls":"secondary","hw":"secondary","tg":"na","name":"","ref":"","surface":"unpaved","sc":"unpaved","speed":null,"lit":"unk","km":10.59}},
{"type":"Feature","geometry":{"type":"LineString","coordinates":[[34.63495,-10.6256],[34.63507,-10.62571]]},"properties":{"id":646738646,"cls":"secondary","hw":"secondary","tg":"na","name":"","ref":"","surface":"unpaved","sc":"unpaved","speed":null,"lit":"unk","km":0.018}},
{"type":"Feature","geometry":{"type":"LineString","coordinates":[[34.61862,-10.54563],[34.61859,-10.54616],[34.61861,-10.5464],[34.61865,-10.54687],[34.61866,-10.54712],[34.61865,-10.54729],[34.61863,-10.54753],[34.61861,-10.54771],[34.61861,-10.54789],[34.61862,-10.54872],[34.61869,-10.54909],[34.6188,-10.54952],[34.61903,-10.55029],[34.61914,-10.55054],[34.61929,-10.55083],[34.61964,-10.55126],[34.61975,-10.55138],[34.61995,-10.55159],[34.62027,-10.55184],[34.62065,-10.55205],[34.62101,-10.5522],[34.62232,-10.55276],[34.62246,-10.55286],[34.62261,-10.55302],[34.6239,-10.55491],[34.62448,-10.55576],[34.62462,-10.55606],[34.62468,-10.55634],[34.62473,-10.557],[34.62476,-10.55722],[34.62601,-10.56077],[34.62696,-10.56282],[34.62739,-10.56397],[34.62752,-10.56426],[34.62772,-10.56456],[34.62869,-10.56564],[34.62902,-10.56598],[34.63033,-10.56704],[34.63067,-10.5674],[34.63128,-10.5683],[34.63144,-10.56854],[34.63148,-10.56868],[34.63156,-10.5693],[34.63157,-10.57025],[34.63155,-10.57044],[34.6312,-10.57235],[34.63118,-10.57254],[34.6312,-10.57269],[34.6316,-10.575],[34.63166,-10.57589],[34.63168,-10.57669],[34.63224,-10.57991],[34.63224,-10.58004],[34.63222,-10.58016],[34.63186,-10.58072],[34.63162,-10.58121],[34.63152,-10.58143],[34.63123,-10.58231],[34.63068,-10.58437],[34.63046,-10.58509],[34.63033,-10.58546],[34.63001,-10.5863],[34.62903,-10.58874],[34.62858,-10.58987],[34.628,-10.59172],[34.62796,-10.59196],[34.62796,-10.59218],[34.62795,-10.59227],[34.62789,-10.59238],[34.6277,-10.59267],[34.62769,-10.59286],[34.62771,-10.59298],[34.62769,-10.59309],[34.62757,-10.59338],[34.62746,-10.59368],[34.62745,-10.59395],[34.62748,-10.59423],[34.62758,-10.59448],[34.62771,-10.59468],[34.62781,-10.59486],[34.62783,-10.595],[34.62784,-10.59524],[34.62791,-10.59568],[34.62798,-10.59586],[34.62802,-10.59598],[34.628,-10.5962],[34.62798,-10.5964],[34.62792,-10.59657],[34.62766,-10.59713],[34.62756,-10.59737],[34.62754,-10.59761],[34.62749,-10.59841],[34.62744,-10.59854],[34.62698,-10.59924],[34.62691,-10.59943],[34.62686,-10.59965],[34.62687,-10.59985],[34.62685,-10.59995],[34.62676,-10.60018],[34.62672,-10.60034],[34.62672,-10.60059],[34.62698,-10.60125],[34.62705,-10.60146],[34.62711,-10.60158],[34.62717,-10.60163],[34.62724,-10.60167],[34.62768,-10.60173],[34.62786,-10.60179],[34.62831,-10.60199],[34.6284,-10.60204],[34.62844,-10.60213],[34.62845,-10.60223],[34.62841,-10.60234],[34.62832,-10.60253],[34.62767,-10.60335],[34.6271,-10.60392],[34.62696,-10.60403],[34.62687,-10.60407],[34.62641,-10.60415],[34.62611,-10.60424],[34.6259,-10.60434],[34.62579,-10.60445],[34.62568,-10.60467],[34.62564,-10.60481],[34.62559,-10.60508],[34.62556,-10.60614],[34.62556,-10.60682],[34.62554,-10.60702],[34.62547,-10.60721],[34.62537,-10.60745],[34.62531,-10.6076],[34.62508,-10.60792],[34.62485,-10.6082],[34.62465,-10.60845],[34.62448,-10.60872],[34.62426,-10.60912],[34.62385,-10.60995],[34.62379,-10.61012],[34.62377,-10.61029],[34.62379,-10.61048],[34.62388,-10.61109],[34.62389,-10.61132],[34.62386,-10.61148],[34.62385,-10.61164],[34.62387,-10.61179],[34.62389,-10.61186],[34.62392,-10.61192],[34.62411,-10.61201],[34.62436,-10.6121],[34.62443,-10.61218],[34.62449,-10.6123],[34.62451,-10.61245],[34.6245,-10.61262],[34.62444,-10.6127],[34.62434,-10.61276],[34.62396,-10.61282],[34.62371,-10.61288],[34.62349,-10.61302],[34.62341,-10.61311],[34.62336,-10.61325],[34.62338,-10.61342],[34.62355,-10.61393],[34.62371,-10.6142],[34.62387,-10.61452],[34.62404,-10.61475],[34.62412,-10.61482],[34.62424,-10.61487],[34.62512,-10.61519],[34.62555,-10.6153],[34.62571,-10.61537],[34.62593,-10.61546],[34.62617,-10.61559],[34.62648,-10.61581],[34.62761,-10.61666],[34.6285,-10.61728],[34.62886,-10.61752],[34.62909,-10.61768],[34.62934,-10.61781],[34.63069,-10.61844],[34.63081,-10.61855],[34.63089,-10.61866],[34.63092,-10.6189],[34.63083,-10.61939],[34.63069,-10.62001],[34.63069,-10.62015],[34.63072,-10.62032],[34.63085,-10.62056],[34.63096,-10.62074],[34.63113,-10.62092],[34.63167,-10.6213],[34.6318,-10.62142],[34.63195,-10.62159],[34.63225,-10.62209],[34.63238,-10.62225],[34.6326,-10.62246],[34.6332,-10.62295],[34.63334,-10.62309],[34.63355,-10.6233],[34.63368,-10.62344],[34.63385,-10.6237],[34.63399,-10.62402],[34.63413,-10.62435],[34.63425,-10.62467],[34.63439,-10.62487],[34.63462,-10.62518],[34.63495,-10.6256]]},"properties":{"id":646738650,"cls":"secondary","hw":"secondary","tg":"na","name":"","ref":"","surface":"unpaved","sc":"unpaved","speed":null,"lit":"unk","km":10.625}},
{"type":"Feature","geometry":{"type":"LineString","coordinates":[[34.57997,-10.53709],[34.58041,-10.53702],[34.58072,-10.53697],[34.58093,-10.53694],[34.58106,-10.53695],[34.5812,-10.537],[34.58134,-10.53709],[34.58152,-10.53724],[34.58173,-10.53739],[34.58187,-10.53746],[34.58201,-10.53749],[34.58224,-10.53751],[34.5827,-10.53753],[34.58327,-10.53751],[34.58337,-10.5375],[34.58345,-10.53746],[34.58353,-10.53741],[34.58409,-10.53702],[34.58436,-10.53676],[34.58444,-10.53671],[34.58465,-10.53664],[34.58473,-10.5366],[34.58486,-10.53653],[34.58495,-10.5365],[34.58511,-10.53648],[34.58526,-10.53647],[34.58575,-10.53635],[34.58587,-10.53632],[34.58596,-10.53632],[34.58604,-10.53633],[34.58671,-10.53657],[34.58742,-10.53688],[34.58776,-10.537],[34.58792,-10.53704],[34.58823,-10.5372],[34.58837,-10.53726],[34.58845,-10.53731],[34.5886,-10.53749],[34.58895,-10.53787],[34.58951,-10.53836],[34.58973,-10.5385],[34.58985,-10.53855],[34.59008,-10.53856],[34.59022,-10.53855],[34.59033,-10.53853],[34.59047,-10.53852],[34.59062,-10.53854],[34.59086,-10.53858],[34.59104,-10.53865],[34.59126,-10.53873],[34.5915,-10.5388],[34.5916,-10.53884],[34.59173,-10.53893],[34.59184,-10.53902],[34.59193,-10.53907],[34.59204,-10.53909],[34.59216,-10.5391],[34.59228,-10.53914],[34.59249,-10.53925],[34.59297,-10.53953],[34.5933,-10.53971],[34.59342,-10.53976],[34.59355,-10.53979],[34.59373,-10.53981],[34.59388,-10.53986],[34.59394,-10.53992],[34.59412,-10.54033],[34.59417,-10.54042],[34.59452,-10.54088],[34.59515,-10.54157],[34.59524,-10.54164],[34.59538,-10.54169],[34.59559,-10.54174],[34.59634,-10.54191],[34.59657,-10.54192],[34.59681,-10.54189],[34.59759,-10.54173],[34.59792,-10.54163],[34.59819,-10.54153],[34.59833,-10.54148],[34.59856,-10.54143],[34.5987,-10.54139],[34.59896,-10.5413],[34.59905,-10.54128],[34.59961,-10.54123],[34.59982,-10.54123],[34.59997,-10.54121],[34.60016,-10.54115],[34.60054,-10.54099],[34.60079,-10.54088],[34.60105,-10.54064],[34.60119,-10.54056],[34.60172,-10.54035],[34.60183,-10.54028],[34.6019,-10.54021],[34.60197,-10.54017],[34.60203,-10.54017],[34.6021,-10.54017],[34.6022,-10.54016],[34.60251,-10.54006],[34.60264,-10.54003],[34.60275,-10.54002],[34.60281,-10.54004],[34.60302,-10.5402],[34.60339,-10.54051],[34.60353,-10.54071],[34.60361,-10.54085],[34.60465,-10.54165],[34.60511,-10.54192],[34.60532,-10.54204],[34.60684,-10.5428],[34.60858,-10.54373],[34.60882,-10.54386],[34.60983,-10.54439],[34.61029,-10.54448],[34.6108,-10.54456],[34.61101,-10.54457],[34.61122,-10.54453],[34.61192,-10.54438],[34.61238,-10.54429],[34.61268,-10.54427],[34.61315,-10.54431],[34.61345,-10.54442],[34.6143,-10.54473],[34.61542,-10.54515],[34.61556,-10.54519],[34.61576,-10.54519],[34.61653,-10.54529],[34.61683,-10.54535],[34.61704,-10.5454],[34.61725,-10.5455],[34.61733,-10.54556],[34.61738,-10.54563],[34.61837,-10.54522],[34.61874,-10.5451]]},"properties":{"id":654633888,"cls":"unclassified","hw":"unclassified","tg":"na","name":"","ref":"","surface":"","sc":"unknown","speed":null,"lit":"unk","km":4.748}},
{"type":"Feature","geometry":{"type":"LineString","coordinates":[[34.62672,-10.60059],[34.62704,-10.60056],[34.62721,-10.60049],[34.62777,-10.60021],[34.62785,-10.60017],[34.62792,-10.60017],[34.62805,-10.60019],[34.62809,-10.60021],[34.62821,-10.60028],[34.62824,-10.60029],[34.62829,-10.60028],[34.62838,-10.60018],[34.62842,-10.60016],[34.62848,-10.60015],[34.62919,-10.60016],[34.62929,-10.60014],[34.62943,-10.60009],[34.62947,-10.60009],[34.62954,-10.60009],[34.62976,-10.60015],[34.63037,-10.60055],[34.63042,-10.60058],[34.63049,-10.60059],[34.63174,-10.60032],[34.63182,-10.60032],[34.63188,-10.60034],[34.63196,-10.60041],[34.63221,-10.60079],[34.6323,-10.60085],[34.63241,-10.60086],[34.6332,-10.60071],[34.63336,-10.60071],[34.63349,-10.6007],[34.63358,-10.60065],[34.63386,-10.6004],[34.63401,-10.60032],[34.63446,-10.60008],[34.63455,-10.60005],[34.63503,-10.60006],[34.63522,-10.60003],[34.63575,-10.59989],[34.63644,-10.59953],[34.63669,-10.59935],[34.63684,-10.59929],[34.63704,-10.59927],[34.63713,-10.59931],[34.63722,-10.59939],[34.63762,-10.59978],[34.63787,-10.59993],[34.63986,-10.60026],[34.64009,-10.60026],[34.64032,-10.60019],[34.64069,-10.60005],[34.64081,-10.60004],[34.64121,-10.60013],[34.64138,-10.60025],[34.64148,-10.60037],[34.64297,-10.6019],[34.64314,-10.60201],[34.64372,-10.60222],[34.64375,-10.60224],[34.64379,-10.60228],[34.64388,-10.60239],[34.64393,-10.60242],[34.64475,-10.60279],[34.6455,-10.60332],[34.64584,-10.60346],[34.64599,-10.60355],[34.64611,-10.60356],[34.64621,-10.60353],[34.6463,-10.60343],[34.64632,-10.60328],[34.64639,-10.60243],[34.64642,-10.60224],[34.64658,-10.60184],[34.64699,-10.60136],[34.6471,-10.60114],[34.64726,-10.60066],[34.64774,-10.5999],[34.64775,-10.59978],[34.64778,-10.59946],[34.6478,-10.59938],[34.64793,-10.59892],[34.64795,-10.59891],[34.64797,-10.59891],[34.64814,-10.59901],[34.64828,-10.59903],[34.64855,-10.59914],[34.64865,-10.59917],[34.64875,-10.59916],[34.64883,-10.59915],[34.64891,-10.59917],[34.64922,-10.59934],[34.6497,-10.59943],[34.64996,-10.5994],[34.65026,-10.59934],[34.65044,-10.59931],[34.65067,-10.59935],[34.65085,-10.59936],[34.651,-10.59933],[34.65146,-10.59936],[34.65208,-10.59954],[34.65275,-10.59967],[34.65311,-10.59973],[34.65341,-10.59969],[34.65376,-10.59963],[34.65386,-10.59962],[34.65394,-10.59965],[34.65401,-10.59971],[34.6541,-10.59973],[34.65422,-10.5998],[34.65438,-10.59991],[34.6546,-10.59999],[34.65466,-10.6],[34.65471,-10.59998],[34.65547,-10.59938],[34.65693,-10.59768],[34.65728,-10.59725],[34.65784,-10.59626],[34.65795,-10.59612],[34.658,-10.59602],[34.65803,-10.5959],[34.65805,-10.59571],[34.65808,-10.59562],[34.65817,-10.59549],[34.65828,-10.5953],[34.65831,-10.59515],[34.65842,-10.59473],[34.65847,-10.59444],[34.65846,-10.59415],[34.65834,-10.59375],[34.65834,-10.59306],[34.6584,-10.59269],[34.65873,-10.59182],[34.65915,-10.59117],[34.65979,-10.59028],[34.66037,-10.5894],[34.66067,-10.58861],[34.66111,-10.58785],[34.66127,-10.58771],[34.66147,-10.58762],[34.66175,-10.58756],[34.66228,-10.58758],[34.66243,-10.58755],[34.66259,-10.58739],[34.66293,-10.58687],[34.66293,-10.58684],[34.66294,-10.58682],[34.66296,-10.58681],[34.663,-10.5868],[34.66306,-10.58679],[34.66313,-10.58676],[34.66339,-10.58664],[34.66379,-10.58642],[34.6641,-10.58637],[34.66423,-10.58632],[34.66465,-10.58612],[34.66526,-10.58567],[34.66576,-10.58527],[34.66598,-10.58515],[34.66614,-10.58498],[34.66622,-10.58477],[34.66629,-10.58457],[34.66639,-10.58442],[34.66717,-10.58336],[34.66721,-10.58319],[34.66729,-10.58245],[34.66741,-10.5816],[34.66751,-10.58119],[34.66753,-10.58097],[34.6675,-10.58075],[34.6675,-10.58055],[34.66762,-10.5803],[34.66792,-10.57994],[34.6685,-10.57937],[34.66872,-10.57911],[34.66885,-10.57876],[34.66894,-10.57865],[34.66946,-10.57818],[34.66968,-10.57779],[34.67085,-10.57625],[34.67107,-10.57609],[34.67155,-10.57565],[34.67162,-10.5756],[34.67172,-10.57557],[34.67188,-10.57555],[34.67198,-10.57551],[34.67225,-10.57537],[34.67232,-10.57536],[34.67245,-10.57535],[34.67255,-10.57532],[34.67313,-10.57506],[34.67357,-10.5749],[34.67408,-10.57475],[34.67445,-10.5746],[34.67459,-10.5745],[34.67555,-10.57399],[34.67597,-10.57378],[34.6761,-10.57372],[34.67631,-10.57349]]},"properties":{"id":654648725,"cls":"unclassified","hw":"unclassified","tg":"na","name":"","ref":"","surface":"","sc":"unknown","speed":null,"lit":"unk","km":7.8}},
{"type":"Feature","geometry":{"type":"LineString","coordinates":[[34.63311,-10.99659],[34.63325,-10.9965],[34.63328,-10.99646],[34.63331,-10.99639],[34.63334,-10.99615],[34.63338,-10.99603],[34.63352,-10.9958],[34.63368,-10.99559],[34.6337,-10.99555],[34.63386,-10.99488],[34.63396,-10.99468],[34.63408,-10.99436],[34.63458,-10.99341],[34.63474,-10.9931],[34.63493,-10.99276],[34.63539,-10.99227],[34.63572,-10.9917],[34.63626,-10.99101],[34.63641,-10.99073],[34.63651,-10.99038],[34.63653,-10.99017],[34.63673,-10.98958],[34.63685,-10.98933],[34.63697,-10.98913],[34.63719,-10.98895],[34.63739,-10.98877],[34.63762,-10.9882],[34.63779,-10.98777],[34.63776,-10.98704],[34.63775,-10.98682],[34.6376,-10.98618],[34.63753,-10.98593],[34.63748,-10.98574],[34.6375,-10.9855],[34.63767,-10.98498],[34.63769,-10.98486],[34.63769,-10.98475],[34.63767,-10.98457],[34.63764,-10.98442],[34.63764,-10.98425],[34.63768,-10.98409],[34.63778,-10.98391],[34.63795,-10.98365],[34.63806,-10.9833],[34.63816,-10.98304],[34.63821,-10.98287],[34.63826,-10.98274],[34.63832,-10.98263],[34.6384,-10.98253],[34.63845,-10.98246],[34.63849,-10.98239],[34.63849,-10.98235],[34.63853,-10.98197],[34.63863,-10.98146],[34.63881,-10.98083],[34.63886,-10.98042],[34.63902,-10.97969],[34.63912,-10.97945],[34.63928,-10.97933],[34.63948,-10.97923],[34.63983,-10.97917],[34.64021,-10.97905],[34.64057,-10.97898],[34.64069,-10.97894],[34.64075,-10.97888],[34.64077,-10.97879],[34.64092,-10.97828],[34.64107,-10.97787],[34.64123,-10.97745],[34.64138,-10.97696],[34.64152,-10.97654],[34.64162,-10.97606],[34.64171,-10.97574],[34.64186,-10.97551],[34.64226,-10.97516],[34.64272,-10.97473],[34.64283,-10.97463],[34.64305,-10.97448],[34.64374,-10.97407],[34.6444,-10.9737],[34.64466,-10.97342]]},"properties":{"id":654849766,"cls":"residential","hw":"residential","tg":"na","name":"","ref":"","surface":"","sc":"unknown","speed":null,"lit":"unk","km":3.062}},
{"type":"Feature","geometry":{"type":"LineString","coordinates":[[34.63276,-10.99389],[34.63286,-10.99448],[34.63306,-10.99633],[34.63311,-10.99659],[34.63312,-10.99663],[34.63313,-10.99676],[34.63314,-10.99706],[34.6331,-10.99726],[34.63304,-10.99758],[34.63298,-10.9978],[34.63288,-10.99803],[34.63275,-10.99822],[34.6327,-10.99828],[34.63268,-10.99831],[34.63267,-10.99836],[34.63271,-10.99867],[34.63274,-10.99897],[34.63278,-10.99928],[34.63283,-10.99947],[34.63287,-10.99969],[34.63293,-10.99998],[34.633,-11.0001],[34.63306,-11.00026],[34.63309,-11.00044],[34.63315,-11.00114],[34.63331,-11.00189],[34.63369,-11.00333],[34.63373,-11.00342],[34.63447,-11.00407],[34.63511,-11.00462],[34.63535,-11.0048],[34.63587,-11.00499],[34.63599,-11.00506],[34.63611,-11.00517],[34.63664,-11.00599],[34.63684,-11.00629],[34.63687,-11.00635],[34.63688,-11.00649],[34.63686,-11.00675],[34.63666,-11.00729],[34.6365,-11.00774],[34.63644,-11.00807],[34.63643,-11.00819],[34.63639,-11.00853],[34.63635,-11.00863],[34.63613,-11.00908],[34.6361,-11.00921],[34.63608,-11.00933],[34.63611,-11.00971],[34.63618,-11.01059],[34.63619,-11.01064],[34.63637,-11.01137],[34.63646,-11.01154],[34.63706,-11.01229],[34.63738,-11.01268],[34.63766,-11.01293],[34.63805,-11.01315],[34.63838,-11.01334],[34.63865,-11.01351],[34.63886,-11.01371],[34.63907,-11.01397],[34.63913,-11.01411],[34.63915,-11.01413],[34.63966,-11.01542],[34.6399,-11.01602],[34.64034,-11.01655],[34.64051,-11.01673],[34.64143,-11.0173],[34.6424,-11.01778],[34.64294,-11.01815],[34.64343,-11.01866],[34.64411,-11.01951],[34.64472,-11.02025],[34.64531,-11.02123],[34.64547,-11.0216],[34.6457,-11.02212],[34.64595,-11.02291]]},"properties":{"id":654849768,"cls":"tertiary","hw":"tertiary","tg":"na","name":"","ref":"","surface":"","sc":"unknown","speed":null,"lit":"unk","km":3.854}},
{"type":"Feature","geometry":{"type":"LineString","coordinates":[[34.66565,-10.71954],[34.66625,-10.72019],[34.66631,-10.72033],[34.6663,-10.72041],[34.66627,-10.72047],[34.66624,-10.72049],[34.6662,-10.7205],[34.66555,-10.72063],[34.66541,-10.72063],[34.66506,-10.72061],[34.66477,-10.72057],[34.66464,-10.72053],[34.66343,-10.72013],[34.66324,-10.7201],[34.6627,-10.72001],[34.66053,-10.71977],[34.66007,-10.71968],[34.65999,-10.71968],[34.65989,-10.71967],[34.65981,-10.71964],[34.65971,-10.71957],[34.65961,-10.71949],[34.65945,-10.71924],[34.65923,-10.71897],[34.65898,-10.71863],[34.65873,-10.71801],[34.65872,-10.71799],[34.65873,-10.71798],[34.65875,-10.71796],[34.65875,-10.71795],[34.65875,-10.71795],[34.65875,-10.71794],[34.6587,-10.71787],[34.65867,-10.71785],[34.65856,-10.71773],[34.65837,-10.71747],[34.65822,-10.7172],[34.65796,-10.71682],[34.6578,-10.71653],[34.65767,-10.71632],[34.65746,-10.71612],[34.65714,-10.71574],[34.65687,-10.7155],[34.65676,-10.71545],[34.65619,-10.71537],[34.65602,-10.71535],[34.65585,-10.7153],[34.65572,-10.71525],[34.6556,-10.7152],[34.65527,-10.71503],[34.65507,-10.71493],[34.6549,-10.71479],[34.65439,-10.71435],[34.65429,-10.71417],[34.65414,-10.71384],[34.6541,-10.71379],[34.65407,-10.71374],[34.65405,-10.7137],[34.65399,-10.71366],[34.65384,-10.71357],[34.65384,-10.71357],[34.65384,-10.71356],[34.65383,-10.71352],[34.65382,-10.71351],[34.65381,-10.71349],[34.65371,-10.7135],[34.65369,-10.7135],[34.65357,-10.71339],[34.65341,-10.71325],[34.65338,-10.71324],[34.65336,-10.71324],[34.65323,-10.71324],[34.65317,-10.71324],[34.65308,-10.7132],[34.65302,-10.71318],[34.65261,-10.71281],[34.65237,-10.71263],[34.65204,-10.71236],[34.65173,-10.7121],[34.65169,-10.71208],[34.65163,-10.71207],[34.65158,-10.71208],[34.65153,-10.7121],[34.6515,-10.7121],[34.65145,-10.7121],[34.65108,-10.71197]]},"properties":{"id":655866037,"cls":"residential","hw":"residential","tg":"na","name":"","ref":"","surface":"","sc":"unknown","speed":null,"lit":"unk","km":2.207}},
{"type":"Feature","geometry":{"type":"LineString","coordinates":[[34.66697,-10.7041],[34.66694,-10.70411],[34.66675,-10.70412],[34.66663,-10.70409],[34.66651,-10.70399],[34.66646,-10.7039],[34.66632,-10.70355],[34.66628,-10.7035],[34.66624,-10.70349],[34.66618,-10.70349],[34.66571,-10.70388],[34.66565,-10.70389]]},"properties":{"id":655866038,"cls":"residential","hw":"residential","tg":"na","name":"","ref":"","surface":"","sc":"unknown","speed":null,"lit":"unk","km":0.2}},
{"type":"Feature","geometry":{"type":"LineString","coordinates":[[34.66565,-10.70389],[34.66559,-10.70389],[34.66525,-10.70379],[34.66518,-10.70378],[34.66504,-10.70379],[34.66498,-10.7038],[34.66456,-10.70402],[34.66448,-10.70405],[34.66421,-10.7041],[34.66362,-10.70413],[34.66353,-10.70413],[34.66313,-10.70404],[34.66306,-10.70404],[34.66301,-10.70405],[34.66286,-10.70408],[34.66205,-10.7042],[34.66177,-10.70423]]},"properties":{"id":655866039,"cls":"residential","hw":"residential","tg":"na","name":"","ref":"","surface":"","sc":"unknown","speed":null,"lit":"unk","km":0.436}},
{"type":"Feature","geometry":{"type":"LineString","coordinates":[[34.66064,-10.71125],[34.66052,-10.71109],[34.66048,-10.71102],[34.6603,-10.71062],[34.66022,-10.71031],[34.66018,-10.71023],[34.66008,-10.71004],[34.65987,-10.70979],[34.65934,-10.70918],[34.65891,-10.70878],[34.65853,-10.70825],[34.65825,-10.70793],[34.65818,-10.70788],[34.65722,-10.70726],[34.65715,-10.70723],[34.65703,-10.7072],[34.6568,-10.70721],[34.65662,-10.70724],[34.65654,-10.70725],[34.65648,-10.70729],[34.65624,-10.70748],[34.65617,-10.70753],[34.65606,-10.70758],[34.65594,-10.70762],[34.65583,-10.70763],[34.65495,-10.70765],[34.65482,-10.70765],[34.65478,-10.70766],[34.65471,-10.7077],[34.65466,-10.70772],[34.65459,-10.70772],[34.65407,-10.70777],[34.65364,-10.70783],[34.65333,-10.70792]]},"properties":{"id":655866040,"cls":"residential","hw":"residential","tg":"na","name":"","ref":"","surface":"","sc":"unknown","speed":null,"lit":"unk","km":1.036}},
{"type":"Feature","geometry":{"type":"LineString","coordinates":[[34.66202,-10.69911],[34.6625,-10.69958],[34.66254,-10.69959],[34.66259,-10.69958],[34.66291,-10.69948],[34.66303,-10.69948],[34.66398,-10.69959],[34.66412,-10.69965],[34.66456,-10.70002],[34.66481,-10.70038],[34.66482,-10.7004],[34.66482,-10.70043],[34.66482,-10.70048],[34.66482,-10.70053],[34.66493,-10.70077],[34.66516,-10.7011],[34.66522,-10.70113],[34.66554,-10.70119],[34.66563,-10.70122],[34.66624,-10.70169],[34.66672,-10.70221],[34.66697,-10.7027],[34.66703,-10.70295],[34.66705,-10.70307],[34.66701,-10.7037],[34.667,-10.70378],[34.66699,-10.70407],[34.66698,-10.70409],[34.66697,-10.7041]]},"properties":{"id":655866041,"cls":"residential","hw":"residential","tg":"na","name":"","ref":"","surface":"","sc":"unknown","speed":null,"lit":"unk","km":0.892}},
{"type":"Feature","geometry":{"type":"LineString","coordinates":[[34.66177,-10.70423],[34.66129,-10.70436],[34.66123,-10.70437],[34.66115,-10.70436],[34.6611,-10.70435],[34.66065,-10.70417],[34.66059,-10.70417],[34.66033,-10.7042],[34.66023,-10.70422],[34.66014,-10.70424],[34.66007,-10.70428],[34.66001,-10.70433],[34.65997,-10.70438],[34.65993,-10.70445],[34.65979,-10.7046],[34.65965,-10.70475],[34.65954,-10.70483],[34.65931,-10.70494],[34.6592,-10.70497],[34.65905,-10.70498],[34.65892,-10.70494],[34.65882,-10.70486],[34.65866,-10.70464],[34.65857,-10.70455],[34.65847,-10.70449],[34.65837,-10.70446],[34.65816,-10.70441],[34.65811,-10.70439],[34.65804,-10.70434],[34.65792,-10.70429],[34.65695,-10.70401],[34.65677,-10.70395],[34.65655,-10.70389],[34.65645,-10.70389],[34.65635,-10.70391],[34.65626,-10.70396],[34.65611,-10.7041],[34.6557,-10.70458]]},"properties":{"id":655866042,"cls":"residential","hw":"residential","tg":"na","name":"","ref":"","surface":"","sc":"unknown","speed":null,"lit":"unk","km":0.768}},
{"type":"Feature","geometry":{"type":"LineString","coordinates":[[34.66822,-10.71955],[34.66835,-10.7191],[34.66838,-10.71906],[34.6686,-10.71885],[34.66864,-10.71878],[34.66869,-10.71858],[34.66867,-10.7183],[34.66861,-10.71815]]},"properties":{"id":655875251,"cls":"unclassified","hw":"unclassified","tg":"na","name":"","ref":"","surface":"","sc":"unknown","speed":null,"lit":"unk","km":0.172}},
{"type":"Feature","geometry":{"type":"LineString","coordinates":[[34.66861,-10.71815],[34.66863,-10.718],[34.66864,-10.71798],[34.66865,-10.71797],[34.66936,-10.71738],[34.66946,-10.71727],[34.67036,-10.71599],[34.67041,-10.71594],[34.67104,-10.71557],[34.67144,-10.71523],[34.67191,-10.71488],[34.67198,-10.71486],[34.67207,-10.71484],[34.67245,-10.71485],[34.67251,-10.71487],[34.67264,-10.71491],[34.67283,-10.71493],[34.67327,-10.7149],[34.67346,-10.71486],[34.67368,-10.71476],[34.6742,-10.71429],[34.6744,-10.71409],[34.6745,-10.71398],[34.6747,-10.71374],[34.67478,-10.71367],[34.67488,-10.71362],[34.67502,-10.71355],[34.67512,-10.71347],[34.67525,-10.71329],[34.67533,-10.71319],[34.67534,-10.71316],[34.67535,-10.71312],[34.67536,-10.71309],[34.67538,-10.71307],[34.67544,-10.71302],[34.67548,-10.71299],[34.67559,-10.71279],[34.67564,-10.71275],[34.67621,-10.7125],[34.67628,-10.71248],[34.67639,-10.71248],[34.67645,-10.71246],[34.67693,-10.71211],[34.67701,-10.71201],[34.67715,-10.71181],[34.67738,-10.7116],[34.67746,-10.71156],[34.67765,-10.71148],[34.67791,-10.71138],[34.67846,-10.71118],[34.67851,-10.71117],[34.67855,-10.71117],[34.6787,-10.71121],[34.67879,-10.71126],[34.67888,-10.7113],[34.67893,-10.71132],[34.67897,-10.71131],[34.6792,-10.71124],[34.67933,-10.71118],[34.67985,-10.71099],[34.68051,-10.71079],[34.68077,-10.7107],[34.68149,-10.71035],[34.68154,-10.71034],[34.68158,-10.71035],[34.68169,-10.71033],[34.68178,-10.71031],[34.68209,-10.71016],[34.68224,-10.71006],[34.68249,-10.70985],[34.68274,-10.70964],[34.68296,-10.7095],[34.68362,-10.70922],[34.68385,-10.70909],[34.68392,-10.70906],[34.68398,-10.70904],[34.68404,-10.70904],[34.68422,-10.70911],[34.6843,-10.70916],[34.68435,-10.70921],[34.68437,-10.70922],[34.6844,-10.70924],[34.68474,-10.70922],[34.68497,-10.70926],[34.68514,-10.70929],[34.68541,-10.7093],[34.68551,-10.70929],[34.68561,-10.70926],[34.6858,-10.70916],[34.68587,-10.70914],[34.68594,-10.70914],[34.68609,-10.70916],[34.68623,-10.70922],[34.68632,-10.70928],[34.68637,-10.70929],[34.6865,-10.70931],[34.68652,-10.70932],[34.68662,-10.70935],[34.68675,-10.70937],[34.68723,-10.70941],[34.68725,-10.7094],[34.68728,-10.70939],[34.68747,-10.70917],[34.68757,-10.70899],[34.68761,-10.70878]]},"properties":{"id":655875252,"cls":"unclassified","hw":"unclassified","tg":"na","name":"","ref":"","surface":"","sc":"unknown","speed":null,"lit":"unk","km":2.521}},
{"type":"Feature","geometry":{"type":"LineString","coordinates":[[34.66861,-10.71815],[34.66849,-10.71795],[34.66845,-10.71785],[34.66842,-10.71774],[34.6684,-10.71746],[34.66837,-10.71736],[34.66833,-10.71722],[34.66833,-10.71717],[34.66834,-10.71712],[34.66853,-10.71674],[34.66858,-10.71658],[34.66859,-10.71648],[34.66858,-10.71639],[34.66851,-10.71624],[34.66843,-10.71611],[34.66842,-10.71608],[34.66842,-10.71604],[34.6684,-10.71597],[34.66837,-10.71588],[34.66836,-10.71585],[34.66837,-10.71582],[34.66845,-10.71566],[34.66849,-10.71557],[34.66851,-10.71551],[34.6685,-10.71543],[34.6684,-10.71506],[34.6684,-10.71489],[34.66839,-10.71479],[34.66836,-10.71472],[34.66831,-10.71462],[34.66824,-10.71456],[34.66811,-10.71451],[34.66797,-10.71446],[34.66792,-10.71442],[34.66786,-10.7143],[34.66784,-10.71423],[34.66783,-10.71419],[34.66766,-10.71385],[34.66765,-10.71379],[34.66763,-10.71351],[34.66762,-10.71347],[34.66761,-10.71344],[34.66732,-10.71316]]},"properties":{"id":655875253,"cls":"residential","hw":"residential","tg":"na","name":"","ref":"","surface":"","sc":"unknown","speed":null,"lit":"unk","km":0.625}},
{"type":"Feature","geometry":{"type":"LineString","coordinates":[[34.67361,-10.72716],[34.67373,-10.72687],[34.67375,-10.72681],[34.67378,-10.72666],[34.67381,-10.72636],[34.67382,-10.72631],[34.67384,-10.72627],[34.67387,-10.72622],[34.67403,-10.72605],[34.67405,-10.72603],[34.67405,-10.72599],[34.67406,-10.72585],[34.67407,-10.72583],[34.67408,-10.72581],[34.67448,-10.72552],[34.67454,-10.72549],[34.6748,-10.72542],[34.67503,-10.72539],[34.67515,-10.72536],[34.67547,-10.72524],[34.67584,-10.72513],[34.67593,-10.72511],[34.67608,-10.72511],[34.67622,-10.72512],[34.6764,-10.72518],[34.67641,-10.72518],[34.67643,-10.72518],[34.67665,-10.72499],[34.6767,-10.72492],[34.67679,-10.72462],[34.67681,-10.72458],[34.67684,-10.72456],[34.67731,-10.72435],[34.67741,-10.72428],[34.67747,-10.72417],[34.67758,-10.72387],[34.67766,-10.72376],[34.67801,-10.72334],[34.67806,-10.7233],[34.67812,-10.72327],[34.67822,-10.72325],[34.67871,-10.72326],[34.67905,-10.72331],[34.67938,-10.72333],[34.67941,-10.72333],[34.67944,-10.72332],[34.67953,-10.72323],[34.67955,-10.72322],[34.67958,-10.72321],[34.67977,-10.7232],[34.67981,-10.72318],[34.68011,-10.723],[34.68022,-10.72294],[34.68031,-10.72287],[34.68037,-10.72282],[34.68042,-10.72273],[34.68044,-10.7227],[34.68048,-10.72268],[34.6809,-10.7225],[34.68103,-10.72243],[34.6812,-10.72229],[34.68147,-10.72196],[34.68244,-10.72111],[34.68253,-10.721],[34.68279,-10.72065],[34.68285,-10.72059],[34.68341,-10.72023],[34.68343,-10.72021],[34.68345,-10.72018],[34.68352,-10.72002],[34.68354,-10.71999],[34.6836,-10.71995],[34.68412,-10.71963],[34.68437,-10.71949],[34.68441,-10.71945],[34.68458,-10.71924],[34.68459,-10.71921],[34.6846,-10.71918],[34.68455,-10.71902],[34.68455,-10.71899],[34.68455,-10.71894],[34.68456,-10.71891],[34.68462,-10.71882],[34.68462,-10.71881],[34.68462,-10.7188],[34.68454,-10.71867],[34.68451,-10.71865],[34.68445,-10.71863],[34.68416,-10.71859],[34.68412,-10.71859],[34.68401,-10.71861],[34.68398,-10.71861],[34.68394,-10.7186],[34.68386,-10.71854],[34.68384,-10.71853],[34.68383,-10.71851],[34.68382,-10.71834],[34.68382,-10.71832],[34.68381,-10.71829],[34.68315,-10.7179],[34.68296,-10.71773],[34.68295,-10.7177],[34.68294,-10.71766],[34.68294,-10.71759],[34.68297,-10.71752],[34.68304,-10.71728],[34.68305,-10.71721],[34.68306,-10.71718],[34.68307,-10.71716],[34.68315,-10.71709],[34.68332,-10.71699],[34.68362,-10.71688],[34.68395,-10.71683],[34.684,-10.71681],[34.68429,-10.71656]]},"properties":{"id":656110454,"cls":"residential","hw":"residential","tg":"na","name":"","ref":"","surface":"","sc":"unknown","speed":null,"lit":"unk","km":2.124}},
{"type":"Feature","geometry":{"type":"LineString","coordinates":[[34.66802,-10.71983],[34.66822,-10.71955]]},"properties":{"id":656110455,"cls":"unclassified","hw":"unclassified","tg":"na","name":"","ref":"","surface":"","sc":"unknown","speed":null,"lit":"unk","km":0.038}},
{"type":"Feature","geometry":{"type":"LineString","coordinates":[[34.66822,-10.71955],[34.66816,-10.71987]]},"properties":{"id":656110456,"cls":"unclassified","hw":"unclassified","tg":"na","name":"","ref":"","surface":"","sc":"unknown","speed":null,"lit":"unk","km":0.036}},
{"type":"Feature","geometry":{"type":"LineString","coordinates":[[34.68354,-10.77647],[34.68358,-10.77643],[34.68382,-10.77604],[34.68386,-10.77594],[34.68389,-10.77566],[34.68396,-10.77542],[34.68407,-10.77524],[34.68428,-10.77506],[34.68442,-10.77501],[34.68445,-10.77498],[34.68447,-10.77495],[34.68461,-10.77466],[34.68464,-10.77452],[34.68468,-10.77443],[34.68502,-10.77384],[34.68505,-10.77378],[34.68506,-10.77367],[34.68512,-10.77338],[34.68513,-10.77337],[34.68514,-10.77337]]},"properties":{"id":656123225,"cls":"residential","hw":"residential","tg":"na","name":"","ref":"","surface":"","sc":"unknown","speed":null,"lit":"unk","km":0.4}},
{"type":"Feature","geometry":{"type":"LineString","coordinates":[[34.68514,-10.77337],[34.68515,-10.77337],[34.68517,-10.77338],[34.68543,-10.77368],[34.68562,-10.77382],[34.68569,-10.77386],[34.68582,-10.7739],[34.68593,-10.7739],[34.68606,-10.77389],[34.6864,-10.77388],[34.68706,-10.77388],[34.6871,-10.77386],[34.6872,-10.77381],[34.68727,-10.77377],[34.68739,-10.77374],[34.68755,-10.77374],[34.68829,-10.77385],[34.68843,-10.77388],[34.68856,-10.77395],[34.68888,-10.77411],[34.68958,-10.77446],[34.69057,-10.77499],[34.69082,-10.77517],[34.69103,-10.77531],[34.69114,-10.77534],[34.6914,-10.7754],[34.69172,-10.77544],[34.69186,-10.7754],[34.69197,-10.77532],[34.69212,-10.77518],[34.69221,-10.77513],[34.69231,-10.77509],[34.69239,-10.77508],[34.69247,-10.77509],[34.69253,-10.7751],[34.69274,-10.77514],[34.69289,-10.77517],[34.69323,-10.77527],[34.69334,-10.77531],[34.69339,-10.77533],[34.69352,-10.7754],[34.69363,-10.77545],[34.69374,-10.77548],[34.69382,-10.77551],[34.69399,-10.77565],[34.69411,-10.77581],[34.69412,-10.77582],[34.69415,-10.77584],[34.69441,-10.77593],[34.6945,-10.77595],[34.69456,-10.77597],[34.6946,-10.776],[34.69482,-10.77614],[34.69483,-10.77615],[34.69483,-10.77616],[34.69483,-10.77618],[34.69483,-10.77619],[34.6948,-10.77628],[34.6948,-10.7763],[34.6948,-10.77632],[34.6948,-10.77634],[34.69481,-10.77636],[34.69498,-10.77662],[34.695,-10.77666],[34.69502,-10.77668],[34.69506,-10.77671],[34.69507,-10.77672],[34.69507,-10.77675],[34.69507,-10.77684],[34.69507,-10.77692],[34.69509,-10.77699],[34.69536,-10.77735],[34.6954,-10.77744],[34.6954,-10.77754],[34.69537,-10.77762],[34.69532,-10.77771],[34.69531,-10.77777],[34.6953,-10.77795],[34.69531,-10.77808],[34.69532,-10.77811],[34.69532,-10.77814],[34.69532,-10.77816],[34.69531,-10.77821],[34.69529,-10.77824],[34.69528,-10.77826],[34.69526,-10.77834],[34.69526,-10.77836],[34.69524,-10.77838],[34.6947,-10.77865],[34.69464,-10.7787],[34.69457,-10.77881],[34.69448,-10.77889],[34.69445,-10.77892],[34.69432,-10.77918]]},"properties":{"id":656123226,"cls":"residential","hw":"residential","tg":"na","name":"","ref":"","surface":"","sc":"unknown","speed":null,"lit":"unk","km":1.587}},
{"type":"Feature","geometry":{"type":"LineString","coordinates":[[34.67975,-10.77785],[34.68021,-10.77798],[34.68075,-10.77821],[34.68177,-10.77865],[34.68222,-10.7788],[34.6825,-10.77885],[34.68322,-10.77886],[34.6833,-10.77888],[34.68343,-10.77894],[34.68352,-10.77903],[34.68359,-10.77911],[34.6838,-10.77934],[34.68392,-10.77942],[34.6841,-10.77951],[34.68425,-10.77965],[34.68511,-10.7805],[34.68569,-10.78096],[34.68615,-10.78128],[34.68638,-10.78142],[34.68656,-10.78155],[34.68669,-10.78168],[34.68722,-10.78232],[34.68733,-10.78241],[34.6875,-10.78253],[34.68857,-10.78319],[34.68871,-10.78325],[34.68891,-10.78328],[34.6899,-10.78318],[34.69003,-10.78318],[34.69019,-10.78322],[34.6911,-10.78346],[34.69123,-10.78351],[34.69139,-10.78361],[34.69239,-10.78448],[34.69252,-10.78465],[34.69294,-10.78532],[34.69306,-10.78548],[34.69323,-10.78563],[34.69373,-10.78607],[34.69382,-10.78618],[34.69392,-10.78642],[34.694,-10.78674],[34.69401,-10.78692],[34.69392,-10.78728],[34.69381,-10.78779],[34.69382,-10.78794],[34.69384,-10.78802],[34.69388,-10.78817],[34.69397,-10.78831],[34.69434,-10.7887],[34.69444,-10.78884],[34.69448,-10.78899],[34.69458,-10.78944],[34.69462,-10.78955],[34.69473,-10.78967],[34.69517,-10.79004],[34.69527,-10.79017],[34.69536,-10.79031],[34.69549,-10.79054],[34.69569,-10.7907],[34.69638,-10.79117],[34.69658,-10.79123],[34.69685,-10.79125],[34.69713,-10.7912],[34.6975,-10.79098],[34.69794,-10.79063],[34.69822,-10.79051],[34.69851,-10.79045],[34.69882,-10.79051],[34.69923,-10.7907],[34.69947,-10.79088],[34.69968,-10.79119],[34.69979,-10.79151],[34.70012,-10.79287],[34.70016,-10.79409],[34.70015,-10.79513],[34.70018,-10.79532],[34.70045,-10.79602],[34.70054,-10.79613],[34.70073,-10.7963],[34.70107,-10.79659],[34.70184,-10.79761],[34.70199,-10.79776],[34.70215,-10.79787],[34.70248,-10.798],[34.70311,-10.79838],[34.70342,-10.79844],[34.70357,-10.79844],[34.70365,-10.7984],[34.70413,-10.79806],[34.70421,-10.79802],[34.7043,-10.79801],[34.70458,-10.79798],[34.70471,-10.79794],[34.70483,-10.79791],[34.70489,-10.7979],[34.70494,-10.79792],[34.70499,-10.79794],[34.70595,-10.79889]]},"properties":{"id":656123227,"cls":"unclassified","hw":"unclassified","tg":"na","name":"","ref":"","surface":"","sc":"unknown","speed":null,"lit":"unk","km":4.284}},
{"type":"Feature","geometry":{"type":"LineString","coordinates":[[34.68555,-10.76843],[34.68732,-10.76759],[34.68815,-10.76721]]},"properties":{"id":656123229,"cls":"residential","hw":"residential","tg":"na","name":"","ref":"","surface":"","sc":"unknown","speed":null,"lit":"unk","km":0.315}},
{"type":"Feature","geometry":{"type":"LineString","coordinates":[[34.68521,-10.76244],[34.68626,-10.76243],[34.6863,-10.76244],[34.68634,-10.76245],[34.68639,-10.76249],[34.68643,-10.76254],[34.68667,-10.76286],[34.6867,-10.76293],[34.68677,-10.76318],[34.6869,-10.76343],[34.68699,-10.76354],[34.68706,-10.76363],[34.68707,-10.76367],[34.6871,-10.76376],[34.68714,-10.76384],[34.68721,-10.76391],[34.68735,-10.76401],[34.68739,-10.76406],[34.68757,-10.76426],[34.6876,-10.76432],[34.68762,-10.76441],[34.68764,-10.76446],[34.68769,-10.7645],[34.68778,-10.76458],[34.68781,-10.76463],[34.68786,-10.76477],[34.68785,-10.76491],[34.6877,-10.76519],[34.68766,-10.76526],[34.68764,-10.76529],[34.68763,-10.76541],[34.68763,-10.76549],[34.68767,-10.76561],[34.6878,-10.7658],[34.68782,-10.76585],[34.68783,-10.76592],[34.68784,-10.7663],[34.68786,-10.76642],[34.68789,-10.76648],[34.68793,-10.76654],[34.68802,-10.76661],[34.68804,-10.76663],[34.68805,-10.76668],[34.6881,-10.76702],[34.68815,-10.76721]]},"properties":{"id":656123230,"cls":"residential","hw":"residential","tg":"na","name":"","ref":"","surface":"","sc":"unknown","speed":null,"lit":"unk","km":0.729}},
{"type":"Feature","geometry":{"type":"LineString","coordinates":[[34.68471,-10.75571],[34.68471,-10.75568],[34.68477,-10.75534],[34.68477,-10.75532],[34.68476,-10.7553],[34.68454,-10.7552],[34.68452,-10.75518],[34.68451,-10.75516],[34.68451,-10.75513],[34.68452,-10.75509],[34.68455,-10.75507],[34.68472,-10.75491],[34.68474,-10.75486],[34.68477,-10.75473],[34.68481,-10.75466],[34.68491,-10.75459],[34.68495,-10.75453],[34.68496,-10.75449],[34.68496,-10.75446],[34.68493,-10.7544],[34.68482,-10.75434],[34.68478,-10.75432],[34.68477,-10.75429],[34.68478,-10.75426],[34.68495,-10.75384],[34.68504,-10.75366],[34.68512,-10.75354],[34.68514,-10.75352],[34.68514,-10.7535],[34.68513,-10.75347],[34.68512,-10.75346],[34.68512,-10.75344],[34.68512,-10.75342],[34.68515,-10.75337],[34.68516,-10.75336],[34.68516,-10.75334],[34.68515,-10.75332],[34.68504,-10.75319],[34.68503,-10.75314],[34.68502,-10.75309],[34.68502,-10.75306],[34.68504,-10.75302],[34.68531,-10.7526],[34.68537,-10.75253],[34.68548,-10.75247],[34.6856,-10.75239],[34.68605,-10.75197],[34.68628,-10.75176],[34.68632,-10.75169],[34.6864,-10.75162],[34.68651,-10.75154],[34.68654,-10.75153],[34.6866,-10.75152],[34.68669,-10.75149],[34.68693,-10.75138],[34.687,-10.75133],[34.68717,-10.75107],[34.68721,-10.75102],[34.68732,-10.75093],[34.68736,-10.75088],[34.68748,-10.75067],[34.68749,-10.75064],[34.68749,-10.75053],[34.6875,-10.7505],[34.68751,-10.75048],[34.68776,-10.75012],[34.68787,-10.74988],[34.68794,-10.74957],[34.688,-10.74937],[34.6881,-10.74915],[34.68818,-10.74905],[34.68837,-10.74894],[34.6888,-10.7488],[34.68911,-10.74878],[34.68951,-10.74881],[34.68962,-10.74881],[34.68972,-10.74877],[34.69101,-10.74824],[34.69139,-10.74804],[34.69144,-10.74802],[34.69164,-10.74802],[34.69169,-10.74801],[34.69185,-10.74787]]},"properties":{"id":656123231,"cls":"residential","hw":"residential","tg":"na","name":"","ref":"","surface":"","sc":"unknown","speed":null,"lit":"unk","km":1.376}},
{"type":"Feature","geometry":{"type":"LineString","coordinates":[[34.68452,-10.75837],[34.68472,-10.7582],[34.68474,-10.75818],[34.68478,-10.75817],[34.68492,-10.75812],[34.68493,-10.75811],[34.68494,-10.7581],[34.68501,-10.75787],[34.68502,-10.75785],[34.68501,-10.75784],[34.68501,-10.75783],[34.68489,-10.75771],[34.68488,-10.7577]]},"properties":{"id":656123232,"cls":"residential","hw":"residential","tg":"na","name":"","ref":"","surface":"","sc":"unknown","speed":null,"lit":"unk","km":0.108}},
{"type":"Feature","geometry":{"type":"LineString","coordinates":[[34.68488,-10.7577],[34.68489,-10.75769],[34.68509,-10.75754],[34.6851,-10.75752],[34.6851,-10.7575],[34.68497,-10.75682],[34.68492,-10.75663],[34.6849,-10.75659],[34.68485,-10.75651],[34.68483,-10.75647],[34.68482,-10.75643],[34.68481,-10.75616],[34.68482,-10.75611],[34.68485,-10.75596],[34.68485,-10.75592],[34.68485,-10.75588],[34.68483,-10.75586],[34.68473,-10.75574],[34.68471,-10.75571]]},"properties":{"id":656123233,"cls":"residential","hw":"residential","tg":"na","name":"","ref":"","surface":"","sc":"unknown","speed":null,"lit":"unk","km":0.243}},
{"type":"Feature","geometry":{"type":"LineString","coordinates":[[34.6841,-10.76625],[34.68436,-10.76643],[34.68444,-10.7665],[34.68454,-10.76664],[34.6846,-10.76682],[34.68467,-10.76717],[34.68468,-10.76722],[34.68471,-10.76729],[34.68515,-10.76782],[34.68555,-10.76843],[34.68595,-10.76902],[34.68599,-10.76906],[34.68605,-10.76908],[34.68612,-10.76907],[34.6862,-10.76904],[34.68642,-10.76898],[34.68658,-10.76896],[34.68675,-10.76897],[34.68715,-10.76902],[34.68726,-10.76907],[34.68756,-10.76923],[34.68763,-10.76924],[34.68771,-10.76922],[34.6878,-10.76915],[34.68809,-10.76874],[34.68816,-10.76862],[34.6883,-10.76837],[34.68834,-10.76835],[34.68841,-10.76833],[34.68847,-10.76833],[34.68852,-10.76834],[34.68879,-10.76847],[34.68905,-10.76855],[34.6892,-10.76858],[34.68932,-10.76862],[34.6899,-10.76895],[34.69005,-10.769],[34.69037,-10.76908],[34.69056,-10.76918],[34.69068,-10.76926],[34.6908,-10.76935],[34.69091,-10.76943],[34.6911,-10.76957],[34.69121,-10.76962],[34.69157,-10.76977],[34.69205,-10.77005],[34.69262,-10.77032],[34.69274,-10.77037],[34.69292,-10.77043],[34.69354,-10.77069],[34.69362,-10.77071],[34.6937,-10.77071],[34.69375,-10.77072],[34.69449,-10.77101],[34.69468,-10.77107],[34.69487,-10.7711],[34.69535,-10.77113],[34.69544,-10.77115],[34.69554,-10.77118],[34.6959,-10.7713],[34.69607,-10.77132],[34.69622,-10.77132],[34.69645,-10.77128],[34.69676,-10.7712],[34.69746,-10.77089],[34.69754,-10.77086],[34.69763,-10.77085],[34.69818,-10.77077],[34.69828,-10.77073],[34.69897,-10.77025],[34.69925,-10.77006],[34.69985,-10.76969],[34.70086,-10.76931],[34.7017,-10.76909],[34.70185,-10.76906],[34.70195,-10.76907],[34.70208,-10.76911],[34.70221,-10.7691],[34.70235,-10.76905],[34.70285,-10.76874],[34.70331,-10.76844]]},"properties":{"id":656123234,"cls":"unclassified","hw":"unclassified","tg":"na","name":"","ref":"","surface":"","sc":"unknown","speed":null,"lit":"unk","km":2.488}},
{"type":"Feature","geometry":{"type":"LineString","coordinates":[[34.6803,-10.74647],[34.68064,-10.74611],[34.68068,-10.74604],[34.6807,-10.74596],[34.68077,-10.7457],[34.68079,-10.74566],[34.68084,-10.74563],[34.68122,-10.74557],[34.68127,-10.74555],[34.68139,-10.74551],[34.68144,-10.74551],[34.68157,-10.74552],[34.68182,-10.74556],[34.68204,-10.74559],[34.68209,-10.7456],[34.68213,-10.74563],[34.68223,-10.74566],[34.68231,-10.74567],[34.68261,-10.74564],[34.68271,-10.74561],[34.68308,-10.74542],[34.68315,-10.7454],[34.68331,-10.74538],[34.68342,-10.74535],[34.68371,-10.74526],[34.68378,-10.74524],[34.68388,-10.74523],[34.68415,-10.74525],[34.68418,-10.74525],[34.68421,-10.74527],[34.68445,-10.74539],[34.68455,-10.74543],[34.6849,-10.74549],[34.685,-10.74549],[34.68516,-10.74546],[34.68527,-10.74536],[34.68559,-10.74496],[34.68599,-10.74455],[34.68601,-10.74451],[34.68602,-10.74447],[34.686,-10.74426],[34.68604,-10.74412],[34.68625,-10.74375],[34.68637,-10.74363],[34.68664,-10.74335],[34.68667,-10.7433],[34.68668,-10.74326],[34.68667,-10.7432],[34.68661,-10.74303],[34.68654,-10.74293],[34.68626,-10.74247]]},"properties":{"id":656123235,"cls":"residential","hw":"residential","tg":"na","name":"","ref":"","surface":"","sc":"unknown","speed":null,"lit":"unk","km":1.009}},
{"type":"Feature","geometry":{"type":"LineString","coordinates":[[34.68012,-10.77644],[34.68073,-10.77661],[34.68094,-10.77671],[34.68099,-10.77672],[34.68115,-10.77675],[34.68119,-10.77677],[34.68137,-10.77689],[34.68142,-10.7769],[34.68191,-10.77695],[34.68209,-10.77695],[34.68237,-10.7769],[34.68252,-10.77683],[34.68274,-10.77674],[34.68286,-10.77672],[34.68303,-10.7767],[34.68321,-10.77663],[34.68354,-10.77647]]},"properties":{"id":656123834,"cls":"residential","hw":"residential","tg":"na","name":"","ref":"","surface":"","sc":"unknown","speed":null,"lit":"unk","km":0.394}},
{"type":"Feature","geometry":{"type":"LineString","coordinates":[[34.67833,-10.78621],[34.67836,-10.78623],[34.67839,-10.78624],[34.67899,-10.78639],[34.67912,-10.78644],[34.67946,-10.78659],[34.67954,-10.78662],[34.67965,-10.78663],[34.68031,-10.78667],[34.68037,-10.78669],[34.68042,-10.78672],[34.68051,-10.78693],[34.68062,-10.78707],[34.68104,-10.7875],[34.68134,-10.78794],[34.68189,-10.78862],[34.68205,-10.78875],[34.68221,-10.78882],[34.68243,-10.78885],[34.68262,-10.7888],[34.68277,-10.78867],[34.68305,-10.78835],[34.68309,-10.78834],[34.68315,-10.78833],[34.68318,-10.7883],[34.6835,-10.78784]]},"properties":{"id":656123835,"cls":"residential","hw":"residential","tg":"na","name":"","ref":"","surface":"","sc":"unknown","speed":null,"lit":"unk","km":0.739}},
{"type":"Feature","geometry":{"type":"LineString","coordinates":[[34.67677,-10.78233],[34.67699,-10.78252],[34.67706,-10.78256],[34.67747,-10.78279],[34.6775,-10.78282],[34.67756,-10.78291],[34.67759,-10.78295],[34.67765,-10.78298],[34.67785,-10.78309],[34.67789,-10.78313],[34.67801,-10.78333],[34.67804,-10.78336],[34.67826,-10.78357],[34.67832,-10.78362],[34.67835,-10.78367],[34.67838,-10.78382],[34.67842,-10.78395],[34.67843,-10.78403],[34.67841,-10.78447],[34.67839,-10.78453],[34.67839,-10.78458],[34.67839,-10.78463],[34.67841,-10.78466],[34.67842,-10.78471],[34.67843,-10.78476],[34.6784,-10.78483],[34.67836,-10.78493],[34.67834,-10.78503],[34.67834,-10.7851],[34.67835,-10.78518],[34.67836,-10.78529],[34.67831,-10.78595],[34.67831,-10.7861],[34.67832,-10.78617],[34.67833,-10.78621]]},"properties":{"id":656123836,"cls":"residential","hw":"residential","tg":"na","name":"","ref":"","surface":"","sc":"unknown","speed":null,"lit":"unk","km":0.519}},
{"type":"Feature","geometry":{"type":"LineString","coordinates":[[34.68354,-10.77647],[34.68359,-10.77674],[34.68359,-10.77684],[34.6836,-10.77697],[34.68364,-10.77718],[34.68365,-10.77755],[34.68364,-10.77774],[34.68362,-10.77783],[34.68361,-10.77791],[34.68366,-10.77857],[34.68365,-10.77874],[34.68362,-10.77889],[34.68359,-10.77911]]},"properties":{"id":656123837,"cls":"residential","hw":"residential","tg":"na","name":"","ref":"","surface":"","sc":"unknown","speed":null,"lit":"unk","km":0.296}},
{"type":"Feature","geometry":{"type":"LineString","coordinates":[[34.63069,-10.62001],[34.63027,-10.62076],[34.63007,-10.62123],[34.62983,-10.62166],[34.62979,-10.62185],[34.62975,-10.62194],[34.6297,-10.62199],[34.62966,-10.622],[34.62962,-10.62198]]},"properties":{"id":656450708,"cls":"residential","hw":"residential","tg":"na","name":"","ref":"","surface":"","sc":"unknown","speed":null,"lit":"unk","km":0.256}},
{"type":"Feature","geometry":{"type":"LineString","coordinates":[[34.62962,-10.62198],[34.62957,-10.62194],[34.62952,-10.62186],[34.62945,-10.62178],[34.62936,-10.62168],[34.62929,-10.62154],[34.6291,-10.62132],[34.62885,-10.62116],[34.62849,-10.62089],[34.62818,-10.62071],[34.62786,-10.62045],[34.62756,-10.62023],[34.62738,-10.6201],[34.62707,-10.61999],[34.62658,-10.61974],[34.6263,-10.61962],[34.62622,-10.61958],[34.62622,-10.61952],[34.62624,-10.61944],[34.62626,-10.61931],[34.62622,-10.61921],[34.62612,-10.61909],[34.62585,-10.61876],[34.62582,-10.61867],[34.62582,-10.61852],[34.62582,-10.61837],[34.62583,-10.61824],[34.62581,-10.61814],[34.62577,-10.61807],[34.62571,-10.61802],[34.62568,-10.61795],[34.62571,-10.61785],[34.62582,-10.61756],[34.62586,-10.61725],[34.62589,-10.61687],[34.62585,-10.61675],[34.62573,-10.61651],[34.62571,-10.61644],[34.62569,-10.61636],[34.6257,-10.61621],[34.62567,-10.61608],[34.62561,-10.61596],[34.62557,-10.61582],[34.62558,-10.61571],[34.62571,-10.61537]]},"properties":{"id":656450709,"cls":"residential","hw":"residential","tg":"na","name":"","ref":"","surface":"","sc":"unknown","speed":null,"lit":"unk","km":0.967}},
{"type":"Feature","geometry":{"type":"LineString","coordinates":[[34.63413,-10.62435],[34.63367,-10.62489],[34.63336,-10.62523],[34.6331,-10.62538],[34.63288,-10.62546],[34.63234,-10.62575],[34.63204,-10.62598],[34.63159,-10.62622],[34.6314,-10.62634],[34.63117,-10.62652],[34.63102,-10.62668]]},"properties":{"id":656450712,"cls":"residential","hw":"residential","tg":"na","name":"","ref":"","surface":"","sc":"unknown","speed":null,"lit":"unk","km":0.433}},
{"type":"Feature","geometry":{"type":"LineString","coordinates":[[34.66001,-10.68276],[34.66087,-10.68232],[34.66182,-10.68173],[34.66296,-10.68095],[34.66332,-10.68067],[34.66355,-10.68053],[34.66379,-10.68048],[34.66443,-10.68037],[34.66535,-10.68026],[34.6655,-10.68029],[34.66561,-10.68037],[34.66568,-10.68052],[34.66611,-10.68119],[34.66654,-10.68161],[34.66676,-10.68176],[34.66697,-10.68184],[34.66739,-10.68189],[34.66764,-10.68199],[34.66786,-10.68225],[34.66822,-10.68263],[34.66852,-10.68294],[34.66897,-10.68325],[34.66901,-10.6834],[34.66899,-10.68369],[34.66894,-10.68398],[34.6688,-10.6841],[34.66864,-10.68416],[34.66861,-10.68426],[34.66865,-10.6844],[34.66881,-10.68459],[34.66941,-10.68498],[34.66955,-10.68515],[34.6697,-10.68543],[34.66993,-10.68567],[34.67028,-10.68603],[34.67042,-10.68635],[34.6706,-10.68662],[34.67101,-10.687],[34.67142,-10.6873],[34.67184,-10.68778],[34.67198,-10.6879],[34.6721,-10.68797],[34.6724,-10.68799],[34.67297,-10.68804],[34.67498,-10.68819],[34.67555,-10.68824],[34.6762,-10.68834]]},"properties":{"id":656450714,"cls":"residential","hw":"residential","tg":"na","name":"","ref":"","surface":"","sc":"unknown","speed":null,"lit":"unk","km":2.351}},
{"type":"Feature","geometry":{"type":"LineString","coordinates":[[34.63507,-10.62571],[34.63618,-10.62685],[34.63628,-10.62695],[34.63642,-10.62704],[34.63828,-10.62808],[34.64256,-10.6305],[34.64271,-10.63058],[34.64278,-10.63066],[34.64288,-10.63083],[34.64303,-10.63111],[34.64312,-10.63123],[34.64324,-10.63133],[34.64344,-10.63152],[34.64357,-10.63167],[34.64474,-10.63323],[34.64502,-10.63352],[34.64683,-10.63502],[34.64726,-10.63564]]},"properties":{"id":656678515,"cls":"secondary","hw":"secondary","tg":"na","name":"","ref":"","surface":"unpaved","sc":"unpaved","speed":null,"lit":"unk","km":1.758}},
{"type":"Feature","geometry":{"type":"LineString","coordinates":[[34.6774,-10.92729],[34.67753,-10.92722],[34.6776,-10.92718],[34.67763,-10.92715],[34.67764,-10.92712],[34.67766,-10.92705],[34.67769,-10.92697],[34.67771,-10.92692],[34.67777,-10.92684],[34.67781,-10.92682],[34.67785,-10.92681],[34.67791,-10.92681],[34.67798,-10.92681],[34.67805,-10.92681],[34.67809,-10.92681],[34.67812,-10.92679],[34.67822,-10.92674],[34.67827,-10.92671],[34.67832,-10.92666],[34.67837,-10.92652],[34.67842,-10.9264],[34.67849,-10.92627],[34.67854,-10.9262],[34.67857,-10.92615],[34.67862,-10.9261],[34.67868,-10.92606],[34.67877,-10.92602],[34.67899,-10.92586],[34.67916,-10.92578],[34.6793,-10.92573],[34.67951,-10.92569],[34.67964,-10.92566],[34.67974,-10.92561],[34.67984,-10.92555],[34.67994,-10.92549],[34.68002,-10.92548],[34.68011,-10.92548],[34.68015,-10.92547],[34.6802,-10.92545],[34.68031,-10.92534],[34.68054,-10.92513],[34.68092,-10.92484],[34.68101,-10.92473],[34.68113,-10.92463],[34.68123,-10.92453],[34.6813,-10.92443],[34.68136,-10.92433],[34.68142,-10.92428],[34.68151,-10.92423],[34.68165,-10.92413],[34.6819,-10.92398],[34.68209,-10.92386],[34.68226,-10.92374],[34.68238,-10.92367],[34.68246,-10.92365],[34.68251,-10.92363],[34.68255,-10.92361],[34.68261,-10.92355],[34.68272,-10.92336],[34.68281,-10.92326],[34.68292,-10.9232],[34.68297,-10.92316],[34.68302,-10.92314],[34.68304,-10.92311],[34.68307,-10.92305],[34.6831,-10.92298],[34.68311,-10.92294],[34.68316,-10.92289],[34.68327,-10.92277],[34.68336,-10.92264],[34.68349,-10.92252],[34.68352,-10.92246],[34.68356,-10.92237],[34.68364,-10.92225],[34.68372,-10.92206],[34.68374,-10.92202],[34.68381,-10.9219],[34.68384,-10.92184],[34.68387,-10.92181],[34.6839,-10.9218],[34.68394,-10.92179],[34.68402,-10.92179],[34.68406,-10.92178],[34.68412,-10.92177],[34.6842,-10.92173],[34.68427,-10.92166],[34.68432,-10.92164],[34.6844,-10.9216],[34.68446,-10.92153],[34.68452,-10.92147],[34.68455,-10.92144],[34.68459,-10.92143],[34.68465,-10.92141],[34.6847,-10.9214],[34.68479,-10.92136],[34.68491,-10.92132],[34.68498,-10.92129],[34.68505,-10.92127],[34.68513,-10.92127],[34.68521,-10.92129],[34.68524,-10.9213],[34.68526,-10.92131],[34.68528,-10.9213],[34.68533,-10.92128],[34.68539,-10.92123],[34.68547,-10.92119],[34.68549,-10.92117],[34.68552,-10.92113],[34.68554,-10.92108],[34.68561,-10.9209],[34.68565,-10.92082],[34.68568,-10.92077],[34.68572,-10.92071],[34.6858,-10.92065],[34.68596,-10.92055],[34.68608,-10.92047],[34.68624,-10.92041],[34.68636,-10.92037],[34.68646,-10.92034],[34.68652,-10.92032],[34.68655,-10.92029],[34.6866,-10.92023],[34.68663,-10.92018],[34.68667,-10.92014],[34.68672,-10.92011],[34.68679,-10.92007],[34.68687,-10.92003],[34.68698,-10.91998],[34.68708,-10.91994],[34.68719,-10.91987],[34.6873,-10.91982],[34.68735,-10.91979],[34.68742,-10.91972],[34.6876,-10.9196],[34.68787,-10.91936],[34.68826,-10.91904],[34.68838,-10.91898],[34.68843,-10.91891],[34.68849,-10.91882],[34.68859,-10.91866],[34.68884,-10.91827],[34.68905,-10.91797],[34.68911,-10.91785],[34.68914,-10.9178],[34.68926,-10.91767],[34.6894,-10.91749],[34.68952,-10.91738],[34.68964,-10.91723],[34.68992,-10.91691],[34.69006,-10.91675],[34.69016,-10.91661],[34.69022,-10.91654],[34.69031,-10.91646],[34.69039,-10.9164],[34.69047,-10.9163],[34.69065,-10.91613],[34.69099,-10.91581],[34.69132,-10.91547],[34.69157,-10.91523],[34.69175,-10.91509],[34.69193,-10.91498],[34.69209,-10.91492],[34.69221,-10.91487],[34.69229,-10.91482],[34.69249,-10.9147],[34.69264,-10.91464],[34.69275,-10.91456],[34.69287,-10.91448],[34.69304,-10.91439],[34.6932,-10.9143],[34.69334,-10.91423],[34.6934,-10.91418],[34.69343,-10.91415],[34.69353,-10.91413],[34.69363,-10.91411],[34.69382,-10.9141],[34.69409,-10.91416],[34.69441,-10.91418],[34.69452,-10.9142],[34.6948,-10.91432],[34.69512,-10.91447],[34.69515,-10.9145],[34.69518,-10.91454],[34.69525,-10.91464],[34.69534,-10.91484]]},"properties":{"id":657459763,"cls":"residential","hw":"residential","tg":"na","name":"","ref":"","surface":"","sc":"unknown","speed":null,"lit":"unk","km":2.613}},
{"type":"Feature","geometry":{"type":"LineString","coordinates":[[34.67813,-10.93217],[34.67803,-10.93219],[34.67801,-10.9322],[34.67798,-10.93222],[34.67796,-10.93222],[34.67793,-10.93222],[34.67786,-10.9322],[34.6778,-10.9322],[34.67776,-10.93219],[34.6777,-10.9322],[34.67761,-10.93219],[34.67752,-10.93219],[34.67748,-10.93219],[34.67746,-10.93218],[34.67741,-10.93218],[34.67738,-10.93218],[34.67733,-10.93219],[34.67728,-10.93223],[34.67723,-10.93225],[34.67716,-10.93227],[34.67708,-10.93227],[34.67704,-10.93228],[34.677,-10.93229],[34.67696,-10.93229],[34.67684,-10.93229],[34.67673,-10.93229],[34.67672,-10.93229],[34.6767,-10.9323],[34.67666,-10.93232],[34.67662,-10.93235],[34.6766,-10.93236],[34.67654,-10.93235],[34.67642,-10.93233],[34.67638,-10.93233],[34.67635,-10.93234],[34.67631,-10.93236],[34.67628,-10.93236],[34.67623,-10.93236],[34.67619,-10.93235],[34.67616,-10.93235],[34.67612,-10.93237],[34.67604,-10.93237],[34.67596,-10.93238],[34.6758,-10.93235],[34.67568,-10.93231],[34.67564,-10.9323],[34.6756,-10.93229],[34.67555,-10.93229],[34.67546,-10.93231],[34.67531,-10.93234],[34.67512,-10.93237],[34.67488,-10.93241],[34.67448,-10.93248],[34.67423,-10.93254],[34.67391,-10.93266],[34.67365,-10.93272],[34.6735,-10.93281],[34.67322,-10.93298],[34.67312,-10.93304]]},"properties":{"id":657459765,"cls":"residential","hw":"residential","tg":"na","name":"","ref":"","surface":"","sc":"unknown","speed":null,"lit":"unk","km":0.573}},
{"type":"Feature","geometry":{"type":"LineString","coordinates":[[34.67844,-10.93368],[34.6785,-10.93365],[34.67855,-10.93365],[34.67863,-10.93364],[34.67866,-10.93363],[34.67871,-10.93359],[34.67882,-10.93349],[34.67894,-10.93338],[34.67899,-10.93329],[34.67903,-10.93324],[34.6791,-10.93315],[34.67921,-10.93306],[34.6793,-10.93297],[34.67939,-10.93291],[34.67945,-10.93288],[34.67952,-10.93286],[34.6796,-10.93284],[34.67968,-10.93282],[34.67979,-10.93279],[34.67987,-10.93277],[34.67991,-10.93278],[34.67996,-10.93281],[34.67999,-10.93281],[34.68004,-10.93282],[34.68015,-10.93279],[34.6803,-10.93274],[34.68039,-10.9327],[34.68048,-10.93265],[34.6805,-10.93263],[34.68051,-10.9326],[34.68051,-10.93258],[34.68053,-10.93254],[34.68068,-10.93236],[34.68093,-10.93216],[34.68103,-10.93205],[34.68113,-10.932],[34.68123,-10.93194],[34.68139,-10.93182],[34.68144,-10.93179],[34.68149,-10.93176],[34.68154,-10.93174],[34.68159,-10.93174],[34.68163,-10.93172],[34.68166,-10.9317],[34.68173,-10.93163],[34.68189,-10.93148],[34.68207,-10.9313],[34.68217,-10.93121],[34.6827,-10.93107],[34.68318,-10.93093],[34.68349,-10.93082],[34.68363,-10.9306],[34.68378,-10.93034],[34.68397,-10.9301],[34.68411,-10.92997],[34.68428,-10.92988],[34.68478,-10.92988],[34.68505,-10.92988],[34.68531,-10.92983],[34.68547,-10.92974],[34.68565,-10.9295],[34.68594,-10.92924],[34.68625,-10.92911],[34.68683,-10.92889],[34.68731,-10.92876],[34.68744,-10.92874],[34.68763,-10.92872],[34.68778,-10.92866],[34.68802,-10.92845],[34.68826,-10.92822],[34.68846,-10.928],[34.68861,-10.92786],[34.6888,-10.92773],[34.68908,-10.92763],[34.68933,-10.92741],[34.68987,-10.92706],[34.6903,-10.9267],[34.69062,-10.9265],[34.69082,-10.9264],[34.69099,-10.92634],[34.69111,-10.92625],[34.69112,-10.92618],[34.6911,-10.92614],[34.69103,-10.92602],[34.69099,-10.92589],[34.69096,-10.92576],[34.69098,-10.92571],[34.691,-10.92569],[34.69107,-10.92562],[34.69113,-10.92555],[34.69115,-10.92551],[34.69121,-10.92542],[34.69127,-10.92538],[34.69151,-10.92533],[34.69164,-10.92525]]},"properties":{"id":657459766,"cls":"residential","hw":"residential","tg":"na","name":"","ref":"","surface":"","sc":"unknown","speed":null,"lit":"unk","km":1.837}},
{"type":"Feature","geometry":{"type":"LineString","coordinates":[[34.67363,-10.93458],[34.6737,-10.93461],[34.67376,-10.93465],[34.67385,-10.93472],[34.67398,-10.93483],[34.67405,-10.93487],[34.67415,-10.93494],[34.67421,-10.93498],[34.67425,-10.935],[34.67428,-10.93502],[34.6743,-10.93502],[34.67438,-10.93501],[34.67456,-10.93501],[34.67476,-10.935],[34.67485,-10.93498],[34.67488,-10.93496],[34.67491,-10.93495],[34.67493,-10.93495],[34.67496,-10.93496],[34.67499,-10.93498],[34.67506,-10.93503],[34.67511,-10.9351],[34.67514,-10.93512],[34.67518,-10.93514],[34.67523,-10.93515],[34.67531,-10.93517],[34.67549,-10.93528],[34.67557,-10.93531],[34.67562,-10.93532],[34.67565,-10.93535],[34.67569,-10.93536],[34.67571,-10.93536],[34.67573,-10.93535],[34.67576,-10.93534],[34.6758,-10.93533],[34.67585,-10.93533],[34.67595,-10.93533],[34.67604,-10.93532],[34.67629,-10.93531],[34.67652,-10.93532],[34.67666,-10.93535],[34.67675,-10.93537],[34.6768,-10.93538],[34.67694,-10.93537],[34.6771,-10.93537],[34.67717,-10.93536],[34.67728,-10.93532],[34.6774,-10.9353],[34.67756,-10.93529],[34.67773,-10.93528],[34.67802,-10.93524]]},"properties":{"id":657459768,"cls":"residential","hw":"residential","tg":"na","name":"","ref":"","surface":"","sc":"unknown","speed":null,"lit":"unk","km":0.513}},
{"type":"Feature","geometry":{"type":"LineString","coordinates":[[34.66704,-10.94845],[34.66715,-10.94829],[34.6672,-10.94822],[34.66724,-10.94808],[34.66727,-10.94793],[34.66728,-10.94785],[34.66729,-10.94778],[34.66735,-10.94768],[34.66748,-10.94757],[34.66769,-10.94744],[34.66786,-10.94735],[34.66799,-10.94731],[34.66801,-10.9473],[34.66805,-10.94727],[34.66808,-10.94724],[34.66819,-10.94708],[34.66835,-10.94688],[34.66848,-10.94668],[34.66866,-10.94635],[34.66868,-10.9463],[34.6687,-10.94628],[34.66875,-10.94624],[34.6688,-10.94621],[34.66886,-10.94615],[34.66894,-10.94606],[34.669,-10.94596],[34.66903,-10.94589],[34.66908,-10.94582],[34.66915,-10.94573],[34.66929,-10.94558],[34.66935,-10.94551],[34.6694,-10.94546],[34.66953,-10.94533],[34.66979,-10.94513],[34.66996,-10.94504],[34.67023,-10.9449],[34.67049,-10.94468],[34.67071,-10.94447],[34.67092,-10.94424],[34.67095,-10.94418],[34.67101,-10.94412],[34.67113,-10.94401],[34.67127,-10.94391],[34.67136,-10.94384],[34.6714,-10.94378],[34.67144,-10.94368],[34.67152,-10.94344],[34.6716,-10.94322],[34.67166,-10.943],[34.67174,-10.94284],[34.67181,-10.9427],[34.6719,-10.94256],[34.67195,-10.94247],[34.67202,-10.9424],[34.67214,-10.94229],[34.67241,-10.94209],[34.67278,-10.94178],[34.67366,-10.94102],[34.67384,-10.94084],[34.67414,-10.94051],[34.67427,-10.94038],[34.67443,-10.94025],[34.67465,-10.94001],[34.67481,-10.93987],[34.67491,-10.93976],[34.67504,-10.93961],[34.67526,-10.9393],[34.67541,-10.93909],[34.67569,-10.93872],[34.67589,-10.93848],[34.67622,-10.93817],[34.67672,-10.93771],[34.67687,-10.93758],[34.67703,-10.93746],[34.67717,-10.93737],[34.67735,-10.93723],[34.6775,-10.93711],[34.67757,-10.93703],[34.67761,-10.93697],[34.67765,-10.93691],[34.67768,-10.93681],[34.67771,-10.93669],[34.67773,-10.93657],[34.67775,-10.93645],[34.67776,-10.93627],[34.67774,-10.9362],[34.67773,-10.93611],[34.67774,-10.93603],[34.67777,-10.93597],[34.6778,-10.9359],[34.67785,-10.93584],[34.67792,-10.93567],[34.67798,-10.93545],[34.67802,-10.93524],[34.67803,-10.93516],[34.67806,-10.93494],[34.67816,-10.93448],[34.67822,-10.93426],[34.67825,-10.93415],[34.67828,-10.93401],[34.67836,-10.93382],[34.67843,-10.9337],[34.67844,-10.93368],[34.67846,-10.93363],[34.67849,-10.93352],[34.67851,-10.93339],[34.6785,-10.9333],[34.67849,-10.93326],[34.67844,-10.9332],[34.67839,-10.93314],[34.67835,-10.93306],[34.67832,-10.93297],[34.67825,-10.93264],[34.67817,-10.93232],[34.67813,-10.93217],[34.67801,-10.93184],[34.67796,-10.93166],[34.67794,-10.93153],[34.67793,-10.93144],[34.67792,-10.9314],[34.6779,-10.93133],[34.67783,-10.9312],[34.6778,-10.93113],[34.67779,-10.93108],[34.67778,-10.93096],[34.67779,-10.93059],[34.67779,-10.93027],[34.6778,-10.93013]]},"properties":{"id":657459769,"cls":"unclassified","hw":"unclassified","tg":"na","name":"","ref":"","surface":"","sc":"unknown","speed":null,"lit":"unk","km":2.549}},
{"type":"Feature","geometry":{"type":"LineString","coordinates":[[34.67692,-10.92456],[34.67676,-10.92456],[34.67647,-10.92459],[34.67637,-10.9246],[34.67632,-10.9246],[34.67628,-10.9246],[34.67625,-10.9246],[34.67623,-10.92459],[34.67614,-10.92453],[34.67611,-10.9245],[34.67608,-10.92449],[34.67605,-10.92448],[34.67597,-10.92446],[34.67581,-10.92439],[34.67568,-10.92431],[34.67556,-10.92427],[34.67545,-10.92423],[34.67533,-10.92418],[34.67525,-10.92416],[34.67521,-10.92416],[34.67519,-10.92416],[34.67513,-10.92418],[34.67502,-10.92423],[34.67491,-10.92425],[34.67483,-10.92427],[34.67475,-10.92428],[34.67462,-10.92429],[34.67452,-10.92429],[34.67439,-10.92429],[34.67433,-10.92431],[34.67426,-10.92435],[34.67416,-10.9244],[34.67399,-10.92451],[34.67386,-10.92457],[34.67381,-10.92458]]},"properties":{"id":657472584,"cls":"residential","hw":"residential","tg":"na","name":"","ref":"","surface":"","sc":"unknown","speed":null,"lit":"unk","km":0.362}},
{"type":"Feature","geometry":{"type":"LineString","coordinates":[[34.67832,-10.93423],[34.67856,-10.93419],[34.67878,-10.93414],[34.67891,-10.93409],[34.67902,-10.93407],[34.67913,-10.93406],[34.6792,-10.93408],[34.67931,-10.93412],[34.67949,-10.93414],[34.67965,-10.93414],[34.67975,-10.93415],[34.67984,-10.93414],[34.6799,-10.93412],[34.67996,-10.93409],[34.68001,-10.93408],[34.68015,-10.93407],[34.68035,-10.93408],[34.68054,-10.93412],[34.68075,-10.93419],[34.68097,-10.93433],[34.68105,-10.93441],[34.68107,-10.93446],[34.6811,-10.93449],[34.68115,-10.93452],[34.6812,-10.93453],[34.68127,-10.93457],[34.68137,-10.93465],[34.68145,-10.93473]]},"properties":{"id":657472585,"cls":"residential","hw":"residential","tg":"na","name":"","ref":"","surface":"","sc":"unknown","speed":null,"lit":"unk","km":0.371}},
{"type":"Feature","geometry":{"type":"LineString","coordinates":[[34.67825,-10.93415],[34.67832,-10.93423]]},"properties":{"id":657472586,"cls":"residential","hw":"residential","tg":"na","name":"","ref":"","surface":"","sc":"unknown","speed":null,"lit":"unk","km":0.012}},
{"type":"Feature","geometry":{"type":"LineString","coordinates":[[34.67822,-10.93426],[34.67832,-10.93423]]},"properties":{"id":657472587,"cls":"residential","hw":"residential","tg":"na","name":"","ref":"","surface":"","sc":"unknown","speed":null,"lit":"unk","km":0.011}},
{"type":"Feature","geometry":{"type":"LineString","coordinates":[[34.67975,-10.94061],[34.67965,-10.94058],[34.67956,-10.94058],[34.6795,-10.94059],[34.67942,-10.94058],[34.67934,-10.94056],[34.67926,-10.94049],[34.67922,-10.94044],[34.67916,-10.94038],[34.67913,-10.94034],[34.6791,-10.94031],[34.67908,-10.94027],[34.67906,-10.94024],[34.67904,-10.94019],[34.67902,-10.94014],[34.679,-10.9401],[34.67894,-10.94002],[34.67884,-10.93989],[34.6787,-10.93977],[34.67858,-10.93969],[34.67845,-10.93956],[34.67828,-10.93941],[34.67811,-10.93926],[34.67808,-10.93925],[34.67806,-10.93925],[34.67802,-10.93927],[34.67797,-10.93929],[34.67788,-10.9393],[34.67783,-10.9393],[34.67777,-10.9393],[34.6777,-10.93927],[34.67764,-10.93924],[34.67761,-10.93923],[34.67759,-10.93922],[34.67753,-10.93922],[34.67748,-10.93921],[34.67742,-10.93919],[34.67729,-10.93911],[34.67722,-10.93909],[34.67713,-10.93907],[34.67711,-10.93906],[34.67709,-10.93907],[34.67707,-10.93908],[34.67705,-10.93908],[34.67704,-10.93907],[34.67703,-10.93905],[34.67701,-10.93903],[34.67701,-10.939],[34.677,-10.93898],[34.677,-10.93897],[34.67698,-10.93896],[34.67696,-10.93895],[34.67692,-10.93895],[34.67688,-10.93896],[34.67685,-10.93898],[34.67683,-10.93899],[34.6768,-10.93899],[34.67677,-10.93898],[34.67674,-10.93896],[34.6767,-10.93893],[34.67668,-10.93891],[34.67664,-10.9389],[34.67656,-10.93889],[34.67648,-10.93889],[34.6764,-10.9389],[34.67633,-10.93893],[34.67626,-10.93897],[34.6762,-10.93899],[34.67615,-10.93898],[34.67606,-10.93894],[34.67597,-10.9389],[34.67582,-10.9388],[34.67569,-10.93872]]},"properties":{"id":657472588,"cls":"residential","hw":"residential","tg":"na","name":"","ref":"","surface":"","sc":"unknown","speed":null,"lit":"unk","km":0.541}},
{"type":"Feature","geometry":{"type":"LineString","coordinates":[[34.67845,-10.94176],[34.67844,-10.94168],[34.67843,-10.94164],[34.67845,-10.94159],[34.67848,-10.94153],[34.67859,-10.94142],[34.67867,-10.9413],[34.67873,-10.94123],[34.67879,-10.94118],[34.67885,-10.94115],[34.67891,-10.94114],[34.679,-10.94114],[34.67906,-10.94113],[34.67915,-10.94111],[34.67924,-10.94105],[34.67935,-10.941],[34.67947,-10.94093],[34.67955,-10.94083],[34.67963,-10.94072],[34.67969,-10.94066],[34.67975,-10.94061],[34.67987,-10.94048],[34.67992,-10.94032],[34.67997,-10.94016],[34.67998,-10.94009],[34.67999,-10.93994],[34.68,-10.93982],[34.68001,-10.93978],[34.67998,-10.93969],[34.67994,-10.93958],[34.67987,-10.93945],[34.6798,-10.93933],[34.67976,-10.93927],[34.67969,-10.93923],[34.67963,-10.9392],[34.67958,-10.93916],[34.67949,-10.93908],[34.67939,-10.93897],[34.67936,-10.93893],[34.67933,-10.93887],[34.67929,-10.9388],[34.67919,-10.9387],[34.67915,-10.93864],[34.67911,-10.93855],[34.67907,-10.93841],[34.67904,-10.93833],[34.67902,-10.93826],[34.679,-10.93819],[34.67896,-10.93808],[34.67894,-10.93801],[34.67894,-10.93796],[34.67894,-10.93791],[34.67895,-10.93788],[34.67895,-10.93786],[34.67895,-10.93785],[34.67895,-10.93783],[34.67892,-10.93781],[34.67889,-10.93779],[34.67885,-10.93776],[34.67883,-10.93774],[34.6788,-10.93771],[34.67877,-10.93764],[34.67875,-10.93761],[34.67873,-10.93758],[34.67869,-10.93752],[34.67866,-10.93747],[34.67861,-10.93741],[34.67857,-10.93738],[34.67854,-10.93737],[34.6785,-10.93734],[34.67849,-10.93731],[34.67845,-10.93725],[34.67837,-10.93714],[34.67828,-10.93704],[34.67815,-10.93692],[34.67797,-10.93676],[34.67773,-10.93657]]},"properties":{"id":657472589,"cls":"residential","hw":"residential","tg":"na","name":"","ref":"","surface":"","sc":"unknown","speed":null,"lit":"unk","km":0.758}},
{"type":"Feature","geometry":{"type":"LineString","coordinates":[[34.67384,-10.94084],[34.67392,-10.94086],[34.67399,-10.94088],[34.67403,-10.94089],[34.67408,-10.94089],[34.67416,-10.94089],[34.6742,-10.94087],[34.67424,-10.94085],[34.67427,-10.94083],[34.67429,-10.94082],[34.67432,-10.94082],[34.67434,-10.94082],[34.67463,-10.94091],[34.67483,-10.94096],[34.67498,-10.94102],[34.6751,-10.94108],[34.67516,-10.94114],[34.67521,-10.94119],[34.67526,-10.94121],[34.67534,-10.94124],[34.67543,-10.94127],[34.67553,-10.94129],[34.67562,-10.94129],[34.67567,-10.94128],[34.67573,-10.94126],[34.67578,-10.94125],[34.67582,-10.94124],[34.67586,-10.94125],[34.676,-10.94127],[34.67626,-10.94129],[34.67645,-10.94134],[34.6766,-10.94137],[34.67682,-10.94139],[34.67715,-10.94141],[34.67731,-10.9414],[34.6774,-10.9414],[34.67747,-10.94141],[34.67756,-10.94144],[34.67765,-10.94147],[34.6778,-10.94152],[34.67795,-10.94157],[34.67805,-10.9416],[34.67814,-10.94161],[34.6782,-10.94162],[34.67831,-10.94163],[34.67837,-10.94165],[34.67843,-10.94171],[34.67845,-10.94176],[34.67849,-10.94184],[34.67853,-10.94192],[34.67856,-10.94198],[34.67857,-10.94203],[34.67857,-10.94208],[34.67858,-10.94212],[34.6786,-10.94215],[34.67864,-10.94217],[34.6787,-10.9422],[34.67876,-10.94221],[34.67879,-10.94223],[34.67882,-10.94225],[34.67885,-10.94229],[34.67888,-10.94236],[34.67893,-10.94241],[34.67898,-10.94246],[34.67902,-10.94248],[34.67906,-10.9425],[34.67912,-10.94252],[34.67922,-10.94253],[34.67929,-10.94255],[34.67934,-10.94257],[34.67946,-10.94268]]},"properties":{"id":657472590,"cls":"residential","hw":"residential","tg":"na","name":"","ref":"","surface":"","sc":"unknown","speed":null,"lit":"unk","km":0.694}},
{"type":"Feature","geometry":{"type":"LineString","coordinates":[[34.66926,-10.9455],[34.66915,-10.94534],[34.66895,-10.94506],[34.66877,-10.94478],[34.66859,-10.94446],[34.66836,-10.944],[34.66817,-10.94366],[34.66808,-10.9435],[34.66799,-10.94334]]},"properties":{"id":657472591,"cls":"residential","hw":"residential","tg":"na","name":"","ref":"","surface":"","sc":"unknown","speed":null,"lit":"unk","km":0.278}},
{"type":"Feature","geometry":{"type":"LineString","coordinates":[[34.66935,-10.94551],[34.66926,-10.9455]]},"properties":{"id":657472592,"cls":"residential","hw":"residential","tg":"na","name":"","ref":"","surface":"","sc":"unknown","speed":null,"lit":"unk","km":0.01}},
{"type":"Feature","geometry":{"type":"LineString","coordinates":[[34.66929,-10.94558],[34.66926,-10.9455]]},"properties":{"id":657472593,"cls":"residential","hw":"residential","tg":"na","name":"","ref":"","surface":"","sc":"unknown","speed":null,"lit":"unk","km":0.009}},
{"type":"Feature","geometry":{"type":"LineString","coordinates":[[34.68008,-10.90562],[34.68033,-10.90571],[34.68047,-10.90579],[34.68066,-10.90591],[34.68075,-10.90598],[34.6808,-10.906],[34.68089,-10.90602],[34.68094,-10.90602],[34.68099,-10.90603],[34.68109,-10.906],[34.68115,-10.90598],[34.68124,-10.90596],[34.68135,-10.90596],[34.68142,-10.90596],[34.68147,-10.90598],[34.68156,-10.90603],[34.68166,-10.90609],[34.68178,-10.90611],[34.68192,-10.90612],[34.68203,-10.90611],[34.68227,-10.9061],[34.68245,-10.9061],[34.6826,-10.9061],[34.68262,-10.90609],[34.68264,-10.90607],[34.68266,-10.90604],[34.68271,-10.90594],[34.68273,-10.9059],[34.68278,-10.90586],[34.68287,-10.9058],[34.68292,-10.90577],[34.68297,-10.90576],[34.68303,-10.90575],[34.68308,-10.90575],[34.68312,-10.90575],[34.68316,-10.90574],[34.68323,-10.90573],[34.68336,-10.90569],[34.68341,-10.90567],[34.68346,-10.90564],[34.6835,-10.9056],[34.68355,-10.90558],[34.68364,-10.90554],[34.68374,-10.90552],[34.68386,-10.90549]]},"properties":{"id":657472594,"cls":"residential","hw":"residential","tg":"na","name":"","ref":"","surface":"","sc":"unknown","speed":null,"lit":"unk","km":0.453}},
{"type":"Feature","geometry":{"type":"LineString","coordinates":[[34.67832,-10.93423],[34.67851,-10.93449],[34.67863,-10.93464],[34.67881,-10.9349],[34.67889,-10.93499],[34.67894,-10.93502],[34.67905,-10.93508],[34.6792,-10.93513],[34.67938,-10.93522],[34.67954,-10.93529],[34.67961,-10.93532],[34.67964,-10.93533],[34.67968,-10.93535],[34.67972,-10.93535],[34.67977,-10.93535],[34.67982,-10.93536],[34.67986,-10.93538],[34.67993,-10.93542],[34.67999,-10.93543],[34.68006,-10.93543],[34.68012,-10.93543],[34.68022,-10.93542],[34.68043,-10.93535],[34.68051,-10.93532],[34.68058,-10.9353],[34.68063,-10.93527],[34.68071,-10.93523],[34.68081,-10.93517],[34.68088,-10.93512],[34.681,-10.93502],[34.6811,-10.93493],[34.68118,-10.93488],[34.68133,-10.93479],[34.6814,-10.93474],[34.68142,-10.93473],[34.68145,-10.93473],[34.68148,-10.93472],[34.68152,-10.93473],[34.68157,-10.93477],[34.68164,-10.93483],[34.68174,-10.93488],[34.68192,-10.93494],[34.68198,-10.93495],[34.68202,-10.93497],[34.68204,-10.93499],[34.68207,-10.93499],[34.6821,-10.93499],[34.68212,-10.93498],[34.68217,-10.93496],[34.6822,-10.93495],[34.68227,-10.93494],[34.68231,-10.93493],[34.68235,-10.93492],[34.68238,-10.9349],[34.68244,-10.93486],[34.68251,-10.93481],[34.68257,-10.93478],[34.6826,-10.93477],[34.68263,-10.93476],[34.68268,-10.93476],[34.68275,-10.93475],[34.68284,-10.93473],[34.6829,-10.93471],[34.68294,-10.9347],[34.68299,-10.9347],[34.68307,-10.93469],[34.68314,-10.9347],[34.68321,-10.93473],[34.68328,-10.93477],[34.68331,-10.93479],[34.68332,-10.9348],[34.68334,-10.93481],[34.68337,-10.93481],[34.6834,-10.93481],[34.68343,-10.93482],[34.68347,-10.93483],[34.68355,-10.93486],[34.68359,-10.93489],[34.68364,-10.93491],[34.68369,-10.93492],[34.68374,-10.93492],[34.68378,-10.93491],[34.68386,-10.93487],[34.68402,-10.93477],[34.68408,-10.93475],[34.68415,-10.93473],[34.68422,-10.93471],[34.68428,-10.93468],[34.68434,-10.93464],[34.68439,-10.93458]]},"properties":{"id":657486374,"cls":"residential","hw":"residential","tg":"na","name":"","ref":"","surface":"","sc":"unknown","speed":null,"lit":"unk","km":0.771}},
{"type":"Feature","geometry":{"type":"LineString","coordinates":[[34.68216,-10.8837],[34.68176,-10.88364],[34.68125,-10.88359],[34.68092,-10.88356],[34.68085,-10.88355],[34.6808,-10.88353],[34.68075,-10.88353],[34.68066,-10.88351],[34.68054,-10.8835],[34.6803,-10.88348],[34.68019,-10.88346],[34.68005,-10.88346],[34.6799,-10.88345],[34.67975,-10.88344],[34.67968,-10.88343],[34.67959,-10.88341],[34.6795,-10.88338],[34.67929,-10.8833],[34.67915,-10.88327],[34.67892,-10.88322],[34.6788,-10.8832],[34.6787,-10.88318],[34.67857,-10.88314],[34.67846,-10.88312],[34.67833,-10.8831],[34.67814,-10.88308],[34.67804,-10.88307],[34.67795,-10.88308],[34.67785,-10.88308],[34.67776,-10.88308],[34.67761,-10.88308],[34.67751,-10.88307],[34.67743,-10.88307],[34.67735,-10.88307],[34.67721,-10.88305],[34.67707,-10.88305],[34.67696,-10.88304],[34.67684,-10.88303],[34.67675,-10.88303],[34.67667,-10.88302],[34.67659,-10.88302],[34.67653,-10.88302],[34.67645,-10.88302],[34.67637,-10.88301],[34.67631,-10.88301],[34.67621,-10.88299],[34.67615,-10.88298],[34.67603,-10.88295],[34.67591,-10.88291],[34.67583,-10.88287],[34.67569,-10.8828],[34.67559,-10.88275],[34.67553,-10.88272],[34.67547,-10.88268],[34.67544,-10.88266],[34.67536,-10.8826],[34.67524,-10.88252],[34.67514,-10.88244],[34.67507,-10.88238],[34.67498,-10.88231],[34.67492,-10.88224],[34.67482,-10.88217],[34.67472,-10.8821],[34.67463,-10.88201],[34.67455,-10.88195],[34.67449,-10.88191],[34.67442,-10.88186],[34.67438,-10.88183],[34.67428,-10.88175],[34.67423,-10.88171],[34.6742,-10.88167],[34.67414,-10.88161],[34.67409,-10.88154],[34.67401,-10.88146],[34.67393,-10.88139],[34.67389,-10.88135],[34.67382,-10.88128],[34.67372,-10.88119],[34.67366,-10.88112],[34.67359,-10.88106],[34.6735,-10.88101],[34.67343,-10.88094],[34.67338,-10.88088],[34.67326,-10.88077],[34.67319,-10.8807],[34.6731,-10.8806],[34.67301,-10.88052],[34.67294,-10.88045],[34.67285,-10.88037],[34.67276,-10.88028],[34.67274,-10.88026]]},"properties":{"id":661962358,"cls":"residential","hw":"residential","tg":"na","name":"","ref":"","surface":"","sc":"unknown","speed":null,"lit":"unk","km":1.15}},
{"type":"Feature","geometry":{"type":"LineString","coordinates":[[34.68113,-10.89551],[34.68101,-10.89556],[34.68074,-10.89565],[34.68042,-10.89574],[34.68013,-10.89584],[34.67988,-10.89592],[34.67961,-10.896],[34.67941,-10.89606],[34.67921,-10.89611],[34.67904,-10.89615],[34.67895,-10.89617],[34.67886,-10.89619],[34.67875,-10.89621],[34.67864,-10.89623],[34.67854,-10.89626],[34.67852,-10.89627],[34.67843,-10.8963],[34.67835,-10.89634],[34.67826,-10.89638],[34.67811,-10.89647],[34.67798,-10.89658],[34.6778,-10.89671],[34.6777,-10.89678],[34.67755,-10.89689],[34.67738,-10.897],[34.67724,-10.89709],[34.67715,-10.89715],[34.67701,-10.89725],[34.6769,-10.89733],[34.67681,-10.89741],[34.67677,-10.89744],[34.67672,-10.89747],[34.6767,-10.89748],[34.67668,-10.89751],[34.67663,-10.89755],[34.67658,-10.89759],[34.67651,-10.89764],[34.67646,-10.89769],[34.67639,-10.89775],[34.67635,-10.8978],[34.6763,-10.89784],[34.67626,-10.89788],[34.67624,-10.89791],[34.67621,-10.89796],[34.67617,-10.898],[34.67612,-10.89806],[34.67607,-10.8981],[34.67599,-10.89817],[34.67594,-10.89823],[34.67587,-10.8983],[34.67581,-10.89837],[34.67575,-10.89844],[34.67565,-10.89851],[34.67552,-10.89862],[34.67546,-10.89865]]},"properties":{"id":661962359,"cls":"residential","hw":"residential","tg":"na","name":"","ref":"","surface":"","sc":"unknown","speed":null,"lit":"unk","km":0.728}},
{"type":"Feature","geometry":{"type":"LineString","coordinates":[[34.68112,-10.89461],[34.68136,-10.89442],[34.68163,-10.89423],[34.68175,-10.89411],[34.68195,-10.89395],[34.68204,-10.89387],[34.68215,-10.89378],[34.68231,-10.89366],[34.68235,-10.89363],[34.68238,-10.89361],[34.68242,-10.89361],[34.68246,-10.89363],[34.68255,-10.89368],[34.6826,-10.89372],[34.68268,-10.89377],[34.68276,-10.89383],[34.68282,-10.89387],[34.68288,-10.8939],[34.68295,-10.89395],[34.683,-10.89397],[34.68305,-10.894],[34.68311,-10.89404],[34.68315,-10.89407],[34.68319,-10.89411],[34.68324,-10.89415],[34.6833,-10.89422],[34.68336,-10.89429],[34.68343,-10.89438],[34.68349,-10.89447],[34.68353,-10.89454],[34.68359,-10.89461],[34.68363,-10.89466],[34.68368,-10.89471],[34.68374,-10.89475],[34.68379,-10.89478],[34.68386,-10.89482],[34.68394,-10.89484],[34.68402,-10.89486],[34.6841,-10.89489],[34.68418,-10.89491],[34.68428,-10.89493],[34.68435,-10.89495],[34.68449,-10.895],[34.68459,-10.89502],[34.68474,-10.89505],[34.68486,-10.89508],[34.68494,-10.8951],[34.68512,-10.89514],[34.68525,-10.89517],[34.68542,-10.89519],[34.68555,-10.89521],[34.68567,-10.89523],[34.68575,-10.89526],[34.68584,-10.89529],[34.68593,-10.89535],[34.68599,-10.8954],[34.6861,-10.89548],[34.68618,-10.89557],[34.68626,-10.89564],[34.68636,-10.89573],[34.68643,-10.8958],[34.68649,-10.89586],[34.68654,-10.89593],[34.68661,-10.89602],[34.68669,-10.89613],[34.68683,-10.89636],[34.68692,-10.89649],[34.68703,-10.89661],[34.68715,-10.89671],[34.68723,-10.89679],[34.6873,-10.89684],[34.68736,-10.89689]]},"properties":{"id":661962360,"cls":"residential","hw":"residential","tg":"na","name":"","ref":"","surface":"","sc":"unknown","speed":null,"lit":"unk","km":0.86}},
{"type":"Feature","geometry":{"type":"LineString","coordinates":[[34.68121,-10.89669],[34.68133,-10.89668],[34.6814,-10.89668],[34.68147,-10.89668],[34.68152,-10.89669],[34.68156,-10.89668],[34.6816,-10.89669],[34.6817,-10.8967],[34.68175,-10.89672],[34.6818,-10.89675],[34.68183,-10.89678],[34.68186,-10.89679],[34.6819,-10.89681],[34.68193,-10.89683],[34.68194,-10.89685],[34.68196,-10.89685],[34.682,-10.89686],[34.68206,-10.89688],[34.68211,-10.8969],[34.68214,-10.89692],[34.68219,-10.89693],[34.68224,-10.89692],[34.68228,-10.8969],[34.68236,-10.89688],[34.68239,-10.89688],[34.68246,-10.89687],[34.68255,-10.89687],[34.68261,-10.89686],[34.68267,-10.89684],[34.68275,-10.89683],[34.68286,-10.89683],[34.68297,-10.89681],[34.68305,-10.89681],[34.68309,-10.89681],[34.68314,-10.89682],[34.68317,-10.89683],[34.68323,-10.89683],[34.68328,-10.89682],[34.68331,-10.89681],[34.68334,-10.8968],[34.68338,-10.89679],[34.68343,-10.89677],[34.68346,-10.89676],[34.6835,-10.89674],[34.68352,-10.89672],[34.68356,-10.89671],[34.68361,-10.89671],[34.68362,-10.89675],[34.68363,-10.89679],[34.68365,-10.89683],[34.68367,-10.89686],[34.68369,-10.89688],[34.68371,-10.8969],[34.68374,-10.89694],[34.68378,-10.89696],[34.68382,-10.89699],[34.68386,-10.89702],[34.6839,-10.89705],[34.68395,-10.89712],[34.684,-10.89717],[34.68402,-10.8972],[34.68403,-10.89724],[34.68404,-10.89728],[34.68406,-10.89733],[34.68407,-10.89736],[34.68409,-10.89738],[34.68412,-10.89742],[34.68413,-10.89746],[34.68413,-10.8975],[34.68415,-10.89752],[34.68419,-10.89757],[34.68422,-10.89762],[34.68424,-10.89766],[34.68426,-10.89769],[34.68427,-10.89774]]},"properties":{"id":661962361,"cls":"residential","hw":"residential","tg":"na","name":"","ref":"","surface":"","sc":"unknown","speed":null,"lit":"unk","km":0.415}},
{"type":"Feature","geometry":{"type":"LineString","coordinates":[[34.68096,-10.89196],[34.68089,-10.892],[34.68081,-10.89205],[34.68076,-10.89209],[34.68074,-10.8921],[34.68072,-10.89212],[34.68067,-10.89215],[34.68059,-10.89219],[34.68054,-10.89221],[34.68049,-10.89223],[34.68045,-10.89224],[34.68041,-10.89223],[34.68036,-10.89222],[34.68027,-10.8922],[34.68021,-10.89219],[34.68013,-10.89218],[34.6801,-10.89218],[34.68007,-10.89218],[34.68004,-10.89217],[34.67999,-10.89217],[34.67994,-10.89218],[34.67988,-10.8922],[34.67981,-10.89223],[34.67976,-10.89226],[34.67973,-10.89229],[34.67971,-10.89233],[34.67969,-10.89238],[34.67967,-10.89243],[34.67965,-10.89246],[34.67961,-10.89251],[34.67958,-10.89256],[34.67953,-10.89261],[34.6795,-10.89263],[34.67947,-10.89266],[34.67942,-10.89269],[34.67936,-10.89273],[34.6793,-10.89276],[34.67927,-10.89279],[34.67925,-10.89282],[34.67924,-10.89283],[34.67923,-10.89284],[34.67921,-10.89286],[34.6792,-10.89287],[34.67915,-10.8929],[34.67912,-10.89292],[34.67909,-10.89295],[34.67901,-10.89304],[34.67897,-10.89311],[34.67891,-10.89325],[34.67886,-10.89341],[34.67883,-10.89349],[34.67883,-10.89353],[34.67882,-10.89361],[34.67881,-10.8937],[34.6788,-10.89378],[34.67878,-10.89385],[34.67875,-10.89391],[34.67869,-10.894],[34.67867,-10.89404],[34.67864,-10.89406],[34.6786,-10.89409],[34.67856,-10.89411],[34.67852,-10.89413],[34.67844,-10.89417],[34.67839,-10.89419],[34.67838,-10.89421],[34.67837,-10.89426],[34.67837,-10.89432],[34.67837,-10.89437],[34.67836,-10.89442],[34.67834,-10.89443],[34.6783,-10.89445],[34.67828,-10.89447],[34.67826,-10.89448],[34.67824,-10.89451],[34.67824,-10.89454],[34.6782,-10.89464],[34.67819,-10.89469],[34.67818,-10.89472],[34.67816,-10.89476],[34.67813,-10.89482],[34.6781,-10.89488],[34.67808,-10.89492],[34.67807,-10.89496],[34.67805,-10.895],[34.67805,-10.89503],[34.67806,-10.89507],[34.67807,-10.8951],[34.67808,-10.89514],[34.67811,-10.89521],[34.67813,-10.89525],[34.67817,-10.89531],[34.6782,-10.89535],[34.67822,-10.89538],[34.67824,-10.89544],[34.67827,-10.89546],[34.67829,-10.8955],[34.67831,-10.89553],[34.67832,-10.89558],[34.67834,-10.89562],[34.67836,-10.89568],[34.67838,-10.89573],[34.67841,-10.89579],[34.67844,-10.89583],[34.67844,-10.89584],[34.67844,-10.89587],[34.67844,-10.89592],[34.67843,-10.89596],[34.67842,-10.89601],[34.67842,-10.89605],[34.67842,-10.89609],[34.67844,-10.89613],[34.67847,-10.89615],[34.67848,-10.89616],[34.67849,-10.8962],[34.67852,-10.89627]]},"properties":{"id":662008168,"cls":"residential","hw":"residential","tg":"na","name":"","ref":"","surface":"","sc":"unknown","speed":null,"lit":"unk","km":0.676}},
{"type":"Feature","geometry":{"type":"LineString","coordinates":[[34.68131,-10.89223],[34.6812,-10.89215],[34.6811,-10.89208],[34.68108,-10.89205],[34.68105,-10.89202],[34.68103,-10.892],[34.68096,-10.89196],[34.68092,-10.89194],[34.68087,-10.89192],[34.68083,-10.89191],[34.68078,-10.8919],[34.68074,-10.89188],[34.68066,-10.89181],[34.68057,-10.89176],[34.68051,-10.89173],[34.68047,-10.89171],[34.68041,-10.89168],[34.68035,-10.89166],[34.6803,-10.89165],[34.68025,-10.89164],[34.6802,-10.89163],[34.68014,-10.89161],[34.68009,-10.89158],[34.68003,-10.89155],[34.67996,-10.89151],[34.6799,-10.89148],[34.67986,-10.89145],[34.6798,-10.89142],[34.67968,-10.89136],[34.67959,-10.89132],[34.67953,-10.89128],[34.67944,-10.89125],[34.67939,-10.89123],[34.6793,-10.8912],[34.67925,-10.89118],[34.67922,-10.89118],[34.67916,-10.89118],[34.6791,-10.89118],[34.67905,-10.89118],[34.67901,-10.89118],[34.67899,-10.89117],[34.67894,-10.89116],[34.6789,-10.89114],[34.67886,-10.89113],[34.67877,-10.8911],[34.67872,-10.89108],[34.6787,-10.89107],[34.67868,-10.89105],[34.67864,-10.89103],[34.6786,-10.89102],[34.67857,-10.89101],[34.67854,-10.891],[34.67852,-10.891],[34.6785,-10.89101],[34.67848,-10.89101],[34.67846,-10.89101],[34.67843,-10.89102],[34.67841,-10.89103],[34.67838,-10.89104],[34.67837,-10.89105],[34.67833,-10.89105],[34.67827,-10.89106],[34.67822,-10.89106],[34.67817,-10.89106],[34.67812,-10.89106],[34.67808,-10.89106],[34.67803,-10.89106],[34.67797,-10.89105],[34.67794,-10.89106],[34.67791,-10.89108],[34.67787,-10.89109],[34.67777,-10.8911],[34.67767,-10.89113],[34.6776,-10.89113],[34.67751,-10.89115],[34.67742,-10.89118],[34.67735,-10.89119],[34.6773,-10.89119],[34.67723,-10.89117],[34.67716,-10.89116],[34.67712,-10.89114],[34.67707,-10.89113],[34.67702,-10.89114],[34.67697,-10.89114],[34.67693,-10.89113],[34.67691,-10.89113],[34.6769,-10.89113],[34.67689,-10.89113],[34.67689,-10.89113],[34.67688,-10.89114],[34.67688,-10.89116],[34.67687,-10.8912],[34.67686,-10.89122],[34.67684,-10.89124],[34.67683,-10.89126],[34.67679,-10.89128],[34.67676,-10.89128],[34.67673,-10.89129],[34.67669,-10.89129],[34.67665,-10.89128],[34.67662,-10.89128],[34.67658,-10.89128],[34.67656,-10.89128],[34.67654,-10.89127],[34.6765,-10.89127],[34.67646,-10.89126],[34.67645,-10.89126],[34.67641,-10.89126],[34.67637,-10.89127],[34.67632,-10.89128],[34.6763,-10.89128],[34.67628,-10.89129],[34.67623,-10.89129],[34.67619,-10.89129],[34.67616,-10.8913],[34.67613,-10.89131],[34.67611,-10.89132],[34.67609,-10.89132],[34.67606,-10.89132],[34.67604,-10.89133],[34.67602,-10.89134],[34.67599,-10.89137],[34.67595,-10.89142],[34.67591,-10.89146],[34.67588,-10.89149],[34.67586,-10.89152],[34.67583,-10.89156],[34.67581,-10.89157],[34.67579,-10.89159],[34.67575,-10.89161],[34.6757,-10.89163],[34.67565,-10.89166],[34.67556,-10.8917],[34.67548,-10.89173],[34.67542,-10.89176],[34.67538,-10.89179],[34.67534,-10.89183],[34.67529,-10.89188],[34.67526,-10.8919],[34.67523,-10.89192],[34.67521,-10.89193],[34.67519,-10.89193],[34.67516,-10.89193],[34.67512,-10.89193],[34.67501,-10.89193],[34.67497,-10.89192],[34.67491,-10.89192],[34.67488,-10.89193],[34.67485,-10.89193],[34.67482,-10.89194],[34.67479,-10.89194],[34.67477,-10.89195],[34.67472,-10.89197],[34.67468,-10.89198],[34.67464,-10.89197],[34.6746,-10.89197],[34.67456,-10.89197],[34.67453,-10.89198],[34.67449,-10.89198],[34.67443,-10.89198],[34.67436,-10.89198],[34.67431,-10.89199],[34.67427,-10.892],[34.67422,-10.89201],[34.67418,-10.89202],[34.67417,-10.89202],[34.67414,-10.89203],[34.67411,-10.89202],[34.67408,-10.89201],[34.67403,-10.892],[34.67399,-10.892],[34.67397,-10.892],[34.67393,-10.892],[34.6739,-10.89199],[34.67386,-10.89199],[34.67382,-10.89198],[34.67379,-10.89197],[34.67377,-10.89196],[34.67374,-10.89195],[34.6737,-10.89195],[34.67365,-10.89194],[34.67359,-10.89193],[34.67355,-10.89192],[34.67349,-10.89189],[34.67343,-10.89185],[34.67339,-10.89183],[34.67336,-10.89181],[34.67334,-10.89179],[34.67332,-10.89178],[34.6733,-10.89176],[34.67328,-10.89175],[34.67327,-10.89173],[34.67324,-10.8917],[34.6732,-10.89168],[34.67315,-10.89165],[34.67311,-10.89163],[34.67307,-10.89162],[34.67303,-10.89162],[34.67299,-10.89162],[34.67295,-10.8916],[34.67292,-10.8916],[34.67287,-10.89159],[34.67281,-10.89159],[34.67271,-10.89159],[34.67261,-10.89158],[34.67252,-10.89159],[34.67245,-10.8916],[34.6724,-10.89161],[34.67236,-10.89162],[34.6723,-10.89162],[34.67225,-10.89162],[34.6722,-10.89162],[34.67213,-10.8916],[34.67209,-10.89159],[34.67205,-10.89158],[34.67201,-10.89159],[34.67197,-10.89159],[34.67194,-10.89161],[34.67188,-10.89161],[34.67182,-10.89161],[34.67176,-10.89159],[34.67162,-10.89145]]},"properties":{"id":662008169,"cls":"residential","hw":"residential","tg":"na","name":"","ref":"","surface":"","sc":"unknown","speed":null,"lit":"unk","km":1.16}},
{"type":"Feature","geometry":{"type":"LineString","coordinates":[[34.68227,-10.84345],[34.68266,-10.84357],[34.68316,-10.84374],[34.68347,-10.84387],[34.68358,-10.84392],[34.68371,-10.84394],[34.68385,-10.84397],[34.68414,-10.84406],[34.68437,-10.84411],[34.68451,-10.84415],[34.68488,-10.84424],[34.68515,-10.84429],[34.68533,-10.84432],[34.68553,-10.84434],[34.68578,-10.84436],[34.68599,-10.84436],[34.68624,-10.84437],[34.68651,-10.84439],[34.68687,-10.84441],[34.68703,-10.84443],[34.68717,-10.84447],[34.68728,-10.8445],[34.68737,-10.84455],[34.68757,-10.84463],[34.68773,-10.84472],[34.68795,-10.84483],[34.68808,-10.84488],[34.68823,-10.84495],[34.68834,-10.84501],[34.68842,-10.84505],[34.68847,-10.84508],[34.68853,-10.8451],[34.68861,-10.84512],[34.68868,-10.84513],[34.68877,-10.84514],[34.68885,-10.84513],[34.68896,-10.84514],[34.68907,-10.84515],[34.68913,-10.84516],[34.68922,-10.84519],[34.68931,-10.84523],[34.6894,-10.84528],[34.6895,-10.84532],[34.68963,-10.84539],[34.68976,-10.84546],[34.68987,-10.84552],[34.68998,-10.84561],[34.69005,-10.84567],[34.69016,-10.84577],[34.69024,-10.84584],[34.69033,-10.84592],[34.6905,-10.84603],[34.69062,-10.84609],[34.69078,-10.84613],[34.69089,-10.84616],[34.69112,-10.84622],[34.69136,-10.84629],[34.69153,-10.84634],[34.6917,-10.84636],[34.69185,-10.84637],[34.69194,-10.84637],[34.69201,-10.84636],[34.6921,-10.84634],[34.69217,-10.8463],[34.69225,-10.8462],[34.69233,-10.84613],[34.69241,-10.84603],[34.69248,-10.84596],[34.69259,-10.84591],[34.69271,-10.84586],[34.6928,-10.84584],[34.69289,-10.84583],[34.69299,-10.84583],[34.6931,-10.84586],[34.6933,-10.84591],[34.69346,-10.84594],[34.69366,-10.84598],[34.69381,-10.84601],[34.69395,-10.84603],[34.69408,-10.84604],[34.69417,-10.84605],[34.6943,-10.84605],[34.69441,-10.84603],[34.69451,-10.84601],[34.69461,-10.84599],[34.6947,-10.84597],[34.69479,-10.84597],[34.69491,-10.84598],[34.69504,-10.846],[34.69519,-10.84602],[34.69536,-10.84605],[34.69548,-10.84607],[34.6956,-10.84607],[34.69577,-10.84607],[34.69597,-10.84606],[34.69613,-10.84605],[34.69634,-10.84605],[34.69648,-10.84605],[34.69665,-10.84605],[34.69677,-10.84604],[34.69695,-10.84604],[34.69711,-10.84603],[34.69721,-10.84602],[34.69734,-10.846],[34.69745,-10.84598],[34.69758,-10.84596],[34.6977,-10.84594],[34.69779,-10.84593],[34.69789,-10.84592],[34.69796,-10.84592],[34.69801,-10.84593],[34.69807,-10.84594],[34.69813,-10.84595],[34.69824,-10.84597],[34.69839,-10.846],[34.69851,-10.84604],[34.69862,-10.84608],[34.69872,-10.84612],[34.69879,-10.84614],[34.69883,-10.84615],[34.69888,-10.84615],[34.69892,-10.84614],[34.69895,-10.84613],[34.699,-10.84609],[34.69906,-10.84607],[34.6991,-10.84605],[34.69918,-10.84606],[34.69923,-10.84607],[34.69929,-10.84607],[34.69937,-10.84606],[34.69943,-10.84602],[34.69951,-10.84595],[34.69959,-10.84586],[34.69966,-10.84575],[34.69971,-10.84566],[34.69976,-10.8456],[34.6998,-10.84556],[34.69985,-10.84553],[34.69989,-10.84553],[34.69995,-10.84553],[34.69999,-10.84555],[34.70003,-10.84558],[34.70007,-10.8456],[34.70014,-10.84561],[34.70019,-10.84562],[34.70025,-10.84562],[34.70032,-10.84564],[34.70037,-10.84566],[34.70041,-10.84568],[34.70046,-10.84571],[34.7005,-10.84573],[34.70056,-10.84578],[34.70068,-10.84585],[34.70079,-10.84593],[34.70089,-10.84598],[34.70099,-10.84599],[34.70107,-10.84598],[34.70118,-10.84593],[34.70126,-10.84589],[34.70135,-10.84588],[34.70146,-10.84589],[34.70156,-10.84593],[34.70164,-10.84597],[34.7017,-10.84605],[34.70172,-10.84614],[34.70174,-10.84625],[34.70174,-10.84638],[34.70173,-10.84649],[34.70173,-10.8466],[34.70174,-10.84666],[34.70176,-10.84671],[34.70178,-10.84676],[34.70181,-10.84679],[34.70187,-10.84688],[34.70195,-10.84697],[34.70205,-10.84711],[34.7021,-10.84718],[34.70217,-10.84729],[34.70223,-10.8474],[34.7023,-10.84749],[34.70238,-10.84759],[34.70249,-10.8477],[34.70258,-10.84775],[34.70269,-10.84781],[34.70283,-10.84787],[34.70291,-10.84789],[34.703,-10.84791],[34.70314,-10.84795],[34.70325,-10.84798],[34.70334,-10.84802],[34.70343,-10.84807],[34.70351,-10.84811],[34.70357,-10.84813],[34.70362,-10.84816],[34.70368,-10.84817],[34.70373,-10.84818],[34.70382,-10.84819],[34.70389,-10.84819],[34.70395,-10.84819],[34.70403,-10.84819],[34.70411,-10.84819],[34.70419,-10.84818],[34.70439,-10.84817],[34.70457,-10.84816],[34.70477,-10.84816],[34.70492,-10.84816],[34.70504,-10.84816],[34.70519,-10.84817],[34.70528,-10.84818],[34.70534,-10.8482],[34.70549,-10.84827],[34.70563,-10.84833],[34.70574,-10.84839],[34.70587,-10.84847],[34.70594,-10.84851],[34.70598,-10.84856],[34.70605,-10.84863],[34.7061,-10.8487],[34.70614,-10.84874],[34.70619,-10.84877],[34.70625,-10.84879],[34.7063,-10.84879],[34.70635,-10.84878],[34.70639,-10.84877],[34.70645,-10.84875],[34.7065,-10.84872],[34.70658,-10.84867],[34.70671,-10.84857],[34.70682,-10.84849],[34.70694,-10.84842],[34.70702,-10.84837],[34.70708,-10.84835],[34.70719,-10.84835],[34.70736,-10.84836],[34.70753,-10.84836],[34.70767,-10.84836],[34.70777,-10.84836],[34.70785,-10.84834],[34.70791,-10.84832],[34.70799,-10.84829],[34.70804,-10.84827],[34.7081,-10.84823],[34.70817,-10.84818],[34.70824,-10.84812],[34.70832,-10.84804],[34.70838,-10.84799],[34.70844,-10.84795],[34.70852,-10.8479],[34.70864,-10.84787],[34.70874,-10.84784],[34.70884,-10.84782],[34.70896,-10.84781],[34.70908,-10.84779],[34.70922,-10.84779],[34.70936,-10.84779],[34.7095,-10.8478],[34.70963,-10.8478],[34.70978,-10.84782],[34.70994,-10.84783],[34.71011,-10.84784],[34.7102,-10.84787],[34.71025,-10.84789],[34.71032,-10.84791],[34.71041,-10.84794],[34.71051,-10.84796],[34.71062,-10.84797],[34.71075,-10.84798],[34.71086,-10.84798],[34.711,-10.84798],[34.71106,-10.84798],[34.71112,-10.84799],[34.71116,-10.848],[34.7112,-10.84802],[34.71124,-10.84802],[34.71127,-10.84803],[34.71136,-10.84802],[34.71143,-10.84802],[34.71159,-10.84803],[34.71177,-10.84806],[34.71189,-10.84809],[34.71203,-10.84813],[34.71215,-10.84817],[34.71226,-10.84822],[34.71235,-10.84827],[34.71242,-10.84832],[34.71247,-10.84837],[34.71252,-10.84842],[34.71259,-10.84851],[34.71265,-10.8486],[34.71271,-10.84868],[34.71276,-10.84873],[34.7128,-10.84878],[34.71288,-10.84886],[34.71295,-10.84893],[34.71304,-10.84903],[34.71313,-10.84912],[34.71322,-10.84921],[34.7133,-10.84929],[34.71341,-10.84937],[34.7135,-10.84945],[34.7136,-10.84952],[34.71369,-10.84958],[34.71377,-10.84963],[34.71385,-10.84967],[34.71391,-10.8497],[34.71396,-10.84973],[34.71402,-10.84975],[34.71409,-10.84976],[34.71415,-10.84976],[34.71421,-10.84976],[34.71428,-10.84975],[34.71436,-10.84973],[34.71441,-10.84972],[34.71447,-10.84971],[34.71453,-10.84971],[34.71461,-10.84972],[34.71468,-10.84974],[34.71476,-10.84977],[34.71485,-10.84981],[34.71497,-10.84986],[34.71508,-10.8499],[34.71514,-10.84992],[34.71524,-10.84994],[34.71535,-10.84996],[34.71544,-10.84999],[34.71554,-10.85001],[34.71567,-10.85005],[34.71578,-10.85008],[34.71589,-10.85011],[34.71598,-10.85013],[34.71607,-10.85015],[34.71615,-10.85016],[34.71624,-10.85016],[34.71632,-10.85016],[34.71643,-10.85016],[34.7165,-10.85015],[34.71661,-10.85011],[34.71673,-10.85008],[34.71683,-10.85005],[34.71692,-10.85002],[34.71701,-10.85],[34.71715,-10.84998],[34.71728,-10.84997],[34.7174,-10.84996],[34.71757,-10.84995],[34.71774,-10.84993],[34.71785,-10.84992],[34.71799,-10.84993],[34.71811,-10.84994],[34.7182,-10.84995],[34.71827,-10.84997],[34.71833,-10.85],[34.71839,-10.85004],[34.71846,-10.8501],[34.71854,-10.85018],[34.71863,-10.85026],[34.71869,-10.85032],[34.71877,-10.85037],[34.71883,-10.85041],[34.71888,-10.85044],[34.71895,-10.85046],[34.71903,-10.85048],[34.71912,-10.85049],[34.71919,-10.8505],[34.71924,-10.85052],[34.71933,-10.85055],[34.71939,-10.85059],[34.71946,-10.85063],[34.71951,-10.85067],[34.71958,-10.85073],[34.71965,-10.85081],[34.71971,-10.85087],[34.71977,-10.85095],[34.71982,-10.85102],[34.71987,-10.85108],[34.71992,-10.85115],[34.72002,-10.85129],[34.72007,-10.85135],[34.72013,-10.85142],[34.72023,-10.85152],[34.72029,-10.85158],[34.72032,-10.85162],[34.72037,-10.8517],[34.72041,-10.85176],[34.72046,-10.85184],[34.7205,-10.85192],[34.72053,-10.852],[34.72057,-10.85209],[34.72061,-10.85219],[34.72064,-10.85225],[34.72066,-10.85229],[34.72067,-10.85238],[34.72067,-10.85249],[34.72066,-10.85259],[34.72064,-10.8527],[34.72063,-10.85279],[34.72062,-10.85288],[34.7206,-10.85295],[34.7206,-10.85305],[34.7206,-10.8531],[34.72061,-10.85314],[34.72062,-10.85318],[34.72064,-10.85321],[34.72068,-10.85325],[34.72071,-10.85327],[34.72074,-10.8533],[34.72078,-10.85332],[34.72084,-10.85335],[34.72091,-10.85338],[34.72099,-10.85341],[34.72108,-10.85343],[34.72117,-10.85345],[34.72125,-10.85346],[34.72135,-10.85349],[34.72143,-10.85351],[34.72155,-10.85355],[34.7216,-10.85357],[34.72171,-10.8536],[34.72179,-10.85363],[34.72185,-10.85365],[34.72193,-10.85369],[34.72202,-10.85372],[34.72208,-10.85375],[34.72215,-10.85377],[34.72221,-10.85379],[34.72228,-10.85382],[34.72236,-10.85385],[34.72252,-10.85391],[34.72269,-10.85398],[34.72277,-10.85403],[34.72283,-10.85408],[34.72287,-10.85414],[34.7229,-10.85421],[34.72296,-10.85432],[34.72302,-10.85445],[34.72308,-10.85457],[34.72312,-10.85464],[34.72316,-10.85472],[34.7232,-10.85477],[34.72328,-10.85488],[34.72338,-10.85498],[34.72346,-10.85507],[34.72353,-10.85513],[34.72362,-10.8552],[34.72374,-10.85531],[34.72386,-10.8554],[34.72396,-10.85549],[34.72405,-10.85557],[34.72412,-10.85563],[34.72425,-10.85575],[34.72437,-10.85585],[34.72452,-10.85595],[34.72464,-10.85603],[34.72476,-10.85611],[34.72487,-10.85616],[34.72497,-10.85618],[34.72506,-10.85617],[34.72515,-10.85615],[34.72524,-10.85611],[34.72537,-10.85605],[34.72552,-10.85596],[34.7257,-10.85584],[34.72582,-10.85574],[34.72593,-10.85567],[34.72601,-10.85562],[34.7261,-10.85558],[34.7262,-10.85556],[34.72631,-10.85554],[34.72646,-10.8555],[34.72658,-10.85546],[34.72668,-10.85541],[34.72677,-10.85536],[34.72687,-10.85532],[34.72695,-10.85529],[34.72701,-10.85528],[34.72706,-10.85529],[34.72712,-10.85531],[34.72721,-10.85533],[34.72728,-10.85535],[34.72743,-10.85538],[34.7276,-10.85539],[34.7277,-10.85541],[34.72781,-10.85543],[34.72794,-10.85545],[34.72804,-10.85547],[34.72816,-10.85549],[34.72829,-10.85551],[34.72842,-10.85553],[34.72858,-10.85556],[34.72867,-10.85557],[34.72875,-10.85557],[34.72882,-10.85556],[34.72888,-10.85555],[34.72898,-10.85552],[34.7291,-10.85548],[34.72923,-10.85542],[34.72932,-10.85537],[34.72942,-10.85533],[34.72954,-10.85526],[34.72967,-10.85519],[34.72981,-10.85511],[34.72992,-10.85505],[34.73003,-10.855],[34.73019,-10.85494],[34.73031,-10.8549],[34.73043,-10.85487],[34.73055,-10.85485],[34.73065,-10.85483],[34.73077,-10.85483],[34.7309,-10.85482],[34.731,-10.85484],[34.73111,-10.85486],[34.7312,-10.85488],[34.73127,-10.85491],[34.73134,-10.85494],[34.73147,-10.85496],[34.7316,-10.85497],[34.73175,-10.85497],[34.7319,-10.85496],[34.73208,-10.85495],[34.73222,-10.85494],[34.73235,-10.85493],[34.73248,-10.8549],[34.7326,-10.85488],[34.73273,-10.85486],[34.73286,-10.85483],[34.73303,-10.85479],[34.73312,-10.85477],[34.73322,-10.85476],[34.73334,-10.85475],[34.73345,-10.85475],[34.73352,-10.85474],[34.73359,-10.85473],[34.73368,-10.85472],[34.73378,-10.85469],[34.7339,-10.85467],[34.73404,-10.85462],[34.73414,-10.85457],[34.73424,-10.85454],[34.73432,-10.85449],[34.73439,-10.85446],[34.73444,-10.85443],[34.73449,-10.8544],[34.73454,-10.85439],[34.73458,-10.8544],[34.73464,-10.85441],[34.73468,-10.85442],[34.73479,-10.85441],[34.73491,-10.8544],[34.73504,-10.85438],[34.73525,-10.85433],[34.73541,-10.8543],[34.73559,-10.85425],[34.73574,-10.8542],[34.73585,-10.85417],[34.736,-10.85413],[34.73611,-10.8541],[34.73622,-10.85406],[34.73635,-10.85404],[34.73647,-10.85402],[34.73658,-10.854],[34.73669,-10.85399],[34.73676,-10.85398],[34.73685,-10.85398],[34.73696,-10.85399],[34.73704,-10.854],[34.73715,-10.85401],[34.73724,-10.85402],[34.73731,-10.85404],[34.73746,-10.85406],[34.73762,-10.85407],[34.73782,-10.85409],[34.73796,-10.85412],[34.73811,-10.85414],[34.73836,-10.85418],[34.73848,-10.85418],[34.73858,-10.85419],[34.73871,-10.85421],[34.73886,-10.85423],[34.73898,-10.85423],[34.73913,-10.85425],[34.73931,-10.85427],[34.73947,-10.85429],[34.73962,-10.85431],[34.73973,-10.85433],[34.73983,-10.85434],[34.73987,-10.85435],[34.73993,-10.85435],[34.73997,-10.85435],[34.74003,-10.85434],[34.7401,-10.85433],[34.74022,-10.85431],[34.74033,-10.85428],[34.74039,-10.85427],[34.74044,-10.85427],[34.74048,-10.85429],[34.74051,-10.85431],[34.74054,-10.85434],[34.74057,-10.85438],[34.74059,-10.85443],[34.7406,-10.85448],[34.7406,-10.85452],[34.7406,-10.8546],[34.74061,-10.85466],[34.74061,-10.85472],[34.74064,-10.85478],[34.74066,-10.85482],[34.74067,-10.85486],[34.7407,-10.85492],[34.74073,-10.85496],[34.74077,-10.855],[34.74081,-10.85504],[34.74086,-10.85509],[34.74092,-10.85514],[34.74097,-10.85518],[34.74104,-10.85523],[34.7411,-10.85526],[34.74116,-10.8553],[34.74122,-10.85534],[34.74128,-10.85538],[34.74138,-10.85544],[34.74144,-10.85548],[34.74148,-10.85552],[34.74154,-10.85555],[34.74157,-10.85556],[34.74162,-10.85557],[34.74166,-10.85558],[34.7417,-10.85559],[34.74173,-10.85559],[34.74177,-10.85559],[34.74184,-10.85558],[34.74192,-10.85557],[34.742,-10.85555],[34.74209,-10.85552],[34.74216,-10.8555],[34.74231,-10.85543],[34.74248,-10.85536],[34.74258,-10.85532],[34.74265,-10.85531],[34.74271,-10.8553],[34.74277,-10.8553],[34.74282,-10.8553],[34.74291,-10.85533],[34.74304,-10.85538],[34.74317,-10.85546],[34.74326,-10.85553],[34.74334,-10.85558],[34.7434,-10.85561],[34.74345,-10.85563],[34.7435,-10.85565],[34.74355,-10.85567],[34.7436,-10.85568],[34.74364,-10.85569],[34.74369,-10.85569],[34.74374,-10.85566],[34.74383,-10.85562],[34.74392,-10.85558],[34.74407,-10.85552],[34.74429,-10.85539],[34.74439,-10.85533],[34.74449,-10.85528],[34.74458,-10.85522],[34.74468,-10.85516],[34.74478,-10.8551],[34.74486,-10.85505],[34.74497,-10.85499],[34.74504,-10.85497],[34.74511,-10.85496],[34.74518,-10.85497],[34.74527,-10.85497],[34.74537,-10.85498],[34.74547,-10.85499],[34.74558,-10.855],[34.74583,-10.85503],[34.74599,-10.85505],[34.74612,-10.85508],[34.74622,-10.8551],[34.74631,-10.85509],[34.74636,-10.85508],[34.74641,-10.85505],[34.74656,-10.85496],[34.74662,-10.85491],[34.74671,-10.85482],[34.7468,-10.85474],[34.74689,-10.85468],[34.74699,-10.85461],[34.7471,-10.85453],[34.74721,-10.85447],[34.74732,-10.8544],[34.7474,-10.85433],[34.74754,-10.85421],[34.74769,-10.85407],[34.74784,-10.85394],[34.74799,-10.85379],[34.74819,-10.85361],[34.74836,-10.85346],[34.7485,-10.85333],[34.74859,-10.85324],[34.74868,-10.85314],[34.74873,-10.85307],[34.7488,-10.85297],[34.74891,-10.85288],[34.74901,-10.85278],[34.74913,-10.85267],[34.74925,-10.85256],[34.74941,-10.85242],[34.74955,-10.8523],[34.74965,-10.85222],[34.74972,-10.85215],[34.74979,-10.85207],[34.74986,-10.85198],[34.7499,-10.85189],[34.74994,-10.8518],[34.74997,-10.85172],[34.75,-10.85161],[34.75002,-10.85151],[34.75004,-10.85137],[34.75006,-10.85127],[34.7501,-10.85116],[34.75016,-10.85097],[34.7502,-10.85083],[34.75025,-10.85069],[34.75029,-10.85057],[34.75034,-10.85043],[34.75039,-10.85028],[34.75042,-10.85018],[34.75046,-10.85007],[34.75049,-10.84998],[34.75054,-10.84982],[34.75059,-10.84966],[34.75062,-10.84951],[34.75064,-10.84938],[34.75064,-10.84927],[34.75066,-10.84918],[34.75066,-10.84908],[34.75067,-10.84892],[34.75068,-10.8488],[34.7507,-10.84869],[34.75071,-10.84856],[34.75073,-10.84848],[34.75077,-10.84836],[34.75081,-10.84827],[34.75086,-10.84818],[34.75093,-10.84807],[34.75101,-10.84796],[34.7511,-10.84786],[34.75117,-10.84778],[34.75127,-10.84768],[34.75139,-10.84756],[34.75149,-10.84746],[34.7516,-10.84736],[34.75174,-10.84723],[34.75183,-10.84715],[34.75197,-10.84701],[34.75213,-10.84687],[34.75225,-10.84677],[34.75238,-10.84664],[34.75258,-10.84647],[34.75269,-10.84638],[34.75283,-10.84621],[34.75292,-10.8461],[34.75298,-10.84601],[34.75307,-10.84587],[34.75312,-10.84578],[34.75314,-10.84568],[34.75314,-10.8456],[34.75313,-10.84553],[34.75311,-10.84539],[34.75309,-10.84526],[34.75306,-10.84512],[34.75304,-10.84501],[34.75302,-10.84487],[34.75298,-10.84472],[34.75296,-10.84457],[34.75294,-10.84445],[34.75291,-10.84425],[34.75287,-10.84408],[34.75285,-10.84397],[34.75284,-10.84378],[34.75284,-10.8436],[34.75286,-10.84345],[34.7529,-10.84324],[34.75293,-10.84307],[34.75298,-10.84286],[34.75302,-10.84265],[34.75308,-10.84244],[34.75313,-10.84228],[34.75319,-10.84213],[34.75328,-10.84202],[34.75334,-10.84195],[34.75337,-10.84188],[34.75346,-10.84177],[34.75357,-10.84164],[34.75367,-10.84155],[34.75378,-10.84148],[34.75391,-10.84141],[34.75402,-10.84137],[34.75418,-10.84134],[34.75436,-10.84132],[34.75454,-10.84131],[34.7547,-10.84131],[34.75484,-10.84132],[34.755,-10.84133],[34.75516,-10.84134],[34.75534,-10.84134],[34.7554,-10.84134],[34.75546,-10.84135],[34.75552,-10.84137],[34.75556,-10.84139],[34.75563,-10.84141],[34.75568,-10.84141],[34.75573,-10.8414],[34.7558,-10.84138],[34.75585,-10.84135],[34.75593,-10.84131],[34.75607,-10.84124],[34.7562,-10.84117],[34.75631,-10.84111],[34.75643,-10.84105],[34.75652,-10.84099],[34.75661,-10.84092],[34.75678,-10.84079],[34.75689,-10.8407],[34.75699,-10.84062],[34.75709,-10.84056],[34.75717,-10.8405],[34.75728,-10.84042],[34.75738,-10.84036],[34.75747,-10.8403],[34.75758,-10.84023],[34.75764,-10.84019],[34.75775,-10.84014],[34.75785,-10.84009],[34.75793,-10.84003],[34.75803,-10.83998],[34.75811,-10.83994],[34.7582,-10.8399],[34.7583,-10.83984],[34.7584,-10.83978],[34.75849,-10.83974],[34.7586,-10.83969],[34.75871,-10.83964],[34.75884,-10.83959],[34.75898,-10.83954],[34.75911,-10.8395],[34.75924,-10.83946],[34.75935,-10.83945],[34.75945,-10.83943],[34.75962,-10.83944],[34.7598,-10.83944],[34.75998,-10.83943],[34.76017,-10.83944],[34.76039,-10.83944],[34.76052,-10.83945],[34.76073,-10.83946],[34.7609,-10.83946],[34.76104,-10.83945],[34.76127,-10.83945],[34.76141,-10.83945],[34.76153,-10.83942],[34.76168,-10.83935],[34.76188,-10.83926],[34.76208,-10.83917],[34.76222,-10.8391],[34.76237,-10.83902],[34.76253,-10.83896],[34.76267,-10.83888],[34.76285,-10.83878],[34.76295,-10.83874],[34.76306,-10.8387],[34.76315,-10.83869],[34.76322,-10.83867],[34.76333,-10.83867],[34.76347,-10.83869],[34.7636,-10.83872],[34.7637,-10.83875],[34.76382,-10.83878],[34.76392,-10.83882],[34.76403,-10.83888],[34.76418,-10.83896],[34.76431,-10.83901],[34.7644,-10.83905],[34.7645,-10.83909],[34.76461,-10.83913],[34.76468,-10.83915],[34.76475,-10.83916],[34.76483,-10.83916],[34.76492,-10.83915],[34.76502,-10.83912],[34.76511,-10.83909],[34.76527,-10.83902],[34.76545,-10.83893],[34.76557,-10.83886],[34.76574,-10.8388],[34.76588,-10.83874],[34.76603,-10.83869],[34.76617,-10.83865],[34.76636,-10.8386],[34.76653,-10.83856],[34.76662,-10.83854],[34.76666,-10.83852],[34.76675,-10.83851],[34.76687,-10.83851],[34.76697,-10.83852],[34.76714,-10.83852],[34.76726,-10.83852],[34.76737,-10.83851],[34.76749,-10.8385],[34.76754,-10.83848],[34.76761,-10.83846],[34.76776,-10.83841],[34.76788,-10.83839],[34.76799,-10.83837],[34.76815,-10.83834],[34.76821,-10.83833],[34.76833,-10.83832],[34.76845,-10.8383],[34.76863,-10.83827],[34.76877,-10.83825],[34.76893,-10.83822],[34.76909,-10.8382],[34.76922,-10.83818],[34.76938,-10.83816],[34.76954,-10.83812],[34.76974,-10.83809],[34.76992,-10.83806],[34.77003,-10.83805],[34.77012,-10.83804],[34.77022,-10.83804],[34.77034,-10.83805],[34.77042,-10.83806],[34.77054,-10.83809],[34.77064,-10.83811],[34.77074,-10.83814],[34.77094,-10.83817],[34.7711,-10.8382],[34.77123,-10.8382],[34.77134,-10.8382],[34.77145,-10.83819],[34.77154,-10.83818],[34.77162,-10.83817],[34.77177,-10.83816],[34.77195,-10.83815],[34.77206,-10.83814],[34.77225,-10.83815],[34.77239,-10.83817],[34.77253,-10.83819],[34.77267,-10.83822],[34.77278,-10.83825],[34.77286,-10.83827],[34.77303,-10.83828],[34.77314,-10.83828],[34.77325,-10.83828],[34.77336,-10.83827],[34.77362,-10.83826],[34.77385,-10.83825],[34.77407,-10.83826],[34.77422,-10.83827],[34.77436,-10.83827],[34.77454,-10.83827],[34.77468,-10.83828],[34.7748,-10.83825],[34.77487,-10.83822],[34.77505,-10.83817],[34.7752,-10.83812],[34.77543,-10.83806],[34.77558,-10.83802],[34.77573,-10.83799],[34.77583,-10.83799],[34.77601,-10.83798],[34.77615,-10.83798],[34.77632,-10.83796],[34.77643,-10.83795],[34.77658,-10.83794],[34.77678,-10.83792],[34.77695,-10.83791],[34.7771,-10.8379],[34.77735,-10.8379],[34.77755,-10.83791],[34.77767,-10.83791],[34.77782,-10.83793],[34.77797,-10.83797],[34.77813,-10.83801],[34.77828,-10.83806],[34.77848,-10.83811],[34.77861,-10.83815],[34.77881,-10.8382],[34.77902,-10.83826],[34.77921,-10.83831],[34.77936,-10.83836],[34.77954,-10.83841],[34.7797,-10.83846],[34.77985,-10.83851],[34.78009,-10.83857],[34.78027,-10.83861],[34.78051,-10.83868],[34.78071,-10.83873],[34.781,-10.83882],[34.78116,-10.83888],[34.78129,-10.83892],[34.78142,-10.83895],[34.78153,-10.83897],[34.78163,-10.83898],[34.78171,-10.83899],[34.78187,-10.839],[34.78202,-10.839],[34.78215,-10.83901],[34.78226,-10.83902],[34.78242,-10.83904],[34.78265,-10.83907],[34.78279,-10.83907],[34.78296,-10.83908],[34.7831,-10.83908],[34.78323,-10.83908],[34.78337,-10.83908],[34.78348,-10.83908],[34.78364,-10.83906],[34.78377,-10.83904],[34.78391,-10.83902],[34.78402,-10.839],[34.78414,-10.83899],[34.78428,-10.83895],[34.78436,-10.83893],[34.78443,-10.83889],[34.7845,-10.83886],[34.78462,-10.83879],[34.78474,-10.83871],[34.78485,-10.83864],[34.78498,-10.83856],[34.78519,-10.83841],[34.78532,-10.83829],[34.78547,-10.83817],[34.78568,-10.83799],[34.78588,-10.83784],[34.78602,-10.83775],[34.78617,-10.83767],[34.78631,-10.83757],[34.78646,-10.83748],[34.78662,-10.83738],[34.78675,-10.83729],[34.7869,-10.83719],[34.787,-10.83711],[34.78713,-10.83703],[34.78726,-10.83695],[34.78736,-10.8369],[34.78749,-10.83681],[34.78759,-10.83675],[34.78772,-10.83669],[34.78782,-10.83666],[34.78791,-10.83663],[34.78806,-10.83662],[34.78819,-10.83662],[34.78832,-10.83663],[34.78846,-10.83663],[34.78856,-10.83662],[34.78866,-10.83662],[34.78873,-10.83661],[34.78883,-10.8366],[34.78894,-10.83659],[34.78907,-10.83658],[34.78924,-10.83657],[34.78934,-10.83658],[34.78942,-10.83658],[34.78953,-10.8366],[34.78961,-10.83662],[34.78968,-10.83664],[34.78978,-10.83665],[34.78985,-10.83663],[34.79001,-10.83661],[34.79011,-10.8366],[34.7902,-10.83659],[34.7903,-10.83658],[34.79046,-10.83656],[34.79064,-10.83655],[34.79079,-10.83654],[34.79094,-10.83653],[34.79112,-10.83652],[34.79135,-10.83652],[34.79144,-10.83652],[34.79159,-10.83653],[34.79166,-10.83653],[34.79177,-10.83655],[34.79188,-10.83658],[34.79198,-10.83661],[34.79213,-10.83664],[34.79226,-10.83667],[34.79242,-10.83671],[34.79255,-10.83673],[34.79267,-10.83673],[34.79277,-10.83672],[34.79286,-10.83669],[34.79294,-10.83664],[34.79302,-10.83656],[34.79311,-10.83645],[34.79319,-10.83626],[34.79321,-10.83615],[34.79329,-10.83593],[34.79332,-10.83574],[34.79339,-10.83544],[34.79346,-10.83515],[34.79347,-10.83497],[34.79346,-10.83484],[34.79344,-10.83472],[34.79341,-10.83463],[34.79337,-10.83449],[34.79335,-10.83441],[34.79332,-10.8343],[34.79331,-10.83421],[34.79332,-10.83407],[34.79337,-10.83393],[34.79342,-10.83381],[34.79348,-10.83373],[34.79358,-10.83363],[34.79369,-10.83354],[34.79377,-10.83346],[34.79382,-10.8334],[34.79387,-10.83334],[34.79389,-10.83327],[34.79391,-10.83317],[34.79391,-10.83308],[34.7939,-10.83296],[34.79389,-10.83281],[34.79388,-10.83271],[34.79388,-10.83257],[34.79387,-10.83239],[34.79386,-10.83231],[34.79383,-10.83217],[34.79381,-10.83205],[34.79381,-10.8319],[34.79382,-10.83173],[34.79385,-10.83159],[34.79389,-10.83147],[34.79394,-10.83133],[34.79399,-10.83116],[34.79402,-10.83108],[34.79409,-10.83094],[34.79415,-10.83083],[34.79421,-10.83075],[34.79425,-10.83065],[34.79428,-10.83054],[34.79434,-10.83036],[34.79441,-10.83019],[34.79445,-10.83006],[34.79449,-10.82991],[34.79453,-10.82976],[34.79457,-10.82965],[34.79459,-10.82955],[34.79462,-10.82941],[34.79465,-10.82925],[34.79469,-10.82912],[34.79474,-10.829],[34.7948,-10.82885],[34.79487,-10.82875],[34.79501,-10.8286],[34.79513,-10.8285],[34.79527,-10.82841],[34.79538,-10.82834],[34.79551,-10.82828],[34.79561,-10.82823],[34.79573,-10.82815],[34.79588,-10.82806],[34.79601,-10.82798],[34.79613,-10.82791],[34.79629,-10.82783],[34.79634,-10.82781],[34.79642,-10.82779],[34.79653,-10.82778],[34.79666,-10.82778],[34.79682,-10.82777],[34.79695,-10.82777],[34.79708,-10.82777],[34.79722,-10.82778],[34.79734,-10.82778],[34.79749,-10.82779],[34.79766,-10.8278],[34.79789,-10.82781],[34.79813,-10.82783],[34.79832,-10.82785],[34.79855,-10.82786],[34.79875,-10.82789],[34.79893,-10.8279],[34.79902,-10.8279],[34.79918,-10.8279],[34.79931,-10.82789],[34.79941,-10.82789],[34.79957,-10.82789],[34.79973,-10.82787],[34.79981,-10.82784],[34.79992,-10.82779],[34.79998,-10.82776],[34.80006,-10.82776],[34.80011,-10.82778],[34.80014,-10.82783],[34.80025,-10.82787],[34.80033,-10.82789],[34.80042,-10.82791],[34.80049,-10.82793],[34.80057,-10.82796],[34.80065,-10.82801],[34.80072,-10.82805],[34.80084,-10.8281],[34.80094,-10.82814],[34.80102,-10.82816],[34.8011,-10.82818],[34.8012,-10.82821],[34.80132,-10.82825],[34.80139,-10.82827],[34.80145,-10.82827],[34.80149,-10.82828],[34.80156,-10.82826],[34.8016,-10.82826],[34.80166,-10.82829],[34.80173,-10.82831],[34.80186,-10.82831],[34.80202,-10.82831],[34.8021,-10.82831],[34.80216,-10.82831],[34.80222,-10.82831],[34.80228,-10.82832],[34.80239,-10.82833],[34.80248,-10.82835],[34.80258,-10.82837],[34.8027,-10.8284],[34.80282,-10.82843],[34.80294,-10.82846],[34.80309,-10.82852],[34.8032,-10.82858],[34.80326,-10.82861],[34.80333,-10.82864],[34.80338,-10.82864],[34.80344,-10.82864],[34.80349,-10.82862],[34.80353,-10.82859],[34.80355,-10.82857],[34.80358,-10.82855],[34.80368,-10.82853],[34.80375,-10.82851],[34.8038,-10.82848],[34.80384,-10.82845],[34.80388,-10.82842],[34.80404,-10.82833],[34.80418,-10.82826],[34.80431,-10.8282],[34.80442,-10.82814],[34.80457,-10.82806],[34.8047,-10.828],[34.80481,-10.82794],[34.80488,-10.8279],[34.80497,-10.82785],[34.80507,-10.8278],[34.80518,-10.82775],[34.80529,-10.82768],[34.80539,-10.8276],[34.80549,-10.82752],[34.80558,-10.82745],[34.80569,-10.82733],[34.80576,-10.82726],[34.80584,-10.82718],[34.8059,-10.82709],[34.80596,-10.82695],[34.806,-10.8268],[34.80604,-10.82661],[34.80606,-10.82649],[34.80607,-10.82635],[34.80611,-10.82613],[34.80614,-10.82588],[34.80616,-10.82577],[34.80617,-10.82569],[34.80618,-10.82559],[34.80619,-10.82542],[34.80619,-10.82528],[34.80619,-10.82516],[34.80619,-10.82491],[34.80619,-10.82475],[34.8062,-10.82451],[34.80619,-10.82424],[34.80621,-10.82413],[34.80622,-10.82402],[34.80625,-10.82385],[34.8063,-10.8237],[34.80631,-10.8236],[34.80634,-10.82348],[34.80634,-10.82339],[34.80632,-10.82329],[34.80626,-10.82307],[34.80621,-10.82294],[34.80618,-10.82281],[34.80617,-10.82267],[34.80616,-10.8225],[34.80616,-10.82236],[34.80613,-10.82215],[34.80612,-10.82196],[34.80607,-10.82173],[34.80602,-10.82141],[34.80599,-10.82122],[34.806,-10.82107],[34.80601,-10.82086],[34.80606,-10.82049],[34.80606,-10.82029],[34.80607,-10.82017],[34.80603,-10.81995],[34.80599,-10.81984],[34.80592,-10.81963],[34.80585,-10.81948],[34.80577,-10.81931],[34.80572,-10.8192],[34.80568,-10.81911],[34.80568,-10.81903],[34.80567,-10.8189],[34.80567,-10.81883],[34.80565,-10.81877],[34.80562,-10.81867],[34.80554,-10.81844],[34.80551,-10.81834],[34.80544,-10.8182],[34.80534,-10.81803],[34.8052,-10.81777],[34.80516,-10.81768],[34.80513,-10.81754],[34.80508,-10.81736],[34.80503,-10.81714],[34.805,-10.81699],[34.805,-10.81684],[34.80503,-10.81671],[34.80507,-10.81657],[34.80513,-10.81648],[34.80521,-10.81641],[34.80532,-10.81632],[34.8054,-10.81623],[34.8054,-10.81609],[34.80535,-10.81595],[34.80527,-10.81579],[34.80519,-10.81555],[34.8051,-10.81532],[34.80502,-10.81507],[34.80493,-10.8148],[34.80489,-10.81449],[34.80488,-10.81428],[34.80486,-10.81409],[34.8048,-10.81391],[34.80475,-10.81377],[34.80461,-10.81345],[34.80449,-10.81322],[34.80437,-10.81303],[34.80431,-10.81296],[34.80413,-10.81279],[34.80399,-10.81266],[34.80378,-10.8125],[34.80363,-10.81238],[34.80351,-10.81228],[34.80342,-10.81217],[34.80335,-10.81207],[34.80328,-10.81196],[34.80318,-10.81175],[34.80308,-10.81156],[34.80297,-10.81135],[34.80287,-10.81116],[34.80281,-10.81103],[34.80277,-10.8109],[34.80273,-10.81075],[34.80272,-10.81067],[34.80274,-10.81047],[34.80276,-10.81033],[34.80281,-10.81011],[34.80287,-10.80987],[34.80295,-10.80965],[34.80307,-10.80943],[34.80321,-10.80926],[34.80328,-10.80918],[34.80342,-10.80913],[34.80358,-10.80907],[34.80377,-10.80903],[34.80388,-10.809],[34.80396,-10.80896],[34.80403,-10.80889],[34.8041,-10.80874],[34.80418,-10.8086],[34.80423,-10.80848],[34.80431,-10.80836],[34.8044,-10.8083],[34.80451,-10.80827],[34.80466,-10.80826],[34.80482,-10.80827],[34.80504,-10.80827],[34.80519,-10.80827],[34.80546,-10.80829],[34.80574,-10.8083],[34.80603,-10.80832],[34.80626,-10.8083],[34.80645,-10.80831],[34.8068,-10.80831],[34.80706,-10.80831],[34.80727,-10.80834],[34.80744,-10.80836],[34.80761,-10.80837],[34.80778,-10.80838],[34.808,-10.80837],[34.80811,-10.80835],[34.80817,-10.80829],[34.80822,-10.80819],[34.80832,-10.80802],[34.80845,-10.80783],[34.80861,-10.80763],[34.80876,-10.80742],[34.80884,-10.80729],[34.80891,-10.80713],[34.80897,-10.80698],[34.80903,-10.80675],[34.80907,-10.80656],[34.80916,-10.80636],[34.80925,-10.80619],[34.80941,-10.80591],[34.80952,-10.80572],[34.8096,-10.80558],[34.80967,-10.80547],[34.80971,-10.80539],[34.80979,-10.80526],[34.80989,-10.80518],[34.80999,-10.80512],[34.81011,-10.80497],[34.81021,-10.80485],[34.81031,-10.80468],[34.8104,-10.80449],[34.81046,-10.80433],[34.81053,-10.80427],[34.81064,-10.80419],[34.81074,-10.80409],[34.81092,-10.80385],[34.81106,-10.80362],[34.81119,-10.80338],[34.81134,-10.8031],[34.81142,-10.80287],[34.81147,-10.80272],[34.81152,-10.8025],[34.81153,-10.8023],[34.81156,-10.80215],[34.81161,-10.802],[34.81172,-10.80188],[34.81187,-10.80179],[34.81208,-10.80165],[34.81232,-10.80146],[34.81246,-10.80133],[34.81268,-10.80116],[34.81283,-10.80106],[34.81298,-10.80097],[34.81312,-10.80092],[34.81322,-10.80088],[34.81335,-10.80087],[34.81352,-10.80087],[34.81367,-10.80092],[34.81386,-10.80099],[34.81406,-10.80109],[34.81425,-10.80121],[34.81442,-10.80132],[34.81462,-10.80148],[34.81479,-10.8016],[34.81498,-10.80174],[34.81513,-10.80184],[34.81533,-10.80196],[34.81549,-10.80205],[34.81571,-10.80214],[34.81592,-10.80223],[34.81613,-10.80229],[34.81631,-10.80235],[34.81654,-10.80243],[34.81677,-10.80251],[34.81706,-10.8026],[34.81723,-10.80267],[34.8175,-10.80276],[34.81771,-10.80285],[34.81787,-10.8029],[34.8181,-10.80293],[34.81831,-10.80297],[34.81845,-10.80302],[34.81853,-10.80308],[34.81868,-10.80317],[34.81882,-10.80329],[34.81898,-10.8034],[34.81906,-10.80351],[34.81916,-10.80366],[34.81927,-10.80383],[34.81941,-10.80407],[34.81945,-10.80421],[34.81949,-10.80438],[34.81955,-10.80452],[34.81964,-10.80467],[34.81974,-10.80478],[34.81984,-10.80488],[34.81999,-10.80499],[34.82013,-10.80502],[34.82033,-10.80503],[34.82049,-10.80505],[34.82066,-10.80508],[34.82082,-10.8051],[34.82095,-10.80513],[34.82106,-10.80519],[34.82126,-10.80525],[34.82143,-10.8053],[34.82164,-10.8054],[34.82174,-10.80548],[34.82177,-10.80556],[34.82177,-10.80568],[34.82174,-10.80579],[34.82173,-10.80591],[34.82177,-10.80601],[34.82184,-10.80608],[34.82191,-10.80612],[34.82199,-10.80613],[34.82212,-10.80613],[34.82232,-10.80608],[34.8225,-10.80603],[34.82265,-10.806],[34.82282,-10.80598],[34.82293,-10.806],[34.82302,-10.80606],[34.82312,-10.80618],[34.82321,-10.80632],[34.82339,-10.80659],[34.82356,-10.80684],[34.8237,-10.80704],[34.82385,-10.80722],[34.82399,-10.80736],[34.82409,-10.80745],[34.82427,-10.80755],[34.82443,-10.80764],[34.82466,-10.80776],[34.8249,-10.80785],[34.82516,-10.80794],[34.8254,-10.80801],[34.8256,-10.80806],[34.82577,-10.8081],[34.8259,-10.80811],[34.82616,-10.80814],[34.82637,-10.80816],[34.82656,-10.80816],[34.82684,-10.80818],[34.8275,-10.80818],[34.82806,-10.80824],[34.8286,-10.80829],[34.82903,-10.80833],[34.82941,-10.80839],[34.82976,-10.80844],[34.83024,-10.8085],[34.83073,-10.80856],[34.83115,-10.8086],[34.83183,-10.80868],[34.83228,-10.80873],[34.83284,-10.80879],[34.83323,-10.80885],[34.83349,-10.80894],[34.83374,-10.80904],[34.83395,-10.80916],[34.83418,-10.80931],[34.83453,-10.80955],[34.83483,-10.80977],[34.83515,-10.81002],[34.83543,-10.81023],[34.83576,-10.81045],[34.836,-10.81064],[34.83633,-10.81088],[34.83662,-10.81109],[34.83689,-10.81129],[34.83712,-10.81145],[34.83743,-10.81165],[34.83772,-10.81182],[34.83803,-10.812],[34.83822,-10.81215],[34.83847,-10.81232],[34.83865,-10.81242],[34.83875,-10.81249],[34.83892,-10.81257],[34.83907,-10.81261],[34.83924,-10.81263],[34.83948,-10.81266],[34.83975,-10.81274],[34.84014,-10.81289],[34.84036,-10.81302],[34.84059,-10.81318],[34.8408,-10.81332],[34.84097,-10.81345],[34.84112,-10.81358],[34.84135,-10.81378],[34.84159,-10.81399],[34.84178,-10.81419],[34.84194,-10.81442],[34.84203,-10.81462],[34.84208,-10.81482],[34.84218,-10.81511],[34.84225,-10.81529],[34.84232,-10.81551],[34.84236,-10.81565],[34.84239,-10.81587],[34.84243,-10.81617],[34.84245,-10.81639],[34.84247,-10.81657],[34.84252,-10.81677],[34.84255,-10.8169],[34.8426,-10.81707],[34.84268,-10.81729],[34.84276,-10.81748],[34.84286,-10.81772],[34.84293,-10.8179],[34.84304,-10.8182],[34.84311,-10.81837],[34.8432,-10.81861],[34.84331,-10.81889],[34.84342,-10.81914],[34.84354,-10.81939],[34.84374,-10.81973],[34.84383,-10.81989],[34.84393,-10.82001],[34.84415,-10.82015],[34.84446,-10.82028],[34.84488,-10.82054],[34.84505,-10.8207],[34.84529,-10.82091],[34.84551,-10.8211],[34.84575,-10.82133],[34.84595,-10.82153],[34.84607,-10.82165],[34.84624,-10.82176],[34.84639,-10.82181],[34.8465,-10.82184],[34.84661,-10.82187],[34.84674,-10.82188],[34.8469,-10.8219],[34.84704,-10.82191],[34.84718,-10.82193],[34.84731,-10.82194],[34.84745,-10.82195],[34.84768,-10.82198],[34.84795,-10.822],[34.84813,-10.82203],[34.84832,-10.82206],[34.84857,-10.82209],[34.84876,-10.82209],[34.84889,-10.82211],[34.84901,-10.82214],[34.84918,-10.82214],[34.84932,-10.82214],[34.84948,-10.82214],[34.84964,-10.82215],[34.84979,-10.82215],[34.85002,-10.82216],[34.85011,-10.82217],[34.8503,-10.82222],[34.85042,-10.82225],[34.85052,-10.82226],[34.85071,-10.82232],[34.8509,-10.82238],[34.85106,-10.82244],[34.85119,-10.82249],[34.85142,-10.82258],[34.85161,-10.82266],[34.85186,-10.82276],[34.85201,-10.82283],[34.85227,-10.82292],[34.85249,-10.82301],[34.85258,-10.82304],[34.85287,-10.82315],[34.85304,-10.82323],[34.85319,-10.8233],[34.85334,-10.82339],[34.85342,-10.82345],[34.85351,-10.82346],[34.85361,-10.82347],[34.85373,-10.8235],[34.85391,-10.82355],[34.8541,-10.8236],[34.85431,-10.82366],[34.85447,-10.82371],[34.85461,-10.82377],[34.85485,-10.82385],[34.85502,-10.8239],[34.85523,-10.82396],[34.85544,-10.82403],[34.8556,-10.82409],[34.85576,-10.82412],[34.85594,-10.82416],[34.85612,-10.82419],[34.85634,-10.82424],[34.85657,-10.82429],[34.85681,-10.82435],[34.85698,-10.8244],[34.8572,-10.82445],[34.85742,-10.8245],[34.85764,-10.82457],[34.85788,-10.82463],[34.85821,-10.82476],[34.85844,-10.82486],[34.8586,-10.82492],[34.85865,-10.82494],[34.85868,-10.82499],[34.85879,-10.82506],[34.85895,-10.82513],[34.85913,-10.82521],[34.8593,-10.82529],[34.85945,-10.82536],[34.85969,-10.82546],[34.85992,-10.82555],[34.8602,-10.82562],[34.86042,-10.82569],[34.86062,-10.82575],[34.86091,-10.82582],[34.86107,-10.82583],[34.86127,-10.82588],[34.86146,-10.82589],[34.86167,-10.82592],[34.86182,-10.82595],[34.86201,-10.82598],[34.86232,-10.82597],[34.86248,-10.82596],[34.86269,-10.82594],[34.86282,-10.82592],[34.86296,-10.82588],[34.86309,-10.82583],[34.86326,-10.82576],[34.86336,-10.82571],[34.86352,-10.82566],[34.86367,-10.82562],[34.86387,-10.82557],[34.86397,-10.82556],[34.86412,-10.82558],[34.86432,-10.82561],[34.8645,-10.82565],[34.86458,-10.82566],[34.86466,-10.82567],[34.86471,-10.82569],[34.86475,-10.82573],[34.86477,-10.82577],[34.86478,-10.8258],[34.86478,-10.82585],[34.86477,-10.82593],[34.86478,-10.82597],[34.86479,-10.82602],[34.86481,-10.82606],[34.86484,-10.82609],[34.86492,-10.82615],[34.86503,-10.82619],[34.86517,-10.82625],[34.86531,-10.8263],[34.86544,-10.82636],[34.8656,-10.82641],[34.86573,-10.82646],[34.86586,-10.82652],[34.86599,-10.82658],[34.86608,-10.82663],[34.86622,-10.82667],[34.86636,-10.82671],[34.86655,-10.82675],[34.8668,-10.82681],[34.86702,-10.82686],[34.86714,-10.82688],[34.86727,-10.8269],[34.86749,-10.82693],[34.86775,-10.82694],[34.86797,-10.82695],[34.86819,-10.82697],[34.86833,-10.82697],[34.86851,-10.82699],[34.86868,-10.82699],[34.86884,-10.82699],[34.869,-10.827],[34.86922,-10.82701],[34.86937,-10.82701],[34.86951,-10.82701],[34.86967,-10.82702],[34.86982,-10.82701],[34.86995,-10.82699],[34.87007,-10.82698],[34.87024,-10.82696],[34.87033,-10.82695],[34.8705,-10.82692],[34.87064,-10.82689],[34.87076,-10.82685],[34.87089,-10.82681],[34.87103,-10.82675],[34.87119,-10.82669],[34.87131,-10.82664],[34.87156,-10.82655],[34.87173,-10.82647],[34.87185,-10.82641],[34.87197,-10.82632],[34.8721,-10.8262],[34.87222,-10.82609],[34.87232,-10.82601],[34.87245,-10.82588],[34.87255,-10.82578],[34.87261,-10.82573],[34.87271,-10.82568],[34.87285,-10.82563],[34.87295,-10.82561],[34.87315,-10.8256],[34.8733,-10.82559],[34.87343,-10.82558],[34.87354,-10.82556],[34.87364,-10.82552],[34.87374,-10.82551],[34.87384,-10.82551],[34.87389,-10.82554],[34.87394,-10.82557],[34.87404,-10.82569],[34.87415,-10.82582],[34.87427,-10.82598],[34.87437,-10.82608],[34.87453,-10.82625],[34.87464,-10.82637],[34.87472,-10.82644],[34.87476,-10.82649],[34.87483,-10.82651],[34.87489,-10.82651],[34.87496,-10.82648],[34.87504,-10.82643],[34.87507,-10.82637],[34.87516,-10.8262],[34.87525,-10.82603],[34.87533,-10.82587],[34.8754,-10.82572],[34.87549,-10.82554],[34.87557,-10.82537],[34.87563,-10.82523],[34.87571,-10.82506],[34.87581,-10.82486],[34.8759,-10.82468],[34.87597,-10.8245],[34.87605,-10.82431],[34.87612,-10.82416],[34.8762,-10.82395],[34.87627,-10.82378],[34.87636,-10.82356],[34.87641,-10.8234],[34.87648,-10.82323],[34.87654,-10.82307],[34.87661,-10.8229],[34.87667,-10.82275],[34.87675,-10.82258],[34.87681,-10.82245],[34.87687,-10.82232],[34.87694,-10.82222],[34.87702,-10.82215],[34.87707,-10.82211],[34.87712,-10.8221],[34.87717,-10.82209],[34.87725,-10.8221],[34.87736,-10.82215],[34.87746,-10.82218],[34.87761,-10.8222],[34.87778,-10.82223],[34.87791,-10.82225],[34.87807,-10.82227],[34.87822,-10.82228],[34.87833,-10.82228],[34.87847,-10.82228],[34.87867,-10.82228],[34.8788,-10.82229],[34.87895,-10.8223],[34.87906,-10.82232],[34.87916,-10.82238],[34.87921,-10.82243],[34.87924,-10.82249],[34.87928,-10.82256],[34.87933,-10.82264],[34.8794,-10.82275],[34.87947,-10.82285],[34.87954,-10.82294],[34.87962,-10.82305],[34.8797,-10.82313],[34.87983,-10.82327],[34.87996,-10.8234],[34.88013,-10.82356],[34.88029,-10.82367],[34.88046,-10.82375],[34.88063,-10.82382],[34.88084,-10.82387],[34.88112,-10.82392],[34.88134,-10.82389],[34.88155,-10.82381],[34.88171,-10.82373],[34.88191,-10.82364],[34.88201,-10.8236],[34.8821,-10.8236],[34.8822,-10.82363],[34.88226,-10.82369],[34.88231,-10.82383],[34.8824,-10.82412],[34.88251,-10.82441],[34.8826,-10.82462],[34.88264,-10.82476],[34.8827,-10.82498],[34.88276,-10.82514],[34.88286,-10.82532],[34.883,-10.82549],[34.88316,-10.82568],[34.88329,-10.82582],[34.88346,-10.82597],[34.88365,-10.82613],[34.88377,-10.82623],[34.88388,-10.82629],[34.88398,-10.82634],[34.88422,-10.82646],[34.88448,-10.82659],[34.88467,-10.8267],[34.88493,-10.82683],[34.88526,-10.82699],[34.88563,-10.82715],[34.8859,-10.82728],[34.88624,-10.82746],[34.88644,-10.82758],[34.8866,-10.82769],[34.8868,-10.82785],[34.88697,-10.82799],[34.88728,-10.82822],[34.8875,-10.82837],[34.88774,-10.82853],[34.88802,-10.82867],[34.88835,-10.82881],[34.88855,-10.82888],[34.8888,-10.82891],[34.88905,-10.82892],[34.88928,-10.82892],[34.88944,-10.82894],[34.88957,-10.82901],[34.88978,-10.82914],[34.88986,-10.82922],[34.88994,-10.82934],[34.89004,-10.82952],[34.89013,-10.82972],[34.89025,-10.82993],[34.89033,-10.83009],[34.89043,-10.83027],[34.89055,-10.83044],[34.89066,-10.83055],[34.8908,-10.83062],[34.891,-10.83072],[34.89131,-10.83083],[34.89149,-10.83088]]},"properties":{"id":662274671,"cls":"unclassified","hw":"unclassified","tg":"na","name":"","ref":"","surface":"","sc":"unknown","speed":null,"lit":"unk","km":30.903}},
{"type":"Feature","geometry":{"type":"LineString","coordinates":[[34.68504,-10.87176],[34.68495,-10.87169],[34.6848,-10.8716],[34.68458,-10.87145],[34.68449,-10.87137],[34.6844,-10.87132],[34.68434,-10.87128],[34.6843,-10.87124],[34.68426,-10.8712],[34.68419,-10.87116],[34.6841,-10.87113],[34.68399,-10.87107],[34.6839,-10.87101],[34.68384,-10.87098],[34.68379,-10.87095],[34.68373,-10.87093],[34.68362,-10.87089],[34.68354,-10.87085],[34.68344,-10.87078],[34.68337,-10.87075],[34.68327,-10.8707],[34.68315,-10.87068],[34.683,-10.87063],[34.68287,-10.87057],[34.68271,-10.87053],[34.6826,-10.87051],[34.68249,-10.87047],[34.68241,-10.87046],[34.68231,-10.87045],[34.6822,-10.87045],[34.68208,-10.87043],[34.68198,-10.87041],[34.68188,-10.87036],[34.68176,-10.8703],[34.68158,-10.87018],[34.68148,-10.8701],[34.68133,-10.86995],[34.68124,-10.86985],[34.68118,-10.86979],[34.6811,-10.86974]]},"properties":{"id":662274679,"cls":"residential","hw":"residential","tg":"na","name":"","ref":"","surface":"","sc":"unknown","speed":null,"lit":"unk","km":0.496}},
{"type":"Feature","geometry":{"type":"LineString","coordinates":[[34.68873,-10.87666],[34.68855,-10.87668],[34.68832,-10.87672],[34.68822,-10.87674],[34.68804,-10.87677],[34.68787,-10.87677],[34.68771,-10.87676],[34.68754,-10.87677],[34.6874,-10.87677],[34.68726,-10.87678],[34.68717,-10.8768],[34.68709,-10.87682],[34.68699,-10.87684],[34.68691,-10.87683],[34.68683,-10.87682],[34.68668,-10.87682],[34.68652,-10.87682],[34.68635,-10.87684],[34.68622,-10.87688],[34.68613,-10.87692],[34.68604,-10.87698],[34.68591,-10.87705],[34.68578,-10.87714],[34.68564,-10.87729],[34.68552,-10.87742],[34.68541,-10.87753],[34.68531,-10.87763],[34.68517,-10.87775],[34.68509,-10.87782],[34.68498,-10.87787],[34.68489,-10.87792],[34.68481,-10.87797],[34.68472,-10.87803],[34.68463,-10.87806],[34.6845,-10.87809],[34.68441,-10.87813],[34.68431,-10.87818],[34.68419,-10.87822],[34.68405,-10.87825],[34.68395,-10.87829],[34.68386,-10.8783],[34.68369,-10.87832],[34.68355,-10.87833],[34.68343,-10.87833],[34.68333,-10.8783],[34.68328,-10.87828],[34.68322,-10.87829]]},"properties":{"id":662274683,"cls":"residential","hw":"residential","tg":"na","name":"","ref":"","surface":"","sc":"unknown","speed":null,"lit":"unk","km":0.657}},
{"type":"Feature","geometry":{"type":"LineString","coordinates":[[34.68295,-10.83196],[34.68208,-10.8319],[34.68189,-10.83189],[34.6816,-10.83186],[34.68154,-10.83183],[34.68149,-10.83181],[34.68144,-10.83181],[34.68135,-10.83181],[34.68125,-10.83183],[34.68114,-10.83184],[34.68092,-10.83187],[34.68077,-10.83188],[34.68069,-10.83188],[34.68056,-10.83191],[34.68047,-10.83192],[34.68032,-10.83192],[34.68012,-10.83193],[34.67998,-10.83195],[34.67987,-10.83196],[34.67968,-10.83198],[34.67951,-10.832],[34.67938,-10.832],[34.67924,-10.83202],[34.67915,-10.83202],[34.67905,-10.83199],[34.67888,-10.83194],[34.67875,-10.83192],[34.67867,-10.8319],[34.67863,-10.83187],[34.67858,-10.83182],[34.67846,-10.83165],[34.67836,-10.83151],[34.67827,-10.83145],[34.67827,-10.83123],[34.67829,-10.83105],[34.67804,-10.83061],[34.67793,-10.83033],[34.67791,-10.83008],[34.67776,-10.82996],[34.67751,-10.82992],[34.67734,-10.82981],[34.67711,-10.82957],[34.67687,-10.82941],[34.67657,-10.82921],[34.67642,-10.82908],[34.67624,-10.82899],[34.67609,-10.82888],[34.67599,-10.82866],[34.67571,-10.82851],[34.67556,-10.82842],[34.67549,-10.82831]]},"properties":{"id":662301211,"cls":"track","hw":"track","tg":"none","name":"","ref":"","surface":"ground","sc":"unpaved","speed":null,"lit":"unk","km":1.04}},
{"type":"Feature","geometry":{"type":"LineString","coordinates":[[34.64547,-10.97094],[34.64592,-10.97087],[34.64625,-10.97073],[34.64646,-10.97064],[34.64677,-10.97042],[34.64695,-10.97027],[34.64699,-10.97023],[34.64702,-10.97021],[34.64708,-10.97021],[34.64711,-10.97022],[34.64715,-10.97024],[34.6472,-10.9703],[34.64727,-10.97041],[34.64732,-10.97047],[34.64739,-10.9705],[34.64748,-10.97053],[34.64757,-10.97054],[34.64765,-10.9705],[34.64789,-10.97034],[34.64793,-10.97032],[34.648,-10.97031],[34.64811,-10.97031],[34.64821,-10.97033],[34.64827,-10.97036],[34.6483,-10.97039],[34.64831,-10.9704],[34.64833,-10.9704],[34.64838,-10.97039],[34.64842,-10.97039],[34.64847,-10.9704],[34.64851,-10.97044],[34.64857,-10.97052],[34.64868,-10.97055],[34.64874,-10.97059],[34.64889,-10.97073],[34.6491,-10.97103],[34.64923,-10.97119],[34.64934,-10.9714],[34.64942,-10.97161],[34.64945,-10.9717],[34.64946,-10.97179],[34.64944,-10.9719],[34.64938,-10.972],[34.64937,-10.97208],[34.64937,-10.97214],[34.6494,-10.97222],[34.64951,-10.97239],[34.64959,-10.9725],[34.64965,-10.97259],[34.64966,-10.97267],[34.64967,-10.9728],[34.64965,-10.97293],[34.64962,-10.97312],[34.64952,-10.97356],[34.64952,-10.97368],[34.64962,-10.97401],[34.64961,-10.97412],[34.64957,-10.97428],[34.64942,-10.97461],[34.64941,-10.97473],[34.64941,-10.97478],[34.64942,-10.97482],[34.6495,-10.97484],[34.64958,-10.97487],[34.64963,-10.97488],[34.64967,-10.97491],[34.64969,-10.97502],[34.64971,-10.97508],[34.64977,-10.97515],[34.64989,-10.97524],[34.64996,-10.97533],[34.65007,-10.97541],[34.65011,-10.97543],[34.65014,-10.97546],[34.65019,-10.97552],[34.65027,-10.97562],[34.65044,-10.97582],[34.65055,-10.97585],[34.65071,-10.97588],[34.65089,-10.97595],[34.65095,-10.97596],[34.65099,-10.97597],[34.65106,-10.97605],[34.65109,-10.97612],[34.65111,-10.97621],[34.65115,-10.97631],[34.6512,-10.97639],[34.65128,-10.97653],[34.65131,-10.97655],[34.65133,-10.97658],[34.65133,-10.97662]]},"properties":{"id":769698917,"cls":"track","hw":"track","tg":"none","name":"","ref":"","surface":"","sc":"unknown","speed":null,"lit":"unk","km":1.236}},
{"type":"Feature","geometry":{"type":"LineString","coordinates":[[34.65157,-10.9758],[34.65144,-10.97579],[34.65131,-10.97571],[34.65125,-10.97563],[34.65118,-10.97553],[34.65113,-10.97543],[34.65109,-10.97536],[34.65102,-10.97524],[34.65099,-10.97518],[34.65097,-10.9751],[34.65094,-10.97498],[34.65092,-10.9749],[34.65093,-10.97485],[34.65093,-10.97482],[34.65094,-10.97475]]},"properties":{"id":769698920,"cls":"path","hw":"path","tg":"na","name":"","ref":"","surface":"","sc":"unknown","speed":null,"lit":"unk","km":0.149}},
{"type":"Feature","geometry":{"type":"LineString","coordinates":[[34.64952,-10.97356],[34.64934,-10.97334],[34.64927,-10.97329],[34.64922,-10.9733],[34.64904,-10.97336],[34.64894,-10.97338],[34.64856,-10.9733]]},"properties":{"id":769698921,"cls":"path","hw":"footway","tg":"na","name":"","ref":"","surface":"","sc":"unknown","speed":null,"lit":"unk","km":0.121}},
{"type":"Feature","geometry":{"type":"LineString","coordinates":[[34.64216,-10.97625],[34.64215,-10.97633],[34.64217,-10.97639],[34.64222,-10.97651],[34.64226,-10.97663],[34.64231,-10.97671],[34.64234,-10.97682],[34.64241,-10.9769],[34.64246,-10.97694],[34.6425,-10.977],[34.64254,-10.97704],[34.64258,-10.97706],[34.6426,-10.97711],[34.64265,-10.97715],[34.64273,-10.97721],[34.64277,-10.97725],[34.64278,-10.97729],[34.64281,-10.97738],[34.64285,-10.97742],[34.64286,-10.97752],[34.64295,-10.97763],[34.64304,-10.97771],[34.6431,-10.97783],[34.64314,-10.97796],[34.64317,-10.97801],[34.64319,-10.97806],[34.64317,-10.97811],[34.64312,-10.97814],[34.64309,-10.97816],[34.64309,-10.97819],[34.6431,-10.97822],[34.64314,-10.97826],[34.64318,-10.97827],[34.64322,-10.97827],[34.64327,-10.97828],[34.64335,-10.97826],[34.64342,-10.97827],[34.64346,-10.97828],[34.64346,-10.97826],[34.6435,-10.97826],[34.64353,-10.97827],[34.64356,-10.97828],[34.64358,-10.97829],[34.6436,-10.97829]]},"properties":{"id":769698930,"cls":"path","hw":"footway","tg":"na","name":"","ref":"","surface":"","sc":"unknown","speed":null,"lit":"unk","km":0.323}},
{"type":"Feature","geometry":{"type":"LineString","coordinates":[[34.64358,-10.97829],[34.6436,-10.97832]]},"properties":{"id":769698931,"cls":"path","hw":"footway","tg":"na","name":"","ref":"","surface":"","sc":"unknown","speed":null,"lit":"unk","km":0.004}},
{"type":"Feature","geometry":{"type":"LineString","coordinates":[[34.64372,-10.97833],[34.64372,-10.97828],[34.64374,-10.97824],[34.64376,-10.97823],[34.64376,-10.97816]]},"properties":{"id":769698932,"cls":"path","hw":"footway","tg":"na","name":"","ref":"","surface":"","sc":"unknown","speed":null,"lit":"unk","km":0.021}},
{"type":"Feature","geometry":{"type":"LineString","coordinates":[[34.64376,-10.97823],[34.6438,-10.97824]]},"properties":{"id":769698933,"cls":"path","hw":"footway","tg":"na","name":"","ref":"","surface":"","sc":"unknown","speed":null,"lit":"unk","km":0.005}},
{"type":"Feature","geometry":{"type":"LineString","coordinates":[[34.644,-10.97848],[34.64406,-10.97854],[34.6441,-10.9786],[34.64409,-10.97862],[34.64411,-10.97864],[34.64416,-10.97865],[34.64421,-10.97871],[34.64426,-10.97878],[34.64429,-10.97882],[34.64432,-10.97885],[34.64438,-10.97886],[34.64442,-10.97891],[34.64446,-10.97896]]},"properties":{"id":769698934,"cls":"path","hw":"footway","tg":"na","name":"","ref":"","surface":"","sc":"unknown","speed":null,"lit":"unk","km":0.078}},
{"type":"Feature","geometry":{"type":"LineString","coordinates":[[34.64454,-10.97909],[34.64457,-10.97911],[34.64459,-10.97912],[34.64461,-10.97912],[34.64463,-10.97911],[34.64464,-10.97914],[34.64466,-10.97915],[34.6447,-10.97915],[34.64472,-10.97918],[34.64474,-10.97923],[34.64477,-10.9793],[34.64479,-10.97935],[34.64481,-10.9794],[34.64483,-10.97945],[34.64486,-10.97946],[34.64489,-10.97945],[34.64489,-10.97944],[34.64492,-10.97947],[34.64496,-10.97952],[34.64499,-10.97955],[34.645,-10.9796],[34.645,-10.97967],[34.64502,-10.97974]]},"properties":{"id":769698935,"cls":"path","hw":"footway","tg":"na","name":"","ref":"","surface":"","sc":"unknown","speed":null,"lit":"unk","km":0.104}},
{"type":"Feature","geometry":{"type":"LineString","coordinates":[[34.64856,-10.9733],[34.64851,-10.97332],[34.64845,-10.97337],[34.64841,-10.97339],[34.6484,-10.97344],[34.64839,-10.97346],[34.64835,-10.9735],[34.64831,-10.97352],[34.64832,-10.97357],[34.64829,-10.97362],[34.64826,-10.97366],[34.64824,-10.97369],[34.64823,-10.97371],[34.64819,-10.9737],[34.64817,-10.97368],[34.64811,-10.97365],[34.64805,-10.97363],[34.64802,-10.97361],[34.64796,-10.97359],[34.64793,-10.97355],[34.64785,-10.97352],[34.6478,-10.97347],[34.64774,-10.97345],[34.64772,-10.97342],[34.64769,-10.97339],[34.64767,-10.97339],[34.64764,-10.97337],[34.64761,-10.97335],[34.64757,-10.97333],[34.64754,-10.9733],[34.64751,-10.97331],[34.64747,-10.97329],[34.64745,-10.97328],[34.64742,-10.97327],[34.64738,-10.97329],[34.64732,-10.97325],[34.64722,-10.97322],[34.64719,-10.97321],[34.64717,-10.97318],[34.64714,-10.97315],[34.64711,-10.97313],[34.64705,-10.97309],[34.64701,-10.97308],[34.64694,-10.97307],[34.64686,-10.97304],[34.64681,-10.97301],[34.64672,-10.97297],[34.64667,-10.97294],[34.64664,-10.97292],[34.64663,-10.97286],[34.64656,-10.9728],[34.64648,-10.97274],[34.64638,-10.97266],[34.6463,-10.97259],[34.64623,-10.97253],[34.64619,-10.97249],[34.64616,-10.97245],[34.64607,-10.97214]]},"properties":{"id":769698936,"cls":"path","hw":"footway","tg":"na","name":"","ref":"","surface":"","sc":"unknown","speed":null,"lit":"unk","km":0.376}},
{"type":"Feature","geometry":{"type":"LineString","coordinates":[[34.64664,-10.97292],[34.64661,-10.97293],[34.64658,-10.97293],[34.64653,-10.97293],[34.6465,-10.97293],[34.64645,-10.97294],[34.64642,-10.97294],[34.6464,-10.97293],[34.64639,-10.97295],[34.64637,-10.97297],[34.64635,-10.97299],[34.64632,-10.97302],[34.64629,-10.97304],[34.64624,-10.97303],[34.6462,-10.97301],[34.64618,-10.97298],[34.64614,-10.97298],[34.64612,-10.97298],[34.6461,-10.97298],[34.64607,-10.973],[34.64601,-10.97298],[34.64597,-10.97294],[34.64593,-10.97292],[34.6459,-10.9729],[34.64584,-10.97288],[34.64577,-10.97286],[34.64573,-10.97286]]},"properties":{"id":769698937,"cls":"path","hw":"footway","tg":"na","name":"","ref":"","surface":"","sc":"unknown","speed":null,"lit":"unk","km":0.113}},
{"type":"Feature","geometry":{"type":"LineString","coordinates":[[34.64573,-10.97286],[34.64573,-10.97291],[34.64572,-10.97295],[34.6457,-10.97298],[34.64564,-10.97299],[34.64562,-10.97301],[34.64561,-10.97304],[34.64561,-10.97309],[34.64564,-10.97312],[34.64566,-10.97314],[34.64565,-10.97316],[34.64569,-10.97317],[34.64571,-10.9732],[34.64572,-10.97322],[34.64574,-10.97322],[34.64576,-10.97323],[34.64581,-10.97324],[34.64586,-10.97325],[34.64589,-10.97326],[34.64596,-10.97327],[34.64599,-10.97327],[34.64601,-10.97328],[34.64602,-10.97329],[34.64605,-10.97333],[34.64607,-10.97335]]},"properties":{"id":769698938,"cls":"path","hw":"footway","tg":"na","name":"","ref":"","surface":"","sc":"unknown","speed":null,"lit":"unk","km":0.097}},
{"type":"Feature","geometry":{"type":"LineString","coordinates":[[34.64614,-10.97298],[34.64614,-10.97303],[34.64614,-10.97306],[34.64611,-10.97308],[34.6461,-10.9731],[34.64611,-10.97314],[34.6461,-10.97316],[34.64609,-10.97319],[34.64609,-10.97321],[34.64606,-10.97325],[34.64604,-10.97327],[34.64601,-10.97328]]},"properties":{"id":769698939,"cls":"path","hw":"footway","tg":"na","name":"","ref":"","surface":"","sc":"unknown","speed":null,"lit":"unk","km":0.04}},
{"type":"Feature","geometry":{"type":"LineString","coordinates":[[34.64607,-10.97335],[34.64609,-10.97338],[34.64616,-10.9734],[34.64619,-10.97342]]},"properties":{"id":769698940,"cls":"path","hw":"footway","tg":"na","name":"","ref":"","surface":"","sc":"unknown","speed":null,"lit":"unk","km":0.016}},
{"type":"Feature","geometry":{"type":"LineString","coordinates":[[34.64619,-10.97342],[34.64625,-10.97346],[34.64628,-10.97349],[34.64641,-10.97357]]},"properties":{"id":769698941,"cls":"path","hw":"footway","tg":"na","name":"","ref":"","surface":"","sc":"unknown","speed":null,"lit":"unk","km":0.029}},
{"type":"Feature","geometry":{"type":"LineString","coordinates":[[34.64641,-10.97357],[34.64634,-10.97362],[34.64627,-10.97365],[34.64622,-10.97373],[34.64621,-10.97381],[34.64636,-10.97386],[34.64658,-10.97386],[34.64669,-10.97387],[34.64669,-10.97393],[34.6467,-10.97396],[34.64672,-10.97397]]},"properties":{"id":769698942,"cls":"path","hw":"footway","tg":"na","name":"","ref":"","surface":"","sc":"unknown","speed":null,"lit":"unk","km":0.103}},
{"type":"Feature","geometry":{"type":"LineString","coordinates":[[34.64672,-10.97397],[34.64674,-10.97398],[34.64674,-10.97403],[34.64676,-10.97405],[34.64682,-10.97407],[34.64681,-10.97415],[34.64683,-10.97418],[34.64684,-10.97423],[34.64684,-10.97429],[34.64684,-10.97433],[34.64689,-10.97434],[34.64687,-10.97441],[34.64686,-10.97447],[34.64686,-10.9745],[34.64685,-10.97454],[34.64685,-10.97457],[34.64686,-10.97464],[34.64689,-10.97467],[34.64689,-10.97472],[34.6469,-10.97477],[34.64689,-10.97482],[34.64689,-10.97486],[34.64688,-10.97489],[34.64686,-10.97493],[34.64681,-10.97497],[34.64677,-10.97503],[34.64671,-10.97508],[34.64665,-10.97518],[34.64668,-10.97523],[34.64671,-10.97526],[34.64671,-10.9753],[34.64669,-10.97534],[34.64668,-10.97537],[34.64675,-10.97538],[34.6468,-10.97535],[34.64685,-10.97533],[34.64691,-10.97532],[34.64696,-10.97534],[34.64703,-10.97537],[34.64712,-10.97538],[34.64716,-10.9754],[34.64724,-10.97542],[34.64728,-10.97546],[34.64732,-10.97549],[34.64735,-10.97552]]},"properties":{"id":769698943,"cls":"path","hw":"footway","tg":"na","name":"","ref":"","surface":"","sc":"unknown","speed":null,"lit":"unk","km":0.263}},
{"type":"Feature","geometry":{"type":"LineString","coordinates":[[34.64744,-10.97559],[34.64747,-10.97558],[34.6475,-10.97557],[34.64752,-10.97556],[34.64755,-10.97554],[34.64757,-10.97554],[34.64761,-10.97555],[34.64765,-10.97557],[34.64768,-10.97559],[34.64775,-10.97559],[34.64779,-10.97558],[34.64783,-10.97559],[34.64787,-10.97562],[34.64794,-10.97566],[34.64799,-10.97571],[34.64802,-10.97576],[34.64807,-10.97578]]},"properties":{"id":769698944,"cls":"path","hw":"footway","tg":"na","name":"","ref":"","surface":"","sc":"unknown","speed":null,"lit":"unk","km":0.08}},
{"type":"Feature","geometry":{"type":"LineString","coordinates":[[34.64807,-10.97578],[34.64813,-10.97577],[34.64821,-10.97583],[34.6483,-10.97588]]},"properties":{"id":769698945,"cls":"path","hw":"footway","tg":"na","name":"","ref":"","surface":"","sc":"unknown","speed":null,"lit":"unk","km":0.029}},
{"type":"Feature","geometry":{"type":"LineString","coordinates":[[34.64821,-10.97636],[34.64818,-10.9765],[34.64821,-10.97663],[34.6482,-10.97675],[34.64819,-10.97682],[34.64825,-10.97689],[34.6483,-10.97701],[34.64833,-10.9771],[34.6483,-10.97715],[34.64833,-10.97723],[34.64835,-10.97727]]},"properties":{"id":769698946,"cls":"path","hw":"footway","tg":"na","name":"","ref":"","surface":"","sc":"unknown","speed":null,"lit":"unk","km":0.108}},
{"type":"Feature","geometry":{"type":"LineString","coordinates":[[34.64501,-10.97194],[34.64497,-10.97198],[34.64493,-10.972],[34.64491,-10.97203],[34.64489,-10.97207],[34.64486,-10.9721],[34.64484,-10.97216],[34.64479,-10.97219],[34.64476,-10.97222],[34.64472,-10.97226],[34.64471,-10.97229],[34.64468,-10.97231],[34.64466,-10.97234],[34.64465,-10.97235],[34.64465,-10.97237],[34.64463,-10.9724]]},"properties":{"id":769704653,"cls":"path","hw":"footway","tg":"na","name":"","ref":"","surface":"","sc":"unknown","speed":null,"lit":"unk","km":0.068}},
{"type":"Feature","geometry":{"type":"LineString","coordinates":[[34.64463,-10.9724],[34.6446,-10.97244],[34.64459,-10.97251],[34.64454,-10.97253],[34.6445,-10.97255]]},"properties":{"id":769704654,"cls":"path","hw":"footway","tg":"na","name":"","ref":"","surface":"","sc":"unknown","speed":null,"lit":"unk","km":0.024}},
{"type":"Feature","geometry":{"type":"LineString","coordinates":[[34.64607,-10.97214],[34.64606,-10.97208],[34.64606,-10.97204],[34.64604,-10.97201],[34.64601,-10.97199],[34.64597,-10.97196],[34.64594,-10.97192],[34.64591,-10.9719],[34.64587,-10.97189],[34.64583,-10.97188],[34.64579,-10.97187],[34.64575,-10.97189],[34.64572,-10.97191]]},"properties":{"id":769704655,"cls":"path","hw":"footway","tg":"na","name":"","ref":"","surface":"","sc":"unknown","speed":null,"lit":"unk","km":0.057}},
{"type":"Feature","geometry":{"type":"LineString","coordinates":[[34.65303,-10.96294],[34.6529,-10.96299],[34.65281,-10.96297],[34.65273,-10.96297],[34.65268,-10.963],[34.65265,-10.9631],[34.65266,-10.9632],[34.65266,-10.96322],[34.65264,-10.96323],[34.65262,-10.96324],[34.65259,-10.96325],[34.65258,-10.96326],[34.65257,-10.96328],[34.65255,-10.96333],[34.6525,-10.9634],[34.65247,-10.96341],[34.65244,-10.96339],[34.65242,-10.96339],[34.6524,-10.9634],[34.65239,-10.96341],[34.65237,-10.96343],[34.65232,-10.96349],[34.65228,-10.96351],[34.65216,-10.96351],[34.65192,-10.96348],[34.65183,-10.96347],[34.65174,-10.96349],[34.65167,-10.96347],[34.6516,-10.96343],[34.65157,-10.96343],[34.65155,-10.96342],[34.65152,-10.9634],[34.6515,-10.96338],[34.65148,-10.96338],[34.65146,-10.96339],[34.65144,-10.96338],[34.65138,-10.96331],[34.65137,-10.96329],[34.65134,-10.96328],[34.6513,-10.96329],[34.65121,-10.96335],[34.65105,-10.96351],[34.65099,-10.96364],[34.65094,-10.9637],[34.65088,-10.96372],[34.65084,-10.96374],[34.6508,-10.96375],[34.65077,-10.96378],[34.65075,-10.96383],[34.65072,-10.96386],[34.65069,-10.96389],[34.65065,-10.96389],[34.65055,-10.96384],[34.65052,-10.96382],[34.65051,-10.9638],[34.65049,-10.9638],[34.65047,-10.9638],[34.65045,-10.96381],[34.65043,-10.96379],[34.65041,-10.96374],[34.65032,-10.96368],[34.65022,-10.96363],[34.65011,-10.9636],[34.65002,-10.96356],[34.64993,-10.96356]]},"properties":{"id":819534990,"cls":"path","hw":"path","tg":"na","name":"","ref":"","surface":"","sc":"unknown","speed":null,"lit":"unk","km":0.434}},
{"type":"Feature","geometry":{"type":"LineString","coordinates":[[34.65524,-10.96291],[34.65523,-10.96297],[34.65521,-10.96301],[34.65518,-10.96306],[34.65517,-10.96309],[34.6552,-10.96312],[34.65519,-10.96318],[34.6552,-10.96324],[34.65523,-10.96327],[34.65527,-10.96329],[34.65531,-10.96331],[34.65535,-10.96333],[34.65537,-10.96335],[34.65539,-10.96338]]},"properties":{"id":819534996,"cls":"unclassified","hw":"unclassified","tg":"na","name":"","ref":"","surface":"","sc":"unknown","speed":null,"lit":"unk","km":0.066}},
{"type":"Feature","geometry":{"type":"LineString","coordinates":[[34.65141,-10.96703],[34.65142,-10.9671],[34.65138,-10.96711],[34.65134,-10.96715],[34.65129,-10.96719],[34.65123,-10.9673],[34.65113,-10.96734],[34.65104,-10.96733],[34.65098,-10.96734],[34.65093,-10.96738],[34.65089,-10.96743],[34.65087,-10.96749],[34.65086,-10.96757],[34.65088,-10.96765],[34.65094,-10.96776],[34.65102,-10.96781],[34.65113,-10.96784],[34.65127,-10.96786],[34.65141,-10.96794],[34.65152,-10.96801],[34.6516,-10.96811],[34.65166,-10.96818],[34.65168,-10.96821],[34.65169,-10.96822],[34.65169,-10.96824],[34.65168,-10.96828],[34.65169,-10.9683],[34.65181,-10.96848],[34.65187,-10.96855],[34.65191,-10.9686],[34.65192,-10.96864],[34.65191,-10.9687],[34.65192,-10.96873],[34.65193,-10.96878],[34.65194,-10.9688],[34.65194,-10.96884],[34.6519,-10.96892],[34.65188,-10.96896],[34.65188,-10.96902],[34.6519,-10.96908],[34.65197,-10.96911],[34.65198,-10.96916],[34.65209,-10.96926],[34.65227,-10.96943],[34.65248,-10.96956],[34.65254,-10.96961],[34.65259,-10.96966],[34.65262,-10.96969],[34.65266,-10.96974],[34.65268,-10.96979],[34.65271,-10.96986],[34.65278,-10.96994],[34.65296,-10.97004]]},"properties":{"id":819535001,"cls":"path","hw":"path","tg":"na","name":"","ref":"","surface":"","sc":"unknown","speed":null,"lit":"unk","km":0.489}},
{"type":"Feature","geometry":{"type":"LineString","coordinates":[[34.65381,-10.97319],[34.65384,-10.97311],[34.65385,-10.97305],[34.65384,-10.97299],[34.6538,-10.97293],[34.65377,-10.97287],[34.65375,-10.97282],[34.65373,-10.97278],[34.65373,-10.97273],[34.65378,-10.97266],[34.6538,-10.97261],[34.6538,-10.97257],[34.65381,-10.97254],[34.65383,-10.97253],[34.65385,-10.97251],[34.65387,-10.97246],[34.65389,-10.97241],[34.6539,-10.97236],[34.6539,-10.97234],[34.65393,-10.9723],[34.65397,-10.97223],[34.65398,-10.97222],[34.65397,-10.97219],[34.65395,-10.97216],[34.65396,-10.97211],[34.65395,-10.97209],[34.65394,-10.97207],[34.65394,-10.97204],[34.65396,-10.97195],[34.65401,-10.97187],[34.65403,-10.97182],[34.65403,-10.97178],[34.65399,-10.97175],[34.65383,-10.97162],[34.65378,-10.97154],[34.65374,-10.97149],[34.65369,-10.97146],[34.65364,-10.97142],[34.65363,-10.97135],[34.65364,-10.97125],[34.65363,-10.97118],[34.6536,-10.97114],[34.65359,-10.97109],[34.6536,-10.97104],[34.65357,-10.97093],[34.65354,-10.97082],[34.6535,-10.97072],[34.65343,-10.97049],[34.65343,-10.97044],[34.65339,-10.97039],[34.65324,-10.97031],[34.65298,-10.97011],[34.65296,-10.97009],[34.65295,-10.97007],[34.65296,-10.97004],[34.65298,-10.96995],[34.65298,-10.96991],[34.653,-10.96986],[34.65305,-10.96981],[34.65306,-10.96977],[34.65309,-10.96971],[34.65313,-10.96963],[34.65315,-10.96955],[34.65314,-10.96947],[34.65313,-10.9694],[34.65306,-10.96924],[34.65305,-10.96919],[34.65301,-10.96915],[34.653,-10.96911],[34.653,-10.96906],[34.65303,-10.969],[34.65305,-10.96891],[34.65304,-10.96882],[34.65304,-10.96874],[34.65307,-10.9687],[34.65307,-10.96865],[34.65307,-10.96862],[34.65309,-10.96859],[34.65312,-10.96855],[34.65313,-10.96848],[34.65315,-10.96844],[34.65319,-10.9684],[34.65319,-10.96837],[34.65319,-10.96833],[34.65321,-10.96829],[34.65324,-10.96825],[34.65325,-10.96821],[34.65324,-10.96817],[34.65323,-10.96806],[34.65331,-10.96792],[34.6534,-10.96785],[34.65341,-10.96783],[34.65343,-10.96783],[34.65346,-10.96785],[34.65349,-10.96786],[34.65352,-10.96785],[34.65357,-10.96782],[34.65357,-10.96779],[34.65356,-10.96777],[34.65357,-10.96776],[34.65359,-10.96772],[34.65361,-10.9677],[34.65365,-10.96768],[34.65367,-10.96768],[34.65373,-10.9677],[34.65383,-10.96768],[34.65388,-10.96768],[34.65393,-10.96766],[34.65398,-10.96762],[34.65403,-10.96757],[34.65406,-10.96751],[34.65407,-10.96744],[34.65412,-10.96737],[34.65418,-10.96722],[34.65421,-10.9672],[34.65422,-10.96718],[34.65423,-10.96715],[34.65424,-10.96713],[34.65425,-10.96709],[34.6543,-10.967]]},"properties":{"id":819535002,"cls":"path","hw":"path","tg":"na","name":"","ref":"","surface":"","sc":"unknown","speed":null,"lit":"unk","km":0.843}},
{"type":"Feature","geometry":{"type":"LineString","coordinates":[[34.65534,-10.96163],[34.65522,-10.96155],[34.65509,-10.96154],[34.65501,-10.96153],[34.65492,-10.96147],[34.65488,-10.96143],[34.65481,-10.96137],[34.65456,-10.96126],[34.65448,-10.96113],[34.65429,-10.96087],[34.65428,-10.96083],[34.65431,-10.9608],[34.65429,-10.96076],[34.65419,-10.96064],[34.65413,-10.96049],[34.65407,-10.96035],[34.65409,-10.9603],[34.65407,-10.96015],[34.65411,-10.96009],[34.65407,-10.96005],[34.65394,-10.95998],[34.65371,-10.95992],[34.65359,-10.95995],[34.65316,-10.96008],[34.65302,-10.96016],[34.65295,-10.96018],[34.65285,-10.96018],[34.65251,-10.96009],[34.65235,-10.96015],[34.65215,-10.96017],[34.65202,-10.96015]]},"properties":{"id":833711582,"cls":"unclassified","hw":"unclassified","tg":"na","name":"","ref":"","surface":"","sc":"unknown","speed":null,"lit":"unk","km":0.488}},
{"type":"Feature","geometry":{"type":"LineString","coordinates":[[34.65542,-10.96511],[34.65553,-10.96534],[34.65556,-10.96543],[34.65559,-10.96547],[34.65565,-10.96551],[34.65568,-10.96552],[34.6558,-10.96558],[34.6559,-10.96561],[34.65595,-10.96565],[34.65598,-10.96567],[34.65606,-10.96578],[34.65618,-10.96591],[34.65635,-10.96603],[34.65643,-10.96614],[34.65646,-10.96622],[34.65647,-10.96629],[34.6565,-10.96635],[34.65655,-10.96639],[34.65661,-10.96646],[34.65662,-10.96651],[34.65659,-10.96657],[34.65653,-10.96668],[34.65648,-10.96679],[34.65647,-10.96686],[34.65648,-10.96691],[34.65651,-10.96699],[34.65651,-10.96704],[34.65654,-10.96709],[34.65659,-10.96723],[34.65664,-10.96731],[34.65664,-10.96733],[34.65663,-10.96734],[34.65662,-10.96736],[34.65661,-10.96741],[34.65662,-10.96746],[34.65663,-10.96751],[34.65668,-10.96758],[34.6567,-10.96763],[34.65671,-10.96768],[34.65673,-10.96771],[34.65677,-10.96774],[34.65687,-10.96777],[34.65696,-10.9678],[34.65709,-10.96789],[34.65712,-10.96794],[34.65713,-10.96805],[34.65713,-10.96816],[34.65715,-10.96822],[34.6572,-10.96827],[34.65733,-10.96833],[34.65743,-10.96836],[34.65749,-10.96842],[34.65749,-10.96848],[34.65749,-10.96855],[34.65753,-10.96859],[34.65755,-10.96869],[34.65758,-10.96884],[34.65758,-10.96894],[34.65756,-10.96902],[34.65755,-10.96914],[34.65756,-10.96921],[34.65759,-10.96923],[34.65759,-10.96929],[34.65758,-10.96937],[34.65761,-10.96944],[34.65764,-10.96954],[34.65769,-10.9696],[34.65778,-10.96965],[34.65783,-10.96968],[34.65786,-10.96973],[34.65788,-10.96978],[34.65787,-10.96986],[34.65785,-10.96997],[34.65781,-10.97015],[34.65775,-10.97025],[34.65769,-10.97029],[34.65763,-10.97033],[34.65755,-10.97046],[34.65752,-10.97052],[34.65753,-10.97058],[34.65757,-10.97072],[34.65761,-10.9708],[34.65761,-10.97081],[34.6576,-10.97082],[34.6576,-10.97083],[34.65761,-10.97084],[34.65762,-10.97085],[34.65762,-10.97086],[34.65762,-10.97087],[34.65761,-10.97089],[34.65759,-10.97091],[34.6576,-10.97094],[34.65761,-10.97098],[34.65764,-10.97102],[34.65764,-10.97104],[34.65763,-10.97107],[34.65764,-10.97109],[34.65765,-10.97112],[34.65765,-10.97119],[34.65765,-10.97123],[34.65764,-10.97129],[34.65763,-10.97133],[34.65764,-10.97138],[34.65764,-10.97142],[34.65764,-10.97146],[34.65765,-10.9715],[34.65765,-10.97153],[34.65765,-10.97156],[34.65766,-10.97158],[34.65768,-10.9717],[34.65768,-10.97172],[34.65765,-10.97173],[34.65764,-10.97173],[34.65762,-10.97174],[34.65761,-10.97175],[34.6576,-10.97177],[34.65759,-10.97179],[34.65758,-10.97194],[34.65758,-10.97197],[34.65761,-10.97203],[34.65762,-10.97204],[34.65761,-10.97205],[34.6576,-10.97206],[34.65759,-10.97209],[34.6576,-10.97212],[34.65761,-10.97219],[34.65763,-10.97225],[34.65766,-10.97228],[34.65768,-10.97231],[34.65769,-10.97234],[34.65769,-10.97239],[34.65771,-10.97245],[34.65772,-10.97251],[34.6577,-10.97255],[34.6577,-10.97261],[34.65771,-10.97264],[34.65772,-10.97267],[34.65773,-10.97273],[34.65772,-10.97276],[34.65771,-10.9728],[34.65768,-10.97283],[34.65765,-10.97284],[34.6576,-10.97284],[34.65751,-10.97288],[34.65725,-10.973],[34.65722,-10.97304],[34.6572,-10.97306],[34.65716,-10.97306],[34.65713,-10.97307],[34.65708,-10.97309],[34.65701,-10.97315],[34.65683,-10.97319],[34.65665,-10.97319],[34.65647,-10.97319],[34.6564,-10.97319],[34.65637,-10.97323],[34.65633,-10.97328],[34.65628,-10.97338],[34.65623,-10.97347],[34.65621,-10.97354],[34.65618,-10.97359],[34.65613,-10.97365],[34.65611,-10.97366],[34.65609,-10.97368],[34.65606,-10.97368],[34.65603,-10.97368],[34.65601,-10.9737],[34.65599,-10.97372],[34.65595,-10.97377],[34.65584,-10.97391],[34.6558,-10.97393],[34.65572,-10.97395],[34.65554,-10.97396],[34.6555,-10.97399],[34.65547,-10.97401],[34.65543,-10.97401],[34.65541,-10.97402],[34.65539,-10.97405],[34.65539,-10.97408],[34.65531,-10.97415],[34.65526,-10.97417],[34.65524,-10.97418],[34.65518,-10.97426],[34.65462,-10.9747],[34.65433,-10.97491],[34.6539,-10.97517],[34.6537,-10.97528],[34.65366,-10.97533],[34.65364,-10.97537],[34.65361,-10.97547],[34.65361,-10.9755],[34.65359,-10.97553],[34.65343,-10.97564],[34.6532,-10.97578],[34.65306,-10.97586],[34.65296,-10.97589],[34.65273,-10.97596],[34.6526,-10.976],[34.65246,-10.976],[34.65235,-10.97602],[34.65228,-10.97605],[34.6522,-10.97612],[34.6521,-10.97616],[34.65204,-10.97618],[34.65182,-10.97617],[34.65154,-10.97621],[34.65132,-10.9762],[34.65123,-10.97617],[34.65114,-10.97609],[34.65106,-10.97605]]},"properties":{"id":833711584,"cls":"track","hw":"track","tg":"none","name":"","ref":"","surface":"","sc":"unknown","speed":null,"lit":"unk","km":1.898}},
{"type":"Feature","geometry":{"type":"LineString","coordinates":[[34.65524,-10.96291],[34.65524,-10.96284],[34.65525,-10.96277],[34.65534,-10.96254],[34.65526,-10.96233],[34.65524,-10.96207],[34.65531,-10.96201],[34.6554,-10.96183],[34.65534,-10.96163]]},"properties":{"id":833711585,"cls":"unclassified","hw":"unclassified","tg":"na","name":"","ref":"","surface":"","sc":"unknown","speed":null,"lit":"unk","km":0.153}},
{"type":"Feature","geometry":{"type":"LineString","coordinates":[[34.64935,-10.96614],[34.64936,-10.96619],[34.64938,-10.96622],[34.64942,-10.96624],[34.64952,-10.96628],[34.64957,-10.96628],[34.64963,-10.96628],[34.64967,-10.96627],[34.64969,-10.96628],[34.64971,-10.9663],[34.64974,-10.96632],[34.64977,-10.96633],[34.64986,-10.96639],[34.64994,-10.96639],[34.65006,-10.96642],[34.65016,-10.96645],[34.65026,-10.9665],[34.65029,-10.96654],[34.65031,-10.96659],[34.65033,-10.9666],[34.65036,-10.96661],[34.65039,-10.96663],[34.65042,-10.96665],[34.65047,-10.96673],[34.65054,-10.96683],[34.65062,-10.96686],[34.65072,-10.96687],[34.65088,-10.96687],[34.65113,-10.9669],[34.65123,-10.96693],[34.65131,-10.96696],[34.65141,-10.96703],[34.65161,-10.96709],[34.65175,-10.96713],[34.65185,-10.96713],[34.65192,-10.96711],[34.65198,-10.96714],[34.65202,-10.96721],[34.65209,-10.96729],[34.65212,-10.96733],[34.65229,-10.96739],[34.65235,-10.96742],[34.65242,-10.96742],[34.65249,-10.96738],[34.65259,-10.96733],[34.65263,-10.96729],[34.65265,-10.96729],[34.65267,-10.96728],[34.65275,-10.96731],[34.65279,-10.96732],[34.65289,-10.96733],[34.65295,-10.96735],[34.65298,-10.96738],[34.65301,-10.96744],[34.65306,-10.96752],[34.65321,-10.96763],[34.65325,-10.96776],[34.65331,-10.96792]]},"properties":{"id":833711586,"cls":"path","hw":"path","tg":"na","name":"","ref":"","surface":"","sc":"unknown","speed":null,"lit":"unk","km":0.529}},
{"type":"Feature","geometry":{"type":"LineString","coordinates":[[34.65429,-10.96087],[34.65422,-10.96094],[34.65416,-10.96094],[34.65411,-10.961],[34.65407,-10.9611],[34.65403,-10.9612],[34.65383,-10.96139],[34.65389,-10.96144],[34.65385,-10.96153],[34.65368,-10.96171],[34.65364,-10.96175],[34.65365,-10.96185],[34.65362,-10.96192],[34.65354,-10.9621],[34.65358,-10.96212]]},"properties":{"id":833711590,"cls":"unclassified","hw":"unclassified","tg":"na","name":"","ref":"","surface":"","sc":"unknown","speed":null,"lit":"unk","km":0.18}},
{"type":"Feature","geometry":{"type":"LineString","coordinates":[[34.65202,-10.96015],[34.65183,-10.96014],[34.65172,-10.96018],[34.65161,-10.96038],[34.65156,-10.96052],[34.65159,-10.96064],[34.65149,-10.96063],[34.65144,-10.96074],[34.65149,-10.96076],[34.65149,-10.96082],[34.65143,-10.96084],[34.65138,-10.96094],[34.65128,-10.96099]]},"properties":{"id":833711591,"cls":"unclassified","hw":"unclassified","tg":"na","name":"","ref":"","surface":"","sc":"unknown","speed":null,"lit":"unk","km":0.158}},
{"type":"Feature","geometry":{"type":"LineString","coordinates":[[34.65128,-10.96099],[34.65118,-10.96104],[34.65107,-10.96117],[34.65093,-10.96128],[34.65083,-10.96142],[34.65067,-10.96145],[34.65035,-10.9618]]},"properties":{"id":839959474,"cls":"unclassified","hw":"unclassified","tg":"na","name":"","ref":"","surface":"","sc":"unknown","speed":null,"lit":"unk","km":0.14}},
{"type":"Feature","geometry":{"type":"LineString","coordinates":[[34.65035,-10.9618],[34.65056,-10.96199],[34.65057,-10.962],[34.65011,-10.96261],[34.64965,-10.96283],[34.64955,-10.96291]]},"properties":{"id":846101256,"cls":"unclassified","hw":"unclassified","tg":"na","name":"","ref":"","surface":"","sc":"unknown","speed":null,"lit":"unk","km":0.187}},
{"type":"Feature","geometry":{"type":"LineString","coordinates":[[34.65035,-10.9618],[34.65027,-10.96145],[34.64998,-10.96163],[34.64979,-10.96165],[34.64965,-10.96166],[34.64949,-10.96163],[34.64937,-10.96165],[34.64926,-10.96179],[34.6492,-10.962],[34.64924,-10.96214]]},"properties":{"id":846101257,"cls":"unclassified","hw":"unclassified","tg":"na","name":"","ref":"","surface":"","sc":"unknown","speed":null,"lit":"unk","km":0.205}},
{"type":"Feature","geometry":{"type":"LineString","coordinates":[[34.64937,-10.96104],[34.64924,-10.96105],[34.64916,-10.96105],[34.649,-10.96107],[34.64887,-10.96112],[34.6488,-10.96123],[34.64872,-10.96141],[34.6487,-10.96162],[34.64883,-10.96205]]},"properties":{"id":846101260,"cls":"unclassified","hw":"unclassified","tg":"na","name":"","ref":"","surface":"","sc":"unknown","speed":null,"lit":"unk","km":0.165}},
{"type":"Feature","geometry":{"type":"LineString","coordinates":[[34.65056,-10.96199],[34.65065,-10.96175],[34.65073,-10.96172]]},"properties":{"id":846101261,"cls":"unclassified","hw":"unclassified","tg":"na","name":"","ref":"","surface":"","sc":"unknown","speed":null,"lit":"unk","km":0.038}},
{"type":"Feature","geometry":{"type":"LineString","coordinates":[[34.65027,-10.96145],[34.65066,-10.96117],[34.65067,-10.96145]]},"properties":{"id":846101262,"cls":"unclassified","hw":"unclassified","tg":"na","name":"","ref":"","surface":"","sc":"unknown","speed":null,"lit":"unk","km":0.084}},
{"type":"Feature","geometry":{"type":"LineString","coordinates":[[34.65128,-10.96099],[34.65109,-10.96084],[34.65118,-10.96074],[34.65041,-10.96038],[34.65017,-10.96039],[34.65018,-10.96017],[34.65013,-10.95998]]},"properties":{"id":846102528,"cls":"unclassified","hw":"unclassified","tg":"na","name":"","ref":"","surface":"","sc":"unknown","speed":null,"lit":"unk","km":0.207}},
{"type":"Feature","geometry":{"type":"LineString","coordinates":[[34.65027,-10.96145],[34.64969,-10.96107]]},"properties":{"id":846102529,"cls":"unclassified","hw":"unclassified","tg":"na","name":"","ref":"","surface":"","sc":"unknown","speed":null,"lit":"unk","km":0.076}},
{"type":"Feature","geometry":{"type":"LineString","coordinates":[[34.65128,-10.96099],[34.65133,-10.96117],[34.65128,-10.96146],[34.65107,-10.96166],[34.65101,-10.96183],[34.65096,-10.96185]]},"properties":{"id":846102821,"cls":"unclassified","hw":"unclassified","tg":"na","name":"","ref":"","surface":"","sc":"unknown","speed":null,"lit":"unk","km":0.111}},
{"type":"Feature","geometry":{"type":"LineString","coordinates":[[34.65067,-10.96145],[34.65082,-10.96158],[34.65073,-10.96172],[34.65077,-10.96184],[34.65096,-10.96185]]},"properties":{"id":846104743,"cls":"unclassified","hw":"unclassified","tg":"na","name":"","ref":"","surface":"","sc":"unknown","speed":null,"lit":"unk","km":0.075}},
{"type":"Feature","geometry":{"type":"LineString","coordinates":[[34.64937,-10.96104],[34.64947,-10.96104],[34.64957,-10.96105]]},"properties":{"id":846105058,"cls":"unclassified","hw":"unclassified","tg":"na","name":"","ref":"","surface":"","sc":"unknown","speed":null,"lit":"unk","km":0.022}},
{"type":"Feature","geometry":{"type":"LineString","coordinates":[[34.64957,-10.96105],[34.64969,-10.96107]]},"properties":{"id":846105059,"cls":"unclassified","hw":"unclassified","tg":"na","name":"","ref":"","surface":"","sc":"unknown","speed":null,"lit":"unk","km":0.013}},
{"type":"Feature","geometry":{"type":"LineString","coordinates":[[34.6502,-10.96522],[34.65015,-10.96509],[34.65017,-10.96499],[34.6502,-10.96489],[34.65028,-10.96486],[34.65031,-10.9649],[34.65039,-10.96488],[34.65045,-10.96483],[34.6505,-10.96478],[34.65051,-10.96469],[34.65057,-10.96464],[34.65064,-10.96464],[34.65071,-10.96457],[34.65081,-10.96461],[34.65089,-10.96464],[34.65095,-10.96463],[34.651,-10.96463],[34.65105,-10.96462],[34.65109,-10.9646],[34.65115,-10.96462],[34.65119,-10.96463],[34.65121,-10.96465],[34.65123,-10.96468],[34.65128,-10.9647],[34.65134,-10.96467],[34.6514,-10.9647],[34.65144,-10.9648],[34.65143,-10.96489],[34.65142,-10.96491],[34.65137,-10.96493],[34.65132,-10.96499],[34.65127,-10.96504],[34.65126,-10.96509],[34.65121,-10.96509],[34.65115,-10.96512],[34.65119,-10.96522],[34.65112,-10.96528]]},"properties":{"id":849158192,"cls":"path","hw":"path","tg":"na","name":"","ref":"","surface":"","sc":"unknown","speed":null,"lit":"unk","km":0.286}},
{"type":"Feature","geometry":{"type":"LineString","coordinates":[[34.65143,-10.96489],[34.65152,-10.96489],[34.65158,-10.96488],[34.65163,-10.96486],[34.65168,-10.96484],[34.65173,-10.96481],[34.65176,-10.96477],[34.65179,-10.96473],[34.65181,-10.96471],[34.65184,-10.96468],[34.65189,-10.96463],[34.65192,-10.96458],[34.65195,-10.96454],[34.65198,-10.96449],[34.652,-10.96447],[34.65202,-10.96446],[34.65205,-10.96444],[34.6521,-10.96444],[34.65212,-10.96443],[34.65214,-10.96442],[34.65224,-10.96435],[34.65228,-10.96433],[34.65232,-10.96432],[34.65236,-10.96431],[34.6524,-10.9643],[34.65243,-10.96428],[34.65247,-10.96428],[34.6525,-10.96429],[34.65253,-10.96429],[34.65255,-10.96428],[34.65257,-10.96428],[34.65259,-10.96427],[34.65264,-10.96429],[34.65268,-10.9643],[34.65273,-10.9643],[34.65279,-10.96432],[34.65285,-10.96436],[34.65295,-10.96443],[34.65303,-10.96447],[34.65314,-10.9645],[34.65318,-10.96449],[34.65324,-10.96447],[34.6533,-10.9645],[34.65332,-10.96452],[34.65338,-10.96451],[34.65344,-10.96448],[34.6535,-10.96446],[34.65355,-10.96447],[34.65359,-10.96443],[34.65368,-10.96442],[34.65378,-10.96442],[34.65382,-10.96444],[34.65386,-10.96444],[34.65391,-10.96442],[34.65402,-10.96442],[34.65418,-10.96443],[34.65433,-10.96452],[34.65446,-10.96461]]},"properties":{"id":1068462217,"cls":"path","hw":"path","tg":"na","name":"","ref":"","surface":"","sc":"unknown","speed":null,"lit":"unk","km":0.377}},
{"type":"Feature","geometry":{"type":"LineString","coordinates":[[34.6665,-10.72055],[34.66635,-10.72041],[34.66631,-10.72033]]},"properties":{"id":1284712912,"cls":"residential","hw":"residential","tg":"na","name":"","ref":"","surface":"","sc":"unknown","speed":null,"lit":"unk","km":0.033}},
{"type":"Feature","geometry":{"type":"LineString","coordinates":[[34.6665,-10.72055],[34.66694,-10.72044],[34.66713,-10.72045],[34.66743,-10.72075],[34.66755,-10.72086],[34.66784,-10.72091],[34.66813,-10.72098],[34.66837,-10.721],[34.66846,-10.72098],[34.66866,-10.72101],[34.66929,-10.72111],[34.66945,-10.72112],[34.6703,-10.72128],[34.6707,-10.72152],[34.67091,-10.72163],[34.67116,-10.7218],[34.67129,-10.72185],[34.67159,-10.72193],[34.67206,-10.72216]]},"properties":{"id":1284712914,"cls":"residential","hw":"residential","tg":"na","name":"","ref":"","surface":"","sc":"unknown","speed":null,"lit":"unk","km":0.657}},
{"type":"Feature","geometry":{"type":"LineString","coordinates":[[34.66624,-10.72049],[34.66618,-10.72059],[34.66592,-10.72096],[34.66588,-10.72107],[34.66582,-10.72145],[34.66573,-10.72163],[34.66537,-10.72213],[34.66527,-10.72232],[34.6652,-10.72256],[34.66516,-10.72264],[34.66501,-10.72278],[34.66484,-10.72289],[34.66471,-10.72304],[34.66467,-10.72314],[34.66463,-10.72337],[34.6646,-10.72346],[34.66453,-10.72356],[34.6644,-10.72366],[34.66432,-10.72376],[34.66421,-10.72402],[34.66408,-10.72426],[34.664,-10.72447],[34.66382,-10.72481],[34.66368,-10.72502],[34.66336,-10.72542],[34.66314,-10.72578],[34.66318,-10.72603]]},"properties":{"id":1284712921,"cls":"residential","hw":"residential","tg":"na","name":"","ref":"","surface":"","sc":"unknown","speed":null,"lit":"unk","km":0.72}},
{"type":"Feature","geometry":{"type":"LineString","coordinates":[[34.6665,-10.72055],[34.6665,-10.72062],[34.66657,-10.72089],[34.66672,-10.72165],[34.66691,-10.72181]]},"properties":{"id":1284712931,"cls":"residential","hw":"residential","tg":"na","name":"","ref":"","surface":"","sc":"unknown","speed":null,"lit":"unk","km":0.152}},
{"type":"Feature","geometry":{"type":"LineString","coordinates":[[34.67036,-10.72387],[34.67015,-10.72369],[34.67,-10.72351],[34.66975,-10.72341],[34.6696,-10.72325],[34.66952,-10.7232],[34.66948,-10.72315],[34.66935,-10.72288],[34.66899,-10.72247],[34.66894,-10.72244],[34.66874,-10.72229],[34.66836,-10.72219]]},"properties":{"id":1284713135,"cls":"residential","hw":"residential","tg":"na","name":"","ref":"","surface":"","sc":"unknown","speed":null,"lit":"unk","km":0.298}},
{"type":"Feature","geometry":{"type":"LineString","coordinates":[[34.69385,-10.76492],[34.69323,-10.76467],[34.69225,-10.76416],[34.69183,-10.76407],[34.69112,-10.76398],[34.69107,-10.76396],[34.69091,-10.76394],[34.69081,-10.76397],[34.69071,-10.764],[34.69061,-10.76403],[34.69054,-10.76403],[34.69044,-10.76398],[34.69042,-10.76393],[34.69025,-10.76392],[34.6902,-10.76386],[34.69009,-10.76376],[34.69004,-10.76369],[34.69001,-10.76363],[34.68986,-10.76352],[34.68946,-10.76317],[34.68895,-10.76314],[34.68855,-10.76305],[34.68814,-10.763],[34.68786,-10.76316],[34.68778,-10.76334],[34.68753,-10.76344],[34.68735,-10.76347],[34.68699,-10.76354],[34.68672,-10.76357],[34.68637,-10.76367],[34.68617,-10.7637],[34.68572,-10.76334],[34.6855,-10.76317],[34.68509,-10.7631]]},"properties":{"id":1284713795,"cls":"unclassified","hw":"unclassified","tg":"na","name":"","ref":"","surface":"","sc":"unknown","speed":null,"lit":"unk","km":1.066}},
{"type":"Feature","geometry":{"type":"LineString","coordinates":[[34.68179,-10.77235],[34.68229,-10.77251],[34.68264,-10.77249],[34.68333,-10.77258],[34.68411,-10.77288],[34.68454,-10.77301],[34.68501,-10.7732],[34.68514,-10.77337],[34.68526,-10.77308],[34.6853,-10.77286],[34.6854,-10.77269],[34.68572,-10.77252]]},"properties":{"id":1284713883,"cls":"residential","hw":"residential","tg":"na","name":"","ref":"","surface":"","sc":"unknown","speed":null,"lit":"unk","km":0.513}},
{"type":"Feature","geometry":{"type":"LineString","coordinates":[[34.6843,-10.76575],[34.68564,-10.76628],[34.68625,-10.76664],[34.68661,-10.76699],[34.68732,-10.76759],[34.68755,-10.76771],[34.68825,-10.76767],[34.68848,-10.76768],[34.68879,-10.76775],[34.6891,-10.76771],[34.68951,-10.76764],[34.68985,-10.76755],[34.69053,-10.76732],[34.69104,-10.76719],[34.69154,-10.76702],[34.6921,-10.7669],[34.69229,-10.76686],[34.69236,-10.7667],[34.6925,-10.76661],[34.69264,-10.7665],[34.6928,-10.76646],[34.69326,-10.76612],[34.69355,-10.76596],[34.69372,-10.76582],[34.69397,-10.76572],[34.69423,-10.76556],[34.69438,-10.76538]]},"properties":{"id":1284713897,"cls":"unclassified","hw":"unclassified","tg":"na","name":"","ref":"","surface":"","sc":"unknown","speed":null,"lit":"unk","km":1.242}},
{"type":"Feature","geometry":{"type":"LineString","coordinates":[[34.649,-10.96759],[34.64901,-10.96764],[34.649,-10.96768],[34.64901,-10.96772],[34.64906,-10.96776],[34.64908,-10.96783],[34.6491,-10.9679],[34.64917,-10.96794],[34.6493,-10.96799],[34.6494,-10.96803],[34.64947,-10.96811],[34.64955,-10.9682],[34.64966,-10.96827],[34.6497,-10.96833],[34.64977,-10.96839],[34.64983,-10.96842],[34.64987,-10.96846],[34.64991,-10.9685],[34.64998,-10.96855],[34.65001,-10.9686],[34.65007,-10.9687],[34.65012,-10.96875],[34.65016,-10.96877],[34.65023,-10.96879],[34.65025,-10.96885],[34.65027,-10.96893],[34.65029,-10.96898],[34.65029,-10.96902],[34.6503,-10.9691],[34.65034,-10.96917],[34.65039,-10.96921],[34.65044,-10.96926],[34.65047,-10.96932],[34.65049,-10.96938],[34.6505,-10.96943],[34.65064,-10.96973],[34.65065,-10.96975],[34.65066,-10.96977],[34.65068,-10.96978],[34.6507,-10.96978],[34.65071,-10.96978],[34.65073,-10.96982],[34.65075,-10.96987],[34.65078,-10.96993],[34.65084,-10.96996],[34.65089,-10.96997],[34.65094,-10.97001],[34.65096,-10.97005],[34.65096,-10.97009],[34.65101,-10.97013],[34.6511,-10.9702],[34.65113,-10.97027],[34.65113,-10.97033],[34.65112,-10.97038],[34.65116,-10.97044],[34.65119,-10.9705],[34.65125,-10.97055],[34.65132,-10.97058],[34.65142,-10.97062],[34.6515,-10.97064],[34.65152,-10.97066],[34.65154,-10.97069],[34.65155,-10.97073],[34.65156,-10.97076],[34.65159,-10.97077],[34.65162,-10.97078],[34.65164,-10.9708],[34.65165,-10.97082],[34.65164,-10.97085],[34.65164,-10.97094],[34.65162,-10.97104],[34.65159,-10.97117],[34.6516,-10.97125],[34.65162,-10.9713],[34.65168,-10.97142],[34.65175,-10.9716],[34.65207,-10.97209],[34.65224,-10.9723],[34.65232,-10.97234],[34.65249,-10.9724],[34.65258,-10.97241],[34.65264,-10.9724],[34.65268,-10.97239],[34.65271,-10.9724],[34.65281,-10.97245],[34.65291,-10.97248],[34.65297,-10.97252],[34.65303,-10.97257],[34.6531,-10.97259],[34.65315,-10.97262],[34.65319,-10.97262],[34.65324,-10.97263],[34.65326,-10.97264],[34.65329,-10.97264],[34.65331,-10.97265],[34.65333,-10.97269],[34.65333,-10.97272],[34.65333,-10.97276],[34.65336,-10.9728],[34.6534,-10.97287],[34.65345,-10.97293],[34.65351,-10.97298],[34.65356,-10.97304],[34.65358,-10.97304],[34.65361,-10.97304],[34.65364,-10.97304],[34.65371,-10.97306],[34.65374,-10.97309],[34.65377,-10.97314],[34.65381,-10.97319],[34.65384,-10.97326],[34.65387,-10.97331],[34.65394,-10.97337],[34.65403,-10.97346],[34.6541,-10.97355],[34.65417,-10.9736],[34.65426,-10.97366],[34.65428,-10.97369],[34.65431,-10.97372],[34.65433,-10.97379],[34.65434,-10.97384],[34.65436,-10.97388],[34.6544,-10.97391],[34.65446,-10.97394],[34.6545,-10.97398],[34.65452,-10.97401],[34.65454,-10.97406],[34.65453,-10.97417],[34.65449,-10.97434],[34.65447,-10.97447],[34.65445,-10.97451],[34.65442,-10.97456],[34.6544,-10.97462],[34.65438,-10.9747],[34.65433,-10.97475],[34.65431,-10.9748],[34.65431,-10.97487],[34.65433,-10.97491]]},"properties":{"id":1434622298,"cls":"path","hw":"path","tg":"na","name":"","ref":"","surface":"","sc":"unknown","speed":null,"lit":"unk","km":1.126}},
{"type":"Feature","geometry":{"type":"LineString","coordinates":[[34.65321,-10.96763],[34.6532,-10.96756],[34.65322,-10.96745],[34.65321,-10.96728],[34.65319,-10.96709],[34.6532,-10.967],[34.65322,-10.96693],[34.6532,-10.96689],[34.65305,-10.96662],[34.65296,-10.96637],[34.65296,-10.96632],[34.65296,-10.96624],[34.65296,-10.96617],[34.65298,-10.96605],[34.65301,-10.96597],[34.65303,-10.96588],[34.65304,-10.96582],[34.65306,-10.96577],[34.65307,-10.96573],[34.65307,-10.96565],[34.65308,-10.96553],[34.65303,-10.96549],[34.65301,-10.96546],[34.65303,-10.96539],[34.65307,-10.96528],[34.65312,-10.96517],[34.65318,-10.96506],[34.65314,-10.96459],[34.65314,-10.9645],[34.65316,-10.9644],[34.65323,-10.96414],[34.65321,-10.96387],[34.65321,-10.96383],[34.65319,-10.96379],[34.65318,-10.96374],[34.65319,-10.96369],[34.65318,-10.96365],[34.65315,-10.96363],[34.65315,-10.96359],[34.65314,-10.96354],[34.65311,-10.96351],[34.65311,-10.96346],[34.6531,-10.96342],[34.65308,-10.96337],[34.65307,-10.96331],[34.65306,-10.96325],[34.65305,-10.96319],[34.65304,-10.96315],[34.65301,-10.96309],[34.65303,-10.96299],[34.65303,-10.96294],[34.65306,-10.96282],[34.6531,-10.96265],[34.65325,-10.96246],[34.65349,-10.9623],[34.65358,-10.96212],[34.65364,-10.96207],[34.65385,-10.96195],[34.65393,-10.96188],[34.65402,-10.96183],[34.65408,-10.96178],[34.65417,-10.96175],[34.6543,-10.96178],[34.6544,-10.96172],[34.65447,-10.96165],[34.65457,-10.96151],[34.6546,-10.9615],[34.65465,-10.96144],[34.65474,-10.96142],[34.65481,-10.96137],[34.6551,-10.96111],[34.65517,-10.96074],[34.65529,-10.96056],[34.65537,-10.96049],[34.65547,-10.96041],[34.65562,-10.9602],[34.65571,-10.96007],[34.65581,-10.95997],[34.65598,-10.95979],[34.6561,-10.9597],[34.65624,-10.95962],[34.65631,-10.9596],[34.65638,-10.95957],[34.65655,-10.95946],[34.65671,-10.95938],[34.65689,-10.95932],[34.65707,-10.95928],[34.65714,-10.95927],[34.6572,-10.95922],[34.65729,-10.95919],[34.65735,-10.95914],[34.6574,-10.95904],[34.65752,-10.95899],[34.65764,-10.95892],[34.65772,-10.95888],[34.65778,-10.95884],[34.65783,-10.95877],[34.65789,-10.95871],[34.65793,-10.9587],[34.65801,-10.95867],[34.65807,-10.95863],[34.65815,-10.9586],[34.65823,-10.9586],[34.65829,-10.95858],[34.65833,-10.95856],[34.65836,-10.95856],[34.65845,-10.95856],[34.65847,-10.95855],[34.65849,-10.95854],[34.65853,-10.9585],[34.65856,-10.95847],[34.65858,-10.95841],[34.65863,-10.95823],[34.65871,-10.95803],[34.65873,-10.95798],[34.65874,-10.95795],[34.65878,-10.95792],[34.65882,-10.95788],[34.65883,-10.95786],[34.65886,-10.95782],[34.65897,-10.9577],[34.65903,-10.95765],[34.65908,-10.95762],[34.6591,-10.95757],[34.65911,-10.95752],[34.65914,-10.95749],[34.65916,-10.95748],[34.6592,-10.95746],[34.6593,-10.95739],[34.65936,-10.95734],[34.65937,-10.95732],[34.65937,-10.9573],[34.65939,-10.95729],[34.65943,-10.95728],[34.65948,-10.95726],[34.6595,-10.95724],[34.65951,-10.95721],[34.65952,-10.95719],[34.65955,-10.95717],[34.6596,-10.95717],[34.65966,-10.95717],[34.65969,-10.95717],[34.65971,-10.95714],[34.65977,-10.9571],[34.65981,-10.95707],[34.65985,-10.95706],[34.65992,-10.95706],[34.65999,-10.95705],[34.66003,-10.95703],[34.66005,-10.95701],[34.66007,-10.95698],[34.66011,-10.9569],[34.66015,-10.95687],[34.6602,-10.95686],[34.66026,-10.95684],[34.66029,-10.9568],[34.66031,-10.95676],[34.66035,-10.95671],[34.66054,-10.95663],[34.66071,-10.95653],[34.66078,-10.95647],[34.6609,-10.95641],[34.66099,-10.95635],[34.66102,-10.95628],[34.66105,-10.95623],[34.66108,-10.95619],[34.66112,-10.95616],[34.66116,-10.95615],[34.66121,-10.95612],[34.66128,-10.95612],[34.66135,-10.95611],[34.6614,-10.95606],[34.66148,-10.95598],[34.66158,-10.95585],[34.66162,-10.95577],[34.66162,-10.95572],[34.66163,-10.95565],[34.66164,-10.95559],[34.66171,-10.95551],[34.66183,-10.9552],[34.6619,-10.95506],[34.66192,-10.95495],[34.66199,-10.95481],[34.6621,-10.95469],[34.66218,-10.95464],[34.66224,-10.95457],[34.66226,-10.95449],[34.66233,-10.95437],[34.66245,-10.95427],[34.66252,-10.9542],[34.66255,-10.95419],[34.66258,-10.95417],[34.66263,-10.95412],[34.66269,-10.95409],[34.66272,-10.95402],[34.66276,-10.95398],[34.66279,-10.95395],[34.66284,-10.95393],[34.66288,-10.95393],[34.66292,-10.95392],[34.66295,-10.95389],[34.66301,-10.95385],[34.66309,-10.95381],[34.66314,-10.95375],[34.66317,-10.95366],[34.66322,-10.95356],[34.6633,-10.95347],[34.66343,-10.95338],[34.6636,-10.95328],[34.6638,-10.95318],[34.66392,-10.95312],[34.66407,-10.95303],[34.66422,-10.95284],[34.66421,-10.95273],[34.66428,-10.95268],[34.66442,-10.95266],[34.66446,-10.95259],[34.66453,-10.95255],[34.66463,-10.95248],[34.66466,-10.95244],[34.66468,-10.95238],[34.6647,-10.95231],[34.66475,-10.95227],[34.66481,-10.95227],[34.66488,-10.95228],[34.66493,-10.95228],[34.66496,-10.95225],[34.66498,-10.9522],[34.66503,-10.95216],[34.66512,-10.95213],[34.66519,-10.9521],[34.66525,-10.95201],[34.66529,-10.95184],[34.66538,-10.95163],[34.66551,-10.9515],[34.66557,-10.95145],[34.66559,-10.95134],[34.66562,-10.95123],[34.6657,-10.95115],[34.66577,-10.95112],[34.66581,-10.95112],[34.66585,-10.95111],[34.66591,-10.95107],[34.66593,-10.95101],[34.66598,-10.95094],[34.66604,-10.95089],[34.66609,-10.95076],[34.66625,-10.95008]]},"properties":{"id":1434663253,"cls":"unclassified","hw":"unclassified","tg":"na","name":"","ref":"","surface":"","sc":"unknown","speed":null,"lit":"unk","km":2.73}},
{"type":"Feature","geometry":{"type":"LineString","coordinates":[[34.64514,-10.65541],[34.64539,-10.65494],[34.64549,-10.6548],[34.64538,-10.65467],[34.6453,-10.6545],[34.64527,-10.65436]]},"properties":{"id":1478890386,"cls":"track","hw":"track","tg":"none","name":"","ref":"","surface":"","sc":"unknown","speed":null,"lit":"unk","km":0.134}},
{"type":"Feature","geometry":{"type":"LineString","coordinates":[[34.64549,-10.6548],[34.64561,-10.65466],[34.64573,-10.65445],[34.64581,-10.65435],[34.6459,-10.65426],[34.64617,-10.6541],[34.64623,-10.65403],[34.64625,-10.65394],[34.64618,-10.65386],[34.64614,-10.6537],[34.64616,-10.65354],[34.64621,-10.65336],[34.64624,-10.65331],[34.64625,-10.6532],[34.64629,-10.65307],[34.64637,-10.65292],[34.6465,-10.65277],[34.64663,-10.65262],[34.64671,-10.65249],[34.64677,-10.65235],[34.64681,-10.65226],[34.64684,-10.65217],[34.64689,-10.65209],[34.64701,-10.65199],[34.64707,-10.65192],[34.64713,-10.65183],[34.64722,-10.65178],[34.64737,-10.65172],[34.64745,-10.65165],[34.64753,-10.65159],[34.6476,-10.6515],[34.64762,-10.65139],[34.6476,-10.65131],[34.6476,-10.65119],[34.64759,-10.65103],[34.64753,-10.65095],[34.64735,-10.65074],[34.64734,-10.6506],[34.64727,-10.65038],[34.64731,-10.65024],[34.64736,-10.6501],[34.64744,-10.64993],[34.64746,-10.64978],[34.64757,-10.64954],[34.64764,-10.64936],[34.64779,-10.6491],[34.64791,-10.64894],[34.64804,-10.64875],[34.64815,-10.64853],[34.64822,-10.64838],[34.64827,-10.64818],[34.6483,-10.64803],[34.6483,-10.6479],[34.64829,-10.64779],[34.6483,-10.64772],[34.64826,-10.64756],[34.64826,-10.64733],[34.64827,-10.64719],[34.64819,-10.64705],[34.64817,-10.64688],[34.64823,-10.64669],[34.64826,-10.64657],[34.64856,-10.64599],[34.6486,-10.64586],[34.64867,-10.6458],[34.64878,-10.64573],[34.64907,-10.64563],[34.64917,-10.64556],[34.64942,-10.64549],[34.64957,-10.64539],[34.64966,-10.64519],[34.64971,-10.6451],[34.64982,-10.64504],[34.64998,-10.64501],[34.65014,-10.64502],[34.65017,-10.64494],[34.65017,-10.64466],[34.6502,-10.6446],[34.65025,-10.64449],[34.65022,-10.64435],[34.65018,-10.64429],[34.65018,-10.64423],[34.65022,-10.64412],[34.6502,-10.64402],[34.6502,-10.64392],[34.65024,-10.64383],[34.65035,-10.6437],[34.65045,-10.64357],[34.65054,-10.64349],[34.6506,-10.64328],[34.65049,-10.64303],[34.65047,-10.64282],[34.65051,-10.64235],[34.65053,-10.64213],[34.65058,-10.64185],[34.65064,-10.64153],[34.65069,-10.64142],[34.65076,-10.64133],[34.65076,-10.64125],[34.65062,-10.64103],[34.6506,-10.64083],[34.65062,-10.6407],[34.65054,-10.6406],[34.65042,-10.64051],[34.65035,-10.64042],[34.65034,-10.64028],[34.65039,-10.64016],[34.65042,-10.64007],[34.65047,-10.63989]]},"properties":{"id":1478890387,"cls":"track","hw":"track","tg":"none","name":"","ref":"","surface":"","sc":"unknown","speed":null,"lit":"unk","km":1.963}}
]}