{"type":"FeatureCollection","features":[
{"type":"Feature","geometry":{"type":"LineString","coordinates":[[34.80142,-11.28657],[34.80143,-11.28663],[34.80143,-11.28679],[34.80143,-11.28687],[34.80142,-11.28696],[34.80132,-11.28783],[34.80129,-11.28837],[34.80131,-11.28849],[34.80142,-11.28925],[34.80145,-11.28989],[34.80147,-11.29031],[34.80148,-11.29052],[34.80143,-11.29114],[34.80134,-11.29141],[34.8011,-11.29189],[34.80071,-11.29241],[34.80055,-11.29274],[34.80048,-11.29289],[34.8004,-11.29313],[34.80035,-11.29341],[34.80032,-11.29369],[34.80033,-11.29388],[34.8004,-11.29402],[34.80067,-11.2944],[34.80081,-11.29469],[34.80094,-11.29497],[34.801,-11.29522],[34.80102,-11.2954],[34.80109,-11.29556],[34.80118,-11.2957],[34.80162,-11.29636],[34.80207,-11.29695],[34.80238,-11.29749],[34.80249,-11.29768],[34.80271,-11.298],[34.80304,-11.29847],[34.80339,-11.2988],[34.80377,-11.29908],[34.80394,-11.29922],[34.80448,-11.2998],[34.80513,-11.30065],[34.80687,-11.30278],[34.80698,-11.3029],[34.8074,-11.30331],[34.80785,-11.30356],[34.80828,-11.30374],[34.80932,-11.30406],[34.81069,-11.30444],[34.81162,-11.30466],[34.81183,-11.30471],[34.81289,-11.3049],[34.81303,-11.30492],[34.81382,-11.30506],[34.81602,-11.30545],[34.81797,-11.30583],[34.81809,-11.30584],[34.81826,-11.30585],[34.81858,-11.30583],[34.81891,-11.30572],[34.81918,-11.30559],[34.81983,-11.30529],[34.82098,-11.30478],[34.82121,-11.30471],[34.82142,-11.30468],[34.82194,-11.30469],[34.82249,-11.30471],[34.82307,-11.30469],[34.82317,-11.30468],[34.82325,-11.30468],[34.82333,-11.30468],[34.82375,-11.30462],[34.82393,-11.30456],[34.82585,-11.30395],[34.82602,-11.30389],[34.82663,-11.30374],[34.82746,-11.30356],[34.82774,-11.30352],[34.82877,-11.30342],[34.8298,-11.30329],[34.83082,-11.30309],[34.83176,-11.30285],[34.832,-11.3028],[34.83371,-11.3024],[34.83381,-11.30238],[34.83432,-11.30227],[34.83497,-11.30213],[34.83731,-11.30162]]},"properties":{"id":37425957,"cls":"secondary","hw":"secondary","tg":"na","name":"","ref":"T12","surface":"unpaved","sc":"unpaved","speed":null,"lit":"unk","km":5.525}},
{"type":"Feature","geometry":{"type":"LineString","coordinates":[[34.803,-11.28668],[34.8024,-11.28641],[34.80197,-11.28626],[34.80177,-11.28615],[34.80141,-11.28592]]},"properties":{"id":239380245,"cls":"residential","hw":"residential","tg":"na","name":"","ref":"","surface":"","sc":"unknown","speed":null,"lit":"unk","km":0.194}},
{"type":"Feature","geometry":{"type":"LineString","coordinates":[[34.80143,-11.28687],[34.80155,-11.28685],[34.80169,-11.28681],[34.80175,-11.28676],[34.80179,-11.28668],[34.80189,-11.28641],[34.80194,-11.28632],[34.80197,-11.28626]]},"properties":{"id":239381809,"cls":"residential","hw":"residential","tg":"na","name":"","ref":"","surface":"","sc":"unknown","speed":null,"lit":"unk","km":0.098}},
{"type":"Feature","geometry":{"type":"LineString","coordinates":[[34.80347,-11.28586],[34.80353,-11.28574],[34.80376,-11.28522],[34.80377,-11.28517],[34.80375,-11.28512],[34.80339,-11.28419],[34.80327,-11.28375]]},"properties":{"id":239381810,"cls":"residential","hw":"residential","tg":"na","name":"","ref":"","surface":"","sc":"unknown","speed":null,"lit":"unk","km":0.251}},
{"type":"Feature","geometry":{"type":"LineString","coordinates":[[34.80173,-11.2829],[34.80301,-11.28298],[34.80311,-11.283],[34.80325,-11.28301]]},"properties":{"id":239381811,"cls":"unclassified","hw":"unclassified","tg":"na","name":"","ref":"","surface":"","sc":"unknown","speed":null,"lit":"unk","km":0.166}},
{"type":"Feature","geometry":{"type":"LineString","coordinates":[[34.80145,-11.28989],[34.80129,-11.28987],[34.80083,-11.28978],[34.80048,-11.28971],[34.80009,-11.28964],[34.79995,-11.28962],[34.79985,-11.28957],[34.79916,-11.28908],[34.79865,-11.28876]]},"properties":{"id":239381812,"cls":"residential","hw":"residential","tg":"na","name":"","ref":"","surface":"","sc":"unknown","speed":null,"lit":"unk","km":0.338}},
{"type":"Feature","geometry":{"type":"LineString","coordinates":[[34.80141,-11.28565],[34.80185,-11.28578],[34.80193,-11.2858],[34.80242,-11.28581],[34.80278,-11.28584],[34.80347,-11.28586],[34.80411,-11.28598],[34.80473,-11.28619],[34.80526,-11.28639]]},"properties":{"id":239381813,"cls":"residential","hw":"residential","tg":"na","name":"","ref":"","surface":"","sc":"unknown","speed":null,"lit":"unk","km":0.432}},
{"type":"Feature","geometry":{"type":"LineString","coordinates":[[34.80489,-11.28222],[34.80492,-11.28221],[34.80517,-11.28211],[34.8053,-11.28204],[34.80534,-11.28199],[34.80536,-11.28188],[34.80538,-11.2818],[34.80543,-11.2817],[34.80564,-11.28153],[34.80569,-11.28151],[34.80575,-11.2815],[34.80582,-11.2815],[34.80585,-11.2815],[34.80609,-11.28137],[34.80617,-11.2813],[34.80624,-11.28122],[34.80628,-11.28111],[34.8063,-11.28106],[34.80634,-11.28103],[34.80652,-11.2809],[34.80654,-11.28089],[34.80674,-11.28087],[34.80681,-11.28085],[34.807,-11.28071]]},"properties":{"id":239381815,"cls":"residential","hw":"residential","tg":"na","name":"","ref":"","surface":"","sc":"unknown","speed":null,"lit":"unk","km":0.304}},
{"type":"Feature","geometry":{"type":"LineString","coordinates":[[34.80278,-11.28584],[34.80329,-11.28621],[34.80393,-11.28649],[34.80489,-11.28683],[34.8052,-11.28696]]},"properties":{"id":239381817,"cls":"residential","hw":"residential","tg":"na","name":"","ref":"","surface":"","sc":"unknown","speed":null,"lit":"unk","km":0.294}},
{"type":"Feature","geometry":{"type":"LineString","coordinates":[[34.8071,-11.28311],[34.80665,-11.28327],[34.80656,-11.28331],[34.80631,-11.28349],[34.80623,-11.28354],[34.80604,-11.28361],[34.80554,-11.28366],[34.80516,-11.28363],[34.80459,-11.28357]]},"properties":{"id":239381818,"cls":"unclassified","hw":"unclassified","tg":"na","name":"","ref":"","surface":"","sc":"unknown","speed":null,"lit":"unk","km":0.288}},
{"type":"Feature","geometry":{"type":"LineString","coordinates":[[34.80142,-11.28925],[34.80201,-11.2894],[34.80256,-11.28957],[34.80413,-11.29009],[34.80394,-11.29076],[34.80395,-11.29082],[34.80399,-11.29086],[34.80532,-11.29133],[34.8063,-11.29162],[34.8064,-11.29164],[34.80657,-11.29163],[34.80767,-11.29153],[34.80833,-11.2914],[34.80843,-11.29138],[34.80874,-11.29127],[34.80904,-11.29118],[34.80948,-11.29094],[34.80998,-11.29063],[34.81064,-11.29024],[34.81145,-11.28974],[34.81179,-11.28958],[34.81189,-11.28954],[34.81202,-11.28952],[34.8122,-11.28956],[34.81242,-11.28966],[34.81311,-11.29001],[34.81317,-11.29006],[34.81329,-11.29022],[34.81346,-11.29025],[34.81357,-11.29025],[34.81391,-11.29016],[34.81429,-11.29007],[34.81482,-11.29],[34.81497,-11.28995],[34.81509,-11.28986],[34.81537,-11.28971],[34.81567,-11.28958],[34.81574,-11.28956],[34.81582,-11.28952],[34.81602,-11.28942],[34.81649,-11.28899],[34.81689,-11.28869],[34.81707,-11.28853],[34.81737,-11.28835],[34.81764,-11.28823],[34.81809,-11.28808],[34.81822,-11.28802],[34.81849,-11.28787],[34.81855,-11.28781],[34.8186,-11.28769],[34.81874,-11.28717]]},"properties":{"id":239381819,"cls":"unclassified","hw":"unclassified","tg":"na","name":"","ref":"","surface":"","sc":"unknown","speed":null,"lit":"unk","km":2.232}},
{"type":"Feature","geometry":{"type":"LineString","coordinates":[[34.80413,-11.29009],[34.80425,-11.28987],[34.80432,-11.28969],[34.80439,-11.28947],[34.80446,-11.28916],[34.80463,-11.28851],[34.80475,-11.28808],[34.80501,-11.28735],[34.80348,-11.28697],[34.80315,-11.28683],[34.80309,-11.28678],[34.803,-11.28668]]},"properties":{"id":239381820,"cls":"residential","hw":"residential","tg":"na","name":"","ref":"","surface":"","sc":"unknown","speed":null,"lit":"unk","km":0.555}},
{"type":"Feature","geometry":{"type":"LineString","coordinates":[[34.73391,-11.16637],[34.73346,-11.16645],[34.73241,-11.16662],[34.73084,-11.16693],[34.72883,-11.16728],[34.72761,-11.16749],[34.72665,-11.16765],[34.72573,-11.16782],[34.72568,-11.16783],[34.72524,-11.16814],[34.72495,-11.1683],[34.7247,-11.16848],[34.72451,-11.16867],[34.72391,-11.16937],[34.72344,-11.17007],[34.72311,-11.17066],[34.7225,-11.17196],[34.72189,-11.17317],[34.72134,-11.17444],[34.72088,-11.17537],[34.72053,-11.17601],[34.72005,-11.17681],[34.71957,-11.17773]]},"properties":{"id":240102925,"cls":"residential","hw":"residential","tg":"na","name":"","ref":"","surface":"unpaved","sc":"unpaved","speed":null,"lit":"unk","km":2.217}},
{"type":"Feature","geometry":{"type":"LineString","coordinates":[[34.73119,-11.18154],[34.73112,-11.18178],[34.7311,-11.18201],[34.7311,-11.18256],[34.73111,-11.1826],[34.73115,-11.18265],[34.73257,-11.18354],[34.73298,-11.18378],[34.73303,-11.18383],[34.73305,-11.18387],[34.73303,-11.1843],[34.73303,-11.18439],[34.73303,-11.18442],[34.73297,-11.18451],[34.73246,-11.18521],[34.73236,-11.18532],[34.73228,-11.18546],[34.73207,-11.18586],[34.7317,-11.18663],[34.73167,-11.18669],[34.73142,-11.18723],[34.73124,-11.18752],[34.73108,-11.18774],[34.73105,-11.18787],[34.73104,-11.18814],[34.73108,-11.18868],[34.73106,-11.18889],[34.73102,-11.18904],[34.7306,-11.18987],[34.73034,-11.19048],[34.72963,-11.19237],[34.72948,-11.19258],[34.72933,-11.19274],[34.72923,-11.19292],[34.7288,-11.194],[34.72874,-11.19417],[34.72864,-11.19502]]},"properties":{"id":240102928,"cls":"residential","hw":"residential","tg":"na","name":"","ref":"","surface":"","sc":"unknown","speed":null,"lit":"unk","km":1.73}},
{"type":"Feature","geometry":{"type":"LineString","coordinates":[[34.7559,-11.20325],[34.75569,-11.2034],[34.75561,-11.20346],[34.75556,-11.20356],[34.75552,-11.20389],[34.75547,-11.20405],[34.75532,-11.20451],[34.7553,-11.20461],[34.75514,-11.20506],[34.7551,-11.20531],[34.75505,-11.20555],[34.75492,-11.20588],[34.75486,-11.20607],[34.75487,-11.20622],[34.75483,-11.20646],[34.75475,-11.20654],[34.75453,-11.20667],[34.75417,-11.20686],[34.75403,-11.20704]]},"properties":{"id":240102933,"cls":"residential","hw":"residential","tg":"na","name":"","ref":"","surface":"","sc":"unknown","speed":null,"lit":"unk","km":0.496}},
{"type":"Feature","geometry":{"type":"LineString","coordinates":[[34.76272,-11.21666],[34.7629,-11.21643],[34.76316,-11.2162],[34.76321,-11.21614],[34.76331,-11.21599],[34.76352,-11.2158],[34.76386,-11.21563],[34.76411,-11.21552],[34.76433,-11.21532],[34.76444,-11.21523],[34.7646,-11.21512],[34.76464,-11.21509],[34.76469,-11.21507],[34.76475,-11.21506],[34.76485,-11.21508],[34.76488,-11.21511],[34.76491,-11.21516],[34.76492,-11.21523],[34.76493,-11.21531],[34.76496,-11.21533],[34.76499,-11.21535],[34.76509,-11.21538],[34.76513,-11.2154],[34.76518,-11.21543],[34.76532,-11.21565],[34.76541,-11.21568],[34.76558,-11.2157],[34.76575,-11.21574],[34.76586,-11.21575],[34.76599,-11.21576],[34.76604,-11.21576],[34.76609,-11.21574],[34.76615,-11.2157],[34.76622,-11.21567],[34.76631,-11.21561],[34.76638,-11.21554],[34.76641,-11.21547],[34.76646,-11.21538],[34.7665,-11.21535],[34.76656,-11.2153],[34.76661,-11.21527],[34.76701,-11.21517]]},"properties":{"id":240102939,"cls":"residential","hw":"residential","tg":"na","name":"","ref":"","surface":"","sc":"unknown","speed":null,"lit":"unk","km":0.598}},
{"type":"Feature","geometry":{"type":"LineString","coordinates":[[34.75767,-11.20635],[34.75743,-11.20649],[34.757,-11.20665],[34.75679,-11.20673],[34.75656,-11.20688],[34.75647,-11.20696],[34.75625,-11.20714],[34.75595,-11.20718],[34.75581,-11.20716],[34.75534,-11.20721],[34.75504,-11.2072],[34.75434,-11.20695],[34.75417,-11.20686],[34.7539,-11.20678],[34.75363,-11.20666],[34.75311,-11.20644],[34.753,-11.2064],[34.75232,-11.20611],[34.75189,-11.2059]]},"properties":{"id":240102942,"cls":"path","hw":"path","tg":"na","name":"","ref":"","surface":"","sc":"unknown","speed":null,"lit":"unk","km":0.686}},
{"type":"Feature","geometry":{"type":"LineString","coordinates":[[34.65101,-11.10339],[34.65087,-11.10328],[34.65054,-11.10309],[34.65005,-11.10283],[34.64964,-11.10267],[34.64957,-11.10264],[34.64925,-11.10252],[34.64869,-11.10232],[34.64856,-11.10225],[34.6479,-11.10189],[34.64744,-11.10157],[34.64734,-11.10148],[34.64716,-11.10127],[34.64697,-11.10106],[34.64671,-11.10083],[34.64647,-11.10065],[34.64633,-11.10057],[34.64589,-11.10039],[34.64556,-11.10029],[34.64526,-11.10023],[34.64517,-11.10021],[34.64511,-11.1002],[34.64496,-11.10016],[34.6448,-11.10009],[34.64463,-11.10003],[34.6444,-11.09994],[34.64431,-11.09989],[34.64421,-11.09984],[34.64412,-11.0998],[34.64392,-11.09974],[34.64349,-11.09962],[34.6434,-11.0996],[34.6433,-11.09959],[34.6432,-11.09959],[34.64313,-11.09956],[34.64307,-11.09954],[34.64249,-11.09924],[34.6424,-11.09919],[34.64233,-11.09911],[34.64227,-11.09902],[34.64207,-11.09863],[34.64189,-11.09836],[34.64181,-11.09817],[34.64178,-11.09806],[34.64175,-11.09781],[34.64173,-11.09758],[34.6417,-11.09752],[34.64166,-11.09746],[34.64156,-11.09736],[34.64117,-11.09713],[34.64109,-11.09711],[34.64103,-11.09709],[34.64097,-11.09707],[34.6409,-11.09705],[34.64085,-11.09703],[34.64006,-11.0964],[34.63971,-11.09606]]},"properties":{"id":242932507,"cls":"residential","hw":"residential","tg":"na","name":"","ref":"","surface":"","sc":"unknown","speed":null,"lit":"unk","km":1.544}},
{"type":"Feature","geometry":{"type":"LineString","coordinates":[[34.79249,-11.25996],[34.79255,-11.25978],[34.79257,-11.25966],[34.79258,-11.25923],[34.79258,-11.2592],[34.79262,-11.25909],[34.79262,-11.25905],[34.79257,-11.25877],[34.79255,-11.25867],[34.7925,-11.25856],[34.79245,-11.25832],[34.79244,-11.25824],[34.79244,-11.25816],[34.79248,-11.25808],[34.79253,-11.25805],[34.79269,-11.25787],[34.79278,-11.25774],[34.79298,-11.25755],[34.79329,-11.25732],[34.79344,-11.25715],[34.79355,-11.25699],[34.79368,-11.25682],[34.79383,-11.25667],[34.79399,-11.25635],[34.79412,-11.25615],[34.79426,-11.25597],[34.79438,-11.2557],[34.79444,-11.25543],[34.79452,-11.25513],[34.7945,-11.25476],[34.79451,-11.25452],[34.79454,-11.25434],[34.79457,-11.25424],[34.79465,-11.25411],[34.79486,-11.25391],[34.79496,-11.25385],[34.79507,-11.25378],[34.79523,-11.25365],[34.79534,-11.25359],[34.79547,-11.25356],[34.79574,-11.25356],[34.79611,-11.25353],[34.7962,-11.25351],[34.79628,-11.25346],[34.79638,-11.2534],[34.79644,-11.25338],[34.79661,-11.25337],[34.79695,-11.25338],[34.79724,-11.25333],[34.79744,-11.25331],[34.79771,-11.25326],[34.79777,-11.25327],[34.79782,-11.25329],[34.79793,-11.25336],[34.79796,-11.25337],[34.798,-11.25337],[34.79809,-11.25337],[34.79831,-11.25332],[34.79834,-11.25331],[34.79837,-11.25331],[34.79843,-11.25333],[34.79848,-11.25333],[34.79852,-11.25332],[34.79857,-11.2533],[34.7989,-11.25316],[34.79914,-11.25308],[34.79936,-11.25304],[34.80011,-11.25298],[34.8013,-11.25293],[34.80136,-11.25292],[34.80142,-11.25289],[34.8018,-11.25277],[34.80185,-11.25274],[34.80188,-11.2527],[34.80212,-11.25238],[34.80216,-11.25233],[34.80224,-11.25227],[34.80301,-11.2518],[34.80343,-11.25161],[34.80405,-11.2512],[34.80409,-11.25117],[34.80412,-11.25113],[34.80423,-11.25087],[34.80427,-11.25081],[34.80444,-11.25065],[34.80446,-11.25062],[34.80446,-11.25059],[34.80445,-11.25056],[34.80439,-11.25046],[34.80438,-11.25044],[34.80438,-11.25042],[34.80438,-11.25026],[34.80439,-11.25022],[34.80445,-11.25015],[34.80446,-11.25013],[34.80446,-11.25011],[34.80438,-11.24996],[34.80438,-11.24993],[34.80444,-11.24967],[34.80444,-11.24964],[34.80444,-11.24961],[34.80441,-11.24958],[34.80439,-11.24956],[34.80438,-11.24953],[34.80444,-11.24925],[34.80444,-11.2492],[34.80443,-11.24916],[34.80432,-11.2489],[34.80431,-11.24885],[34.80431,-11.24879],[34.80434,-11.24852],[34.80437,-11.24842],[34.80448,-11.2482],[34.80463,-11.24799],[34.80469,-11.24795],[34.80488,-11.24785],[34.8051,-11.24776],[34.80559,-11.24748],[34.80566,-11.24742],[34.80573,-11.24728],[34.80585,-11.24698],[34.80594,-11.24687],[34.80622,-11.24662],[34.80649,-11.24626],[34.80686,-11.24583],[34.8069,-11.24575],[34.8069,-11.24566],[34.80691,-11.24542],[34.80693,-11.24535],[34.80698,-11.2453],[34.80733,-11.24509],[34.80784,-11.24481],[34.80792,-11.24472],[34.80814,-11.24432]]},"properties":{"id":243431570,"cls":"residential","hw":"residential","tg":"na","name":"","ref":"","surface":"","sc":"unknown","speed":null,"lit":"unk","km":2.842}},
{"type":"Feature","geometry":{"type":"LineString","coordinates":[[34.78848,-11.25438],[34.78867,-11.25407],[34.78878,-11.25365],[34.78881,-11.25339],[34.78876,-11.25315],[34.78865,-11.25293],[34.7886,-11.25269],[34.78863,-11.25227],[34.78872,-11.25194],[34.78889,-11.25154],[34.78911,-11.25125],[34.78916,-11.25108],[34.78926,-11.25086],[34.78942,-11.25071],[34.7896,-11.25062],[34.7902,-11.25053],[34.79033,-11.25046],[34.79042,-11.25036],[34.79064,-11.25009],[34.79094,-11.2497],[34.79142,-11.24935],[34.79183,-11.24897],[34.79219,-11.24845],[34.79228,-11.24814],[34.79226,-11.24802]]},"properties":{"id":243431571,"cls":"residential","hw":"residential","tg":"na","name":"","ref":"","surface":"","sc":"unknown","speed":null,"lit":"unk","km":0.901}},
{"type":"Feature","geometry":{"type":"LineString","coordinates":[[34.85585,-11.34139],[34.85619,-11.34157],[34.8576,-11.34244],[34.85818,-11.34279],[34.85834,-11.34289],[34.85883,-11.34328],[34.86094,-11.34463],[34.86318,-11.34599],[34.86343,-11.34619],[34.86377,-11.34645],[34.86394,-11.34656],[34.86438,-11.34678],[34.86506,-11.34719],[34.86522,-11.34723],[34.86541,-11.34723],[34.86602,-11.34704],[34.86619,-11.34701],[34.86652,-11.34695],[34.86665,-11.34689],[34.86709,-11.34649],[34.86722,-11.3464],[34.86766,-11.34625],[34.86774,-11.34622],[34.86779,-11.34615],[34.86791,-11.3457],[34.86797,-11.34559],[34.86854,-11.34493],[34.86889,-11.34465],[34.86943,-11.34422],[34.86956,-11.34415],[34.86966,-11.34416],[34.86978,-11.34422],[34.87177,-11.34668],[34.87185,-11.34669],[34.87196,-11.34669],[34.87299,-11.34629],[34.8733,-11.3462],[34.87359,-11.34619],[34.87396,-11.34623],[34.87487,-11.34647],[34.87501,-11.34649],[34.87511,-11.34647],[34.87521,-11.34639],[34.87617,-11.34516],[34.87696,-11.34406],[34.87707,-11.34389],[34.8772,-11.34374],[34.87787,-11.34314],[34.87797,-11.34305],[34.87816,-11.3428],[34.87826,-11.34271],[34.87895,-11.34219],[34.87911,-11.34202],[34.87949,-11.3415]]},"properties":{"id":344278739,"cls":"residential","hw":"residential","tg":"na","name":"","ref":"","surface":"unpaved","sc":"unpaved","speed":null,"lit":"unk","km":3.318}},
{"type":"Feature","geometry":{"type":"LineString","coordinates":[[34.78983,-11.25553],[34.78977,-11.2555],[34.78969,-11.25551],[34.78957,-11.25552],[34.78945,-11.25552],[34.78933,-11.2555],[34.78924,-11.25544],[34.78919,-11.25538],[34.78894,-11.25505],[34.78848,-11.25438],[34.78761,-11.25357],[34.78735,-11.25332],[34.78669,-11.25279],[34.78656,-11.25271],[34.78647,-11.25266],[34.78637,-11.25264],[34.78579,-11.25257],[34.78526,-11.25248],[34.78432,-11.25211],[34.78399,-11.25198],[34.78383,-11.2519],[34.78368,-11.25183],[34.78261,-11.25116],[34.78232,-11.25096],[34.78228,-11.25093],[34.78207,-11.25076],[34.78198,-11.25066],[34.78194,-11.25056],[34.78192,-11.25049],[34.78191,-11.25024],[34.78191,-11.25018],[34.7819,-11.25009],[34.78184,-11.24973],[34.78171,-11.24928],[34.78163,-11.24906],[34.78154,-11.24893],[34.78141,-11.24881],[34.78081,-11.24838],[34.78048,-11.24806],[34.78035,-11.24792],[34.78016,-11.24774],[34.77983,-11.24739],[34.77973,-11.24715],[34.77967,-11.2469],[34.77961,-11.24652],[34.77953,-11.24623],[34.77944,-11.24601],[34.7794,-11.24593],[34.77937,-11.24585],[34.77928,-11.24572],[34.77798,-11.24394],[34.77706,-11.24289],[34.77667,-11.24257],[34.77639,-11.24238],[34.77616,-11.24211],[34.77597,-11.24169],[34.77558,-11.24075],[34.77551,-11.24063],[34.77548,-11.24052],[34.77545,-11.2404],[34.77545,-11.24029],[34.77546,-11.24016],[34.77549,-11.24004],[34.77554,-11.23985],[34.77557,-11.23963],[34.77557,-11.23944],[34.77553,-11.23931],[34.77548,-11.23919],[34.77515,-11.2386],[34.77467,-11.23782],[34.7741,-11.23661],[34.77344,-11.23568],[34.77284,-11.23416],[34.77276,-11.23403],[34.77268,-11.23395],[34.77258,-11.23387],[34.77223,-11.23367],[34.77208,-11.23353],[34.77198,-11.23339],[34.77193,-11.23327],[34.77186,-11.23316],[34.77173,-11.23302],[34.77159,-11.2329],[34.77147,-11.23283],[34.77136,-11.23279],[34.77105,-11.23273],[34.7708,-11.23268],[34.77062,-11.23262],[34.77049,-11.23254],[34.77037,-11.23244],[34.77027,-11.23232],[34.77007,-11.23201],[34.76994,-11.23191],[34.76984,-11.23183],[34.76962,-11.23171],[34.76956,-11.23168],[34.76907,-11.23143],[34.76894,-11.23134],[34.76888,-11.23131],[34.76872,-11.23115],[34.76856,-11.23097],[34.76839,-11.23075],[34.76813,-11.23034],[34.76807,-11.23021],[34.76772,-11.22955],[34.7674,-11.22933],[34.76729,-11.22925],[34.76722,-11.22916],[34.76715,-11.22895],[34.76709,-11.22878],[34.76693,-11.22858],[34.76668,-11.22835],[34.7664,-11.22814],[34.76626,-11.22797],[34.7662,-11.22774],[34.76622,-11.22761],[34.76626,-11.22751],[34.76642,-11.22713],[34.76684,-11.22628],[34.76723,-11.22557],[34.76727,-11.22551],[34.76731,-11.22541],[34.76733,-11.2253],[34.76735,-11.22504],[34.76735,-11.22496],[34.76734,-11.22488],[34.76731,-11.22477],[34.7673,-11.22474],[34.76726,-11.22462],[34.76718,-11.22449],[34.76714,-11.22443],[34.76698,-11.22417],[34.76696,-11.2241],[34.76696,-11.22401],[34.76697,-11.22393],[34.76705,-11.22375],[34.76709,-11.22362],[34.76709,-11.22353],[34.76709,-11.22343],[34.76705,-11.22338],[34.76702,-11.22335],[34.76686,-11.22322],[34.76673,-11.22308],[34.76666,-11.22299],[34.76659,-11.22288],[34.76656,-11.2228],[34.76655,-11.22272],[34.76652,-11.22232],[34.76653,-11.22184],[34.76649,-11.22178],[34.76644,-11.22175],[34.76636,-11.22175],[34.7663,-11.22178],[34.76599,-11.22211],[34.76586,-11.22219],[34.76579,-11.22221],[34.76574,-11.2222],[34.76568,-11.22219],[34.76563,-11.22217],[34.76539,-11.22196],[34.76461,-11.22126],[34.76417,-11.22076],[34.76412,-11.22068],[34.76384,-11.22025],[34.76349,-11.21983],[34.7634,-11.21961],[34.76334,-11.21947],[34.76326,-11.21923],[34.76325,-11.21915],[34.76325,-11.21907],[34.76328,-11.21899],[34.76332,-11.21893],[34.76368,-11.21851],[34.76372,-11.21843],[34.76373,-11.21834],[34.76373,-11.21822],[34.76347,-11.21766],[34.76335,-11.21745],[34.76323,-11.21734],[34.76295,-11.21715],[34.76291,-11.21711],[34.76287,-11.21707],[34.76285,-11.21699],[34.76279,-11.21681],[34.76276,-11.21673],[34.76272,-11.21666],[34.76254,-11.21658],[34.76247,-11.21654],[34.76239,-11.21651],[34.76225,-11.21648],[34.76162,-11.21648],[34.76143,-11.21645],[34.7613,-11.21637],[34.76112,-11.21614],[34.76099,-11.21589],[34.7609,-11.21569],[34.76086,-11.21558],[34.76085,-11.21548],[34.76084,-11.21539],[34.76085,-11.21531],[34.76089,-11.21515],[34.7609,-11.21502],[34.76089,-11.21487],[34.76089,-11.2141],[34.76094,-11.21333],[34.7611,-11.21254],[34.76118,-11.21236],[34.76147,-11.21191],[34.76167,-11.21146],[34.7618,-11.21114],[34.76198,-11.21079],[34.76202,-11.21064],[34.76203,-11.2105],[34.76202,-11.21023],[34.76197,-11.20988],[34.76191,-11.20962],[34.76186,-11.20941],[34.76183,-11.20936],[34.7618,-11.20932],[34.76144,-11.20904],[34.7613,-11.2089],[34.7611,-11.20872],[34.76105,-11.20868],[34.761,-11.20863],[34.76098,-11.20858],[34.76096,-11.20852],[34.76095,-11.20818],[34.76093,-11.20775],[34.76092,-11.20763],[34.76091,-11.20758],[34.7609,-11.20755],[34.76048,-11.20718],[34.76039,-11.20715],[34.76029,-11.20715],[34.76001,-11.20717],[34.75976,-11.20718],[34.75971,-11.20717],[34.75967,-11.20716],[34.75961,-11.20712],[34.75957,-11.20709],[34.75955,-11.20705],[34.75951,-11.20696],[34.75949,-11.20677],[34.75946,-11.20672],[34.75943,-11.20669],[34.75898,-11.2062],[34.75888,-11.20609],[34.75876,-11.20597],[34.75866,-11.20594],[34.75857,-11.20593],[34.75848,-11.20595],[34.75841,-11.206],[34.75822,-11.20622],[34.75812,-11.2063],[34.75802,-11.20637],[34.75796,-11.2064],[34.75789,-11.20641],[34.75777,-11.20639],[34.75767,-11.20635],[34.75751,-11.20627],[34.75737,-11.20616],[34.75726,-11.20602],[34.75708,-11.20544],[34.75707,-11.2054],[34.75692,-11.20496],[34.75676,-11.20463],[34.75631,-11.20407],[34.7559,-11.20325],[34.75536,-11.20207],[34.75503,-11.20095],[34.75501,-11.20086],[34.75472,-11.19991],[34.75452,-11.19926],[34.75451,-11.19908],[34.75448,-11.19852],[34.75447,-11.19836],[34.75441,-11.19792],[34.75441,-11.19789],[34.75435,-11.19773],[34.75412,-11.19741],[34.75332,-11.19595],[34.75324,-11.19577],[34.7532,-11.19557],[34.7528,-11.1936],[34.75224,-11.19265],[34.75219,-11.19256],[34.75212,-11.19229],[34.75188,-11.19089],[34.75176,-11.18985],[34.7515,-11.18665],[34.75125,-11.18545],[34.75105,-11.18484],[34.75091,-11.18457],[34.75079,-11.18443],[34.74966,-11.18327],[34.74951,-11.18312],[34.74881,-11.1824],[34.74856,-11.18218],[34.74824,-11.18193],[34.74759,-11.18149],[34.7471,-11.18112],[34.74665,-11.18073],[34.74636,-11.18043],[34.74615,-11.18019],[34.746,-11.17999],[34.74581,-11.17967],[34.74535,-11.1788],[34.7452,-11.17861],[34.74509,-11.1785],[34.74498,-11.17842],[34.7449,-11.17839],[34.74484,-11.17838],[34.74471,-11.17838],[34.7439,-11.17839],[34.74333,-11.17842],[34.74289,-11.17843],[34.74261,-11.17846]]},"properties":{"id":344278741,"cls":"secondary","hw":"secondary","tg":"na","name":"","ref":"","surface":"unpaved","sc":"unpaved","speed":null,"lit":"unk","km":11.346}},
{"type":"Feature","geometry":{"type":"LineString","coordinates":[[34.66879,-11.11602],[34.66882,-11.11667],[34.66886,-11.11709],[34.66889,-11.11735],[34.6689,-11.11756],[34.66887,-11.11779],[34.66881,-11.11807],[34.66875,-11.11826],[34.66867,-11.11866],[34.66854,-11.11926],[34.66853,-11.11933],[34.66852,-11.1194],[34.66852,-11.11951],[34.66853,-11.11958],[34.66866,-11.12041],[34.6687,-11.12063],[34.66872,-11.12073],[34.66873,-11.1208],[34.66872,-11.12093],[34.66871,-11.12117],[34.66872,-11.12136],[34.66874,-11.12152],[34.66873,-11.12165],[34.66871,-11.12175],[34.66868,-11.12193],[34.66865,-11.12206],[34.6686,-11.12217],[34.66853,-11.12225],[34.66844,-11.12235],[34.66831,-11.12245],[34.66819,-11.12252],[34.66804,-11.12259],[34.66794,-11.12264],[34.6679,-11.12269],[34.66783,-11.12289],[34.66773,-11.12313],[34.66761,-11.12332],[34.66758,-11.12337],[34.66756,-11.12344],[34.66756,-11.12351],[34.66758,-11.12357],[34.66764,-11.12363],[34.66781,-11.12373],[34.66786,-11.12376],[34.66789,-11.12381],[34.66791,-11.12385],[34.66791,-11.12391],[34.6679,-11.12396],[34.66788,-11.12401],[34.66784,-11.12412],[34.66778,-11.12422],[34.66773,-11.12429],[34.66762,-11.12442],[34.66759,-11.12445],[34.66756,-11.12449],[34.66756,-11.12453],[34.66757,-11.12457],[34.6676,-11.12459],[34.66775,-11.12473],[34.66778,-11.12478],[34.66779,-11.12482],[34.66781,-11.12485],[34.66781,-11.12489],[34.66782,-11.12493],[34.6678,-11.12515],[34.6678,-11.12528],[34.66781,-11.12538],[34.66782,-11.12543],[34.66789,-11.12576],[34.66795,-11.12604],[34.668,-11.12622],[34.66802,-11.12634],[34.66803,-11.12643],[34.66803,-11.12666],[34.66803,-11.12675],[34.66804,-11.12684],[34.66804,-11.12688],[34.66803,-11.12693],[34.668,-11.127],[34.66796,-11.12707],[34.66792,-11.12714],[34.66791,-11.12721],[34.66791,-11.12729],[34.6679,-11.12744],[34.66789,-11.12748],[34.66787,-11.12753],[34.66781,-11.12762],[34.66773,-11.1277],[34.66765,-11.12778],[34.66761,-11.12784],[34.66757,-11.12791],[34.66753,-11.12802],[34.66745,-11.12822],[34.66738,-11.12849],[34.66728,-11.12879],[34.66724,-11.12905],[34.66723,-11.12911],[34.66722,-11.12917],[34.66721,-11.12922],[34.6672,-11.12927],[34.66711,-11.12946],[34.66692,-11.12987],[34.66688,-11.12992],[34.66684,-11.12995],[34.66666,-11.13012],[34.66654,-11.13022],[34.6665,-11.13026],[34.66646,-11.13031],[34.66631,-11.13061],[34.66629,-11.13066],[34.66625,-11.1307],[34.66621,-11.13074],[34.66616,-11.13079],[34.6659,-11.13098],[34.66563,-11.13116],[34.66557,-11.1312],[34.66549,-11.13123],[34.66541,-11.13127],[34.66536,-11.13128],[34.6653,-11.13128],[34.66526,-11.13128],[34.6652,-11.13124],[34.66512,-11.13121],[34.66501,-11.13117],[34.66493,-11.13114],[34.66487,-11.13112],[34.66482,-11.1311],[34.66478,-11.13108],[34.66472,-11.13104],[34.66467,-11.13099],[34.66462,-11.13095],[34.66456,-11.13091],[34.66447,-11.13084],[34.66438,-11.13079],[34.66428,-11.13076],[34.66419,-11.13073],[34.66405,-11.13071],[34.66401,-11.1307],[34.66396,-11.13071],[34.66388,-11.13074],[34.6638,-11.13077],[34.6637,-11.13081],[34.66367,-11.13083],[34.66362,-11.13085],[34.66358,-11.13086],[34.66353,-11.13087],[34.66348,-11.13087],[34.66346,-11.13086],[34.66311,-11.13063],[34.6629,-11.13051],[34.66277,-11.13044],[34.66258,-11.13034],[34.66235,-11.13018],[34.66213,-11.13001],[34.66198,-11.12993],[34.66185,-11.12987],[34.66147,-11.12975],[34.66126,-11.12968],[34.66113,-11.12964],[34.66102,-11.12962],[34.66101,-11.13024],[34.66083,-11.12958],[34.66076,-11.12956],[34.66062,-11.12948],[34.66048,-11.12938],[34.66034,-11.12927],[34.6602,-11.1292],[34.66015,-11.12917],[34.66005,-11.12913],[34.65963,-11.1289],[34.65958,-11.12888],[34.65942,-11.1288],[34.65937,-11.12877],[34.65926,-11.12875],[34.65905,-11.12868],[34.65887,-11.12862],[34.65881,-11.1286],[34.65876,-11.12858],[34.65863,-11.12849],[34.65851,-11.12839],[34.65845,-11.12833],[34.65836,-11.12821],[34.65829,-11.12809],[34.65821,-11.12792],[34.65813,-11.12778],[34.65807,-11.12767],[34.65797,-11.12754],[34.6579,-11.12748],[34.65786,-11.12745],[34.65781,-11.12744],[34.65773,-11.12743],[34.65762,-11.1274],[34.65749,-11.12737],[34.6573,-11.1273],[34.65715,-11.12725],[34.65699,-11.12721],[34.65697,-11.1272],[34.65685,-11.12718],[34.6567,-11.12715],[34.65653,-11.12713],[34.65647,-11.12713],[34.65642,-11.12713],[34.65636,-11.12715],[34.65629,-11.12715],[34.65623,-11.12715],[34.65618,-11.12714],[34.65613,-11.12714],[34.65604,-11.12717],[34.65598,-11.12719],[34.65594,-11.12719],[34.6559,-11.12719],[34.65584,-11.12721],[34.65576,-11.12723],[34.65568,-11.12727],[34.65562,-11.1273],[34.65558,-11.12734],[34.65552,-11.12739],[34.65547,-11.12745],[34.65538,-11.12755],[34.65526,-11.12768],[34.65519,-11.12775],[34.65512,-11.12781],[34.65508,-11.12783],[34.65504,-11.12784],[34.65492,-11.12783],[34.65482,-11.1278],[34.65474,-11.12777],[34.65465,-11.12774],[34.65458,-11.12773],[34.6545,-11.12773],[34.65442,-11.12774],[34.65432,-11.12775],[34.65427,-11.12776],[34.65422,-11.12775],[34.65418,-11.12772],[34.65413,-11.12769],[34.65408,-11.12768],[34.65401,-11.12769],[34.65394,-11.12773],[34.65389,-11.12779],[34.65386,-11.12779],[34.65384,-11.12779],[34.65379,-11.12776],[34.65375,-11.12773],[34.65369,-11.12768],[34.65364,-11.12764],[34.65361,-11.12762],[34.65358,-11.12758],[34.65357,-11.12755],[34.65347,-11.1271],[34.65343,-11.12606],[34.65343,-11.12601],[34.65345,-11.12594],[34.6535,-11.12577],[34.65362,-11.12532],[34.65376,-11.12473],[34.65387,-11.12443],[34.65396,-11.12421],[34.65404,-11.12379],[34.6541,-11.1235],[34.6541,-11.12326],[34.65409,-11.12307],[34.65403,-11.12273],[34.65395,-11.12231],[34.65383,-11.12197],[34.65372,-11.12175],[34.65364,-11.12165],[34.65343,-11.1213],[34.65296,-11.12065],[34.65252,-11.11999],[34.65159,-11.11867],[34.64991,-11.1166],[34.64929,-11.11594],[34.64875,-11.11542],[34.64862,-11.11529],[34.64832,-11.11493],[34.64829,-11.11488],[34.64827,-11.11482],[34.64825,-11.11476],[34.64825,-11.11471],[34.64825,-11.11462],[34.64825,-11.11456],[34.64835,-11.11425],[34.64847,-11.11393],[34.6486,-11.11363],[34.64868,-11.11347],[34.64871,-11.11338],[34.64875,-11.11292],[34.64875,-11.11247],[34.64876,-11.11242],[34.64877,-11.11237],[34.64895,-11.11191],[34.64918,-11.11121],[34.64934,-11.11064],[34.64943,-11.1102],[34.64943,-11.10982],[34.64941,-11.10926],[34.64942,-11.10917],[34.64945,-11.10903],[34.64949,-11.10893],[34.64958,-11.10873],[34.64968,-11.1085],[34.64976,-11.10829],[34.6498,-11.10806],[34.6498,-11.10785],[34.64974,-11.1072],[34.64971,-11.10707],[34.64968,-11.10696],[34.64961,-11.10681],[34.64937,-11.10645],[34.6484,-11.10542],[34.64811,-11.10514],[34.64807,-11.10509],[34.64805,-11.10504],[34.64804,-11.105],[34.64804,-11.10495]]},"properties":{"id":344278755,"cls":"unclassified","hw":"unclassified","tg":"na","name":"","ref":"","surface":"","sc":"unknown","speed":null,"lit":"unk","km":6.35}},
{"type":"Feature","geometry":{"type":"LineString","coordinates":[[34.80133,-11.28506],[34.80103,-11.28476],[34.80089,-11.28461]]},"properties":{"id":344278759,"cls":"residential","hw":"residential","tg":"na","name":"","ref":"","surface":"","sc":"unknown","speed":null,"lit":"unk","km":0.069}},
{"type":"Feature","geometry":{"type":"LineString","coordinates":[[34.80143,-11.29114],[34.80164,-11.29082],[34.80177,-11.29072],[34.80192,-11.29068],[34.80201,-11.29062],[34.80217,-11.29046],[34.80227,-11.29017],[34.80228,-11.29001],[34.80225,-11.28991],[34.80201,-11.2894]]},"properties":{"id":344278763,"cls":"path","hw":"path","tg":"na","name":"","ref":"","surface":"","sc":"unknown","speed":null,"lit":"unk","km":0.24}},
{"type":"Feature","geometry":{"type":"LineString","coordinates":[[34.74249,-11.17849],[34.74205,-11.17869],[34.74166,-11.17892],[34.74151,-11.17904],[34.73941,-11.1807],[34.73722,-11.18243],[34.73704,-11.18254],[34.73692,-11.18258],[34.73677,-11.18259],[34.73641,-11.18255],[34.73224,-11.18175],[34.73119,-11.18154],[34.731,-11.1815],[34.73062,-11.18143],[34.73035,-11.18142],[34.73008,-11.18145],[34.72996,-11.18148],[34.72981,-11.18154],[34.72896,-11.18183],[34.727,-11.18252],[34.72653,-11.18266],[34.72583,-11.18279],[34.72539,-11.18285],[34.72464,-11.18288],[34.72377,-11.18286],[34.72358,-11.18284],[34.72344,-11.1828],[34.72335,-11.18277],[34.7232,-11.18266],[34.72295,-11.18245],[34.72277,-11.18227],[34.72253,-11.18197],[34.72223,-11.18162],[34.72192,-11.18138],[34.72165,-11.18116],[34.72136,-11.18101],[34.72098,-11.18091],[34.72035,-11.18084],[34.71891,-11.18072],[34.71882,-11.1807],[34.71835,-11.1806],[34.71808,-11.18055],[34.71772,-11.18051],[34.71752,-11.18044],[34.71731,-11.18037],[34.71682,-11.18011],[34.71625,-11.17976],[34.71573,-11.1794],[34.71558,-11.17927],[34.71548,-11.17917],[34.71527,-11.17886],[34.71494,-11.17834],[34.7148,-11.17814],[34.71434,-11.17749],[34.71421,-11.17738],[34.7141,-11.17732],[34.71382,-11.17723],[34.71351,-11.17711],[34.71327,-11.17697],[34.71283,-11.17663],[34.71246,-11.17628],[34.71162,-11.17554],[34.71154,-11.17547],[34.71101,-11.17505],[34.71092,-11.17497],[34.71038,-11.17454],[34.71025,-11.17439],[34.71012,-11.17425],[34.71009,-11.17421],[34.70995,-11.17402],[34.70965,-11.17353],[34.70947,-11.17313],[34.7094,-11.17291],[34.70935,-11.17266],[34.70932,-11.17254],[34.70925,-11.17212],[34.70923,-11.17203],[34.70914,-11.17161],[34.70909,-11.17139],[34.70896,-11.1708],[34.70892,-11.17046],[34.7089,-11.17031],[34.70887,-11.17024],[34.70879,-11.17009],[34.70866,-11.1699],[34.70834,-11.1695],[34.70829,-11.16944],[34.70791,-11.16907],[34.70777,-11.1689],[34.70763,-11.16871],[34.70719,-11.16798],[34.7069,-11.16754],[34.70682,-11.16741],[34.70662,-11.16705],[34.7066,-11.16701],[34.70646,-11.16667],[34.70635,-11.16625],[34.70628,-11.16597],[34.70622,-11.16575],[34.70612,-11.16549],[34.70597,-11.16524],[34.70537,-11.16463],[34.70526,-11.1645],[34.70512,-11.16435],[34.70504,-11.16419],[34.70489,-11.16356],[34.70486,-11.16349],[34.70483,-11.16343],[34.70473,-11.16328],[34.70404,-11.16249],[34.70353,-11.16191],[34.70279,-11.16107],[34.70248,-11.16075],[34.7024,-11.16064],[34.70233,-11.16053],[34.7023,-11.16045],[34.7023,-11.16034],[34.7023,-11.16027],[34.70232,-11.16017],[34.7024,-11.15998],[34.70265,-11.15968],[34.70336,-11.1591],[34.70345,-11.15902],[34.70354,-11.15892],[34.70377,-11.15854],[34.70405,-11.15811],[34.70444,-11.15772],[34.70476,-11.15737],[34.70484,-11.15728],[34.70487,-11.15723],[34.70491,-11.1571],[34.70494,-11.15677],[34.70502,-11.1564],[34.70504,-11.15625],[34.70503,-11.1559],[34.705,-11.15536],[34.70496,-11.15514],[34.7049,-11.15497],[34.70487,-11.15488],[34.70453,-11.15396],[34.70442,-11.15347],[34.70422,-11.15268],[34.70398,-11.15187],[34.70397,-11.15182],[34.70396,-11.15169],[34.70396,-11.15149],[34.70397,-11.15091],[34.70398,-11.15044],[34.70394,-11.15025],[34.70391,-11.15016],[34.70387,-11.15003]]},"properties":{"id":344278764,"cls":"secondary","hw":"secondary","tg":"na","name":"","ref":"","surface":"unpaved","sc":"unpaved","speed":null,"lit":"unk","km":7.161}},
{"type":"Feature","geometry":{"type":"LineString","coordinates":[[34.80921,-11.28435],[34.8089,-11.28434],[34.80885,-11.28434],[34.80878,-11.28436],[34.80873,-11.2844],[34.80866,-11.28448],[34.80853,-11.28459],[34.80845,-11.28463],[34.80839,-11.28465],[34.80823,-11.28466],[34.80812,-11.28466],[34.80758,-11.28471],[34.8073,-11.28474],[34.80721,-11.28475],[34.80714,-11.28477],[34.80683,-11.28488],[34.8068,-11.28489],[34.80678,-11.28492],[34.80658,-11.28527],[34.80655,-11.28529],[34.8065,-11.2853],[34.80626,-11.28525],[34.80614,-11.2852],[34.80587,-11.28505],[34.80535,-11.28473],[34.80532,-11.28469],[34.80532,-11.28465],[34.80533,-11.28441],[34.80532,-11.28438],[34.8053,-11.28435],[34.80512,-11.28418]]},"properties":{"id":346084265,"cls":"residential","hw":"residential","tg":"na","name":"","ref":"","surface":"","sc":"unknown","speed":null,"lit":"unk","km":0.549}},
{"type":"Feature","geometry":{"type":"LineString","coordinates":[[34.76539,-11.22196],[34.76502,-11.22217],[34.76495,-11.22227],[34.76488,-11.22241],[34.76481,-11.22249],[34.76471,-11.22255],[34.76455,-11.22263],[34.76436,-11.22271],[34.76418,-11.22287],[34.76405,-11.22303],[34.76379,-11.22323],[34.76366,-11.22334],[34.76355,-11.22349],[34.76348,-11.22368],[34.76347,-11.22376],[34.76343,-11.22384],[34.76319,-11.22404]]},"properties":{"id":376409321,"cls":"residential","hw":"residential","tg":"na","name":"","ref":"","surface":"unpaved","sc":"unpaved","speed":null,"lit":"unk","km":0.344}},
{"type":"Feature","geometry":{"type":"LineString","coordinates":[[34.78579,-11.25257],[34.78527,-11.25299],[34.78499,-11.25328],[34.78466,-11.25349],[34.78454,-11.25355],[34.78441,-11.25357],[34.78426,-11.25358],[34.78411,-11.25361],[34.78365,-11.25386],[34.78335,-11.25401],[34.78319,-11.25411],[34.78304,-11.25427],[34.7829,-11.25437],[34.78272,-11.2545],[34.78264,-11.25461],[34.78254,-11.25475],[34.78251,-11.25478],[34.78233,-11.25491],[34.78222,-11.25497],[34.78217,-11.25499],[34.78143,-11.25535],[34.78123,-11.25544],[34.78074,-11.25575],[34.77974,-11.25639],[34.77941,-11.25659],[34.77923,-11.25683]]},"properties":{"id":376409322,"cls":"residential","hw":"residential","tg":"na","name":"","ref":"","surface":"unpaved","sc":"unpaved","speed":null,"lit":"unk","km":0.871}},
{"type":"Feature","geometry":{"type":"LineString","coordinates":[[34.80439,-11.28947],[34.80477,-11.28957]]},"properties":{"id":376409323,"cls":"service","hw":"service","tg":"na","name":"","ref":"","surface":"unpaved","sc":"unpaved","speed":null,"lit":"unk","km":0.043}},
{"type":"Feature","geometry":{"type":"LineString","coordinates":[[34.76723,-11.22557],[34.76689,-11.22554]]},"properties":{"id":376409324,"cls":"residential","hw":"residential","tg":"na","name":"","ref":"","surface":"unpaved","sc":"unpaved","speed":null,"lit":"unk","km":0.037}},
{"type":"Feature","geometry":{"type":"LineString","coordinates":[[34.80463,-11.28851],[34.80311,-11.28802],[34.80257,-11.28789]]},"properties":{"id":376409326,"cls":"residential","hw":"residential","tg":"na","name":"","ref":"","surface":"unpaved","sc":"unpaved","speed":null,"lit":"unk","km":0.235}},
{"type":"Feature","geometry":{"type":"LineString","coordinates":[[34.80033,-11.29388],[34.80021,-11.29383],[34.80008,-11.29377],[34.79996,-11.29363],[34.79978,-11.29335],[34.79969,-11.2931],[34.79964,-11.29294],[34.79961,-11.29274],[34.79944,-11.29261],[34.79908,-11.29233],[34.7987,-11.29215],[34.79842,-11.29209],[34.79807,-11.29209],[34.79773,-11.29211],[34.79742,-11.29208],[34.79677,-11.29203],[34.79645,-11.29199],[34.79621,-11.29195],[34.79596,-11.2919],[34.79566,-11.29184],[34.7952,-11.2918],[34.79462,-11.29175],[34.79429,-11.2917],[34.79412,-11.29169],[34.79399,-11.29168],[34.79389,-11.29171],[34.79373,-11.29178],[34.7935,-11.29195],[34.79327,-11.29211],[34.79324,-11.29215],[34.7931,-11.29237],[34.79287,-11.29267],[34.79269,-11.29294],[34.7926,-11.29302],[34.79243,-11.29319],[34.79218,-11.29345],[34.79192,-11.29372],[34.79179,-11.29394],[34.79164,-11.29417]]},"properties":{"id":376409327,"cls":"residential","hw":"residential","tg":"na","name":"","ref":"","surface":"unpaved","sc":"unpaved","speed":null,"lit":"unk","km":1.179}},
{"type":"Feature","geometry":{"type":"LineString","coordinates":[[34.80089,-11.28461],[34.80064,-11.28445],[34.80025,-11.28432],[34.8001,-11.28429]]},"properties":{"id":376409328,"cls":"service","hw":"service","tg":"na","name":"","ref":"","surface":"","sc":"unknown","speed":null,"lit":"unk","km":0.094}},
{"type":"Feature","geometry":{"type":"LineString","coordinates":[[34.803,-11.28668],[34.8031,-11.28651],[34.80329,-11.28621]]},"properties":{"id":376409329,"cls":"residential","hw":"residential","tg":"na","name":"","ref":"","surface":"unpaved","sc":"unpaved","speed":null,"lit":"unk","km":0.061}},
{"type":"Feature","geometry":{"type":"LineString","coordinates":[[34.80257,-11.28789],[34.80205,-11.2877],[34.8024,-11.28641]]},"properties":{"id":376409330,"cls":"residential","hw":"residential","tg":"na","name":"","ref":"","surface":"unpaved","sc":"unpaved","speed":null,"lit":"unk","km":0.209}},
{"type":"Feature","geometry":{"type":"LineString","coordinates":[[34.80089,-11.28461],[34.80041,-11.2858],[34.80015,-11.28629],[34.8,-11.28648],[34.79995,-11.28655],[34.79991,-11.28661],[34.79968,-11.28708],[34.79938,-11.28758],[34.79933,-11.28764],[34.79923,-11.2877],[34.79917,-11.28773],[34.79913,-11.28778],[34.79888,-11.28812],[34.79874,-11.28826],[34.79867,-11.28833],[34.79863,-11.2884],[34.79862,-11.28848],[34.79861,-11.28861],[34.79861,-11.28871],[34.79865,-11.28876]]},"properties":{"id":376409331,"cls":"residential","hw":"residential","tg":"na","name":"","ref":"","surface":"unpaved","sc":"unpaved","speed":null,"lit":"unk","km":0.536}},
{"type":"Feature","geometry":{"type":"LineString","coordinates":[[34.80459,-11.28357],[34.80484,-11.28376],[34.80494,-11.28389],[34.80512,-11.28418]]},"properties":{"id":376409332,"cls":"residential","hw":"residential","tg":"na","name":"","ref":"","surface":"unpaved","sc":"unpaved","speed":null,"lit":"unk","km":0.09}},
{"type":"Feature","geometry":{"type":"LineString","coordinates":[[34.80325,-11.28301],[34.80396,-11.28307],[34.80414,-11.28313],[34.8043,-11.2832],[34.80445,-11.28333],[34.80451,-11.28345],[34.80456,-11.28353],[34.80459,-11.28357]]},"properties":{"id":376409333,"cls":"unclassified","hw":"unclassified","tg":"na","name":"","ref":"","surface":"unpaved","sc":"unpaved","speed":null,"lit":"unk","km":0.17}},
{"type":"Feature","geometry":{"type":"LineString","coordinates":[[34.80353,-11.28574],[34.80391,-11.28557],[34.80414,-11.28548],[34.80433,-11.28542],[34.80453,-11.28536],[34.80456,-11.28533],[34.80456,-11.2853],[34.80432,-11.28463]]},"properties":{"id":376409334,"cls":"path","hw":"path","tg":"na","name":"","ref":"","surface":"","sc":"unknown","speed":null,"lit":"unk","km":0.204}},
{"type":"Feature","geometry":{"type":"LineString","coordinates":[[34.622,-11.03772],[34.62203,-11.03772],[34.62261,-11.03761],[34.62272,-11.03761],[34.62303,-11.03762],[34.62313,-11.0376],[34.6238,-11.03735],[34.62439,-11.03703],[34.62449,-11.037],[34.62497,-11.03698],[34.62518,-11.03696],[34.62542,-11.03689],[34.62562,-11.0368],[34.62678,-11.03572],[34.62727,-11.03526],[34.6274,-11.03515],[34.62748,-11.03507],[34.62767,-11.03489],[34.62779,-11.03472],[34.62791,-11.03456],[34.62801,-11.03446],[34.62804,-11.03444],[34.6282,-11.03433],[34.62864,-11.0341],[34.62922,-11.0338],[34.62952,-11.03366],[34.63006,-11.03341],[34.63127,-11.03285],[34.63135,-11.03282],[34.63171,-11.03267],[34.63202,-11.03255],[34.63232,-11.03244],[34.63262,-11.03234],[34.63307,-11.03219],[34.63317,-11.03217],[34.63325,-11.03216],[34.6334,-11.03215],[34.63511,-11.03209],[34.63586,-11.03207],[34.63747,-11.03246],[34.6377,-11.0325],[34.63878,-11.03254],[34.63909,-11.0325],[34.63944,-11.03246],[34.63993,-11.03241],[34.64043,-11.03228],[34.64068,-11.0322],[34.64108,-11.03201],[34.64141,-11.03176],[34.64239,-11.03087],[34.64318,-11.0302],[34.64364,-11.02994],[34.64404,-11.02969],[34.64429,-11.02961],[34.64458,-11.02956],[34.64512,-11.02956],[34.6457,-11.02949],[34.64624,-11.02946],[34.64691,-11.02947],[34.64741,-11.02949]]},"properties":{"id":376420270,"cls":"unclassified","hw":"unclassified","tg":"na","name":"","ref":"","surface":"unpaved","sc":"unpaved","speed":null,"lit":"unk","km":3.067}},
{"type":"Feature","geometry":{"type":"LineString","coordinates":[[34.87965,-11.34419],[34.87979,-11.3452],[34.88,-11.34613],[34.88006,-11.34629],[34.88045,-11.34733],[34.88128,-11.34921],[34.88133,-11.34934],[34.88161,-11.35036],[34.88191,-11.35114],[34.88197,-11.35127],[34.88219,-11.35155],[34.88227,-11.35162],[34.88237,-11.35167],[34.88275,-11.35181],[34.88308,-11.35199],[34.88322,-11.35207],[34.88377,-11.35247],[34.88384,-11.35255],[34.88432,-11.35309],[34.88452,-11.35325],[34.88464,-11.35331],[34.88476,-11.35336],[34.88499,-11.35342],[34.88576,-11.35345],[34.88609,-11.3535],[34.88735,-11.35381],[34.88835,-11.35405],[34.89001,-11.35455],[34.89012,-11.3546],[34.89023,-11.35469],[34.89073,-11.35539],[34.89138,-11.35617],[34.8916,-11.35636],[34.89267,-11.357],[34.89295,-11.35715],[34.89384,-11.35752],[34.89479,-11.35782],[34.89518,-11.35799],[34.89543,-11.35818],[34.89557,-11.35834],[34.89563,-11.35855],[34.89566,-11.35875],[34.89568,-11.3593],[34.89586,-11.3602],[34.89601,-11.36176],[34.89619,-11.36282],[34.89628,-11.36308],[34.89648,-11.36331],[34.89671,-11.36345],[34.89922,-11.36448],[34.89951,-11.36465],[34.90134,-11.36589],[34.90149,-11.36602],[34.90161,-11.36619],[34.90252,-11.36754],[34.90377,-11.36912],[34.90399,-11.3693],[34.90431,-11.36955],[34.90474,-11.36983],[34.90597,-11.37053],[34.90825,-11.37197],[34.91173,-11.37405],[34.91197,-11.37421],[34.91386,-11.37574],[34.91451,-11.37639],[34.91695,-11.37883],[34.91888,-11.3804],[34.91914,-11.38061],[34.92146,-11.38269],[34.92167,-11.38284],[34.92258,-11.38337],[34.92274,-11.38346],[34.92361,-11.38416],[34.92481,-11.38497],[34.92677,-11.38646],[34.92766,-11.38722],[34.92876,-11.38844],[34.92944,-11.38908],[34.93003,-11.38955],[34.93025,-11.38969],[34.93135,-11.39045],[34.93151,-11.39059],[34.93209,-11.39128],[34.93216,-11.39143],[34.93275,-11.39272],[34.93445,-11.398],[34.93444,-11.39833],[34.93437,-11.39868],[34.93424,-11.39902],[34.93393,-11.39977],[34.93389,-11.39995],[34.93388,-11.40011],[34.93387,-11.40039],[34.93389,-11.40125],[34.93386,-11.40225],[34.93387,-11.403],[34.93383,-11.40313],[34.93346,-11.40385],[34.93323,-11.40459],[34.93313,-11.40479],[34.93294,-11.40493],[34.93205,-11.40535],[34.93164,-11.40564],[34.93148,-11.40585],[34.93131,-11.40618],[34.93101,-11.40675],[34.93075,-11.40711],[34.93018,-11.40773],[34.93001,-11.40785],[34.929,-11.40816],[34.92879,-11.40827],[34.92821,-11.40872],[34.92793,-11.40896],[34.92787,-11.40903],[34.92759,-11.4094],[34.92728,-11.40966],[34.92719,-11.40981],[34.92718,-11.41],[34.92722,-11.41015],[34.92741,-11.41042],[34.92778,-11.41095],[34.92808,-11.41162],[34.92821,-11.41199],[34.92833,-11.4126],[34.92844,-11.41316],[34.92856,-11.41357],[34.92873,-11.41407],[34.92881,-11.41426],[34.92904,-11.41457],[34.92941,-11.41504],[34.92984,-11.41558],[34.93004,-11.41591],[34.93065,-11.41706],[34.93083,-11.41741],[34.93089,-11.4176],[34.93108,-11.41852],[34.93109,-11.41871],[34.93103,-11.41923],[34.93096,-11.41979],[34.93097,-11.42059],[34.93097,-11.42066],[34.93102,-11.42094],[34.93135,-11.42194],[34.9319,-11.42305],[34.93205,-11.42345],[34.93208,-11.42369],[34.93208,-11.42452],[34.93203,-11.42468],[34.93176,-11.42523],[34.93113,-11.42596],[34.93103,-11.42617],[34.93101,-11.42644],[34.93104,-11.4267],[34.93112,-11.42698],[34.93141,-11.42766],[34.93147,-11.42781],[34.93162,-11.42829],[34.93175,-11.42966],[34.93179,-11.42991],[34.93196,-11.43037],[34.93205,-11.43065],[34.93239,-11.4313],[34.93255,-11.43157],[34.93313,-11.43258],[34.9335,-11.43311],[34.9336,-11.43332],[34.93388,-11.43418],[34.93421,-11.43506],[34.93425,-11.43524],[34.93462,-11.43676],[34.9354,-11.43896],[34.93546,-11.43909],[34.93566,-11.43934],[34.93612,-11.43973],[34.93633,-11.43985],[34.93651,-11.43989],[34.93686,-11.43989],[34.93696,-11.43992],[34.93703,-11.44],[34.93713,-11.44022],[34.93716,-11.4404],[34.93723,-11.44069],[34.93774,-11.44193],[34.93823,-11.44294],[34.93833,-11.44309],[34.93869,-11.44359],[34.93952,-11.44452],[34.93968,-11.44466],[34.93995,-11.44483],[34.94005,-11.44496],[34.94009,-11.44508],[34.9401,-11.44533],[34.94006,-11.44583],[34.93994,-11.44606],[34.93989,-11.44631],[34.93991,-11.44656],[34.94005,-11.44686],[34.94025,-11.44725],[34.94051,-11.44757],[34.94072,-11.44781],[34.94092,-11.44807],[34.94108,-11.44837],[34.94151,-11.44998],[34.94156,-11.45045],[34.94149,-11.45074],[34.94135,-11.45102],[34.94105,-11.45157],[34.94078,-11.45215],[34.94068,-11.45238],[34.94061,-11.45255],[34.94045,-11.45321],[34.94018,-11.45441],[34.94014,-11.45469],[34.94013,-11.45494],[34.9402,-11.45595]]},"properties":{"id":383414184,"cls":"tertiary","hw":"tertiary","tg":"na","name":"","ref":"","surface":"unpaved","sc":"unpaved","speed":null,"lit":"unk","km":16.292}},
{"type":"Feature","geometry":{"type":"LineString","coordinates":[[34.84518,-11.33541],[34.84538,-11.33558],[34.84601,-11.33593],[34.8465,-11.33612],[34.84659,-11.33624],[34.84734,-11.33648],[34.8484,-11.33715],[34.84928,-11.33784],[34.84925,-11.33794],[34.84961,-11.33816],[34.84946,-11.33852],[34.84991,-11.33867],[34.84989,-11.33883],[34.85033,-11.33931]]},"properties":{"id":383414185,"cls":"path","hw":"path","tg":"na","name":"","ref":"","surface":"unpaved","sc":"unpaved","speed":null,"lit":"unk","km":0.771}},
{"type":"Feature","geometry":{"type":"LineString","coordinates":[[34.95538,-11.48447],[34.9554,-11.48458]]},"properties":{"id":383414186,"cls":"tertiary","hw":"tertiary","tg":"na","name":"","ref":"","surface":"unpaved","sc":"unpaved","speed":null,"lit":"unk","km":0.012}},
{"type":"Feature","geometry":{"type":"LineString","coordinates":[[34.94078,-11.45729],[34.94078,-11.45738]]},"properties":{"id":383414187,"cls":"tertiary","hw":"tertiary","tg":"na","name":"","ref":"","surface":"unpaved","sc":"unpaved","speed":null,"lit":"unk","km":0.01}},
{"type":"Feature","geometry":{"type":"LineString","coordinates":[[34.9402,-11.45595],[34.94025,-11.45612]]},"properties":{"id":383414188,"cls":"tertiary","hw":"tertiary","tg":"na","name":"","ref":"","surface":"unpaved","sc":"unpaved","speed":null,"lit":"unk","km":0.02}},
{"type":"Feature","geometry":{"type":"LineString","coordinates":[[34.85033,-11.33931],[34.85049,-11.33957]]},"properties":{"id":383414189,"cls":"path","hw":"path","tg":"na","name":"","ref":"","surface":"unpaved","sc":"unpaved","speed":null,"lit":"unk","km":0.034}},
{"type":"Feature","geometry":{"type":"LineString","coordinates":[[34.94085,-11.46054],[34.94089,-11.46061]]},"properties":{"id":383414192,"cls":"tertiary","hw":"tertiary","tg":"na","name":"","ref":"","surface":"unpaved","sc":"unpaved","speed":null,"lit":"unk","km":0.009}},
{"type":"Feature","geometry":{"type":"LineString","coordinates":[[34.9554,-11.48458],[34.95545,-11.48488],[34.95551,-11.4853],[34.95556,-11.48562],[34.95562,-11.48601],[34.95567,-11.48615],[34.95576,-11.48633],[34.95607,-11.48674],[34.95711,-11.48803],[34.95719,-11.48818],[34.95739,-11.48892],[34.95738,-11.48958],[34.95722,-11.49019],[34.95611,-11.49224],[34.95574,-11.49281],[34.95568,-11.49294],[34.95532,-11.49417],[34.95531,-11.49436],[34.9554,-11.49506],[34.95549,-11.4959],[34.95556,-11.49615],[34.9558,-11.49656],[34.95601,-11.49716],[34.95619,-11.49793],[34.95651,-11.49884],[34.95662,-11.49902],[34.95716,-11.49973],[34.95725,-11.49993],[34.95728,-11.5001],[34.95723,-11.50075],[34.95714,-11.50145],[34.95713,-11.5018],[34.95716,-11.50196],[34.95733,-11.50232],[34.95757,-11.50264],[34.95795,-11.50303],[34.95799,-11.50307]]},"properties":{"id":383414196,"cls":"tertiary","hw":"tertiary","tg":"na","name":"","ref":"","surface":"unpaved","sc":"unpaved","speed":null,"lit":"unk","km":2.246}},
{"type":"Feature","geometry":{"type":"LineString","coordinates":[[34.80477,-11.28957],[34.80476,-11.28972],[34.80475,-11.28983],[34.80473,-11.29017]]},"properties":{"id":383414199,"cls":"service","hw":"service","tg":"na","name":"","ref":"","surface":"unpaved","sc":"unpaved","speed":null,"lit":"unk","km":0.067}},
{"type":"Feature","geometry":{"type":"LineString","coordinates":[[34.94025,-11.45612],[34.9404,-11.45649],[34.94047,-11.45661],[34.94075,-11.45705],[34.94077,-11.45714],[34.94078,-11.45729]]},"properties":{"id":383414201,"cls":"tertiary","hw":"tertiary","tg":"na","name":"","ref":"","surface":"unpaved","sc":"unpaved","speed":null,"lit":"unk","km":0.144}},
{"type":"Feature","geometry":{"type":"LineString","coordinates":[[34.94089,-11.46061],[34.94106,-11.4608],[34.94119,-11.46099],[34.94125,-11.46114],[34.94134,-11.46163],[34.94159,-11.4624],[34.94177,-11.46281],[34.94191,-11.46307],[34.94235,-11.4636],[34.94331,-11.46507],[34.94345,-11.46537],[34.94357,-11.46566],[34.94362,-11.46604],[34.94362,-11.46635],[34.94362,-11.46648],[34.94367,-11.46669],[34.94372,-11.46697],[34.9438,-11.46733],[34.9439,-11.46765],[34.94398,-11.4678],[34.94401,-11.46787],[34.9443,-11.46843],[34.94441,-11.4687],[34.94463,-11.46927],[34.94472,-11.46947],[34.94505,-11.47023],[34.94514,-11.47045],[34.94537,-11.47099],[34.94558,-11.47138],[34.94562,-11.47149],[34.94593,-11.47232],[34.94609,-11.47273],[34.94625,-11.47303],[34.94642,-11.47319],[34.9467,-11.47333],[34.9473,-11.47344],[34.94739,-11.47349],[34.94764,-11.47373],[34.94824,-11.47412],[34.94843,-11.4742],[34.94868,-11.4743],[34.94921,-11.47444],[34.94952,-11.47466],[34.94964,-11.47483],[34.9504,-11.47591],[34.95091,-11.47676],[34.95139,-11.47732],[34.95229,-11.47815],[34.95238,-11.47826],[34.95241,-11.47838],[34.95262,-11.4792],[34.95289,-11.47978],[34.95317,-11.48033],[34.95331,-11.48058],[34.95342,-11.48073],[34.95411,-11.48139],[34.95424,-11.48164],[34.95443,-11.48221],[34.95453,-11.48251],[34.95467,-11.48299],[34.95482,-11.4837],[34.95488,-11.48387],[34.95503,-11.48404],[34.95522,-11.4842],[34.95538,-11.48447]]},"properties":{"id":383414202,"cls":"tertiary","hw":"tertiary","tg":"na","name":"","ref":"","surface":"unpaved","sc":"unpaved","speed":null,"lit":"unk","km":3.216}},
{"type":"Feature","geometry":{"type":"LineString","coordinates":[[34.80477,-11.28957],[34.8049,-11.2896],[34.80514,-11.28967],[34.80517,-11.28969],[34.8052,-11.28973],[34.80533,-11.28994]]},"properties":{"id":383414204,"cls":"service","hw":"service","tg":"na","name":"","ref":"","surface":"unpaved","sc":"unpaved","speed":null,"lit":"unk","km":0.079}},
{"type":"Feature","geometry":{"type":"LineString","coordinates":[[34.93919,-11.3826],[34.93759,-11.38353],[34.93656,-11.38403],[34.93636,-11.38414],[34.93571,-11.38457],[34.93542,-11.38473],[34.93403,-11.38525],[34.93226,-11.38609],[34.93207,-11.3862],[34.93183,-11.38641],[34.93163,-11.38657],[34.92944,-11.38794],[34.92937,-11.38801],[34.92924,-11.38813],[34.92918,-11.38818],[34.92876,-11.38844]]},"properties":{"id":383414207,"cls":"residential","hw":"residential","tg":"na","name":"","ref":"","surface":"unpaved","sc":"unpaved","speed":null,"lit":"unk","km":1.315}},
{"type":"Feature","geometry":{"type":"LineString","coordinates":[[34.94056,-11.45883],[34.94055,-11.45924],[34.94059,-11.45979],[34.94071,-11.4602],[34.94085,-11.46054]]},"properties":{"id":383414208,"cls":"tertiary","hw":"tertiary","tg":"na","name":"","ref":"","surface":"unpaved","sc":"unpaved","speed":null,"lit":"unk","km":0.195}},
{"type":"Feature","geometry":{"type":"LineString","coordinates":[[34.80148,-11.31945],[34.80191,-11.31926],[34.80199,-11.31924],[34.8021,-11.31925],[34.80221,-11.31927],[34.80252,-11.31936],[34.8027,-11.31947],[34.80289,-11.31962]]},"properties":{"id":451992866,"cls":"service","hw":"service","tg":"na","name":"","ref":"","surface":"","sc":"unknown","speed":null,"lit":"unk","km":0.17}},
{"type":"Feature","geometry":{"type":"LineString","coordinates":[[34.80602,-11.31696],[34.80615,-11.31641],[34.80628,-11.316],[34.80631,-11.31573],[34.80634,-11.31555],[34.80652,-11.31504],[34.80663,-11.3147],[34.80678,-11.31434],[34.80698,-11.31386],[34.80713,-11.3135],[34.80719,-11.31329],[34.80724,-11.31312],[34.80733,-11.31294],[34.80762,-11.31258],[34.80771,-11.31247],[34.80796,-11.31216],[34.80808,-11.31197],[34.8082,-11.31183],[34.80829,-11.31174],[34.80843,-11.31163],[34.80852,-11.31157],[34.80864,-11.31149],[34.80885,-11.3114],[34.80904,-11.31136],[34.80912,-11.31134],[34.8092,-11.31126],[34.80946,-11.31102],[34.80971,-11.3108],[34.80987,-11.31065],[34.81004,-11.31058],[34.81024,-11.31052]]},"properties":{"id":451992867,"cls":"residential","hw":"residential","tg":"na","name":"","ref":"","surface":"","sc":"unknown","speed":null,"lit":"unk","km":0.898}},
{"type":"Feature","geometry":{"type":"LineString","coordinates":[[34.80282,-11.31968],[34.80286,-11.3198],[34.80295,-11.31988],[34.80319,-11.31997],[34.80351,-11.3201],[34.8041,-11.32035],[34.80448,-11.32049],[34.8049,-11.32065],[34.80513,-11.32076]]},"properties":{"id":451992868,"cls":"track","hw":"track","tg":"none","name":"","ref":"","surface":"","sc":"unknown","speed":null,"lit":"unk","km":0.284}},
{"type":"Feature","geometry":{"type":"LineString","coordinates":[[34.80513,-11.32076],[34.80525,-11.3208],[34.80538,-11.32086],[34.80543,-11.32086],[34.80547,-11.32081],[34.8056,-11.32055],[34.80568,-11.32039],[34.80589,-11.32018],[34.80622,-11.31991],[34.8074,-11.31876],[34.80809,-11.31802],[34.80824,-11.31777],[34.80867,-11.31641],[34.8088,-11.31593],[34.80882,-11.31572],[34.80885,-11.31555],[34.80889,-11.31533],[34.80889,-11.31528]]},"properties":{"id":451992870,"cls":"track","hw":"track","tg":"none","name":"","ref":"","surface":"","sc":"unknown","speed":null,"lit":"unk","km":0.785}},
{"type":"Feature","geometry":{"type":"LineString","coordinates":[[34.80602,-11.31696],[34.80623,-11.31675],[34.80641,-11.31666],[34.80675,-11.31651],[34.80719,-11.31638],[34.80768,-11.31626],[34.80808,-11.31612],[34.80827,-11.31601],[34.80843,-11.3159],[34.8087,-11.31561],[34.80887,-11.31532],[34.80889,-11.31528]]},"properties":{"id":451992871,"cls":"unclassified","hw":"unclassified","tg":"na","name":"","ref":"","surface":"","sc":"unknown","speed":null,"lit":"unk","km":0.378}},
{"type":"Feature","geometry":{"type":"LineString","coordinates":[[34.80889,-11.31528],[34.80877,-11.31519],[34.80873,-11.31518],[34.8085,-11.31505],[34.80838,-11.31498],[34.8083,-11.31496],[34.80805,-11.31492],[34.80792,-11.31486],[34.8078,-11.3148],[34.80771,-11.3148],[34.80743,-11.31475],[34.8071,-11.31473],[34.80693,-11.31472],[34.80686,-11.31471],[34.80663,-11.3147],[34.80654,-11.3147],[34.80636,-11.31472],[34.80613,-11.31477],[34.80585,-11.31477],[34.80576,-11.31476]]},"properties":{"id":451992873,"cls":"path","hw":"path","tg":"na","name":"","ref":"","surface":"","sc":"unknown","speed":null,"lit":"unk","km":0.356}},
{"type":"Feature","geometry":{"type":"LineString","coordinates":[[34.81103,-11.31312],[34.81125,-11.3137],[34.81152,-11.31459],[34.8118,-11.31544],[34.81185,-11.31562],[34.81212,-11.31632],[34.81265,-11.31753],[34.81293,-11.3187],[34.81328,-11.32019],[34.81394,-11.32329],[34.81418,-11.32387],[34.81504,-11.32508],[34.81538,-11.32566],[34.81558,-11.32597],[34.816,-11.32645]]},"properties":{"id":451992875,"cls":"track","hw":"track","tg":"none","name":"","ref":"","surface":"","sc":"unknown","speed":null,"lit":"unk","km":1.597}},
{"type":"Feature","geometry":{"type":"LineString","coordinates":[[34.81151,-11.32343],[34.80859,-11.32223],[34.80853,-11.32198],[34.80879,-11.32138],[34.80853,-11.32069],[34.80822,-11.31969],[34.80813,-11.31854],[34.80824,-11.31777],[34.80881,-11.31736],[34.80926,-11.31698],[34.80955,-11.3168],[34.80999,-11.31658],[34.81011,-11.31651],[34.81037,-11.3164],[34.81062,-11.31621],[34.81102,-11.31581],[34.81126,-11.31556],[34.81152,-11.31538],[34.81163,-11.31533],[34.8118,-11.31544]]},"properties":{"id":451992876,"cls":"track","hw":"track","tg":"none","name":"","ref":"","surface":"","sc":"unknown","speed":null,"lit":"unk","km":1.343}},
{"type":"Feature","geometry":{"type":"LineString","coordinates":[[34.81185,-11.31562],[34.81172,-11.31625],[34.81164,-11.31643],[34.81156,-11.31662],[34.81146,-11.3168],[34.81133,-11.31715],[34.81128,-11.31749],[34.81115,-11.31779],[34.81103,-11.31828],[34.81092,-11.31868]]},"properties":{"id":451992879,"cls":"track","hw":"track","tg":"none","name":"","ref":"","surface":"","sc":"unknown","speed":null,"lit":"unk","km":0.357}},
{"type":"Feature","geometry":{"type":"LineString","coordinates":[[34.80289,-11.31962],[34.80282,-11.31968],[34.80231,-11.32008],[34.80222,-11.32017],[34.80205,-11.32044]]},"properties":{"id":477915137,"cls":"unclassified","hw":"unclassified","tg":"na","name":"","ref":"","surface":"","sc":"unknown","speed":null,"lit":"unk","km":0.131}},
{"type":"Feature","geometry":{"type":"LineString","coordinates":[[34.78993,-11.25569],[34.78983,-11.25553]]},"properties":{"id":646702882,"cls":"secondary","hw":"secondary","tg":"na","name":"","ref":"","surface":"","sc":"unknown","speed":null,"lit":"unk","km":0.021}},
{"type":"Feature","geometry":{"type":"LineString","coordinates":[[34.80142,-11.28657],[34.8014,-11.28626],[34.8014,-11.28613],[34.8014,-11.28607],[34.80141,-11.28592],[34.80141,-11.28565],[34.80135,-11.28528],[34.80133,-11.28506],[34.80143,-11.28467],[34.80155,-11.28418],[34.80157,-11.28407],[34.8016,-11.28392],[34.80173,-11.2829],[34.80178,-11.28228],[34.80173,-11.28117],[34.80157,-11.28026],[34.80142,-11.27936],[34.80138,-11.27918],[34.80128,-11.27901],[34.80098,-11.27862],[34.8003,-11.2779],[34.80022,-11.27778],[34.79995,-11.2772],[34.79972,-11.27677],[34.79968,-11.27665],[34.79966,-11.27639],[34.79968,-11.27622],[34.7997,-11.27612],[34.79981,-11.27582],[34.79983,-11.27572],[34.79981,-11.2756],[34.79976,-11.27551],[34.7997,-11.27544],[34.79937,-11.27519],[34.79929,-11.27511],[34.79927,-11.27506],[34.79929,-11.27498],[34.79937,-11.27493],[34.79945,-11.27492],[34.79954,-11.27493],[34.79991,-11.27503],[34.80044,-11.27521],[34.80058,-11.27521],[34.80071,-11.27515],[34.80078,-11.27504],[34.80079,-11.27492],[34.80076,-11.27465],[34.80073,-11.2743],[34.80071,-11.27416],[34.80067,-11.27402],[34.80065,-11.27389],[34.80063,-11.27367],[34.80064,-11.2735],[34.80069,-11.27314],[34.80079,-11.2724],[34.80081,-11.27231],[34.80082,-11.2722],[34.80082,-11.27208],[34.80078,-11.27197],[34.80057,-11.27164],[34.80037,-11.27139],[34.80013,-11.27108],[34.79997,-11.2708],[34.79973,-11.27056],[34.79954,-11.27041],[34.79939,-11.27033],[34.79919,-11.27029],[34.79898,-11.27027],[34.79876,-11.27025],[34.79868,-11.27023],[34.79861,-11.27018],[34.79853,-11.27001],[34.79838,-11.26952],[34.79819,-11.26913],[34.79805,-11.2689],[34.79799,-11.26877],[34.79797,-11.26864],[34.79795,-11.2683],[34.79791,-11.26792],[34.79785,-11.26746],[34.79788,-11.26723],[34.79788,-11.26697],[34.79789,-11.26683],[34.79789,-11.26671],[34.79782,-11.26654],[34.79764,-11.26626],[34.79749,-11.26603],[34.79745,-11.26592],[34.79745,-11.26582],[34.79743,-11.26562],[34.79744,-11.26542],[34.79753,-11.2651],[34.79759,-11.26492],[34.79764,-11.26441],[34.79759,-11.26383],[34.79752,-11.2631],[34.79752,-11.26286],[34.79747,-11.26279],[34.79743,-11.26276],[34.79732,-11.26271],[34.79721,-11.26271],[34.79698,-11.26273],[34.7969,-11.26272],[34.79682,-11.2627],[34.79674,-11.26262],[34.79661,-11.26253],[34.79656,-11.26251],[34.7965,-11.26252],[34.79635,-11.26258],[34.79616,-11.26262],[34.79596,-11.26265],[34.79577,-11.26264],[34.79562,-11.26259],[34.79542,-11.26246],[34.79447,-11.26176],[34.79423,-11.26156],[34.79413,-11.26144],[34.79404,-11.26133],[34.79384,-11.26109],[34.79361,-11.26088],[34.79312,-11.26051],[34.79266,-11.2601],[34.79249,-11.25996],[34.79233,-11.25984],[34.79219,-11.25972],[34.79191,-11.25946],[34.79156,-11.25898],[34.79153,-11.25894],[34.79136,-11.25867],[34.7912,-11.25829],[34.79112,-11.25797],[34.79107,-11.25777],[34.79102,-11.25766],[34.79096,-11.25757],[34.7904,-11.2571],[34.79027,-11.25697],[34.79018,-11.25688],[34.79008,-11.25678],[34.78996,-11.25665],[34.78991,-11.25656],[34.78988,-11.25641],[34.78987,-11.25631],[34.78988,-11.25622],[34.78989,-11.25609],[34.78991,-11.25595],[34.78994,-11.25581],[34.78993,-11.25569]]},"properties":{"id":646702883,"cls":"secondary","hw":"secondary","tg":"na","name":"","ref":"","surface":"unpaved","sc":"unpaved","speed":null,"lit":"unk","km":4.337}},
{"type":"Feature","geometry":{"type":"LineString","coordinates":[[34.80142,-11.28657],[34.80152,-11.28648],[34.80162,-11.28638],[34.80169,-11.28631]]},"properties":{"id":646738645,"cls":"residential","hw":"residential","tg":"na","name":"","ref":"","surface":"","sc":"unknown","speed":null,"lit":"unk","km":0.041}},
{"type":"Feature","geometry":{"type":"LineString","coordinates":[[34.6399,-11.01602],[34.63933,-11.01588],[34.63893,-11.01578],[34.63872,-11.01571],[34.63863,-11.01568],[34.63834,-11.01556],[34.63831,-11.01555],[34.63737,-11.01526],[34.63715,-11.01519],[34.63705,-11.01514],[34.63673,-11.01489],[34.63668,-11.01487],[34.63597,-11.01469],[34.63455,-11.01436],[34.63374,-11.0141],[34.63366,-11.01408],[34.63355,-11.01408],[34.63338,-11.01409],[34.63295,-11.01417],[34.63275,-11.01421],[34.63236,-11.01427],[34.63226,-11.01428],[34.63218,-11.01428],[34.63162,-11.01428],[34.63137,-11.01423],[34.63112,-11.01418],[34.63087,-11.01407],[34.63033,-11.01373],[34.62966,-11.01323],[34.62901,-11.01271],[34.62888,-11.01263],[34.62874,-11.0126],[34.62853,-11.01259],[34.62825,-11.01263],[34.62811,-11.01269],[34.62788,-11.01286],[34.62771,-11.01294],[34.62756,-11.01296],[34.62729,-11.01306],[34.6272,-11.01312],[34.62715,-11.01318],[34.62701,-11.01344],[34.62692,-11.01359],[34.62673,-11.0138],[34.62631,-11.01401],[34.62573,-11.01432],[34.62566,-11.0143],[34.62554,-11.01426],[34.62505,-11.01401],[34.62472,-11.0139],[34.62419,-11.01369],[34.62408,-11.01367],[34.62397,-11.01367],[34.62374,-11.01373],[34.62365,-11.01374],[34.62325,-11.01368],[34.62313,-11.01369],[34.62289,-11.01376],[34.62255,-11.01392],[34.6223,-11.01408],[34.6222,-11.0141],[34.62161,-11.01416],[34.62155,-11.01417],[34.62139,-11.01423],[34.62133,-11.01423],[34.62106,-11.01421],[34.62061,-11.01416],[34.62046,-11.01412],[34.62003,-11.01395],[34.61962,-11.01374],[34.61953,-11.01366],[34.61914,-11.01322],[34.61903,-11.01304],[34.61898,-11.01295],[34.61888,-11.01287],[34.61875,-11.01265]]},"properties":{"id":654849767,"cls":"unclassified","hw":"unclassified","tg":"na","name":"","ref":"","surface":"","sc":"unknown","speed":null,"lit":"unk","km":2.573}},
{"type":"Feature","geometry":{"type":"LineString","coordinates":[[34.62829,-11.00313],[34.62817,-11.0028]]},"properties":{"id":654860873,"cls":"residential","hw":"residential","tg":"na","name":"","ref":"","surface":"","sc":"unknown","speed":null,"lit":"unk","km":0.039}},
{"type":"Feature","geometry":{"type":"LineString","coordinates":[[34.62811,-11.0031],[34.62829,-11.00313]]},"properties":{"id":654860874,"cls":"residential","hw":"residential","tg":"na","name":"","ref":"","surface":"","sc":"unknown","speed":null,"lit":"unk","km":0.02}},
{"type":"Feature","geometry":{"type":"LineString","coordinates":[[34.63226,-11.01428],[34.63252,-11.01361],[34.63282,-11.01306],[34.63286,-11.01286],[34.63286,-11.01281],[34.63285,-11.01277],[34.63268,-11.0125],[34.63247,-11.01221],[34.63203,-11.01182],[34.63178,-11.01169],[34.63152,-11.01158],[34.63144,-11.01153],[34.63136,-11.01146],[34.6311,-11.01115],[34.63098,-11.01096],[34.63093,-11.01079],[34.63091,-11.01051],[34.63092,-11.01029],[34.63093,-11.01021],[34.63101,-11.01005],[34.63107,-11.0098],[34.63119,-11.00872],[34.63119,-11.00866],[34.63103,-11.00824],[34.63089,-11.00777],[34.63069,-11.00733],[34.63043,-11.00698],[34.62997,-11.00657],[34.62992,-11.00649],[34.62952,-11.00556],[34.62937,-11.00509],[34.62936,-11.005],[34.6294,-11.00456],[34.6294,-11.00447],[34.62936,-11.00437],[34.62866,-11.00356],[34.62839,-11.00331],[34.62831,-11.00318],[34.62829,-11.00313]]},"properties":{"id":654860875,"cls":"residential","hw":"residential","tg":"na","name":"","ref":"","surface":"","sc":"unknown","speed":null,"lit":"unk","km":1.449}},
{"type":"Feature","geometry":{"type":"LineString","coordinates":[[34.62825,-11.01263],[34.62733,-11.01218],[34.6271,-11.01201],[34.62697,-11.01188],[34.62694,-11.01178],[34.62677,-11.01138],[34.62675,-11.01123],[34.62675,-11.01084],[34.62679,-11.01061],[34.62694,-11.01027],[34.62707,-11.0101],[34.62717,-11.00988],[34.62721,-11.0096],[34.62726,-11.00943],[34.62732,-11.00923],[34.62743,-11.00878],[34.6275,-11.00819],[34.6275,-11.00795],[34.62752,-11.00786],[34.62773,-11.00739],[34.62783,-11.007],[34.62783,-11.00685],[34.62771,-11.00563],[34.62772,-11.00493],[34.62789,-11.0043],[34.62797,-11.00378],[34.62811,-11.0031],[34.62817,-11.0028],[34.62818,-11.00274],[34.62832,-11.00233],[34.62846,-11.00206],[34.62895,-11.00147],[34.62915,-11.00127],[34.62922,-11.0011],[34.62925,-11.00078],[34.62922,-11.00024],[34.6292,-11.00016],[34.62882,-10.99944],[34.62876,-10.99926],[34.62871,-10.99907],[34.62869,-10.99903],[34.62866,-10.99897],[34.62853,-10.99883],[34.62846,-10.9988],[34.62816,-10.99874],[34.62794,-10.99868]]},"properties":{"id":654860876,"cls":"residential","hw":"residential","tg":"na","name":"","ref":"","surface":"","sc":"unknown","speed":null,"lit":"unk","km":1.768}},
{"type":"Feature","geometry":{"type":"LineString","coordinates":[[34.62943,-11.0173],[34.63004,-11.01715],[34.6303,-11.01712],[34.63073,-11.01716],[34.63101,-11.01721],[34.63138,-11.01728],[34.63161,-11.01732],[34.63195,-11.01736],[34.63201,-11.01735],[34.63209,-11.01733],[34.63231,-11.01727],[34.63259,-11.01724],[34.63272,-11.01718],[34.63289,-11.01714],[34.63336,-11.01707],[34.63344,-11.01706],[34.63412,-11.01693],[34.6342,-11.01691],[34.63436,-11.01678],[34.63445,-11.01672],[34.63478,-11.01661],[34.63543,-11.01648],[34.63585,-11.01644],[34.63594,-11.01645],[34.63604,-11.01649],[34.63657,-11.01665],[34.63697,-11.0167],[34.63749,-11.01674],[34.63773,-11.01673],[34.63776,-11.01672],[34.63778,-11.0167],[34.63791,-11.01651],[34.63793,-11.01644],[34.63793,-11.01621],[34.63794,-11.01603],[34.63796,-11.01592],[34.63801,-11.01581],[34.63808,-11.01573],[34.63834,-11.01556]]},"properties":{"id":654863939,"cls":"residential","hw":"residential","tg":"na","name":"","ref":"","surface":"","sc":"unknown","speed":null,"lit":"unk","km":1.089}},
{"type":"Feature","geometry":{"type":"LineString","coordinates":[[34.62456,-11.01956],[34.62517,-11.01954],[34.62582,-11.01945],[34.62593,-11.01942],[34.62603,-11.01936],[34.62613,-11.01928],[34.62722,-11.01834],[34.62732,-11.01827],[34.6274,-11.01824],[34.62779,-11.01816],[34.62798,-11.01809],[34.62824,-11.01791],[34.62847,-11.01774],[34.62943,-11.0173],[34.63013,-11.01671],[34.63065,-11.01621],[34.63071,-11.01614],[34.63078,-11.01607],[34.63083,-11.01599],[34.63089,-11.01591],[34.63094,-11.01584],[34.63099,-11.01578],[34.63105,-11.01572],[34.63116,-11.01559],[34.63127,-11.01546],[34.63131,-11.01541],[34.63135,-11.01536],[34.63139,-11.01533],[34.63143,-11.0153],[34.63148,-11.01527],[34.63153,-11.01525],[34.63164,-11.01521],[34.63175,-11.01519],[34.63187,-11.01517],[34.63209,-11.01514],[34.6323,-11.0151],[34.63245,-11.01506],[34.6326,-11.01503],[34.63265,-11.015],[34.63269,-11.01497],[34.63273,-11.01493],[34.63276,-11.0149],[34.63278,-11.01485],[34.6328,-11.01481],[34.63282,-11.01476],[34.6329,-11.01444],[34.63295,-11.01417]]},"properties":{"id":654863940,"cls":"residential","hw":"residential","tg":"na","name":"","ref":"","surface":"unpaved","sc":"unpaved","speed":null,"lit":"unk","km":1.158}},
{"type":"Feature","geometry":{"type":"LineString","coordinates":[[34.62573,-11.01432],[34.62561,-11.01439],[34.62555,-11.01441],[34.62549,-11.01442],[34.62539,-11.01443],[34.62531,-11.01445],[34.62496,-11.0146],[34.62468,-11.01467],[34.62447,-11.01474],[34.62442,-11.01479],[34.62441,-11.01485],[34.62445,-11.01531],[34.62445,-11.01565],[34.6244,-11.01604],[34.62436,-11.01629],[34.62428,-11.01654],[34.62415,-11.01694],[34.62414,-11.01715],[34.62414,-11.0174],[34.62411,-11.0176],[34.62411,-11.01783],[34.62411,-11.0179],[34.6241,-11.01796],[34.6241,-11.01805],[34.62409,-11.01813],[34.62411,-11.0182],[34.62413,-11.0183],[34.62415,-11.01837],[34.62419,-11.01847],[34.62424,-11.01856],[34.62427,-11.01861],[34.62436,-11.01872],[34.62438,-11.01877],[34.62439,-11.0189],[34.62442,-11.01904],[34.62444,-11.01912],[34.62444,-11.01915],[34.62441,-11.01926],[34.62441,-11.0193],[34.62441,-11.01935],[34.62444,-11.01941],[34.62446,-11.01945],[34.62449,-11.01949],[34.62456,-11.01956]]},"properties":{"id":654863941,"cls":"residential","hw":"residential","tg":"na","name":"","ref":"","surface":"","sc":"unknown","speed":null,"lit":"unk","km":0.704}},
{"type":"Feature","geometry":{"type":"LineString","coordinates":[[34.62221,-11.02158],[34.62244,-11.02181],[34.62249,-11.02184],[34.62259,-11.02188],[34.623,-11.02203],[34.62305,-11.02203],[34.62315,-11.022],[34.62321,-11.02199],[34.62325,-11.022],[34.62329,-11.02203],[34.62348,-11.02228],[34.62354,-11.02232],[34.62367,-11.02244],[34.6239,-11.02267],[34.62405,-11.02288],[34.62435,-11.02315],[34.62449,-11.0233],[34.62454,-11.02332],[34.6246,-11.02333],[34.62497,-11.02335],[34.62506,-11.02337],[34.62532,-11.02344],[34.62547,-11.02345],[34.62566,-11.02346],[34.62574,-11.02348],[34.62578,-11.02353],[34.62582,-11.0236],[34.62584,-11.02368],[34.62584,-11.024],[34.62577,-11.02442],[34.62569,-11.02457],[34.62567,-11.0246],[34.62559,-11.02479],[34.62548,-11.02505],[34.62547,-11.02508],[34.62548,-11.02513],[34.62573,-11.02558],[34.62577,-11.02576],[34.62579,-11.02579],[34.62583,-11.02583],[34.62601,-11.02603],[34.62609,-11.02608],[34.62617,-11.02613],[34.62647,-11.02645],[34.62651,-11.02647],[34.62654,-11.0265],[34.62655,-11.02655],[34.62665,-11.02695],[34.62669,-11.02701],[34.62682,-11.02724],[34.62685,-11.02731],[34.62687,-11.02738],[34.62685,-11.02764],[34.62684,-11.02771],[34.62677,-11.02791],[34.62676,-11.02796],[34.62687,-11.02841],[34.62691,-11.02856],[34.62692,-11.02871],[34.62694,-11.02899],[34.62691,-11.02906],[34.62654,-11.02972],[34.6262,-11.03042],[34.62597,-11.03099]]},"properties":{"id":654863942,"cls":"residential","hw":"residential","tg":"na","name":"","ref":"","surface":"","sc":"unknown","speed":null,"lit":"unk","km":1.392}},
{"type":"Feature","geometry":{"type":"LineString","coordinates":[[34.61296,-11.03057],[34.61334,-11.03096],[34.61344,-11.03099],[34.61355,-11.03099],[34.61361,-11.031],[34.61369,-11.03107],[34.61375,-11.03116],[34.61379,-11.03155],[34.61377,-11.03179],[34.61376,-11.03184],[34.61378,-11.03188],[34.61383,-11.03192],[34.614,-11.03198],[34.61408,-11.03201],[34.61425,-11.03217],[34.61429,-11.03223],[34.61438,-11.03234],[34.61443,-11.03238],[34.61489,-11.0325],[34.61508,-11.03254],[34.61525,-11.03259],[34.61546,-11.0326],[34.61556,-11.03262],[34.61564,-11.03269],[34.61572,-11.03277],[34.61589,-11.03284],[34.61607,-11.0329],[34.61636,-11.03315],[34.61641,-11.03318],[34.61649,-11.03319],[34.61732,-11.03299],[34.61763,-11.03291],[34.61775,-11.0329],[34.61804,-11.03287],[34.61845,-11.0328],[34.61887,-11.03269],[34.6189,-11.03268]]},"properties":{"id":654863943,"cls":"residential","hw":"residential","tg":"na","name":"","ref":"","surface":"","sc":"unknown","speed":null,"lit":"unk","km":0.806}},
{"type":"Feature","geometry":{"type":"LineString","coordinates":[[34.62673,-11.0138],[34.62679,-11.0148],[34.62676,-11.01488],[34.62649,-11.0155],[34.62646,-11.01561],[34.62641,-11.01587],[34.62637,-11.01597],[34.62625,-11.01616],[34.62584,-11.01715],[34.62561,-11.01775],[34.62553,-11.01783],[34.62528,-11.01812],[34.62522,-11.01824],[34.62506,-11.01866],[34.62476,-11.0191],[34.62456,-11.01956],[34.6244,-11.0198],[34.62409,-11.0203],[34.62395,-11.02042],[34.62362,-11.02064],[34.62343,-11.02081],[34.62332,-11.02096],[34.62321,-11.02115],[34.62315,-11.02133],[34.62308,-11.02145],[34.62292,-11.02158],[34.62283,-11.02162],[34.62277,-11.02164],[34.62271,-11.02166],[34.62258,-11.02165],[34.62248,-11.02162],[34.62221,-11.02158],[34.62213,-11.02154],[34.62207,-11.02151],[34.62197,-11.02146],[34.62187,-11.02143],[34.62173,-11.02139],[34.62166,-11.02136],[34.62119,-11.02077],[34.62104,-11.02055],[34.62095,-11.02034],[34.62089,-11.0202],[34.6209,-11.0201],[34.62091,-11.02004],[34.62091,-11.01987],[34.62093,-11.01972],[34.62096,-11.01957],[34.62095,-11.01953],[34.6209,-11.01943],[34.62084,-11.01938],[34.62081,-11.01934],[34.62079,-11.01927],[34.62078,-11.01904],[34.62076,-11.01873],[34.62071,-11.01863],[34.62059,-11.01846],[34.6205,-11.0183],[34.62048,-11.01817],[34.62045,-11.01808],[34.6204,-11.01802],[34.62032,-11.01794],[34.62022,-11.01788],[34.62014,-11.01785],[34.62007,-11.01778],[34.61992,-11.0176],[34.61984,-11.01753],[34.61955,-11.01739],[34.61948,-11.01736],[34.6194,-11.01732],[34.61886,-11.01671],[34.61859,-11.0164],[34.61852,-11.01633],[34.61846,-11.01628],[34.61838,-11.01624],[34.61794,-11.01589],[34.6178,-11.01576],[34.61751,-11.01515],[34.61744,-11.01505],[34.61735,-11.01496],[34.61726,-11.01493],[34.61703,-11.01492]]},"properties":{"id":654863944,"cls":"unclassified","hw":"unclassified","tg":"na","name":"","ref":"","surface":"","sc":"unknown","speed":null,"lit":"unk","km":2.073}},
{"type":"Feature","geometry":{"type":"LineString","coordinates":[[34.64364,-11.02994],[34.64335,-11.02993],[34.64312,-11.02989],[34.64276,-11.02979],[34.64198,-11.02947],[34.64147,-11.02923],[34.6408,-11.02903],[34.63927,-11.02853],[34.63812,-11.02815],[34.63686,-11.0277],[34.63659,-11.02765],[34.63624,-11.02763],[34.63601,-11.02757],[34.63593,-11.02756],[34.63514,-11.0274],[34.63471,-11.02731],[34.63431,-11.02714],[34.63429,-11.02713],[34.634,-11.02697],[34.63348,-11.02668],[34.63318,-11.02653],[34.63301,-11.02644],[34.63278,-11.02636],[34.63203,-11.02609],[34.63152,-11.02594],[34.63103,-11.02571],[34.63053,-11.02547],[34.63018,-11.02521],[34.63002,-11.02515],[34.6299,-11.02514],[34.62943,-11.02509],[34.62887,-11.02511],[34.62833,-11.02507],[34.62763,-11.02505],[34.62729,-11.02503],[34.62686,-11.025],[34.62683,-11.02498],[34.62674,-11.02486],[34.62672,-11.02484],[34.62658,-11.02482],[34.62656,-11.02481],[34.62655,-11.02478],[34.62654,-11.02473],[34.62653,-11.02472],[34.62651,-11.0247],[34.62627,-11.0247],[34.62569,-11.02457]]},"properties":{"id":654878754,"cls":"residential","hw":"residential","tg":"na","name":"","ref":"","surface":"","sc":"unknown","speed":null,"lit":"unk","km":2.082}},
{"type":"Feature","geometry":{"type":"LineString","coordinates":[[34.61782,-11.02969],[34.61796,-11.03017],[34.61801,-11.03039],[34.61806,-11.0312],[34.61808,-11.03129],[34.61811,-11.03141],[34.61817,-11.03152],[34.61906,-11.03261]]},"properties":{"id":654878755,"cls":"residential","hw":"residential","tg":"na","name":"","ref":"","surface":"","sc":"unknown","speed":null,"lit":"unk","km":0.364}},
{"type":"Feature","geometry":{"type":"LineString","coordinates":[[34.62213,-11.02154],[34.62195,-11.02172],[34.62188,-11.02177],[34.62167,-11.02186],[34.62123,-11.02196],[34.62102,-11.02206],[34.62091,-11.02213],[34.62087,-11.02222],[34.62081,-11.0224],[34.62079,-11.02248],[34.62064,-11.02266],[34.62056,-11.02275],[34.62046,-11.0228],[34.62015,-11.02291],[34.62003,-11.02298],[34.61974,-11.02328],[34.61926,-11.02375],[34.61853,-11.0246],[34.6184,-11.02472],[34.61819,-11.02483],[34.61815,-11.02485],[34.61807,-11.02499],[34.61798,-11.02515],[34.61783,-11.02556],[34.61778,-11.02565],[34.61768,-11.02576],[34.6173,-11.02612],[34.6167,-11.02662],[34.61615,-11.02695],[34.61613,-11.02697],[34.61612,-11.02698],[34.61612,-11.027],[34.61613,-11.02702],[34.61664,-11.02766],[34.61732,-11.02861],[34.61751,-11.02891],[34.61782,-11.02969]]},"properties":{"id":654878756,"cls":"residential","hw":"residential","tg":"na","name":"","ref":"","surface":"","sc":"unknown","speed":null,"lit":"unk","km":1.279}},
{"type":"Feature","geometry":{"type":"LineString","coordinates":[[34.61308,-11.02996],[34.61323,-11.0299],[34.6133,-11.02986],[34.61334,-11.02984],[34.61338,-11.02983],[34.61362,-11.02981],[34.61366,-11.02979],[34.61394,-11.02963],[34.61398,-11.02961],[34.61407,-11.0296],[34.61411,-11.02958],[34.61464,-11.02914],[34.61491,-11.02897],[34.61494,-11.02897],[34.61499,-11.02896],[34.61534,-11.02906],[34.61577,-11.02912],[34.61583,-11.02911],[34.61589,-11.02909],[34.61597,-11.02907],[34.61618,-11.02905],[34.61624,-11.02906],[34.61631,-11.02908],[34.61637,-11.02914],[34.61651,-11.02928],[34.61656,-11.02931],[34.61663,-11.02932],[34.61699,-11.02935],[34.6171,-11.02938],[34.61782,-11.02969]]},"properties":{"id":654878757,"cls":"residential","hw":"residential","tg":"na","name":"","ref":"","surface":"","sc":"unknown","speed":null,"lit":"unk","km":0.572}},
{"type":"Feature","geometry":{"type":"LineString","coordinates":[[34.6189,-11.03268],[34.6191,-11.0332],[34.61926,-11.03361],[34.61928,-11.03367],[34.6193,-11.03387],[34.61932,-11.03391],[34.61934,-11.03394],[34.61938,-11.03394],[34.61944,-11.03394],[34.61945,-11.03395],[34.61947,-11.03398],[34.61948,-11.03401],[34.61947,-11.03403],[34.61941,-11.03408],[34.61941,-11.0341],[34.61941,-11.03413],[34.61943,-11.03419],[34.61944,-11.03426],[34.61944,-11.03434],[34.61938,-11.03442],[34.61935,-11.03445],[34.61933,-11.0345],[34.6193,-11.03467],[34.6193,-11.03475],[34.61947,-11.03521],[34.61951,-11.03534],[34.61955,-11.03538],[34.61969,-11.03547],[34.61985,-11.0357],[34.61998,-11.03596],[34.62008,-11.03606],[34.62025,-11.03621],[34.62032,-11.03623],[34.62041,-11.03625],[34.62051,-11.03628],[34.62075,-11.03645],[34.621,-11.03679],[34.62128,-11.03708],[34.6214,-11.03727],[34.62153,-11.03738],[34.62195,-11.03769],[34.622,-11.03772]]},"properties":{"id":654909153,"cls":"unclassified","hw":"unclassified","tg":"na","name":"","ref":"","surface":"","sc":"unknown","speed":null,"lit":"unk","km":0.717}},
{"type":"Feature","geometry":{"type":"LineString","coordinates":[[34.61756,-11.03603],[34.61778,-11.03605],[34.61794,-11.03602],[34.6181,-11.03595],[34.61851,-11.03574],[34.61859,-11.03571],[34.61873,-11.03569],[34.61924,-11.03571],[34.61933,-11.03572],[34.61946,-11.03574],[34.61985,-11.0357]]},"properties":{"id":654909155,"cls":"residential","hw":"residential","tg":"na","name":"","ref":"","surface":"","sc":"unknown","speed":null,"lit":"unk","km":0.259}},
{"type":"Feature","geometry":{"type":"LineString","coordinates":[[34.94062,-11.4585],[34.94056,-11.45883]]},"properties":{"id":655132253,"cls":"tertiary","hw":"tertiary","tg":"na","name":"","ref":"","surface":"unpaved","sc":"unpaved","speed":null,"lit":"unk","km":0.037}},
{"type":"Feature","geometry":{"type":"LineString","coordinates":[[34.94078,-11.45738],[34.94079,-11.45773],[34.94078,-11.45791],[34.94062,-11.4585]]},"properties":{"id":655132254,"cls":"tertiary","hw":"tertiary","tg":"na","name":"","ref":"","surface":"unpaved","sc":"unpaved","speed":null,"lit":"unk","km":0.127}},
{"type":"Feature","geometry":{"type":"LineString","coordinates":[[34.63991,-11.05137],[34.64021,-11.051],[34.64025,-11.05092],[34.64032,-11.05074],[34.64037,-11.05066],[34.64045,-11.05059],[34.64051,-11.05049],[34.6409,-11.04995],[34.64116,-11.04964],[34.64129,-11.0495],[34.64132,-11.04946],[34.64133,-11.04941],[34.64142,-11.04875]]},"properties":{"id":655139049,"cls":"residential","hw":"residential","tg":"na","name":"","ref":"","surface":"","sc":"unknown","speed":null,"lit":"unk","km":0.343}},
{"type":"Feature","geometry":{"type":"LineString","coordinates":[[34.63732,-11.04823],[34.63683,-11.04817],[34.63626,-11.04804],[34.63613,-11.04803],[34.6361,-11.04803],[34.63609,-11.04804],[34.63608,-11.04807],[34.63625,-11.04861],[34.63667,-11.04981],[34.6367,-11.05002],[34.63671,-11.05028],[34.6367,-11.0505],[34.63667,-11.05061],[34.6366,-11.05076]]},"properties":{"id":655139051,"cls":"residential","hw":"residential","tg":"na","name":"","ref":"","surface":"","sc":"unknown","speed":null,"lit":"unk","km":0.452}},
{"type":"Feature","geometry":{"type":"LineString","coordinates":[[34.63813,-11.05333],[34.63831,-11.05347],[34.63837,-11.05349],[34.63854,-11.05348],[34.63873,-11.05348],[34.63882,-11.0535],[34.63892,-11.05353],[34.63903,-11.05355],[34.63912,-11.05354],[34.63932,-11.05349],[34.63958,-11.05341],[34.64018,-11.05319],[34.64033,-11.05314],[34.64064,-11.05309],[34.64087,-11.05303],[34.6409,-11.05303],[34.64095,-11.05304],[34.64107,-11.05309],[34.64114,-11.05311],[34.64148,-11.05317],[34.64211,-11.05334],[34.64227,-11.05335],[34.64242,-11.05334],[34.64276,-11.05321],[34.64302,-11.05311],[34.64316,-11.0531],[34.64406,-11.05289],[34.64478,-11.05266],[34.64534,-11.0525],[34.64543,-11.05246],[34.64593,-11.05212],[34.64631,-11.05193]]},"properties":{"id":655139052,"cls":"residential","hw":"residential","tg":"na","name":"","ref":"","surface":"","sc":"unknown","speed":null,"lit":"unk","km":0.945}},
{"type":"Feature","geometry":{"type":"LineString","coordinates":[[34.6394,-11.06172],[34.63964,-11.06175],[34.63967,-11.06175],[34.63969,-11.06174],[34.63972,-11.06173],[34.63994,-11.06156],[34.64002,-11.06153],[34.64022,-11.06146],[34.64038,-11.0614],[34.64049,-11.06135],[34.64056,-11.06134],[34.64066,-11.06131],[34.64077,-11.0613],[34.64093,-11.06125],[34.64123,-11.06117],[34.64177,-11.06109],[34.64186,-11.06109],[34.64223,-11.06109],[34.64227,-11.0611],[34.6423,-11.06112],[34.64238,-11.06115],[34.64242,-11.06116],[34.64268,-11.06117],[34.64274,-11.06118],[34.64286,-11.06123],[34.64294,-11.06125],[34.64297,-11.06126],[34.64327,-11.06123],[34.64362,-11.06114],[34.64376,-11.06111],[34.64411,-11.06105],[34.64425,-11.06104],[34.64429,-11.06102],[34.64452,-11.06092],[34.64463,-11.06089],[34.6448,-11.06084],[34.64486,-11.06083],[34.64495,-11.06083],[34.64546,-11.06086],[34.64551,-11.06086],[34.6456,-11.06084],[34.64575,-11.06079],[34.64577,-11.06078],[34.64596,-11.06078],[34.6461,-11.06081],[34.64613,-11.06081],[34.64616,-11.0608],[34.6462,-11.06079],[34.64624,-11.06078],[34.64627,-11.06078],[34.6465,-11.06083],[34.6466,-11.06084],[34.64668,-11.06085],[34.64676,-11.06087],[34.64705,-11.06102]]},"properties":{"id":655142421,"cls":"residential","hw":"residential","tg":"na","name":"","ref":"","surface":"","sc":"unknown","speed":null,"lit":"unk","km":0.867}},
{"type":"Feature","geometry":{"type":"LineString","coordinates":[[34.64391,-11.0535],[34.64399,-11.05368],[34.64404,-11.05374],[34.64419,-11.05386],[34.64421,-11.05389],[34.64433,-11.05441],[34.64433,-11.05448],[34.64425,-11.05472],[34.64421,-11.05486],[34.64415,-11.05494],[34.64406,-11.05502],[34.64396,-11.05507],[34.64374,-11.05508],[34.64331,-11.0551],[34.64325,-11.05512],[34.64321,-11.05515],[34.64306,-11.05522],[34.64297,-11.05524],[34.6428,-11.05524],[34.64259,-11.05524],[34.64244,-11.05526],[34.64238,-11.05528],[34.6419,-11.05542],[34.64185,-11.05543],[34.64173,-11.05547],[34.64168,-11.05547],[34.64147,-11.05541],[34.64141,-11.05541],[34.64131,-11.05545],[34.64126,-11.05546],[34.64107,-11.05544],[34.64101,-11.05542],[34.64077,-11.05536],[34.64066,-11.05535],[34.64063,-11.05535],[34.6406,-11.05536],[34.64055,-11.05538],[34.64038,-11.05542],[34.6403,-11.05544],[34.64025,-11.05547],[34.6402,-11.05549],[34.63983,-11.05548],[34.63979,-11.05548],[34.63973,-11.05552],[34.63969,-11.05553],[34.63951,-11.05553],[34.63939,-11.05549],[34.63935,-11.05547],[34.63931,-11.05546],[34.63901,-11.05545],[34.63896,-11.05546],[34.63892,-11.05548],[34.63886,-11.05553],[34.63883,-11.05554],[34.63845,-11.05552]]},"properties":{"id":655142425,"cls":"residential","hw":"residential","tg":"na","name":"","ref":"","surface":"","sc":"unknown","speed":null,"lit":"unk","km":0.824}},
{"type":"Feature","geometry":{"type":"LineString","coordinates":[[34.63914,-11.08476],[34.63922,-11.08502],[34.63924,-11.08503],[34.63926,-11.08503],[34.63966,-11.08506],[34.63978,-11.08509],[34.63987,-11.08513],[34.63994,-11.08518],[34.64037,-11.08558],[34.64048,-11.08572],[34.64056,-11.08583],[34.6407,-11.08598],[34.64083,-11.0862],[34.64099,-11.08641],[34.64112,-11.08656],[34.64119,-11.0866],[34.64127,-11.08662],[34.64148,-11.08666],[34.64158,-11.0867],[34.64183,-11.0869],[34.64191,-11.08694],[34.6424,-11.08712],[34.6426,-11.08717],[34.64268,-11.08718],[34.64286,-11.08718],[34.64299,-11.08716],[34.64306,-11.08715],[34.64316,-11.08716],[34.64346,-11.08722],[34.64356,-11.08723],[34.64372,-11.08722],[34.64399,-11.08718],[34.64406,-11.08718],[34.64414,-11.0872],[34.64422,-11.08726],[34.64448,-11.08746],[34.64456,-11.08749],[34.64467,-11.08751],[34.64515,-11.08749],[34.64521,-11.0875],[34.6453,-11.08753],[34.64539,-11.08754],[34.64612,-11.08758],[34.64632,-11.08761],[34.64665,-11.08764]]},"properties":{"id":655144901,"cls":"residential","hw":"residential","tg":"na","name":"","ref":"","surface":"","sc":"unknown","speed":null,"lit":"unk","km":0.947}},
{"type":"Feature","geometry":{"type":"LineString","coordinates":[[34.63828,-11.07954],[34.63833,-11.07955],[34.63837,-11.07956],[34.63844,-11.07961],[34.63846,-11.07961],[34.63866,-11.07959],[34.63871,-11.07958],[34.63879,-11.07958],[34.63906,-11.07962],[34.6391,-11.07962],[34.63912,-11.07961],[34.63932,-11.07949],[34.63945,-11.07943],[34.63966,-11.07927],[34.64002,-11.07903],[34.64026,-11.07889],[34.6407,-11.07865],[34.6412,-11.07845],[34.64132,-11.07841],[34.64174,-11.0783],[34.64215,-11.07815],[34.64235,-11.07806],[34.64239,-11.07803],[34.6425,-11.07792],[34.64255,-11.0779],[34.64262,-11.07787],[34.64275,-11.07787],[34.6428,-11.07787],[34.64287,-11.0779],[34.64295,-11.07795],[34.64303,-11.07798],[34.6431,-11.07799],[34.64317,-11.07797],[34.6433,-11.07792],[34.64341,-11.07791],[34.64362,-11.0779],[34.64371,-11.07789],[34.6438,-11.07784],[34.64384,-11.07783],[34.64404,-11.07783],[34.64418,-11.07785],[34.64431,-11.07787],[34.64438,-11.07788],[34.64441,-11.07787],[34.64444,-11.07785],[34.64448,-11.07782],[34.6445,-11.07781],[34.64461,-11.07777]]},"properties":{"id":655144902,"cls":"residential","hw":"residential","tg":"na","name":"","ref":"","surface":"","sc":"unknown","speed":null,"lit":"unk","km":0.753}},
{"type":"Feature","geometry":{"type":"LineString","coordinates":[[34.63756,-11.07066],[34.63769,-11.0705],[34.63772,-11.07048],[34.63775,-11.07048],[34.63784,-11.07047],[34.63791,-11.07047],[34.63812,-11.07037],[34.63819,-11.07034],[34.63832,-11.07032],[34.63839,-11.07031],[34.63854,-11.07032],[34.63862,-11.07034],[34.63886,-11.0704],[34.63924,-11.07058],[34.63933,-11.0706],[34.6394,-11.07062],[34.63982,-11.07062],[34.63984,-11.07062],[34.63985,-11.07062],[34.64002,-11.07043],[34.64005,-11.07041],[34.6401,-11.0704],[34.64014,-11.07037],[34.64029,-11.07019],[34.64053,-11.06977],[34.64055,-11.06969],[34.64057,-11.06963],[34.64058,-11.06961],[34.64061,-11.0696],[34.64077,-11.06951],[34.64085,-11.06946],[34.64087,-11.06945],[34.64091,-11.06944],[34.64097,-11.06942],[34.64121,-11.06924],[34.64124,-11.0692],[34.6413,-11.0691],[34.64135,-11.06904],[34.64155,-11.0689],[34.64159,-11.06886],[34.64162,-11.0688],[34.64168,-11.06875],[34.64195,-11.0686],[34.64224,-11.06845],[34.64235,-11.06836],[34.64257,-11.06818],[34.64267,-11.0681],[34.64284,-11.06799],[34.64296,-11.06794],[34.64316,-11.0679],[34.64366,-11.06784]]},"properties":{"id":655144903,"cls":"residential","hw":"residential","tg":"na","name":"","ref":"","surface":"","sc":"unknown","speed":null,"lit":"unk","km":0.811}},
{"type":"Feature","geometry":{"type":"LineString","coordinates":[[34.95208,-11.40826],[34.95156,-11.40835],[34.95117,-11.40836],[34.94764,-11.40839],[34.94734,-11.40842],[34.94644,-11.40854],[34.94627,-11.40856],[34.94583,-11.40853],[34.94569,-11.40851],[34.94549,-11.40848],[34.94528,-11.40851],[34.9451,-11.4086],[34.94491,-11.40865],[34.94447,-11.40875],[34.94422,-11.40875],[34.94381,-11.40877],[34.94352,-11.40882],[34.94301,-11.40892],[34.94274,-11.40901],[34.94243,-11.40917],[34.94208,-11.40936],[34.94165,-11.40965],[34.94121,-11.41],[34.94108,-11.41008],[34.94076,-11.4102],[34.94023,-11.41041],[34.94006,-11.41046],[34.93963,-11.41054],[34.93947,-11.41058],[34.93921,-11.4107],[34.93908,-11.41073],[34.93896,-11.41074],[34.93809,-11.41081],[34.93788,-11.41079],[34.93755,-11.41073],[34.93631,-11.41052],[34.93596,-11.41041],[34.93576,-11.41035],[34.93557,-11.41032],[34.93504,-11.41019],[34.93432,-11.40997],[34.93414,-11.40996],[34.93368,-11.40983],[34.93348,-11.4098],[34.93324,-11.40975],[34.93311,-11.4097],[34.93271,-11.40951],[34.93258,-11.40948],[34.93222,-11.40943],[34.93208,-11.40939],[34.93193,-11.40932],[34.93174,-11.40919],[34.9312,-11.40866],[34.93093,-11.40833],[34.93087,-11.40819],[34.93086,-11.40804],[34.93075,-11.40711]]},"properties":{"id":655146113,"cls":"residential","hw":"residential","tg":"na","name":"","ref":"","surface":"","sc":"unknown","speed":null,"lit":"unk","km":2.573}},
{"type":"Feature","geometry":{"type":"LineString","coordinates":[[34.94153,-11.45179],[34.94149,-11.45074]]},"properties":{"id":655146114,"cls":"residential","hw":"residential","tg":"na","name":"","ref":"","surface":"","sc":"unknown","speed":null,"lit":"unk","km":0.117}},
{"type":"Feature","geometry":{"type":"LineString","coordinates":[[34.94078,-11.45215],[34.94153,-11.45179],[34.94186,-11.45164],[34.94228,-11.45146],[34.94241,-11.45138],[34.94288,-11.45108],[34.94338,-11.45083],[34.94395,-11.45058],[34.94414,-11.4505],[34.94434,-11.45047],[34.94461,-11.45044],[34.94532,-11.45033],[34.9455,-11.45028],[34.94626,-11.44998],[34.94642,-11.44993],[34.94671,-11.4499],[34.94717,-11.4499],[34.94747,-11.44994],[34.94777,-11.44994],[34.94838,-11.44981],[34.94889,-11.44972],[34.94909,-11.44966],[34.94952,-11.44951],[34.9497,-11.44947],[34.95054,-11.44929],[34.9508,-11.44927],[34.95158,-11.44927],[34.95169,-11.4493],[34.95181,-11.44931],[34.95204,-11.4493],[34.95215,-11.44932],[34.95236,-11.44937],[34.9525,-11.44937],[34.95326,-11.44917],[34.95398,-11.44901],[34.9547,-11.44876]]},"properties":{"id":655146115,"cls":"residential","hw":"residential","tg":"na","name":"","ref":"","surface":"","sc":"unknown","speed":null,"lit":"unk","km":1.591}},
{"type":"Feature","geometry":{"type":"LineString","coordinates":[[34.94802,-11.41948],[34.94723,-11.41969],[34.94664,-11.41981],[34.94632,-11.41985],[34.94605,-11.41988],[34.94548,-11.41983],[34.94506,-11.41984],[34.94413,-11.41991],[34.94377,-11.4199],[34.94329,-11.41984],[34.94193,-11.41962],[34.94165,-11.41962],[34.9412,-11.41964],[34.94085,-11.4197],[34.9389,-11.4204],[34.93871,-11.42045],[34.93853,-11.42047],[34.93789,-11.42046],[34.93775,-11.42046],[34.93761,-11.4205],[34.93675,-11.42091],[34.93668,-11.42094],[34.93655,-11.42096],[34.93638,-11.42097],[34.93591,-11.42091],[34.93525,-11.42077],[34.93514,-11.42075],[34.93502,-11.42074],[34.93439,-11.42079],[34.93429,-11.42077],[34.93422,-11.42072],[34.93397,-11.42025],[34.93386,-11.42009],[34.93374,-11.42001],[34.93301,-11.41953],[34.93285,-11.41946],[34.93262,-11.41941],[34.93103,-11.41923]]},"properties":{"id":655146116,"cls":"residential","hw":"residential","tg":"na","name":"","ref":"","surface":"","sc":"unknown","speed":null,"lit":"unk","km":1.955}},
{"type":"Feature","geometry":{"type":"LineString","coordinates":[[34.93389,-11.40125],[34.9341,-11.40149],[34.93424,-11.40158],[34.93447,-11.40168],[34.93559,-11.402],[34.93608,-11.40217],[34.93627,-11.40227],[34.93647,-11.4024],[34.93753,-11.40305],[34.93773,-11.40311],[34.93794,-11.40313],[34.93823,-11.40314],[34.93881,-11.40307],[34.93913,-11.40302],[34.93928,-11.40302],[34.93938,-11.40307],[34.93943,-11.40319],[34.93937,-11.40344],[34.93936,-11.40356],[34.93943,-11.40364],[34.93957,-11.40379],[34.94007,-11.40408],[34.94086,-11.40444],[34.94176,-11.40503],[34.94243,-11.4055],[34.94258,-11.40558],[34.94292,-11.40572],[34.94309,-11.40582],[34.94324,-11.40596],[34.94382,-11.40661],[34.94391,-11.40676],[34.944,-11.40695],[34.94405,-11.4072],[34.94408,-11.40736],[34.94414,-11.40749],[34.94425,-11.40763],[34.94444,-11.40779],[34.94466,-11.40791],[34.94504,-11.40797],[34.94515,-11.40801],[34.94524,-11.40806],[34.94583,-11.40853]]},"properties":{"id":655146117,"cls":"residential","hw":"residential","tg":"na","name":"","ref":"","surface":"","sc":"unknown","speed":null,"lit":"unk","km":1.64}},
{"type":"Feature","geometry":{"type":"LineString","coordinates":[[34.92021,-11.37034],[34.91922,-11.37097],[34.91887,-11.3712],[34.9186,-11.37137],[34.91834,-11.37149],[34.91805,-11.3716],[34.91752,-11.37176],[34.91734,-11.37185],[34.91718,-11.37193],[34.91657,-11.37244],[34.91637,-11.37265],[34.91613,-11.373],[34.91599,-11.37336],[34.91592,-11.37376],[34.91584,-11.37425],[34.91584,-11.37432],[34.91585,-11.37441],[34.91585,-11.37448],[34.91581,-11.37456],[34.91513,-11.37534],[34.915,-11.37555],[34.91451,-11.37639]]},"properties":{"id":655499235,"cls":"residential","hw":"residential","tg":"na","name":"","ref":"","surface":"","sc":"unknown","speed":null,"lit":"unk","km":0.971}},
{"type":"Feature","geometry":{"type":"LineString","coordinates":[[34.66783,-11.11477],[34.6678,-11.11487],[34.6678,-11.11494],[34.66778,-11.11509],[34.66778,-11.11514],[34.66779,-11.11521],[34.66779,-11.11526],[34.66777,-11.11532],[34.66775,-11.11537],[34.66774,-11.11542],[34.66772,-11.11552],[34.6677,-11.11557],[34.66765,-11.11566],[34.66763,-11.11571],[34.66762,-11.11575],[34.66761,-11.1158],[34.6676,-11.11587],[34.66759,-11.11591],[34.66755,-11.11599],[34.66751,-11.11611],[34.66747,-11.11626],[34.66745,-11.11634],[34.66744,-11.11641],[34.66743,-11.11648],[34.66742,-11.11656],[34.6674,-11.11666],[34.66737,-11.11676],[34.66734,-11.11686],[34.66723,-11.11718],[34.66711,-11.11745],[34.66708,-11.11755],[34.66704,-11.11766],[34.66699,-11.11777],[34.66682,-11.11822],[34.66676,-11.11835],[34.66671,-11.11846],[34.66664,-11.11858],[34.66655,-11.11871],[34.66649,-11.11878],[34.66644,-11.11883],[34.66637,-11.11894],[34.6662,-11.11924],[34.66618,-11.1193],[34.66615,-11.11935],[34.66606,-11.11947],[34.66598,-11.1196],[34.66593,-11.11971],[34.66589,-11.11979],[34.66585,-11.11984],[34.66581,-11.11989],[34.66576,-11.11995],[34.66572,-11.11999],[34.66567,-11.12006],[34.66561,-11.12017],[34.66555,-11.12027],[34.66542,-11.12053],[34.66539,-11.1206],[34.66536,-11.12066],[34.66534,-11.12072],[34.66531,-11.12077],[34.66528,-11.12082],[34.66521,-11.12092],[34.66512,-11.12107],[34.66502,-11.12122],[34.66496,-11.12132],[34.66492,-11.12143],[34.66492,-11.12157],[34.66493,-11.12174],[34.66491,-11.12188],[34.66489,-11.12199],[34.66487,-11.12208],[34.66483,-11.12214],[34.66479,-11.12218],[34.66468,-11.12227],[34.66458,-11.12236],[34.6645,-11.12244],[34.66444,-11.1225],[34.66439,-11.12255],[34.66428,-11.12261],[34.6642,-11.12265],[34.66417,-11.12267],[34.66385,-11.12281],[34.66376,-11.12284],[34.66367,-11.12287],[34.66361,-11.12289],[34.66356,-11.12289],[34.6635,-11.12289],[34.66344,-11.1229],[34.66338,-11.12293],[34.6633,-11.12296],[34.66314,-11.12305],[34.66262,-11.12327],[34.66237,-11.12335],[34.6621,-11.12345],[34.66202,-11.12347],[34.66187,-11.12352],[34.66185,-11.12353],[34.66182,-11.12355],[34.66179,-11.12358],[34.66175,-11.12361],[34.66172,-11.12363],[34.66166,-11.12365],[34.66157,-11.12367],[34.66141,-11.12371],[34.66124,-11.12375],[34.66102,-11.12384],[34.66097,-11.12386],[34.66093,-11.12386],[34.66083,-11.12387],[34.66077,-11.12386],[34.66068,-11.12387],[34.66058,-11.1239],[34.6605,-11.12393],[34.66044,-11.12397],[34.66038,-11.12402],[34.66023,-11.12418],[34.65979,-11.12462],[34.6597,-11.12469],[34.65964,-11.12474],[34.65955,-11.12479],[34.65946,-11.12482],[34.65938,-11.12483],[34.65926,-11.12484],[34.65883,-11.12483],[34.65875,-11.12482],[34.65865,-11.12481],[34.65856,-11.12477],[34.65849,-11.12476],[34.65842,-11.12475],[34.65836,-11.12474],[34.65819,-11.12471],[34.65798,-11.12463],[34.65792,-11.12462],[34.65787,-11.12463],[34.65782,-11.12463],[34.65776,-11.12462],[34.65767,-11.12459],[34.6576,-11.1246],[34.65752,-11.12462],[34.65741,-11.12465],[34.65718,-11.1247],[34.65711,-11.1247],[34.65704,-11.12469],[34.65696,-11.12467],[34.65691,-11.12465],[34.65685,-11.12465],[34.65679,-11.12465],[34.65674,-11.12467],[34.65669,-11.1247],[34.65665,-11.12474],[34.65662,-11.12478],[34.6566,-11.12482],[34.65657,-11.12485],[34.65655,-11.12489],[34.65654,-11.12493],[34.65654,-11.12502],[34.65653,-11.12512],[34.65655,-11.1252],[34.65658,-11.12529],[34.65661,-11.12538],[34.65664,-11.12545],[34.65666,-11.12549],[34.6567,-11.12557],[34.65671,-11.12562],[34.65671,-11.12569],[34.65671,-11.12577],[34.65672,-11.12583],[34.65672,-11.12591],[34.6567,-11.12597],[34.65667,-11.12605],[34.65666,-11.12612],[34.65666,-11.12622],[34.65666,-11.12633],[34.65666,-11.12641],[34.65669,-11.12645],[34.65673,-11.12647],[34.65686,-11.12651],[34.65697,-11.12655],[34.65705,-11.1266],[34.65711,-11.12667],[34.65717,-11.12676],[34.65723,-11.12685],[34.65724,-11.12689],[34.65722,-11.12693],[34.6572,-11.12697],[34.65717,-11.127],[34.65713,-11.12702],[34.65708,-11.12706],[34.65705,-11.1271],[34.657,-11.12715],[34.65698,-11.12717],[34.65697,-11.1272]]},"properties":{"id":655503593,"cls":"unclassified","hw":"unclassified","tg":"na","name":"","ref":"","surface":"","sc":"unknown","speed":null,"lit":"unk","km":2.216}},
{"type":"Feature","geometry":{"type":"LineString","coordinates":[[34.6189,-11.03268],[34.61906,-11.03261],[34.61947,-11.03244],[34.61968,-11.0323],[34.6199,-11.03219],[34.61999,-11.03216],[34.62012,-11.03215],[34.62043,-11.03214],[34.62056,-11.03211],[34.62109,-11.03196],[34.6215,-11.03179],[34.62222,-11.03142],[34.62284,-11.03114],[34.62366,-11.03076],[34.62403,-11.03066],[34.62424,-11.03061],[34.62441,-11.03061],[34.62488,-11.03066],[34.62515,-11.03065],[34.62526,-11.03067],[34.62537,-11.03073],[34.62555,-11.03085],[34.62597,-11.03099],[34.626,-11.031],[34.62622,-11.03109],[34.62628,-11.03113],[34.62636,-11.03118],[34.62648,-11.03128],[34.62654,-11.03133],[34.62659,-11.03137],[34.62676,-11.03147],[34.62681,-11.03149],[34.62705,-11.03159],[34.62725,-11.03162],[34.62741,-11.03165],[34.62747,-11.03166],[34.62839,-11.03191],[34.62845,-11.03193],[34.62878,-11.03208],[34.62901,-11.03218],[34.62953,-11.0324],[34.62993,-11.03258],[34.62996,-11.03259],[34.63014,-11.03265],[34.6311,-11.03282],[34.63127,-11.03285]]},"properties":{"id":655819513,"cls":"unclassified","hw":"unclassified","tg":"na","name":"","ref":"","surface":"","sc":"unknown","speed":null,"lit":"unk","km":1.45}},
{"type":"Feature","geometry":{"type":"LineString","coordinates":[[34.80289,-11.31962],[34.80328,-11.31925],[34.80369,-11.31901],[34.80411,-11.31878],[34.80452,-11.31854],[34.80516,-11.31808],[34.80575,-11.31754],[34.80592,-11.31727],[34.80602,-11.31696]]},"properties":{"id":655843831,"cls":"unclassified","hw":"unclassified","tg":"na","name":"","ref":"","surface":"","sc":"unknown","speed":null,"lit":"unk","km":0.462}},
{"type":"Feature","geometry":{"type":"LineString","coordinates":[[34.85049,-11.33957],[34.85063,-11.33957],[34.85092,-11.33983],[34.85171,-11.3404],[34.85279,-11.34084],[34.85459,-11.34194],[34.85524,-11.34144],[34.8554,-11.34139],[34.85585,-11.34139]]},"properties":{"id":656121508,"cls":"path","hw":"path","tg":"na","name":"","ref":"","surface":"unpaved","sc":"unpaved","speed":null,"lit":"unk","km":0.681}},
{"type":"Feature","geometry":{"type":"LineString","coordinates":[[34.83982,-11.34051],[34.8391,-11.34013],[34.8383,-11.3397],[34.83824,-11.33963],[34.83821,-11.33956],[34.83823,-11.33945],[34.83833,-11.33926],[34.8384,-11.33919],[34.83882,-11.33867],[34.83894,-11.33857],[34.83914,-11.33845],[34.83925,-11.33837],[34.83938,-11.33821],[34.83949,-11.33813],[34.84006,-11.33778],[34.84026,-11.33764],[34.84054,-11.33741],[34.84089,-11.33706],[34.84116,-11.33677],[34.8413,-11.33652],[34.84132,-11.33641],[34.84132,-11.33632],[34.84128,-11.33624],[34.84115,-11.33598],[34.84112,-11.33588],[34.84114,-11.3358],[34.84127,-11.33556],[34.84138,-11.33544],[34.84162,-11.33526],[34.84177,-11.33519],[34.84197,-11.33514],[34.84218,-11.33511],[34.84231,-11.33505],[34.84271,-11.33474],[34.84298,-11.33451],[34.84306,-11.33442],[34.84363,-11.33371]]},"properties":{"id":656126273,"cls":"residential","hw":"residential","tg":"na","name":"","ref":"","surface":"","sc":"unknown","speed":null,"lit":"unk","km":1.147}},
{"type":"Feature","geometry":{"type":"LineString","coordinates":[[34.79961,-11.29274],[34.79991,-11.29277],[34.80036,-11.29279],[34.80045,-11.29278],[34.80055,-11.29274]]},"properties":{"id":657448602,"cls":"residential","hw":"residential","tg":"na","name":"","ref":"","surface":"","sc":"unknown","speed":null,"lit":"unk","km":0.104}},
{"type":"Feature","geometry":{"type":"LineString","coordinates":[[34.80041,-11.2858],[34.8014,-11.28607]]},"properties":{"id":657448603,"cls":"residential","hw":"residential","tg":"na","name":"","ref":"","surface":"","sc":"unknown","speed":null,"lit":"unk","km":0.112}},
{"type":"Feature","geometry":{"type":"LineString","coordinates":[[34.80271,-11.298],[34.80259,-11.29811],[34.80253,-11.29819],[34.80249,-11.29825],[34.80247,-11.29831],[34.80246,-11.29838],[34.80253,-11.29916],[34.80252,-11.29956],[34.8025,-11.30003]]},"properties":{"id":657451158,"cls":"residential","hw":"residential","tg":"na","name":"","ref":"","surface":"","sc":"unknown","speed":null,"lit":"unk","km":0.236}},
{"type":"Feature","geometry":{"type":"LineString","coordinates":[[34.80238,-11.29749],[34.80191,-11.29765],[34.80136,-11.29787],[34.80131,-11.29788],[34.80126,-11.29787],[34.80103,-11.29781],[34.80092,-11.29775],[34.80077,-11.29758],[34.80071,-11.29749],[34.80043,-11.29692],[34.80038,-11.29683],[34.80028,-11.29671],[34.80021,-11.29667],[34.80009,-11.29664],[34.80004,-11.29662],[34.79999,-11.29659],[34.79992,-11.29655],[34.79988,-11.29655],[34.79948,-11.29655],[34.79941,-11.29654],[34.79918,-11.29645],[34.79895,-11.29641],[34.79877,-11.2964],[34.79873,-11.2964],[34.79871,-11.29639],[34.79868,-11.29637],[34.79852,-11.29621],[34.79849,-11.29617],[34.79846,-11.29611],[34.7984,-11.29592],[34.79838,-11.29587],[34.79833,-11.2958],[34.7982,-11.29572],[34.79811,-11.29568],[34.79779,-11.29557]]},"properties":{"id":657451159,"cls":"residential","hw":"residential","tg":"na","name":"","ref":"","surface":"","sc":"unknown","speed":null,"lit":"unk","km":0.628}},
{"type":"Feature","geometry":{"type":"LineString","coordinates":[[34.80348,-11.28697],[34.80326,-11.28751],[34.80311,-11.28802]]},"properties":{"id":657468604,"cls":"residential","hw":"residential","tg":"na","name":"","ref":"","surface":"","sc":"unknown","speed":null,"lit":"unk","km":0.124}},
{"type":"Feature","geometry":{"type":"LineString","coordinates":[[34.80205,-11.2877],[34.80199,-11.28788],[34.80182,-11.28854],[34.80182,-11.28858],[34.80184,-11.28861],[34.8019,-11.28878],[34.80192,-11.28881],[34.80195,-11.28885],[34.80216,-11.28897]]},"properties":{"id":657468605,"cls":"residential","hw":"residential","tg":"na","name":"","ref":"","surface":"","sc":"unknown","speed":null,"lit":"unk","km":0.161}},
{"type":"Feature","geometry":{"type":"LineString","coordinates":[[34.80255,-11.29002],[34.80225,-11.28991],[34.80145,-11.28989]]},"properties":{"id":657478584,"cls":"path","hw":"path","tg":"na","name":"","ref":"","surface":"","sc":"unknown","speed":null,"lit":"unk","km":0.122}},
{"type":"Feature","geometry":{"type":"LineString","coordinates":[[34.80201,-11.2894],[34.80216,-11.28897],[34.80257,-11.28789],[34.803,-11.28668]]},"properties":{"id":657478585,"cls":"residential","hw":"residential","tg":"na","name":"","ref":"","surface":"","sc":"unknown","speed":null,"lit":"unk","km":0.321}},
{"type":"Feature","geometry":{"type":"LineString","coordinates":[[34.80329,-11.28621],[34.80347,-11.28586]]},"properties":{"id":657478588,"cls":"residential","hw":"residential","tg":"na","name":"","ref":"","surface":"","sc":"unknown","speed":null,"lit":"unk","km":0.044}},
{"type":"Feature","geometry":{"type":"LineString","coordinates":[[34.80512,-11.28418],[34.80447,-11.28415]]},"properties":{"id":657478589,"cls":"service","hw":"service","tg":"na","name":"","ref":"","surface":"unpaved","sc":"unpaved","speed":null,"lit":"unk","km":0.071}},
{"type":"Feature","geometry":{"type":"LineString","coordinates":[[34.80501,-11.28735],[34.80507,-11.28716],[34.80509,-11.28713],[34.80514,-11.28707],[34.80516,-11.28704],[34.8052,-11.28696],[34.80534,-11.28674],[34.80538,-11.2867],[34.80539,-11.28666],[34.80541,-11.28659],[34.80541,-11.28657],[34.8054,-11.28654],[34.80529,-11.28641],[34.80526,-11.28639]]},"properties":{"id":657478591,"cls":"residential","hw":"residential","tg":"na","name":"","ref":"","surface":"","sc":"unknown","speed":null,"lit":"unk","km":0.125}},
{"type":"Feature","geometry":{"type":"LineString","coordinates":[[34.80132,-11.28783],[34.80199,-11.28788]]},"properties":{"id":657478593,"cls":"residential","hw":"residential","tg":"na","name":"","ref":"","surface":"","sc":"unknown","speed":null,"lit":"unk","km":0.073}},
{"type":"Feature","geometry":{"type":"LineString","coordinates":[[34.80169,-11.28631],[34.80173,-11.28623],[34.80177,-11.28615]]},"properties":{"id":657499792,"cls":"residential","hw":"residential","tg":"na","name":"","ref":"","surface":"","sc":"unknown","speed":null,"lit":"unk","km":0.02}},
{"type":"Feature","geometry":{"type":"LineString","coordinates":[[34.80169,-11.28631],[34.80194,-11.28632]]},"properties":{"id":657499794,"cls":"residential","hw":"residential","tg":"na","name":"","ref":"","surface":"","sc":"unknown","speed":null,"lit":"unk","km":0.027}},
{"type":"Feature","geometry":{"type":"LineString","coordinates":[[34.8014,-11.28626],[34.80169,-11.28631]]},"properties":{"id":657499795,"cls":"residential","hw":"residential","tg":"na","name":"","ref":"","surface":"","sc":"unknown","speed":null,"lit":"unk","km":0.032}},
{"type":"Feature","geometry":{"type":"LineString","coordinates":[[34.80325,-11.28301],[34.80355,-11.28279],[34.8036,-11.28274],[34.80362,-11.28266],[34.80376,-11.28235],[34.80381,-11.28231],[34.80388,-11.28228],[34.80398,-11.28226],[34.80409,-11.28228],[34.8044,-11.28244],[34.80453,-11.28247],[34.8046,-11.28246],[34.80476,-11.28239],[34.80478,-11.28237],[34.80486,-11.28225],[34.80489,-11.28222]]},"properties":{"id":657499800,"cls":"residential","hw":"residential","tg":"na","name":"","ref":"","surface":"","sc":"unknown","speed":null,"lit":"unk","km":0.238}},
{"type":"Feature","geometry":{"type":"LineString","coordinates":[[34.8047,-11.27772],[34.80495,-11.27744],[34.80501,-11.27738],[34.8051,-11.27731],[34.80526,-11.27722],[34.80556,-11.27697],[34.80567,-11.27684],[34.80587,-11.27654],[34.80593,-11.27647],[34.80619,-11.27626],[34.8064,-11.27612],[34.80644,-11.2761],[34.8065,-11.27609],[34.80672,-11.27609],[34.8068,-11.27608],[34.80688,-11.27604],[34.80696,-11.27598],[34.80699,-11.27595],[34.80707,-11.27577],[34.80709,-11.27574],[34.80713,-11.27571],[34.80742,-11.27541],[34.80759,-11.27529],[34.80762,-11.27528],[34.80764,-11.27528],[34.80767,-11.27529],[34.80817,-11.27557],[34.80831,-11.27569]]},"properties":{"id":657499801,"cls":"residential","hw":"residential","tg":"na","name":"","ref":"","surface":"","sc":"unknown","speed":null,"lit":"unk","km":0.522}},
{"type":"Feature","geometry":{"type":"LineString","coordinates":[[34.80459,-11.28357],[34.80436,-11.28359],[34.804,-11.28363],[34.80327,-11.28375]]},"properties":{"id":657499802,"cls":"path","hw":"path","tg":"na","name":"","ref":"","surface":"","sc":"unknown","speed":null,"lit":"unk","km":0.145}},
{"type":"Feature","geometry":{"type":"LineString","coordinates":[[34.80311,-11.283],[34.80327,-11.28375]]},"properties":{"id":657499803,"cls":"residential","hw":"residential","tg":"na","name":"","ref":"","surface":"","sc":"unknown","speed":null,"lit":"unk","km":0.085}},
{"type":"Feature","geometry":{"type":"LineString","coordinates":[[34.80256,-11.28957],[34.80311,-11.28802]]},"properties":{"id":657499804,"cls":"residential","hw":"residential","tg":"na","name":"","ref":"","surface":"","sc":"unknown","speed":null,"lit":"unk","km":0.182}},
{"type":"Feature","geometry":{"type":"LineString","coordinates":[[34.77798,-11.24394],[34.77819,-11.24391],[34.77834,-11.24378],[34.77846,-11.2437],[34.77858,-11.24363],[34.77875,-11.24359],[34.77894,-11.24354],[34.77915,-11.24339],[34.77939,-11.24304],[34.77952,-11.24287],[34.77964,-11.24273],[34.7797,-11.24266],[34.77976,-11.24264],[34.77987,-11.24266],[34.78004,-11.24272],[34.78016,-11.24278],[34.78029,-11.24282],[34.78034,-11.2428],[34.78039,-11.24276],[34.7805,-11.24268],[34.78058,-11.24263],[34.78067,-11.24262],[34.78085,-11.24261],[34.78092,-11.24261],[34.78099,-11.24263],[34.78112,-11.24268],[34.78117,-11.24268],[34.78121,-11.24266],[34.78128,-11.2426],[34.7816,-11.24242],[34.78218,-11.24197],[34.78257,-11.2417],[34.78282,-11.24151],[34.78296,-11.24131],[34.78306,-11.24105],[34.78313,-11.24077],[34.78313,-11.24031],[34.78311,-11.24007],[34.78311,-11.23996],[34.78313,-11.23987],[34.78318,-11.23977],[34.78324,-11.23969],[34.78341,-11.23942],[34.78345,-11.23931],[34.78344,-11.23916],[34.78342,-11.23909],[34.78339,-11.23901],[34.78335,-11.23895],[34.78285,-11.23823],[34.78283,-11.23818],[34.78282,-11.23808],[34.7828,-11.23798],[34.78275,-11.23788],[34.78271,-11.23778],[34.78269,-11.23768],[34.7827,-11.23751],[34.78275,-11.23709],[34.78284,-11.23673],[34.78296,-11.23644],[34.78321,-11.23606],[34.78355,-11.23531],[34.78397,-11.23452],[34.78435,-11.23386],[34.78466,-11.23317],[34.78481,-11.23276],[34.78486,-11.23268],[34.78493,-11.23257],[34.78507,-11.23241],[34.78541,-11.23215],[34.78554,-11.23206],[34.78583,-11.2318],[34.78604,-11.23165],[34.78619,-11.23158],[34.78636,-11.23154],[34.78652,-11.23153],[34.78669,-11.2315],[34.78695,-11.23143],[34.78732,-11.23138],[34.78748,-11.23137],[34.78762,-11.23135],[34.78813,-11.23147],[34.78826,-11.23154],[34.78832,-11.23153],[34.78836,-11.23151],[34.78835,-11.23146],[34.78833,-11.23143],[34.78823,-11.23129],[34.78806,-11.23111],[34.78787,-11.23083],[34.78781,-11.23069],[34.78779,-11.23052],[34.78785,-11.2303],[34.78793,-11.23012],[34.788,-11.22984],[34.78802,-11.2296],[34.78803,-11.22951],[34.78802,-11.22941],[34.78802,-11.22923],[34.78796,-11.22914],[34.78781,-11.22907],[34.78754,-11.22891],[34.78729,-11.22883],[34.78683,-11.22885],[34.78656,-11.22884]]},"properties":{"id":658054783,"cls":"residential","hw":"residential","tg":"na","name":"","ref":"","surface":"","sc":"unknown","speed":null,"lit":"unk","km":2.6}},
{"type":"Feature","geometry":{"type":"LineString","coordinates":[[34.78191,-11.25018],[34.78238,-11.24968],[34.78246,-11.2496],[34.78278,-11.24927],[34.78294,-11.24879],[34.78309,-11.24855],[34.7832,-11.24828],[34.78324,-11.24793],[34.78329,-11.24765],[34.78344,-11.24735],[34.78349,-11.24724],[34.78355,-11.24715],[34.78359,-11.24702],[34.7836,-11.24678],[34.78362,-11.24667],[34.78365,-11.24654],[34.78376,-11.24645],[34.78392,-11.24639],[34.7841,-11.2462],[34.7843,-11.2459],[34.78448,-11.24554],[34.78452,-11.24538],[34.78457,-11.24524],[34.78466,-11.24514],[34.7848,-11.24509],[34.78509,-11.24487],[34.78521,-11.24468],[34.78525,-11.24451],[34.78538,-11.24428],[34.78534,-11.24411],[34.78522,-11.24399]]},"properties":{"id":658324946,"cls":"residential","hw":"residential","tg":"na","name":"","ref":"","surface":"","sc":"unknown","speed":null,"lit":"unk","km":0.826}},
{"type":"Feature","geometry":{"type":"LineString","coordinates":[[34.76727,-11.22551],[34.76744,-11.22545],[34.76755,-11.22545],[34.76767,-11.2255],[34.76775,-11.22555],[34.76781,-11.22559],[34.76788,-11.22563],[34.76792,-11.22564],[34.76812,-11.22564],[34.76835,-11.22565],[34.76854,-11.22568],[34.76862,-11.22571],[34.76872,-11.22576],[34.76887,-11.22585],[34.76892,-11.2259],[34.76895,-11.22597],[34.76895,-11.22605],[34.76895,-11.22615],[34.769,-11.22623],[34.76904,-11.22629],[34.76908,-11.22635],[34.76914,-11.22648],[34.76919,-11.22664],[34.76922,-11.2267],[34.7693,-11.22679],[34.76939,-11.22689],[34.76958,-11.22704],[34.76964,-11.22716],[34.76966,-11.22724],[34.76964,-11.22732],[34.76963,-11.22742],[34.76959,-11.2275],[34.76943,-11.22758],[34.7694,-11.22762],[34.76938,-11.2277],[34.7694,-11.22785],[34.76943,-11.22799],[34.76949,-11.22811],[34.76963,-11.22827],[34.7703,-11.229],[34.77055,-11.22923],[34.77073,-11.22934],[34.77099,-11.22955],[34.77126,-11.22969]]},"properties":{"id":658329713,"cls":"residential","hw":"residential","tg":"na","name":"","ref":"","surface":"","sc":"unknown","speed":null,"lit":"unk","km":0.745}},
{"type":"Feature","geometry":{"type":"LineString","coordinates":[[34.77344,-11.23568],[34.77406,-11.23524],[34.77422,-11.2351],[34.77442,-11.23496],[34.77455,-11.2348],[34.77464,-11.23459],[34.77474,-11.23436],[34.77479,-11.23411],[34.77476,-11.23377],[34.7748,-11.23366],[34.77485,-11.23356],[34.77505,-11.2333],[34.77555,-11.23296],[34.77572,-11.23287],[34.77586,-11.23284],[34.776,-11.23279],[34.77622,-11.23259],[34.77641,-11.23238],[34.7766,-11.23225],[34.77682,-11.23211],[34.77705,-11.23196],[34.77718,-11.23188],[34.77727,-11.2318],[34.77734,-11.23169],[34.77738,-11.23159],[34.77742,-11.23129],[34.77743,-11.23106],[34.77745,-11.23088],[34.77749,-11.23074],[34.77757,-11.23056]]},"properties":{"id":658329714,"cls":"residential","hw":"residential","tg":"na","name":"","ref":"","surface":"","sc":"unknown","speed":null,"lit":"unk","km":0.778}},
{"type":"Feature","geometry":{"type":"LineString","coordinates":[[34.77812,-11.22021],[34.77801,-11.22037],[34.77795,-11.22048],[34.77789,-11.22062],[34.77783,-11.22068],[34.7777,-11.22074],[34.77748,-11.22079],[34.77724,-11.22084],[34.77708,-11.2209],[34.77695,-11.221],[34.77679,-11.22114],[34.77671,-11.22121],[34.77668,-11.22124],[34.77665,-11.22127],[34.77647,-11.22129],[34.77635,-11.22132],[34.77619,-11.22138],[34.77607,-11.22148],[34.77584,-11.22184],[34.77562,-11.22227],[34.77553,-11.22244],[34.77541,-11.22261],[34.77494,-11.22307],[34.77461,-11.2234],[34.77448,-11.2236],[34.77441,-11.22385],[34.77435,-11.22447],[34.77426,-11.22464],[34.77416,-11.2248],[34.77397,-11.22509],[34.77389,-11.22527],[34.77387,-11.22557],[34.77382,-11.22596],[34.77377,-11.22608],[34.77374,-11.22622],[34.77379,-11.22648],[34.77377,-11.22663],[34.77373,-11.22679],[34.77366,-11.22698],[34.77336,-11.22763],[34.77326,-11.22792],[34.77326,-11.22801],[34.77327,-11.22811],[34.77332,-11.22832],[34.77336,-11.22846],[34.77339,-11.22862],[34.77332,-11.22885],[34.77321,-11.22904],[34.77295,-11.22931]]},"properties":{"id":658329715,"cls":"residential","hw":"residential","tg":"na","name":"","ref":"","surface":"","sc":"unknown","speed":null,"lit":"unk","km":1.254}},
{"type":"Feature","geometry":{"type":"LineString","coordinates":[[34.79183,-11.24897],[34.79215,-11.24922],[34.79237,-11.24947],[34.79248,-11.2496],[34.79258,-11.24977],[34.79266,-11.24994],[34.79272,-11.25005],[34.79279,-11.25016],[34.79292,-11.25026],[34.79308,-11.25041],[34.79317,-11.25054],[34.79322,-11.25072],[34.79317,-11.25099],[34.79306,-11.25127],[34.79293,-11.25152],[34.79264,-11.25203],[34.79253,-11.25241],[34.79245,-11.25284],[34.79249,-11.25318],[34.79242,-11.25357],[34.79235,-11.25383],[34.79235,-11.25411],[34.79236,-11.25425],[34.79239,-11.25435],[34.79242,-11.2544],[34.7925,-11.25448],[34.79259,-11.25462],[34.79268,-11.25479],[34.79272,-11.25488],[34.79274,-11.25498],[34.79272,-11.25509],[34.79269,-11.25518],[34.79269,-11.25529],[34.79271,-11.25544],[34.79275,-11.25566],[34.79284,-11.25593],[34.79289,-11.25634],[34.79279,-11.25669],[34.79261,-11.25715],[34.79243,-11.25754],[34.7923,-11.25778],[34.79225,-11.25786],[34.79223,-11.25795],[34.79227,-11.25826],[34.79225,-11.25839],[34.79219,-11.25851],[34.79153,-11.25894]]},"properties":{"id":658342394,"cls":"residential","hw":"residential","tg":"na","name":"","ref":"","surface":"","sc":"unknown","speed":null,"lit":"unk","km":1.254}},
{"type":"Feature","geometry":{"type":"LineString","coordinates":[[34.79312,-11.26051],[34.79166,-11.26167],[34.79124,-11.26196],[34.79118,-11.26203],[34.79104,-11.26217],[34.79089,-11.26231],[34.79072,-11.26255],[34.79072,-11.26256],[34.79069,-11.26268],[34.79066,-11.26278],[34.79059,-11.26289],[34.79044,-11.26301],[34.7902,-11.26318],[34.78995,-11.2634]]},"properties":{"id":658342396,"cls":"residential","hw":"residential","tg":"na","name":"","ref":"","surface":"","sc":"unknown","speed":null,"lit":"unk","km":0.479}},
{"type":"Feature","geometry":{"type":"LineString","coordinates":[[34.76649,-11.22178],[34.7666,-11.22179],[34.76671,-11.22182],[34.76677,-11.22189],[34.76684,-11.22194],[34.76692,-11.22199],[34.76699,-11.22203],[34.76716,-11.22204],[34.76732,-11.22204],[34.76749,-11.22196],[34.76764,-11.22176],[34.76782,-11.22159],[34.76817,-11.22139],[34.76849,-11.22128],[34.76862,-11.22113],[34.76866,-11.22106],[34.76873,-11.22097],[34.76886,-11.22083],[34.76905,-11.22066],[34.76932,-11.22039],[34.76943,-11.22031],[34.76954,-11.22027],[34.76991,-11.22016],[34.77002,-11.22005]]},"properties":{"id":658342398,"cls":"residential","hw":"residential","tg":"na","name":"","ref":"","surface":"","sc":"unknown","speed":null,"lit":"unk","km":0.478}},
{"type":"Feature","geometry":{"type":"LineString","coordinates":[[34.76698,-11.22417],[34.76724,-11.22409],[34.76733,-11.224],[34.76744,-11.22385],[34.76759,-11.22372],[34.76776,-11.22361],[34.76793,-11.22355],[34.7681,-11.22351],[34.76839,-11.22347],[34.76872,-11.22345],[34.76904,-11.22343],[34.76918,-11.22343],[34.76933,-11.22346],[34.7695,-11.22356],[34.76958,-11.22359],[34.76968,-11.2236],[34.76986,-11.22357],[34.77006,-11.22343],[34.77046,-11.22327],[34.77057,-11.22325],[34.77069,-11.22322],[34.7708,-11.22322],[34.77099,-11.22321],[34.7711,-11.22315],[34.77117,-11.22307],[34.77164,-11.22256],[34.77201,-11.22229],[34.77219,-11.22217],[34.77238,-11.2221],[34.77278,-11.22206],[34.77335,-11.22197],[34.77357,-11.22197],[34.77377,-11.222],[34.77394,-11.2221],[34.77405,-11.22228],[34.77412,-11.22247],[34.77426,-11.22264],[34.77438,-11.22284],[34.77455,-11.223],[34.77494,-11.22307]]},"properties":{"id":658342399,"cls":"residential","hw":"residential","tg":"na","name":"","ref":"","surface":"","sc":"unknown","speed":null,"lit":"unk","km":1.014}},
{"type":"Feature","geometry":{"type":"LineString","coordinates":[[34.78942,-11.29216],[34.78947,-11.2924],[34.78956,-11.29269],[34.78972,-11.29293],[34.78985,-11.29304],[34.79005,-11.2929],[34.79023,-11.29273],[34.79026,-11.29266],[34.79026,-11.29245],[34.79025,-11.29229],[34.79031,-11.29212],[34.79042,-11.29195],[34.79055,-11.29181],[34.79066,-11.29171],[34.79081,-11.29168],[34.7911,-11.29166],[34.79134,-11.29163],[34.79144,-11.29159],[34.79154,-11.29156],[34.79168,-11.29151],[34.79175,-11.29148],[34.79183,-11.29144],[34.79194,-11.29138],[34.79201,-11.2913],[34.79207,-11.29126],[34.79212,-11.29122],[34.79222,-11.29119],[34.79229,-11.29117],[34.7924,-11.29117],[34.79264,-11.29124],[34.79282,-11.29122],[34.79298,-11.29125],[34.79316,-11.29129],[34.79356,-11.29149],[34.79412,-11.29169]]},"properties":{"id":658353408,"cls":"residential","hw":"residential","tg":"na","name":"","ref":"","surface":"","sc":"unknown","speed":null,"lit":"unk","km":0.698}},
{"type":"Feature","geometry":{"type":"LineString","coordinates":[[34.79566,-11.29184],[34.79564,-11.29199],[34.79561,-11.29209],[34.79556,-11.29242],[34.79548,-11.29255],[34.7954,-11.29264],[34.79498,-11.29291],[34.79481,-11.29303],[34.79467,-11.29319],[34.79449,-11.29346],[34.79436,-11.2938],[34.79425,-11.29413],[34.79404,-11.29457],[34.794,-11.29483],[34.79406,-11.29508]]},"properties":{"id":658353409,"cls":"residential","hw":"residential","tg":"na","name":"","ref":"","surface":"","sc":"unknown","speed":null,"lit":"unk","km":0.423}},
{"type":"Feature","geometry":{"type":"LineString","coordinates":[[34.65576,-11.12723],[34.65576,-11.1272],[34.65576,-11.12716],[34.65577,-11.12713],[34.6558,-11.12709],[34.65584,-11.12706],[34.6559,-11.12701],[34.65594,-11.12697],[34.65619,-11.12672],[34.65624,-11.12669],[34.65628,-11.12667],[34.65633,-11.12664],[34.65639,-11.12658],[34.65646,-11.12653],[34.65651,-11.12648],[34.65655,-11.12646],[34.65664,-11.12642],[34.65666,-11.12641]]},"properties":{"id":659807446,"cls":"unclassified","hw":"unclassified","tg":"na","name":"","ref":"","surface":"","sc":"unknown","speed":null,"lit":"unk","km":0.138}},
{"type":"Feature","geometry":{"type":"LineString","coordinates":[[34.70355,-11.14891],[34.7035,-11.14891],[34.70345,-11.14889],[34.70341,-11.14886],[34.70333,-11.1488],[34.70327,-11.14876],[34.70316,-11.14872],[34.70308,-11.14869],[34.703,-11.14862],[34.70289,-11.14855],[34.70263,-11.14845],[34.70232,-11.14831],[34.70218,-11.14828],[34.70212,-11.14826],[34.70209,-11.14824],[34.70202,-11.14819],[34.70197,-11.14817],[34.70188,-11.14813],[34.70181,-11.1481],[34.70168,-11.14806],[34.70156,-11.14804],[34.70143,-11.14802],[34.70112,-11.14798],[34.701,-11.14797],[34.7009,-11.14796],[34.70079,-11.14797],[34.70067,-11.148],[34.70044,-11.14805],[34.70036,-11.14808],[34.70032,-11.14811],[34.70003,-11.14824],[34.69999,-11.14827],[34.69993,-11.14831],[34.69985,-11.14835],[34.69981,-11.14837],[34.69977,-11.14838],[34.69973,-11.14839],[34.69966,-11.14839],[34.69962,-11.14839],[34.69959,-11.1484],[34.69955,-11.14843],[34.69953,-11.14846],[34.69949,-11.14851],[34.69946,-11.14855],[34.69927,-11.14869],[34.69898,-11.14885],[34.69859,-11.14909],[34.69851,-11.14915],[34.69843,-11.14925],[34.69836,-11.14932],[34.69827,-11.14939],[34.69814,-11.14951],[34.6981,-11.14955],[34.69805,-11.14958],[34.698,-11.14961],[34.69793,-11.14964],[34.69788,-11.14967],[34.69783,-11.14971],[34.69773,-11.14986],[34.69764,-11.14996],[34.69753,-11.15006],[34.69738,-11.15021],[34.69726,-11.15034],[34.69718,-11.1504],[34.69709,-11.15048],[34.69691,-11.15066],[34.69682,-11.15074],[34.69665,-11.15087],[34.69623,-11.15121],[34.69592,-11.15154],[34.6956,-11.1519],[34.69538,-11.15219],[34.69531,-11.15228],[34.69524,-11.15235],[34.69517,-11.15242],[34.69513,-11.15248],[34.69508,-11.15254],[34.69498,-11.15266],[34.69492,-11.15276],[34.69484,-11.15289],[34.69472,-11.1531],[34.6947,-11.15317],[34.69467,-11.15322],[34.69452,-11.1534],[34.69419,-11.1539],[34.6941,-11.15406],[34.69395,-11.15424],[34.69393,-11.15427],[34.69386,-11.15436],[34.69382,-11.15446],[34.69379,-11.15455],[34.69375,-11.15472],[34.69372,-11.15478],[34.69368,-11.15484],[34.69365,-11.15489],[34.69359,-11.15496],[34.69352,-11.15503],[34.69343,-11.1551],[34.69331,-11.15522],[34.6932,-11.15536],[34.69314,-11.15543],[34.69306,-11.15549],[34.69288,-11.15561]]},"properties":{"id":659826215,"cls":"residential","hw":"residential","tg":"na","name":"","ref":"","surface":"","sc":"unknown","speed":null,"lit":"unk","km":1.57}},
{"type":"Feature","geometry":{"type":"LineString","coordinates":[[34.64829,-11.11488],[34.64821,-11.1149],[34.64814,-11.11494],[34.64811,-11.11498],[34.6481,-11.11503],[34.64807,-11.11509],[34.64801,-11.11516],[34.64789,-11.11524],[34.6478,-11.11534],[34.64774,-11.11548],[34.64772,-11.11559],[34.64765,-11.11574],[34.64757,-11.11584],[34.64743,-11.11601],[34.64736,-11.11612],[34.64733,-11.11621],[34.6473,-11.11633],[34.64724,-11.11644],[34.64718,-11.11657],[34.64712,-11.11667],[34.64704,-11.11675],[34.64691,-11.11684],[34.64666,-11.11698],[34.64639,-11.11721],[34.64623,-11.11742],[34.64618,-11.11749],[34.64619,-11.11754],[34.64626,-11.1176],[34.64634,-11.11767],[34.64639,-11.11783],[34.64642,-11.11799],[34.64647,-11.1181],[34.64656,-11.11823],[34.64672,-11.11841],[34.64681,-11.11852],[34.64692,-11.11864],[34.64703,-11.11872],[34.64708,-11.11882],[34.64705,-11.11893],[34.64694,-11.11902],[34.64683,-11.11912],[34.6466,-11.11929],[34.6465,-11.11934]]},"properties":{"id":659833593,"cls":"residential","hw":"residential","tg":"na","name":"","ref":"","surface":"","sc":"unknown","speed":null,"lit":"unk","km":0.655}},
{"type":"Feature","geometry":{"type":"LineString","coordinates":[[34.6449,-11.10163],[34.64475,-11.10168],[34.64463,-11.1017],[34.64449,-11.10172],[34.64436,-11.10176],[34.64406,-11.10186],[34.64393,-11.1019],[34.64327,-11.10198],[34.64294,-11.10203],[34.6428,-11.10204],[34.64266,-11.10203],[34.64232,-11.10187],[34.64224,-11.1018],[34.64212,-11.10164],[34.64201,-11.10151],[34.6419,-11.10123],[34.64184,-11.10107],[34.64176,-11.10089],[34.64166,-11.10078],[34.64153,-11.1007],[34.64134,-11.10061],[34.64124,-11.10057],[34.64115,-11.10056],[34.64105,-11.10058],[34.64095,-11.10062],[34.64083,-11.10065],[34.64072,-11.10064],[34.64063,-11.10061],[34.64051,-11.10057],[34.64034,-11.10048],[34.64031,-11.10048],[34.64028,-11.10049],[34.64025,-11.10054],[34.64024,-11.10056],[34.64021,-11.10058],[34.64015,-11.10061],[34.64006,-11.10065],[34.63995,-11.10072],[34.63984,-11.10079],[34.63973,-11.10084],[34.63958,-11.10092]]},"properties":{"id":659833596,"cls":"residential","hw":"residential","tg":"na","name":"","ref":"","surface":"","sc":"unknown","speed":null,"lit":"unk","km":0.688}},
{"type":"Feature","geometry":{"type":"LineString","coordinates":[[34.67964,-11.13156],[34.67954,-11.13163],[34.67944,-11.13172],[34.67934,-11.13177],[34.67926,-11.13178],[34.67912,-11.13177],[34.679,-11.1318],[34.67879,-11.13187],[34.67872,-11.13192],[34.67867,-11.13199],[34.67849,-11.13221],[34.67845,-11.13226],[34.67842,-11.13228],[34.67834,-11.13231],[34.67826,-11.13233],[34.6782,-11.13237],[34.67808,-11.13249],[34.67796,-11.13259],[34.67783,-11.13266],[34.67774,-11.1327],[34.67758,-11.13274],[34.67747,-11.13277],[34.67737,-11.13277],[34.67729,-11.13277],[34.67721,-11.13279],[34.67714,-11.13283],[34.67707,-11.13287],[34.677,-11.13288],[34.67695,-11.13288],[34.67691,-11.1329],[34.67688,-11.13292],[34.67686,-11.13293],[34.67684,-11.13294],[34.67677,-11.13295],[34.67673,-11.13296],[34.67669,-11.13298],[34.67664,-11.13304],[34.6766,-11.13306],[34.67653,-11.13309],[34.67647,-11.13313],[34.67645,-11.13315],[34.67643,-11.13316],[34.6764,-11.13317],[34.67637,-11.13317],[34.67631,-11.13316],[34.67625,-11.1332],[34.67619,-11.13321],[34.67614,-11.13323],[34.67598,-11.13332],[34.6759,-11.13338],[34.67584,-11.1334],[34.67577,-11.13341],[34.67568,-11.1334],[34.67555,-11.13339],[34.67548,-11.13338],[34.67532,-11.13338],[34.67525,-11.13334],[34.67509,-11.13316],[34.67506,-11.13311],[34.67496,-11.13304],[34.67474,-11.13294],[34.67462,-11.13292],[34.67456,-11.13291],[34.67435,-11.13291],[34.67422,-11.13287],[34.67388,-11.13275],[34.67384,-11.13274],[34.67366,-11.13267],[34.67341,-11.13259],[34.67339,-11.13258],[34.67337,-11.13258],[34.67335,-11.13259],[34.67332,-11.13261],[34.67296,-11.13281],[34.67268,-11.13301],[34.6726,-11.13309],[34.67253,-11.13314],[34.67243,-11.13319],[34.67232,-11.13326],[34.67226,-11.13329],[34.67215,-11.13334],[34.67201,-11.13344],[34.6719,-11.1335],[34.67184,-11.13352],[34.67175,-11.13353],[34.67166,-11.13351],[34.6716,-11.13349],[34.67151,-11.13348],[34.67141,-11.13348],[34.67132,-11.13347],[34.67126,-11.13344],[34.6712,-11.1334],[34.67111,-11.13336],[34.67101,-11.13334],[34.67089,-11.13336],[34.67084,-11.13338],[34.67075,-11.13336],[34.67062,-11.13333],[34.67043,-11.13331],[34.67028,-11.13325],[34.67025,-11.13325],[34.67023,-11.13326],[34.67017,-11.1333],[34.6701,-11.13338],[34.66999,-11.13353],[34.66993,-11.1337],[34.66987,-11.1338],[34.66985,-11.13391],[34.66983,-11.13401],[34.66978,-11.1341],[34.66971,-11.13422],[34.66955,-11.13451],[34.66952,-11.13457],[34.66952,-11.13465],[34.66953,-11.13473],[34.66954,-11.13496],[34.66952,-11.1351],[34.66952,-11.13514],[34.66951,-11.13517],[34.66945,-11.1353],[34.6693,-11.13561],[34.66924,-11.13575],[34.66918,-11.13589],[34.66913,-11.13606],[34.66912,-11.1362],[34.66911,-11.13624],[34.6691,-11.13632],[34.66899,-11.13658],[34.6689,-11.13673],[34.66866,-11.13705],[34.66853,-11.13726],[34.66849,-11.13734],[34.66838,-11.13746],[34.66822,-11.13759],[34.66804,-11.13771],[34.66797,-11.13776],[34.6679,-11.13781],[34.66773,-11.138],[34.6675,-11.1383],[34.66731,-11.13859],[34.66726,-11.13876]]},"properties":{"id":659847727,"cls":"residential","hw":"residential","tg":"na","name":"","ref":"","surface":"","sc":"unknown","speed":null,"lit":"unk","km":1.871}},
{"type":"Feature","geometry":{"type":"LineString","coordinates":[[34.70965,-11.17353],[34.71045,-11.17288],[34.71061,-11.17272],[34.71075,-11.17257],[34.71105,-11.17215],[34.71115,-11.17204],[34.71121,-11.17199],[34.71131,-11.17194],[34.71143,-11.17187],[34.71146,-11.17181],[34.71151,-11.17174],[34.71161,-11.17166],[34.71176,-11.17154],[34.71188,-11.17145],[34.71211,-11.17132],[34.71226,-11.1712],[34.71245,-11.17108],[34.7126,-11.17099],[34.71266,-11.17095],[34.71272,-11.17094],[34.71282,-11.17094],[34.71291,-11.17094],[34.71295,-11.17092],[34.71308,-11.17081],[34.71319,-11.1707],[34.71325,-11.17053],[34.71328,-11.1704],[34.71331,-11.17031],[34.71337,-11.17023],[34.71344,-11.17016],[34.71352,-11.17012],[34.7136,-11.17005],[34.71372,-11.16994],[34.71381,-11.16986],[34.71393,-11.16976],[34.71405,-11.16971],[34.71419,-11.16966],[34.71424,-11.16964],[34.71429,-11.16962],[34.71431,-11.16959],[34.71432,-11.16957],[34.71426,-11.16922],[34.71423,-11.16909],[34.71422,-11.16903],[34.71423,-11.16898],[34.71424,-11.16894],[34.71427,-11.1689],[34.71429,-11.16887],[34.71431,-11.16883],[34.71433,-11.16874],[34.71437,-11.16859],[34.7144,-11.16853],[34.71444,-11.16847],[34.71456,-11.16837],[34.71463,-11.1683],[34.71472,-11.16821],[34.71485,-11.16804],[34.71499,-11.16787],[34.71544,-11.16733],[34.71566,-11.16706],[34.7157,-11.16701],[34.71572,-11.16693],[34.71574,-11.16671],[34.71574,-11.16652],[34.7158,-11.16618],[34.71581,-11.16581],[34.71579,-11.1653],[34.71576,-11.1644],[34.71573,-11.16419],[34.71575,-11.16404],[34.71576,-11.16391],[34.71579,-11.16368],[34.71581,-11.16354],[34.71583,-11.16347],[34.71585,-11.16342],[34.71608,-11.16306],[34.71609,-11.16303],[34.71607,-11.163],[34.71588,-11.16291],[34.71565,-11.16274],[34.71529,-11.16252],[34.71512,-11.16244],[34.71499,-11.1624],[34.71485,-11.1624],[34.71467,-11.16235],[34.71447,-11.16229],[34.71435,-11.16229],[34.71426,-11.16231],[34.7142,-11.16236],[34.71415,-11.16241],[34.71411,-11.16243],[34.71404,-11.16244],[34.71388,-11.16245],[34.71367,-11.16252],[34.71339,-11.1626],[34.71308,-11.16267],[34.71285,-11.16271],[34.71265,-11.16283],[34.71261,-11.16288],[34.71254,-11.16291],[34.71248,-11.16295],[34.71243,-11.16298],[34.71238,-11.16299],[34.71234,-11.16297],[34.71224,-11.16292],[34.71215,-11.16289],[34.71199,-11.16285],[34.7119,-11.16283],[34.7118,-11.16284],[34.71131,-11.16294],[34.71113,-11.16291],[34.71095,-11.16289],[34.7108,-11.16292],[34.71067,-11.16293],[34.7105,-11.1629],[34.71045,-11.1629],[34.71038,-11.1629],[34.71012,-11.16296],[34.70953,-11.1632],[34.70939,-11.16329],[34.70928,-11.16334],[34.7091,-11.16337],[34.7085,-11.16338],[34.70837,-11.16338],[34.70829,-11.16339],[34.70823,-11.16347],[34.70817,-11.16356],[34.70811,-11.16362],[34.70805,-11.16364],[34.70796,-11.16365],[34.70787,-11.16365],[34.70777,-11.16365],[34.70766,-11.16367],[34.70755,-11.16375],[34.70745,-11.16382],[34.70731,-11.1639],[34.70715,-11.16394],[34.70703,-11.16397],[34.70688,-11.16399],[34.70618,-11.16391],[34.70607,-11.16388],[34.70594,-11.16387],[34.70578,-11.1639],[34.70504,-11.16419]]},"properties":{"id":681323941,"cls":"residential","hw":"residential","tg":"na","name":"","ref":"","surface":"","sc":"unknown","speed":null,"lit":"unk","km":2.781}},
{"type":"Feature","geometry":{"type":"LineString","coordinates":[[34.71573,-11.1794],[34.71563,-11.17949],[34.71559,-11.17955],[34.71556,-11.17959],[34.71552,-11.17964],[34.71548,-11.17969],[34.71538,-11.17975],[34.71519,-11.17986],[34.71513,-11.17989],[34.71502,-11.17991],[34.71489,-11.17991],[34.7148,-11.17992],[34.71476,-11.17993],[34.71475,-11.17995],[34.71426,-11.18041],[34.71411,-11.18049],[34.71399,-11.18058],[34.71393,-11.18062],[34.71391,-11.18065],[34.71387,-11.18069],[34.71379,-11.18078],[34.71368,-11.18088],[34.71363,-11.18094],[34.71359,-11.181],[34.71355,-11.18108],[34.71355,-11.18114],[34.71354,-11.18119],[34.71352,-11.18127],[34.71345,-11.18138],[34.71341,-11.18146],[34.71334,-11.18163],[34.71331,-11.18175],[34.7133,-11.18189],[34.71329,-11.18199],[34.71323,-11.18217],[34.71315,-11.18231],[34.71307,-11.1824],[34.71302,-11.18245],[34.71294,-11.18256],[34.71288,-11.18268],[34.7128,-11.18281],[34.71277,-11.18293],[34.71276,-11.18325],[34.71277,-11.18333],[34.71279,-11.18347],[34.71286,-11.18379],[34.71293,-11.18406],[34.71296,-11.18415],[34.71297,-11.18424],[34.71301,-11.18473],[34.71298,-11.18539],[34.71296,-11.18571],[34.71297,-11.18584],[34.71302,-11.18597],[34.71309,-11.18615],[34.71329,-11.18671]]},"properties":{"id":681323943,"cls":"residential","hw":"residential","tg":"na","name":"","ref":"","surface":"","sc":"unknown","speed":null,"lit":"unk","km":0.97}},
{"type":"Feature","geometry":{"type":"LineString","coordinates":[[34.73167,-11.18669],[34.73449,-11.18825],[34.73829,-11.19001],[34.7383,-11.19002],[34.73831,-11.19004],[34.73832,-11.19007],[34.73829,-11.19025],[34.73823,-11.19049],[34.73806,-11.19085],[34.73754,-11.19173],[34.7375,-11.19179],[34.73748,-11.19185],[34.73746,-11.19192],[34.73746,-11.19194],[34.73748,-11.19196],[34.73753,-11.19197],[34.73761,-11.19201],[34.73768,-11.19204],[34.73771,-11.19206],[34.73773,-11.19209],[34.73776,-11.1922],[34.73781,-11.19235],[34.73786,-11.19246],[34.73787,-11.19258],[34.73785,-11.19274],[34.73777,-11.19318],[34.73771,-11.19344],[34.73765,-11.19383],[34.7375,-11.1943],[34.7372,-11.19538],[34.73713,-11.19565],[34.73704,-11.19592],[34.73705,-11.1961],[34.73705,-11.19623],[34.73705,-11.19632],[34.73702,-11.19644],[34.73697,-11.19653],[34.73688,-11.19665],[34.73606,-11.1979]]},"properties":{"id":681323945,"cls":"residential","hw":"residential","tg":"na","name":"","ref":"","surface":"","sc":"unknown","speed":null,"lit":"unk","km":1.776}},
{"type":"Feature","geometry":{"type":"LineString","coordinates":[[34.71455,-11.18735],[34.71475,-11.18684],[34.71483,-11.18661],[34.71487,-11.18654],[34.71493,-11.18647],[34.71518,-11.18627],[34.71548,-11.18603],[34.71588,-11.18565],[34.71597,-11.18557],[34.71602,-11.18552],[34.71608,-11.18549],[34.71616,-11.18539],[34.71628,-11.18519],[34.71643,-11.18498],[34.71653,-11.18484],[34.71657,-11.18478],[34.71659,-11.1847],[34.71663,-11.18461],[34.71667,-11.18452],[34.71674,-11.18445],[34.71686,-11.18433],[34.71713,-11.18395],[34.71731,-11.18363],[34.71744,-11.18346],[34.71758,-11.18333],[34.71774,-11.18313],[34.718,-11.18289],[34.71808,-11.18276],[34.71822,-11.18255],[34.71843,-11.18216],[34.71847,-11.18204],[34.71852,-11.18184],[34.71872,-11.18135],[34.71877,-11.18126],[34.71881,-11.18121],[34.71886,-11.18114],[34.71893,-11.18096],[34.71894,-11.18087],[34.71893,-11.1808],[34.71891,-11.18072]]},"properties":{"id":681328645,"cls":"residential","hw":"residential","tg":"na","name":"","ref":"","surface":"unpaved","sc":"unpaved","speed":null,"lit":"unk","km":0.899}},
{"type":"Feature","geometry":{"type":"LineString","coordinates":[[34.71882,-11.1807],[34.71911,-11.17977],[34.71941,-11.17859],[34.71949,-11.17824],[34.71957,-11.17773],[34.71998,-11.17733],[34.72047,-11.17697],[34.72114,-11.17652],[34.72292,-11.17569],[34.7247,-11.17491],[34.726,-11.17444],[34.72618,-11.17433],[34.72632,-11.17423],[34.72671,-11.17392],[34.72713,-11.17368],[34.72848,-11.17321],[34.72915,-11.17278],[34.72995,-11.1721],[34.73067,-11.17145],[34.73121,-11.171],[34.73168,-11.1704],[34.73202,-11.16994],[34.73232,-11.16936],[34.73256,-11.16883],[34.73371,-11.16782],[34.73413,-11.16736],[34.73481,-11.16688]]},"properties":{"id":681331035,"cls":"unclassified","hw":"unclassified","tg":"na","name":"","ref":"","surface":"unpaved","sc":"unpaved","speed":null,"lit":"unk","km":2.443}},
{"type":"Feature","geometry":{"type":"LineString","coordinates":[[34.70583,-11.15562],[34.70543,-11.15574],[34.70503,-11.1559],[34.70469,-11.15605],[34.70435,-11.15618],[34.70427,-11.15623],[34.70419,-11.1563],[34.70399,-11.15644],[34.70347,-11.1567],[34.7032,-11.15685],[34.70311,-11.15693],[34.70305,-11.15699],[34.70295,-11.15714],[34.70269,-11.15758],[34.70254,-11.15781],[34.70243,-11.15808],[34.70236,-11.15815],[34.70228,-11.15821],[34.70219,-11.15826],[34.70214,-11.15829],[34.70211,-11.15831],[34.70209,-11.15834],[34.70207,-11.15843],[34.70202,-11.15856],[34.70194,-11.15864],[34.70187,-11.15872],[34.70179,-11.15878],[34.7017,-11.15884],[34.70161,-11.15889],[34.70154,-11.15893],[34.70148,-11.159],[34.70144,-11.15906],[34.70138,-11.15916],[34.70136,-11.15921],[34.70132,-11.15926],[34.70129,-11.1593],[34.70123,-11.15934],[34.70116,-11.15937],[34.7011,-11.15938],[34.70105,-11.15938],[34.70102,-11.1594],[34.70098,-11.15945],[34.70096,-11.15951],[34.70094,-11.15954],[34.70089,-11.15958],[34.70081,-11.1596],[34.70074,-11.15961],[34.70066,-11.15966],[34.70059,-11.15974],[34.70055,-11.15981],[34.70045,-11.15993],[34.70039,-11.16005],[34.70033,-11.16025],[34.7003,-11.16031],[34.70022,-11.1604],[34.70018,-11.16048],[34.70014,-11.16068]]},"properties":{"id":681513341,"cls":"residential","hw":"residential","tg":"na","name":"","ref":"","surface":"","sc":"unknown","speed":null,"lit":"unk","km":0.885}},
{"type":"Feature","geometry":{"type":"LineString","coordinates":[[34.95703,-11.48604],[34.95658,-11.48596],[34.95567,-11.48615]]},"properties":{"id":731942720,"cls":"residential","hw":"residential","tg":"na","name":"","ref":"","surface":"","sc":"unknown","speed":null,"lit":"unk","km":0.151}},
{"type":"Feature","geometry":{"type":"LineString","coordinates":[[34.77602,-11.24416],[34.77611,-11.24428],[34.776,-11.24463],[34.77593,-11.24486],[34.77584,-11.24503],[34.77572,-11.24544],[34.77571,-11.24593],[34.77559,-11.24638],[34.77552,-11.24642],[34.77477,-11.2463]]},"properties":{"id":766011573,"cls":"path","hw":"path","tg":"na","name":"","ref":"","surface":"","sc":"unknown","speed":null,"lit":"unk","km":0.351}},
{"type":"Feature","geometry":{"type":"LineString","coordinates":[[34.77798,-11.24394],[34.77767,-11.24382],[34.77716,-11.24389],[34.77639,-11.24403],[34.77602,-11.24416]]},"properties":{"id":766011574,"cls":"residential","hw":"residential","tg":"na","name":"","ref":"","surface":"","sc":"unknown","speed":null,"lit":"unk","km":0.221}},
{"type":"Feature","geometry":{"type":"LineString","coordinates":[[34.7794,-11.24593],[34.77977,-11.24579],[34.77999,-11.24581],[34.78013,-11.24561],[34.78038,-11.2454],[34.7804,-11.24531],[34.78029,-11.24508],[34.7803,-11.24476]]},"properties":{"id":766011575,"cls":"residential","hw":"residential","tg":"na","name":"","ref":"","surface":"","sc":"unknown","speed":null,"lit":"unk","km":0.204}},
{"type":"Feature","geometry":{"type":"LineString","coordinates":[[34.78035,-11.24792],[34.78059,-11.24765],[34.78078,-11.24753]]},"properties":{"id":766011576,"cls":"residential","hw":"residential","tg":"na","name":"","ref":"","surface":"","sc":"unknown","speed":null,"lit":"unk","km":0.064}},
{"type":"Feature","geometry":{"type":"LineString","coordinates":[[34.7832,-11.24828],[34.78313,-11.24819],[34.78293,-11.24819],[34.78279,-11.24814],[34.78261,-11.24781],[34.78227,-11.24766],[34.78175,-11.24766],[34.78155,-11.24745],[34.78129,-11.24715],[34.78113,-11.24702],[34.78082,-11.24661],[34.78052,-11.24674],[34.78016,-11.24674],[34.78009,-11.24695],[34.77967,-11.2469]]},"properties":{"id":766011577,"cls":"path","hw":"path","tg":"na","name":"","ref":"","surface":"","sc":"unknown","speed":null,"lit":"unk","km":0.491}},
{"type":"Feature","geometry":{"type":"LineString","coordinates":[[34.78521,-11.24468],[34.78529,-11.24475],[34.78531,-11.24495],[34.7854,-11.24507],[34.78536,-11.24527],[34.78537,-11.24562],[34.78548,-11.24626],[34.78552,-11.24672],[34.78546,-11.24683],[34.78555,-11.24714],[34.7853,-11.24747],[34.78502,-11.24762],[34.78474,-11.24782],[34.78461,-11.24805],[34.78455,-11.2482]]},"properties":{"id":766011578,"cls":"path","hw":"path","tg":"na","name":"","ref":"","surface":"","sc":"unknown","speed":null,"lit":"unk","km":0.451}},
{"type":"Feature","geometry":{"type":"LineString","coordinates":[[34.78555,-11.24714],[34.78568,-11.24756],[34.78575,-11.24778],[34.78581,-11.24824],[34.78568,-11.24844],[34.78552,-11.24864],[34.78549,-11.24905],[34.78574,-11.24961],[34.78588,-11.24969],[34.78598,-11.24983],[34.78603,-11.25002],[34.78621,-11.25025],[34.78625,-11.25035],[34.78641,-11.2503],[34.78663,-11.25033],[34.78681,-11.2504],[34.78717,-11.25054],[34.78696,-11.25091],[34.78686,-11.25148],[34.78669,-11.25194],[34.78633,-11.25206],[34.786,-11.25233],[34.78579,-11.25257]]},"properties":{"id":766011579,"cls":"path","hw":"path","tg":"na","name":"","ref":"","surface":"","sc":"unknown","speed":null,"lit":"unk","km":0.792}},
{"type":"Feature","geometry":{"type":"LineString","coordinates":[[34.78633,-11.25206],[34.78588,-11.25189],[34.78565,-11.25158],[34.78531,-11.25145],[34.78511,-11.25146],[34.78499,-11.25129],[34.78474,-11.25115],[34.78445,-11.25121],[34.78423,-11.25126],[34.78417,-11.25156],[34.78402,-11.25165],[34.78383,-11.2519]]},"properties":{"id":766011580,"cls":"path","hw":"path","tg":"na","name":"","ref":"","surface":"","sc":"unknown","speed":null,"lit":"unk","km":0.356}},
{"type":"Feature","geometry":{"type":"LineString","coordinates":[[34.78228,-11.25093],[34.78214,-11.25108],[34.78218,-11.2513],[34.78206,-11.25172],[34.78221,-11.25209],[34.78195,-11.25243],[34.78182,-11.25273],[34.78142,-11.25291],[34.78095,-11.25304],[34.7804,-11.25333],[34.78009,-11.25362],[34.77999,-11.25378],[34.77993,-11.25388],[34.77951,-11.25446]]},"properties":{"id":766011581,"cls":"residential","hw":"residential","tg":"na","name":"","ref":"","surface":"","sc":"unknown","speed":null,"lit":"unk","km":0.553}},
{"type":"Feature","geometry":{"type":"LineString","coordinates":[[34.78182,-11.25273],[34.78198,-11.25325],[34.78222,-11.2536],[34.78221,-11.25397],[34.78254,-11.25475]]},"properties":{"id":766011582,"cls":"track","hw":"track","tg":"none","name":"","ref":"","surface":"","sc":"unknown","speed":null,"lit":"unk","km":0.242}},
{"type":"Feature","geometry":{"type":"LineString","coordinates":[[34.78222,-11.25497],[34.78196,-11.25476],[34.78141,-11.25456],[34.78066,-11.25409],[34.77999,-11.25378]]},"properties":{"id":766011583,"cls":"residential","hw":"residential","tg":"na","name":"","ref":"","surface":"","sc":"unknown","speed":null,"lit":"unk","km":0.279}},
{"type":"Feature","geometry":{"type":"LineString","coordinates":[[34.78143,-11.25535],[34.78091,-11.25509],[34.78079,-11.25515],[34.78037,-11.25485],[34.77999,-11.25461],[34.77976,-11.25453],[34.77967,-11.25458],[34.77951,-11.25446]]},"properties":{"id":766011584,"cls":"residential","hw":"residential","tg":"na","name":"","ref":"","surface":"","sc":"unknown","speed":null,"lit":"unk","km":0.244}},
{"type":"Feature","geometry":{"type":"LineString","coordinates":[[34.78191,-11.25024],[34.78171,-11.25038],[34.78155,-11.25038],[34.78133,-11.25047],[34.78122,-11.25056],[34.78122,-11.25067],[34.78112,-11.25071],[34.78104,-11.25066],[34.78079,-11.25093],[34.78079,-11.25103],[34.78068,-11.25111],[34.7806,-11.25123],[34.7806,-11.25129],[34.78073,-11.25134],[34.78063,-11.25167],[34.78051,-11.25202],[34.7804,-11.25215],[34.78029,-11.25221],[34.78014,-11.25221],[34.78004,-11.25228],[34.7798,-11.25258],[34.77984,-11.25275],[34.77975,-11.25281],[34.77966,-11.25297],[34.77961,-11.2531],[34.77963,-11.25324],[34.77951,-11.25347],[34.77937,-11.25356]]},"properties":{"id":766011585,"cls":"path","hw":"path","tg":"na","name":"","ref":"","surface":"","sc":"unknown","speed":null,"lit":"unk","km":0.538}},
{"type":"Feature","geometry":{"type":"LineString","coordinates":[[34.77999,-11.25378],[34.77983,-11.25373],[34.77934,-11.25389],[34.77901,-11.25408]]},"properties":{"id":766011586,"cls":"residential","hw":"residential","tg":"na","name":"","ref":"","surface":"","sc":"unknown","speed":null,"lit":"unk","km":0.116}},
{"type":"Feature","geometry":{"type":"LineString","coordinates":[[34.77937,-11.25356],[34.77982,-11.25369],[34.77983,-11.25373]]},"properties":{"id":766011587,"cls":"path","hw":"path","tg":"na","name":"","ref":"","surface":"","sc":"unknown","speed":null,"lit":"unk","km":0.056}},
{"type":"Feature","geometry":{"type":"LineString","coordinates":[[34.78074,-11.25575],[34.77917,-11.25498],[34.77888,-11.2554],[34.77838,-11.25518]]},"properties":{"id":766011588,"cls":"residential","hw":"residential","tg":"na","name":"","ref":"","surface":"","sc":"unknown","speed":null,"lit":"unk","km":0.308}},
{"type":"Feature","geometry":{"type":"LineString","coordinates":[[34.77974,-11.25639],[34.77979,-11.25639],[34.781,-11.25622],[34.78241,-11.25586],[34.78249,-11.25591],[34.78301,-11.25621],[34.78379,-11.25661],[34.78407,-11.25657],[34.7844,-11.25663],[34.78526,-11.25724],[34.78551,-11.25743],[34.7861,-11.25778],[34.78663,-11.2579],[34.78664,-11.2579],[34.78691,-11.25753],[34.78701,-11.25726],[34.78755,-11.25654],[34.78771,-11.25627],[34.78806,-11.25609]]},"properties":{"id":766011589,"cls":"path","hw":"path","tg":"na","name":"","ref":"","surface":"","sc":"unknown","speed":null,"lit":"unk","km":1.083}},
{"type":"Feature","geometry":{"type":"LineString","coordinates":[[34.78761,-11.25357],[34.78697,-11.25357],[34.7862,-11.25398],[34.78604,-11.25409],[34.78592,-11.25434],[34.78576,-11.25447],[34.78538,-11.25487],[34.785,-11.25525],[34.78487,-11.25547],[34.78424,-11.25585],[34.78395,-11.25604]]},"properties":{"id":766011590,"cls":"residential","hw":"residential","tg":"na","name":"","ref":"","surface":"","sc":"unknown","speed":null,"lit":"unk","km":0.507}},
{"type":"Feature","geometry":{"type":"LineString","coordinates":[[34.78395,-11.25604],[34.78368,-11.25582],[34.78282,-11.25519],[34.78271,-11.25507],[34.78263,-11.2548],[34.78264,-11.25461]]},"properties":{"id":766011591,"cls":"residential","hw":"residential","tg":"na","name":"","ref":"","surface":"","sc":"unknown","speed":null,"lit":"unk","km":0.226}},
{"type":"Feature","geometry":{"type":"LineString","coordinates":[[34.78919,-11.25538],[34.78916,-11.25556],[34.78902,-11.25576],[34.78888,-11.25586],[34.78843,-11.25585],[34.78806,-11.25609],[34.78806,-11.25649],[34.78803,-11.25686],[34.78801,-11.25712],[34.78801,-11.25745],[34.78796,-11.25756],[34.7878,-11.25764],[34.78768,-11.25782],[34.78757,-11.25798]]},"properties":{"id":766011592,"cls":"residential","hw":"residential","tg":"na","name":"","ref":"","surface":"","sc":"unknown","speed":null,"lit":"unk","km":0.393}},
{"type":"Feature","geometry":{"type":"LineString","coordinates":[[34.78757,-11.25798],[34.78781,-11.25826],[34.7881,-11.2584],[34.78823,-11.25815],[34.78839,-11.25805],[34.78864,-11.25768],[34.78875,-11.25756],[34.78895,-11.25738],[34.78921,-11.25725],[34.78938,-11.25723],[34.78955,-11.25721],[34.78964,-11.25676],[34.78974,-11.25673],[34.78973,-11.25643],[34.78987,-11.25631]]},"properties":{"id":766011593,"cls":"path","hw":"path","tg":"na","name":"","ref":"","surface":"","sc":"unknown","speed":null,"lit":"unk","km":0.41}},
{"type":"Feature","geometry":{"type":"LineString","coordinates":[[34.78875,-11.25756],[34.78855,-11.25749],[34.78829,-11.25733],[34.78801,-11.25712]]},"properties":{"id":766011594,"cls":"path","hw":"path","tg":"na","name":"","ref":"","surface":"","sc":"unknown","speed":null,"lit":"unk","km":0.095}},
{"type":"Feature","geometry":{"type":"LineString","coordinates":[[34.79136,-11.25867],[34.79115,-11.25872],[34.79096,-11.25871],[34.79078,-11.25867],[34.79063,-11.25873],[34.79049,-11.25862],[34.7904,-11.25859],[34.79032,-11.25865],[34.79009,-11.25863],[34.78988,-11.25848],[34.78965,-11.25843],[34.78945,-11.25846],[34.78928,-11.25854],[34.78921,-11.25855],[34.78896,-11.25856],[34.78863,-11.2586],[34.78847,-11.25851],[34.78823,-11.25848],[34.7881,-11.2584]]},"properties":{"id":766011595,"cls":"path","hw":"path","tg":"na","name":"","ref":"","surface":"","sc":"unknown","speed":null,"lit":"unk","km":0.379}},
{"type":"Feature","geometry":{"type":"LineString","coordinates":[[34.79153,-11.25894],[34.7914,-11.25893],[34.79115,-11.25901],[34.791,-11.25933],[34.79095,-11.25956],[34.79098,-11.25988],[34.79112,-11.26014],[34.79107,-11.26045],[34.79105,-11.26059],[34.79107,-11.26069],[34.79111,-11.26086],[34.79115,-11.26117],[34.79115,-11.26137]]},"properties":{"id":766011597,"cls":"path","hw":"path","tg":"na","name":"","ref":"","surface":"","sc":"unknown","speed":null,"lit":"unk","km":0.315}},
{"type":"Feature","geometry":{"type":"LineString","coordinates":[[34.7896,-11.26088],[34.78987,-11.26098],[34.7902,-11.2609],[34.79046,-11.26092],[34.7907,-11.26085],[34.79087,-11.26069],[34.79107,-11.26069],[34.79122,-11.2607],[34.79175,-11.26042],[34.79186,-11.26033],[34.79207,-11.26015],[34.7922,-11.26003]]},"properties":{"id":766011598,"cls":"path","hw":"path","tg":"na","name":"","ref":"","surface":"","sc":"unknown","speed":null,"lit":"unk","km":0.319}},
{"type":"Feature","geometry":{"type":"LineString","coordinates":[[34.79186,-11.26033],[34.79171,-11.2602],[34.79151,-11.25997],[34.79133,-11.25974],[34.79114,-11.25964],[34.79095,-11.25956]]},"properties":{"id":766011599,"cls":"path","hw":"path","tg":"na","name":"","ref":"","surface":"","sc":"unknown","speed":null,"lit":"unk","km":0.134}},
{"type":"Feature","geometry":{"type":"LineString","coordinates":[[34.79027,-11.25697],[34.79038,-11.25677],[34.79037,-11.25667],[34.79048,-11.25656],[34.79069,-11.25646],[34.79096,-11.25643],[34.79124,-11.25635],[34.79133,-11.25614],[34.79126,-11.25594]]},"properties":{"id":766011600,"cls":"residential","hw":"residential","tg":"na","name":"","ref":"","surface":"","sc":"unknown","speed":null,"lit":"unk","km":0.189}},
{"type":"Feature","geometry":{"type":"LineString","coordinates":[[34.78744,-11.24391],[34.78755,-11.24415],[34.78759,-11.24534],[34.78759,-11.24534],[34.78787,-11.24604],[34.7881,-11.24644],[34.78797,-11.2469],[34.78843,-11.24697],[34.78872,-11.2472],[34.78882,-11.24767],[34.7887,-11.24805],[34.78872,-11.24834],[34.78849,-11.2487],[34.78848,-11.24896],[34.78794,-11.24943],[34.78753,-11.24989],[34.78738,-11.25013],[34.78717,-11.25054]]},"properties":{"id":766011601,"cls":"path","hw":"path","tg":"na","name":"","ref":"","surface":"","sc":"unknown","speed":null,"lit":"unk","km":0.876}},
{"type":"Feature","geometry":{"type":"LineString","coordinates":[[34.78759,-11.24534],[34.78695,-11.24561],[34.78676,-11.24571],[34.78668,-11.24585],[34.78616,-11.24617],[34.78548,-11.24626]]},"properties":{"id":766011607,"cls":"path","hw":"path","tg":"na","name":"","ref":"","surface":"","sc":"unknown","speed":null,"lit":"unk","km":0.259}},
{"type":"Feature","geometry":{"type":"LineString","coordinates":[[34.78082,-11.24661],[34.78066,-11.24654],[34.78061,-11.24633],[34.78075,-11.2461],[34.78074,-11.24583],[34.7808,-11.24563]]},"properties":{"id":766011608,"cls":"path","hw":"path","tg":"na","name":"","ref":"","surface":"","sc":"unknown","speed":null,"lit":"unk","km":0.126}},
{"type":"Feature","geometry":{"type":"LineString","coordinates":[[34.78445,-11.25121],[34.78428,-11.25107],[34.78393,-11.25091],[34.78382,-11.25091],[34.78377,-11.25048],[34.78361,-11.25035],[34.78333,-11.25023],[34.78311,-11.25003],[34.78294,-11.24981],[34.78278,-11.24971],[34.78269,-11.24965],[34.78249,-11.24968],[34.78238,-11.24968]]},"properties":{"id":766011609,"cls":"path","hw":"path","tg":"na","name":"","ref":"","surface":"","sc":"unknown","speed":null,"lit":"unk","km":0.312}},
{"type":"Feature","geometry":{"type":"LineString","coordinates":[[34.77917,-11.25498],[34.77836,-11.25446],[34.77823,-11.25444],[34.77777,-11.25458],[34.7774,-11.25462],[34.77707,-11.25472],[34.77669,-11.25465],[34.77641,-11.25456],[34.77624,-11.25434],[34.77607,-11.25426],[34.77589,-11.25395],[34.77572,-11.25363],[34.7756,-11.25352],[34.7757,-11.25334],[34.77589,-11.25317],[34.7761,-11.25301],[34.77619,-11.25286],[34.77637,-11.25304],[34.77637,-11.25325]]},"properties":{"id":766011610,"cls":"track","hw":"track","tg":"none","name":"","ref":"","surface":"","sc":"unknown","speed":null,"lit":"unk","km":0.625}},
{"type":"Feature","geometry":{"type":"LineString","coordinates":[[34.77811,-11.25604],[34.77828,-11.25568],[34.77838,-11.25518]]},"properties":{"id":766011611,"cls":"residential","hw":"residential","tg":"na","name":"","ref":"","surface":"","sc":"unknown","speed":null,"lit":"unk","km":0.101}},
{"type":"Feature","geometry":{"type":"LineString","coordinates":[[34.78249,-11.25591],[34.78202,-11.25678],[34.78156,-11.2576],[34.78108,-11.25783]]},"properties":{"id":766011612,"cls":"path","hw":"path","tg":"na","name":"","ref":"","surface":"","sc":"unknown","speed":null,"lit":"unk","km":0.272}},
{"type":"Feature","geometry":{"type":"LineString","coordinates":[[34.78241,-11.25586],[34.78238,-11.25581],[34.78205,-11.25573],[34.78179,-11.25557],[34.78162,-11.25559],[34.78143,-11.25535]]},"properties":{"id":766011613,"cls":"path","hw":"path","tg":"na","name":"","ref":"","surface":"","sc":"unknown","speed":null,"lit":"unk","km":0.129}},
{"type":"Feature","geometry":{"type":"LineString","coordinates":[[34.78549,-11.26032],[34.78582,-11.26],[34.78615,-11.25983],[34.78624,-11.2596],[34.78708,-11.25853],[34.78757,-11.25798]]},"properties":{"id":766011614,"cls":"path","hw":"path","tg":"na","name":"","ref":"","surface":"","sc":"unknown","speed":null,"lit":"unk","km":0.35}},
{"type":"Feature","geometry":{"type":"LineString","coordinates":[[34.78664,-11.2579],[34.78643,-11.25839],[34.78622,-11.25867],[34.78584,-11.25892],[34.78545,-11.25892],[34.78528,-11.25912],[34.78462,-11.25922],[34.7842,-11.25985]]},"properties":{"id":766011615,"cls":"path","hw":"path","tg":"na","name":"","ref":"","surface":"","sc":"unknown","speed":null,"lit":"unk","km":0.376}},
{"type":"Feature","geometry":{"type":"LineString","coordinates":[[34.79126,-11.25594],[34.79098,-11.25586],[34.79066,-11.25582],[34.79048,-11.25595],[34.7904,-11.25613],[34.79027,-11.25636],[34.79017,-11.25646],[34.79014,-11.25672],[34.79008,-11.25678]]},"properties":{"id":766011616,"cls":"path","hw":"path","tg":"na","name":"","ref":"","surface":"","sc":"unknown","speed":null,"lit":"unk","km":0.196}},
{"type":"Feature","geometry":{"type":"LineString","coordinates":[[34.79069,-11.25646],[34.79079,-11.25653],[34.79075,-11.25684],[34.79077,-11.25707]]},"properties":{"id":766011617,"cls":"path","hw":"path","tg":"na","name":"","ref":"","surface":"","sc":"unknown","speed":null,"lit":"unk","km":0.074}},
{"type":"Feature","geometry":{"type":"LineString","coordinates":[[34.78697,-11.25357],[34.78691,-11.25399],[34.78687,-11.2543],[34.7868,-11.25445],[34.78695,-11.25485],[34.787,-11.25517],[34.78691,-11.25547],[34.78679,-11.25559],[34.78675,-11.2559],[34.78645,-11.25662],[34.78629,-11.25681],[34.78628,-11.25711]]},"properties":{"id":766011618,"cls":"path","hw":"path","tg":"na","name":"","ref":"","surface":"","sc":"unknown","speed":null,"lit":"unk","km":0.419}},
{"type":"Feature","geometry":{"type":"LineString","coordinates":[[34.79115,-11.26137],[34.79116,-11.26165],[34.79102,-11.26182],[34.79098,-11.26206],[34.79104,-11.26217]]},"properties":{"id":766013044,"cls":"path","hw":"path","tg":"na","name":"","ref":"","surface":"","sc":"unknown","speed":null,"lit":"unk","km":0.096}},
{"type":"Feature","geometry":{"type":"LineString","coordinates":[[34.79116,-11.26333],[34.79137,-11.26365],[34.79167,-11.26397],[34.79174,-11.26404],[34.79243,-11.26481],[34.79271,-11.26514],[34.79363,-11.26438],[34.79369,-11.26405],[34.79383,-11.26394],[34.79384,-11.26348],[34.79393,-11.26327],[34.79395,-11.26286],[34.79401,-11.26239],[34.79408,-11.26204],[34.79413,-11.26144]]},"properties":{"id":766013045,"cls":"residential","hw":"residential","tg":"na","name":"","ref":"","surface":"","sc":"unknown","speed":null,"lit":"unk","km":0.733}},
{"type":"Feature","geometry":{"type":"LineString","coordinates":[[34.79072,-11.26256],[34.79055,-11.26246],[34.79034,-11.26213],[34.79012,-11.26219],[34.78982,-11.26229],[34.7897,-11.26239],[34.78956,-11.26284],[34.78939,-11.26313],[34.78916,-11.26346]]},"properties":{"id":766013046,"cls":"path","hw":"path","tg":"na","name":"","ref":"","surface":"","sc":"unknown","speed":null,"lit":"unk","km":0.275}},
{"type":"Feature","geometry":{"type":"LineString","coordinates":[[34.79118,-11.26203],[34.79139,-11.26217],[34.79163,-11.26217],[34.79179,-11.26224],[34.79199,-11.26229],[34.79199,-11.26229],[34.79282,-11.26256],[34.79329,-11.26274],[34.79371,-11.26286],[34.79395,-11.26286]]},"properties":{"id":766013047,"cls":"path","hw":"path","tg":"na","name":"","ref":"","surface":"","sc":"unknown","speed":null,"lit":"unk","km":0.32}},
{"type":"Feature","geometry":{"type":"LineString","coordinates":[[34.79116,-11.26333],[34.79108,-11.26348],[34.79081,-11.26392],[34.79049,-11.26448]]},"properties":{"id":766013048,"cls":"path","hw":"path","tg":"na","name":"","ref":"","surface":"","sc":"unknown","speed":null,"lit":"unk","km":0.147}},
{"type":"Feature","geometry":{"type":"LineString","coordinates":[[34.79167,-11.26397],[34.79152,-11.2641],[34.79143,-11.26458],[34.79137,-11.26513]]},"properties":{"id":766013049,"cls":"path","hw":"path","tg":"na","name":"","ref":"","surface":"","sc":"unknown","speed":null,"lit":"unk","km":0.138}},
{"type":"Feature","geometry":{"type":"LineString","coordinates":[[34.79199,-11.26229],[34.79192,-11.26238],[34.79175,-11.26247],[34.79149,-11.26255],[34.79134,-11.26259],[34.7913,-11.26284],[34.7913,-11.26301]]},"properties":{"id":766013050,"cls":"path","hw":"path","tg":"na","name":"","ref":"","surface":"","sc":"unknown","speed":null,"lit":"unk","km":0.127}},
{"type":"Feature","geometry":{"type":"LineString","coordinates":[[34.79134,-11.26259],[34.79134,-11.26245],[34.79131,-11.2623],[34.79125,-11.26224],[34.79118,-11.26203]]},"properties":{"id":766013051,"cls":"path","hw":"path","tg":"na","name":"","ref":"","surface":"","sc":"unknown","speed":null,"lit":"unk","km":0.066}},
{"type":"Feature","geometry":{"type":"LineString","coordinates":[[34.79046,-11.26092],[34.79041,-11.2611],[34.79033,-11.26123],[34.79018,-11.26149],[34.78999,-11.26151],[34.78971,-11.26168],[34.78954,-11.26174]]},"properties":{"id":766013052,"cls":"path","hw":"path","tg":"na","name":"","ref":"","surface":"","sc":"unknown","speed":null,"lit":"unk","km":0.147}},
{"type":"Feature","geometry":{"type":"LineString","coordinates":[[34.79271,-11.26514],[34.79308,-11.26567],[34.79331,-11.26607],[34.79356,-11.26678],[34.79397,-11.26728]]},"properties":{"id":766013053,"cls":"path","hw":"path","tg":"na","name":"","ref":"","surface":"","sc":"unknown","speed":null,"lit":"unk","km":0.277}},
{"type":"Feature","geometry":{"type":"LineString","coordinates":[[34.79397,-11.26728],[34.79403,-11.26687],[34.79429,-11.26649],[34.79445,-11.26624],[34.79446,-11.2659],[34.79448,-11.26551],[34.79463,-11.26517],[34.79469,-11.26486],[34.79468,-11.2647],[34.79474,-11.26447],[34.7945,-11.26432],[34.79435,-11.264],[34.79441,-11.26375],[34.79456,-11.26345],[34.79451,-11.26319],[34.79435,-11.26285],[34.79395,-11.26286]]},"properties":{"id":766013054,"cls":"path","hw":"path","tg":"na","name":"","ref":"","surface":"","sc":"unknown","speed":null,"lit":"unk","km":0.582}},
{"type":"Feature","geometry":{"type":"LineString","coordinates":[[34.79397,-11.26728],[34.79447,-11.26805],[34.7946,-11.26827],[34.79483,-11.26873],[34.79503,-11.26888],[34.79514,-11.26908],[34.79518,-11.26937],[34.79515,-11.26988],[34.79509,-11.2701],[34.79512,-11.27067],[34.79518,-11.27111],[34.79531,-11.27139],[34.79544,-11.2716],[34.79608,-11.27183],[34.79639,-11.27187],[34.7967,-11.27201],[34.7969,-11.27211],[34.79728,-11.27243],[34.79742,-11.27279],[34.79745,-11.27312],[34.79754,-11.27347],[34.79756,-11.27358],[34.79769,-11.27386],[34.79799,-11.27393],[34.7982,-11.27417],[34.79828,-11.27446],[34.79838,-11.27475],[34.79848,-11.2748],[34.79917,-11.27487],[34.7993,-11.27487],[34.79937,-11.27493]]},"properties":{"id":766018276,"cls":"path","hw":"path","tg":"na","name":"","ref":"","surface":"","sc":"unknown","speed":null,"lit":"unk","km":1.168}},
{"type":"Feature","geometry":{"type":"LineString","coordinates":[[34.7993,-11.27487],[34.79935,-11.2748],[34.79936,-11.27461],[34.79923,-11.27433],[34.79915,-11.27384],[34.79907,-11.2734],[34.79923,-11.27321],[34.79938,-11.27304],[34.79947,-11.27301],[34.79951,-11.27274],[34.79938,-11.27234],[34.79933,-11.27193],[34.79935,-11.27161],[34.7992,-11.27139],[34.79891,-11.2713],[34.79863,-11.27098],[34.7986,-11.27073],[34.79869,-11.27046],[34.79868,-11.27023]]},"properties":{"id":766018277,"cls":"path","hw":"path","tg":"na","name":"","ref":"","surface":"","sc":"unknown","speed":null,"lit":"unk","km":0.586}},
{"type":"Feature","geometry":{"type":"LineString","coordinates":[[34.7992,-11.27139],[34.79957,-11.27145],[34.79991,-11.27157],[34.80013,-11.27155],[34.80019,-11.27144],[34.80037,-11.27139]]},"properties":{"id":766018278,"cls":"path","hw":"path","tg":"na","name":"","ref":"","surface":"","sc":"unknown","speed":null,"lit":"unk","km":0.139}},
{"type":"Feature","geometry":{"type":"LineString","coordinates":[[34.79664,-11.27025],[34.79683,-11.27024],[34.79707,-11.27012],[34.79732,-11.26998],[34.79753,-11.27],[34.79771,-11.27011],[34.79799,-11.27016],[34.79836,-11.27018],[34.79855,-11.27021],[34.79868,-11.27023]]},"properties":{"id":766018279,"cls":"path","hw":"path","tg":"na","name":"","ref":"","surface":"","sc":"unknown","speed":null,"lit":"unk","km":0.234}},
{"type":"Feature","geometry":{"type":"LineString","coordinates":[[34.79674,-11.26262],[34.79645,-11.26299]]},"properties":{"id":766018280,"cls":"path","hw":"path","tg":"na","name":"","ref":"","surface":"","sc":"unknown","speed":null,"lit":"unk","km":0.052}},
{"type":"Feature","geometry":{"type":"LineString","coordinates":[[34.80094,-11.2628],[34.80124,-11.26306],[34.80128,-11.26326],[34.80145,-11.26333],[34.80156,-11.26353],[34.80135,-11.2643],[34.80126,-11.26453],[34.80126,-11.26496],[34.80116,-11.2653],[34.80103,-11.26569],[34.80047,-11.26593],[34.80046,-11.26605],[34.80006,-11.2664],[34.79984,-11.26651],[34.79957,-11.26663],[34.7995,-11.26684],[34.79933,-11.26691],[34.79879,-11.26684],[34.79837,-11.26671],[34.79823,-11.26674],[34.79797,-11.26643],[34.79783,-11.26626],[34.79764,-11.26626]]},"properties":{"id":766018281,"cls":"path","hw":"path","tg":"na","name":"","ref":"","surface":"","sc":"unknown","speed":null,"lit":"unk","km":0.816}},
{"type":"Feature","geometry":{"type":"LineString","coordinates":[[34.80166,-11.27761],[34.80156,-11.27722],[34.80145,-11.27696],[34.80134,-11.27628],[34.80126,-11.27606],[34.80141,-11.27576],[34.80144,-11.27548],[34.80132,-11.27497],[34.80131,-11.27469],[34.80119,-11.27456],[34.80103,-11.27452],[34.80076,-11.27465]]},"properties":{"id":766018282,"cls":"path","hw":"path","tg":"na","name":"","ref":"","surface":"","sc":"unknown","speed":null,"lit":"unk","km":0.407}},
{"type":"Feature","geometry":{"type":"LineString","coordinates":[[34.80131,-11.27469],[34.80143,-11.2744],[34.80132,-11.27386],[34.80111,-11.27371],[34.80109,-11.27335],[34.80095,-11.27329],[34.80069,-11.27314]]},"properties":{"id":766018283,"cls":"path","hw":"path","tg":"na","name":"","ref":"","surface":"","sc":"unknown","speed":null,"lit":"unk","km":0.214}},
{"type":"Feature","geometry":{"type":"LineString","coordinates":[[34.80079,-11.2724],[34.80149,-11.27245],[34.80209,-11.27244],[34.80259,-11.2724],[34.80309,-11.27248]]},"properties":{"id":766018284,"cls":"residential","hw":"residential","tg":"na","name":"","ref":"","surface":"","sc":"unknown","speed":null,"lit":"unk","km":0.252}},
{"type":"Feature","geometry":{"type":"LineString","coordinates":[[34.80149,-11.27245],[34.8015,-11.27232],[34.80191,-11.2721],[34.80227,-11.27205],[34.80237,-11.27195],[34.80244,-11.27148],[34.80264,-11.27129],[34.80291,-11.27076],[34.80282,-11.27045],[34.80254,-11.27045],[34.80215,-11.27031],[34.80198,-11.27024],[34.80205,-11.27003],[34.80223,-11.26989],[34.80243,-11.26968],[34.80252,-11.26936],[34.80254,-11.26903],[34.8025,-11.26861],[34.8024,-11.2685],[34.80238,-11.26801],[34.80236,-11.26774],[34.80248,-11.26764],[34.80312,-11.26761],[34.80332,-11.2675],[34.8043,-11.26725],[34.80436,-11.26672],[34.80458,-11.26651],[34.80459,-11.26627],[34.80469,-11.26617],[34.80498,-11.26618],[34.80551,-11.26593],[34.80566,-11.26591],[34.80589,-11.26605],[34.80624,-11.26625],[34.8066,-11.26629],[34.80738,-11.26652],[34.80829,-11.26673],[34.80853,-11.26698],[34.80901,-11.2671],[34.80963,-11.26712],[34.80997,-11.26727],[34.81011,-11.26756],[34.81005,-11.26776],[34.80993,-11.26789],[34.80999,-11.26799],[34.81011,-11.26805],[34.81026,-11.26815],[34.81035,-11.26836],[34.81045,-11.26862],[34.81063,-11.26869],[34.81089,-11.26881]]},"properties":{"id":766018285,"cls":"path","hw":"path","tg":"na","name":"","ref":"","surface":"","sc":"unknown","speed":null,"lit":"unk","km":1.913}},
{"type":"Feature","geometry":{"type":"LineString","coordinates":[[34.80254,-11.26903],[34.80236,-11.26894],[34.80205,-11.26884],[34.8018,-11.26887],[34.80171,-11.26897],[34.80135,-11.26913],[34.80098,-11.26925],[34.80058,-11.26957],[34.80028,-11.26979],[34.79996,-11.26965],[34.79969,-11.26956],[34.79936,-11.26933],[34.79919,-11.26917],[34.79941,-11.26954],[34.79946,-11.26987],[34.79942,-11.27016],[34.79939,-11.27033]]},"properties":{"id":766018286,"cls":"path","hw":"path","tg":"na","name":"","ref":"","surface":"","sc":"unknown","speed":null,"lit":"unk","km":0.558}},
{"type":"Feature","geometry":{"type":"LineString","coordinates":[[34.79919,-11.26917],[34.79903,-11.26913],[34.79897,-11.26875],[34.79887,-11.26833],[34.79879,-11.26799],[34.79861,-11.26775]]},"properties":{"id":766018287,"cls":"path","hw":"path","tg":"na","name":"","ref":"","surface":"","sc":"unknown","speed":null,"lit":"unk","km":0.181}},
{"type":"Feature","geometry":{"type":"LineString","coordinates":[[34.8047,-11.27772],[34.80463,-11.27781],[34.80465,-11.27801],[34.80485,-11.27821],[34.80496,-11.27846],[34.80496,-11.27846],[34.80483,-11.27863],[34.80472,-11.27865]]},"properties":{"id":766018297,"cls":"path","hw":"path","tg":"na","name":"","ref":"","surface":"","sc":"unknown","speed":null,"lit":"unk","km":0.132}},
{"type":"Feature","geometry":{"type":"LineString","coordinates":[[34.80496,-11.27846],[34.80533,-11.27827],[34.80554,-11.27818],[34.80568,-11.27817],[34.80588,-11.2783],[34.80609,-11.27829]]},"properties":{"id":766018298,"cls":"path","hw":"path","tg":"na","name":"","ref":"","surface":"","sc":"unknown","speed":null,"lit":"unk","km":0.135}},
{"type":"Feature","geometry":{"type":"LineString","coordinates":[[34.80143,-11.2744],[34.8016,-11.27425],[34.80171,-11.27411],[34.80177,-11.2738],[34.80217,-11.27351],[34.8024,-11.27341],[34.80327,-11.27327],[34.80328,-11.27294],[34.80315,-11.27268],[34.80309,-11.27248]]},"properties":{"id":766018299,"cls":"path","hw":"path","tg":"na","name":"","ref":"","surface":"","sc":"unknown","speed":null,"lit":"unk","km":0.35}},
{"type":"Feature","geometry":{"type":"LineString","coordinates":[[34.8051,-11.27731],[34.80512,-11.27714],[34.80508,-11.27684],[34.80518,-11.27648],[34.80524,-11.2764],[34.80524,-11.2763],[34.8056,-11.27603],[34.80571,-11.27583],[34.80568,-11.27568],[34.80555,-11.27534]]},"properties":{"id":766018304,"cls":"path","hw":"path","tg":"na","name":"","ref":"","surface":"","sc":"unknown","speed":null,"lit":"unk","km":0.248}},
{"type":"Feature","geometry":{"type":"LineString","coordinates":[[34.80134,-11.27628],[34.80156,-11.27607],[34.80195,-11.27616],[34.80248,-11.27576],[34.8027,-11.27577]]},"properties":{"id":766018308,"cls":"path","hw":"path","tg":"na","name":"","ref":"","surface":"","sc":"unknown","speed":null,"lit":"unk","km":0.174}},
{"type":"Feature","geometry":{"type":"LineString","coordinates":[[34.79207,-11.29126],[34.79187,-11.29064],[34.79174,-11.29043],[34.79147,-11.29022],[34.79117,-11.29018],[34.79069,-11.29016],[34.78992,-11.28956]]},"properties":{"id":766022844,"cls":"path","hw":"path","tg":"na","name":"","ref":"","surface":"","sc":"unknown","speed":null,"lit":"unk","km":0.33}},
{"type":"Feature","geometry":{"type":"LineString","coordinates":[[34.79081,-11.29168],[34.79072,-11.2915],[34.79071,-11.29112],[34.79038,-11.29051]]},"properties":{"id":766022845,"cls":"path","hw":"path","tg":"na","name":"","ref":"","surface":"","sc":"unknown","speed":null,"lit":"unk","km":0.141}},
{"type":"Feature","geometry":{"type":"LineString","coordinates":[[34.78845,-11.29132],[34.78891,-11.29145],[34.78921,-11.2916],[34.78942,-11.29167],[34.78973,-11.29174],[34.7899,-11.29193],[34.79018,-11.29196],[34.79042,-11.29195]]},"properties":{"id":766022846,"cls":"path","hw":"path","tg":"na","name":"","ref":"","surface":"","sc":"unknown","speed":null,"lit":"unk","km":0.233}},
{"type":"Feature","geometry":{"type":"LineString","coordinates":[[34.78985,-11.29304],[34.78984,-11.2931],[34.78961,-11.29322],[34.78944,-11.29326],[34.7893,-11.29341],[34.789,-11.29343],[34.78881,-11.29343],[34.78845,-11.29362],[34.7882,-11.29367],[34.78804,-11.29367],[34.78746,-11.29398],[34.78725,-11.29402]]},"properties":{"id":766022847,"cls":"path","hw":"path","tg":"na","name":"","ref":"","surface":"","sc":"unknown","speed":null,"lit":"unk","km":0.316}},
{"type":"Feature","geometry":{"type":"LineString","coordinates":[[34.79074,-11.29333],[34.79095,-11.29317],[34.79115,-11.29291],[34.79146,-11.29287],[34.79183,-11.29278],[34.7921,-11.29281],[34.79234,-11.29287],[34.79252,-11.29293],[34.7926,-11.29302]]},"properties":{"id":766022848,"cls":"path","hw":"path","tg":"na","name":"","ref":"","surface":"","sc":"unknown","speed":null,"lit":"unk","km":0.232}},
{"type":"Feature","geometry":{"type":"LineString","coordinates":[[34.79183,-11.29278],[34.79196,-11.29257],[34.79212,-11.29248],[34.79233,-11.29245],[34.7925,-11.29243],[34.79284,-11.29218],[34.79299,-11.29216],[34.79324,-11.29215]]},"properties":{"id":766022849,"cls":"path","hw":"path","tg":"na","name":"","ref":"","surface":"","sc":"unknown","speed":null,"lit":"unk","km":0.179}},
{"type":"Feature","geometry":{"type":"LineString","coordinates":[[34.79081,-11.29168],[34.79086,-11.29177],[34.79114,-11.29201],[34.79138,-11.29223],[34.79157,-11.29252],[34.7918,-11.29266],[34.79183,-11.29278]]},"properties":{"id":766022850,"cls":"path","hw":"path","tg":"na","name":"","ref":"","surface":"","sc":"unknown","speed":null,"lit":"unk","km":0.169}},
{"type":"Feature","geometry":{"type":"LineString","coordinates":[[34.79157,-11.29252],[34.7913,-11.29261],[34.79089,-11.29267],[34.79098,-11.29284],[34.79115,-11.29291]]},"properties":{"id":766022851,"cls":"path","hw":"path","tg":"na","name":"","ref":"","surface":"","sc":"unknown","speed":null,"lit":"unk","km":0.118}},
{"type":"Feature","geometry":{"type":"LineString","coordinates":[[34.79115,-11.29291],[34.79124,-11.29301],[34.79126,-11.29313],[34.79137,-11.29333],[34.79141,-11.29354],[34.79135,-11.29378],[34.79135,-11.29378],[34.79168,-11.29375],[34.79192,-11.29372]]},"properties":{"id":766022852,"cls":"path","hw":"path","tg":"na","name":"","ref":"","surface":"","sc":"unknown","speed":null,"lit":"unk","km":0.167}},
{"type":"Feature","geometry":{"type":"LineString","coordinates":[[34.79425,-11.29413],[34.79412,-11.29407],[34.79388,-11.29404],[34.79367,-11.29418],[34.7935,-11.29405],[34.79322,-11.29408],[34.79295,-11.29399],[34.79281,-11.29386],[34.79261,-11.29369],[34.79247,-11.29358],[34.79226,-11.29359],[34.79218,-11.29345]]},"properties":{"id":766022853,"cls":"path","hw":"path","tg":"na","name":"","ref":"","surface":"","sc":"unknown","speed":null,"lit":"unk","km":0.265}},
{"type":"Feature","geometry":{"type":"LineString","coordinates":[[34.79135,-11.29378],[34.79121,-11.29381],[34.79103,-11.29392],[34.79095,-11.29399],[34.79063,-11.29402],[34.79032,-11.29408],[34.7901,-11.29427],[34.78998,-11.29433],[34.78975,-11.29456],[34.78935,-11.29495],[34.78893,-11.29487],[34.78864,-11.2947],[34.78837,-11.29469],[34.78818,-11.29479],[34.78814,-11.29489],[34.78804,-11.29487],[34.78798,-11.29487],[34.78792,-11.29499],[34.78773,-11.29512],[34.78764,-11.29516],[34.78761,-11.29527],[34.78745,-11.29532],[34.78721,-11.29542],[34.78697,-11.29583],[34.78694,-11.29608],[34.78697,-11.29624],[34.78675,-11.29647],[34.78663,-11.29693],[34.78672,-11.29725],[34.78653,-11.2974],[34.78668,-11.29776],[34.78672,-11.29786],[34.78653,-11.29804],[34.78661,-11.29823],[34.78664,-11.29869],[34.78673,-11.29892],[34.78677,-11.29914]]},"properties":{"id":766022854,"cls":"path","hw":"path","tg":"na","name":"","ref":"","surface":"","sc":"unknown","speed":null,"lit":"unk","km":1.001}},
{"type":"Feature","geometry":{"type":"LineString","coordinates":[[34.7662,-11.22774],[34.76593,-11.22777],[34.76578,-11.22778]]},"properties":{"id":766026726,"cls":"residential","hw":"residential","tg":"na","name":"","ref":"","surface":"","sc":"unknown","speed":null,"lit":"unk","km":0.046}},
{"type":"Feature","geometry":{"type":"LineString","coordinates":[[34.76807,-11.23021],[34.76763,-11.23022],[34.76712,-11.2302],[34.76686,-11.23027],[34.76672,-11.23033],[34.76653,-11.23063]]},"properties":{"id":766026727,"cls":"path","hw":"path","tg":"na","name":"","ref":"","surface":"","sc":"unknown","speed":null,"lit":"unk","km":0.189}},
{"type":"Feature","geometry":{"type":"LineString","coordinates":[[34.77208,-11.23353],[34.77261,-11.23292],[34.77248,-11.23247]]},"properties":{"id":766026728,"cls":"path","hw":"path","tg":"na","name":"","ref":"","surface":"","sc":"unknown","speed":null,"lit":"unk","km":0.141}},
{"type":"Feature","geometry":{"type":"LineString","coordinates":[[34.77105,-11.23273],[34.77096,-11.23262],[34.77077,-11.23252],[34.7706,-11.23243],[34.77047,-11.23216],[34.77036,-11.23185]]},"properties":{"id":766026729,"cls":"residential","hw":"residential","tg":"na","name":"","ref":"","surface":"","sc":"unknown","speed":null,"lit":"unk","km":0.13}},
{"type":"Feature","geometry":{"type":"LineString","coordinates":[[34.7709,-11.23132],[34.77036,-11.23185]]},"properties":{"id":766026730,"cls":"path","hw":"path","tg":"na","name":"","ref":"","surface":"","sc":"unknown","speed":null,"lit":"unk","km":0.083}},
{"type":"Feature","geometry":{"type":"LineString","coordinates":[[34.77083,-11.23112],[34.77067,-11.23106],[34.77045,-11.23107],[34.77021,-11.23102],[34.77,-11.23094],[34.76982,-11.23075],[34.76966,-11.23058],[34.76947,-11.23053],[34.76933,-11.23057],[34.76925,-11.23061],[34.76914,-11.23057],[34.76898,-11.23098],[34.76912,-11.23109],[34.76894,-11.23134]]},"properties":{"id":766026731,"cls":"path","hw":"path","tg":"na","name":"","ref":"","surface":"","sc":"unknown","speed":null,"lit":"unk","km":0.311}},
{"type":"Feature","geometry":{"type":"LineString","coordinates":[[34.76964,-11.23223],[34.76972,-11.23211],[34.76994,-11.23191]]},"properties":{"id":766026732,"cls":"path","hw":"path","tg":"na","name":"","ref":"","surface":"","sc":"unknown","speed":null,"lit":"unk","km":0.049}},
{"type":"Feature","geometry":{"type":"LineString","coordinates":[[34.76962,-11.23171],[34.76954,-11.23178],[34.76932,-11.23215]]},"properties":{"id":766026733,"cls":"path","hw":"path","tg":"na","name":"","ref":"","surface":"","sc":"unknown","speed":null,"lit":"unk","km":0.059}},
{"type":"Feature","geometry":{"type":"LineString","coordinates":[[34.77248,-11.23247],[34.7724,-11.23231],[34.77232,-11.23217],[34.77229,-11.23206],[34.77227,-11.23201],[34.77211,-11.23197],[34.77201,-11.23178],[34.7717,-11.23162],[34.77148,-11.23148]]},"properties":{"id":766026734,"cls":"path","hw":"path","tg":"na","name":"","ref":"","surface":"","sc":"unknown","speed":null,"lit":"unk","km":0.165}},
{"type":"Feature","geometry":{"type":"LineString","coordinates":[[34.77229,-11.23206],[34.77257,-11.23202],[34.77261,-11.23185],[34.77254,-11.23167],[34.77244,-11.23148],[34.77236,-11.23103],[34.77235,-11.2308],[34.77227,-11.23064],[34.77227,-11.23034],[34.77214,-11.23004],[34.77212,-11.22973],[34.77126,-11.22969]]},"properties":{"id":766026735,"cls":"path","hw":"path","tg":"na","name":"","ref":"","surface":"","sc":"unknown","speed":null,"lit":"unk","km":0.39}},
{"type":"Feature","geometry":{"type":"LineString","coordinates":[[34.77257,-11.23202],[34.77264,-11.23207],[34.77306,-11.23209],[34.7732,-11.23221]]},"properties":{"id":766026736,"cls":"path","hw":"path","tg":"na","name":"","ref":"","surface":"","sc":"unknown","speed":null,"lit":"unk","km":0.076}},
{"type":"Feature","geometry":{"type":"LineString","coordinates":[[34.76593,-11.22777],[34.7658,-11.22757],[34.76567,-11.22751],[34.76536,-11.22743],[34.76498,-11.22747],[34.76482,-11.22753],[34.76458,-11.22742],[34.76434,-11.22718],[34.76389,-11.22705],[34.76389,-11.22671]]},"properties":{"id":766026737,"cls":"path","hw":"path","tg":"na","name":"","ref":"","surface":"","sc":"unknown","speed":null,"lit":"unk","km":0.293}},
{"type":"Feature","geometry":{"type":"LineString","coordinates":[[34.76593,-11.22777],[34.76594,-11.22792],[34.76612,-11.22821]]},"properties":{"id":766026738,"cls":"path","hw":"path","tg":"na","name":"","ref":"","surface":"","sc":"unknown","speed":null,"lit":"unk","km":0.054}},
{"type":"Feature","geometry":{"type":"LineString","coordinates":[[34.7288,-11.194],[34.72935,-11.1943],[34.72986,-11.19449],[34.73055,-11.19473],[34.7311,-11.19485],[34.7316,-11.19482],[34.73283,-11.19486],[34.73327,-11.19485],[34.73436,-11.19448]]},"properties":{"id":766027519,"cls":"path","hw":"path","tg":"na","name":"","ref":"","surface":"","sc":"unknown","speed":null,"lit":"unk","km":0.632}},
{"type":"Feature","geometry":{"type":"LineString","coordinates":[[34.73436,-11.19448],[34.7347,-11.19529],[34.73484,-11.19555],[34.73484,-11.19599],[34.73545,-11.19633],[34.73563,-11.19666],[34.73591,-11.19772],[34.73606,-11.1979]]},"properties":{"id":766027520,"cls":"path","hw":"path","tg":"na","name":"","ref":"","surface":"","sc":"unknown","speed":null,"lit":"unk","km":0.445}},
{"type":"Feature","geometry":{"type":"LineString","coordinates":[[34.71179,-11.18455],[34.71211,-11.18397],[34.71251,-11.18361],[34.71276,-11.18325]]},"properties":{"id":766028988,"cls":"path","hw":"path","tg":"na","name":"","ref":"","surface":"","sc":"unknown","speed":null,"lit":"unk","km":0.181}},
{"type":"Feature","geometry":{"type":"LineString","coordinates":[[34.70975,-11.18396],[34.71,-11.18377],[34.71004,-11.18353],[34.71023,-11.18322],[34.71049,-11.18309],[34.71102,-11.18255],[34.71138,-11.18233],[34.71144,-11.18223],[34.7116,-11.18224],[34.71221,-11.18173],[34.71203,-11.18126],[34.71214,-11.18098],[34.71251,-11.18032],[34.71255,-11.18019],[34.71238,-11.17979],[34.71231,-11.17951],[34.71246,-11.1791],[34.71261,-11.17888],[34.71275,-11.17833],[34.71288,-11.17795]]},"properties":{"id":766028989,"cls":"path","hw":"path","tg":"na","name":"","ref":"","surface":"","sc":"unknown","speed":null,"lit":"unk","km":0.835}},
{"type":"Feature","geometry":{"type":"LineString","coordinates":[[34.71288,-11.17795],[34.71317,-11.1779],[34.71353,-11.17744],[34.71382,-11.17723]]},"properties":{"id":766028990,"cls":"residential","hw":"residential","tg":"na","name":"","ref":"","surface":"","sc":"unknown","speed":null,"lit":"unk","km":0.136}},
{"type":"Feature","geometry":{"type":"LineString","coordinates":[[34.70713,-11.1801],[34.70739,-11.17987],[34.70799,-11.17957],[34.70854,-11.17905],[34.70861,-11.179],[34.70909,-11.17821],[34.70929,-11.17804],[34.70949,-11.17778],[34.70997,-11.17744],[34.71028,-11.17706],[34.71073,-11.17664],[34.71092,-11.17635],[34.71096,-11.17632],[34.71118,-11.17612],[34.71149,-11.17578],[34.71162,-11.17554]]},"properties":{"id":766028991,"cls":"path","hw":"path","tg":"na","name":"","ref":"","surface":"","sc":"unknown","speed":null,"lit":"unk","km":0.716}},
{"type":"Feature","geometry":{"type":"LineString","coordinates":[[34.70861,-11.179],[34.70909,-11.17887],[34.7095,-11.17854],[34.71015,-11.17831],[34.71056,-11.17802],[34.71084,-11.17763],[34.71108,-11.17721],[34.71122,-11.17703],[34.71159,-11.17678],[34.71177,-11.17665],[34.71183,-11.1767],[34.71197,-11.17661],[34.71212,-11.1766],[34.71246,-11.17628]]},"properties":{"id":766028992,"cls":"path","hw":"path","tg":"na","name":"","ref":"","surface":"","sc":"unknown","speed":null,"lit":"unk","km":0.542}},
{"type":"Feature","geometry":{"type":"LineString","coordinates":[[34.71288,-11.17795],[34.71231,-11.1776],[34.712,-11.17799],[34.71166,-11.1782],[34.71135,-11.17818],[34.71092,-11.17849],[34.7105,-11.17901],[34.70995,-11.17925],[34.70918,-11.17968],[34.70904,-11.1799],[34.70892,-11.18057],[34.70822,-11.18091]]},"properties":{"id":766028993,"cls":"path","hw":"path","tg":"na","name":"","ref":"","surface":"","sc":"unknown","speed":null,"lit":"unk","km":0.69}},
{"type":"Feature","geometry":{"type":"LineString","coordinates":[[34.71221,-11.18173],[34.71252,-11.18256],[34.71277,-11.18293]]},"properties":{"id":766028994,"cls":"path","hw":"path","tg":"na","name":"","ref":"","surface":"","sc":"unknown","speed":null,"lit":"unk","km":0.148}},
{"type":"Feature","geometry":{"type":"LineString","coordinates":[[34.7148,-11.17814],[34.71467,-11.17816],[34.71455,-11.17818],[34.71445,-11.17812],[34.71419,-11.17804],[34.71402,-11.17797],[34.71381,-11.1781],[34.71365,-11.17807],[34.71349,-11.17794],[34.71336,-11.17791],[34.71326,-11.17792],[34.71317,-11.1779]]},"properties":{"id":766028995,"cls":"path","hw":"path","tg":"na","name":"","ref":"","surface":"","sc":"unknown","speed":null,"lit":"unk","km":0.193}},
{"type":"Feature","geometry":{"type":"LineString","coordinates":[[34.71382,-11.17723],[34.71386,-11.17707],[34.71389,-11.17685],[34.71385,-11.17679],[34.71399,-11.1766]]},"properties":{"id":766028996,"cls":"residential","hw":"residential","tg":"na","name":"","ref":"","surface":"","sc":"unknown","speed":null,"lit":"unk","km":0.077}},
{"type":"Feature","geometry":{"type":"LineString","coordinates":[[34.71159,-11.17678],[34.71188,-11.17694],[34.71224,-11.17703],[34.7124,-11.17709],[34.71245,-11.17723],[34.71241,-11.17738],[34.71231,-11.1776]]},"properties":{"id":766028997,"cls":"path","hw":"path","tg":"na","name":"","ref":"","surface":"","sc":"unknown","speed":null,"lit":"unk","km":0.156}},
{"type":"Feature","geometry":{"type":"LineString","coordinates":[[34.73436,-11.19448],[34.73393,-11.19336],[34.73377,-11.19242],[34.73346,-11.19156],[34.73346,-11.19102]]},"properties":{"id":766031047,"cls":"path","hw":"path","tg":"na","name":"","ref":"","surface":"","sc":"unknown","speed":null,"lit":"unk","km":0.401}},
{"type":"Feature","geometry":{"type":"LineString","coordinates":[[34.73436,-11.19448],[34.73515,-11.19426],[34.73524,-11.19424],[34.73528,-11.19384],[34.73529,-11.19339],[34.73532,-11.19298]]},"properties":{"id":766031048,"cls":"path","hw":"path","tg":"na","name":"","ref":"","surface":"","sc":"unknown","speed":null,"lit":"unk","km":0.24}},
{"type":"Feature","geometry":{"type":"LineString","coordinates":[[34.73524,-11.19424],[34.73522,-11.19432],[34.7372,-11.19538]]},"properties":{"id":766031049,"cls":"path","hw":"path","tg":"na","name":"","ref":"","surface":"","sc":"unknown","speed":null,"lit":"unk","km":0.255}},
{"type":"Feature","geometry":{"type":"LineString","coordinates":[[34.74723,-11.1926],[34.747,-11.19282],[34.7468,-11.19277],[34.74655,-11.19285],[34.74633,-11.19295],[34.74609,-11.19319],[34.74542,-11.19343],[34.74475,-11.19368],[34.74309,-11.19446],[34.74254,-11.19483],[34.74223,-11.19537],[34.74218,-11.19542],[34.74165,-11.19598],[34.74127,-11.19633],[34.7411,-11.19658],[34.74047,-11.1972],[34.74009,-11.19771],[34.73967,-11.198],[34.73915,-11.1986]]},"properties":{"id":766031050,"cls":"track","hw":"track","tg":"none","name":"","ref":"","surface":"","sc":"unknown","speed":null,"lit":"unk","km":1.143}},
{"type":"Feature","geometry":{"type":"LineString","coordinates":[[34.74254,-11.19483],[34.74263,-11.19434],[34.74263,-11.19432],[34.74263,-11.19401],[34.74277,-11.19376],[34.74278,-11.19354],[34.74334,-11.19245]]},"properties":{"id":766031051,"cls":"path","hw":"path","tg":"na","name":"","ref":"","surface":"","sc":"unknown","speed":null,"lit":"unk","km":0.284}},
{"type":"Feature","geometry":{"type":"LineString","coordinates":[[34.74263,-11.19432],[34.74246,-11.19437],[34.74171,-11.19407],[34.74144,-11.19402]]},"properties":{"id":766031052,"cls":"path","hw":"path","tg":"na","name":"","ref":"","surface":"","sc":"unknown","speed":null,"lit":"unk","km":0.138}},
{"type":"Feature","geometry":{"type":"LineString","coordinates":[[34.74218,-11.19542],[34.74246,-11.19563],[34.743,-11.1959],[34.74343,-11.19613],[34.74428,-11.19662]]},"properties":{"id":766031053,"cls":"path","hw":"path","tg":"na","name":"","ref":"","surface":"","sc":"unknown","speed":null,"lit":"unk","km":0.266}},
{"type":"Feature","geometry":{"type":"LineString","coordinates":[[34.74218,-11.19542],[34.74176,-11.19521],[34.74114,-11.19513],[34.74078,-11.19514],[34.74031,-11.19545]]},"properties":{"id":766031054,"cls":"path","hw":"path","tg":"na","name":"","ref":"","surface":"","sc":"unknown","speed":null,"lit":"unk","km":0.221}},
{"type":"Feature","geometry":{"type":"LineString","coordinates":[[34.74246,-11.19563],[34.7425,-11.19612],[34.74247,-11.19629],[34.74228,-11.19659],[34.74216,-11.19714],[34.74199,-11.19786],[34.74183,-11.19816],[34.7415,-11.19876],[34.74126,-11.19926],[34.74066,-11.19989],[34.7407,-11.20024],[34.741,-11.20088]]},"properties":{"id":766031055,"cls":"path","hw":"path","tg":"na","name":"","ref":"","surface":"","sc":"unknown","speed":null,"lit":"unk","km":0.646}},
{"type":"Feature","geometry":{"type":"LineString","coordinates":[[34.75067,-11.20382],[34.75127,-11.20445],[34.75162,-11.20469],[34.75136,-11.2052],[34.7511,-11.20579],[34.75189,-11.2059]]},"properties":{"id":766031056,"cls":"path","hw":"path","tg":"na","name":"","ref":"","surface":"","sc":"unknown","speed":null,"lit":"unk","km":0.364}},
{"type":"Feature","geometry":{"type":"LineString","coordinates":[[34.753,-11.2064],[34.753,-11.20606],[34.75287,-11.20575],[34.75247,-11.20539]]},"properties":{"id":766031057,"cls":"path","hw":"path","tg":"na","name":"","ref":"","surface":"","sc":"unknown","speed":null,"lit":"unk","km":0.134}},
{"type":"Feature","geometry":{"type":"LineString","coordinates":[[34.75287,-11.20575],[34.75311,-11.20565],[34.75343,-11.20523],[34.75355,-11.20511],[34.75365,-11.20485],[34.7538,-11.20444],[34.75381,-11.20426],[34.75381,-11.20412],[34.75405,-11.20368],[34.7541,-11.20304],[34.75404,-11.20178],[34.75404,-11.20176],[34.75407,-11.20119],[34.75501,-11.20086]]},"properties":{"id":766031058,"cls":"residential","hw":"residential","tg":"na","name":"","ref":"","surface":"","sc":"unknown","speed":null,"lit":"unk","km":0.662}},
{"type":"Feature","geometry":{"type":"LineString","coordinates":[[34.75404,-11.20178],[34.75331,-11.2024],[34.75267,-11.2031],[34.75245,-11.20331],[34.75226,-11.20365],[34.75215,-11.20392],[34.75207,-11.20473],[34.75198,-11.20468],[34.7518,-11.20475],[34.75162,-11.20469]]},"properties":{"id":766031059,"cls":"path","hw":"path","tg":"na","name":"","ref":"","surface":"","sc":"unknown","speed":null,"lit":"unk","km":0.462}},
{"type":"Feature","geometry":{"type":"LineString","coordinates":[[34.75226,-11.20365],[34.75248,-11.20361],[34.75314,-11.20372]]},"properties":{"id":766031060,"cls":"path","hw":"path","tg":"na","name":"","ref":"","surface":"","sc":"unknown","speed":null,"lit":"unk","km":0.097}},
{"type":"Feature","geometry":{"type":"LineString","coordinates":[[34.75226,-11.20365],[34.75175,-11.20365],[34.75156,-11.20367],[34.75133,-11.20371],[34.75104,-11.20364],[34.75079,-11.20376],[34.75067,-11.20382]]},"properties":{"id":766031061,"cls":"path","hw":"path","tg":"na","name":"","ref":"","surface":"","sc":"unknown","speed":null,"lit":"unk","km":0.18}},
{"type":"Feature","geometry":{"type":"LineString","coordinates":[[34.92555,-11.43489],[34.92573,-11.43475],[34.92601,-11.43469],[34.92624,-11.43461],[34.92658,-11.43439],[34.9269,-11.4343],[34.92726,-11.43425],[34.92757,-11.43426],[34.92814,-11.43405],[34.92866,-11.43391],[34.92928,-11.43383]]},"properties":{"id":766032151,"cls":"path","hw":"path","tg":"na","name":"","ref":"","surface":"","sc":"unknown","speed":null,"lit":"unk","km":0.43}},
{"type":"Feature","geometry":{"type":"LineString","coordinates":[[34.92928,-11.43383],[34.92981,-11.4337],[34.93025,-11.43342],[34.93106,-11.43296],[34.93158,-11.43252],[34.93233,-11.43177],[34.93255,-11.43157]]},"properties":{"id":766032152,"cls":"residential","hw":"residential","tg":"na","name":"","ref":"","surface":"","sc":"unknown","speed":null,"lit":"unk","km":0.443}},
{"type":"Feature","geometry":{"type":"LineString","coordinates":[[34.92844,-11.439],[34.9286,-11.43895],[34.92898,-11.43867],[34.92916,-11.43854],[34.92947,-11.43831],[34.92985,-11.43805],[34.9299,-11.43792],[34.93022,-11.4377],[34.93036,-11.4377],[34.93073,-11.43754],[34.93096,-11.43748],[34.93118,-11.43728],[34.93143,-11.43719],[34.9317,-11.43713],[34.93192,-11.43694]]},"properties":{"id":766032153,"cls":"track","hw":"track","tg":"none","name":"","ref":"","surface":"","sc":"unknown","speed":null,"lit":"unk","km":0.455}},
{"type":"Feature","geometry":{"type":"LineString","coordinates":[[34.93192,-11.43694],[34.93197,-11.43673],[34.93231,-11.4365],[34.93267,-11.43631],[34.93295,-11.43611],[34.93323,-11.43604],[34.9334,-11.43582],[34.9336,-11.43554],[34.93374,-11.4354],[34.93416,-11.43526],[34.93425,-11.43524]]},"properties":{"id":766032154,"cls":"residential","hw":"residential","tg":"na","name":"","ref":"","surface":"","sc":"unknown","speed":null,"lit":"unk","km":0.332}},
{"type":"Feature","geometry":{"type":"LineString","coordinates":[[34.92411,-11.4312],[34.92408,-11.43141],[34.92404,-11.4315],[34.92404,-11.43162],[34.92415,-11.43175],[34.92424,-11.43194],[34.92427,-11.43212],[34.92432,-11.43233],[34.92437,-11.43245],[34.92474,-11.4331],[34.92494,-11.43374],[34.92512,-11.43396],[34.9252,-11.43408],[34.92515,-11.4342],[34.92523,-11.43443],[34.92527,-11.43464],[34.92532,-11.43471],[34.92555,-11.43489]]},"properties":{"id":766035479,"cls":"path","hw":"path","tg":"na","name":"","ref":"","surface":"","sc":"unknown","speed":null,"lit":"unk","km":0.46}},
{"type":"Feature","geometry":{"type":"LineString","coordinates":[[34.93175,-11.42966],[34.93134,-11.42985],[34.93068,-11.43001],[34.93016,-11.43038],[34.92939,-11.43089],[34.92926,-11.43097],[34.92897,-11.43105],[34.92883,-11.43101],[34.9285,-11.43112],[34.92781,-11.43103],[34.92776,-11.43095],[34.92739,-11.43084],[34.92694,-11.43073],[34.92629,-11.43064],[34.92577,-11.43062],[34.92565,-11.43052],[34.92526,-11.43041],[34.92517,-11.43038],[34.92508,-11.43019]]},"properties":{"id":766035480,"cls":"path","hw":"path","tg":"na","name":"","ref":"","surface":"","sc":"unknown","speed":null,"lit":"unk","km":0.801}},
{"type":"Feature","geometry":{"type":"LineString","coordinates":[[34.92528,-11.42839],[34.92566,-11.42837],[34.92642,-11.4282],[34.927,-11.42793],[34.92736,-11.42757],[34.92755,-11.42742],[34.92793,-11.42736],[34.92821,-11.42743],[34.92873,-11.42702],[34.9289,-11.42687]]},"properties":{"id":766035481,"cls":"path","hw":"path","tg":"na","name":"","ref":"","surface":"","sc":"unknown","speed":null,"lit":"unk","km":0.45}},
{"type":"Feature","geometry":{"type":"LineString","coordinates":[[34.9289,-11.42687],[34.92961,-11.42659],[34.92974,-11.42649],[34.93055,-11.42619],[34.93111,-11.4259],[34.93113,-11.42596]]},"properties":{"id":766035482,"cls":"residential","hw":"residential","tg":"na","name":"","ref":"","surface":"","sc":"unknown","speed":null,"lit":"unk","km":0.272}},
{"type":"Feature","geometry":{"type":"LineString","coordinates":[[34.92473,-11.4267],[34.92503,-11.42673],[34.92518,-11.42669],[34.92585,-11.42652],[34.92601,-11.42653],[34.92626,-11.42635],[34.92668,-11.42616],[34.92685,-11.42568],[34.92699,-11.42541],[34.92737,-11.4251],[34.92769,-11.42497],[34.92812,-11.42487],[34.92828,-11.42488],[34.92842,-11.42498],[34.92854,-11.42503]]},"properties":{"id":766035483,"cls":"path","hw":"path","tg":"na","name":"","ref":"","surface":"","sc":"unknown","speed":null,"lit":"unk","km":0.507}},
{"type":"Feature","geometry":{"type":"LineString","coordinates":[[34.92854,-11.42503],[34.92877,-11.42503],[34.92892,-11.42507],[34.92916,-11.42515],[34.93015,-11.4252],[34.93053,-11.4252],[34.93057,-11.42537],[34.93108,-11.42583],[34.93111,-11.4259]]},"properties":{"id":766035484,"cls":"residential","hw":"residential","tg":"na","name":"","ref":"","surface":"","sc":"unknown","speed":null,"lit":"unk","km":0.322}},
{"type":"Feature","geometry":{"type":"LineString","coordinates":[[34.92382,-11.42442],[34.92421,-11.42426],[34.9247,-11.42404],[34.92494,-11.42374],[34.92511,-11.4235],[34.92536,-11.42354],[34.9257,-11.42346],[34.92608,-11.42331],[34.92635,-11.42328]]},"properties":{"id":766035485,"cls":"track","hw":"track","tg":"none","name":"","ref":"","surface":"","sc":"unknown","speed":null,"lit":"unk","km":0.32}},
{"type":"Feature","geometry":{"type":"LineString","coordinates":[[34.92635,-11.42328],[34.92658,-11.42303],[34.92681,-11.42295],[34.92707,-11.42279],[34.92729,-11.42265],[34.92764,-11.42222],[34.92808,-11.42193],[34.92838,-11.4219],[34.92873,-11.42181],[34.9289,-11.42176],[34.92919,-11.42153],[34.92932,-11.42128],[34.92946,-11.42125],[34.92977,-11.42112],[34.93007,-11.42089],[34.93021,-11.42078],[34.93041,-11.42075],[34.93067,-11.42062]]},"properties":{"id":766035486,"cls":"track","hw":"track","tg":"none","name":"","ref":"","surface":"","sc":"unknown","speed":null,"lit":"unk","km":0.576}},
{"type":"Feature","geometry":{"type":"LineString","coordinates":[[34.93067,-11.42062],[34.93097,-11.42059]]},"properties":{"id":766035487,"cls":"residential","hw":"residential","tg":"na","name":"","ref":"","surface":"","sc":"unknown","speed":null,"lit":"unk","km":0.033}},
{"type":"Feature","geometry":{"type":"LineString","coordinates":[[34.92635,-11.42328],[34.92654,-11.42323],[34.92676,-11.42325],[34.9269,-11.42329],[34.9272,-11.42326],[34.92741,-11.4232],[34.92765,-11.42323],[34.92792,-11.42313],[34.92824,-11.42298],[34.92834,-11.42285],[34.92844,-11.42281],[34.92862,-11.42266],[34.92872,-11.42262],[34.9289,-11.42258]]},"properties":{"id":766035488,"cls":"path","hw":"path","tg":"na","name":"","ref":"","surface":"","sc":"unknown","speed":null,"lit":"unk","km":0.302}},
{"type":"Feature","geometry":{"type":"LineString","coordinates":[[34.92873,-11.42181],[34.92863,-11.42211],[34.92865,-11.42222],[34.9288,-11.42243],[34.9289,-11.42258],[34.92898,-11.42283],[34.92904,-11.42316]]},"properties":{"id":766035489,"cls":"path","hw":"path","tg":"na","name":"","ref":"","surface":"","sc":"unknown","speed":null,"lit":"unk","km":0.162}},
{"type":"Feature","geometry":{"type":"LineString","coordinates":[[34.92808,-11.42193],[34.92803,-11.42188],[34.92795,-11.42173],[34.92794,-11.42172],[34.92777,-11.42171],[34.92758,-11.42161],[34.92734,-11.42161],[34.92719,-11.42158],[34.92693,-11.42158],[34.92658,-11.42159],[34.92621,-11.42153],[34.92614,-11.42141]]},"properties":{"id":766035490,"cls":"path","hw":"path","tg":"na","name":"","ref":"","surface":"","sc":"unknown","speed":null,"lit":"unk","km":0.236}},
{"type":"Feature","geometry":{"type":"LineString","coordinates":[[34.92795,-11.42173],[34.92777,-11.42137],[34.92778,-11.42107],[34.9279,-11.42077],[34.9279,-11.42058],[34.92798,-11.4198],[34.92788,-11.41952],[34.92784,-11.41932],[34.92786,-11.41918],[34.92771,-11.419],[34.9276,-11.41893],[34.92729,-11.4187]]},"properties":{"id":766035491,"cls":"path","hw":"path","tg":"na","name":"","ref":"","surface":"","sc":"unknown","speed":null,"lit":"unk","km":0.376}},
{"type":"Feature","geometry":{"type":"LineString","coordinates":[[34.92729,-11.4187],[34.92751,-11.41865],[34.92771,-11.41865],[34.92791,-11.4186],[34.92814,-11.41858],[34.92834,-11.41862],[34.92889,-11.4186],[34.92912,-11.41853],[34.92939,-11.41842],[34.92959,-11.41839],[34.92981,-11.41846],[34.9301,-11.4185],[34.93036,-11.41858],[34.93054,-11.41858],[34.93109,-11.41871]]},"properties":{"id":766035492,"cls":"residential","hw":"residential","tg":"na","name":"","ref":"","surface":"","sc":"unknown","speed":null,"lit":"unk","km":0.425}},
{"type":"Feature","geometry":{"type":"LineString","coordinates":[[34.92881,-11.41426],[34.92856,-11.41425],[34.92845,-11.41428],[34.92818,-11.41427],[34.92778,-11.41426],[34.9276,-11.41405],[34.92735,-11.41393]]},"properties":{"id":766035493,"cls":"residential","hw":"residential","tg":"na","name":"","ref":"","surface":"","sc":"unknown","speed":null,"lit":"unk","km":0.174}},
{"type":"Feature","geometry":{"type":"LineString","coordinates":[[34.92778,-11.41426],[34.92777,-11.41438],[34.92783,-11.41459],[34.92793,-11.41484],[34.92807,-11.41508]]},"properties":{"id":766035494,"cls":"path","hw":"path","tg":"na","name":"","ref":"","surface":"","sc":"unknown","speed":null,"lit":"unk","km":0.098}},
{"type":"Feature","geometry":{"type":"LineString","coordinates":[[34.92941,-11.41504],[34.92922,-11.41522],[34.92908,-11.41517],[34.92887,-11.41517],[34.92868,-11.41518],[34.92844,-11.41524],[34.92826,-11.41537],[34.92804,-11.41546],[34.92801,-11.41575],[34.92796,-11.4161],[34.92801,-11.41623],[34.92798,-11.41647],[34.92829,-11.4165],[34.9286,-11.41648],[34.92868,-11.41668],[34.92905,-11.41688],[34.92926,-11.41676],[34.92936,-11.41675],[34.92944,-11.41682],[34.92955,-11.41686],[34.92966,-11.41685],[34.92987,-11.41699],[34.93007,-11.41704],[34.93018,-11.41708],[34.93024,-11.41713],[34.93033,-11.41708],[34.93065,-11.41706]]},"properties":{"id":766035495,"cls":"residential","hw":"residential","tg":"na","name":"","ref":"","surface":"","sc":"unknown","speed":null,"lit":"unk","km":0.61}},
{"type":"Feature","geometry":{"type":"LineString","coordinates":[[34.92814,-11.41858],[34.92809,-11.41795],[34.92808,-11.41784],[34.92792,-11.41764],[34.9279,-11.4175],[34.928,-11.4172],[34.92795,-11.41707]]},"properties":{"id":766035496,"cls":"path","hw":"path","tg":"na","name":"","ref":"","surface":"","sc":"unknown","speed":null,"lit":"unk","km":0.177}},
{"type":"Feature","geometry":{"type":"LineString","coordinates":[[34.92428,-11.4174],[34.92498,-11.41737],[34.92529,-11.41725],[34.92553,-11.41734],[34.9257,-11.41727],[34.92596,-11.41732],[34.92619,-11.41736],[34.92648,-11.41718],[34.92692,-11.41717]]},"properties":{"id":766035497,"cls":"path","hw":"path","tg":"na","name":"","ref":"","surface":"","sc":"unknown","speed":null,"lit":"unk","km":0.301}},
{"type":"Feature","geometry":{"type":"LineString","coordinates":[[34.92692,-11.41717],[34.92725,-11.41714],[34.92795,-11.41707],[34.92798,-11.41647]]},"properties":{"id":766035498,"cls":"residential","hw":"residential","tg":"na","name":"","ref":"","surface":"","sc":"unknown","speed":null,"lit":"unk","km":0.18}},
{"type":"Feature","geometry":{"type":"LineString","coordinates":[[34.92905,-11.41688],[34.92889,-11.41693],[34.92851,-11.417],[34.92809,-11.41707],[34.92795,-11.41707]]},"properties":{"id":766035499,"cls":"path","hw":"path","tg":"na","name":"","ref":"","surface":"","sc":"unknown","speed":null,"lit":"unk","km":0.122}},
{"type":"Feature","geometry":{"type":"LineString","coordinates":[[34.92798,-11.41647],[34.92781,-11.41643],[34.9276,-11.41649],[34.92744,-11.41655],[34.92736,-11.41661],[34.92733,-11.41677],[34.92719,-11.41695],[34.92692,-11.41717]]},"properties":{"id":766035500,"cls":"path","hw":"path","tg":"na","name":"","ref":"","surface":"","sc":"unknown","speed":null,"lit":"unk","km":0.154}},
{"type":"Feature","geometry":{"type":"LineString","coordinates":[[34.92719,-11.41695],[34.92724,-11.41703],[34.92725,-11.41714],[34.92722,-11.41732],[34.92716,-11.4175],[34.92705,-11.41755],[34.92691,-11.41762],[34.92676,-11.41764],[34.92655,-11.4178],[34.92614,-11.41805],[34.92605,-11.41811],[34.92601,-11.41833],[34.92593,-11.4185],[34.92578,-11.41865],[34.92575,-11.41869]]},"properties":{"id":766035501,"cls":"path","hw":"path","tg":"na","name":"","ref":"","surface":"","sc":"unknown","speed":null,"lit":"unk","km":0.279}},
{"type":"Feature","geometry":{"type":"LineString","coordinates":[[34.92729,-11.4187],[34.92713,-11.41874],[34.92697,-11.41873],[34.9268,-11.41874],[34.92639,-11.41871],[34.92621,-11.41875],[34.92591,-11.4187],[34.92575,-11.41869],[34.92564,-11.41871],[34.92534,-11.41865],[34.92501,-11.41861],[34.92468,-11.41852],[34.92447,-11.41841],[34.92432,-11.41822],[34.9242,-11.41802],[34.9241,-11.41795],[34.92401,-11.41762]]},"properties":{"id":766035502,"cls":"path","hw":"path","tg":"na","name":"","ref":"","surface":"","sc":"unknown","speed":null,"lit":"unk","km":0.419}},
{"type":"Feature","geometry":{"type":"LineString","coordinates":[[34.92479,-11.41446],[34.92509,-11.4144],[34.92525,-11.41441],[34.92544,-11.41447],[34.92568,-11.41456],[34.92613,-11.41473],[34.9262,-11.41475],[34.92634,-11.41478],[34.92662,-11.41491],[34.92676,-11.41498],[34.92714,-11.41503],[34.92736,-11.41509]]},"properties":{"id":766035503,"cls":"track","hw":"track","tg":"none","name":"","ref":"","surface":"","sc":"unknown","speed":null,"lit":"unk","km":0.294}},
{"type":"Feature","geometry":{"type":"LineString","coordinates":[[34.92723,-11.41415],[34.92722,-11.41436],[34.92727,-11.41473],[34.92733,-11.41496],[34.92736,-11.41509],[34.92754,-11.41514],[34.92776,-11.41522],[34.92806,-11.41523],[34.92804,-11.41546]]},"properties":{"id":766035504,"cls":"path","hw":"path","tg":"na","name":"","ref":"","surface":"","sc":"unknown","speed":null,"lit":"unk","km":0.21}},
{"type":"Feature","geometry":{"type":"LineString","coordinates":[[34.92806,-11.41523],[34.92807,-11.41508],[34.92818,-11.41492],[34.92832,-11.41469],[34.92842,-11.4146],[34.92851,-11.41452],[34.92845,-11.41428]]},"properties":{"id":766035505,"cls":"residential","hw":"residential","tg":"na","name":"","ref":"","surface":"","sc":"unknown","speed":null,"lit":"unk","km":0.123}},
{"type":"Feature","geometry":{"type":"LineString","coordinates":[[34.9286,-11.41648],[34.9285,-11.41632],[34.92839,-11.41587],[34.92832,-11.41571],[34.92814,-11.41569],[34.92801,-11.41575],[34.92779,-11.41584],[34.92743,-11.41595]]},"properties":{"id":766035506,"cls":"residential","hw":"residential","tg":"na","name":"","ref":"","surface":"","sc":"unknown","speed":null,"lit":"unk","km":0.194}},
{"type":"Feature","geometry":{"type":"LineString","coordinates":[[34.92743,-11.41595],[34.92705,-11.41587],[34.92658,-11.41569],[34.92624,-11.41552],[34.9262,-11.41538],[34.92619,-11.41538],[34.92597,-11.41525],[34.92587,-11.41521],[34.92574,-11.41507],[34.92545,-11.41494]]},"properties":{"id":766035507,"cls":"path","hw":"path","tg":"na","name":"","ref":"","surface":"","sc":"unknown","speed":null,"lit":"unk","km":0.252}},
{"type":"Feature","geometry":{"type":"LineString","coordinates":[[34.92619,-11.41538],[34.92624,-11.41529],[34.92622,-11.41513],[34.92623,-11.41496],[34.92622,-11.41485],[34.9262,-11.41475]]},"properties":{"id":766035508,"cls":"path","hw":"path","tg":"na","name":"","ref":"","surface":"","sc":"unknown","speed":null,"lit":"unk","km":0.072}},
{"type":"Feature","geometry":{"type":"LineString","coordinates":[[34.92729,-11.41527],[34.92736,-11.41543],[34.92736,-11.41549],[34.92739,-11.41573],[34.92743,-11.41595]]},"properties":{"id":766035509,"cls":"path","hw":"path","tg":"na","name":"","ref":"","surface":"","sc":"unknown","speed":null,"lit":"unk","km":0.078}},
{"type":"Feature","geometry":{"type":"LineString","coordinates":[[34.9279,-11.4175],[34.92785,-11.41765],[34.92777,-11.41796],[34.92778,-11.41805],[34.9277,-11.41814],[34.92761,-11.41839],[34.92753,-11.41856],[34.92751,-11.41865]]},"properties":{"id":766035510,"cls":"path","hw":"path","tg":"na","name":"","ref":"","surface":"","sc":"unknown","speed":null,"lit":"unk","km":0.137}},
{"type":"Feature","geometry":{"type":"LineString","coordinates":[[34.92784,-11.41932],[34.92775,-11.41931],[34.92762,-11.41935],[34.9274,-11.41947],[34.92717,-11.41959],[34.9266,-11.41973],[34.92624,-11.41979],[34.92588,-11.41989],[34.92578,-11.41997],[34.92561,-11.41997],[34.92554,-11.42002]]},"properties":{"id":766035511,"cls":"path","hw":"path","tg":"na","name":"","ref":"","surface":"","sc":"unknown","speed":null,"lit":"unk","km":0.267}},
{"type":"Feature","geometry":{"type":"LineString","coordinates":[[34.92798,-11.4198],[34.92808,-11.42002],[34.92818,-11.4202],[34.92841,-11.42036],[34.92868,-11.42065],[34.92889,-11.42082],[34.92915,-11.42105],[34.92922,-11.42118],[34.92934,-11.42122],[34.92946,-11.42125]]},"properties":{"id":766035512,"cls":"path","hw":"path","tg":"na","name":"","ref":"","surface":"","sc":"unknown","speed":null,"lit":"unk","km":0.235}},
{"type":"Feature","geometry":{"type":"LineString","coordinates":[[34.92815,-11.42048],[34.92841,-11.42036]]},"properties":{"id":766035513,"cls":"path","hw":"path","tg":"na","name":"","ref":"","surface":"","sc":"unknown","speed":null,"lit":"unk","km":0.031}},
{"type":"Feature","geometry":{"type":"LineString","coordinates":[[34.92741,-11.41042],[34.92728,-11.41083],[34.9273,-11.41126],[34.9273,-11.4114],[34.92736,-11.41174],[34.92719,-11.41242],[34.92712,-11.413],[34.92708,-11.41322],[34.92705,-11.41336],[34.92716,-11.41343],[34.92726,-11.41351],[34.92721,-11.41373],[34.92725,-11.41382],[34.92735,-11.41393]]},"properties":{"id":766036898,"cls":"residential","hw":"residential","tg":"na","name":"","ref":"","surface":"","sc":"unknown","speed":null,"lit":"unk","km":0.414}},
{"type":"Feature","geometry":{"type":"LineString","coordinates":[[34.92856,-11.41357],[34.92821,-11.41359],[34.92778,-11.4136],[34.92751,-11.41354],[34.92726,-11.41351]]},"properties":{"id":766036899,"cls":"residential","hw":"residential","tg":"na","name":"","ref":"","surface":"","sc":"unknown","speed":null,"lit":"unk","km":0.143}},
{"type":"Feature","geometry":{"type":"LineString","coordinates":[[34.92568,-11.41456],[34.92586,-11.4145],[34.9261,-11.41451],[34.92624,-11.41438],[34.92638,-11.41436],[34.92652,-11.41426],[34.9267,-11.41419],[34.92688,-11.41411],[34.92704,-11.41409],[34.92723,-11.41415]]},"properties":{"id":766036900,"cls":"path","hw":"path","tg":"na","name":"","ref":"","surface":"","sc":"unknown","speed":null,"lit":"unk","km":0.184}},
{"type":"Feature","geometry":{"type":"LineString","coordinates":[[34.92725,-11.41321],[34.92745,-11.413],[34.92773,-11.4128],[34.92793,-11.41272],[34.92801,-11.41272],[34.92833,-11.4126]]},"properties":{"id":766036901,"cls":"path","hw":"path","tg":"na","name":"","ref":"","surface":"","sc":"unknown","speed":null,"lit":"unk","km":0.139}},
{"type":"Feature","geometry":{"type":"LineString","coordinates":[[34.9273,-11.41126],[34.92704,-11.41108],[34.92665,-11.41093],[34.92614,-11.41058],[34.92583,-11.41013],[34.92567,-11.41002],[34.9255,-11.4099],[34.92528,-11.4098],[34.92509,-11.40973],[34.92493,-11.40936]]},"properties":{"id":766036902,"cls":"path","hw":"path","tg":"na","name":"","ref":"","surface":"","sc":"unknown","speed":null,"lit":"unk","km":0.346}},
{"type":"Feature","geometry":{"type":"LineString","coordinates":[[34.92821,-11.41199],[34.92822,-11.41168],[34.92822,-11.41166],[34.92822,-11.41123],[34.92828,-11.41079],[34.9285,-11.41039],[34.92884,-11.40985],[34.92904,-11.40933],[34.92893,-11.40917]]},"properties":{"id":766036903,"cls":"path","hw":"path","tg":"na","name":"","ref":"","surface":"","sc":"unknown","speed":null,"lit":"unk","km":0.338}},
{"type":"Feature","geometry":{"type":"LineString","coordinates":[[34.92822,-11.41168],[34.92845,-11.41154],[34.92867,-11.41142],[34.92893,-11.41127],[34.9292,-11.41109],[34.92941,-11.41103],[34.92987,-11.41091],[34.93033,-11.4108]]},"properties":{"id":766036904,"cls":"path","hw":"path","tg":"na","name":"","ref":"","surface":"","sc":"unknown","speed":null,"lit":"unk","km":0.253}},
{"type":"Feature","geometry":{"type":"LineString","coordinates":[[34.9273,-11.41126],[34.92746,-11.41127],[34.92751,-11.4114],[34.92751,-11.41149],[34.92766,-11.41165],[34.92783,-11.41192],[34.92789,-11.41202],[34.92821,-11.41199]]},"properties":{"id":766036905,"cls":"residential","hw":"residential","tg":"na","name":"","ref":"","surface":"","sc":"unknown","speed":null,"lit":"unk","km":0.15}},
{"type":"Feature","geometry":{"type":"LineString","coordinates":[[34.92821,-11.40872],[34.92801,-11.40839],[34.92768,-11.40784],[34.92745,-11.40766]]},"properties":{"id":766036906,"cls":"residential","hw":"residential","tg":"na","name":"","ref":"","surface":"","sc":"unknown","speed":null,"lit":"unk","km":0.146}},
{"type":"Feature","geometry":{"type":"LineString","coordinates":[[34.92718,-11.40812],[34.92732,-11.40823],[34.92752,-11.40823],[34.92777,-11.40832],[34.92795,-11.40842],[34.92801,-11.40839],[34.92834,-11.40812]]},"properties":{"id":766036907,"cls":"path","hw":"path","tg":"na","name":"","ref":"","surface":"","sc":"unknown","speed":null,"lit":"unk","km":0.147}},
{"type":"Feature","geometry":{"type":"LineString","coordinates":[[34.92732,-11.40823],[34.9274,-11.40839],[34.92764,-11.40864],[34.92773,-11.40877],[34.92787,-11.40903]]},"properties":{"id":766036908,"cls":"path","hw":"path","tg":"na","name":"","ref":"","surface":"","sc":"unknown","speed":null,"lit":"unk","km":0.108}},
{"type":"Feature","geometry":{"type":"LineString","coordinates":[[34.92745,-11.40766],[34.92762,-11.4077],[34.92785,-11.40773],[34.92816,-11.40772],[34.92829,-11.40778],[34.92851,-11.40802],[34.92879,-11.40827]]},"properties":{"id":766036909,"cls":"path","hw":"path","tg":"na","name":"","ref":"","surface":"","sc":"unknown","speed":null,"lit":"unk","km":0.171}},
{"type":"Feature","geometry":{"type":"LineString","coordinates":[[34.92745,-11.40766],[34.92726,-11.40754],[34.92709,-11.40731]]},"properties":{"id":766036910,"cls":"path","hw":"path","tg":"na","name":"","ref":"","surface":"","sc":"unknown","speed":null,"lit":"unk","km":0.056}},
{"type":"Feature","geometry":{"type":"LineString","coordinates":[[34.92718,-11.40812],[34.92716,-11.40785],[34.92713,-11.40776],[34.92733,-11.4077],[34.92745,-11.40766]]},"properties":{"id":766036911,"cls":"path","hw":"path","tg":"na","name":"","ref":"","surface":"","sc":"unknown","speed":null,"lit":"unk","km":0.077}},
{"type":"Feature","geometry":{"type":"LineString","coordinates":[[34.88789,-11.36962],[34.88798,-11.36923],[34.88811,-11.36875],[34.88813,-11.36848],[34.88814,-11.36839],[34.8884,-11.36809],[34.88924,-11.36754],[34.88948,-11.36745],[34.88986,-11.36724],[34.89053,-11.36686],[34.891,-11.36664],[34.89151,-11.36639],[34.89228,-11.36604],[34.89246,-11.36589],[34.89289,-11.36559],[34.89322,-11.36532],[34.89374,-11.36529],[34.89419,-11.36533],[34.89444,-11.36532],[34.89489,-11.36514],[34.89541,-11.36522],[34.89587,-11.36507],[34.89642,-11.36488],[34.89658,-11.36485],[34.89686,-11.36478],[34.89711,-11.36466],[34.89735,-11.36465],[34.89747,-11.36472],[34.89752,-11.36491],[34.89755,-11.36508],[34.89777,-11.36533],[34.89795,-11.36556],[34.89834,-11.36586],[34.89839,-11.36586],[34.89863,-11.36575],[34.89874,-11.36562],[34.89891,-11.36533],[34.89909,-11.36517],[34.89936,-11.365],[34.89943,-11.36483],[34.89951,-11.36465]]},"properties":{"id":766039422,"cls":"path","hw":"path","tg":"na","name":"","ref":"","surface":"","sc":"unknown","speed":null,"lit":"unk","km":1.634}},
{"type":"Feature","geometry":{"type":"LineString","coordinates":[[34.88918,-11.36292],[34.88904,-11.36331],[34.88895,-11.36388],[34.88886,-11.36448],[34.88857,-11.36525],[34.88839,-11.3658],[34.88825,-11.36647],[34.88802,-11.36725],[34.88791,-11.36748],[34.88786,-11.36797],[34.88778,-11.3683],[34.88813,-11.36848]]},"properties":{"id":766039423,"cls":"path","hw":"path","tg":"na","name":"","ref":"","surface":"","sc":"unknown","speed":null,"lit":"unk","km":0.663}},
{"type":"Feature","geometry":{"type":"LineString","coordinates":[[34.88598,-11.36899],[34.88596,-11.36866],[34.88615,-11.36834],[34.88632,-11.36822],[34.88645,-11.36799],[34.88634,-11.36747],[34.8863,-11.36731],[34.88634,-11.36712],[34.88629,-11.36705],[34.88636,-11.36671],[34.88643,-11.36636],[34.88653,-11.36601],[34.88674,-11.3656],[34.88678,-11.3653],[34.88678,-11.36518],[34.88676,-11.36483],[34.88671,-11.36444],[34.88662,-11.36413],[34.88656,-11.36396],[34.88648,-11.36361],[34.88643,-11.36318],[34.88641,-11.36268],[34.88646,-11.36252],[34.88652,-11.3622],[34.88661,-11.36204],[34.88671,-11.36172],[34.88676,-11.36157],[34.88685,-11.36138],[34.8869,-11.36112],[34.88696,-11.36094],[34.88692,-11.36058],[34.88682,-11.36037]]},"properties":{"id":766039424,"cls":"path","hw":"path","tg":"na","name":"","ref":"","surface":"","sc":"unknown","speed":null,"lit":"unk","km":1.007}},
{"type":"Feature","geometry":{"type":"LineString","coordinates":[[34.88735,-11.35381],[34.88723,-11.35413],[34.88702,-11.35464],[34.88735,-11.355],[34.88737,-11.35576],[34.88718,-11.35628],[34.88699,-11.35662],[34.88684,-11.35693],[34.88682,-11.35741],[34.88678,-11.35775],[34.88667,-11.35809],[34.88628,-11.35843],[34.88613,-11.35865],[34.88637,-11.35922],[34.8862,-11.35954],[34.8862,-11.35985],[34.88613,-11.36009],[34.88609,-11.36053],[34.88596,-11.36085],[34.88584,-11.36108],[34.88579,-11.36137]]},"properties":{"id":766039426,"cls":"residential","hw":"residential","tg":"na","name":"","ref":"","surface":"","sc":"unknown","speed":null,"lit":"unk","km":0.917}},
{"type":"Feature","geometry":{"type":"LineString","coordinates":[[34.88682,-11.36037],[34.88683,-11.36014],[34.88677,-11.35983],[34.88653,-11.36],[34.88613,-11.36009]]},"properties":{"id":766039427,"cls":"path","hw":"path","tg":"na","name":"","ref":"","surface":"","sc":"unknown","speed":null,"lit":"unk","km":0.138}},
{"type":"Feature","geometry":{"type":"LineString","coordinates":[[34.94964,-11.47483],[34.94944,-11.475],[34.94906,-11.47528],[34.94875,-11.47545],[34.94838,-11.47585],[34.94803,-11.4762],[34.94778,-11.47644]]},"properties":{"id":766042089,"cls":"path","hw":"path","tg":"na","name":"","ref":"","surface":"","sc":"unknown","speed":null,"lit":"unk","km":0.272}},
{"type":"Feature","geometry":{"type":"LineString","coordinates":[[34.94843,-11.4742],[34.94838,-11.47433],[34.94815,-11.47464],[34.94782,-11.47505],[34.94761,-11.4754],[34.94747,-11.47561],[34.94694,-11.47605]]},"properties":{"id":766042090,"cls":"path","hw":"path","tg":"na","name":"","ref":"","surface":"","sc":"unknown","speed":null,"lit":"unk","km":0.265}},
{"type":"Feature","geometry":{"type":"LineString","coordinates":[[34.94593,-11.47232],[34.94584,-11.47242],[34.94564,-11.47265],[34.94525,-11.47305],[34.94499,-11.4735],[34.94483,-11.47366]]},"properties":{"id":766042091,"cls":"path","hw":"path","tg":"na","name":"","ref":"","surface":"","sc":"unknown","speed":null,"lit":"unk","km":0.192}},
{"type":"Feature","geometry":{"type":"LineString","coordinates":[[34.94593,-11.47232],[34.94606,-11.47228],[34.94634,-11.47208],[34.94673,-11.4719],[34.94679,-11.47184]]},"properties":{"id":766042092,"cls":"residential","hw":"residential","tg":"na","name":"","ref":"","surface":"","sc":"unknown","speed":null,"lit":"unk","km":0.109}},
{"type":"Feature","geometry":{"type":"LineString","coordinates":[[34.94679,-11.47184],[34.94696,-11.47182],[34.94712,-11.47168],[34.94715,-11.47127],[34.94759,-11.47099],[34.94782,-11.47071],[34.94814,-11.47054],[34.94817,-11.47053],[34.94872,-11.47034]]},"properties":{"id":766042093,"cls":"path","hw":"path","tg":"na","name":"","ref":"","surface":"","sc":"unknown","speed":null,"lit":"unk","km":0.292}},
{"type":"Feature","geometry":{"type":"LineString","coordinates":[[34.94562,-11.47149],[34.94595,-11.47127],[34.9461,-11.47106],[34.94623,-11.4709],[34.94632,-11.47071],[34.94636,-11.47068],[34.94641,-11.47052],[34.94682,-11.4701],[34.94719,-11.4698],[34.94732,-11.46961],[34.94748,-11.46959],[34.94757,-11.46949],[34.94785,-11.46947],[34.94796,-11.46949],[34.94822,-11.46939],[34.94834,-11.46936],[34.94852,-11.46937],[34.9487,-11.46929],[34.94885,-11.46925]]},"properties":{"id":766042094,"cls":"path","hw":"path","tg":"na","name":"","ref":"","surface":"","sc":"unknown","speed":null,"lit":"unk","km":0.462}},
{"type":"Feature","geometry":{"type":"LineString","coordinates":[[34.94514,-11.47045],[34.94526,-11.47038],[34.94542,-11.4702],[34.94567,-11.47003],[34.94594,-11.46989],[34.94607,-11.46998],[34.94631,-11.46995],[34.94658,-11.46983],[34.94676,-11.4698],[34.94695,-11.46977]]},"properties":{"id":766042095,"cls":"path","hw":"path","tg":"na","name":"","ref":"","surface":"","sc":"unknown","speed":null,"lit":"unk","km":0.225}},
{"type":"Feature","geometry":{"type":"LineString","coordinates":[[34.94594,-11.46989],[34.94587,-11.46964],[34.94574,-11.46964],[34.94558,-11.46951],[34.94547,-11.46956],[34.94533,-11.46955],[34.94522,-11.46946],[34.94501,-11.46943],[34.94472,-11.46947]]},"properties":{"id":766042096,"cls":"path","hw":"path","tg":"na","name":"","ref":"","surface":"","sc":"unknown","speed":null,"lit":"unk","km":0.165}},
{"type":"Feature","geometry":{"type":"LineString","coordinates":[[34.94441,-11.4687],[34.94482,-11.46883],[34.94495,-11.46888],[34.94513,-11.46886],[34.94535,-11.46898],[34.94549,-11.46901],[34.94567,-11.46915],[34.94598,-11.4691],[34.94618,-11.46909],[34.94633,-11.46921],[34.94681,-11.46919],[34.94717,-11.46926],[34.94732,-11.46925],[34.94749,-11.46918],[34.9476,-11.46905],[34.94792,-11.46896],[34.9483,-11.46882],[34.9485,-11.46869]]},"properties":{"id":766042097,"cls":"residential","hw":"residential","tg":"na","name":"","ref":"","surface":"","sc":"unknown","speed":null,"lit":"unk","km":0.481}},
{"type":"Feature","geometry":{"type":"LineString","coordinates":[[34.9476,-11.46905],[34.94767,-11.46889],[34.94773,-11.46879],[34.94789,-11.4687]]},"properties":{"id":766042098,"cls":"path","hw":"path","tg":"na","name":"","ref":"","surface":"","sc":"unknown","speed":null,"lit":"unk","km":0.052}},
{"type":"Feature","geometry":{"type":"LineString","coordinates":[[34.94505,-11.47023],[34.94483,-11.47037],[34.94445,-11.4705],[34.94426,-11.47055],[34.94402,-11.47086],[34.94373,-11.47101],[34.94356,-11.47124],[34.94337,-11.47155],[34.94285,-11.47213]]},"properties":{"id":766042099,"cls":"path","hw":"path","tg":"na","name":"","ref":"","surface":"","sc":"unknown","speed":null,"lit":"unk","km":0.331}},
{"type":"Feature","geometry":{"type":"LineString","coordinates":[[34.94441,-11.4687],[34.94433,-11.46872],[34.94418,-11.4687],[34.94408,-11.46864],[34.94397,-11.46862],[34.94378,-11.46839],[34.94331,-11.46855],[34.94309,-11.46865],[34.94284,-11.46881],[34.94274,-11.46902],[34.9424,-11.46929],[34.94146,-11.47018]]},"properties":{"id":766042100,"cls":"track","hw":"track","tg":"none","name":"","ref":"","surface":"","sc":"unknown","speed":null,"lit":"unk","km":0.412}},
{"type":"Feature","geometry":{"type":"LineString","coordinates":[[34.94085,-11.46976],[34.94126,-11.46921],[34.94172,-11.46889],[34.94207,-11.46863],[34.94234,-11.46852],[34.94253,-11.46826],[34.94282,-11.46791],[34.9429,-11.46785]]},"properties":{"id":766042101,"cls":"track","hw":"track","tg":"none","name":"","ref":"","surface":"","sc":"unknown","speed":null,"lit":"unk","km":0.314}},
{"type":"Feature","geometry":{"type":"LineString","coordinates":[[34.9429,-11.46785],[34.94325,-11.46758],[34.94349,-11.46726],[34.94372,-11.46697]]},"properties":{"id":766042102,"cls":"residential","hw":"residential","tg":"na","name":"","ref":"","surface":"","sc":"unknown","speed":null,"lit":"unk","km":0.134}},
{"type":"Feature","geometry":{"type":"LineString","coordinates":[[34.9429,-11.46785],[34.94319,-11.46785],[34.94339,-11.46787],[34.94355,-11.46789],[34.94381,-11.46788],[34.94398,-11.4678]]},"properties":{"id":766042103,"cls":"residential","hw":"residential","tg":"na","name":"","ref":"","surface":"","sc":"unknown","speed":null,"lit":"unk","km":0.12}},
{"type":"Feature","geometry":{"type":"LineString","coordinates":[[34.94401,-11.46787],[34.94422,-11.46777],[34.94443,-11.46778],[34.94461,-11.46783],[34.9447,-11.46786],[34.94485,-11.46785],[34.94501,-11.46783],[34.9451,-11.46781],[34.94521,-11.46778],[34.94541,-11.46776],[34.9456,-11.46769],[34.94579,-11.46764],[34.946,-11.46758],[34.94618,-11.46748],[34.94649,-11.46752],[34.94659,-11.46752],[34.94669,-11.46746],[34.94691,-11.46747],[34.94708,-11.46744],[34.94717,-11.46734]]},"properties":{"id":766042104,"cls":"residential","hw":"residential","tg":"na","name":"","ref":"","surface":"","sc":"unknown","speed":null,"lit":"unk","km":0.363}},
{"type":"Feature","geometry":{"type":"LineString","coordinates":[[34.94717,-11.46734],[34.94725,-11.46715],[34.94763,-11.46697],[34.94791,-11.46686],[34.9481,-11.46662],[34.94816,-11.46633],[34.94811,-11.46615],[34.94809,-11.46599],[34.94775,-11.46581],[34.94752,-11.46585]]},"properties":{"id":766042105,"cls":"path","hw":"path","tg":"na","name":"","ref":"","surface":"","sc":"unknown","speed":null,"lit":"unk","km":0.275}},
{"type":"Feature","geometry":{"type":"LineString","coordinates":[[34.94791,-11.46686],[34.94819,-11.46679],[34.94868,-11.46662],[34.94902,-11.46647]]},"properties":{"id":766042106,"cls":"path","hw":"path","tg":"na","name":"","ref":"","surface":"","sc":"unknown","speed":null,"lit":"unk","km":0.129}},
{"type":"Feature","geometry":{"type":"LineString","coordinates":[[34.94809,-11.46599],[34.94828,-11.46584],[34.94863,-11.46566]]},"properties":{"id":766042107,"cls":"path","hw":"path","tg":"na","name":"","ref":"","surface":"","sc":"unknown","speed":null,"lit":"unk","km":0.07}},
{"type":"Feature","geometry":{"type":"LineString","coordinates":[[34.94367,-11.46669],[34.944,-11.46653],[34.94466,-11.4664],[34.94501,-11.46642],[34.94538,-11.46634],[34.94581,-11.46607],[34.9459,-11.46604],[34.94602,-11.46599],[34.94612,-11.46599],[34.94624,-11.46599],[34.94649,-11.46595],[34.94668,-11.46597],[34.94684,-11.46598],[34.94699,-11.46605],[34.9474,-11.46593],[34.94752,-11.46585],[34.9477,-11.46569],[34.94799,-11.46547],[34.94828,-11.46533],[34.9487,-11.46519],[34.94896,-11.46516],[34.94931,-11.46479]]},"properties":{"id":766042108,"cls":"residential","hw":"residential","tg":"na","name":"","ref":"","surface":"","sc":"unknown","speed":null,"lit":"unk","km":0.678}},
{"type":"Feature","geometry":{"type":"LineString","coordinates":[[34.94177,-11.46281],[34.94149,-11.4629],[34.9411,-11.46298],[34.94085,-11.46304],[34.94062,-11.46291],[34.9404,-11.46297],[34.9403,-11.46311],[34.94021,-11.46336],[34.94001,-11.46347],[34.9397,-11.46353],[34.93948,-11.46368],[34.93906,-11.46391],[34.93876,-11.4642],[34.93842,-11.46444],[34.93841,-11.46451]]},"properties":{"id":766042109,"cls":"residential","hw":"residential","tg":"na","name":"","ref":"","surface":"","sc":"unknown","speed":null,"lit":"unk","km":0.446}},
{"type":"Feature","geometry":{"type":"LineString","coordinates":[[34.93841,-11.46451],[34.93827,-11.46474],[34.93799,-11.46489],[34.93757,-11.46523],[34.93667,-11.4664]]},"properties":{"id":766042110,"cls":"track","hw":"track","tg":"none","name":"","ref":"","surface":"","sc":"unknown","speed":null,"lit":"unk","km":0.287}},
{"type":"Feature","geometry":{"type":"LineString","coordinates":[[34.94362,-11.46635],[34.9434,-11.46639],[34.94315,-11.46641],[34.94304,-11.46646],[34.9426,-11.46659],[34.94259,-11.46659],[34.9424,-11.46662],[34.94223,-11.4666],[34.94206,-11.46662],[34.94179,-11.46666],[34.94148,-11.46679],[34.94107,-11.46692],[34.94092,-11.46709],[34.94039,-11.46711],[34.94001,-11.46719],[34.93973,-11.46723],[34.93966,-11.4672],[34.93884,-11.46744],[34.93847,-11.46766],[34.93835,-11.46784]]},"properties":{"id":766042111,"cls":"path","hw":"path","tg":"na","name":"","ref":"","surface":"","sc":"unknown","speed":null,"lit":"unk","km":0.616}},
{"type":"Feature","geometry":{"type":"LineString","coordinates":[[34.9426,-11.46659],[34.9424,-11.46642],[34.9423,-11.46609],[34.94204,-11.46555],[34.94197,-11.46532],[34.94185,-11.4652],[34.94179,-11.46499]]},"properties":{"id":766042112,"cls":"path","hw":"path","tg":"na","name":"","ref":"","surface":"","sc":"unknown","speed":null,"lit":"unk","km":0.203}},
{"type":"Feature","geometry":{"type":"LineString","coordinates":[[34.9429,-11.46785],[34.94272,-11.46789],[34.94254,-11.46789],[34.94197,-11.46812],[34.94187,-11.46821],[34.94163,-11.46821],[34.9409,-11.46841],[34.94047,-11.46848],[34.94013,-11.46856],[34.93989,-11.46867],[34.93947,-11.46883],[34.9393,-11.4689]]},"properties":{"id":766042113,"cls":"path","hw":"path","tg":"na","name":"","ref":"","surface":"","sc":"unknown","speed":null,"lit":"unk","km":0.414}},
{"type":"Feature","geometry":{"type":"LineString","coordinates":[[34.9409,-11.46841],[34.94082,-11.46861],[34.94071,-11.46879],[34.94059,-11.46895],[34.9405,-11.46905],[34.94039,-11.46919],[34.94029,-11.4693],[34.94006,-11.46952]]},"properties":{"id":766042114,"cls":"path","hw":"path","tg":"na","name":"","ref":"","surface":"","sc":"unknown","speed":null,"lit":"unk","km":0.155}},
{"type":"Feature","geometry":{"type":"LineString","coordinates":[[34.94482,-11.46883],[34.94489,-11.46858],[34.94492,-11.46836],[34.94498,-11.46807],[34.94499,-11.46797],[34.94485,-11.46785]]},"properties":{"id":766042115,"cls":"path","hw":"path","tg":"na","name":"","ref":"","surface":"","sc":"unknown","speed":null,"lit":"unk","km":0.118}},
{"type":"Feature","geometry":{"type":"LineString","coordinates":[[34.94513,-11.46886],[34.94518,-11.4688],[34.9455,-11.46868],[34.94567,-11.46862],[34.94577,-11.46861],[34.94585,-11.46852],[34.94602,-11.46843],[34.94633,-11.46837],[34.94652,-11.46826],[34.94678,-11.46807],[34.94693,-11.468],[34.94717,-11.46797]]},"properties":{"id":766042116,"cls":"path","hw":"path","tg":"na","name":"","ref":"","surface":"","sc":"unknown","speed":null,"lit":"unk","km":0.249}},
{"type":"Feature","geometry":{"type":"LineString","coordinates":[[34.94693,-11.468],[34.94685,-11.46792],[34.94673,-11.46781],[34.94661,-11.46772],[34.94649,-11.46752]]},"properties":{"id":766042117,"cls":"path","hw":"path","tg":"na","name":"","ref":"","surface":"","sc":"unknown","speed":null,"lit":"unk","km":0.073}},
{"type":"Feature","geometry":{"type":"LineString","coordinates":[[34.94541,-11.46776],[34.94568,-11.46782],[34.94583,-11.46781],[34.94608,-11.4679],[34.94621,-11.46791],[34.94632,-11.46813],[34.94638,-11.46812],[34.94643,-11.46823],[34.94652,-11.46826]]},"properties":{"id":766042118,"cls":"path","hw":"path","tg":"na","name":"","ref":"","surface":"","sc":"unknown","speed":null,"lit":"unk","km":0.147}},
{"type":"Feature","geometry":{"type":"LineString","coordinates":[[34.94499,-11.46797],[34.94511,-11.46808],[34.94518,-11.46809],[34.94532,-11.46829],[34.94547,-11.46834],[34.94555,-11.4684],[34.94563,-11.46849],[34.94569,-11.46848],[34.94576,-11.46853],[34.94585,-11.46852]]},"properties":{"id":766042119,"cls":"path","hw":"path","tg":"na","name":"","ref":"","surface":"","sc":"unknown","speed":null,"lit":"unk","km":0.12}},
{"type":"Feature","geometry":{"type":"LineString","coordinates":[[34.94518,-11.46809],[34.94515,-11.46796],[34.94512,-11.46787],[34.9451,-11.46781]]},"properties":{"id":766042120,"cls":"path","hw":"path","tg":"na","name":"","ref":"","surface":"","sc":"unknown","speed":null,"lit":"unk","km":0.032}},
{"type":"Feature","geometry":{"type":"LineString","coordinates":[[34.94612,-11.46599],[34.94621,-11.46587],[34.94641,-11.46572],[34.94661,-11.46567],[34.94671,-11.46557],[34.94673,-11.46544]]},"properties":{"id":766042121,"cls":"path","hw":"path","tg":"na","name":"","ref":"","surface":"","sc":"unknown","speed":null,"lit":"unk","km":0.097}},
{"type":"Feature","geometry":{"type":"LineString","coordinates":[[34.94538,-11.46634],[34.94556,-11.46643],[34.94578,-11.46663],[34.94563,-11.46686],[34.9455,-11.46721],[34.9455,-11.46737],[34.94526,-11.46757],[34.94515,-11.46761],[34.94521,-11.46778]]},"properties":{"id":766042122,"cls":"path","hw":"path","tg":"na","name":"","ref":"","surface":"","sc":"unknown","speed":null,"lit":"unk","km":0.211}},
{"type":"Feature","geometry":{"type":"LineString","coordinates":[[34.94467,-11.46729],[34.94478,-11.46715],[34.94479,-11.46688],[34.94488,-11.46658],[34.94501,-11.46642]]},"properties":{"id":766042123,"cls":"path","hw":"path","tg":"na","name":"","ref":"","surface":"","sc":"unknown","speed":null,"lit":"unk","km":0.107}},
{"type":"Feature","geometry":{"type":"LineString","coordinates":[[34.94817,-11.47053],[34.94792,-11.47019],[34.94775,-11.47009],[34.94764,-11.46982],[34.94754,-11.46971],[34.94748,-11.46959]]},"properties":{"id":766042124,"cls":"path","hw":"path","tg":"na","name":"","ref":"","surface":"","sc":"unknown","speed":null,"lit":"unk","km":0.132}},
{"type":"Feature","geometry":{"type":"LineString","coordinates":[[34.9459,-11.46604],[34.94589,-11.4658],[34.94593,-11.46562],[34.94593,-11.46552],[34.94596,-11.46543],[34.94592,-11.46522],[34.94597,-11.46509]]},"properties":{"id":766042125,"cls":"path","hw":"path","tg":"na","name":"","ref":"","surface":"","sc":"unknown","speed":null,"lit":"unk","km":0.108}},
{"type":"Feature","geometry":{"type":"LineString","coordinates":[[34.76689,-11.22554],[34.76671,-11.22552],[34.76657,-11.22561],[34.76642,-11.22561],[34.76639,-11.22575],[34.76624,-11.22574],[34.76604,-11.22572],[34.76554,-11.2256],[34.76527,-11.2255],[34.76518,-11.22529],[34.76501,-11.22508],[34.76469,-11.22501],[34.76439,-11.22491],[34.76432,-11.22501],[34.76419,-11.22508],[34.76406,-11.22513],[34.76377,-11.22526]]},"properties":{"id":766196739,"cls":"path","hw":"path","tg":"na","name":"","ref":"","surface":"","sc":"unknown","speed":null,"lit":"unk","km":0.401}},
{"type":"Feature","geometry":{"type":"LineString","coordinates":[[34.76439,-11.22491],[34.76459,-11.2248],[34.76498,-11.22455],[34.7651,-11.22454],[34.76518,-11.22458],[34.76526,-11.22457],[34.76538,-11.22465],[34.76565,-11.2247],[34.76593,-11.22462],[34.76608,-11.22464],[34.7662,-11.22458],[34.76643,-11.22448],[34.76676,-11.22459],[34.7669,-11.22449],[34.76714,-11.22443]]},"properties":{"id":766196740,"cls":"path","hw":"path","tg":"na","name":"","ref":"","surface":"","sc":"unknown","speed":null,"lit":"unk","km":0.328}},
{"type":"Feature","geometry":{"type":"LineString","coordinates":[[34.769,-11.22623],[34.76885,-11.22623],[34.76863,-11.22627],[34.7685,-11.22633],[34.76825,-11.22636],[34.76807,-11.2263],[34.76797,-11.22632],[34.7676,-11.22645]]},"properties":{"id":766196741,"cls":"residential","hw":"residential","tg":"na","name":"","ref":"","surface":"","sc":"unknown","speed":null,"lit":"unk","km":0.159}},
{"type":"Feature","geometry":{"type":"LineString","coordinates":[[34.7673,-11.22474],[34.7678,-11.22467],[34.76816,-11.22438],[34.76834,-11.22435],[34.76852,-11.22447],[34.76861,-11.22459],[34.7692,-11.2248],[34.76955,-11.22496],[34.76985,-11.22497],[34.77001,-11.22501],[34.77015,-11.22517],[34.77039,-11.22506],[34.77047,-11.22487],[34.77056,-11.22469],[34.77055,-11.22453],[34.7708,-11.22418]]},"properties":{"id":766196742,"cls":"path","hw":"path","tg":"na","name":"","ref":"","surface":"","sc":"unknown","speed":null,"lit":"unk","km":0.49}},
{"type":"Feature","geometry":{"type":"LineString","coordinates":[[34.77017,-11.22625],[34.77026,-11.22604],[34.77033,-11.22599],[34.77036,-11.22584],[34.77022,-11.22575],[34.77018,-11.22565],[34.7701,-11.22545],[34.77009,-11.22526],[34.77015,-11.22517]]},"properties":{"id":766196743,"cls":"path","hw":"path","tg":"na","name":"","ref":"","surface":"","sc":"unknown","speed":null,"lit":"unk","km":0.139}},
{"type":"Feature","geometry":{"type":"LineString","coordinates":[[34.76908,-11.22635],[34.76918,-11.22627],[34.76936,-11.22598],[34.76942,-11.22588],[34.76954,-11.22585],[34.76966,-11.22585],[34.77018,-11.22565]]},"properties":{"id":766196744,"cls":"path","hw":"path","tg":"na","name":"","ref":"","surface":"","sc":"unknown","speed":null,"lit":"unk","km":0.152}},
{"type":"Feature","geometry":{"type":"LineString","coordinates":[[34.77055,-11.22453],[34.77021,-11.22448],[34.77002,-11.22459],[34.7698,-11.2246],[34.76963,-11.22458],[34.76948,-11.22441],[34.76928,-11.22434],[34.76901,-11.22421],[34.76906,-11.22406],[34.76893,-11.2238],[34.76885,-11.22367],[34.76872,-11.22345]]},"properties":{"id":766196745,"cls":"path","hw":"path","tg":"na","name":"","ref":"","surface":"","sc":"unknown","speed":null,"lit":"unk","km":0.28}},
{"type":"Feature","geometry":{"type":"LineString","coordinates":[[34.7655,-11.22368],[34.76536,-11.2238],[34.76529,-11.22395],[34.7653,-11.22414],[34.76518,-11.22458]]},"properties":{"id":766196746,"cls":"path","hw":"path","tg":"na","name":"","ref":"","surface":"","sc":"unknown","speed":null,"lit":"unk","km":0.11}},
{"type":"Feature","geometry":{"type":"LineString","coordinates":[[34.76594,-11.2238],[34.76615,-11.22386],[34.76632,-11.22386],[34.76651,-11.22387],[34.76664,-11.22388],[34.76679,-11.22389],[34.76697,-11.22393]]},"properties":{"id":766196747,"cls":"path","hw":"path","tg":"na","name":"","ref":"","surface":"","sc":"unknown","speed":null,"lit":"unk","km":0.114}},
{"type":"Feature","geometry":{"type":"LineString","coordinates":[[34.76594,-11.2238],[34.76574,-11.22381],[34.7655,-11.22368]]},"properties":{"id":766196748,"cls":"path","hw":"path","tg":"na","name":"","ref":"","surface":"","sc":"unknown","speed":null,"lit":"unk","km":0.052}},
{"type":"Feature","geometry":{"type":"LineString","coordinates":[[34.76247,-11.22366],[34.76252,-11.22296],[34.76267,-11.22273],[34.76252,-11.22255],[34.76252,-11.22241],[34.76254,-11.22238],[34.76291,-11.222],[34.76321,-11.22182],[34.76357,-11.22143],[34.76368,-11.22117],[34.76386,-11.22102],[34.76412,-11.22068]]},"properties":{"id":766196749,"cls":"path","hw":"path","tg":"na","name":"","ref":"","surface":"","sc":"unknown","speed":null,"lit":"unk","km":0.413}},
{"type":"Feature","geometry":{"type":"LineString","coordinates":[[34.76254,-11.22238],[34.76222,-11.22187],[34.76223,-11.22113],[34.76229,-11.22091],[34.76218,-11.22063],[34.76212,-11.22014],[34.76236,-11.21986],[34.76255,-11.21968],[34.76289,-11.21941],[34.7634,-11.21961]]},"properties":{"id":766196750,"cls":"path","hw":"path","tg":"na","name":"","ref":"","surface":"","sc":"unknown","speed":null,"lit":"unk","km":0.44}},
{"type":"Feature","geometry":{"type":"LineString","coordinates":[[34.76412,-11.22068],[34.76419,-11.22048],[34.76435,-11.22031],[34.76456,-11.22016],[34.76477,-11.21995],[34.76511,-11.21959],[34.76528,-11.21932],[34.76547,-11.21894],[34.76577,-11.21864],[34.76616,-11.21837]]},"properties":{"id":766196751,"cls":"residential","hw":"residential","tg":"na","name":"","ref":"","surface":"","sc":"unknown","speed":null,"lit":"unk","km":0.346}},
{"type":"Feature","geometry":{"type":"LineString","coordinates":[[34.76541,-11.21624],[34.76568,-11.21661],[34.76588,-11.21679],[34.76601,-11.21692],[34.76614,-11.2171],[34.76611,-11.21739],[34.76611,-11.21758],[34.7661,-11.21777],[34.76637,-11.21823],[34.76616,-11.21837]]},"properties":{"id":766196752,"cls":"residential","hw":"residential","tg":"na","name":"","ref":"","surface":"","sc":"unknown","speed":null,"lit":"unk","km":0.286}},
{"type":"Feature","geometry":{"type":"LineString","coordinates":[[34.76866,-11.22106],[34.76879,-11.22104],[34.76897,-11.22117],[34.76902,-11.22121],[34.76915,-11.22116],[34.76924,-11.22116],[34.77006,-11.22069],[34.77027,-11.22061],[34.77043,-11.22068],[34.77057,-11.22077],[34.77081,-11.22065],[34.77092,-11.22088],[34.77095,-11.221],[34.77091,-11.22115]]},"properties":{"id":766196753,"cls":"path","hw":"path","tg":"na","name":"","ref":"","surface":"","sc":"unknown","speed":null,"lit":"unk","km":0.325}},
{"type":"Feature","geometry":{"type":"LineString","coordinates":[[34.76866,-11.22106],[34.76862,-11.22094],[34.76849,-11.22092],[34.7684,-11.2209],[34.76814,-11.22053]]},"properties":{"id":766196758,"cls":"path","hw":"path","tg":"na","name":"","ref":"","surface":"","sc":"unknown","speed":null,"lit":"unk","km":0.088}},
{"type":"Feature","geometry":{"type":"LineString","coordinates":[[34.76814,-11.22053],[34.76823,-11.22009],[34.76833,-11.21986],[34.76843,-11.21977],[34.76853,-11.21953],[34.76859,-11.21937],[34.76878,-11.21902],[34.76899,-11.21908],[34.76917,-11.21916],[34.76926,-11.21926],[34.76934,-11.21928],[34.76953,-11.21913]]},"properties":{"id":766196759,"cls":"path","hw":"path","tg":"na","name":"","ref":"","surface":"","sc":"unknown","speed":null,"lit":"unk","km":0.28}},
{"type":"Feature","geometry":{"type":"LineString","coordinates":[[34.76814,-11.22053],[34.76777,-11.22062],[34.76758,-11.22063],[34.76742,-11.22068],[34.76721,-11.22065],[34.76691,-11.2207],[34.76673,-11.22078],[34.7666,-11.22088]]},"properties":{"id":766196760,"cls":"path","hw":"path","tg":"na","name":"","ref":"","surface":"","sc":"unknown","speed":null,"lit":"unk","km":0.177}},
{"type":"Feature","geometry":{"type":"LineString","coordinates":[[34.76673,-11.22078],[34.76679,-11.22055],[34.76676,-11.22043],[34.76685,-11.22018],[34.76699,-11.22005],[34.76701,-11.21965],[34.76701,-11.21943],[34.76711,-11.21926],[34.76706,-11.21905],[34.76713,-11.21897],[34.7671,-11.21887],[34.76721,-11.21876],[34.76723,-11.21865],[34.76728,-11.21849],[34.76735,-11.21849],[34.76748,-11.21847],[34.76755,-11.2184],[34.7674,-11.21834],[34.76725,-11.21829],[34.76701,-11.21805],[34.76685,-11.21802],[34.76685,-11.2178],[34.76689,-11.21764],[34.76699,-11.21741]]},"properties":{"id":766196761,"cls":"path","hw":"path","tg":"na","name":"","ref":"","surface":"","sc":"unknown","speed":null,"lit":"unk","km":0.47}},
{"type":"Feature","geometry":{"type":"LineString","coordinates":[[34.76611,-11.21758],[34.76637,-11.21752],[34.76679,-11.21743],[34.76699,-11.21741],[34.76713,-11.21728],[34.76728,-11.21729],[34.76749,-11.21747],[34.76749,-11.21753],[34.76755,-11.21758],[34.76762,-11.21756],[34.76784,-11.2177],[34.768,-11.21779],[34.76803,-11.21786],[34.76807,-11.21791],[34.7683,-11.2179],[34.7684,-11.21794],[34.76857,-11.21799],[34.76875,-11.21797],[34.76889,-11.21786],[34.76915,-11.21773],[34.76935,-11.21764],[34.76959,-11.21763],[34.76985,-11.21768],[34.77012,-11.21783],[34.77009,-11.21807],[34.77003,-11.21826]]},"properties":{"id":766196762,"cls":"path","hw":"path","tg":"na","name":"","ref":"","surface":"","sc":"unknown","speed":null,"lit":"unk","km":0.543}},
{"type":"Feature","geometry":{"type":"LineString","coordinates":[[34.76614,-11.2171],[34.76629,-11.21702],[34.76643,-11.21694],[34.7665,-11.21682],[34.7667,-11.21657],[34.76673,-11.21639],[34.76692,-11.21607],[34.76714,-11.21594],[34.76721,-11.2158],[34.76729,-11.21574],[34.7673,-11.21574],[34.76778,-11.21578],[34.76792,-11.21594],[34.76802,-11.21603],[34.7682,-11.21609],[34.76828,-11.21607],[34.76862,-11.21613],[34.76877,-11.21609],[34.76888,-11.2159],[34.76903,-11.2158],[34.7692,-11.21569],[34.76926,-11.21564],[34.76929,-11.21572],[34.76931,-11.21588],[34.76932,-11.21613],[34.76942,-11.21622],[34.76947,-11.21639],[34.76949,-11.21647],[34.76957,-11.21648],[34.7696,-11.21668]]},"properties":{"id":766196767,"cls":"path","hw":"path","tg":"na","name":"","ref":"","surface":"","sc":"unknown","speed":null,"lit":"unk","km":0.586}},
{"type":"Feature","geometry":{"type":"LineString","coordinates":[[34.7667,-11.21657],[34.76637,-11.2166],[34.76608,-11.21661],[34.76601,-11.21667],[34.76588,-11.21679]]},"properties":{"id":766196769,"cls":"path","hw":"path","tg":"na","name":"","ref":"","surface":"","sc":"unknown","speed":null,"lit":"unk","km":0.097}},
{"type":"Feature","geometry":{"type":"LineString","coordinates":[[34.76558,-11.2141],[34.76547,-11.21423],[34.76544,-11.21457],[34.76544,-11.21494],[34.76541,-11.21507],[34.76531,-11.2152],[34.76532,-11.21535],[34.76533,-11.21548],[34.76532,-11.21565]]},"properties":{"id":766196772,"cls":"path","hw":"path","tg":"na","name":"","ref":"","surface":"","sc":"unknown","speed":null,"lit":"unk","km":0.181}},
{"type":"Feature","geometry":{"type":"LineString","coordinates":[[34.76622,-11.21567],[34.76612,-11.21553],[34.76596,-11.21543],[34.76596,-11.21529],[34.76584,-11.21514],[34.76579,-11.21504],[34.76575,-11.21478],[34.76566,-11.21457],[34.76561,-11.21443],[34.76556,-11.21441],[34.76553,-11.21428],[34.76559,-11.21419],[34.76558,-11.2141]]},"properties":{"id":766196773,"cls":"path","hw":"path","tg":"na","name":"","ref":"","surface":"","sc":"unknown","speed":null,"lit":"unk","km":0.203}},
{"type":"Feature","geometry":{"type":"LineString","coordinates":[[34.7646,-11.21512],[34.76465,-11.21499],[34.76478,-11.21483],[34.76486,-11.21469],[34.76488,-11.2145],[34.76492,-11.21428],[34.76502,-11.21414],[34.76502,-11.21408],[34.7651,-11.21403],[34.76525,-11.214],[34.7654,-11.21398]]},"properties":{"id":766196774,"cls":"path","hw":"path","tg":"na","name":"","ref":"","surface":"","sc":"unknown","speed":null,"lit":"unk","km":0.171}},
{"type":"Feature","geometry":{"type":"LineString","coordinates":[[34.7651,-11.21403],[34.76503,-11.21396],[34.76485,-11.21391],[34.76479,-11.21379],[34.76481,-11.21368],[34.76485,-11.21356],[34.76494,-11.21348],[34.76501,-11.21321],[34.76495,-11.21312],[34.76495,-11.21298],[34.76502,-11.21291],[34.76503,-11.21279],[34.76497,-11.21277],[34.76497,-11.21276],[34.76503,-11.21262],[34.76514,-11.21252],[34.76527,-11.21262],[34.76538,-11.21262],[34.76557,-11.21269],[34.76565,-11.21277],[34.76585,-11.21279],[34.76601,-11.2127],[34.76611,-11.21256]]},"properties":{"id":766196775,"cls":"path","hw":"path","tg":"na","name":"","ref":"","surface":"","sc":"unknown","speed":null,"lit":"unk","km":0.336}},
{"type":"Feature","geometry":{"type":"LineString","coordinates":[[34.76479,-11.21379],[34.76472,-11.21377],[34.76468,-11.21381],[34.76469,-11.21392],[34.76471,-11.21403],[34.76443,-11.21447],[34.76428,-11.21466],[34.76408,-11.21475],[34.76395,-11.21481],[34.76369,-11.21511],[34.7635,-11.21528],[34.7635,-11.2154],[34.76332,-11.21567],[34.76327,-11.21563],[34.76304,-11.21586],[34.76289,-11.21617]]},"properties":{"id":766196776,"cls":"path","hw":"path","tg":"na","name":"","ref":"","surface":"","sc":"unknown","speed":null,"lit":"unk","km":0.365}},
{"type":"Feature","geometry":{"type":"LineString","coordinates":[[34.76304,-11.21586],[34.76298,-11.21575],[34.7629,-11.21553],[34.76283,-11.21538],[34.76283,-11.21538],[34.76255,-11.21498],[34.76286,-11.21463]]},"properties":{"id":766196777,"cls":"path","hw":"path","tg":"na","name":"","ref":"","surface":"","sc":"unknown","speed":null,"lit":"unk","km":0.164}},
{"type":"Feature","geometry":{"type":"LineString","coordinates":[[34.76283,-11.21538],[34.76294,-11.21532],[34.76305,-11.2153],[34.76299,-11.21515],[34.76312,-11.21496],[34.76312,-11.21485],[34.76293,-11.21465],[34.76286,-11.21463],[34.76288,-11.21452],[34.76283,-11.21442],[34.76289,-11.21413],[34.76296,-11.21406],[34.76299,-11.21395],[34.76309,-11.21369],[34.76309,-11.21358],[34.76333,-11.21332],[34.76338,-11.2132],[34.76325,-11.21302],[34.76328,-11.21291],[34.76318,-11.21283],[34.76304,-11.21249],[34.76299,-11.21215],[34.76286,-11.21162],[34.76288,-11.2114],[34.76281,-11.21099],[34.76277,-11.21077],[34.76272,-11.2103],[34.76266,-11.20995]]},"properties":{"id":766196778,"cls":"path","hw":"path","tg":"na","name":"","ref":"","surface":"","sc":"unknown","speed":null,"lit":"unk","km":0.676}},
{"type":"Feature","geometry":{"type":"LineString","coordinates":[[34.76468,-11.21381],[34.7645,-11.21369],[34.76416,-11.21381],[34.7641,-11.21366],[34.76401,-11.21344],[34.76393,-11.21323],[34.76406,-11.21296],[34.7643,-11.21253],[34.76431,-11.21244],[34.76456,-11.21216],[34.76459,-11.21214],[34.76477,-11.21195],[34.76486,-11.21185],[34.76489,-11.21169],[34.7651,-11.21158],[34.76531,-11.21141],[34.76536,-11.21112],[34.76546,-11.21099],[34.76563,-11.21097]]},"properties":{"id":766196779,"cls":"path","hw":"path","tg":"na","name":"","ref":"","surface":"","sc":"unknown","speed":null,"lit":"unk","km":0.462}},
{"type":"Feature","geometry":{"type":"LineString","coordinates":[[34.76497,-11.21276],[34.76478,-11.21274],[34.76451,-11.21279],[34.76419,-11.21324],[34.76409,-11.21327],[34.76393,-11.21323]]},"properties":{"id":766196782,"cls":"path","hw":"path","tg":"na","name":"","ref":"","surface":"","sc":"unknown","speed":null,"lit":"unk","km":0.141}},
{"type":"Feature","geometry":{"type":"LineString","coordinates":[[34.7641,-11.21366],[34.76386,-11.21377],[34.76367,-11.21388],[34.76351,-11.21406],[34.76348,-11.21415],[34.76339,-11.21421],[34.76328,-11.2142],[34.76317,-11.21401],[34.76299,-11.21395],[34.76286,-11.21378]]},"properties":{"id":766196783,"cls":"path","hw":"path","tg":"na","name":"","ref":"","surface":"","sc":"unknown","speed":null,"lit":"unk","km":0.183}},
{"type":"Feature","geometry":{"type":"LineString","coordinates":[[34.76289,-11.21617],[34.76283,-11.21632],[34.7629,-11.21643]]},"properties":{"id":766196784,"cls":"path","hw":"path","tg":"na","name":"","ref":"","surface":"","sc":"unknown","speed":null,"lit":"unk","km":0.032}},
{"type":"Feature","geometry":{"type":"LineString","coordinates":[[34.7629,-11.21643],[34.76299,-11.21674],[34.76311,-11.21676],[34.76335,-11.21665],[34.76345,-11.21664],[34.76357,-11.21638],[34.76372,-11.2163],[34.76374,-11.2163],[34.7642,-11.21616],[34.76407,-11.2158],[34.76416,-11.21576],[34.76447,-11.21572],[34.76462,-11.21564],[34.76458,-11.2155],[34.76452,-11.21538],[34.76433,-11.21532]]},"properties":{"id":766196785,"cls":"path","hw":"path","tg":"na","name":"","ref":"","surface":"","sc":"unknown","speed":null,"lit":"unk","km":0.353}},
{"type":"Feature","geometry":{"type":"LineString","coordinates":[[34.76374,-11.2163],[34.76371,-11.21625],[34.76354,-11.21625],[34.76344,-11.21617],[34.76321,-11.21614]]},"properties":{"id":766196786,"cls":"path","hw":"path","tg":"na","name":"","ref":"","surface":"","sc":"unknown","speed":null,"lit":"unk","km":0.064}},
{"type":"Feature","geometry":{"type":"LineString","coordinates":[[34.76755,-11.2184],[34.76776,-11.2185],[34.76793,-11.21861],[34.76809,-11.21874],[34.76823,-11.21891],[34.76836,-11.21902],[34.76842,-11.21912],[34.76833,-11.21929],[34.76842,-11.21944],[34.76853,-11.21953]]},"properties":{"id":766196787,"cls":"path","hw":"path","tg":"na","name":"","ref":"","surface":"","sc":"unknown","speed":null,"lit":"unk","km":0.183}},
{"type":"Feature","geometry":{"type":"LineString","coordinates":[[34.75967,-11.21123],[34.7597,-11.21105],[34.75966,-11.21086],[34.75964,-11.21066],[34.75968,-11.21044],[34.75957,-11.21011],[34.75962,-11.20995],[34.75961,-11.20979],[34.75969,-11.20976],[34.7597,-11.20966],[34.7599,-11.20955],[34.76056,-11.20914],[34.76122,-11.20899],[34.7613,-11.2089]]},"properties":{"id":766196788,"cls":"path","hw":"path","tg":"na","name":"","ref":"","surface":"","sc":"unknown","speed":null,"lit":"unk","km":0.382}},
{"type":"Feature","geometry":{"type":"LineString","coordinates":[[34.75708,-11.20544],[34.75693,-11.20552],[34.7567,-11.20574],[34.75641,-11.20613],[34.75633,-11.20623],[34.75636,-11.20634],[34.75579,-11.20679],[34.75572,-11.2069],[34.75566,-11.20693],[34.75551,-11.20688],[34.75544,-11.20691],[34.75453,-11.20667]]},"properties":{"id":766219214,"cls":"residential","hw":"residential","tg":"na","name":"","ref":"","surface":"","sc":"unknown","speed":null,"lit":"unk","km":0.364}},
{"type":"Feature","geometry":{"type":"LineString","coordinates":[[34.75855,-11.20879],[34.75877,-11.20843],[34.75896,-11.20825],[34.75934,-11.20806],[34.75948,-11.20801],[34.75958,-11.20806],[34.75958,-11.20822],[34.76001,-11.20832],[34.76038,-11.20824],[34.76063,-11.20814],[34.76095,-11.20818]]},"properties":{"id":766219215,"cls":"path","hw":"path","tg":"na","name":"","ref":"","surface":"","sc":"unknown","speed":null,"lit":"unk","km":0.322}},
{"type":"Feature","geometry":{"type":"LineString","coordinates":[[34.75957,-11.20709],[34.75911,-11.20732],[34.75904,-11.20761],[34.7589,-11.20798],[34.75882,-11.20808],[34.75896,-11.20825]]},"properties":{"id":766219216,"cls":"path","hw":"path","tg":"na","name":"","ref":"","surface":"","sc":"unknown","speed":null,"lit":"unk","km":0.172}},
{"type":"Feature","geometry":{"type":"LineString","coordinates":[[34.76048,-11.20718],[34.76081,-11.20681],[34.7608,-11.20667],[34.76108,-11.20613],[34.76122,-11.20589],[34.76138,-11.20582],[34.76199,-11.20506],[34.76242,-11.20474],[34.76268,-11.20431],[34.763,-11.20419],[34.76314,-11.20404],[34.76341,-11.2041],[34.76354,-11.2042]]},"properties":{"id":766219217,"cls":"path","hw":"path","tg":"na","name":"","ref":"","surface":"","sc":"unknown","speed":null,"lit":"unk","km":0.518}},
{"type":"Feature","geometry":{"type":"LineString","coordinates":[[34.76508,-11.20994],[34.7649,-11.20979],[34.76485,-11.20921],[34.76477,-11.20909],[34.76477,-11.20909],[34.76455,-11.2092],[34.7642,-11.20918],[34.76399,-11.20917],[34.76391,-11.20934],[34.76372,-11.20942],[34.76365,-11.20958],[34.76342,-11.20969],[34.76305,-11.20973],[34.76285,-11.20981],[34.76266,-11.20995],[34.76254,-11.20961],[34.76247,-11.20952],[34.76226,-11.20955]]},"properties":{"id":766219218,"cls":"path","hw":"path","tg":"na","name":"","ref":"","surface":"","sc":"unknown","speed":null,"lit":"unk","km":0.451}},
{"type":"Feature","geometry":{"type":"LineString","coordinates":[[34.76095,-11.20818],[34.76122,-11.20819],[34.76135,-11.20759],[34.76149,-11.20746],[34.76176,-11.2075],[34.76217,-11.20717],[34.7628,-11.20709],[34.76289,-11.2066],[34.76308,-11.20613],[34.76304,-11.20598],[34.76307,-11.20576],[34.76328,-11.20558],[34.76351,-11.20502],[34.76386,-11.20494]]},"properties":{"id":766219221,"cls":"path","hw":"path","tg":"na","name":"","ref":"","surface":"","sc":"unknown","speed":null,"lit":"unk","km":0.566}},
{"type":"Feature","geometry":{"type":"LineString","coordinates":[[34.7628,-11.20709],[34.76256,-11.20773],[34.76208,-11.20811],[34.76159,-11.20817],[34.76144,-11.20828],[34.76122,-11.20819]]},"properties":{"id":766219223,"cls":"path","hw":"path","tg":"na","name":"","ref":"","surface":"","sc":"unknown","speed":null,"lit":"unk","km":0.243}},
{"type":"Feature","geometry":{"type":"LineString","coordinates":[[34.75866,-11.20594],[34.75885,-11.20578],[34.75915,-11.20554],[34.75949,-11.2053],[34.75998,-11.20502],[34.7605,-11.20482],[34.76073,-11.20452],[34.76099,-11.20392],[34.76106,-11.20374],[34.76171,-11.20324],[34.76183,-11.20294],[34.7622,-11.20272],[34.76242,-11.20274],[34.7627,-11.20266],[34.76325,-11.20234],[34.76347,-11.20223],[34.76353,-11.20204],[34.76375,-11.20189],[34.76384,-11.20185],[34.76393,-11.20163],[34.76431,-11.20153],[34.76463,-11.20131],[34.76493,-11.20087],[34.76503,-11.20058],[34.76523,-11.20038],[34.76606,-11.20009],[34.76629,-11.19994],[34.76661,-11.19968],[34.76679,-11.19932],[34.76686,-11.1992],[34.76687,-11.19902],[34.76649,-11.19853],[34.76619,-11.19795],[34.76621,-11.19741]]},"properties":{"id":766219225,"cls":"path","hw":"path","tg":"na","name":"","ref":"","surface":"","sc":"unknown","speed":null,"lit":"unk","km":1.45}},
{"type":"Feature","geometry":{"type":"LineString","coordinates":[[34.7597,-11.20589],[34.75952,-11.20595],[34.75898,-11.2062]]},"properties":{"id":766219232,"cls":"path","hw":"path","tg":"na","name":"","ref":"","surface":"","sc":"unknown","speed":null,"lit":"unk","km":0.086}},
{"type":"Feature","geometry":{"type":"LineString","coordinates":[[34.76022,-11.20329],[34.76,-11.20341],[34.75987,-11.20352],[34.75963,-11.20351],[34.75925,-11.20333],[34.75894,-11.20353],[34.75859,-11.2036],[34.75837,-11.20361],[34.75801,-11.2039],[34.75794,-11.20404],[34.75756,-11.20407],[34.75722,-11.20441],[34.75691,-11.20452],[34.75683,-11.20458],[34.75676,-11.20463]]},"properties":{"id":766219234,"cls":"path","hw":"path","tg":"na","name":"","ref":"","surface":"","sc":"unknown","speed":null,"lit":"unk","km":0.441}},
{"type":"Feature","geometry":{"type":"LineString","coordinates":[[34.75683,-11.20458],[34.75698,-11.20472],[34.75748,-11.20501],[34.75772,-11.20514],[34.75783,-11.20521],[34.75797,-11.20518],[34.75809,-11.20508],[34.75824,-11.20505],[34.75839,-11.20508],[34.75842,-11.20509]]},"properties":{"id":766219235,"cls":"path","hw":"path","tg":"na","name":"","ref":"","surface":"","sc":"unknown","speed":null,"lit":"unk","km":0.2}},
{"type":"Feature","geometry":{"type":"LineString","coordinates":[[34.75772,-11.20514],[34.7574,-11.20529],[34.75708,-11.20544]]},"properties":{"id":766219236,"cls":"path","hw":"path","tg":"na","name":"","ref":"","surface":"","sc":"unknown","speed":null,"lit":"unk","km":0.077}},
{"type":"Feature","geometry":{"type":"LineString","coordinates":[[34.75676,-11.20463],[34.75653,-11.20487],[34.7564,-11.2049],[34.75623,-11.20486],[34.7557,-11.2048],[34.7553,-11.20461],[34.75514,-11.2045],[34.75467,-11.20458],[34.75381,-11.20426]]},"properties":{"id":766219237,"cls":"path","hw":"path","tg":"na","name":"","ref":"","surface":"","sc":"unknown","speed":null,"lit":"unk","km":0.351}},
{"type":"Feature","geometry":{"type":"LineString","coordinates":[[34.75504,-11.2072],[34.75537,-11.20733],[34.75575,-11.2075],[34.75625,-11.20801]]},"properties":{"id":766219276,"cls":"path","hw":"path","tg":"na","name":"","ref":"","surface":"","sc":"unknown","speed":null,"lit":"unk","km":0.163}},
{"type":"Feature","geometry":{"type":"LineString","coordinates":[[34.71151,-11.1754],[34.7117,-11.17519],[34.71175,-11.17504],[34.7117,-11.17493],[34.71176,-11.17484],[34.71174,-11.17473],[34.71192,-11.17456],[34.71213,-11.17434],[34.71251,-11.17385],[34.71265,-11.17372],[34.71301,-11.1731],[34.71333,-11.17295],[34.71364,-11.17285],[34.71389,-11.17285],[34.71404,-11.17282],[34.71443,-11.17262]]},"properties":{"id":766225412,"cls":"path","hw":"path","tg":"na","name":"","ref":"","surface":"","sc":"unknown","speed":null,"lit":"unk","km":0.482}},
{"type":"Feature","geometry":{"type":"LineString","coordinates":[[34.71301,-11.1731],[34.71277,-11.17284],[34.71259,-11.17261],[34.71256,-11.17246],[34.71285,-11.17219],[34.71322,-11.17175],[34.71353,-11.17142],[34.71363,-11.17125],[34.71387,-11.17105],[34.71434,-11.17157]]},"properties":{"id":766225413,"cls":"path","hw":"path","tg":"na","name":"","ref":"","surface":"","sc":"unknown","speed":null,"lit":"unk","km":0.379}},
{"type":"Feature","geometry":{"type":"LineString","coordinates":[[34.71387,-11.17105],[34.71325,-11.17053]]},"properties":{"id":766225414,"cls":"path","hw":"path","tg":"na","name":"","ref":"","surface":"","sc":"unknown","speed":null,"lit":"unk","km":0.089}},
{"type":"Feature","geometry":{"type":"LineString","coordinates":[[34.71387,-11.17105],[34.71446,-11.17064]]},"properties":{"id":766225415,"cls":"path","hw":"path","tg":"na","name":"","ref":"","surface":"","sc":"unknown","speed":null,"lit":"unk","km":0.079}},
{"type":"Feature","geometry":{"type":"LineString","coordinates":[[34.71436,-11.17511],[34.71421,-11.17527],[34.7141,-11.17529],[34.71396,-11.17516],[34.71373,-11.17519],[34.71346,-11.17513],[34.71345,-11.17513],[34.71341,-11.1752],[34.7131,-11.17514],[34.71288,-11.17526],[34.71287,-11.17539],[34.71274,-11.17556],[34.71264,-11.17587],[34.71258,-11.17613],[34.71246,-11.17628]]},"properties":{"id":766225416,"cls":"path","hw":"path","tg":"na","name":"","ref":"","surface":"","sc":"unknown","speed":null,"lit":"unk","km":0.31}},
{"type":"Feature","geometry":{"type":"LineString","coordinates":[[34.71345,-11.17513],[34.71363,-11.17478],[34.71375,-11.17469],[34.71391,-11.17469],[34.71441,-11.17443]]},"properties":{"id":766225417,"cls":"path","hw":"path","tg":"na","name":"","ref":"","surface":"","sc":"unknown","speed":null,"lit":"unk","km":0.139}},
{"type":"Feature","geometry":{"type":"LineString","coordinates":[[34.71441,-11.17443],[34.71475,-11.17421],[34.715,-11.17409],[34.71517,-11.17385]]},"properties":{"id":766225418,"cls":"path","hw":"path","tg":"na","name":"","ref":"","surface":"","sc":"unknown","speed":null,"lit":"unk","km":0.107}},
{"type":"Feature","geometry":{"type":"LineString","coordinates":[[34.71162,-11.17554],[34.71191,-11.17535],[34.71206,-11.17523],[34.71209,-11.17477],[34.71192,-11.17456]]},"properties":{"id":766225419,"cls":"path","hw":"path","tg":"na","name":"","ref":"","surface":"","sc":"unknown","speed":null,"lit":"unk","km":0.14}},
{"type":"Feature","geometry":{"type":"LineString","coordinates":[[34.71096,-11.17632],[34.71092,-11.17596],[34.71093,-11.17573],[34.71081,-11.17564],[34.71079,-11.17552],[34.71079,-11.17535],[34.71066,-11.17525]]},"properties":{"id":766225420,"cls":"path","hw":"path","tg":"na","name":"","ref":"","surface":"","sc":"unknown","speed":null,"lit":"unk","km":0.133}},
{"type":"Feature","geometry":{"type":"LineString","coordinates":[[34.71066,-11.17525],[34.71092,-11.17497]]},"properties":{"id":766225421,"cls":"residential","hw":"residential","tg":"na","name":"","ref":"","surface":"","sc":"unknown","speed":null,"lit":"unk","km":0.042}},
{"type":"Feature","geometry":{"type":"LineString","coordinates":[[34.71025,-11.17439],[34.71003,-11.1744],[34.70977,-11.17436],[34.70962,-11.17443],[34.70951,-11.17455],[34.7093,-11.17477],[34.70907,-11.17484],[34.70892,-11.17499],[34.70866,-11.17508],[34.70813,-11.17547],[34.70759,-11.17618],[34.70724,-11.1764]]},"properties":{"id":766225422,"cls":"path","hw":"path","tg":"na","name":"","ref":"","surface":"","sc":"unknown","speed":null,"lit":"unk","km":0.418}},
{"type":"Feature","geometry":{"type":"LineString","coordinates":[[34.71012,-11.17425],[34.71028,-11.17415],[34.7104,-11.17411],[34.71061,-11.17373],[34.71069,-11.17356],[34.7105,-11.17332],[34.71075,-11.17312],[34.71061,-11.17272]]},"properties":{"id":766225423,"cls":"path","hw":"path","tg":"na","name":"","ref":"","surface":"","sc":"unknown","speed":null,"lit":"unk","km":0.219}},
{"type":"Feature","geometry":{"type":"LineString","coordinates":[[34.71069,-11.17356],[34.71087,-11.17375],[34.71102,-11.17397],[34.71106,-11.17437],[34.71093,-11.17457],[34.71098,-11.17468]]},"properties":{"id":766225424,"cls":"path","hw":"path","tg":"na","name":"","ref":"","surface":"","sc":"unknown","speed":null,"lit":"unk","km":0.143}},
{"type":"Feature","geometry":{"type":"LineString","coordinates":[[34.71092,-11.17497],[34.71098,-11.17468],[34.71114,-11.17471],[34.7114,-11.17483],[34.71152,-11.1749]]},"properties":{"id":766225425,"cls":"residential","hw":"residential","tg":"na","name":"","ref":"","surface":"","sc":"unknown","speed":null,"lit":"unk","km":0.097}},
{"type":"Feature","geometry":{"type":"LineString","coordinates":[[34.71152,-11.1749],[34.71174,-11.17473]]},"properties":{"id":766225426,"cls":"path","hw":"path","tg":"na","name":"","ref":"","surface":"","sc":"unknown","speed":null,"lit":"unk","km":0.031}},
{"type":"Feature","geometry":{"type":"LineString","coordinates":[[34.71105,-11.17215],[34.71088,-11.17206],[34.71053,-11.17208],[34.71018,-11.17188],[34.7101,-11.17176],[34.70995,-11.17176],[34.70973,-11.17161],[34.70947,-11.17175],[34.7092,-11.17138],[34.70909,-11.17139]]},"properties":{"id":766225427,"cls":"path","hw":"path","tg":"na","name":"","ref":"","surface":"","sc":"unknown","speed":null,"lit":"unk","km":0.26}},
{"type":"Feature","geometry":{"type":"LineString","coordinates":[[34.71325,-11.17053],[34.71305,-11.17033],[34.71283,-11.17007],[34.7127,-11.16998],[34.71256,-11.16979],[34.71229,-11.16957],[34.71219,-11.16943],[34.7121,-11.16919],[34.71202,-11.16897]]},"properties":{"id":766225429,"cls":"path","hw":"path","tg":"na","name":"","ref":"","surface":"","sc":"unknown","speed":null,"lit":"unk","km":0.224}},
{"type":"Feature","geometry":{"type":"LineString","coordinates":[[34.71261,-11.16874],[34.71238,-11.16885],[34.71214,-11.16895],[34.71202,-11.16897],[34.71158,-11.169],[34.71138,-11.169]]},"properties":{"id":766225430,"cls":"residential","hw":"residential","tg":"na","name":"","ref":"","surface":"","sc":"unknown","speed":null,"lit":"unk","km":0.14}},
{"type":"Feature","geometry":{"type":"LineString","coordinates":[[34.71181,-11.16751],[34.71151,-11.16756],[34.71119,-11.16763],[34.71088,-11.16766],[34.71064,-11.16774],[34.71004,-11.16771],[34.70951,-11.16763]]},"properties":{"id":766225435,"cls":"path","hw":"path","tg":"na","name":"","ref":"","surface":"","sc":"unknown","speed":null,"lit":"unk","km":0.255}},
{"type":"Feature","geometry":{"type":"LineString","coordinates":[[34.70951,-11.16763],[34.70978,-11.16751],[34.71013,-11.16743],[34.71032,-11.16729],[34.71038,-11.1671],[34.71065,-11.16692],[34.711,-11.16679],[34.71121,-11.16675],[34.71188,-11.16663]]},"properties":{"id":766225436,"cls":"path","hw":"path","tg":"na","name":"","ref":"","surface":"","sc":"unknown","speed":null,"lit":"unk","km":0.294}},
{"type":"Feature","geometry":{"type":"LineString","coordinates":[[34.70902,-11.16735],[34.70917,-11.16663],[34.7093,-11.16641],[34.70976,-11.16619],[34.71007,-11.16582],[34.71027,-11.16542],[34.71047,-11.16477],[34.71065,-11.16446],[34.71053,-11.16415],[34.71062,-11.16397],[34.71042,-11.16354],[34.71045,-11.1629]]},"properties":{"id":766225439,"cls":"residential","hw":"residential","tg":"na","name":"","ref":"","surface":"","sc":"unknown","speed":null,"lit":"unk","km":0.567}},
{"type":"Feature","geometry":{"type":"LineString","coordinates":[[34.70763,-11.16871],[34.70829,-11.16825],[34.70859,-11.16798],[34.70888,-11.16783],[34.70922,-11.16765],[34.70902,-11.16735]]},"properties":{"id":766225441,"cls":"residential","hw":"residential","tg":"na","name":"","ref":"","surface":"","sc":"unknown","speed":null,"lit":"unk","km":0.25}},
{"type":"Feature","geometry":{"type":"LineString","coordinates":[[34.70951,-11.16763],[34.70922,-11.16765]]},"properties":{"id":766225442,"cls":"residential","hw":"residential","tg":"na","name":"","ref":"","surface":"","sc":"unknown","speed":null,"lit":"unk","km":0.032}},
{"type":"Feature","geometry":{"type":"LineString","coordinates":[[34.70892,-11.17046],[34.70924,-11.17033],[34.70944,-11.17011],[34.70971,-11.16996],[34.70985,-11.16991],[34.71008,-11.16949],[34.71054,-11.16942],[34.71069,-11.16941],[34.7107,-11.16911],[34.7111,-11.16892],[34.71138,-11.169]]},"properties":{"id":766225443,"cls":"residential","hw":"residential","tg":"na","name":"","ref":"","surface":"","sc":"unknown","speed":null,"lit":"unk","km":0.355}},
{"type":"Feature","geometry":{"type":"LineString","coordinates":[[34.71008,-11.16949],[34.70996,-11.16935],[34.70977,-11.16939],[34.70952,-11.16909],[34.7093,-11.16855],[34.70916,-11.16829]]},"properties":{"id":766225444,"cls":"path","hw":"path","tg":"na","name":"","ref":"","surface":"","sc":"unknown","speed":null,"lit":"unk","km":0.182}},
{"type":"Feature","geometry":{"type":"LineString","coordinates":[[34.70916,-11.16829],[34.70888,-11.16783]]},"properties":{"id":766225445,"cls":"residential","hw":"residential","tg":"na","name":"","ref":"","surface":"","sc":"unknown","speed":null,"lit":"unk","km":0.06}},
{"type":"Feature","geometry":{"type":"LineString","coordinates":[[34.70951,-11.16763],[34.7099,-11.16794],[34.71026,-11.16828],[34.7104,-11.16834],[34.7106,-11.16884],[34.7107,-11.16911]]},"properties":{"id":766225446,"cls":"path","hw":"path","tg":"na","name":"","ref":"","surface":"","sc":"unknown","speed":null,"lit":"unk","km":0.218}},
{"type":"Feature","geometry":{"type":"LineString","coordinates":[[34.70902,-11.16735],[34.70882,-11.16696],[34.70868,-11.16654],[34.70882,-11.16641]]},"properties":{"id":766225447,"cls":"residential","hw":"residential","tg":"na","name":"","ref":"","surface":"","sc":"unknown","speed":null,"lit":"unk","km":0.119}},
{"type":"Feature","geometry":{"type":"LineString","coordinates":[[34.7075,-11.16511],[34.7074,-11.16512],[34.70726,-11.16537],[34.70718,-11.16562],[34.70684,-11.16575],[34.70669,-11.16579],[34.70641,-11.16588],[34.70628,-11.16597]]},"properties":{"id":766225450,"cls":"path","hw":"path","tg":"na","name":"","ref":"","surface":"","sc":"unknown","speed":null,"lit":"unk","km":0.178}},
{"type":"Feature","geometry":{"type":"LineString","coordinates":[[34.70662,-11.16705],[34.70696,-11.16679],[34.70702,-11.16656],[34.70716,-11.16643],[34.70722,-11.16629],[34.70834,-11.16589]]},"properties":{"id":766225451,"cls":"path","hw":"path","tg":"na","name":"","ref":"","surface":"","sc":"unknown","speed":null,"lit":"unk","km":0.241}},
{"type":"Feature","geometry":{"type":"LineString","coordinates":[[34.70703,-11.16397],[34.70706,-11.16423],[34.70706,-11.16441],[34.70684,-11.16454],[34.70678,-11.16471],[34.70652,-11.16506],[34.70612,-11.16549]]},"properties":{"id":766225452,"cls":"path","hw":"path","tg":"na","name":"","ref":"","surface":"","sc":"unknown","speed":null,"lit":"unk","km":0.21}},
{"type":"Feature","geometry":{"type":"LineString","coordinates":[[34.70513,-11.15997],[34.70474,-11.16014],[34.70413,-11.16028],[34.7034,-11.16027],[34.70302,-11.16029],[34.70284,-11.16044],[34.70273,-11.16054],[34.70248,-11.16075],[34.70213,-11.16088],[34.70181,-11.16098],[34.70157,-11.16102],[34.70119,-11.16111],[34.70081,-11.1612],[34.70064,-11.16118],[34.70048,-11.16104]]},"properties":{"id":766225454,"cls":"residential","hw":"residential","tg":"na","name":"","ref":"","surface":"","sc":"unknown","speed":null,"lit":"unk","km":0.545}},
{"type":"Feature","geometry":{"type":"LineString","coordinates":[[34.70536,-11.16142],[34.70512,-11.1615],[34.70493,-11.16161],[34.7047,-11.16187],[34.70442,-11.16209],[34.70423,-11.16232],[34.70413,-11.16247],[34.70404,-11.16249],[34.70382,-11.16254],[34.7036,-11.1627],[34.70335,-11.16279],[34.70301,-11.16292],[34.7026,-11.16336]]},"properties":{"id":766225459,"cls":"path","hw":"path","tg":"na","name":"","ref":"","surface":"","sc":"unknown","speed":null,"lit":"unk","km":0.382}},
{"type":"Feature","geometry":{"type":"LineString","coordinates":[[34.70473,-11.16328],[34.70335,-11.16385]]},"properties":{"id":766225460,"cls":"path","hw":"path","tg":"na","name":"","ref":"","surface":"","sc":"unknown","speed":null,"lit":"unk","km":0.163}},
{"type":"Feature","geometry":{"type":"LineString","coordinates":[[34.70504,-11.16419],[34.70487,-11.16434],[34.70459,-11.16437],[34.70422,-11.16439],[34.70404,-11.16451],[34.70374,-11.16468]]},"properties":{"id":766225461,"cls":"path","hw":"path","tg":"na","name":"","ref":"","surface":"","sc":"unknown","speed":null,"lit":"unk","km":0.158}},
{"type":"Feature","geometry":{"type":"LineString","coordinates":[[34.70628,-11.16597],[34.70614,-11.16622],[34.70598,-11.16623],[34.7058,-11.16635],[34.70526,-11.1663],[34.70498,-11.16625],[34.7047,-11.16621],[34.70449,-11.16626],[34.70411,-11.16635]]},"properties":{"id":766225464,"cls":"path","hw":"path","tg":"na","name":"","ref":"","surface":"","sc":"unknown","speed":null,"lit":"unk","km":0.26}},
{"type":"Feature","geometry":{"type":"LineString","coordinates":[[34.70467,-11.16905],[34.70475,-11.16864],[34.70475,-11.16836],[34.70512,-11.16821],[34.70591,-11.16798],[34.70635,-11.16779],[34.70656,-11.16768],[34.70669,-11.16761],[34.7069,-11.16754]]},"properties":{"id":766225465,"cls":"path","hw":"path","tg":"na","name":"","ref":"","surface":"","sc":"unknown","speed":null,"lit":"unk","km":0.33}},
{"type":"Feature","geometry":{"type":"LineString","coordinates":[[34.70834,-11.1695],[34.70809,-11.16967],[34.70788,-11.16977],[34.70777,-11.16999],[34.70761,-11.17013],[34.70683,-11.17045],[34.70649,-11.17043],[34.70637,-11.17067],[34.70627,-11.17075],[34.70611,-11.17076],[34.70585,-11.17081],[34.70562,-11.17089],[34.70541,-11.17089],[34.70527,-11.17069],[34.70508,-11.17052]]},"properties":{"id":766225466,"cls":"path","hw":"path","tg":"na","name":"","ref":"","surface":"","sc":"unknown","speed":null,"lit":"unk","km":0.433}},
{"type":"Feature","geometry":{"type":"LineString","coordinates":[[34.70923,-11.17203],[34.70902,-11.17207],[34.70844,-11.17215],[34.70815,-11.17238],[34.70813,-11.17254],[34.70779,-11.17275],[34.70749,-11.17289],[34.70713,-11.1733],[34.70713,-11.1733],[34.70673,-11.17332],[34.70617,-11.17331],[34.7059,-11.17339],[34.70559,-11.17346]]},"properties":{"id":766225467,"cls":"path","hw":"path","tg":"na","name":"","ref":"","surface":"","sc":"unknown","speed":null,"lit":"unk","km":0.456}},
{"type":"Feature","geometry":{"type":"LineString","coordinates":[[34.70713,-11.1733],[34.70758,-11.17334],[34.7079,-11.17324],[34.70816,-11.17322],[34.70847,-11.17311],[34.70869,-11.17308],[34.70897,-11.17278],[34.70935,-11.17266]]},"properties":{"id":766225468,"cls":"path","hw":"path","tg":"na","name":"","ref":"","surface":"","sc":"unknown","speed":null,"lit":"unk","km":0.263}},
{"type":"Feature","geometry":{"type":"LineString","coordinates":[[34.68979,-11.15044],[34.68976,-11.15052],[34.68973,-11.15078],[34.68961,-11.15092],[34.68931,-11.15125],[34.68903,-11.15144],[34.68819,-11.15183],[34.68761,-11.15259]]},"properties":{"id":767320558,"cls":"path","hw":"path","tg":"na","name":"","ref":"","surface":"","sc":"unknown","speed":null,"lit":"unk","km":0.352}},
{"type":"Feature","geometry":{"type":"LineString","coordinates":[[34.69093,-11.15138],[34.69074,-11.15161],[34.69036,-11.15227],[34.68993,-11.15295],[34.68948,-11.15369]]},"properties":{"id":767320559,"cls":"path","hw":"path","tg":"na","name":"","ref":"","surface":"","sc":"unknown","speed":null,"lit":"unk","km":0.302}},
{"type":"Feature","geometry":{"type":"LineString","coordinates":[[34.69201,-11.15254],[34.69189,-11.1528],[34.69178,-11.15313],[34.69128,-11.15352],[34.69123,-11.15366],[34.69107,-11.15403],[34.69083,-11.15423]]},"properties":{"id":767320560,"cls":"path","hw":"path","tg":"na","name":"","ref":"","surface":"","sc":"unknown","speed":null,"lit":"unk","km":0.236}},
{"type":"Feature","geometry":{"type":"LineString","coordinates":[[34.69123,-11.15366],[34.69135,-11.15395],[34.6914,-11.15426],[34.69132,-11.15444],[34.69139,-11.15479]]},"properties":{"id":767320561,"cls":"path","hw":"path","tg":"na","name":"","ref":"","surface":"","sc":"unknown","speed":null,"lit":"unk","km":0.131}},
{"type":"Feature","geometry":{"type":"LineString","coordinates":[[34.68876,-11.14964],[34.68847,-11.14979],[34.68831,-11.14983],[34.68808,-11.15017],[34.68797,-11.15046],[34.68774,-11.15068],[34.68751,-11.15079],[34.68704,-11.15128],[34.68653,-11.1519]]},"properties":{"id":767320582,"cls":"path","hw":"path","tg":"na","name":"","ref":"","surface":"","sc":"unknown","speed":null,"lit":"unk","km":0.36}},
{"type":"Feature","geometry":{"type":"LineString","coordinates":[[34.68704,-11.15128],[34.68703,-11.15142],[34.68713,-11.15169],[34.68714,-11.15189],[34.68693,-11.15214]]},"properties":{"id":767320583,"cls":"path","hw":"path","tg":"na","name":"","ref":"","surface":"","sc":"unknown","speed":null,"lit":"unk","km":0.106}},
{"type":"Feature","geometry":{"type":"LineString","coordinates":[[34.6847,-11.15086],[34.68477,-11.15081],[34.68522,-11.15055],[34.68565,-11.1502],[34.68604,-11.15022],[34.68614,-11.15012],[34.68634,-11.1498],[34.6865,-11.14942],[34.68678,-11.1489],[34.68681,-11.14864],[34.68694,-11.14829],[34.68699,-11.14805]]},"properties":{"id":767320584,"cls":"path","hw":"path","tg":"na","name":"","ref":"","surface":"","sc":"unknown","speed":null,"lit":"unk","km":0.436}},
{"type":"Feature","geometry":{"type":"LineString","coordinates":[[34.68543,-11.14613],[34.68518,-11.14668],[34.68481,-11.14724],[34.68437,-11.14796],[34.68405,-11.14821],[34.68344,-11.1491],[34.68323,-11.14922],[34.68307,-11.14942],[34.68281,-11.14953],[34.68238,-11.14991]]},"properties":{"id":767320601,"cls":"path","hw":"path","tg":"na","name":"","ref":"","surface":"","sc":"unknown","speed":null,"lit":"unk","km":0.547}},
{"type":"Feature","geometry":{"type":"LineString","coordinates":[[34.68344,-11.1491],[34.68343,-11.14928],[34.68353,-11.15048]]},"properties":{"id":767320602,"cls":"path","hw":"path","tg":"na","name":"","ref":"","surface":"","sc":"unknown","speed":null,"lit":"unk","km":0.154}},
{"type":"Feature","geometry":{"type":"LineString","coordinates":[[34.68477,-11.15081],[34.68475,-11.15071],[34.68466,-11.15029],[34.68461,-11.14996],[34.68467,-11.14963],[34.68513,-11.14889],[34.68527,-11.14848],[34.68529,-11.14812],[34.68555,-11.14789],[34.68569,-11.14788],[34.6859,-11.1479],[34.68613,-11.14769],[34.6863,-11.14785],[34.6865,-11.14793],[34.68678,-11.14785]]},"properties":{"id":767320603,"cls":"path","hw":"path","tg":"na","name":"","ref":"","surface":"","sc":"unknown","speed":null,"lit":"unk","km":0.51}},
{"type":"Feature","geometry":{"type":"LineString","coordinates":[[34.68527,-11.14593],[34.68487,-11.14546],[34.68418,-11.14481],[34.68276,-11.14456],[34.68181,-11.14462],[34.68102,-11.14461],[34.68076,-11.14461],[34.68011,-11.14421],[34.67974,-11.14405],[34.67939,-11.1439],[34.67932,-11.14387],[34.67913,-11.14383],[34.67904,-11.14388],[34.67858,-11.14378],[34.67831,-11.1435],[34.67786,-11.14331],[34.67775,-11.14331],[34.67665,-11.14297],[34.67571,-11.14273],[34.67541,-11.14252],[34.67505,-11.14205],[34.6747,-11.1415]]},"properties":{"id":767320604,"cls":"path","hw":"path","tg":"na","name":"","ref":"","surface":"","sc":"unknown","speed":null,"lit":"unk","km":1.328}},
{"type":"Feature","geometry":{"type":"LineString","coordinates":[[34.67665,-11.14297],[34.67684,-11.14265],[34.67706,-11.14247],[34.67741,-11.1423],[34.67881,-11.14197],[34.67919,-11.14178]]},"properties":{"id":767320605,"cls":"path","hw":"path","tg":"na","name":"","ref":"","surface":"","sc":"unknown","speed":null,"lit":"unk","km":0.319}},
{"type":"Feature","geometry":{"type":"LineString","coordinates":[[34.67665,-11.14297],[34.67623,-11.14353],[34.67567,-11.1439],[34.67505,-11.1441]]},"properties":{"id":767320606,"cls":"path","hw":"path","tg":"na","name":"","ref":"","surface":"","sc":"unknown","speed":null,"lit":"unk","km":0.222}},
{"type":"Feature","geometry":{"type":"LineString","coordinates":[[34.67541,-11.14252],[34.67541,-11.14275],[34.67535,-11.14309],[34.67499,-11.14382]]},"properties":{"id":767320607,"cls":"path","hw":"path","tg":"na","name":"","ref":"","surface":"","sc":"unknown","speed":null,"lit":"unk","km":0.154}},
{"type":"Feature","geometry":{"type":"LineString","coordinates":[[34.67939,-11.1439],[34.6795,-11.14365],[34.67988,-11.14302],[34.68002,-11.14263],[34.68033,-11.14221],[34.68039,-11.14201]]},"properties":{"id":767320608,"cls":"path","hw":"path","tg":"na","name":"","ref":"","surface":"","sc":"unknown","speed":null,"lit":"unk","km":0.239}},
{"type":"Feature","geometry":{"type":"LineString","coordinates":[[34.68257,-11.14335],[34.6824,-11.14375],[34.68203,-11.14428],[34.68181,-11.14462],[34.68169,-11.14489],[34.68154,-11.14512],[34.68145,-11.14532],[34.68124,-11.14576],[34.68109,-11.1459],[34.68102,-11.14605],[34.68098,-11.14639],[34.68085,-11.14642],[34.68071,-11.14684],[34.68047,-11.14703],[34.68031,-11.14711],[34.68014,-11.14744],[34.67998,-11.14757],[34.67953,-11.14775]]},"properties":{"id":767320615,"cls":"path","hw":"path","tg":"na","name":"","ref":"","surface":"","sc":"unknown","speed":null,"lit":"unk","km":0.619}},
{"type":"Feature","geometry":{"type":"LineString","coordinates":[[34.68024,-11.14809],[34.68049,-11.14805],[34.68064,-11.14798],[34.68097,-11.14797],[34.68132,-11.14752],[34.68127,-11.14738],[34.68174,-11.14685],[34.68216,-11.14641],[34.6824,-11.14627],[34.68253,-11.14626],[34.68268,-11.14636],[34.68283,-11.1465],[34.68303,-11.14653],[34.68313,-11.1465],[34.68326,-11.14662],[34.68334,-11.14673],[34.68353,-11.14676],[34.68377,-11.14678],[34.68413,-11.14685],[34.6842,-11.14681],[34.68433,-11.14683],[34.68445,-11.14691],[34.68481,-11.14724],[34.68514,-11.14753],[34.68532,-11.14754],[34.6856,-11.14765],[34.68555,-11.14789]]},"properties":{"id":767320616,"cls":"path","hw":"path","tg":"na","name":"","ref":"","surface":"","sc":"unknown","speed":null,"lit":"unk","km":0.77}},
{"type":"Feature","geometry":{"type":"LineString","coordinates":[[34.6824,-11.14627],[34.68225,-11.14613],[34.68212,-11.1459],[34.68191,-11.14566],[34.68169,-11.14528],[34.68154,-11.14512]]},"properties":{"id":767320618,"cls":"path","hw":"path","tg":"na","name":"","ref":"","surface":"","sc":"unknown","speed":null,"lit":"unk","km":0.16}},
{"type":"Feature","geometry":{"type":"LineString","coordinates":[[34.67925,-11.14765],[34.67916,-11.14728],[34.67921,-11.14713],[34.67913,-11.1466],[34.67914,-11.14646],[34.67908,-11.14603],[34.67905,-11.14567],[34.67913,-11.14532],[34.67926,-11.14507],[34.67954,-11.14482],[34.67971,-11.14459],[34.67974,-11.14405]]},"properties":{"id":767320620,"cls":"path","hw":"path","tg":"na","name":"","ref":"","surface":"","sc":"unknown","speed":null,"lit":"unk","km":0.428}},
{"type":"Feature","geometry":{"type":"LineString","coordinates":[[34.67904,-11.14388],[34.67887,-11.14396],[34.67873,-11.14407],[34.67862,-11.14405],[34.67851,-11.14406],[34.6783,-11.14435],[34.67796,-11.14484],[34.67777,-11.14524],[34.67762,-11.14539]]},"properties":{"id":767320621,"cls":"path","hw":"path","tg":"na","name":"","ref":"","surface":"","sc":"unknown","speed":null,"lit":"unk","km":0.242}},
{"type":"Feature","geometry":{"type":"LineString","coordinates":[[34.6747,-11.1415],[34.67437,-11.14124],[34.67372,-11.14075],[34.67212,-11.1402],[34.67209,-11.14019],[34.67094,-11.13963],[34.6709,-11.13961],[34.66899,-11.13877],[34.66864,-11.13855],[34.66809,-11.13822],[34.66773,-11.138]]},"properties":{"id":767320630,"cls":"path","hw":"path","tg":"na","name":"","ref":"","surface":"","sc":"unknown","speed":null,"lit":"unk","km":0.859}},
{"type":"Feature","geometry":{"type":"LineString","coordinates":[[34.66899,-11.13877],[34.66915,-11.13848],[34.6694,-11.13819],[34.66984,-11.13771],[34.67033,-11.13715],[34.67035,-11.1371],[34.67038,-11.13704],[34.6707,-11.13666],[34.67119,-11.1361],[34.67165,-11.13549],[34.67198,-11.13513],[34.67211,-11.13516],[34.67233,-11.1349]]},"properties":{"id":767320631,"cls":"residential","hw":"residential","tg":"na","name":"","ref":"","surface":"","sc":"unknown","speed":null,"lit":"unk","km":0.573}},
{"type":"Feature","geometry":{"type":"LineString","coordinates":[[34.67447,-11.13689],[34.67494,-11.1372],[34.67505,-11.13727],[34.67503,-11.13741],[34.67497,-11.13764],[34.67485,-11.13782],[34.67474,-11.13808],[34.67461,-11.13832],[34.6746,-11.13834],[34.67458,-11.13844],[34.6746,-11.13853],[34.6745,-11.13888],[34.67432,-11.1393],[34.67411,-11.13973],[34.67401,-11.14012],[34.67376,-11.14065],[34.67372,-11.14075]]},"properties":{"id":767320633,"cls":"residential","hw":"residential","tg":"na","name":"","ref":"","surface":"","sc":"unknown","speed":null,"lit":"unk","km":0.493}},
{"type":"Feature","geometry":{"type":"LineString","coordinates":[[34.67207,-11.13684],[34.67208,-11.137],[34.67218,-11.13733],[34.67215,-11.13747],[34.67213,-11.13771],[34.67204,-11.13786],[34.67198,-11.13806],[34.67172,-11.1383],[34.67144,-11.13875],[34.67094,-11.13963],[34.67072,-11.13999],[34.67043,-11.14057]]},"properties":{"id":767320637,"cls":"path","hw":"path","tg":"na","name":"","ref":"","surface":"","sc":"unknown","speed":null,"lit":"unk","km":0.469}},
{"type":"Feature","geometry":{"type":"LineString","coordinates":[[34.67151,-11.14106],[34.67162,-11.14086],[34.67183,-11.14058],[34.67203,-11.14026],[34.67209,-11.14019],[34.67217,-11.14002],[34.67234,-11.13966],[34.67244,-11.13946],[34.67266,-11.13922],[34.67278,-11.13904],[34.67296,-11.13872],[34.67308,-11.13857],[34.67312,-11.13843],[34.67317,-11.13832],[34.67333,-11.13821],[34.67346,-11.13801],[34.67352,-11.13786],[34.67356,-11.13778]]},"properties":{"id":767320638,"cls":"path","hw":"path","tg":"na","name":"","ref":"","surface":"","sc":"unknown","speed":null,"lit":"unk","km":0.432}},
{"type":"Feature","geometry":{"type":"LineString","coordinates":[[34.66773,-11.138],[34.6673,-11.1377],[34.66668,-11.13723],[34.66618,-11.13677],[34.66586,-11.13655],[34.66535,-11.13618],[34.66494,-11.13593]]},"properties":{"id":767320639,"cls":"path","hw":"path","tg":"na","name":"","ref":"","surface":"","sc":"unknown","speed":null,"lit":"unk","km":0.382}},
{"type":"Feature","geometry":{"type":"LineString","coordinates":[[34.66494,-11.13593],[34.66468,-11.13628],[34.66437,-11.13672],[34.66416,-11.13695],[34.66407,-11.13722],[34.66399,-11.13741],[34.66367,-11.13764]]},"properties":{"id":767320640,"cls":"path","hw":"path","tg":"na","name":"","ref":"","surface":"","sc":"unknown","speed":null,"lit":"unk","km":0.24}},
{"type":"Feature","geometry":{"type":"LineString","coordinates":[[34.66416,-11.13695],[34.66383,-11.1369],[34.66353,-11.1369],[34.66323,-11.137],[34.66294,-11.13706]]},"properties":{"id":767320641,"cls":"path","hw":"path","tg":"na","name":"","ref":"","surface":"","sc":"unknown","speed":null,"lit":"unk","km":0.136}},
{"type":"Feature","geometry":{"type":"LineString","coordinates":[[34.66494,-11.13593],[34.66525,-11.13552],[34.66557,-11.13524],[34.66591,-11.13488],[34.66607,-11.13459],[34.66609,-11.13452],[34.66612,-11.13442],[34.66623,-11.13418],[34.66634,-11.13403],[34.66635,-11.13389],[34.66613,-11.13368],[34.66591,-11.13364],[34.66564,-11.13358],[34.66549,-11.13342],[34.66526,-11.13335],[34.66502,-11.13325],[34.66485,-11.1331],[34.66467,-11.13295],[34.66466,-11.13287],[34.66464,-11.13278],[34.66461,-11.13248],[34.6648,-11.1322],[34.66497,-11.1319],[34.66499,-11.13186],[34.66505,-11.13175],[34.66519,-11.1315],[34.66524,-11.13145]]},"properties":{"id":767320642,"cls":"path","hw":"path","tg":"na","name":"","ref":"","surface":"","sc":"unknown","speed":null,"lit":"unk","km":0.684}},
{"type":"Feature","geometry":{"type":"LineString","coordinates":[[34.66955,-11.13303],[34.66938,-11.13313],[34.66924,-11.13322],[34.66917,-11.13332],[34.66911,-11.13356],[34.66899,-11.13367],[34.66884,-11.13398],[34.66872,-11.13431],[34.66857,-11.13464],[34.66853,-11.13485],[34.66847,-11.13495],[34.66829,-11.1352],[34.66817,-11.13546],[34.66814,-11.13569],[34.66814,-11.13591],[34.66823,-11.13625],[34.66832,-11.13653],[34.66832,-11.13677],[34.66824,-11.13711],[34.66797,-11.13776]]},"properties":{"id":767337041,"cls":"path","hw":"path","tg":"na","name":"","ref":"","surface":"","sc":"unknown","speed":null,"lit":"unk","km":0.584}},
{"type":"Feature","geometry":{"type":"LineString","coordinates":[[34.66864,-11.13855],[34.66845,-11.1386],[34.66825,-11.13862],[34.66791,-11.13881],[34.66774,-11.13904]]},"properties":{"id":767337042,"cls":"path","hw":"path","tg":"na","name":"","ref":"","surface":"","sc":"unknown","speed":null,"lit":"unk","km":0.118}},
{"type":"Feature","geometry":{"type":"LineString","coordinates":[[34.67269,-11.13745],[34.67251,-11.13765],[34.6723,-11.13758],[34.67215,-11.13747],[34.67202,-11.13741],[34.67157,-11.13724],[34.67143,-11.1373],[34.67115,-11.13762],[34.67109,-11.13761],[34.67078,-11.13742],[34.67066,-11.13736],[34.67051,-11.13726],[34.67035,-11.1371],[34.67019,-11.13697],[34.67012,-11.13692],[34.67003,-11.13691],[34.67001,-11.13692],[34.66993,-11.13697],[34.66939,-11.13655],[34.66926,-11.13636],[34.66911,-11.13624]]},"properties":{"id":767337043,"cls":"path","hw":"path","tg":"na","name":"","ref":"","surface":"","sc":"unknown","speed":null,"lit":"unk","km":0.489}},
{"type":"Feature","geometry":{"type":"LineString","coordinates":[[34.66494,-11.13593],[34.66455,-11.13566],[34.66376,-11.13535],[34.66251,-11.13477],[34.6621,-11.1346],[34.66176,-11.13444],[34.6608,-11.13412],[34.66008,-11.13387],[34.65955,-11.1338],[34.65906,-11.13379],[34.65894,-11.13372],[34.65838,-11.13345],[34.65783,-11.13301],[34.6576,-11.1328],[34.65708,-11.13244],[34.65653,-11.13206],[34.65594,-11.13155],[34.65526,-11.1308],[34.65444,-11.12968],[34.65418,-11.1292]]},"properties":{"id":767337061,"cls":"path","hw":"path","tg":"na","name":"","ref":"","surface":"","sc":"unknown","speed":null,"lit":"unk","km":1.44}},
{"type":"Feature","geometry":{"type":"LineString","coordinates":[[34.65709,-11.1342],[34.65725,-11.13378],[34.65743,-11.13341],[34.6576,-11.1328],[34.6576,-11.1325],[34.65762,-11.13228],[34.65779,-11.13198],[34.65776,-11.13176],[34.65796,-11.13129],[34.65802,-11.13106],[34.65802,-11.13078],[34.65803,-11.13071],[34.65817,-11.13022],[34.65832,-11.12986],[34.65845,-11.12957]]},"properties":{"id":767337062,"cls":"path","hw":"path","tg":"na","name":"","ref":"","surface":"","sc":"unknown","speed":null,"lit":"unk","km":0.544}},
{"type":"Feature","geometry":{"type":"LineString","coordinates":[[34.65925,-11.13511],[34.65912,-11.13465],[34.65902,-11.13411],[34.65894,-11.13372],[34.65893,-11.13356],[34.65904,-11.13327],[34.65912,-11.13308],[34.65929,-11.13263],[34.65934,-11.13238],[34.6593,-11.13204],[34.65922,-11.13179],[34.65922,-11.13159],[34.65927,-11.13133],[34.65931,-11.13111],[34.65924,-11.13077]]},"properties":{"id":767337063,"cls":"path","hw":"path","tg":"na","name":"","ref":"","surface":"","sc":"unknown","speed":null,"lit":"unk","km":0.497}},
{"type":"Feature","geometry":{"type":"LineString","coordinates":[[34.66036,-11.13545],[34.6605,-11.1349],[34.66053,-11.13477],[34.66066,-11.13462],[34.6608,-11.13412],[34.66085,-11.13365],[34.66089,-11.13332],[34.66117,-11.13285],[34.66151,-11.1324],[34.66171,-11.13199],[34.66181,-11.13188],[34.66202,-11.13166],[34.66221,-11.13141],[34.66249,-11.131],[34.66278,-11.1306],[34.6629,-11.13051]]},"properties":{"id":767337064,"cls":"residential","hw":"residential","tg":"na","name":"","ref":"","surface":"","sc":"unknown","speed":null,"lit":"unk","km":0.631}},
{"type":"Feature","geometry":{"type":"LineString","coordinates":[[34.66213,-11.13001],[34.66199,-11.13017],[34.6616,-11.13048],[34.66128,-11.13076],[34.66119,-11.13081],[34.66101,-11.13116],[34.6609,-11.13151],[34.66087,-11.13163],[34.66091,-11.13176],[34.66084,-11.13202],[34.66096,-11.13218],[34.66101,-11.13239],[34.66103,-11.13267],[34.66109,-11.13272],[34.66117,-11.13285]]},"properties":{"id":767337065,"cls":"path","hw":"path","tg":"na","name":"","ref":"","surface":"","sc":"unknown","speed":null,"lit":"unk","km":0.382}},
{"type":"Feature","geometry":{"type":"LineString","coordinates":[[34.66181,-11.13188],[34.66169,-11.13189],[34.66148,-11.13183],[34.6613,-11.13172],[34.66117,-11.13168],[34.66087,-11.13163],[34.66078,-11.13161],[34.66056,-11.13151],[34.66043,-11.13144],[34.66017,-11.1311],[34.66015,-11.13106],[34.66011,-11.1309],[34.66013,-11.13079],[34.65995,-11.13056],[34.65983,-11.1304],[34.65966,-11.13027],[34.65954,-11.13026]]},"properties":{"id":767337066,"cls":"path","hw":"path","tg":"na","name":"","ref":"","surface":"","sc":"unknown","speed":null,"lit":"unk","km":0.335}},
{"type":"Feature","geometry":{"type":"LineString","coordinates":[[34.65924,-11.13077],[34.6593,-11.13076],[34.65943,-11.13041],[34.65954,-11.13026],[34.65951,-11.12996],[34.65946,-11.12962],[34.65942,-11.12955],[34.65938,-11.12926],[34.65952,-11.12911],[34.65958,-11.12888]]},"properties":{"id":767337067,"cls":"residential","hw":"residential","tg":"na","name":"","ref":"","surface":"","sc":"unknown","speed":null,"lit":"unk","km":0.231}},
{"type":"Feature","geometry":{"type":"LineString","coordinates":[[34.65576,-11.12723],[34.65606,-11.12742],[34.65641,-11.12763],[34.65668,-11.12786],[34.65704,-11.12809],[34.65713,-11.12821],[34.65716,-11.12825],[34.65731,-11.12854],[34.65776,-11.12895],[34.65796,-11.12914],[34.65833,-11.12944],[34.65845,-11.12957],[34.65874,-11.12975],[34.6588,-11.1298],[34.65884,-11.12984],[34.65897,-11.12985],[34.65903,-11.12979],[34.65924,-11.12987],[34.65951,-11.12996]]},"properties":{"id":767337068,"cls":"residential","hw":"residential","tg":"na","name":"","ref":"","surface":"","sc":"unknown","speed":null,"lit":"unk","km":0.529}},
{"type":"Feature","geometry":{"type":"LineString","coordinates":[[34.6588,-11.1298],[34.65867,-11.13],[34.65864,-11.13016],[34.65878,-11.13033],[34.6589,-11.13043],[34.65899,-11.13061],[34.65911,-11.13069],[34.65924,-11.13077]]},"properties":{"id":767337069,"cls":"residential","hw":"residential","tg":"na","name":"","ref":"","surface":"","sc":"unknown","speed":null,"lit":"unk","km":0.141}},
{"type":"Feature","geometry":{"type":"LineString","coordinates":[[34.65966,-11.13027],[34.65985,-11.13013],[34.65994,-11.13],[34.66009,-11.1298],[34.66035,-11.12948],[34.66048,-11.12938]]},"properties":{"id":767337070,"cls":"path","hw":"path","tg":"na","name":"","ref":"","surface":"","sc":"unknown","speed":null,"lit":"unk","km":0.135}},
{"type":"Feature","geometry":{"type":"LineString","coordinates":[[34.66101,-11.13024],[34.66087,-11.12975],[34.66076,-11.12986],[34.6607,-11.12978]]},"properties":{"id":767337071,"cls":"path","hw":"path","tg":"na","name":"","ref":"","surface":"","sc":"unknown","speed":null,"lit":"unk","km":0.085}},
{"type":"Feature","geometry":{"type":"LineString","coordinates":[[34.65845,-11.12957],[34.65857,-11.12947],[34.65871,-11.12928],[34.65875,-11.12926],[34.65878,-11.12928],[34.65903,-11.12902],[34.65926,-11.12875]]},"properties":{"id":767337072,"cls":"path","hw":"path","tg":"na","name":"","ref":"","surface":"","sc":"unknown","speed":null,"lit":"unk","km":0.131}},
{"type":"Feature","geometry":{"type":"LineString","coordinates":[[34.65958,-11.12888],[34.65968,-11.12865]]},"properties":{"id":767337073,"cls":"residential","hw":"residential","tg":"na","name":"","ref":"","surface":"","sc":"unknown","speed":null,"lit":"unk","km":0.028}},
{"type":"Feature","geometry":{"type":"LineString","coordinates":[[34.65942,-11.1288],[34.65954,-11.12853],[34.65968,-11.12813],[34.65988,-11.12775],[34.65988,-11.12766],[34.65995,-11.12754],[34.66012,-11.12712],[34.66023,-11.127],[34.66033,-11.12664],[34.66038,-11.12644],[34.66052,-11.12625],[34.66063,-11.12603],[34.6606,-11.12594],[34.66072,-11.12573],[34.66073,-11.12566],[34.66088,-11.12544],[34.66099,-11.12517],[34.66101,-11.12511],[34.66097,-11.12503]]},"properties":{"id":767337074,"cls":"path","hw":"path","tg":"na","name":"","ref":"","surface":"","sc":"unknown","speed":null,"lit":"unk","km":0.462}},
{"type":"Feature","geometry":{"type":"LineString","coordinates":[[34.65538,-11.12755],[34.65556,-11.12761],[34.65565,-11.12767],[34.65576,-11.12766],[34.6559,-11.12768],[34.65601,-11.12775],[34.65632,-11.12785],[34.6564,-11.12792],[34.65652,-11.12796],[34.65671,-11.12804],[34.65691,-11.12812],[34.65713,-11.12821]]},"properties":{"id":767337075,"cls":"path","hw":"path","tg":"na","name":"","ref":"","surface":"","sc":"unknown","speed":null,"lit":"unk","km":0.208}},
{"type":"Feature","geometry":{"type":"LineString","coordinates":[[34.65776,-11.12895],[34.65734,-11.12942],[34.65725,-11.12966],[34.65706,-11.13003],[34.6569,-11.13025],[34.65691,-11.13029],[34.65752,-11.13053],[34.65754,-11.1305],[34.65772,-11.13055],[34.65803,-11.13071]]},"properties":{"id":767337076,"cls":"path","hw":"path","tg":"na","name":"","ref":"","surface":"","sc":"unknown","speed":null,"lit":"unk","km":0.313}},
{"type":"Feature","geometry":{"type":"LineString","coordinates":[[34.66015,-11.12917],[34.66031,-11.12893],[34.6604,-11.1287],[34.66049,-11.12857],[34.66059,-11.12849],[34.66066,-11.12827],[34.66081,-11.12806],[34.66094,-11.12795],[34.66103,-11.12787]]},"properties":{"id":767337077,"cls":"path","hw":"path","tg":"na","name":"","ref":"","surface":"","sc":"unknown","speed":null,"lit":"unk","km":0.177}},
{"type":"Feature","geometry":{"type":"LineString","coordinates":[[34.66146,-11.13608],[34.66168,-11.13584],[34.66191,-11.13566],[34.66219,-11.13514],[34.66251,-11.13477],[34.66318,-11.13416],[34.66357,-11.13387],[34.66401,-11.13323],[34.66414,-11.13286],[34.66421,-11.13276],[34.66461,-11.13248]]},"properties":{"id":767337079,"cls":"path","hw":"path","tg":"na","name":"","ref":"","surface":"","sc":"unknown","speed":null,"lit":"unk","km":0.537}},
{"type":"Feature","geometry":{"type":"LineString","coordinates":[[34.66262,-11.13269],[34.66248,-11.13291],[34.66236,-11.13313],[34.66227,-11.13353],[34.66221,-11.13386],[34.66213,-11.13421],[34.6621,-11.1346],[34.66212,-11.13486],[34.66219,-11.13514]]},"properties":{"id":767337080,"cls":"path","hw":"path","tg":"na","name":"","ref":"","surface":"","sc":"unknown","speed":null,"lit":"unk","km":0.284}},
{"type":"Feature","geometry":{"type":"LineString","coordinates":[[34.66401,-11.13323],[34.66426,-11.13317],[34.66441,-11.13303],[34.66454,-11.13293],[34.66466,-11.13287]]},"properties":{"id":767337081,"cls":"path","hw":"path","tg":"na","name":"","ref":"","surface":"","sc":"unknown","speed":null,"lit":"unk","km":0.083}},
{"type":"Feature","geometry":{"type":"LineString","coordinates":[[34.66853,-11.13485],[34.66839,-11.13482],[34.66795,-11.13488],[34.66778,-11.13496],[34.66745,-11.13495],[34.66725,-11.1349],[34.66712,-11.13498],[34.66683,-11.13497],[34.66645,-11.13466],[34.66627,-11.13457],[34.66609,-11.13452]]},"properties":{"id":767337082,"cls":"path","hw":"path","tg":"na","name":"","ref":"","surface":"","sc":"unknown","speed":null,"lit":"unk","km":0.288}},
{"type":"Feature","geometry":{"type":"LineString","coordinates":[[34.65418,-11.1292],[34.65406,-11.1288],[34.6539,-11.1283],[34.65376,-11.12801],[34.65358,-11.12758]]},"properties":{"id":767337100,"cls":"path","hw":"path","tg":"na","name":"","ref":"","surface":"","sc":"unknown","speed":null,"lit":"unk","km":0.192}},
{"type":"Feature","geometry":{"type":"LineString","coordinates":[[34.65797,-11.12754],[34.65811,-11.12749],[34.65824,-11.12735],[34.65859,-11.12711],[34.65878,-11.1268],[34.65889,-11.12672],[34.65896,-11.12674],[34.65918,-11.1265]]},"properties":{"id":767337101,"cls":"track","hw":"track","tg":"none","name":"","ref":"","surface":"","sc":"unknown","speed":null,"lit":"unk","km":0.183}},
{"type":"Feature","geometry":{"type":"LineString","coordinates":[[34.66015,-11.13106],[34.66009,-11.1311],[34.66005,-11.13109],[34.66002,-11.13109],[34.65991,-11.13108],[34.65981,-11.13111],[34.65942,-11.13091],[34.65932,-11.13081],[34.6593,-11.13076]]},"properties":{"id":767337102,"cls":"residential","hw":"residential","tg":"na","name":"","ref":"","surface":"","sc":"unknown","speed":null,"lit":"unk","km":0.109}},
{"type":"Feature","geometry":{"type":"LineString","coordinates":[[34.65995,-11.13056],[34.65981,-11.13069],[34.65974,-11.13078],[34.65974,-11.13081]]},"properties":{"id":767337103,"cls":"path","hw":"path","tg":"na","name":"","ref":"","surface":"","sc":"unknown","speed":null,"lit":"unk","km":0.037}},
{"type":"Feature","geometry":{"type":"LineString","coordinates":[[34.6593,-11.13204],[34.65943,-11.13192],[34.65955,-11.13174],[34.65974,-11.13153],[34.65985,-11.13139],[34.65989,-11.13128],[34.66003,-11.13116],[34.66005,-11.13109]]},"properties":{"id":767337104,"cls":"path","hw":"path","tg":"na","name":"","ref":"","surface":"","sc":"unknown","speed":null,"lit":"unk","km":0.136}},
{"type":"Feature","geometry":{"type":"LineString","coordinates":[[34.65955,-11.1338],[34.65978,-11.13343],[34.66003,-11.13306],[34.66019,-11.13279],[34.66047,-11.13248],[34.6607,-11.13221],[34.66076,-11.13204],[34.66084,-11.13202]]},"properties":{"id":767337105,"cls":"track","hw":"track","tg":"none","name":"","ref":"","surface":"","sc":"unknown","speed":null,"lit":"unk","km":0.246}},
{"type":"Feature","geometry":{"type":"LineString","coordinates":[[34.6629,-11.13211],[34.66329,-11.13229],[34.6634,-11.13236],[34.66367,-11.13243],[34.66383,-11.13254],[34.66398,-11.13256],[34.66421,-11.13276]]},"properties":{"id":767337107,"cls":"path","hw":"path","tg":"na","name":"","ref":"","surface":"","sc":"unknown","speed":null,"lit":"unk","km":0.163}},
{"type":"Feature","geometry":{"type":"LineString","coordinates":[[34.66262,-11.13269],[34.66268,-11.13248],[34.66279,-11.13223],[34.6629,-11.13211]]},"properties":{"id":767337108,"cls":"path","hw":"path","tg":"na","name":"","ref":"","surface":"","sc":"unknown","speed":null,"lit":"unk","km":0.072}},
{"type":"Feature","geometry":{"type":"LineString","coordinates":[[34.66367,-11.1311],[34.66329,-11.13156],[34.66314,-11.13177],[34.6629,-11.13211],[34.66252,-11.13183],[34.66233,-11.13164],[34.66202,-11.13166]]},"properties":{"id":767337109,"cls":"path","hw":"path","tg":"na","name":"","ref":"","surface":"","sc":"unknown","speed":null,"lit":"unk","km":0.256}},
{"type":"Feature","geometry":{"type":"LineString","coordinates":[[34.62651,-11.02647],[34.62653,-11.02633],[34.62651,-11.02584],[34.62648,-11.02561],[34.62651,-11.02541],[34.62655,-11.02505],[34.62656,-11.02481]]},"properties":{"id":769703803,"cls":"path","hw":"path","tg":"na","name":"","ref":"","surface":"","sc":"unknown","speed":null,"lit":"unk","km":0.185}},
{"type":"Feature","geometry":{"type":"LineString","coordinates":[[34.62729,-11.02503],[34.62705,-11.02507],[34.62655,-11.02505],[34.62623,-11.02503],[34.62593,-11.02501],[34.62559,-11.02479]]},"properties":{"id":769703804,"cls":"path","hw":"path","tg":"na","name":"","ref":"","surface":"","sc":"unknown","speed":null,"lit":"unk","km":0.193}},
{"type":"Feature","geometry":{"type":"LineString","coordinates":[[34.62548,-11.02513],[34.62526,-11.02555]]},"properties":{"id":769703805,"cls":"residential","hw":"residential","tg":"na","name":"","ref":"","surface":"","sc":"unknown","speed":null,"lit":"unk","km":0.053}},
{"type":"Feature","geometry":{"type":"LineString","coordinates":[[34.62516,-11.02568],[34.62499,-11.02586],[34.62454,-11.02602],[34.62435,-11.02613],[34.62417,-11.0264],[34.624,-11.02672],[34.6238,-11.02678],[34.6237,-11.02684],[34.62363,-11.02698],[34.62354,-11.02718],[34.62359,-11.02731],[34.62372,-11.02749],[34.62377,-11.02765],[34.62379,-11.02779]]},"properties":{"id":769703806,"cls":"path","hw":"path","tg":"na","name":"","ref":"","surface":"","sc":"unknown","speed":null,"lit":"unk","km":0.331}},
{"type":"Feature","geometry":{"type":"LineString","coordinates":[[34.80157,-11.28407],[34.80113,-11.28418]]},"properties":{"id":1021388233,"cls":"service","hw":"service","tg":"na","name":"","ref":"","surface":"unpaved","sc":"unpaved","speed":null,"lit":"unk","km":0.05}},
{"type":"Feature","geometry":{"type":"LineString","coordinates":[[34.80143,-11.28467],[34.80117,-11.28423],[34.80113,-11.28418],[34.80109,-11.2839],[34.80108,-11.28365],[34.80099,-11.28349]]},"properties":{"id":1021388234,"cls":"service","hw":"service","tg":"na","name":"","ref":"","surface":"unpaved","sc":"unpaved","speed":null,"lit":"unk","km":0.143}},
{"type":"Feature","geometry":{"type":"LineString","coordinates":[[34.80698,-11.3029],[34.8069,-11.30299],[34.80682,-11.30309],[34.80672,-11.30317],[34.8065,-11.30332],[34.8063,-11.30344],[34.80621,-11.30348],[34.80613,-11.30352],[34.80599,-11.3036],[34.80583,-11.30362],[34.80569,-11.30363],[34.8056,-11.30367],[34.80543,-11.30375],[34.80539,-11.30378],[34.80533,-11.30379],[34.80525,-11.30376],[34.80513,-11.3037],[34.80501,-11.30367],[34.80484,-11.30364],[34.80471,-11.30363],[34.80421,-11.30354],[34.80385,-11.30358],[34.80367,-11.30367],[34.80322,-11.30399],[34.80301,-11.30418],[34.8029,-11.30443],[34.80247,-11.30502],[34.80239,-11.30525],[34.8024,-11.30549],[34.80248,-11.30573],[34.8025,-11.30592],[34.80254,-11.30612],[34.80278,-11.30649],[34.8029,-11.30673],[34.80298,-11.30704],[34.80308,-11.30741],[34.80311,-11.30765]]},"properties":{"id":1284883093,"cls":"residential","hw":"residential","tg":"na","name":"","ref":"","surface":"","sc":"unknown","speed":null,"lit":"unk","km":0.91}},
{"type":"Feature","geometry":{"type":"LineString","coordinates":[[34.622,-11.03772],[34.62193,-11.03775],[34.62186,-11.03778],[34.62179,-11.03782],[34.62172,-11.03786],[34.62162,-11.03795],[34.62159,-11.03798],[34.62156,-11.038],[34.62153,-11.03802],[34.62149,-11.03804],[34.62145,-11.03805],[34.62141,-11.03805],[34.6212,-11.03806],[34.62104,-11.03807],[34.62088,-11.03807]]},"properties":{"id":1359648200,"cls":"residential","hw":"residential","tg":"na","name":"","ref":"","surface":"unpaved","sc":"unpaved","speed":null,"lit":"unk","km":0.133}},
{"type":"Feature","geometry":{"type":"LineString","coordinates":[[34.62613,-11.04154],[34.62593,-11.04149],[34.62588,-11.04148],[34.62583,-11.04146],[34.62579,-11.04143],[34.62575,-11.0414],[34.62572,-11.04137],[34.62567,-11.04132],[34.62563,-11.04127],[34.62559,-11.04122],[34.62556,-11.04117],[34.62554,-11.04111],[34.62551,-11.04106],[34.62549,-11.041],[34.62546,-11.04095],[34.62542,-11.0409],[34.62538,-11.04086],[34.62517,-11.04065],[34.62511,-11.04061],[34.62505,-11.04056],[34.62496,-11.04051],[34.62487,-11.04046],[34.6248,-11.04043],[34.62474,-11.0404],[34.62467,-11.04035],[34.62461,-11.04031],[34.62454,-11.04026],[34.62448,-11.0402],[34.62442,-11.04015],[34.62436,-11.04009],[34.62426,-11.03999],[34.62421,-11.03995],[34.62416,-11.03993],[34.6241,-11.0399],[34.62404,-11.03988],[34.62398,-11.03986],[34.62384,-11.03983],[34.6237,-11.0398],[34.62357,-11.03977],[34.62344,-11.03975],[34.62338,-11.03974],[34.62332,-11.03972],[34.62327,-11.0397],[34.62322,-11.03967],[34.62317,-11.03963],[34.62303,-11.03955],[34.62292,-11.03949],[34.62287,-11.03946],[34.62282,-11.03944],[34.62274,-11.03939],[34.62267,-11.03933],[34.62261,-11.03926],[34.62253,-11.03918],[34.62246,-11.0391],[34.62243,-11.03906],[34.6224,-11.03901],[34.62237,-11.03895],[34.62234,-11.03889],[34.62232,-11.03882],[34.6223,-11.03876],[34.62227,-11.0387],[34.62223,-11.03865],[34.62218,-11.0386],[34.62213,-11.03856],[34.62208,-11.03853],[34.62203,-11.03851],[34.62198,-11.03848],[34.62194,-11.03845],[34.62189,-11.03841],[34.62185,-11.03837],[34.62181,-11.03832],[34.62174,-11.03821],[34.62162,-11.03795]]},"properties":{"id":1359648201,"cls":"residential","hw":"residential","tg":"na","name":"","ref":"","surface":"unpaved","sc":"unpaved","speed":null,"lit":"unk","km":0.663}}
]}